Time_abs/ps, Signal 1/nA, Ref.signal 1/nA, Signal 2/nA, Ref.signal 2/nA
  1600.000,    -0.003653,     0.007615,    -0.007533,
  1600.050,     0.003938,    -0.004646,    -0.002132,
  1600.100,    -0.002156,     0.011497,     0.001115,
  1600.150,    -0.008238,    -0.005388,     0.004283,
  1600.200,     0.010109,    -0.009079,     0.004268,
  1600.250,    -0.001359,    -0.022884,     0.006641,
  1600.300,     0.003487,    -0.011605,     0.006241,
  1600.350,    -0.017536,     0.000561,     0.008296,
  1600.400,     0.003432,     0.010459,    -0.002642,
  1600.450,    -0.014519,     0.008771,    -0.004130,
  1600.500,    -0.003887,    -0.000034,     0.005370,
  1600.550,    -0.014229,    -0.009125,     0.001810,
  1600.600,    -0.001397,    -0.021215,     0.002514,
  1600.650,    -0.008814,    -0.028924,    -0.008544,
  1600.700,    -0.009934,    -0.024922,    -0.002552,
  1600.750,     0.006474,    -0.033412,    -0.006453,
  1600.800,    -0.014165,    -0.027306,    -0.003988,
  1600.850,    -0.014252,    -0.001638,    -0.002255,
  1600.900,    -0.009635,    -0.017430,     0.003985,
  1600.950,    -0.025258,    -0.006954,    -0.001657,
  1601.000,    -0.024722,    -0.025601,     0.003868,
  1601.050,    -0.018460,    -0.025349,    -0.001625,
  1601.100,    -0.033749,    -0.009534,     0.007804,
  1601.150,    -0.031519,    -0.028449,     0.005818,
  1601.200,    -0.011261,    -0.018410,     0.004026,
  1601.250,    -0.018885,    -0.022588,    -0.000808,
  1601.300,    -0.027946,    -0.037640,     0.006826,
  1601.350,    -0.032825,    -0.024145,     0.004001,
  1601.400,    -0.019807,    -0.019708,     0.009953,
  1601.450,    -0.024538,    -0.036830,     0.008214,
  1601.500,    -0.009830,    -0.020360,     0.007021,
  1601.550,    -0.020809,    -0.021295,    -0.000201,
  1601.600,    -0.033322,    -0.019094,     0.001815,
  1601.650,    -0.023700,    -0.038961,    -0.005303,
  1601.700,    -0.012648,    -0.039712,    -0.005832,
  1601.750,    -0.029933,    -0.046448,     0.002080,
  1601.800,    -0.011143,    -0.049859,    -0.002882,
  1601.850,    -0.010238,    -0.056273,    -0.004724,
  1601.900,    -0.031213,    -0.066449,    -0.002241,
  1601.950,    -0.007662,    -0.072077,    -0.006190,
  1602.000,    -0.042694,    -0.063971,    -0.003306,
  1602.050,    -0.016785,    -0.049452,    -0.005220,
  1602.100,    -0.030760,    -0.059367,     0.005396,
  1602.150,    -0.012699,    -0.063293,    -0.004593,
  1602.200,    -0.017891,    -0.057947,     0.006010,
  1602.250,    -0.012830,    -0.047525,     0.002331,
  1602.300,    -0.021717,    -0.066134,     0.003466,
  1602.350,    -0.006021,    -0.074133,     0.010943,
  1602.400,     0.002664,    -0.077379,     0.004818,
  1602.450,    -0.008110,    -0.060169,     0.001905,
  1602.500,    -0.004730,    -0.080268,     0.001667,
  1602.550,    -0.014384,    -0.067907,     0.001238,
  1602.600,     0.002570,    -0.099132,     0.005677,
  1602.650,    -0.020677,    -0.079462,     0.001776,
  1602.700,    -0.022197,    -0.061615,     0.000431,
  1602.750,    -0.001584,    -0.055587,     0.002370,
  1602.800,    -0.020192,    -0.049285,    -0.001062,
  1602.850,    -0.007568,    -0.061351,     0.003701,
  1602.900,    -0.006688,    -0.051576,    -0.002216,
  1602.950,    -0.026664,    -0.030425,    -0.009383,
  1603.000,    -0.024102,    -0.045516,    -0.005629,
  1603.050,    -0.028928,    -0.046597,    -0.005867,
  1603.100,    -0.014206,    -0.041525,    -0.004042,
  1603.150,    -0.022417,    -0.058770,    -0.004969,
  1603.200,    -0.051691,    -0.067038,    -0.001816,
  1603.250,    -0.065185,    -0.060943,     0.001377,
  1603.300,    -0.042449,    -0.046130,     0.000092,
  1603.350,    -0.052882,    -0.044856,     0.003877,
  1603.400,    -0.033665,    -0.048941,     0.000975,
  1603.450,    -0.034976,    -0.057768,     0.003263,
  1603.500,    -0.034306,    -0.061647,     0.000481,
  1603.550,    -0.016596,    -0.072860,     0.004664,
  1603.600,    -0.016499,    -0.050958,     0.005317,
  1603.650,    -0.017006,    -0.058043,     0.003518,
  1603.700,    -0.014542,    -0.046480,     0.002261,
  1603.750,    -0.012943,    -0.039911,     0.003251,
  1603.800,    -0.009609,    -0.055079,     0.004852,
  1603.850,    -0.012166,    -0.055890,     0.005215,
  1603.900,    -0.017450,    -0.060794,     0.001866,
  1603.950,    -0.019048,    -0.056321,     0.003438,
  1604.000,    -0.019668,    -0.053461,    -0.002256,
  1604.050,    -0.025721,    -0.061511,    -0.000947,
  1604.100,    -0.040520,    -0.073083,     0.001522,
  1604.150,    -0.052111,    -0.058812,    -0.001507,
  1604.200,    -0.049347,    -0.056921,    -0.007249,
  1604.250,    -0.039485,    -0.052816,    -0.005245,
  1604.300,    -0.026699,    -0.051204,    -0.004826,
  1604.350,    -0.043743,    -0.050098,    -0.010013,
  1604.400,    -0.027401,    -0.051308,    -0.003666,
  1604.450,    -0.032732,    -0.055452,    -0.002737,
  1604.500,    -0.035034,    -0.068069,     0.000205,
  1604.550,    -0.019770,    -0.050001,    -0.008390,
  1604.600,    -0.005846,    -0.060544,    -0.006445,
  1604.650,    -0.019275,    -0.066102,    -0.001525,
  1604.700,     0.005377,    -0.067510,     0.004590,
  1604.750,    -0.001929,    -0.069713,    -0.000170,
  1604.800,    -0.005224,    -0.075049,     0.001287,
  1604.850,    -0.009168,    -0.068252,     0.009287,
  1604.900,    -0.012384,    -0.068048,     0.010941,
  1604.950,    -0.006044,    -0.057182,     0.004897,
  1605.000,    -0.025766,    -0.074073,     0.008976,
  1605.050,    -0.013208,    -0.073767,     0.007485,
  1605.100,    -0.017719,    -0.058804,     0.007831,
  1605.150,    -0.005217,    -0.074817,     0.006060,
  1605.200,    -0.013424,    -0.054424,     0.004657,
  1605.250,    -0.006979,    -0.059604,     0.000024,
  1605.300,    -0.021125,    -0.073760,     0.000954,
  1605.350,    -0.026408,    -0.080658,    -0.000027,
  1605.400,    -0.009469,    -0.064059,    -0.005545,
  1605.450,    -0.010596,    -0.066206,    -0.000826,
  1605.500,    -0.014588,    -0.061892,    -0.002708,
  1605.550,    -0.018604,    -0.056416,    -0.006425,
  1605.600,    -0.014574,    -0.060449,    -0.004860,
  1605.650,    -0.015913,    -0.062375,    -0.004777,
  1605.700,    -0.002460,    -0.064690,    -0.007144,
  1605.750,    -0.026945,    -0.067201,    -0.001302,
  1605.800,    -0.009034,    -0.053317,    -0.003900,
  1605.850,     0.001494,    -0.075328,    -0.003093,
  1605.900,    -0.005097,    -0.081720,    -0.007852,
  1605.950,     0.003110,    -0.084957,    -0.002926,
  1606.000,     0.002549,    -0.063255,    -0.005715,
  1606.050,    -0.009918,    -0.061329,     0.001407,
  1606.100,    -0.008395,    -0.043735,     0.003432,
  1606.150,     0.003299,    -0.050841,     0.006422,
  1606.200,     0.011193,    -0.062682,     0.005133,
  1606.250,    -0.004432,    -0.048538,     0.005288,
  1606.300,    -0.004112,    -0.051206,     0.011754,
  1606.350,     0.020010,    -0.056931,     0.013351,
  1606.400,     0.015215,    -0.061721,     0.005733,
  1606.450,     0.024122,    -0.077838,     0.010202,
  1606.500,     0.024238,    -0.075351,     0.009041,
  1606.550,     0.026425,    -0.045355,     0.009551,
  1606.600,     0.004103,    -0.075436,     0.006481,
  1606.650,     0.010305,    -0.075216,     0.004532,
  1606.700,     0.013017,    -0.067222,     0.008577,
  1606.750,     0.025842,    -0.063340,    -0.001571,
  1606.800,     0.007392,    -0.069187,    -0.002868,
  1606.850,    -0.004289,    -0.065506,    -0.002533,
  1606.900,     0.007352,    -0.051772,    -0.001360,
  1606.950,    -0.005113,    -0.049198,    -0.005951,
  1607.000,     0.001744,    -0.044549,    -0.011393,
  1607.050,     0.003364,    -0.057717,    -0.003365,
  1607.100,     0.008759,    -0.057853,    -0.007789,
  1607.150,     0.015964,    -0.075347,    -0.010841,
  1607.200,     0.017664,    -0.075670,    -0.010279,
  1607.250,     0.016626,    -0.067853,    -0.013885,
  1607.300,     0.011402,    -0.065862,    -0.006976,
  1607.350,     0.009892,    -0.091792,    -0.004023,
  1607.400,     0.019086,    -0.095613,    -0.003004,
  1607.450,     0.021217,    -0.089350,     0.001045,
  1607.500,     0.026630,    -0.075400,     0.001084,
  1607.550,     0.024184,    -0.104859,    -0.001501,
  1607.600,     0.049853,    -0.098777,     0.006217,
  1607.650,     0.047304,    -0.092790,     0.010188,
  1607.700,     0.036552,    -0.102410,     0.007451,
  1607.750,     0.040345,    -0.103796,     0.003416,
  1607.800,     0.034924,    -0.101278,     0.011154,
  1607.850,     0.025687,    -0.124529,     0.009292,
  1607.900,     0.031703,    -0.136633,     0.003760,
  1607.950,     0.041930,    -0.124998,     0.006308,
  1608.000,     0.041875,    -0.137278,     0.010034,
  1608.050,     0.018357,    -0.131250,     0.008891,
  1608.100,     0.026222,    -0.141260,     0.003766,
  1608.150,     0.034916,    -0.161652,     0.004254,
  1608.200,     0.031306,    -0.162870,    -0.002153,
  1608.250,     0.040185,    -0.156415,    -0.005215,
  1608.300,     0.043776,    -0.147483,    -0.005651,
  1608.350,     0.016392,    -0.147606,    -0.009196,
  1608.400,     0.011800,    -0.157783,    -0.003301,
  1608.450,     0.034568,    -0.149063,    -0.010726,
  1608.500,     0.037237,    -0.130967,    -0.007882,
  1608.550,     0.012474,    -0.132564,    -0.008392,
  1608.600,     0.035351,    -0.131408,    -0.002228,
  1608.650,     0.034825,    -0.119437,    -0.005343,
  1608.700,     0.019090,    -0.132012,    -0.009305,
  1608.750,     0.016113,    -0.130531,    -0.003933,
  1608.800,     0.039132,    -0.127366,     0.001347,
  1608.850,     0.040167,    -0.114349,    -0.004107,
  1608.900,     0.026402,    -0.118084,     0.001050,
  1608.950,     0.029892,    -0.108535,     0.003457,
  1609.000,     0.039415,    -0.122791,    -0.003365,
  1609.050,     0.050443,    -0.112637,     0.001383,
  1609.100,     0.030302,    -0.100752,     0.007225,
  1609.150,     0.031052,    -0.101737,     0.005028,
  1609.200,     0.054862,    -0.083625,     0.004563,
  1609.250,     0.023215,    -0.090299,     0.004377,
  1609.300,     0.039122,    -0.092264,     0.005920,
  1609.350,     0.029072,    -0.063074,     0.008831,
  1609.400,     0.026803,    -0.072413,     0.011530,
  1609.450,     0.042637,    -0.097468,     0.010637,
  1609.500,     0.046155,    -0.062004,     0.007533,
  1609.550,     0.037573,    -0.074665,     0.009759,
  1609.600,     0.038544,    -0.082541,     0.004198,
  1609.650,     0.049171,    -0.095405,     0.002387,
  1609.700,     0.036757,    -0.072481,     0.001400,
  1609.750,     0.030280,    -0.073364,    -0.001176,
  1609.800,     0.030280,    -0.048757,     0.000095,
  1609.850,     0.034886,    -0.050317,    -0.000827,
  1609.900,     0.024585,    -0.050132,    -0.002231,
  1609.950,     0.045118,    -0.052159,    -0.001452,
  1610.000,     0.052788,    -0.076507,    -0.005992,
  1610.050,     0.037108,    -0.090168,    -0.009266,
  1610.100,     0.024205,    -0.092489,    -0.005670,
  1610.150,     0.042102,    -0.092585,    -0.010329,
  1610.200,     0.018990,    -0.087222,    -0.004991,
  1610.250,     0.018142,    -0.102442,    -0.010334,
  1610.300,     0.022487,    -0.110517,    -0.007447,
  1610.350,     0.028813,    -0.117500,    -0.002617,
  1610.400,     0.020773,    -0.123959,    -0.000261,
  1610.450,     0.012676,    -0.132789,     0.000722,
  1610.500,     0.004407,    -0.137259,     0.001714,
  1610.550,     0.020817,    -0.141640,    -0.000428,
  1610.600,     0.023285,    -0.131035,    -0.002357,
  1610.650,     0.017538,    -0.137492,     0.000851,
  1610.700,     0.041113,    -0.131505,     0.007186,
  1610.750,     0.037504,    -0.161033,     0.001363,
  1610.800,     0.032367,    -0.172221,     0.002681,
  1610.850,     0.030423,    -0.194941,     0.004315,
  1610.900,     0.033771,    -0.172747,     0.002091,
  1610.950,     0.018350,    -0.179672,     0.008652,
  1611.000,     0.034550,    -0.196484,     0.005107,
  1611.050,     0.035345,    -0.217035,     0.003155,
  1611.100,     0.025306,    -0.213329,     0.006586,
  1611.150,     0.037169,    -0.239635,     0.007428,
  1611.200,     0.010815,    -0.240099,     0.002706,
  1611.250,     0.004955,    -0.215287,     0.001123,
  1611.300,     0.021430,    -0.217257,    -0.003462,
  1611.350,     0.013010,    -0.223915,     0.002137,
  1611.400,     0.002391,    -0.225158,     0.003411,
  1611.450,     0.007641,    -0.227445,     0.001312,
  1611.500,    -0.003135,    -0.219021,    -0.002112,
  1611.550,    -0.009453,    -0.196926,    -0.005431,
  1611.600,     0.000061,    -0.221091,     0.001363,
  1611.650,    -0.004586,    -0.212736,     0.001758,
  1611.700,    -0.008831,    -0.199161,    -0.000356,
  1611.750,    -0.009892,    -0.192209,    -0.003886,
  1611.800,    -0.018040,    -0.199529,    -0.007948,
  1611.850,    -0.015888,    -0.174264,    -0.003209,
  1611.900,     0.000935,    -0.168421,    -0.001407,
  1611.950,    -0.014177,    -0.185613,    -0.001473,
  1612.000,    -0.027365,    -0.193127,     0.001382,
  1612.050,    -0.033506,    -0.202004,    -0.002723,
  1612.100,    -0.034727,    -0.203686,    -0.005038,
  1612.150,    -0.026453,    -0.192196,    -0.000591,
  1612.200,    -0.045611,    -0.228909,     0.005486,
  1612.250,    -0.031504,    -0.217702,     0.001743,
  1612.300,    -0.033242,    -0.218946,    -0.001550,
  1612.350,    -0.030056,    -0.226065,    -0.000039,
  1612.400,    -0.020607,    -0.209106,    -0.005213,
  1612.450,    -0.025584,    -0.219318,     0.002027,
  1612.500,    -0.029981,    -0.206316,     0.005998,
  1612.550,    -0.017262,    -0.213026,    -0.000277,
  1612.600,    -0.025120,    -0.230964,    -0.001058,
  1612.650,    -0.024142,    -0.237960,     0.006930,
  1612.700,    -0.010497,    -0.240506,     0.004835,
  1612.750,    -0.014748,    -0.236160,    -0.000831,
  1612.800,     0.002240,    -0.233167,    -0.002528,
  1612.850,    -0.011096,    -0.256656,    -0.000954,
  1612.900,    -0.021756,    -0.239617,     0.001749,
  1612.950,     0.004674,    -0.245471,     0.004476,
  1613.000,     0.006128,    -0.262886,     0.005101,
  1613.050,    -0.002805,    -0.251333,     0.003231,
  1613.100,    -0.004612,    -0.256567,     0.003126,
  1613.150,    -0.007563,    -0.244889,     0.000073,
  1613.200,     0.014963,    -0.267568,     0.002795,
  1613.250,     0.009780,    -0.263436,     0.006351,
  1613.300,     0.036762,    -0.261406,     0.003602,
  1613.350,     0.022647,    -0.262316,     0.001753,
  1613.400,    -0.007575,    -0.263597,     0.004563,
  1613.450,     0.001023,    -0.263895,     0.002129,
  1613.500,     0.011144,    -0.253962,    -0.005810,
  1613.550,    -0.005505,    -0.267384,     0.000875,
  1613.600,    -0.011014,    -0.282852,     0.004520,
  1613.650,     0.025461,    -0.294390,    -0.001562,
  1613.700,     0.017798,    -0.269291,    -0.007320,
  1613.750,     0.003668,    -0.296063,    -0.005662,
  1613.800,     0.002557,    -0.295676,    -0.003361,
  1613.850,    -0.002537,    -0.290447,    -0.003963,
  1613.900,     0.004349,    -0.308364,    -0.005744,
  1613.950,     0.001002,    -0.311033,    -0.004467,
  1614.000,    -0.001978,    -0.298176,    -0.005824,
  1614.050,    -0.001176,    -0.320096,     0.000429,
  1614.100,     0.004342,    -0.327092,     0.000752,
  1614.150,     0.003064,    -0.336267,     0.001438,
  1614.200,     0.021403,    -0.347295,     0.001063,
  1614.250,     0.010628,    -0.345886,     0.001601,
  1614.300,    -0.001624,    -0.330335,     0.001949,
  1614.350,    -0.011476,    -0.335595,     0.001900,
  1614.400,     0.008265,    -0.326397,     0.005629,
  1614.450,     0.009784,    -0.335081,     0.008521,
  1614.500,     0.005967,    -0.341281,     0.010194,
  1614.550,    -0.009389,    -0.341916,     0.009511,
  1614.600,    -0.009255,    -0.342900,     0.006419,
  1614.650,    -0.019578,    -0.342125,     0.007847,
  1614.700,    -0.006055,    -0.318097,     0.008597,
  1614.750,     0.003355,    -0.315540,     0.005869,
  1614.800,    -0.006830,    -0.298863,     0.003176,
  1614.850,    -0.033854,    -0.298416,     0.008345,
  1614.900,    -0.025923,    -0.312369,     0.005800,
  1614.950,    -0.026582,    -0.298750,     0.007123,
  1615.000,    -0.048140,    -0.299329,     0.001293,
  1615.050,    -0.047769,    -0.316875,    -0.002873,
  1615.100,    -0.060100,    -0.339941,    -0.002198,
  1615.150,    -0.052017,    -0.354372,    -0.006498,
  1615.200,    -0.082355,    -0.349586,    -0.004815,
  1615.250,    -0.093775,    -0.375272,    -0.002871,
  1615.300,    -0.079002,    -0.391255,    -0.005098,
  1615.350,    -0.090304,    -0.412063,    -0.005142,
  1615.400,    -0.085733,    -0.422098,    -0.008889,
  1615.450,    -0.067076,    -0.408363,    -0.004409,
  1615.500,    -0.087191,    -0.404922,    -0.006744,
  1615.550,    -0.096474,    -0.411461,    -0.004906,
  1615.600,    -0.081602,    -0.401083,    -0.003872,
  1615.650,    -0.085010,    -0.408784,    -0.007655,
  1615.700,    -0.079637,    -0.415894,    -0.012847,
  1615.750,    -0.083106,    -0.406058,    -0.011130,
  1615.800,    -0.063037,    -0.429032,    -0.002521,
  1615.850,    -0.052592,    -0.454615,    -0.002017,
  1615.900,    -0.057391,    -0.455064,    -0.000904,
  1615.950,    -0.060734,    -0.455368,     0.012348,
  1616.000,    -0.052204,    -0.466990,     0.009185,
  1616.050,    -0.066535,    -0.474880,     0.007860,
  1616.100,    -0.053829,    -0.480263,     0.006473,
  1616.150,    -0.050148,    -0.480738,     0.004675,
  1616.200,    -0.062602,    -0.476577,     0.009415,
  1616.250,    -0.062952,    -0.483261,     0.013439,
  1616.300,    -0.074333,    -0.490949,     0.007308,
  1616.350,    -0.084447,    -0.490765,     0.005460,
  1616.400,    -0.084993,    -0.495713,     0.004923,
  1616.450,    -0.077625,    -0.492477,     0.003457,
  1616.500,    -0.081432,    -0.503176,     0.008144,
  1616.550,    -0.080592,    -0.526755,     0.009231,
  1616.600,    -0.080281,    -0.506274,     0.002354,
  1616.650,    -0.086946,    -0.492097,     0.001338,
  1616.700,    -0.084231,    -0.494707,    -0.001913,
  1616.750,    -0.115328,    -0.491688,    -0.003621,
  1616.800,    -0.114126,    -0.491173,    -0.006112,
  1616.850,    -0.099142,    -0.493725,    -0.008850,
  1616.900,    -0.103325,    -0.487156,    -0.009467,
  1616.950,    -0.096233,    -0.489569,    -0.007091,
  1617.000,    -0.103902,    -0.506868,    -0.008677,
  1617.050,    -0.110289,    -0.487291,    -0.010404,
  1617.100,    -0.117377,    -0.474220,    -0.006866,
  1617.150,    -0.114609,    -0.483483,    -0.007207,
  1617.200,    -0.113178,    -0.473541,    -0.009075,
  1617.250,    -0.117467,    -0.474562,    -0.001757,
  1617.300,    -0.119311,    -0.456456,    -0.005988,
  1617.350,    -0.116442,    -0.446705,    -0.005390,
  1617.400,    -0.114409,    -0.459078,     0.001762,
  1617.450,    -0.118617,    -0.445847,    -0.000708,
  1617.500,    -0.114653,    -0.438835,     0.001591,
  1617.550,    -0.102859,    -0.433537,     0.008354,
  1617.600,    -0.101580,    -0.436497,     0.009641,
  1617.650,    -0.125175,    -0.418269,     0.007499,
  1617.700,    -0.112150,    -0.416141,     0.010803,
  1617.750,    -0.110705,    -0.407228,     0.006343,
  1617.800,    -0.120902,    -0.401720,     0.007607,
  1617.850,    -0.150182,    -0.380863,     0.012629,
  1617.900,    -0.141336,    -0.371745,     0.012087,
  1617.950,    -0.132913,    -0.338327,     0.007671,
  1618.000,    -0.140488,    -0.281234,     0.005049,
  1618.050,    -0.153359,    -0.232384,     0.003297,
  1618.100,    -0.157336,    -0.193871,     0.005107,
  1618.150,    -0.152516,    -0.161821,     0.006925,
  1618.200,    -0.163772,    -0.119875,     0.003979,
  1618.250,    -0.155054,    -0.077524,    -0.002030,
  1618.300,    -0.161355,    -0.071774,    -0.003044,
  1618.350,    -0.171119,    -0.087374,    -0.007211,
  1618.400,    -0.176811,    -0.196099,    -0.005824,
  1618.450,    -0.189729,    -0.348139,    -0.005335,
  1618.500,    -0.184111,    -0.610612,    -0.003221,
  1618.550,    -0.183291,    -0.952923,    -0.003402,
  1618.600,    -0.178851,    -1.333053,    -0.009096,
  1618.650,    -0.190440,    -1.743931,    -0.007894,
  1618.700,    -0.162760,    -2.126887,    -0.008190,
  1618.750,    -0.166408,    -2.394161,    -0.009436,
  1618.800,    -0.162053,    -2.457728,     0.004674,
  1618.850,    -0.171096,    -2.309845,     0.001196,
  1618.900,    -0.167872,    -1.995652,    -0.003995,
  1618.950,    -0.177665,    -1.602009,     0.001125,
  1619.000,    -0.190762,    -1.184876,     0.000849,
  1619.050,    -0.172657,    -0.797805,     0.001942,
  1619.100,    -0.164610,    -0.520714,     0.001216,
  1619.150,    -0.192563,    -0.297820,    -0.000256,
  1619.200,    -0.183891,    -0.164513,     0.004023,
  1619.250,    -0.190018,    -0.133796,     0.006526,
  1619.300,    -0.190699,    -0.141140,    -0.000511,
  1619.350,    -0.196185,    -0.189173,     0.001808,
  1619.400,    -0.200680,    -0.272831,     0.009182,
  1619.450,    -0.211676,    -0.366149,     0.005697,
  1619.500,    -0.202609,    -0.414662,     0.004704,
  1619.550,    -0.221484,    -0.486669,     0.004046,
  1619.600,    -0.214406,    -0.532702,     0.004686,
  1619.650,    -0.226074,    -0.559336,     0.002283,
  1619.700,    -0.237499,    -0.580338,     0.000894,
  1619.750,    -0.223702,    -0.589772,     0.002416,
  1619.800,    -0.216329,    -0.591029,    -0.000364,
  1619.850,    -0.225839,    -0.607447,    -0.006425,
  1619.900,    -0.253858,    -0.624791,    -0.001940,
  1619.950,    -0.244343,    -0.651564,     0.000200,
  1620.000,    -0.219720,    -0.699427,    -0.001286,
  1620.050,    -0.246013,    -0.712156,     0.001539,
  1620.100,    -0.253283,    -0.740053,     0.006035,
  1620.150,    -0.255871,    -0.779035,     0.001883,
  1620.200,    -0.267478,    -0.777557,     0.001843,
  1620.250,    -0.268389,    -0.783301,     0.003932,
  1620.300,    -0.266900,    -0.795376,     0.003707,
  1620.350,    -0.269974,    -0.762885,     0.002889,
  1620.400,    -0.255063,    -0.756703,     0.005987,
  1620.450,    -0.243103,    -0.755122,     0.004105,
  1620.500,    -0.252051,    -0.759587,     0.000960,
  1620.550,    -0.253338,    -0.770126,     0.001231,
  1620.600,    -0.269043,    -0.762379,     0.003852,
  1620.650,    -0.260012,    -0.799293,     0.005262,
  1620.700,    -0.254482,    -0.826538,     0.004515,
  1620.750,    -0.244674,    -0.825007,     0.002548,
  1620.800,    -0.255657,    -0.836559,    -0.000831,
  1620.850,    -0.251183,    -0.864981,    -0.003292,
  1620.900,    -0.237321,    -0.872562,     0.000286,
  1620.950,    -0.234787,    -0.863349,     0.001477,
  1621.000,    -0.252460,    -0.892779,    -0.000726,
  1621.050,    -0.239791,    -0.900679,    -0.004477,
  1621.100,    -0.216189,    -0.903279,    -0.001356,
  1621.150,    -0.227540,    -0.929399,    -0.006088,
  1621.200,    -0.232435,    -0.946151,    -0.004330,
  1621.250,    -0.225883,    -0.973433,    -0.002459,
  1621.300,    -0.233948,    -1.002156,    -0.002031,
  1621.350,    -0.227712,    -1.031033,    -0.004037,
  1621.400,    -0.231271,    -1.055723,    -0.006755,
  1621.450,    -0.220070,    -1.082439,    -0.003134,
  1621.500,    -0.225327,    -1.040745,    -0.003093,
  1621.550,    -0.230756,    -1.007067,    -0.002281,
  1621.600,    -0.221423,    -0.969472,    -0.001658,
  1621.650,    -0.214604,    -0.923275,    -0.003605,
  1621.700,    -0.201436,    -0.868363,     0.003906,
  1621.750,    -0.189559,    -0.839668,     0.012195,
  1621.800,    -0.166761,    -0.839075,     0.002327,
  1621.850,    -0.174192,    -0.835832,    -0.000367,
  1621.900,    -0.178947,    -0.868083,     0.011993,
  1621.950,    -0.165449,    -0.905803,     0.006638,
  1622.000,    -0.155463,    -0.925178,     0.004583,
  1622.050,    -0.121004,    -0.925425,     0.005088,
  1622.100,    -0.115472,    -0.933014,     0.004344,
  1622.150,    -0.094060,    -0.943333,     0.010143,
  1622.200,    -0.073630,    -0.946160,     0.005954,
  1622.250,    -0.028876,    -0.947706,     0.001272,
  1622.300,     0.006295,    -0.936598,     0.002148,
  1622.350,     0.011716,    -0.911204,     0.003009,
  1622.400,     0.006339,    -0.902913,     0.000188,
  1622.450,     0.006237,    -0.885350,     0.001302,
  1622.500,    -0.040529,    -0.852988,    -0.002735,
  1622.550,    -0.145667,    -0.809969,    -0.004741,
  1622.600,    -0.298047,    -0.785377,    -0.004788,
  1622.650,    -0.508435,    -0.742969,    -0.005422,
  1622.700,    -0.745067,    -0.686576,    -0.008410,
  1622.750,    -0.989355,    -0.613374,    -0.012052,
  1622.800,    -1.208151,    -0.510101,    -0.004005,
  1622.850,    -1.371611,    -0.403846,    -0.003330,
  1622.900,    -1.384883,    -0.275957,    -0.001881,
  1622.950,    -1.283283,    -0.136301,     0.000478,
  1623.000,    -1.063969,    -0.013895,    -0.000816,
  1623.050,    -0.790806,     0.097326,     0.001166,
  1623.100,    -0.502759,     0.115637,     0.004387,
  1623.150,    -0.268995,     0.008123,     0.004932,
  1623.200,    -0.084783,    -0.326249,     0.007003,
  1623.250,     0.026093,    -1.001347,     0.007029,
  1623.300,     0.090839,    -2.122518,     0.003360,
  1623.350,     0.105855,    -3.843026,     0.005625,
  1623.400,     0.084400,    -6.190226,     0.008973,
  1623.450,     0.025426,    -9.079033,     0.007121,
  1623.500,    -0.029411,   -12.222148,     0.005653,
  1623.550,    -0.097166,   -15.132563,     0.010038,
  1623.600,    -0.159674,   -17.125555,     0.007787,
  1623.650,    -0.199113,   -17.493563,     0.009515,
  1623.700,    -0.244454,   -15.827166,     0.010774,
  1623.750,    -0.267227,   -12.123533,     0.006362,
  1623.800,    -0.284594,    -6.997025,     0.003469,
  1623.850,    -0.282157,    -1.427215,     0.000153,
  1623.900,    -0.289281,     3.484423,    -0.001104,
  1623.950,    -0.298054,     6.934489,     0.000971,
  1624.000,    -0.307781,     8.513791,    -0.003760,
  1624.050,    -0.332810,     8.337132,    -0.006872,
  1624.100,    -0.334625,     6.748450,    -0.007217,
  1624.150,    -0.346751,     4.178412,    -0.010809,
  1624.200,    -0.364851,     1.205607,    -0.013091,
  1624.250,    -0.388956,    -1.618595,    -0.002991,
  1624.300,    -0.383244,    -3.847212,    -0.005089,
  1624.350,    -0.380785,    -5.274983,    -0.004129,
  1624.400,    -0.384049,    -5.999073,    -0.004568,
  1624.450,    -0.375114,    -6.210488,    -0.007144,
  1624.500,    -0.360256,    -6.037645,    -0.003420,
  1624.550,    -0.360521,    -5.448199,    -0.001166,
  1624.600,    -0.354621,    -4.513717,    -0.002182,
  1624.650,    -0.354195,    -3.507028,    -0.003759,
  1624.700,    -0.356872,    -2.713990,    -0.000732,
  1624.750,    -0.360772,    -2.169706,     0.002119,
  1624.800,    -0.370033,    -1.805950,     0.005968,
  1624.850,    -0.390267,    -1.469886,     0.005903,
  1624.900,    -0.378795,    -1.140785,     0.006894,
  1624.950,    -0.373584,    -0.812284,     0.008553,
  1625.000,    -0.384976,    -0.407357,     0.005797,
  1625.050,    -0.384717,     0.132472,     0.004505,
  1625.100,    -0.392141,     0.838794,     0.002247,
  1625.150,    -0.386542,     1.727241,     0.003035,
  1625.200,    -0.388708,     2.765705,     0.000557,
  1625.250,    -0.421722,     3.889177,     0.001538,
  1625.300,    -0.434083,     5.077292,    -0.000703,
  1625.350,    -0.416360,     6.273234,    -0.002991,
  1625.400,    -0.474926,     7.478472,    -0.006108,
  1625.450,    -0.499966,     8.746009,    -0.000452,
  1625.500,    -0.497423,    10.060120,     0.003886,
  1625.550,    -0.487248,    11.467869,     0.002925,
  1625.600,    -0.484495,    13.071246,    -0.001021,
  1625.650,    -0.467149,    14.898890,     0.000420,
  1625.700,    -0.404391,    17.010325,    -0.004120,
  1625.750,    -0.374491,    19.501218,    -0.003963,
  1625.800,    -0.356614,    22.428147,    -0.004507,
  1625.850,    -0.338146,    25.822997,    -0.002023,
  1625.900,    -0.336712,    29.700968,     0.000828,
  1625.950,    -0.341243,    34.164119,     0.000764,
  1626.000,    -0.365994,    39.328189,     0.001385,
  1626.050,    -0.385925,    45.320874,     0.001729,
  1626.100,    -0.396738,    52.213222,     0.005568,
  1626.150,    -0.407275,    60.173804,     0.005094,
  1626.200,    -0.434833,    69.234329,     0.003569,
  1626.250,    -0.424429,    79.317423,     0.004598,
  1626.300,    -0.435788,    90.147328,     0.003069,
  1626.350,    -0.417775,   101.149397,    -0.001112,
  1626.400,    -0.403466,   111.240914,     0.003777,
  1626.450,    -0.385060,   118.577158,     0.002875,
  1626.500,    -0.359629,   120.330037,    -0.000677,
  1626.550,    -0.361099,   112.301036,    -0.000237,
  1626.600,    -0.333302,    88.936240,    -0.003526,
  1626.650,    -0.322820,    43.654300,    -0.004923,
  1626.700,    -0.314375,   -30.080523,    -0.002290,
  1626.750,    -0.279232,  -136.599317,    -0.005445,
  1626.800,    -0.251930,  -275.383844,    -0.003845,
  1626.850,    -0.203126,  -438.202199,    -0.003202,
  1626.900,    -0.141002,  -607.466873,    -0.004008,
  1626.950,    -0.069458,  -756.832510,    -0.002707,
  1627.000,    -0.011242,  -853.304042,     0.000115,
  1627.050,     0.087629,  -863.652525,    -0.002028,
  1627.100,     0.154341,  -767.964910,     0.000373,
  1627.150,     0.217357,  -573.556554,    -0.000483,
  1627.200,     0.238589,  -314.836492,     0.002499,
  1627.250,     0.166546,   -38.717001,     0.003115,
  1627.300,    -0.028574,   213.204124,     0.006418,
  1627.350,    -0.415474,   414.370761,     0.005208,
  1627.400,    -1.103133,   551.418659,     0.001083,
  1627.450,    -2.124806,   618.154752,     0.006248,
  1627.500,    -3.524975,   615.650001,     0.002953,
  1627.550,    -5.262468,   555.920794,     0.005089,
  1627.600,    -7.119792,   461.606808,     0.004704,
  1627.650,    -8.795930,   358.092630,     0.007133,
  1627.700,    -9.875965,   262.795631,     0.007460,
  1627.750,    -9.931915,   181.288099,     0.002260,
  1627.800,    -8.698882,   113.143369,     0.000401,
  1627.850,    -6.202335,    59.884677,     0.004067,
  1627.900,    -2.825910,    26.164406,     0.005140,
  1627.950,     0.739109,    13.388737,    -0.001194,
  1628.000,     3.795620,    14.807836,     0.001818,
  1628.050,     5.802820,    19.605023,    -0.002831,
  1628.100,     6.568886,    20.976186,    -0.004487,
  1628.150,     6.174709,    18.573325,    -0.010294,
  1628.200,     4.866028,    13.737354,    -0.008778,
  1628.250,     3.018860,     6.294082,    -0.008661,
  1628.300,     0.955591,    -3.942722,    -0.004759,
  1628.350,    -0.964186,   -15.291041,    -0.008998,
  1628.400,    -2.393871,   -25.115936,    -0.007302,
  1628.450,    -3.230252,   -31.509963,    -0.006408,
  1628.500,    -3.559522,   -33.304194,    -0.011691,
  1628.550,    -3.554929,   -29.992888,    -0.007299,
  1628.600,    -3.320966,   -22.742302,    -0.001809,
  1628.650,    -2.832242,   -14.414926,    -0.005899,
  1628.700,    -2.148836,    -7.483234,     0.000750,
  1628.750,    -1.438379,    -2.984859,     0.002733,
  1628.800,    -0.876540,    -1.164252,     0.002532,
  1628.850,    -0.535102,    -2.118112,     0.005203,
  1628.900,    -0.314693,    -5.174189,     0.009242,
  1628.950,    -0.148567,    -9.286403,     0.011836,
  1629.000,     0.028640,   -13.634145,     0.009650,
  1629.050,     0.208788,   -17.083424,     0.010461,
  1629.100,     0.410790,   -18.429742,     0.017063,
  1629.150,     0.698900,   -17.405915,     0.013322,
  1629.200,     1.113277,   -14.983355,     0.008148,
  1629.250,     1.597790,   -11.998510,     0.010469,
  1629.300,     2.178850,    -8.593464,     0.010449,
  1629.350,     2.796410,    -5.354663,     0.009038,
  1629.400,     3.447228,    -3.324842,     0.006788,
  1629.450,     4.077467,    -2.418323,     0.004884,
  1629.500,     4.718321,    -1.744800,    -0.001019,
  1629.550,     5.338628,    -1.435813,    -0.002360,
  1629.600,     6.004135,    -2.146204,    -0.001801,
  1629.650,     6.721032,    -3.579164,    -0.006770,
  1629.700,     7.518080,    -5.007354,    -0.006957,
  1629.750,     8.450627,    -6.289650,    -0.006237,
  1629.800,     9.547771,    -7.321848,    -0.008652,
  1629.850,    10.838093,    -7.916487,    -0.007378,
  1629.900,    12.401673,    -8.401538,    -0.007058,
  1629.950,    14.183129,    -9.063405,    -0.014149,
  1630.000,    16.254946,    -9.528301,    -0.017720,
  1630.050,    18.645651,    -9.995554,    -0.011831,
  1630.100,    21.424000,   -11.552468,    -0.013295,
  1630.150,    24.661100,   -14.581446,    -0.012489,
  1630.200,    28.439685,   -18.110098,    -0.009316,
  1630.250,    32.810979,   -21.159664,    -0.007342,
  1630.300,    37.800502,   -23.552278,    -0.005376,
  1630.350,    43.375928,   -25.200944,     0.000400,
  1630.400,    49.422022,   -25.526302,    -0.000371,
  1630.450,    55.545664,   -23.619052,    -0.000603,
  1630.500,    61.129306,   -18.819349,     0.003094,
  1630.550,    65.132110,   -11.499617,     0.008377,
  1630.600,    65.877830,    -3.149112,     0.005743,
  1630.650,    60.948803,     4.452853,     0.003234,
  1630.700,    47.050892,    10.046533,     0.009324,
  1630.750,    20.276484,    13.060233,     0.015437,
  1630.800,   -23.357608,    13.620158,     0.025838,
  1630.850,   -86.711817,    12.157680,     0.028782,
  1630.900,  -169.703734,     9.274574,     0.025049,
  1630.950,  -267.246364,     5.856123,     0.032299,
  1631.000,  -367.961535,     2.993944,     0.031332,
  1631.050,  -454.497362,     1.406954,     0.025617,
  1631.100,  -505.579325,     1.309775,     0.020324,
  1631.150,  -501.315725,     2.395546,     0.014016,
  1631.200,  -431.540735,     3.763499,     0.010359,
  1631.250,  -302.598064,     4.322650,     0.016109,
  1631.300,  -136.570024,     3.926636,     0.015324,
  1631.350,    37.181285,     3.166550,     0.011335,
  1631.400,   192.245819,     2.265575,     0.008863,
  1631.450,   311.040826,     1.160862,     0.001664,
  1631.500,   384.592477,     0.170592,    -0.004251,
  1631.550,   410.625319,    -0.376537,    -0.015716,
  1631.600,   392.617173,    -0.448203,    -0.020009,
  1631.650,   340.266556,    -0.184167,    -0.019228,
  1631.700,   268.732370,     0.207198,    -0.018000,
  1631.750,   194.395052,     0.439720,    -0.021350,
  1631.800,   128.605032,     0.576219,    -0.019429,
  1631.850,    74.882023,     0.828175,    -0.017733,
  1631.900,    32.111385,     1.151283,    -0.019835,
  1631.950,     0.252199,     1.302174,    -0.012600,
  1632.000,   -18.140781,     1.393799,    -0.010839,
  1632.050,   -22.239453,     1.363982,    -0.008743,
  1632.100,   -16.739662,     0.892051,    -0.006951,
  1632.150,    -9.232589,    -0.002850,    -0.002564,
  1632.200,    -4.753062,    -0.749953,     0.001017,
  1632.250,    -3.623297,    -0.775002,     0.002307,
  1632.300,    -4.603929,    -0.086435,     0.004565,
  1632.350,    -7.470667,     0.719788,     0.001023,
  1632.400,   -12.326090,     0.976297,     0.001909,
  1632.450,   -18.055392,     0.479779,     0.003670,
  1632.500,   -22.877712,    -0.447088,     0.000820,
  1632.550,   -25.536400,    -1.509570,     0.004349,
  1632.600,   -25.343985,    -2.620741,     0.004852,
  1632.650,   -22.021835,    -3.634282,     0.001180,
  1632.700,   -16.331415,    -4.182021,    -0.001295,
  1632.750,   -10.182308,    -3.906807,     0.007348,
  1632.800,    -5.257750,    -2.793900,     0.007215,
  1632.850,    -2.179134,    -1.227206,     0.000799,
  1632.900,    -0.934598,     0.409447,     0.002954,
  1632.950,    -1.531682,     1.757836,    -0.001361,
  1633.000,    -3.473989,     2.638111,    -0.004348,
  1633.050,    -5.958475,     3.037544,     0.002768,
  1633.100,    -8.408044,     2.807701,     0.000508,
  1633.150,   -10.280422,     1.846147,     0.004672,
  1633.200,   -10.877125,     0.418482,     0.003484,
  1633.250,    -9.913054,    -0.781082,     0.000650,
  1633.300,    -8.091718,    -1.114038,     0.001200,
  1633.350,    -6.114547,    -0.548134,     0.006372,
  1633.400,    -3.962168,     0.372960,     0.008420,
  1633.450,    -1.957825,     1.093779,     0.004998,
  1633.500,    -0.815742,     1.532629,     0.006396,
  1633.550,    -0.470300,     1.931117,     0.008214,
  1633.600,    -0.229404,     2.205702,     0.006501,
  1633.650,    -0.114635,     2.028786,     0.000439,
  1633.700,    -0.652112,     1.294591,     0.000304,
  1633.750,    -1.648239,     0.509281,     0.002860,
  1633.800,    -2.598223,     0.259539,    -0.000879,
  1633.850,    -3.395332,     0.637703,    -0.000487,
  1633.900,    -4.023123,     1.288410,    -0.003992,
  1633.950,    -4.322452,     1.735328,    -0.000836,
  1634.000,    -4.500992,     2.004661,     0.002354,
  1634.050,    -4.816253,     2.524687,    -0.005058,
  1634.100,    -5.049347,     3.538086,    -0.003565,
  1634.150,    -5.192157,     4.817174,    -0.007482,
  1634.200,    -5.959563,     5.771806,    -0.005972,
  1634.250,    -7.694102,     5.894634,    -0.004815,
  1634.300,    -9.796004,     5.019867,    -0.005498,
  1634.350,   -11.606597,     3.374413,    -0.007436,
  1634.400,   -12.990681,     1.468931,    -0.001569,
  1634.450,   -13.885364,    -0.234864,     0.002556,
  1634.500,   -13.945077,    -1.331142,     0.005529,
  1634.550,   -12.669985,    -1.620024,     0.006690,
  1634.600,    -9.716927,    -1.193751,     0.003113,
  1634.650,    -5.281525,    -0.221375,     0.002039,
  1634.700,    -0.237745,     0.944310,     0.002281,
  1634.750,     4.317371,     1.802740,     0.007974,
  1634.800,     7.694304,     2.103127,     0.009108,
  1634.850,     9.444876,     1.980898,     0.009397,
  1634.900,     9.561374,     1.834150,     0.008671,
  1634.950,     8.362829,     1.554471,     0.007955,
  1635.000,     6.285806,     0.849765,     0.008049,
  1635.050,     3.895435,    -0.364628,     0.005964,
  1635.100,     1.851435,    -1.647068,     0.007796,
  1635.150,     0.611715,    -2.463542,     0.002964,
  1635.200,     0.368091,    -2.393592,    -0.001789,
  1635.250,     0.925059,    -1.539666,    -0.001159,
  1635.300,     1.722994,    -0.367061,    -0.000375,
  1635.350,     2.033826,     0.786164,    -0.005174,
  1635.400,     1.762619,     1.800347,    -0.009490,
  1635.450,     1.277787,     2.567745,    -0.005026,
  1635.500,     0.753460,     2.857418,    -0.009700,
  1635.550,     0.150746,     2.729597,    -0.012388,
  1635.600,    -0.364241,     2.507415,    -0.007031,
  1635.650,    -0.619623,     2.725166,    -0.010864,
  1635.700,    -0.608997,     3.536522,    -0.010940,
  1635.750,    -0.422723,     4.719953,    -0.013257,
  1635.800,    -0.159670,     5.978758,    -0.008236,
  1635.850,    -0.028479,     7.139484,    -0.006071,
  1635.900,     0.036671,     8.018270,     0.001172,
  1635.950,     0.169927,     8.408722,    -0.001003,
  1636.000,     0.326366,     8.099335,    -0.003497,
  1636.050,     0.409645,     6.992960,     0.001328,
  1636.100,     0.478165,     5.083596,     0.004566,
  1636.150,     0.507726,     2.715300,     0.002521,
  1636.200,     0.210215,     0.553834,     0.004215,
  1636.250,    -0.352710,    -0.974464,     0.010543,
  1636.300,    -0.843063,    -1.866223,     0.010833,
  1636.350,    -0.880414,    -2.360050,     0.009321,
  1636.400,    -0.440982,    -2.625182,     0.009418,
  1636.450,     0.091307,    -2.683920,     0.006758,
  1636.500,     0.287592,    -2.569406,     0.010525,
  1636.550,     0.005317,    -2.462354,     0.013489,
  1636.600,    -0.541039,    -2.381856,     0.009139,
  1636.650,    -1.139996,    -2.249739,     0.006378,
  1636.700,    -1.739362,    -1.943175,     0.002120,
  1636.750,    -2.258569,    -1.563875,     0.001886,
  1636.800,    -2.533923,    -1.173989,    -0.000174,
  1636.850,    -2.304901,    -0.740138,    -0.000656,
  1636.900,    -1.603428,    -0.124872,    -0.004643,
  1636.950,    -0.628978,     0.609759,    -0.007677,
  1637.000,     0.386306,     1.406203,    -0.006711,
  1637.050,     1.206529,     2.317221,    -0.006053,
  1637.100,     1.701829,     3.254949,    -0.007857,
  1637.150,     1.870374,     4.003688,    -0.010723,
  1637.200,     1.666531,     4.135708,    -0.006742,
  1637.250,     0.966432,     3.405202,    -0.005289,
  1637.300,    -0.013272,     1.985505,    -0.003034,
  1637.350,    -0.838752,     0.434592,    -0.008049,
  1637.400,    -1.032178,    -0.822254,    -0.005448,
  1637.450,    -0.667133,    -1.575648,    -0.000918,
  1637.500,    -0.056467,    -1.729813,     0.000496,
  1637.550,     0.417382,    -1.255113,    -0.000678,
  1637.600,     0.668063,    -0.338612,     0.000250,
  1637.650,     0.915204,     0.763632,     0.002269,
  1637.700,     1.113002,     1.740224,     0.004420,
  1637.750,     1.037138,     2.460679,     0.006010,
  1637.800,     0.585840,     2.958997,     0.009718,
  1637.850,     0.101909,     3.299934,     0.003561,
  1637.900,    -0.064033,     3.385711,     0.007317,
  1637.950,     0.143215,     3.162409,     0.004113,
  1638.000,     0.536256,     2.824086,     0.001009,
  1638.050,     0.812465,     2.523193,     0.005047,
  1638.100,     0.934945,     2.167881,     0.004801,
  1638.150,     1.179320,     1.673464,    -0.002123,
  1638.200,     1.741051,     1.097867,    -0.003350,
  1638.250,     2.483284,     0.595649,    -0.003905,
  1638.300,     3.043540,     0.267708,     0.001309,
  1638.350,     3.090149,     0.215812,     0.002316,
  1638.400,     2.525720,     0.300757,    -0.001698,
  1638.450,     1.495536,     0.210374,    -0.003479,
  1638.500,     0.315229,    -0.234144,    -0.007208,
  1638.550,    -0.709179,    -0.859218,    -0.008217,
  1638.600,    -1.336761,    -1.345800,    -0.003407,
  1638.650,    -1.452051,    -1.384178,    -0.002475,
  1638.700,    -1.096169,    -1.020408,    -0.006511,
  1638.750,    -0.448309,    -0.342018,    -0.007411,
  1638.800,     0.329546,     0.725234,    -0.002147,
  1638.850,     0.905118,     2.078701,     0.002547,
  1638.900,     1.098497,     3.398893,    -0.001557,
  1638.950,     1.023420,     4.392974,     0.001132,
  1639.000,     0.871186,     4.958612,     0.004666,
  1639.050,     0.674753,     5.103479,     0.003452,
  1639.100,     0.221865,     4.824185,     0.000693,
  1639.150,    -0.552310,     3.945542,     0.006488,
  1639.200,    -1.451797,     2.410317,     0.004557,
  1639.250,    -2.106519,     0.343592,     0.001222,
  1639.300,    -2.288691,    -1.854028,     0.003516,
  1639.350,    -2.042865,    -3.661547,     0.001053,
  1639.400,    -1.645091,    -4.850082,     0.004397,
  1639.450,    -1.308082,    -5.255514,     0.003493,
  1639.500,    -0.995542,    -4.758078,    -0.000760,
  1639.550,    -0.624365,    -3.317165,     0.003414,
  1639.600,    -0.200953,    -1.240698,     0.006167,
  1639.650,     0.224718,     1.045305,     0.001208,
  1639.700,     0.833618,     2.943423,    -0.000639,
  1639.750,     1.799088,     4.244858,     0.001729,
  1639.800,     3.064713,     5.100088,    -0.000893,
  1639.850,     4.330757,     5.546860,    -0.006249,
  1639.900,     5.282341,     5.334418,    -0.003396,
  1639.950,     5.810080,     4.304736,    -0.001253,
  1640.000,     5.877220,     2.511987,    -0.002989,
  1640.050,     5.460730,     0.352506,     0.001486,
  1640.100,     4.570925,    -1.575325,     0.002982,
  1640.150,     3.234984,    -2.746470,     0.000463,
  1640.200,     1.563112,    -3.031769,     0.003729,
  1640.250,    -0.211183,    -2.697153,     0.004038,
  1640.300,    -1.637373,    -2.044046,     0.006581,
  1640.350,    -2.443486,    -1.309203,     0.009711,
  1640.400,    -2.749340,    -0.531349,     0.003149,
  1640.450,    -2.713473,     0.062713,     0.002002,
  1640.500,    -2.473177,     0.293488,     0.003517,
  1640.550,    -2.157412,     0.269254,     0.005862,
  1640.600,    -1.775226,     0.404838,     0.001600,
  1640.650,    -1.475532,     1.032106,     0.003085,
  1640.700,    -1.291567,     2.062719,     0.005916,
  1640.750,    -1.129546,     3.106748,     0.001383,
  1640.800,    -0.908692,     3.840306,     0.000083,
  1640.850,    -0.640625,     4.170689,     0.002170,
  1640.900,    -0.392473,     4.128747,    -0.003409,
  1640.950,    -0.084292,     3.825790,     0.002362,
  1641.000,     0.351638,     3.105605,     0.000626,
  1641.050,     0.870058,     1.919317,    -0.009359,
  1641.100,     1.427894,     0.499471,    -0.001124,
  1641.150,     2.068768,    -0.655401,    -0.006647,
  1641.200,     2.744287,    -1.180790,    -0.005871,
  1641.250,     3.260087,    -0.932680,     0.000070,
  1641.300,     3.407037,     0.065962,     0.000637,
  1641.350,     3.033418,     1.640657,    -0.001703,
  1641.400,     2.239973,     3.587384,    -0.001638,
  1641.450,     1.360050,     5.627009,     0.004110,
  1641.500,     0.721136,     7.283995,     0.005577,
  1641.550,     0.454601,     7.929273,     0.007214,
  1641.600,     0.602904,     7.229707,     0.001068,
  1641.650,     1.147959,     5.437746,     0.000571,
  1641.700,     2.048203,     3.255428,     0.006070,
  1641.750,     3.100735,     1.287893,     0.003065,
  1641.800,     4.095761,    -0.430065,     0.004951,
  1641.850,     4.950510,    -1.912394,     0.003975,
  1641.900,     5.731295,    -2.921142,     0.000484,
  1641.950,     6.517414,    -3.164518,     0.003338,
  1642.000,     7.208826,    -2.711609,     0.000921,
  1642.050,     7.823275,    -2.023525,     0.004937,
  1642.100,     8.474885,    -1.612473,    -0.001192,
  1642.150,     9.288282,    -1.626222,    -0.007194,
  1642.200,    10.192479,    -1.895577,    -0.003562,
  1642.250,    11.083840,    -2.231396,    -0.005509,
  1642.300,    11.850542,    -2.317654,    -0.002115,
  1642.350,    12.430554,    -1.902629,    -0.002345,
  1642.400,    12.598808,    -0.786280,    -0.005527,
  1642.450,    12.009478,     1.129492,    -0.009514,
  1642.500,     9.947355,     3.499094,    -0.005676,
  1642.550,     5.464156,     5.749574,    -0.003091,
  1642.600,    -2.411688,     7.199591,    -0.001955,
  1642.650,   -14.353970,     7.364164,    -0.002465,
  1642.700,   -30.455349,     6.108811,    -0.000846,
  1642.750,   -49.949375,     3.760737,     0.006294,
  1642.800,   -70.917512,     1.035424,     0.003444,
  1642.850,   -89.973265,    -1.500944,     0.004047,
  1642.900,  -102.539767,    -3.580921,     0.004468,
  1642.950,  -103.979735,    -5.075783,     0.009323,
  1643.000,   -91.176325,    -5.654107,     0.008478,
  1643.050,   -64.037092,    -4.892246,     0.004482,
  1643.100,   -26.212884,    -2.572867,     0.005598,
  1643.150,    15.745954,     0.931624,     0.011434,
  1643.200,    54.474463,     4.734468,     0.011031,
  1643.250,    83.801505,     7.863014,     0.005866,
  1643.300,   100.320971,     9.581584,     0.003796,
  1643.350,   103.655569,     9.571676,     0.007317,
  1643.400,    95.480732,     7.899424,     0.000709,
  1643.450,    78.689839,     4.949290,    -0.002442,
  1643.500,    56.959022,     1.389123,     0.002398,
  1643.550,    34.538907,    -1.934049,     0.002018,
  1643.600,    15.194224,    -4.311451,    -0.001752,
  1643.650,     0.969051,    -5.354010,    -0.007705,
  1643.700,    -8.271323,    -5.268690,    -0.004829,
  1643.750,   -13.824820,    -4.557273,    -0.005349,
  1643.800,   -16.327412,    -3.695180,    -0.007313,
  1643.850,   -15.671112,    -2.738433,    -0.006617,
  1643.900,   -12.205573,    -1.598857,    -0.003488,
  1643.950,    -7.592009,    -0.426964,    -0.007563,
  1644.000,    -4.015070,     0.606600,    -0.002538,
  1644.050,    -2.455839,     1.409146,    -0.001265,
  1644.100,    -2.584561,     2.057791,    -0.006896,
  1644.150,    -3.670701,     2.602047,    -0.004423,
  1644.200,    -5.181875,     3.052287,    -0.004047,
  1644.250,    -6.736611,     3.248419,    -0.000770,
  1644.300,    -7.767749,     3.271796,     0.003140,
  1644.350,    -8.023843,     3.133470,     0.002296,
  1644.400,    -7.511331,     2.880073,     0.002446,
  1644.450,    -6.216959,     2.369453,     0.004773,
  1644.500,    -4.274298,     1.468208,     0.006710,
  1644.550,    -2.113162,     0.140516,     0.007891,
  1644.600,    -0.377062,    -1.456805,     0.007062,
  1644.650,     0.650529,    -3.080571,     0.008039,
  1644.700,     1.188613,    -4.479910,     0.007918,
  1644.750,     1.468035,    -5.262017,     0.008788,
  1644.800,     1.569572,    -5.094079,     0.004594,
  1644.850,     1.469435,    -3.856473,     0.004616,
  1644.900,     1.152200,    -1.698483,     0.005396,
  1644.950,     0.681001,     0.847717,     0.002490,
  1645.000,     0.236041,     3.351845,     0.003628,
  1645.050,     0.086453,     5.478878,     0.000858,
  1645.100,     0.041316,     6.879348,     0.000700,
  1645.150,    -0.141616,     7.193092,     0.000262,
  1645.200,    -0.509489,     6.209300,    -0.001422,
  1645.250,    -0.711052,     4.192611,    -0.004821,
  1645.300,    -0.622146,     1.729110,     0.002841,
  1645.350,    -0.302346,    -0.502945,    -0.000284,
  1645.400,     0.260621,    -2.066343,    -0.001387,
  1645.450,     1.188653,    -2.800311,    -0.003453,
  1645.500,     2.239465,    -2.672023,    -0.002386,
  1645.550,     3.211110,    -1.756019,    -0.002435,
  1645.600,     3.809222,    -0.414681,    -0.001693,
  1645.650,     3.874323,     0.885057,    -0.000792,
  1645.700,     3.157952,     1.681047,    -0.001713,
  1645.750,     1.836136,     1.914041,     0.003102,
  1645.800,     0.429642,     1.801556,     0.004359,
  1645.850,    -0.776562,     1.604196,     0.005663,
  1645.900,    -1.776763,     1.597945,     0.006036,
  1645.950,    -2.581434,     1.796716,     0.004385,
  1646.000,    -3.143739,     2.086455,     0.004643,
  1646.050,    -3.402241,     2.404416,     0.009988,
  1646.100,    -3.431049,     2.883028,     0.005426,
  1646.150,    -3.362266,     3.470125,     0.002313,
  1646.200,    -3.359504,     3.800494,     0.000862,
  1646.250,    -3.495175,     3.519708,     0.000321,
  1646.300,    -3.653464,     2.324408,     0.001326,
  1646.350,    -3.614904,     0.377733,     0.002152,
  1646.400,    -3.111507,    -1.639211,     0.000541,
  1646.450,    -1.974080,    -3.273408,     0.000787,
  1646.500,    -0.200118,    -4.368732,     0.001960,
  1646.550,     2.030755,    -4.902630,     0.001933,
  1646.600,     4.297486,    -4.539004,     0.000943,
  1646.650,     6.070576,    -2.895854,    -0.001591,
  1646.700,     6.858525,    -0.051166,     0.003123,
  1646.750,     6.474425,     3.371334,     0.003747,
  1646.800,     4.947041,     6.374152,    -0.004228,
  1646.850,     2.717703,     8.159886,    -0.000519,
  1646.900,     0.361178,     8.407146,     0.001659,
  1646.950,    -1.612008,     7.260378,    -0.005079,
  1647.000,    -2.945731,     5.100806,    -0.002170,
  1647.050,    -3.648253,     2.369490,    -0.000427,
  1647.100,    -3.658897,    -0.467867,    -0.000471,
  1647.150,    -2.873102,    -2.881076,     0.001689,
  1647.200,    -1.330547,    -4.160517,    -0.003173,
  1647.250,     0.759634,    -4.009448,    -0.004362,
  1647.300,     2.942709,    -2.728079,    -0.002424,
  1647.350,     4.601118,    -0.931201,     0.004430,
  1647.400,     5.396776,     0.907262,     0.004856,
  1647.450,     5.126350,     2.466837,    -0.000288,
  1647.500,     3.925460,     3.419829,     0.000310,
  1647.550,     2.076249,     3.613173,    -0.000193,
  1647.600,    -0.047015,     2.940241,    -0.000273,
  1647.650,    -1.951721,     1.733533,     0.000109,
  1647.700,    -3.251336,     0.600073,     0.001398,
  1647.750,    -3.731022,     0.106117,    -0.001281,
  1647.800,    -3.457326,     0.398465,     0.001881,
  1647.850,    -2.831153,     1.138148,     0.002590,
  1647.900,    -2.139879,     1.833618,     0.006974,
  1647.950,    -1.503770,     2.254569,    -0.001144,
  1648.000,    -0.795456,     2.366573,    -0.002463,
  1648.050,    -0.141128,     2.160168,     0.004938,
  1648.100,     0.324090,     1.678289,     0.004476,
  1648.150,     0.661955,     1.088022,     0.000137,
  1648.200,     1.031447,     0.468325,     0.002655,
  1648.250,     1.452640,    -0.085080,     0.004449,
  1648.300,     1.770805,    -0.424321,     0.001147,
  1648.350,     1.843566,    -0.445310,    -0.002523,
  1648.400,     1.680235,    -0.052121,     0.001476,
  1648.450,     1.376813,     0.676347,     0.002712,
  1648.500,     1.054308,     1.592305,     0.002135,
  1648.550,     0.607304,     2.568017,    -0.000170,
  1648.600,    -0.058823,     3.345554,    -0.001802,
  1648.650,    -0.819566,     3.660376,     0.000550,
  1648.700,    -1.615036,     3.156357,    -0.002575,
  1648.750,    -2.315434,     1.812877,    -0.005086,
  1648.800,    -2.824129,     0.100915,    -0.003064,
  1648.850,    -2.969421,    -1.311793,    -0.002348,
  1648.900,    -2.641914,    -1.930688,    -0.001982,
  1648.950,    -1.751753,    -1.794235,    -0.000909,
  1649.000,    -0.429801,    -1.199253,    -0.005937,
  1649.050,     1.011360,    -0.342031,    -0.002761,
  1649.100,     2.257844,     0.771827,     0.002442,
  1649.150,     3.200867,     1.928787,    -0.005007,
  1649.200,     3.788303,     2.813558,    -0.002217,
  1649.250,     3.874729,     3.133130,     0.000849,
  1649.300,     3.322631,     2.861016,     0.000898,
  1649.350,     2.160684,     2.236333,     0.001855,
  1649.400,     0.724846,     1.521251,    -0.003956,
  1649.450,    -0.592998,     0.906289,     0.002931,
  1649.500,    -1.454213,     0.542241,     0.004584,
  1649.550,    -1.796179,     0.529363,     0.003219,
  1649.600,    -1.684866,     0.919639,     0.005789,
  1649.650,    -1.174453,     1.593277,     0.009272,
  1649.700,    -0.408950,     2.286626,     0.003728,
  1649.750,     0.405976,     2.769640,     0.010404,
  1649.800,     0.972023,     2.829136,     0.008510,
  1649.850,     1.228903,     2.390700,     0.004044,
  1649.900,     1.159329,     1.623867,     0.004075,
  1649.950,     1.027365,     0.734181,    -0.001844,
  1650.000,     1.033592,     0.053056,     0.000972,
  1650.050,     1.284621,    -0.300182,    -0.005501,
  1650.100,     1.591509,    -0.330311,    -0.005142,
  1650.150,     1.831017,     0.160527,    -0.004621,
  1650.200,     2.001261,     1.115636,    -0.004989,
  1650.250,     2.057001,     2.248310,    -0.009325,
  1650.300,     1.952032,     3.317872,    -0.005988,
  1650.350,     1.512088,     4.218050,    -0.009149,
  1650.400,     0.554450,     4.802698,    -0.006166,
  1650.450,    -0.679484,     4.799560,    -0.007062,
  1650.500,    -1.825586,     3.937437,    -0.002234,
  1650.550,    -2.606600,     2.234988,     0.004621,
  1650.600,    -2.932509,     0.093360,    -0.001696,
  1650.650,    -2.955190,    -1.962899,     0.001218,
  1650.700,    -2.553544,    -3.475688,    -0.003174,
  1650.750,    -1.513302,    -4.036231,    -0.002943,
  1650.800,     0.193581,    -3.473809,    -0.001567,
  1650.850,     2.207386,    -1.886582,     0.002158,
  1650.900,     3.911389,     0.126319,     0.005805,
  1650.950,     4.736650,     1.818449,     0.003193,
  1651.000,     4.565231,     2.693813,     0.000997,
  1651.050,     3.527823,     2.733047,     0.002529,
  1651.100,     2.010631,     2.152289,     0.001735,
  1651.150,     0.337177,     1.258361,     0.007878,
  1651.200,    -1.261764,     0.158188,     0.009229,
  1651.250,    -2.536007,    -0.942973,     0.004163,
  1651.300,    -3.125985,    -1.804075,     0.007571,
  1651.350,    -2.816192,    -2.231281,     0.006833,
  1651.400,    -1.847026,    -2.134919,    -0.001281,
  1651.450,    -0.565657,    -1.592647,    -0.002206,
  1651.500,     0.708502,    -0.586536,     0.000308,
  1651.550,     1.788763,     0.569924,    -0.001618,
  1651.600,     2.594255,     1.485851,    -0.000507,
  1651.650,     2.936496,     1.863712,    -0.004196,
  1651.700,     2.723910,     1.731539,    -0.003659,
  1651.750,     2.025699,     1.275343,    -0.005745,
  1651.800,     1.271949,     0.735871,    -0.003382,
  1651.850,     0.865997,     0.323951,     0.001444,
  1651.900,     0.870873,     0.344839,     0.000012,
  1651.950,     1.036254,     0.881324,    -0.007676,
  1652.000,     1.111282,     1.640736,    -0.002256,
  1652.050,     0.943659,     2.277143,    -0.000468,
  1652.100,     0.589483,     2.580827,    -0.004549,
  1652.150,     0.222017,     2.568938,    -0.000808,
  1652.200,    -0.116321,     2.170394,    -0.000381,
  1652.250,    -0.459639,     1.352140,     0.001236,
  1652.300,    -0.730080,     0.204674,     0.002001,
  1652.350,    -0.908657,    -0.882404,     0.004461,
  1652.400,    -0.974182,    -1.414204,     0.006108,
  1652.450,    -0.839538,    -1.075575,     0.007118,
  1652.500,    -0.474713,     0.051595,     0.004197,
  1652.550,     0.000833,     1.459865,     0.005690,
  1652.600,     0.616795,     2.605237,     0.006775,
  1652.650,     1.258977,     3.283422,     0.007527,
  1652.700,     1.816694,     3.466495,     0.002554,
  1652.750,     1.994771,     3.142623,     0.004741,
  1652.800,     1.768499,     2.283277,     0.005116,
  1652.850,     1.037175,     0.979266,     0.004511,
  1652.900,     0.033937,    -0.404800,     0.004057,
  1652.950,    -0.695406,    -1.550247,    -0.004607,
  1653.000,    -0.893046,    -2.182721,    -0.005266,
  1653.050,    -0.605352,    -2.153554,    -0.001649,
  1653.100,    -0.111272,    -1.634214,     0.000556,
  1653.150,     0.394999,    -0.797085,    -0.001353,
  1653.200,     0.899570,     0.248118,    -0.005011,
  1653.250,     1.359212,     1.459119,    -0.000490,
  1653.300,     1.690886,     2.663853,     0.001663,
  1653.350,     1.712992,     3.522087,    -0.003372,
  1653.400,     1.517860,     3.822955,    -0.005101,
  1653.450,     1.188881,     3.637938,    -0.001014,
  1653.500,     0.888526,     3.161850,    -0.004340,
  1653.550,     0.737755,     2.520111,    -0.003091,
  1653.600,     0.755882,     1.814874,    -0.000424,
  1653.650,     0.962805,     1.234400,     0.000100,
  1653.700,     1.344843,     0.964248,    -0.000049,
  1653.750,     1.884202,     1.153447,    -0.002687,
  1653.800,     2.438765,     1.694563,    -0.001712,
  1653.850,     2.830939,     2.303654,     0.001744,
  1653.900,     2.941236,     2.495366,    -0.000338,
  1653.950,     2.779859,     2.154924,    -0.000753,
  1654.000,     2.410663,     1.370564,     0.002080,
  1654.050,     2.068268,     0.382061,     0.004861,
  1654.100,     1.796680,    -0.531363,     0.004431,
  1654.150,     1.697116,    -1.062805,     0.001897,
  1654.200,     1.778572,    -1.035515,     0.001770,
  1654.250,     2.009529,    -0.385731,     0.001687,
  1654.300,     2.242791,     0.691815,     0.002511,
  1654.350,     2.203674,     1.933382,     0.009280,
  1654.400,     1.464026,     3.167818,     0.002213,
  1654.450,    -0.249037,     4.040509,    -0.003923,
  1654.500,    -3.048923,     4.375167,     0.002874,
  1654.550,    -6.980525,     4.107046,     0.000543,
  1654.600,   -11.871817,     3.441271,     0.003269,
  1654.650,   -17.126397,     2.591825,     0.004160,
  1654.700,   -21.542989,     1.536290,     0.003963,
  1654.750,   -23.713275,     0.339489,     0.000075,
  1654.800,   -22.375214,    -0.839023,    -0.001787,
  1654.850,   -17.032743,    -1.675263,    -0.003905,
  1654.900,    -8.119671,    -1.996982,    -0.001948,
  1654.950,     2.940513,    -1.820432,    -0.002499,
  1655.000,    13.937631,    -1.270407,     0.000709,
  1655.050,    22.537280,    -0.493290,     0.002028,
  1655.100,    27.251871,     0.607018,    -0.005151,
  1655.150,    27.792442,     1.841395,    -0.005659,
  1655.200,    24.788613,     2.976855,    -0.003418,
  1655.250,    19.307585,     3.762788,    -0.004255,
  1655.300,    12.461385,     4.141734,    -0.008172,
  1655.350,     5.384393,     4.145293,    -0.000829,
  1655.400,    -0.714533,     3.864822,    -0.001390,
  1655.450,    -4.946243,     3.244388,     0.002740,
  1655.500,    -7.172498,     2.195073,     0.002760,
  1655.550,    -7.706768,     0.900733,     0.001055,
  1655.600,    -7.133415,    -0.429988,     0.000605,
  1655.650,    -5.816191,    -1.408666,     0.004267,
  1655.700,    -4.026923,    -1.807847,    -0.002022,
  1655.750,    -2.173281,    -1.769096,     0.003543,
  1655.800,    -0.734402,    -1.473016,     0.006840,
  1655.850,    -0.071700,    -1.085380,     0.001644,
  1655.900,    -0.133182,    -0.577102,     0.004126,
  1655.950,    -0.513111,     0.080463,     0.000973,
  1656.000,    -0.850772,     0.942668,     0.002351,
  1656.050,    -0.916814,     1.876642,     0.000587,
  1656.100,    -0.777856,     2.847501,     0.000756,
  1656.150,    -0.533235,     3.721898,    -0.000038,
  1656.200,    -0.277124,     4.248206,     0.002527,
  1656.250,    -0.017911,     4.202214,    -0.003826,
  1656.300,     0.177242,     3.353246,    -0.002484,
  1656.350,     0.243752,     1.916903,    -0.003492,
  1656.400,     0.042528,     0.319465,     0.002689,
  1656.450,    -0.271945,    -1.015867,     0.002336,
  1656.500,    -0.487720,    -1.926385,    -0.004862,
  1656.550,    -0.251479,    -2.433142,    -0.001337,
  1656.600,     0.425018,    -2.618615,    -0.003416,
  1656.650,     1.212170,    -2.587156,    -0.000349,
  1656.700,     1.842679,    -2.401076,     0.005206,
  1656.750,     2.050273,    -2.161640,    -0.006326,
  1656.800,     1.957262,    -1.677688,    -0.007389,
  1656.850,     1.627237,    -0.860168,     0.000297,
  1656.900,     1.061786,     0.249309,     0.001747,
  1656.950,     0.267020,     1.487038,     0.003454,
  1657.000,    -0.630441,     2.530050,     0.002903,
  1657.050,    -1.413217,     3.091155,     0.005203,
  1657.100,    -1.769664,     3.094993,     0.006353,
  1657.150,    -1.633883,     2.552871,     0.003520,
  1657.200,    -1.155855,     1.766720,     0.009146,
  1657.250,    -0.421125,     0.884781,     0.002239,
  1657.300,     0.459555,     0.133546,     0.005767,
  1657.350,     1.439865,    -0.366438,     0.003633,
  1657.400,     2.313398,    -0.600281,     0.003410,
  1657.450,     2.860527,    -0.555912,     0.002073,
  1657.500,     2.861592,    -0.281646,     0.002100,
  1657.550,     2.413045,     0.095342,     0.000723,
  1657.600,     1.667086,     0.421960,     0.003721,
  1657.650,     0.896216,     0.527875,    -0.003432,
  1657.700,     0.184849,     0.364514,    -0.003716,
  1657.750,    -0.365749,     0.217246,    -0.005916,
  1657.800,    -0.643627,     0.330583,    -0.003597,
  1657.850,    -0.570658,     0.759865,     0.000510,
  1657.900,    -0.196004,     1.271932,    -0.003256,
  1657.950,     0.281280,     1.754661,    -0.007571,
  1658.000,     0.498002,     2.053071,    -0.000381,
  1658.050,     0.348068,     2.051475,    -0.002391,
  1658.100,    -0.152372,     1.749968,     0.000536,
  1658.150,    -0.728907,     1.257728,    -0.002788,
  1658.200,    -1.217228,     0.738166,    -0.005972,
  1658.250,    -1.328410,     0.284834,     0.000975,
  1658.300,    -0.930466,    -0.112484,     0.005071,
  1658.350,    -0.043796,    -0.434638,     0.003476,
  1658.400,     1.122657,    -0.599247,     0.005881,
  1658.450,     2.341886,    -0.513607,    -0.002010,
  1658.500,     3.351248,    -0.238587,     0.000726,
  1658.550,     3.822845,     0.133237,     0.005452,
  1658.600,     3.656608,     0.732043,     0.002706,
  1658.650,     2.890736,     1.685146,     0.005784,
  1658.700,     1.801952,     3.120261,     0.008386,
  1658.750,     0.669739,     4.878546,     0.008418,
  1658.800,    -0.338124,     6.469332,     0.003376,
  1658.850,    -1.233197,     7.482532,    -0.000979,
  1658.900,    -1.935241,     7.620730,     0.007667,
  1658.950,    -2.249319,     6.938656,     0.002990,
  1659.000,    -2.023985,     5.741972,     0.004074,
  1659.050,    -1.356019,     4.359323,    -0.000916,
  1659.100,    -0.425123,     2.981788,    -0.004690,
  1659.150,     0.595661,     1.775527,     0.002915,
  1659.200,     1.518016,     0.980509,    -0.006022,
  1659.250,     2.264571,     0.699717,    -0.005905,
  1659.300,     2.685480,     0.885243,    -0.004619,
  1659.350,     2.649954,     1.351445,    -0.002000,
  1659.400,     2.284079,     1.931611,     0.000275,
  1659.450,     1.679577,     2.507167,    -0.004596,
  1659.500,     1.070942,     3.134061,    -0.001860,
  1659.550,     0.474068,     3.689834,     0.002417,
  1659.600,    -0.097331,     3.875714,    -0.005636,
  1659.650,    -0.693652,     3.622396,     0.001754,
  1659.700,    -1.242895,     3.076737,    -0.005361,
  1659.750,    -1.571934,     2.395314,    -0.001509,
  1659.800,    -1.554576,     1.571273,     0.005065,
  1659.850,    -1.274570,     0.503013,     0.004751,
  1659.900,    -0.898716,    -0.738879,     0.007202,
  1659.950,    -0.558255,    -1.913048,     0.007723,
  1660.000,    -0.171814,    -2.798245,     0.006618,
  1660.050,     0.302837,    -3.224781,     0.006924,
  1660.100,     0.858566,    -3.221053,     0.003674,
  1660.150,     1.431425,    -2.804620,     0.006014,
  1660.200,     1.942693,    -2.148245,     0.002575,
  1660.250,     2.324613,    -1.410656,     0.001745,
  1660.300,     2.500599,    -0.797256,     0.002337,
  1660.350,     2.320125,    -0.388298,     0.002905,
  1660.400,     1.656364,    -0.171309,     0.001232,
  1660.450,     0.587710,    -0.143347,     0.000569,
  1660.500,    -0.601694,    -0.234229,     0.000242,
  1660.550,    -1.549709,    -0.228577,    -0.000756,
  1660.600,    -2.138176,     0.068801,    -0.006516,
  1660.650,    -2.427009,     0.701912,    -0.003972,
  1660.700,    -2.421896,     1.453997,    -0.003821,
  1660.750,    -2.130292,     1.984452,    -0.002950,
  1660.800,    -1.700788,     2.009002,     0.000717,
  1660.850,    -1.130286,     1.682645,    -0.001314,
  1660.900,    -0.492189,     1.189318,    -0.000145,
  1660.950,     0.280197,     0.793602,     0.001728,
  1661.000,     1.100139,     0.557561,     0.000262,
  1661.050,     1.863604,     0.544060,     0.005094,
  1661.100,     2.356377,     0.916237,     0.003999,
  1661.150,     2.395893,     1.670847,     0.010535,
  1661.200,     1.965954,     2.608497,     0.005776,
  1661.250,     1.202181,     3.331257,     0.006413,
  1661.300,     0.384466,     3.644647,     0.001562,
  1661.350,    -0.299434,     3.527449,     0.006489,
  1661.400,    -0.766447,     3.179844,     0.007700,
  1661.450,    -0.918620,     2.787319,     0.006787,
  1661.500,    -0.823026,     2.367567,     0.007586,
  1661.550,    -0.532782,     1.812792,     0.003569,
  1661.600,    -0.162361,     1.181724,     0.001366,
  1661.650,     0.227008,     0.711117,     0.002868,
  1661.700,     0.462606,     0.530947,    -0.000208,
  1661.750,     0.455162,     0.488361,     0.000262,
  1661.800,     0.303641,     0.321276,    -0.003795,
  1661.850,     0.199496,    -0.099044,    -0.002370,
  1661.900,     0.317559,    -0.638216,    -0.003180,
  1661.950,     0.623560,    -1.168492,    -0.002872,
  1662.000,     0.983339,    -1.642323,    -0.002310,
  1662.050,     1.282628,    -2.128541,    -0.004946,
  1662.100,     1.435216,    -2.609287,    -0.005232,
  1662.150,     1.356989,    -2.854005,     0.001459,
  1662.200,     1.002396,    -2.758244,    -0.003159,
  1662.250,     0.399196,    -2.142191,     0.001516,
  1662.300,    -0.212681,    -1.104436,     0.002255,
  1662.350,    -0.696118,     0.149055,     0.002350,
  1662.400,    -1.003705,     1.298726,    -0.001352,
  1662.450,    -1.160597,     2.152069,     0.004396,
  1662.500,    -1.144520,     2.652522,    -0.004534,
  1662.550,    -0.873322,     2.712479,     0.000419,
  1662.600,    -0.351339,     2.335582,     0.004991,
  1662.650,     0.371862,     1.505367,     0.001078,
  1662.700,     1.200193,     0.331977,     0.003945,
  1662.750,     2.069960,    -0.850503,     0.000035,
  1662.800,     2.925749,    -1.663087,     0.003486,
  1662.850,     3.734560,    -1.851653,     0.002672,
  1662.900,     4.255187,    -1.462013,     0.003269,
  1662.950,     4.346318,    -0.657694,     0.007059,
  1663.000,     3.883711,     0.470056,     0.000491,
  1663.050,     3.034004,     1.611680,     0.003661,
  1663.100,     1.999783,     2.417804,    -0.004310,
  1663.150,     1.104631,     2.618604,     0.000784,
  1663.200,     0.457960,     2.236875,    -0.003674,
  1663.250,     0.108199,     1.566728,    -0.000653,
  1663.300,     0.039233,     0.909070,    -0.000598,
  1663.350,     0.223832,     0.335290,    -0.003397,
  1663.400,     0.615257,    -0.128584,    -0.004035,
  1663.450,     1.057788,    -0.489109,     0.005357,
  1663.500,     1.461465,    -0.683536,    -0.001150,
  1663.550,     1.643761,    -0.652590,     0.003715,
  1663.600,     1.787997,    -0.385626,     0.003695,
  1663.650,     1.915607,    -0.017839,    -0.001519,
  1663.700,     1.914520,     0.444444,    -0.005177,
  1663.750,     1.782169,     0.892524,    -0.000934,
  1663.800,     1.452137,     1.193859,     0.002216,
  1663.850,     1.047156,     1.264822,    -0.002792,
  1663.900,     0.501020,     1.118718,    -0.002741,
  1663.950,    -0.206619,     0.847465,     0.005372,
  1664.000,    -1.004382,     0.643507,     0.004151,
  1664.050,    -1.724734,     0.751317,     0.004115,
  1664.100,    -2.251819,     1.032894,    -0.000964,
  1664.150,    -2.491001,     1.532328,    -0.003384,
  1664.200,    -2.404179,     2.102100,    -0.000925,
  1664.250,    -2.041170,     2.741598,    -0.001525,
  1664.300,    -1.525924,     3.404021,    -0.002633,
  1664.350,    -0.923291,     3.894127,     0.001264,
  1664.400,    -0.397194,     4.234944,     0.002877,
  1664.450,     0.021763,     4.445565,    -0.000648,
  1664.500,     0.315957,     4.695064,     0.000390,
  1664.550,     0.417863,     4.922722,     0.001188,
  1664.600,     0.327125,     5.032285,     0.002996,
  1664.650,     0.161861,     5.117767,     0.004363,
  1664.700,     0.090131,     5.328032,     0.002677,
  1664.750,     0.221519,     5.959065,     0.002619,
  1664.800,     0.541109,     6.803674,     0.003028,
  1664.850,     0.862897,     7.490072,     0.003554,
  1664.900,     1.019748,     7.701104,     0.002652,
  1664.950,     0.917438,     7.466733,    -0.004883,
  1665.000,     0.752011,     7.052562,    -0.001555,
  1665.050,     0.585903,     6.525639,    -0.000354,
  1665.100,     0.522069,     5.904659,     0.000067,
  1665.150,     0.542684,     5.249139,     0.000389,
  1665.200,     0.714775,     4.756499,    -0.002380,
  1665.250,     1.066637,     4.576828,    -0.002736,
  1665.300,     1.532831,     4.564673,     0.003356,
  1665.350,     1.919558,     4.464241,     0.002172,
  1665.400,     2.047898,     4.136214,    -0.006309,
  1665.450,     1.921794,     3.484737,    -0.002979,
  1665.500,     1.734481,     2.536612,     0.003113,
  1665.550,     1.576584,     1.379757,     0.003304,
  1665.600,     1.431533,     0.066283,     0.000978,
  1665.650,     1.225464,    -1.190168,     0.002934,
  1665.700,     0.877099,    -2.290469,     0.006583,
  1665.750,     0.533340,    -3.057807,     0.005493,
  1665.800,     0.356788,    -3.343942,     0.006484,
  1665.850,     0.294733,    -3.233995,     0.003815,
  1665.900,     0.125573,    -2.801798,     0.000186,
  1665.950,    -0.133898,    -2.240085,    -0.000238,
  1666.000,    -0.462105,    -1.840208,     0.005007,
  1666.050,    -0.711155,    -1.816641,     0.000106,
  1666.100,    -0.882291,    -2.159055,    -0.006553,
  1666.150,    -1.078908,    -2.810039,    -0.002997,
  1666.200,    -1.362790,    -3.625061,    -0.000886,
  1666.250,    -1.742276,    -4.496968,    -0.003873,
  1666.300,    -2.134141,    -5.200080,    -0.003349,
  1666.350,    -2.491014,    -5.598534,     0.000043,
  1666.400,    -2.806153,    -5.491304,     0.002115,
  1666.450,    -3.153175,    -4.919563,    -0.004733,
  1666.500,    -3.521326,    -4.049773,    -0.003262,
  1666.550,    -3.721368,    -3.068452,    -0.000490,
  1666.600,    -3.432563,    -2.156278,    -0.002116,
  1666.650,    -2.504456,    -1.446474,     0.000037,
  1666.700,    -0.891135,    -1.194588,    -0.002116,
  1666.750,     1.114274,    -1.559614,     0.001683,
  1666.800,     3.120016,    -2.610727,    -0.003377,
  1666.850,     4.681365,    -4.017934,     0.001907,
  1666.900,     5.612343,    -5.278189,     0.000270,
  1666.950,     5.742213,    -5.879807,     0.000061,
  1667.000,     5.240130,    -5.673035,     0.003897,
  1667.050,     4.273999,    -4.734952,     0.005422,
  1667.100,     3.099437,    -3.323569,     0.004931,
  1667.150,     1.826935,    -1.801270,     0.002456,
  1667.200,     0.600799,    -0.609589,     0.003502,
  1667.250,    -0.531192,     0.036913,     0.006597,
  1667.300,    -1.437142,     0.033841,     0.007205,
  1667.350,    -1.959455,    -0.348014,     0.001010,
  1667.400,    -2.091876,    -0.789643,     0.001674,
  1667.450,    -1.945639,    -0.890134,     0.002049,
  1667.500,    -1.635790,    -0.600818,    -0.001847,
  1667.550,    -1.221891,    -0.031359,    -0.001267,
  1667.600,    -0.811111,     0.591116,    -0.002945,
  1667.650,    -0.446493,     1.222721,    -0.003976,
  1667.700,    -0.190528,     1.755580,    -0.005823,
  1667.750,    -0.018312,     2.199291,    -0.002082,
  1667.800,     0.118777,     2.543486,    -0.006355,
  1667.850,     0.303001,     2.887557,    -0.000525,
  1667.900,     0.481133,     3.308350,    -0.004651,
  1667.950,     0.571363,     3.920214,    -0.005627,
  1668.000,     0.513003,     4.728247,     0.001624,
  1668.050,     0.371203,     5.719417,    -0.004991,
  1668.100,     0.317346,     6.709065,    -0.002508,
  1668.150,     0.372842,     7.467423,     0.002597,
  1668.200,     0.526516,     7.970446,     0.000516,
  1668.250,     0.759525,     8.313012,     0.002345,
  1668.300,     1.000872,     8.562235,     0.005306,
  1668.350,     1.316610,     8.631434,     0.008808,
  1668.400,     1.782754,     8.193162,     0.006665,
  1668.450,     2.255329,     7.142518,     0.005708,
  1668.500,     2.581432,     5.719724,     0.005516,
  1668.550,     2.788645,     4.280513,     0.003001,
  1668.600,     2.884126,     3.139489,     0.002516,
  1668.650,     2.913246,     2.404705,     0.003093,
  1668.700,     2.812218,     2.141270,     0.000019,
  1668.750,     2.664321,     2.421571,     0.001260,
  1668.800,     2.523005,     3.134096,     0.002826,
  1668.850,     2.676476,     4.018293,    -0.001513,
  1668.900,     3.034376,     4.675298,    -0.002234,
  1668.950,     3.396678,     4.926007,    -0.006756,
  1669.000,     3.573475,     4.776860,    -0.005436,
  1669.050,     3.539397,     4.290919,    -0.003192,
  1669.100,     3.420601,     3.477075,    -0.004591,
  1669.150,     3.272504,     2.435359,    -0.003866,
  1669.200,     3.095395,     1.399322,    -0.005246,
  1669.250,     2.838164,     0.704683,    -0.002059,
  1669.300,     2.557321,     0.384288,    -0.000513,
  1669.350,     2.342712,     0.402077,     0.002465,
  1669.400,     2.178178,     0.480567,     0.005856,
  1669.450,     1.949519,     0.503144,     0.007289,
  1669.500,     1.559094,     0.467499,     0.002193,
  1669.550,     1.029180,     0.427364,     0.003406,
  1669.600,     0.413987,     0.342480,     0.009507,
  1669.650,    -0.293452,     0.136505,     0.004755,
  1669.700,    -0.932277,    -0.118072,     0.006554,
  1669.750,    -1.517552,    -0.314044,     0.006548,
  1669.800,    -1.987090,    -0.345427,     0.001510,
  1669.850,    -2.324923,    -0.283695,     0.003964,
  1669.900,    -2.477798,    -0.104249,    -0.001785,
  1669.950,    -2.459926,     0.193024,    -0.007188,
  1670.000,    -2.251951,     0.620873,    -0.005336,
  1670.050,    -1.910233,     1.022045,    -0.007252,
  1670.100,    -1.562660,     1.255514,     0.002555,
  1670.150,    -1.357159,     1.085880,    -0.001395,
  1670.200,    -1.279711,     0.484390,    -0.003699,
  1670.250,    -1.356983,    -0.519557,     0.001928,
  1670.300,    -1.579448,    -1.744034,    -0.006793,
  1670.350,    -1.897957,    -3.052837,    -0.003541,
  1670.400,    -2.290408,    -4.192625,    -0.002674,
  1670.450,    -2.676262,    -4.871893,    -0.005056,
  1670.500,    -2.836947,    -4.825682,     0.002594,
  1670.550,    -2.743478,    -4.000582,     0.001191,
  1670.600,    -2.455405,    -2.658568,     0.002668,
  1670.650,    -2.054297,    -1.071755,     0.000352,
  1670.700,    -1.658432,     0.485978,     0.002207,
  1670.750,    -1.299645,     1.894552,     0.001931,
  1670.800,    -1.128206,     2.933516,     0.010845,
  1670.850,    -1.216279,     3.411537,     0.002735,
  1670.900,    -1.629490,     3.192661,     0.002965,
  1670.950,    -2.236499,     2.448630,     0.002745,
  1671.000,    -2.752573,     1.430026,     0.010335,
  1671.050,    -2.895379,     0.408478,     0.002747,
  1671.100,    -2.564979,    -0.451436,     0.003378,
  1671.150,    -1.944235,    -0.960817,     0.000325,
  1671.200,    -1.101991,    -1.060193,    -0.001838,
  1671.250,    -0.332257,    -0.663694,    -0.001193,
  1671.300,     0.222902,     0.062822,    -0.003159,
  1671.350,     0.413038,     0.883004,    -0.001929,
  1671.400,     0.221279,     1.683465,    -0.000767,
  1671.450,    -0.191747,     2.433776,    -0.000523,
  1671.500,    -0.566865,     3.137004,    -0.007341,
  1671.550,    -0.734305,     3.789860,    -0.008068,
  1671.600,    -0.548983,     4.497620,    -0.000195,
  1671.650,    -0.148303,     5.222535,     0.000405,
  1671.700,     0.354332,     5.901816,    -0.003046,
  1671.750,     0.861247,     6.195639,    -0.002998,
  1671.800,     1.282694,     5.981187,     0.000373,
  1671.850,     1.640571,     5.335014,     0.007749,
  1671.900,     1.952149,     4.410735,     0.007199,
  1671.950,     2.266171,     3.321650,     0.003451,
  1672.000,     2.624769,     2.132569,     0.007886,
  1672.050,     3.025874,     0.935982,     0.006206,
  1672.100,     3.507494,    -0.097018,     0.002226,
  1672.150,     4.037925,    -0.778452,     0.004610,
  1672.200,     4.475319,    -1.038260,     0.003228,
  1672.250,     4.625098,    -0.783239,     0.005086,
  1672.300,     4.543584,     0.004783,     0.005899,
  1672.350,     4.377402,     1.387401,    -0.002012,
  1672.400,     4.305856,     3.077046,    -0.002337,
  1672.450,     4.225675,     4.595813,    -0.003039,
  1672.500,     3.989760,     5.531017,    -0.001791,
  1672.550,     3.435866,     5.600975,    -0.009758,
  1672.600,     2.660978,     4.902975,    -0.006450,
  1672.650,     1.961841,     3.582044,    -0.010028,
  1672.700,     1.474369,     1.961807,    -0.006112,
  1672.750,     1.298243,     0.388899,    -0.006263,
  1672.800,     1.375811,    -0.792903,     0.000487,
  1672.850,     1.778770,    -1.559035,     0.004440,
  1672.900,     2.435410,    -1.835454,     0.005087,
  1672.950,     3.027785,    -1.664866,     0.002588,
  1673.000,     3.323627,    -1.176190,     0.004748,
  1673.050,     3.246109,    -0.496011,     0.006579,
  1673.100,     2.898650,     0.210725,     0.008183,
  1673.150,     2.338575,     0.794993,     0.007577,
  1673.200,     1.630190,     1.214705,     0.006666,
  1673.250,     0.896110,     1.474065,     0.001794,
  1673.300,     0.226789,     1.639771,     0.007193,
  1673.350,    -0.173883,     1.766697,     0.004736,
  1673.400,    -0.226139,     1.904042,     0.003078,
  1673.450,    -0.108145,     2.052326,    -0.001084,
  1673.500,     0.023613,     2.186667,     0.000526,
  1673.550,     0.083375,     2.189667,    -0.000385,
  1673.600,     0.017861,     2.027777,    -0.003651,
  1673.650,    -0.064744,     1.665004,    -0.000083,
  1673.700,    -0.192831,     1.127236,    -0.004172,
  1673.750,    -0.306769,     0.401514,    -0.006564,
  1673.800,    -0.441990,    -0.456556,    -0.002826,
  1673.850,    -0.545743,    -1.329903,    -0.009318,
  1673.900,    -0.622808,    -2.109243,    -0.005519,
  1673.950,    -0.675071,    -2.672158,    -0.003463,
  1674.000,    -0.735527,    -2.853025,    -0.002456,
  1674.050,    -0.807324,    -2.533091,    -0.003822,
  1674.100,    -0.874070,    -1.651755,    -0.000405,
  1674.150,    -0.895151,    -0.453523,     0.004494,
  1674.200,    -0.986882,     0.815121,     0.001809,
  1674.250,    -1.263326,     1.977493,     0.010887,
  1674.300,    -1.808061,     2.902698,     0.005709,
  1674.350,    -2.463062,     3.339133,     0.005604,
  1674.400,    -3.211154,     3.147577,     0.007565,
  1674.450,    -3.915393,     2.474950,     0.004641,
  1674.500,    -4.492946,     1.639727,     0.006831,
  1674.550,    -4.779610,     0.968594,     0.006904,
  1674.600,    -4.562944,     0.576112,     0.000398,
  1674.650,    -3.850272,     0.331323,     0.003915,
  1674.700,    -2.865179,     0.255601,    -0.000089,
  1674.750,    -1.831369,     0.251998,    -0.001387,
  1674.800,    -0.934270,     0.431632,    -0.003725,
  1674.850,    -0.264348,     0.652575,    -0.004391,
  1674.900,     0.122435,     0.917843,    -0.006369,
  1674.950,     0.197387,     1.179706,    -0.007168,
  1675.000,    -0.084655,     1.596654,    -0.005724,
  1675.050,    -0.562558,     2.116539,    -0.003812,
  1675.100,    -1.118344,     2.621316,    -0.000630,
  1675.150,    -1.541569,     2.884645,    -0.005797,
  1675.200,    -1.794221,     2.842668,    -0.002426,
  1675.250,    -1.849977,     2.499815,    -0.000872,
  1675.300,    -1.628600,     1.903486,    -0.000841,
  1675.350,    -1.206619,     1.192339,     0.004552,
  1675.400,    -0.624137,     0.383384,     0.002269,
  1675.450,    -0.062386,    -0.486416,     0.006457,
  1675.500,     0.419557,    -1.358856,     0.005037,
  1675.550,     0.797953,    -2.050295,     0.008490,
  1675.600,     1.075470,    -2.544545,     0.010439,
  1675.650,     1.297965,    -2.818688,     0.007898,
  1675.700,     1.546544,    -2.911071,     0.007286,
  1675.750,     1.870276,    -2.789953,     0.002269,
  1675.800,     2.197024,    -2.338151,    -0.000079,
  1675.850,     2.390425,    -1.632665,    -0.000338,
  1675.900,     2.395376,    -0.815731,     0.002134,
  1675.950,     2.292075,    -0.039722,    -0.004201,
  1676.000,     2.215159,     0.452451,    -0.002442,
  1676.050,     2.233278,     0.631833,    -0.005700,
  1676.100,     2.278794,     0.429057,    -0.006194,
  1676.150,     2.421619,     0.003875,    -0.002058,
  1676.200,     2.626709,    -0.524078,    -0.006919,
  1676.250,     2.981700,    -0.917231,    -0.007330,
  1676.300,     3.467917,    -1.026849,     0.000287,
  1676.350,     4.105242,    -0.739511,    -0.000918,
  1676.400,     4.919284,     0.061564,    -0.004927,
  1676.450,     5.851017,     1.136488,    -0.001352,
  1676.500,     6.816519,     2.296843,     0.000597,
  1676.550,     7.561904,     3.266982,    -0.000023,
  1676.600,     7.840419,     3.877250,     0.002931,
  1676.650,     7.484290,     4.110587,     0.009923,
  1676.700,     6.506537,     4.057056,     0.005163,
  1676.750,     5.002021,     3.970703,     0.006825,
  1676.800,     3.277424,     3.885809,     0.000091,
  1676.850,     1.565733,     3.751709,     0.000620,
  1676.900,     0.120312,     3.606453,     0.004196,
  1676.950,    -0.914092,     3.419206,     0.002305,
  1677.000,    -1.605717,     3.220927,    -0.000583,
  1677.050,    -1.896749,     2.897958,    -0.003017,
  1677.100,    -1.843127,     2.428987,    -0.002283,
  1677.150,    -1.544325,     1.723588,    -0.003788,
  1677.200,    -1.213172,     0.860726,    -0.004376,
  1677.250,    -0.953819,    -0.001927,    -0.003280,
  1677.300,    -0.717923,    -0.804428,    -0.000745,
  1677.350,    -0.538037,    -1.520904,    -0.006118,
  1677.400,    -0.351426,    -2.226664,    -0.005195,
  1677.450,    -0.155594,    -2.926704,    -0.003288,
  1677.500,     0.019537,    -3.610735,    -0.005307,
  1677.550,     0.238263,    -4.025894,     0.001787,
  1677.600,     0.467160,    -4.085726,    -0.001779,
  1677.650,     0.625111,    -3.749417,     0.004440,
  1677.700,     0.666108,    -3.089105,     0.007070,
  1677.750,     0.585232,    -2.255187,    -0.003300,
  1677.800,     0.298381,    -1.326156,     0.008359,
  1677.850,    -0.104121,    -0.414525,     0.014720,
  1677.900,    -0.599546,     0.452047,     0.010628,
  1677.950,    -1.110420,     1.215503,     0.008170,
  1678.000,    -1.583582,     1.867822,     0.007701,
  1678.050,    -2.017337,     2.447132,     0.007612,
  1678.100,    -2.194161,     2.946269,     0.007351,
  1678.150,    -2.094450,     3.329762,    -0.000202,
  1678.200,    -1.654867,     3.461490,    -0.002032,
  1678.250,    -1.041779,     3.286942,     0.003392,
  1678.300,    -0.413282,     2.820437,     0.003271,
  1678.350,     0.125071,     2.110837,     0.000703,
  1678.400,     0.572405,     1.350681,    -0.002532,
  1678.450,     0.846822,     0.545600,    -0.000992,
  1678.500,     0.910613,    -0.254601,    -0.008750,
  1678.550,     0.821264,    -0.950069,    -0.006036,
  1678.600,     0.688392,    -1.446930,    -0.006927,
  1678.650,     0.595127,    -1.623106,    -0.006616,
  1678.700,     0.563092,    -1.444168,    -0.007946,
  1678.750,     0.468269,    -1.059323,    -0.000633,
  1678.800,     0.303141,    -0.542013,     0.004310,
  1678.850,     0.048022,    -0.018378,    -0.001644,
  1678.900,    -0.163668,     0.425745,     0.006938,
  1678.950,    -0.344108,     0.790540,     0.002706,
  1679.000,    -0.471790,     0.984693,     0.001887,
  1679.050,    -0.605697,     1.013227,     0.005685,
  1679.100,    -0.607875,     0.944345,     0.007332,
  1679.150,    -0.382711,     0.879909,     0.007677,
  1679.200,    -0.117494,     0.987428,     0.005828,
  1679.250,     0.134203,     1.153498,     0.006317,
  1679.300,     0.242895,     1.336168,     0.007249,
  1679.350,     0.208476,     1.444655,     0.001520,
  1679.400,     0.048018,     1.384619,     0.002512,
  1679.450,    -0.171078,     1.276190,    -0.000182,
  1679.500,    -0.452672,     1.151998,    -0.000158,
  1679.550,    -0.803795,     1.036389,    -0.006458,
  1679.600,    -1.150402,     0.822260,    -0.003961,
  1679.650,    -1.414957,     0.489344,    -0.004417,
  1679.700,    -1.572035,     0.111605,    -0.007208,
  1679.750,    -1.573503,    -0.136383,    -0.003406,
  1679.800,    -1.544331,    -0.183329,    -0.005645,
  1679.850,    -1.418957,     0.089244,    -0.010379,
  1679.900,    -1.194769,     0.565430,    -0.004699,
  1679.950,    -0.744434,     1.250601,    -0.004460,
  1680.000,    -0.239944,     2.055370,    -0.004774,
  1680.050,     0.233952,     2.926242,     0.004902,
  1680.100,     0.532163,     3.609281,     0.005210,
  1680.150,     0.606183,     3.957772,     0.007196,
  1680.200,     0.497934,     3.925172,    -0.000323,
  1680.250,     0.240378,     3.677354,     0.005582,
  1680.300,    -0.047382,     3.490739,     0.004184,
  1680.350,    -0.306365,     3.503816,     0.002487,
  1680.400,    -0.416832,     3.660714,     0.009490,
  1680.450,    -0.296980,     3.784592,     0.009372,
  1680.500,     0.158252,     3.824643,     0.003266,
  1680.550,     0.739553,     3.731541,     0.000288,
  1680.600,     1.365529,     3.510038,     0.006925,
  1680.650,     1.932328,     2.993122,     0.003747,
  1680.700,     2.320809,     2.112110,    -0.001007,
  1680.750,     2.500786,     1.024903,     0.000353,
  1680.800,     2.544074,    -0.076396,     0.000040,
  1680.850,     2.452365,    -0.928485,    -0.004194,
  1680.900,     2.347724,    -1.375108,    -0.002009,
  1680.950,     2.188166,    -1.509035,    -0.001037,
  1681.000,     2.039326,    -1.330337,    -0.001897,
  1681.050,     1.859785,    -0.869043,    -0.001533,
  1681.100,     1.660897,    -0.272924,    -0.003607,
  1681.150,     1.452640,     0.316817,    -0.008289,
  1681.200,     1.126214,     0.762311,    -0.001503,
  1681.250,     0.664246,     1.087771,    -0.004030,
  1681.300,     0.109567,     1.309974,     0.000779,
  1681.350,    -0.467229,     1.551823,     0.002476,
  1681.400,    -1.030539,     1.865516,    -0.002079,
  1681.450,    -1.575014,     2.190166,     0.005433,
  1681.500,    -2.046965,     2.495474,     0.003524,
  1681.550,    -2.541550,     2.731245,     0.006361,
  1681.600,    -2.957350,     2.832177,     0.009209,
  1681.650,    -3.199068,     2.826116,     0.004506,
  1681.700,    -3.175232,     2.733490,     0.007481,
  1681.750,    -2.849422,     2.577436,     0.011880,
  1681.800,    -2.309055,     2.285596,     0.008122,
  1681.850,    -1.606224,     1.884823,     0.006694,
  1681.900,    -0.888528,     1.385372,     0.007700,
  1681.950,    -0.226995,     0.872870,    -0.000101,
  1682.000,     0.344894,     0.476956,     0.001172,
  1682.050,     0.768552,     0.241674,     0.002223,
  1682.100,     1.106456,     0.182498,    -0.000472,
  1682.150,     1.328369,     0.282745,    -0.004190,
  1682.200,     1.492647,     0.487860,    -0.004426,
  1682.250,     1.547735,     0.765049,    -0.003050,
  1682.300,     1.479612,     1.076061,    -0.003266,
  1682.350,     1.303146,     1.345877,    -0.009278,
  1682.400,     1.018734,     1.614656,    -0.007176,
  1682.450,     0.648867,     1.934996,    -0.002436,
  1682.500,     0.240916,     2.317847,    -0.006719,
  1682.550,    -0.148154,     2.571037,     0.001504,
  1682.600,    -0.571239,     2.715450,     0.001132,
  1682.650,    -0.959745,     2.695597,    -0.000732,
  1682.700,    -1.295711,     2.511846,     0.001717,
  1682.750,    -1.498185,     2.259730,    -0.001402,
  1682.800,    -1.472433,     1.937984,     0.000761,
  1682.850,    -1.289892,     1.593883,     0.007576,
  1682.900,    -0.933696,     1.197974,     0.002816,
  1682.950,    -0.444734,     0.856578,     0.007628,
  1683.000,     0.074782,     0.591795,     0.007732,
  1683.050,     0.513636,     0.388310,     0.008655,
  1683.100,     0.800487,     0.239085,     0.009135,
  1683.150,     0.890198,     0.154335,     0.004269,
  1683.200,     0.799149,     0.169285,     0.004823,
  1683.250,     0.631363,     0.348151,     0.001861,
  1683.300,     0.539618,     0.705455,     0.003791,
  1683.350,     0.532822,     1.189040,    -0.001830,
  1683.400,     0.608834,     1.704080,     0.001144,
  1683.450,     0.681449,     2.117921,     0.001057,
  1683.500,     0.768246,     2.352159,    -0.005846,
  1683.550,     0.781836,     2.378809,    -0.005022,
  1683.600,     0.784110,     2.300817,    -0.000916,
  1683.650,     0.775963,     2.207273,    -0.005933,
  1683.700,     0.699649,     2.084502,    -0.002228,
  1683.750,     0.539639,     1.861927,    -0.005919,
  1683.800,     0.328088,     1.496297,    -0.002065,
  1683.850,     0.215079,     0.958744,    -0.002464,
  1683.900,     0.270968,     0.295860,     0.005605,
  1683.950,     0.501670,    -0.417423,     0.001138,
  1684.000,     0.885316,    -1.076099,     0.003004,
  1684.050,     1.335414,    -1.664791,     0.001280,
  1684.100,     1.794185,    -1.881292,    -0.003904,
  1684.150,     2.182626,    -1.641991,    -0.000893,
  1684.200,     2.485632,    -0.908922,    -0.000719,
  1684.250,     2.608849,     0.057908,     0.001896,
  1684.300,     2.474557,     1.052434,    -0.000674,
  1684.350,     2.157169,     1.909970,     0.005135,
  1684.400,     1.808068,     2.528583,     0.004090,
  1684.450,     1.584094,     2.910504,     0.006568,
  1684.500,     1.468843,     3.039462,     0.010249,
  1684.550,     1.428845,     2.959035,     0.003320,
  1684.600,     1.406221,     2.770499,     0.002259,
  1684.650,     1.384470,     2.537622,    -0.003661,
  1684.700,     1.330294,     2.230924,    -0.003731,
  1684.750,     1.146681,     1.831384,     0.001796,
  1684.800,     0.756304,     1.285302,     0.002772,
  1684.850,     0.119560,     0.667263,     0.001287,
  1684.900,    -0.615552,     0.041377,     0.001375,
  1684.950,    -1.149455,    -0.428136,    -0.003659,
  1685.000,    -1.518668,    -0.708761,     0.000607,
  1685.050,    -1.627948,    -0.672982,     0.002365,
  1685.100,    -1.555014,    -0.345578,    -0.002642,
  1685.150,    -1.260826,     0.219219,    -0.001122,
  1685.200,    -0.808973,     0.930121,    -0.003833,
  1685.250,    -0.313001,     1.662913,     0.001755,
  1685.300,     0.144326,     2.336706,     0.001840,
  1685.350,     0.416667,     2.790813,     0.005689,
  1685.400,     0.584675,     2.837893,    -0.002646,
  1685.450,     0.721556,     2.526431,    -0.003242,
  1685.500,     0.881636,     1.958973,    -0.001114,
  1685.550,     1.052938,     1.391149,    -0.002865,
  1685.600,     1.220190,     0.930255,    -0.000308,
  1685.650,     1.324848,     0.562372,    -0.000751,
  1685.700,     1.360985,     0.322827,     0.002181,
  1685.750,     1.350249,     0.155830,     0.005791,
  1685.800,     1.352572,     0.091455,     0.003333,
  1685.850,     1.289418,     0.074935,     0.008343,
  1685.900,     1.192158,     0.001193,    -0.001395,
  1685.950,     1.025566,    -0.119799,    -0.000136,
  1686.000,     0.783673,    -0.162694,     0.000628,
  1686.050,     0.564900,    -0.039735,     0.001804,
  1686.100,     0.320828,     0.280877,     0.005579,
  1686.150,     0.134115,     0.692554,     0.010397,
  1686.200,     0.013765,     1.156741,     0.003800,
  1686.250,    -0.021799,     1.552242,     0.004190,
  1686.300,     0.039597,     1.866623,     0.000980,
  1686.350,     0.177774,     2.019688,    -0.000779,
  1686.400,     0.420741,     1.916365,    -0.002996,
  1686.450,     0.724905,     1.485783,     0.002091,
  1686.500,     1.092391,     0.797933,    -0.005673,
  1686.550,     1.530601,     0.052865,    -0.001457,
  1686.600,     1.910943,    -0.647351,     0.003488,
  1686.650,     2.185496,    -1.141138,    -0.002476,
  1686.700,     2.279234,    -1.368795,    -0.004978,
  1686.750,     2.168320,    -1.369090,    -0.008402,
  1686.800,     1.887212,    -1.112459,    -0.007420,
  1686.850,     1.494313,    -0.498849,    -0.003271,
  1686.900,     1.035114,     0.373076,    -0.007161,
  1686.950,     0.602098,     1.343611,    -0.002104,
  1687.000,     0.186507,     2.220433,    -0.004064,
  1687.050,    -0.089091,     2.790095,     0.000620,
  1687.100,    -0.242626,     3.106945,     0.003533,
  1687.150,    -0.273978,     3.106982,     0.002479,
  1687.200,    -0.202697,     2.837052,     0.006483,
  1687.250,    -0.033952,     2.304517,     0.005250,
  1687.300,     0.153619,     1.643385,     0.001707,
  1687.350,     0.408577,     0.972145,     0.003187,
  1687.400,     0.730077,     0.364439,     0.005406,
  1687.450,     1.096891,    -0.127680,     0.002985,
  1687.500,     1.459673,    -0.449573,     0.006627,
  1687.550,     1.726845,    -0.711068,     0.007987,
  1687.600,     1.867643,    -0.992829,     0.006334,
  1687.650,     1.796369,    -1.319799,     0.003441,
  1687.700,     1.561422,    -1.571145,     0.004305,
  1687.750,     1.217104,    -1.542420,     0.000580,
  1687.800,     0.832081,    -1.101569,     0.000254,
  1687.850,     0.400251,    -0.308003,    -0.001511,
  1687.900,    -0.148244,     0.731242,     0.000057,
  1687.950,    -0.766631,     1.850057,    -0.009447,
  1688.000,    -1.427189,     2.753399,    -0.004785,
  1688.050,    -2.032682,     3.277598,    -0.000842,
  1688.100,    -2.547500,     3.297298,    -0.008729,
  1688.150,    -2.872274,     2.876221,    -0.006163,
  1688.200,    -2.927228,     2.170375,    -0.009207,
  1688.250,    -2.559560,     1.313024,    -0.006153,
  1688.300,    -1.827088,     0.451004,    -0.005553,
  1688.350,    -0.893824,    -0.335147,    -0.006591,
  1688.400,     0.036968,    -0.889231,    -0.005107,
  1688.450,     0.751922,    -1.064746,     0.001598,
  1688.500,     1.207071,    -0.932000,     0.006554,
  1688.550,     1.424300,    -0.535668,     0.002424,
  1688.600,     1.397187,     0.061993,    -0.000318,
  1688.650,     1.278539,     0.744836,     0.007615,
  1688.700,     1.135959,     1.357723,     0.002668,
  1688.750,     1.044681,     1.764261,     0.002971,
  1688.800,     0.972710,     1.791242,     0.004287,
  1688.850,     0.933750,     1.478882,     0.005294,
  1688.900,     0.770200,     0.900863,     0.007832,
  1688.950,     0.595399,     0.198671,     0.008854,
  1689.000,     0.389215,    -0.468450,     0.007424,
  1689.050,     0.195674,    -0.949988,     0.006994,
  1689.100,     0.070386,    -1.127342,     0.004908,
  1689.150,     0.049446,    -0.955192,     0.003326,
  1689.200,     0.160470,    -0.573804,     0.002471,
  1689.250,     0.420657,    -0.082558,     0.001863,
  1689.300,     0.751903,     0.400849,    -0.000788,
  1689.350,     1.102596,     0.783911,    -0.007360,
  1689.400,     1.416693,     0.997937,    -0.010084,
  1689.450,     1.594707,     1.060174,    -0.005440,
  1689.500,     1.543504,     1.013047,    -0.002141,
  1689.550,     1.238665,     0.894100,    -0.005405,
  1689.600,     0.745528,     0.862166,    -0.007212,
  1689.650,     0.258255,     1.000874,    -0.005519,
  1689.700,    -0.171632,     1.370165,    -0.007202,
  1689.750,    -0.466354,     1.888734,    -0.007197,
  1689.800,    -0.682185,     2.335326,    -0.003146,
  1689.850,    -0.837067,     2.624466,     0.001831,
  1689.900,    -0.867503,     2.627302,     0.003643,
  1689.950,    -0.809938,     2.330004,     0.002000,
  1690.000,    -0.689062,     1.838481,     0.004107,
  1690.050,    -0.510222,     1.136360,     0.007708,
  1690.100,    -0.298591,     0.332646,     0.009590,
  1690.150,    -0.020131,    -0.448915,     0.008588,
  1690.200,     0.325522,    -1.072448,     0.009081,
  1690.250,     0.724044,    -1.405867,     0.005654,
  1690.300,     1.014025,    -1.384308,     0.006533,
  1690.350,     1.233450,    -1.002613,     0.014047,
  1690.400,     1.351498,    -0.369327,     0.007205,
  1690.450,     1.393203,     0.414418,     0.002593,
  1690.500,     1.278444,     1.264879,     0.004727,
  1690.550,     0.989928,     2.078002,     0.002935,
  1690.600,     0.546213,     2.690379,    -0.005876,
  1690.650,     0.011314,     3.037519,    -0.003175,
  1690.700,    -0.465890,     3.023940,    -0.002230,
  1690.750,    -0.777758,     2.709839,    -0.008581,
  1690.800,    -0.923839,     2.242089,    -0.004427,
  1690.850,    -0.897671,     1.670260,    -0.002098,
  1690.900,    -0.712440,     1.163267,    -0.003822,
  1690.950,    -0.297211,     0.768299,    -0.006101,
  1691.000,     0.268766,     0.473777,    -0.004726,
  1691.050,     0.917989,     0.285832,    -0.003709,
  1691.100,     1.468497,     0.203289,    -0.005114,
  1691.150,     1.738780,     0.125032,    -0.003564,
  1691.200,     1.768472,     0.156049,    -0.000312,
  1691.250,     1.620044,     0.241990,     0.004145,
  1691.300,     1.258603,     0.509349,     0.008298,
  1691.350,     0.774763,     0.941554,     0.005668,
  1691.400,     0.229598,     1.529320,     0.003468,
  1691.450,    -0.296815,     2.191168,     0.008581,
  1691.500,    -0.738833,     2.827658,     0.010590,
  1691.550,    -1.047866,     3.378861,     0.007667,
  1691.600,    -1.199016,     3.692797,     0.007506,
  1691.650,    -1.289648,     3.624742,     0.005390,
  1691.700,    -1.348873,     3.149624,     0.009714,
  1691.750,    -1.424811,     2.228937,     0.002263,
  1691.800,    -1.414359,     1.063858,     0.005855,
  1691.850,    -1.230401,    -0.152253,     0.005858,
  1691.900,    -0.818119,    -1.174209,    -0.006027,
  1691.950,    -0.253527,    -1.791788,    -0.001440,
  1692.000,     0.411571,    -1.923481,    -0.001375,
  1692.050,     1.025822,    -1.494760,    -0.002135,
  1692.100,     1.506731,    -0.672926,    -0.006132,
  1692.150,     1.744917,     0.363339,    -0.007548,
  1692.200,     1.678657,     1.363359,    -0.004509,
  1692.250,     1.384628,     2.160327,    -0.007453,
  1692.300,     1.036400,     2.568445,    -0.005715,
  1692.350,     0.649989,     2.533085,    -0.007746,
  1692.400,     0.269101,     2.142730,    -0.002553,
  1692.450,    -0.058078,     1.538134,     0.000448,
  1692.500,    -0.247626,     0.980385,    -0.000358,
  1692.550,    -0.270699,     0.587184,     0.002661,
  1692.600,    -0.168775,     0.442132,     0.005375,
  1692.650,     0.045281,     0.574560,     0.003696,
  1692.700,     0.345333,     0.747681,     0.003789,
  1692.750,     0.700814,     0.841796,     0.008285,
  1692.800,     0.986394,     0.932781,     0.002941,
  1692.850,     1.129361,     0.984177,     0.005250,
  1692.900,     1.073075,     1.003946,     0.007011,
  1692.950,     0.788901,     0.929122,     0.002837,
  1693.000,     0.347520,     0.783914,     0.003838,
  1693.050,    -0.187287,     0.672512,     0.002018,
  1693.100,    -0.712050,     0.662233,     0.003026,
  1693.150,    -1.096894,     0.801518,     0.005229,
  1693.200,    -1.283726,     1.125919,    -0.000069,
  1693.250,    -1.232393,     1.556513,    -0.000937,
  1693.300,    -1.061466,     1.945138,     0.004198,
  1693.350,    -0.801640,     2.242532,     0.000644,
  1693.400,    -0.553234,     2.400666,    -0.000289,
  1693.450,    -0.353714,     2.426737,    -0.000718,
  1693.500,    -0.239062,     2.266734,     0.001829,
  1693.550,    -0.157398,     1.909553,     0.000746,
  1693.600,    -0.079137,     1.422311,    -0.002957,
  1693.650,    -0.009255,     0.873087,    -0.005889,
  1693.700,     0.110009,     0.341281,     0.000225,
  1693.750,     0.380309,    -0.081404,    -0.003339,
  1693.800,     0.716464,    -0.283392,    -0.000750,
  1693.850,     1.098294,    -0.165438,     0.001885,
  1693.900,     1.430314,     0.235648,     0.001121,
  1693.950,     1.613461,     0.712439,    -0.002302,
  1694.000,     1.606180,     1.100583,    -0.004911,
  1694.050,     1.409615,     1.220353,     0.000238,
  1694.100,     1.051515,     1.020043,     0.000258,
  1694.150,     0.592657,     0.663621,    -0.004959,
  1694.200,     0.031699,     0.307127,     0.000133,
  1694.250,    -0.517951,     0.061134,     0.004105,
  1694.300,    -0.963775,     0.025835,    -0.000405,
  1694.350,    -1.209537,     0.154167,    -0.001102,
  1694.400,    -1.236572,     0.422037,     0.000014,
  1694.450,    -1.068796,     0.740911,     0.002615,
  1694.500,    -0.701924,     1.024193,     0.000472,
  1694.550,    -0.249875,     1.136833,     0.006285,
  1694.600,     0.250057,     1.020943,     0.003074,
  1694.650,     0.733944,     0.736161,    -0.001806,
  1694.700,     1.150045,     0.438248,     0.006904,
  1694.750,     1.431270,     0.248550,     0.007953,
  1694.800,     1.526081,     0.179645,     0.000521,
  1694.850,     1.423453,     0.195447,     0.000481,
  1694.900,     1.133687,     0.282804,     0.004443,
  1694.950,     0.827425,     0.461654,     0.001103,
  1695.000,     0.502644,     0.742957,    -0.000013,
  1695.050,     0.210070,     1.025701,     0.004559,
  1695.100,     0.015635,     1.259097,     0.005233,
  1695.150,    -0.082165,     1.238673,     0.000241,
  1695.200,    -0.114440,     0.976320,    -0.001431,
  1695.250,    -0.098873,     0.506294,    -0.002116,
  1695.300,    -0.068604,    -0.005801,    -0.003754,
  1695.350,     0.009603,    -0.496504,    -0.000039,
  1695.400,     0.156523,    -0.819703,    -0.001611,
  1695.450,     0.408804,    -0.989628,    -0.003728,
  1695.500,     0.740895,    -0.954995,    -0.006127,
  1695.550,     1.079444,    -0.679936,    -0.001771,
  1695.600,     1.408581,    -0.241350,    -0.002775,
  1695.650,     1.641787,     0.298546,    -0.004340,
  1695.700,     1.781725,     0.761163,    -0.004143,
  1695.750,     1.735811,     1.142690,    -0.002043,
  1695.800,     1.491639,     1.287671,    -0.004145,
  1695.850,     1.034603,     1.216640,     0.000311,
  1695.900,     0.444910,     0.942684,    -0.001034,
  1695.950,    -0.224526,     0.518857,     0.000428,
  1696.000,    -0.727386,     0.016242,     0.000494,
  1696.050,    -1.026187,    -0.420836,     0.006107,
  1696.100,    -1.066141,    -0.652076,     0.008260,
  1696.150,    -0.786087,    -0.530327,     0.010632,
  1696.200,    -0.350509,    -0.100584,     0.009150,
  1696.250,     0.239421,     0.537141,     0.007214,
  1696.300,     0.844751,     1.170117,     0.006782,
  1696.350,     1.348593,     1.612779,     0.004865,
  1696.400,     1.562303,     1.746676,     0.004308,
  1696.450,     1.504396,     1.612897,     0.004628,
  1696.500,     1.250487,     1.228865,     0.000911,
  1696.550,     0.864928,     0.726397,    -0.000025,
  1696.600,     0.419880,     0.259011,     0.002623,
  1696.650,     0.069242,    -0.063428,     0.009710,
  1696.700,    -0.134287,    -0.152744,    -0.003177,
  1696.750,    -0.213988,    -0.072411,    -0.005565,
  1696.800,    -0.196474,     0.120159,    -0.006313,
  1696.850,    -0.118611,     0.423928,    -0.005421,
  1696.900,    -0.052510,     0.709750,    -0.001361,
  1696.950,     0.049662,     1.026023,    -0.006629,
  1697.000,     0.185676,     1.315422,    -0.007188,
  1697.050,     0.293763,     1.543624,     0.002246,
  1697.100,     0.338848,     1.707006,     0.004701,
  1697.150,     0.315690,     1.788889,     0.000003,
  1697.200,     0.348071,     1.776160,     0.001688,
  1697.250,     0.457520,     1.690371,     0.002090,
  1697.300,     0.660728,     1.527791,    -0.002410,
  1697.350,     0.949503,     1.330025,    -0.002845,
  1697.400,     1.193860,     1.178847,    -0.000606,
  1697.450,     1.384690,     1.114457,     0.006334,
  1697.500,     1.478675,     1.147654,     0.006811,
  1697.550,     1.435027,     1.260431,     0.004900,
  1697.600,     1.287824,     1.396614,     0.009321,
  1697.650,     1.046223,     1.472952,     0.008236,
  1697.700,     0.702506,     1.368465,     0.011043,
  1697.750,     0.320945,     1.130898,     0.003933,
  1697.800,    -0.025852,     0.844827,     0.006232,
  1697.850,    -0.335571,     0.674545,     0.010461,
  1697.900,    -0.476916,     0.771067,     0.006796,
  1697.950,    -0.412108,     1.108862,     0.001066,
  1698.000,    -0.166717,     1.613853,    -0.004184,
  1698.050,     0.164624,     2.130295,     0.002836,
  1698.100,     0.441957,     2.564848,     0.001705,
  1698.150,     0.559889,     2.775530,    -0.000568,
  1698.200,     0.496207,     2.623393,    -0.003195,
  1698.250,     0.328594,     2.157658,    -0.003867,
  1698.300,     0.193294,     1.523636,    -0.004664,
  1698.350,     0.163470,     0.982200,     0.002167,
  1698.400,     0.236756,     0.644066,    -0.008098,
  1698.450,     0.398358,     0.527354,    -0.013360,
  1698.500,     0.631848,     0.545730,    -0.001565,
  1698.550,     0.801491,     0.742787,    -0.001682,
  1698.600,     0.885841,     0.995847,    -0.002372,
  1698.650,     0.830126,     1.265533,    -0.004466,
  1698.700,     0.672114,     1.474968,    -0.000253,
  1698.750,     0.354609,     1.525778,     0.000088,
  1698.800,     0.035724,     1.514488,     0.007245,
  1698.850,    -0.177604,     1.456610,     0.003697,
  1698.900,    -0.264597,     1.369822,     0.001144,
  1698.950,    -0.258566,     1.291055,     0.003961,
  1699.000,    -0.183954,     1.147038,    -0.001991,
  1699.050,    -0.033110,     0.943440,     0.007411,
  1699.100,     0.186410,     0.729823,     0.008444,
  1699.150,     0.426089,     0.651807,     0.003380,
  1699.200,     0.614844,     0.766728,     0.007231,
  1699.250,     0.703337,     0.959094,     0.003240,
  1699.300,     0.619653,     1.079285,    -0.000095,
  1699.350,     0.402810,     1.017662,     0.000158,
  1699.400,     0.125041,     0.750040,     0.001656,
  1699.450,    -0.199528,     0.296059,     0.003294,
  1699.500,    -0.457883,    -0.227596,    -0.004779,
  1699.550,    -0.650676,    -0.738272,    -0.007521,
  1699.600,    -0.750490,    -1.066399,    -0.001818,
  1699.650,    -0.719346,    -1.086662,    -0.004493,
  1699.700,    -0.575956,    -0.732967,     0.000963,
  1699.750,    -0.409272,    -0.047674,     0.004044,
  1699.800,    -0.313051,     0.839081,     0.002554,
  1699.850,    -0.286739,     1.752978,    -0.000814,
  1699.900,    -0.339516,     2.450384,    -0.003316,
  1699.950,    -0.488140,     2.840175,    -0.002167,
  1700.000,    -0.692333,     2.866925,    -0.001630,
  1700.050,    -0.875762,     2.536581,     0.002503,
  1700.100,    -1.006242,     1.955277,     0.006337,
  1700.150,    -0.991389,     1.258269,    -0.000469,
  1700.200,    -0.819382,     0.631063,    -0.002767,
  1700.250,    -0.477699,     0.214407,    -0.001337,
  1700.300,    -0.009970,     0.035360,    -0.004291,
  1700.350,     0.525117,     0.106097,     0.003630,
  1700.400,     0.999326,     0.356125,    -0.000193,
  1700.450,     1.271791,     0.698159,    -0.004704,
  1700.500,     1.329162,     1.100381,     0.000627,
  1700.550,     1.202262,     1.486258,    -0.003240,
  1700.600,     0.960701,     1.795552,     0.000378,
  1700.650,     0.660207,     1.998714,    -0.006785,
  1700.700,     0.335070,     2.124292,    -0.002623,
  1700.750,     0.122318,     2.223595,     0.000250,
  1700.800,     0.019030,     2.279434,     0.001077,
  1700.850,     0.017851,     2.212552,    -0.001716,
  1700.900,     0.082036,     1.975957,    -0.003685,
  1700.950,     0.198026,     1.574126,     0.000980,
  1701.000,     0.375759,     1.078355,     0.004206,
  1701.050,     0.579781,     0.565921,     0.009613,
  1701.100,     0.773069,     0.105276,     0.001307,
  1701.150,     0.971026,    -0.195628,     0.006541,
  1701.200,     1.083553,    -0.379004,     0.001585,
  1701.250,     1.157006,    -0.398505,     0.006603,
  1701.300,     1.135531,    -0.296935,    -0.000691,
  1701.350,     1.005467,    -0.112662,     0.002369,
  1701.400,     0.770667,     0.193048,     0.003605,
  1701.450,     0.514041,     0.542926,     0.007591,
  1701.500,     0.320827,     0.940374,     0.004652,
  1701.550,     0.210485,     1.319942,    -0.001069,
  1701.600,     0.174349,     1.636360,    -0.000367,
  1701.650,     0.236778,     1.862691,    -0.003883,
  1701.700,     0.342966,     1.914803,    -0.002288,
  1701.750,     0.442911,     1.812830,     0.000771,
  1701.800,     0.448756,     1.497084,    -0.005507,
  1701.850,     0.353584,     1.093463,    -0.004242,
  1701.900,     0.240496,     0.715838,    -0.002699,
  1701.950,     0.218237,     0.412858,    -0.005034,
  1702.000,     0.367962,     0.207046,    -0.007289,
  1702.050,     0.681556,    -0.002225,    -0.006451,
  1702.100,     1.090311,    -0.152308,    -0.003840,
  1702.150,     1.447070,    -0.196308,     0.001722,
  1702.200,     1.714266,    -0.144487,     0.001995,
  1702.250,     1.848424,    -0.024069,    -0.002959,
  1702.300,     1.695598,     0.188871,    -0.000191,
  1702.350,     1.321940,     0.432309,     0.002202,
  1702.400,     0.827479,     0.746406,     0.005694,
  1702.450,     0.388296,     1.113395,     0.007298,
  1702.500,     0.053773,     1.465388,     0.010163,
  1702.550,    -0.110875,     1.738564,     0.006106,
  1702.600,    -0.082690,     1.847772,     0.001042,
  1702.650,     0.020776,     1.741479,     0.004152,
  1702.700,     0.224907,     1.477008,     0.011113,
  1702.750,     0.493563,     1.112401,     0.003912,
  1702.800,     0.745141,     0.725569,     0.005967,
  1702.850,     0.947577,     0.264683,     0.003245,
  1702.900,     1.044023,    -0.083359,     0.004579,
  1702.950,     1.064261,    -0.329628,     0.000191,
  1703.000,     1.024590,    -0.467160,    -0.000752,
  1703.050,     0.905693,    -0.516775,    -0.005509,
  1703.100,     0.732200,    -0.552785,    -0.011040,
  1703.150,     0.482083,    -0.531802,    -0.007613,
  1703.200,     0.217177,    -0.392810,    -0.007838,
  1703.250,     0.036420,    -0.156744,    -0.010651,
  1703.300,     0.004632,     0.229008,    -0.005814,
  1703.350,     0.068868,     0.770950,    -0.004177,
  1703.400,     0.142212,     1.354544,    -0.005513,
  1703.450,     0.100279,     1.873694,    -0.003825,
  1703.500,    -0.028892,     2.146879,     0.001139,
  1703.550,    -0.271270,     2.142156,     0.002506,
  1703.600,    -0.579873,     1.924068,     0.000682,
  1703.650,    -0.834593,     1.563748,    -0.000732,
  1703.700,    -0.929673,     1.072622,    -0.000035,
  1703.750,    -0.792114,     0.518133,     0.003856,
  1703.800,    -0.409749,     0.011478,    -0.001113,
  1703.850,     0.179509,    -0.299374,     0.003455,
  1703.900,     0.846472,    -0.382060,     0.007196,
  1703.950,     1.435002,    -0.316831,     0.007993,
  1704.000,     1.858430,    -0.070874,     0.005502,
  1704.050,     1.966177,     0.321376,     0.008500,
  1704.100,     1.808530,     0.846238,     0.003215,
  1704.150,     1.452968,     1.416767,     0.001095,
  1704.200,     0.957266,     1.969961,     0.004403,
  1704.250,     0.414013,     2.376415,     0.006822,
  1704.300,    -0.052745,     2.539956,    -0.003880,
  1704.350,    -0.341396,     2.443849,    -0.003431,
  1704.400,    -0.398068,     2.187560,    -0.003485,
  1704.450,    -0.291904,     1.799463,     0.000861,
  1704.500,    -0.064202,     1.304165,    -0.000028,
  1704.550,     0.227354,     0.827102,    -0.000545,
  1704.600,     0.536713,     0.365469,    -0.001647,
  1704.650,     0.829188,     0.092568,    -0.001839,
  1704.700,     1.006621,     0.001743,    -0.002736,
  1704.750,     1.053235,     0.116562,    -0.002854,
  1704.800,     0.996759,     0.365459,     0.000829,
  1704.850,     0.895263,     0.687396,    -0.004686,
  1704.900,     0.785015,     1.080751,    -0.002526,
  1704.950,     0.636280,     1.547032,     0.003912,
  1705.000,     0.453641,     2.028004,     0.000205,
  1705.050,     0.215237,     2.429532,     0.001420,
  1705.100,    -0.027983,     2.701087,     0.000477,
  1705.150,    -0.232675,     2.786637,     0.005220,
  1705.200,    -0.386764,     2.728654,     0.004171,
  1705.250,    -0.471496,     2.588807,     0.004106,
  1705.300,    -0.486638,     2.410819,     0.009486,
  1705.350,    -0.427863,     2.126121,     0.006541,
  1705.400,    -0.356107,     1.815159,     0.002506,
  1705.450,    -0.191242,     1.533803,     0.000945,
  1705.500,     0.002853,     1.343352,     0.001236,
  1705.550,     0.262563,     1.294895,    -0.004891,
  1705.600,     0.568959,     1.230120,    -0.000182,
  1705.650,     0.866837,     1.093479,     0.000925,
  1705.700,     1.109145,     0.922447,    -0.002356,
  1705.750,     1.278963,     0.741133,    -0.001640,
  1705.800,     1.321403,     0.618669,     0.001009,
  1705.850,     1.207246,     0.557503,     0.005079,
  1705.900,     0.928364,     0.585135,     0.004099,
  1705.950,     0.557287,     0.704118,     0.004971,
  1706.000,     0.217929,     0.924126,     0.000681,
  1706.050,    -0.096700,     1.228105,     0.004632,
  1706.100,    -0.320684,     1.440186,     0.002076,
  1706.150,    -0.468143,     1.537056,     0.000458,
  1706.200,    -0.551208,     1.431115,     0.004244,
  1706.250,    -0.522334,     1.193729,    -0.001661,
  1706.300,    -0.369732,     0.862866,    -0.000959,
  1706.350,    -0.163424,     0.475642,    -0.001859,
  1706.400,     0.102508,     0.149753,    -0.003882,
  1706.450,     0.398656,    -0.050592,     0.001174,
  1706.500,     0.653520,    -0.147607,     0.003634,
  1706.550,     0.933670,    -0.136650,     0.000986,
  1706.600,     1.163362,    -0.023186,    -0.001398,
  1706.650,     1.276304,     0.111666,     0.000174,
  1706.700,     1.246654,     0.334724,    -0.000592,
  1706.750,     1.069425,     0.646764,    -0.001086,
  1706.800,     0.808295,     0.982969,     0.004923,
  1706.850,     0.498007,     1.270086,     0.002392,
  1706.900,     0.194230,     1.533274,    -0.002709,
  1706.950,    -0.095394,     1.732812,     0.000548,
  1707.000,    -0.313627,     1.885977,     0.004035,
  1707.050,    -0.417546,     1.991964,     0.001334,
  1707.100,    -0.438609,     2.012803,     0.006093,
  1707.150,    -0.440441,     1.977728,     0.001580,
  1707.200,    -0.409390,     1.943583,     0.002885,
  1707.250,    -0.293953,     1.878060,     0.004595,
  1707.300,    -0.143119,     1.716188,     0.000372,
  1707.350,     0.105124,     1.452515,     0.003584,
  1707.400,     0.414686,     1.139832,     0.001601,
  1707.450,     0.763850,     0.851223,    -0.000798,
  1707.500,     1.177337,     0.639538,     0.000279,
  1707.550,     1.479028,     0.604060,    -0.002362,
  1707.600,     1.580658,     0.813209,     0.001219,
  1707.650,     1.428108,     1.263659,     0.002106,
  1707.700,     1.135796,     1.836553,     0.003175,
  1707.750,     0.718930,     2.379872,     0.003197,
  1707.800,     0.275691,     2.806634,    -0.004718,
  1707.850,    -0.172997,     3.011721,    -0.003954,
  1707.900,    -0.516728,     2.980675,    -0.003965,
  1707.950,    -0.655865,     2.724464,     0.002569,
  1708.000,    -0.595381,     2.294835,     0.000924,
  1708.050,    -0.369078,     1.783803,    -0.003462,
  1708.100,    -0.036599,     1.269205,    -0.002752,
  1708.150,     0.332585,     0.851650,    -0.000856,
  1708.200,     0.737239,     0.570834,     0.000592,
  1708.250,     1.094499,     0.472253,     0.003700,
  1708.300,     1.342359,     0.513279,     0.003184,
  1708.350,     1.460600,     0.688256,     0.001591,
  1708.400,     1.415532,     0.913415,     0.003593,
  1708.450,     1.221682,     1.097041,     0.006000,
  1708.500,     0.968261,     1.167100,     0.001606,
  1708.550,     0.677313,     1.094580,     0.005861,
  1708.600,     0.374441,     0.988459,     0.004235,
  1708.650,     0.100805,     0.890508,     0.001658,
  1708.700,    -0.121892,     0.825239,     0.000810,
  1708.750,    -0.259689,     0.834482,    -0.002021,
  1708.800,    -0.229860,     0.937989,     0.000941,
  1708.850,    -0.096029,     1.132657,     0.000729,
  1708.900,     0.081533,     1.381238,     0.001797,
  1708.950,     0.313898,     1.550118,    -0.000399,
  1709.000,     0.564211,     1.592862,     0.005189,
  1709.050,     0.862485,     1.496985,     0.000281,
  1709.100,     1.180499,     1.364264,    -0.004273,
  1709.150,     1.458563,     1.220443,    -0.006843,
  1709.200,     1.657789,     1.113766,    -0.002818,
  1709.250,     1.725998,     1.030876,    -0.004857,
  1709.300,     1.686556,     0.993686,    -0.003201,
  1709.350,     1.588388,     1.015238,    -0.000606,
  1709.400,     1.412984,     1.048356,     0.000510,
  1709.450,     1.182208,     1.140385,     0.005095,
  1709.500,     0.900835,     1.279681,     0.004566,
  1709.550,     0.616968,     1.419368,     0.002845,
  1709.600,     0.445053,     1.520826,    -0.000179,
  1709.650,     0.350623,     1.610550,     0.001378,
  1709.700,     0.271838,     1.662439,    -0.000001,
  1709.750,     0.217734,     1.703517,     0.001512,
  1709.800,     0.194780,     1.703155,     0.000009,
  1709.850,     0.152493,     1.587031,     0.000826,
  1709.900,     0.185557,     1.316544,     0.008073,
  1709.950,     0.224753,     0.990432,     0.004198,
  1710.000,     0.256345,     0.662223,    -0.001192,
  1710.050,     0.276474,     0.439506,    -0.000544,
  1710.100,     0.367868,     0.304805,     0.001715,
  1710.150,     0.499141,     0.298283,     0.004692,
  1710.200,     0.627027,     0.349277,    -0.000151,
  1710.250,     0.716983,     0.399695,     0.001770,
  1710.300,     0.671774,     0.466908,     0.005812,
  1710.350,     0.567075,     0.427609,     0.006346,
  1710.400,     0.372878,     0.349779,    -0.001230,
  1710.450,     0.124066,     0.249391,    -0.001124,
  1710.500,    -0.076838,     0.267603,     0.002238,
  1710.550,    -0.265996,     0.425202,     0.003642,
  1710.600,    -0.377811,     0.670064,    -0.001428,
  1710.650,    -0.411135,     0.961431,    -0.004157,
  1710.700,    -0.373177,     1.192651,    -0.008272,
  1710.750,    -0.267432,     1.314931,    -0.009731,
  1710.800,    -0.112527,     1.339182,    -0.001170,
  1710.850,     0.139197,     1.279172,    -0.004327,
  1710.900,     0.384220,     1.094842,    -0.007327,
  1710.950,     0.632819,     0.915425,    -0.004799,
  1711.000,     0.817360,     0.741791,    -0.000979,
  1711.050,     0.979851,     0.671570,    -0.007997,
  1711.100,     1.054591,     0.663055,    -0.000226,
  1711.150,     1.047037,     0.693004,     0.001714,
  1711.200,     0.967926,     0.829999,     0.002939,
  1711.250,     0.868644,     1.120037,     0.008634,
  1711.300,     0.765212,     1.462619,     0.004674,
  1711.350,     0.669836,     1.783571,     0.006456,
  1711.400,     0.540697,     1.975077,     0.008335,
  1711.450,     0.366168,     1.983953,     0.002966,
  1711.500,     0.190969,     1.791444,     0.000190,
  1711.550,     0.063706,     1.416287,     0.007493,
  1711.600,     0.011653,     0.902035,     0.004672,
  1711.650,     0.035519,     0.412966,     0.001319,
  1711.700,     0.141491,     0.053998,     0.003522,
  1711.750,     0.424293,    -0.022020,     0.001577,
  1711.800,     0.699708,     0.139481,    -0.005529,
  1711.850,     0.999909,     0.468412,    -0.000437,
  1711.900,     1.213477,     0.870126,    -0.001555,
  1711.950,     1.301664,     1.249804,    -0.001758,
  1712.000,     1.311572,     1.590034,    -0.003826,
  1712.050,     1.226675,     1.757380,    -0.008386,
  1712.100,     1.075877,     1.704202,    -0.004271,
  1712.150,     0.899130,     1.456662,    -0.007328,
  1712.200,     0.710651,     1.053388,    -0.002375,
  1712.250,     0.558977,     0.622955,    -0.006667,
  1712.300,     0.464795,     0.310986,    -0.001790,
  1712.350,     0.419052,     0.108602,     0.001091,
  1712.400,     0.401105,     0.160012,     0.001359,
  1712.450,     0.487133,     0.437557,    -0.000034,
  1712.500,     0.550189,     0.908591,     0.006716,
  1712.550,     0.610105,     1.471358,     0.004616,
  1712.600,     0.616558,     1.942300,     0.001247,
  1712.650,     0.590063,     2.241039,     0.001981,
  1712.700,     0.500349,     2.315176,     0.007980,
  1712.750,     0.469514,     2.166940,     0.006049,
  1712.800,     0.492608,     1.869105,     0.005488,
  1712.850,     0.532086,     1.530207,     0.002665,
  1712.900,     0.618192,     1.262102,     0.005691,
  1712.950,     0.787504,     1.160561,     0.005587,
  1713.000,     0.955452,     1.214127,     0.002459,
  1713.050,     1.084871,     1.422144,    -0.002971,
  1713.100,     1.094018,     1.647660,    -0.002409,
  1713.150,     1.012473,     1.855765,     0.000609,
  1713.200,     0.884735,     1.931107,    -0.003842,
  1713.250,     0.719413,     1.816466,     0.002278,
  1713.300,     0.595265,     1.621859,    -0.006060,
  1713.350,     0.508501,     1.351444,    -0.001854,
  1713.400,     0.463327,     1.063327,    -0.005986,
  1713.450,     0.485650,     0.848513,    -0.009472,
  1713.500,     0.556895,     0.704341,    -0.007583,
  1713.550,     0.636451,     0.688907,    -0.008032,
  1713.600,     0.750080,     0.819090,    -0.001475,
  1713.650,     0.815952,     1.103136,    -0.000864,
  1713.700,     0.842338,     1.409114,     0.000099,
  1713.750,     0.843715,     1.692225,     0.003850,
  1713.800,     0.884358,     1.811971,     0.002872,
  1713.850,     0.947454,     1.754821,     0.005242,
  1713.900,     1.012449,     1.591743,     0.005321,
  1713.950,     1.016354,     1.231281,     0.003779,
  1714.000,     0.942812,     0.797407,     0.004794,
  1714.050,     0.760975,     0.365158,     0.005405,
  1714.100,     0.524196,     0.034516,     0.005522,
  1714.150,     0.275638,    -0.026658,     0.013430,
  1714.200,     0.119349,     0.184675,    -0.001282,
  1714.250,    -0.036112,     0.606210,     0.000035,
  1714.300,    -0.099221,     1.089649,     0.003767,
  1714.350,    -0.133675,     1.490815,     0.004039,
  1714.400,    -0.107441,     1.707233,    -0.003654,
  1714.450,    -0.097741,     1.719465,    -0.002058,
  1714.500,    -0.103096,     1.513489,     0.006304,
  1714.550,    -0.098503,     1.197705,    -0.003115,
  1714.600,    -0.029942,     0.856871,    -0.006197,
  1714.650,     0.095704,     0.634544,    -0.007977,
  1714.700,     0.270510,     0.617475,    -0.005321,
  1714.750,     0.424874,     0.725275,    -0.001146,
  1714.800,     0.548286,     0.924123,    -0.008719,
  1714.850,     0.578550,     1.106387,    -0.003916,
  1714.900,     0.533979,     1.103005,    -0.003818,
  1714.950,     0.402379,     0.913411,     0.007775,
  1715.000,     0.218042,     0.530180,     0.004663,
  1715.050,     0.039322,     0.134683,     0.000279,
  1715.100,    -0.085590,    -0.269910,    -0.001100,
  1715.150,    -0.116083,    -0.557224,     0.002472,
  1715.200,    -0.102501,    -0.683033,     0.001152,
  1715.250,    -0.057798,    -0.571705,     0.008173,
  1715.300,     0.038927,    -0.304670,     0.007910,
  1715.350,     0.165917,     0.078485,     0.005279,
  1715.400,     0.328138,     0.538393,     0.007808,
  1715.450,     0.470681,     1.028427,     0.002871,
  1715.500,     0.536868,     1.502242,     0.004558,
  1715.550,     0.578446,     1.844738,     0.000681,
  1715.600,     0.535629,     1.933996,    -0.000907,
  1715.650,     0.432367,     1.728565,     0.003542,
  1715.700,     0.292509,     1.229859,     0.002933,
  1715.750,     0.164097,     0.540926,     0.003441,
  1715.800,     0.099563,    -0.165826,     0.000593,
  1715.850,     0.128460,    -0.740224,    -0.001915,
  1715.900,     0.271830,    -1.057480,     0.001557,
  1715.950,     0.431300,    -1.035766,    -0.000216,
  1716.000,     0.607218,    -0.629646,    -0.001620,
  1716.050,     0.763708,     0.073212,    -0.004382,
  1716.100,     0.852409,     0.854730,    -0.003947,
  1716.150,     0.888522,     1.581930,    -0.001600,
  1716.200,     0.829761,     2.064901,    -0.006222,
  1716.250,     0.725363,     2.253151,    -0.002118,
  1716.300,     0.557242,     2.119534,     0.004573,
  1716.350,     0.407941,     1.736978,     0.002077,
  1716.400,     0.298820,     1.250300,    -0.000161,
  1716.450,     0.289904,     0.746373,     0.000925,
  1716.500,     0.397294,     0.391037,     0.005903,
  1716.550,     0.597442,     0.223613,     0.001130,
  1716.600,     0.878241,     0.227837,     0.005087,
  1716.650,     1.181815,     0.283777,     0.004022,
  1716.700,     1.438467,     0.363875,    -0.002903,
  1716.750,     1.527239,     0.414411,     0.006133,
  1716.800,     1.466181,     0.382238,    -0.001991,
  1716.850,     1.235587,     0.386000,     0.000674,
  1716.900,     0.950709,     0.413724,    -0.003482,
  1716.950,     0.588864,     0.532464,    -0.002538,
  1717.000,     0.354945,     0.767610,     0.000740,
  1717.050,     0.185957,     1.103108,    -0.000057,
  1717.100,     0.169671,     1.447134,    -0.000747,
  1717.150,     0.273284,     1.758704,     0.005633,
  1717.200,     0.454575,     1.913312,    -0.005033,
  1717.250,     0.583031,     1.989301,    -0.000251,
  1717.300,     0.659458,     1.956454,     0.001239,
  1717.350,     0.626582,     1.767766,    -0.001522,
  1717.400,     0.538378,     1.530295,     0.001599,
  1717.450,     0.429141,     1.168417,     0.005547,
  1717.500,     0.336562,     0.812636,     0.009338,
  1717.550,     0.246133,     0.407275,     0.002879,
  1717.600,     0.181563,     0.038021,     0.001433,
  1717.650,     0.182395,    -0.290806,    -0.000539,
  1717.700,     0.240792,    -0.475594,     0.002966,
  1717.750,     0.301525,    -0.410213,     0.003812,
  1717.800,     0.436914,    -0.052088,     0.001050,
  1717.850,     0.533877,     0.457475,     0.000240,
  1717.900,     0.512914,     0.988306,     0.009377,
  1717.950,     0.439878,     1.415740,     0.001724,
  1718.000,     0.299909,     1.668179,    -0.000235,
  1718.050,     0.079451,     1.705765,     0.001252,
  1718.100,    -0.180572,     1.583977,     0.002240,
  1718.150,    -0.421939,     1.329943,    -0.000932,
  1718.200,    -0.554353,     1.036802,     0.002468,
  1718.250,    -0.560014,     0.768220,    -0.000770,
  1718.300,    -0.366415,     0.553401,    -0.001499,
  1718.350,    -0.063850,     0.472896,    -0.001097,
  1718.400,     0.267368,     0.491900,    -0.001322,
  1718.450,     0.527683,     0.624468,     0.003844,
  1718.500,     0.675186,     0.761028,     0.006838,
  1718.550,     0.670497,     0.885877,     0.001771,
  1718.600,     0.525596,     0.965360,    -0.001142,
  1718.650,     0.271409,     1.019752,     0.002725,
  1718.700,     0.068748,     1.055398,    -0.001340,
  1718.750,    -0.033176,     1.122704,     0.000355,
  1718.800,    -0.009030,     1.344286,     0.007476,
  1718.850,     0.194802,     1.613377,     0.000795,
  1718.900,     0.522821,     1.994283,     0.001951,
  1718.950,     0.826099,     2.344918,    -0.001860,
  1719.000,     1.040040,     2.580013,     0.001206,
  1719.050,     1.123434,     2.720220,    -0.008062,
  1719.100,     1.122635,     2.634843,     0.000438,
  1719.150,     1.083168,     2.351094,    -0.003390,
  1719.200,     1.077008,     1.910511,    -0.004792,
  1719.250,     1.090095,     1.332618,     0.002477,
  1719.300,     1.186540,     0.717710,    -0.008363,
  1719.350,     1.412265,     0.149211,    -0.002338,
  1719.400,     1.673420,    -0.231224,     0.000250,
  1719.450,     1.886579,    -0.365955,     0.001293,
  1719.500,     2.069086,    -0.252983,     0.001317,
  1719.550,     2.146122,     0.065889,     0.007067,
  1719.600,     2.196436,     0.584058,     0.001425,
  1719.650,     2.138333,     1.177586,     0.005902,
  1719.700,     1.904534,     1.803306,     0.001820,
  1719.750,     1.520668,     2.287425,     0.005250,
  1719.800,     1.025262,     2.540220,    -0.001138,
  1719.850,     0.453595,     2.506058,     0.000005,
  1719.900,    -0.085632,     2.308830,    -0.006038,
  1719.950,    -0.501427,     1.970036,    -0.001801,
  1720.000,    -0.712086,     1.608460,     0.001729,

