Time_abs/ps, Signal 1/nA, Ref.signal 1/nA, Signal 2/nA, Ref.signal 2/nA
  1600.000,    -0.006831,     0.007615,    -0.009436,
  1600.050,     0.001660,    -0.004646,    -0.003879,
  1600.100,    -0.009938,     0.011497,     0.006361,
  1600.150,     0.012070,    -0.005388,     0.001983,
  1600.200,     0.003040,    -0.009079,     0.004971,
  1600.250,     0.008156,    -0.022884,     0.001377,
  1600.300,     0.003386,    -0.011605,     0.002894,
  1600.350,    -0.007774,     0.000561,     0.000463,
  1600.400,     0.007082,     0.010459,     0.004563,
  1600.450,     0.002952,     0.008771,    -0.002764,
  1600.500,     0.007608,    -0.000034,    -0.005484,
  1600.550,    -0.013133,    -0.009125,    -0.006768,
  1600.600,    -0.011194,    -0.021215,    -0.008419,
  1600.650,    -0.006378,    -0.028924,    -0.005124,
  1600.700,    -0.018171,    -0.024922,    -0.005259,
  1600.750,    -0.005598,    -0.033412,    -0.008978,
  1600.800,    -0.007706,    -0.027306,    -0.006115,
  1600.850,     0.011021,    -0.001638,     0.002223,
  1600.900,    -0.006585,    -0.017430,     0.000506,
  1600.950,     0.014619,    -0.006954,     0.001972,
  1601.000,    -0.001088,    -0.025601,     0.003777,
  1601.050,     0.012904,    -0.025349,     0.003584,
  1601.100,     0.005937,    -0.009534,     0.003198,
  1601.150,    -0.004743,    -0.028449,     0.009675,
  1601.200,    -0.000220,    -0.018410,    -0.001180,
  1601.250,    -0.014264,    -0.022588,     0.003874,
  1601.300,    -0.024635,    -0.037640,    -0.004931,
  1601.350,    -0.010113,    -0.024145,    -0.008114,
  1601.400,    -0.011600,    -0.019708,    -0.007231,
  1601.450,    -0.003871,    -0.036830,    -0.011924,
  1601.500,    -0.003687,    -0.020360,    -0.015895,
  1601.550,     0.003471,    -0.021295,    -0.013790,
  1601.600,    -0.022778,    -0.019094,    -0.006442,
  1601.650,    -0.030995,    -0.038961,     0.001258,
  1601.700,    -0.019153,    -0.039712,     0.001405,
  1601.750,     0.010396,    -0.046448,    -0.005011,
  1601.800,     0.014035,    -0.049859,    -0.000598,
  1601.850,    -0.001625,    -0.056273,     0.008982,
  1601.900,     0.003095,    -0.066449,     0.003809,
  1601.950,    -0.003235,    -0.072077,     0.008923,
  1602.000,    -0.013080,    -0.063971,     0.004093,
  1602.050,     0.012776,    -0.049452,     0.006834,
  1602.100,     0.011383,    -0.059367,     0.000063,
  1602.150,     0.000453,    -0.063293,    -0.001902,
  1602.200,    -0.001922,    -0.057947,    -0.002682,
  1602.250,    -0.003638,    -0.047525,    -0.000766,
  1602.300,     0.003536,    -0.066134,    -0.005560,
  1602.350,    -0.006399,    -0.074133,    -0.005847,
  1602.400,    -0.013401,    -0.077379,    -0.003135,
  1602.450,    -0.018609,    -0.060169,    -0.005408,
  1602.500,    -0.008425,    -0.080268,    -0.005236,
  1602.550,     0.004699,    -0.067907,    -0.007258,
  1602.600,     0.003647,    -0.099132,    -0.002558,
  1602.650,    -0.016968,    -0.079462,    -0.002356,
  1602.700,     0.003416,    -0.061615,    -0.002258,
  1602.750,    -0.008465,    -0.055587,     0.001618,
  1602.800,    -0.000791,    -0.049285,    -0.002854,
  1602.850,     0.003970,    -0.061351,     0.002358,
  1602.900,    -0.001059,    -0.051576,     0.009134,
  1602.950,    -0.000093,    -0.030425,     0.002283,
  1603.000,    -0.009227,    -0.045516,     0.005650,
  1603.050,    -0.017460,    -0.046597,    -0.002319,
  1603.100,    -0.012684,    -0.041525,     0.000619,
  1603.150,    -0.006392,    -0.058770,     0.001054,
  1603.200,    -0.020857,    -0.067038,    -0.003614,
  1603.250,    -0.020754,    -0.060943,    -0.000874,
  1603.300,    -0.028823,    -0.046130,    -0.007887,
  1603.350,    -0.014499,    -0.044856,    -0.009915,
  1603.400,    -0.012346,    -0.048941,    -0.009188,
  1603.450,    -0.021105,    -0.057768,    -0.009981,
  1603.500,    -0.022429,    -0.061647,    -0.003539,
  1603.550,    -0.039297,    -0.072860,    -0.005810,
  1603.600,    -0.015650,    -0.050958,    -0.006346,
  1603.650,    -0.000956,    -0.058043,    -0.005657,
  1603.700,     0.005162,    -0.046480,    -0.000188,
  1603.750,     0.004460,    -0.039911,     0.001310,
  1603.800,    -0.008876,    -0.055079,     0.004168,
  1603.850,    -0.015895,    -0.055890,     0.007489,
  1603.900,    -0.007002,    -0.060794,     0.008528,
  1603.950,     0.004312,    -0.056321,     0.005600,
  1604.000,    -0.024194,    -0.053461,     0.004318,
  1604.050,    -0.013510,    -0.061511,     0.005181,
  1604.100,    -0.002531,    -0.073083,    -0.000540,
  1604.150,    -0.011487,    -0.058812,    -0.001345,
  1604.200,    -0.019778,    -0.056921,     0.001895,
  1604.250,    -0.020007,    -0.052816,    -0.002454,
  1604.300,    -0.046484,    -0.051204,    -0.004373,
  1604.350,    -0.030450,    -0.050098,    -0.007074,
  1604.400,    -0.030442,    -0.051308,    -0.007060,
  1604.450,    -0.024298,    -0.055452,    -0.007171,
  1604.500,    -0.041607,    -0.068069,    -0.005639,
  1604.550,    -0.043375,    -0.050001,    -0.003546,
  1604.600,    -0.039043,    -0.060544,    -0.002861,
  1604.650,    -0.038387,    -0.066102,    -0.000095,
  1604.700,    -0.040780,    -0.067510,    -0.001788,
  1604.750,    -0.022437,    -0.069713,     0.000074,
  1604.800,    -0.012683,    -0.075049,     0.003236,
  1604.850,    -0.002634,    -0.068252,     0.000408,
  1604.900,    -0.012240,    -0.068048,     0.000796,
  1604.950,    -0.012977,    -0.057182,     0.004949,
  1605.000,    -0.018373,    -0.074073,     0.010110,
  1605.050,    -0.014803,    -0.073767,     0.003429,
  1605.100,    -0.014797,    -0.058804,    -0.002389,
  1605.150,     0.012014,    -0.074817,    -0.001867,
  1605.200,     0.001186,    -0.054424,    -0.000788,
  1605.250,    -0.009961,    -0.059604,     0.002064,
  1605.300,    -0.003737,    -0.073760,    -0.002840,
  1605.350,    -0.025382,    -0.080658,    -0.003991,
  1605.400,    -0.007756,    -0.064059,    -0.002624,
  1605.450,    -0.018907,    -0.066206,    -0.006578,
  1605.500,    -0.013979,    -0.061892,    -0.006884,
  1605.550,    -0.002574,    -0.056416,    -0.000660,
  1605.600,    -0.020887,    -0.060449,    -0.009629,
  1605.650,    -0.028138,    -0.062375,    -0.008460,
  1605.700,    -0.028955,    -0.064690,    -0.000402,
  1605.750,    -0.027278,    -0.067201,     0.003039,
  1605.800,    -0.019723,    -0.053317,     0.005031,
  1605.850,    -0.000321,    -0.075328,     0.007760,
  1605.900,     0.019382,    -0.081720,    -0.000557,
  1605.950,    -0.004976,    -0.084957,    -0.000233,
  1606.000,    -0.002395,    -0.063255,     0.008654,
  1606.050,    -0.002068,    -0.061329,     0.004362,
  1606.100,     0.000790,    -0.043735,     0.003452,
  1606.150,    -0.000838,    -0.050841,     0.000623,
  1606.200,     0.004821,    -0.062682,     0.004157,
  1606.250,    -0.022249,    -0.048538,     0.002485,
  1606.300,    -0.002281,    -0.051206,    -0.001827,
  1606.350,     0.004180,    -0.056931,    -0.001599,
  1606.400,     0.014422,    -0.061721,    -0.000338,
  1606.450,    -0.003917,    -0.077838,    -0.002278,
  1606.500,     0.000698,    -0.075351,    -0.008208,
  1606.550,    -0.008764,    -0.045355,    -0.000130,
  1606.600,    -0.003810,    -0.075436,    -0.000615,
  1606.650,     0.005172,    -0.075216,    -0.004809,
  1606.700,    -0.015039,    -0.067222,    -0.000733,
  1606.750,     0.008727,    -0.063340,    -0.003245,
  1606.800,     0.021924,    -0.069187,    -0.005480,
  1606.850,     0.004607,    -0.065506,    -0.005573,
  1606.900,     0.009263,    -0.051772,    -0.006987,
  1606.950,     0.015989,    -0.049198,     0.000948,
  1607.000,     0.014767,    -0.044549,    -0.000629,
  1607.050,     0.012559,    -0.057717,     0.004405,
  1607.100,    -0.000172,    -0.057853,     0.006731,
  1607.150,     0.023113,    -0.075347,     0.004662,
  1607.200,     0.033286,    -0.075670,     0.001385,
  1607.250,     0.009698,    -0.067853,     0.005985,
  1607.300,     0.013658,    -0.065862,     0.005273,
  1607.350,     0.011372,    -0.091792,     0.005117,
  1607.400,     0.021273,    -0.095613,     0.002768,
  1607.450,     0.028010,    -0.089350,     0.001533,
  1607.500,     0.013032,    -0.075400,     0.003031,
  1607.550,     0.005641,    -0.104859,    -0.002545,
  1607.600,     0.007778,    -0.098777,    -0.003273,
  1607.650,    -0.007022,    -0.092790,    -0.006420,
  1607.700,    -0.006883,    -0.102410,    -0.005900,
  1607.750,     0.013243,    -0.103796,    -0.006788,
  1607.800,     0.031876,    -0.101278,    -0.001850,
  1607.850,     0.010756,    -0.124529,    -0.003154,
  1607.900,     0.019839,    -0.136633,     0.001151,
  1607.950,     0.021908,    -0.124998,    -0.002361,
  1608.000,     0.025788,    -0.137278,     0.000679,
  1608.050,     0.028676,    -0.131250,     0.001824,
  1608.100,     0.038723,    -0.141260,     0.001956,
  1608.150,     0.039510,    -0.161652,    -0.002926,
  1608.200,     0.041941,    -0.162870,     0.004399,
  1608.250,     0.044536,    -0.156415,     0.011704,
  1608.300,     0.017363,    -0.147483,     0.007135,
  1608.350,     0.031815,    -0.147606,     0.002577,
  1608.400,     0.032465,    -0.157783,     0.000425,
  1608.450,     0.028416,    -0.149063,    -0.001319,
  1608.500,     0.014909,    -0.130967,     0.001079,
  1608.550,     0.030812,    -0.132564,     0.001516,
  1608.600,     0.025998,    -0.131408,    -0.004429,
  1608.650,     0.021175,    -0.119437,     0.001793,
  1608.700,     0.041882,    -0.132012,    -0.004311,
  1608.750,     0.023302,    -0.130531,    -0.007115,
  1608.800,     0.003673,    -0.127366,    -0.001377,
  1608.850,     0.013611,    -0.114349,    -0.009447,
  1608.900,     0.026030,    -0.118084,    -0.006965,
  1608.950,     0.022851,    -0.108535,    -0.003642,
  1609.000,     0.010019,    -0.122791,    -0.005825,
  1609.050,     0.020040,    -0.112637,    -0.007828,
  1609.100,     0.031075,    -0.100752,    -0.000373,
  1609.150,     0.032271,    -0.101737,     0.002017,
  1609.200,     0.035612,    -0.083625,    -0.001736,
  1609.250,     0.016962,    -0.090299,     0.000225,
  1609.300,    -0.002448,    -0.092264,    -0.001490,
  1609.350,     0.033834,    -0.063074,     0.005530,
  1609.400,     0.026581,    -0.072413,     0.008099,
  1609.450,     0.015364,    -0.097468,     0.004701,
  1609.500,     0.031400,    -0.062004,     0.007772,
  1609.550,     0.041280,    -0.074665,     0.004094,
  1609.600,     0.029027,    -0.082541,     0.001566,
  1609.650,     0.032034,    -0.095405,     0.003931,
  1609.700,     0.021887,    -0.072481,    -0.000112,
  1609.750,     0.024473,    -0.073364,    -0.003018,
  1609.800,     0.005612,    -0.048757,    -0.007792,
  1609.850,     0.011414,    -0.050317,    -0.006336,
  1609.900,     0.001712,    -0.050132,    -0.005301,
  1609.950,     0.008260,    -0.052159,    -0.007918,
  1610.000,     0.028656,    -0.076507,    -0.006280,
  1610.050,     0.019224,    -0.090168,     0.000991,
  1610.100,     0.001211,    -0.092489,    -0.000755,
  1610.150,     0.000550,    -0.092585,    -0.000869,
  1610.200,     0.011328,    -0.087222,    -0.003777,
  1610.250,    -0.004392,    -0.102442,     0.001232,
  1610.300,     0.005884,    -0.110517,     0.001679,
  1610.350,    -0.009436,    -0.117500,    -0.005898,
  1610.400,     0.017740,    -0.123959,    -0.002584,
  1610.450,     0.013244,    -0.132789,     0.003971,
  1610.500,     0.004969,    -0.137259,     0.004618,
  1610.550,    -0.003164,    -0.141640,     0.006147,
  1610.600,    -0.001598,    -0.131035,     0.009924,
  1610.650,    -0.010579,    -0.137492,     0.010458,
  1610.700,     0.000313,    -0.131505,    -0.000785,
  1610.750,    -0.010706,    -0.161033,    -0.002813,
  1610.800,    -0.010410,    -0.172221,    -0.000855,
  1610.850,     0.007435,    -0.194941,    -0.005636,
  1610.900,     0.009353,    -0.172747,    -0.008366,
  1610.950,     0.012121,    -0.179672,    -0.007118,
  1611.000,     0.014126,    -0.196484,    -0.002720,
  1611.050,     0.007710,    -0.217035,    -0.008497,
  1611.100,    -0.001430,    -0.213329,    -0.017393,
  1611.150,     0.003278,    -0.239635,    -0.010774,
  1611.200,    -0.006972,    -0.240099,    -0.003369,
  1611.250,     0.006214,    -0.215287,    -0.000556,
  1611.300,     0.015259,    -0.217257,    -0.003949,
  1611.350,    -0.004553,    -0.223915,    -0.005003,
  1611.400,    -0.008660,    -0.225158,     0.000686,
  1611.450,     0.020294,    -0.227445,     0.001140,
  1611.500,     0.031952,    -0.219021,     0.006215,
  1611.550,     0.022393,    -0.196926,     0.003294,
  1611.600,     0.006541,    -0.221091,     0.002797,
  1611.650,     0.018030,    -0.212736,     0.008781,
  1611.700,    -0.004306,    -0.199161,     0.005600,
  1611.750,    -0.011030,    -0.192209,     0.002146,
  1611.800,     0.011989,    -0.199529,     0.004764,
  1611.850,     0.002528,    -0.174264,    -0.000011,
  1611.900,    -0.016558,    -0.168421,    -0.006279,
  1611.950,    -0.026115,    -0.185613,     0.001546,
  1612.000,    -0.020532,    -0.193127,     0.001667,
  1612.050,    -0.027914,    -0.202004,    -0.005522,
  1612.100,    -0.032748,    -0.203686,    -0.003173,
  1612.150,    -0.023126,    -0.192196,    -0.011905,
  1612.200,    -0.018522,    -0.228909,    -0.013885,
  1612.250,    -0.029957,    -0.217702,    -0.008879,
  1612.300,    -0.031338,    -0.218946,    -0.013204,
  1612.350,    -0.043756,    -0.226065,    -0.009376,
  1612.400,    -0.034169,    -0.209106,    -0.005035,
  1612.450,    -0.027896,    -0.219318,    -0.010497,
  1612.500,    -0.033289,    -0.206316,    -0.006925,
  1612.550,    -0.032492,    -0.213026,    -0.002176,
  1612.600,    -0.020714,    -0.230964,     0.000295,
  1612.650,    -0.014756,    -0.237960,    -0.005514,
  1612.700,    -0.005282,    -0.240506,     0.001582,
  1612.750,    -0.029780,    -0.236160,     0.006797,
  1612.800,    -0.018843,    -0.233167,     0.009382,
  1612.850,    -0.000199,    -0.256656,     0.009495,
  1612.900,     0.011382,    -0.239617,     0.008723,
  1612.950,     0.021431,    -0.245471,     0.007960,
  1613.000,     0.008391,    -0.262886,     0.004430,
  1613.050,     0.021162,    -0.251333,     0.001403,
  1613.100,     0.023596,    -0.256567,     0.001251,
  1613.150,    -0.001753,    -0.244889,     0.000284,
  1613.200,    -0.001905,    -0.267568,    -0.004417,
  1613.250,     0.005889,    -0.263436,    -0.004421,
  1613.300,    -0.019753,    -0.261406,    -0.004993,
  1613.350,     0.000197,    -0.262316,    -0.011660,
  1613.400,     0.001814,    -0.263597,    -0.009879,
  1613.450,    -0.014834,    -0.263895,    -0.012220,
  1613.500,    -0.007078,    -0.253962,    -0.012924,
  1613.550,    -0.022376,    -0.267384,    -0.009619,
  1613.600,    -0.017059,    -0.282852,    -0.006981,
  1613.650,    -0.003023,    -0.294390,    -0.005730,
  1613.700,    -0.001298,    -0.269291,    -0.006231,
  1613.750,     0.002781,    -0.296063,    -0.002884,
  1613.800,     0.021721,    -0.295676,    -0.002853,
  1613.850,     0.010114,    -0.290447,    -0.001789,
  1613.900,     0.002376,    -0.308364,     0.005959,
  1613.950,    -0.013832,    -0.311033,     0.005448,
  1614.000,     0.002504,    -0.298176,     0.007538,
  1614.050,     0.004021,    -0.320096,     0.013059,
  1614.100,    -0.004205,    -0.327092,     0.007132,
  1614.150,     0.003156,    -0.336267,     0.009460,
  1614.200,     0.010184,    -0.347295,     0.011307,
  1614.250,    -0.001530,    -0.345886,     0.004283,
  1614.300,    -0.020712,    -0.330335,     0.003302,
  1614.350,    -0.013141,    -0.335595,     0.002176,
  1614.400,    -0.015384,    -0.326397,    -0.002035,
  1614.450,    -0.033748,    -0.335081,    -0.007016,
  1614.500,    -0.041472,    -0.341281,    -0.006155,
  1614.550,    -0.041647,    -0.341916,    -0.005114,
  1614.600,    -0.033705,    -0.342900,    -0.006633,
  1614.650,    -0.043631,    -0.342125,    -0.009973,
  1614.700,    -0.038929,    -0.318097,    -0.008314,
  1614.750,    -0.042877,    -0.315540,    -0.009566,
  1614.800,    -0.018777,    -0.298863,    -0.005988,
  1614.850,    -0.033187,    -0.298416,    -0.003388,
  1614.900,    -0.044798,    -0.312369,    -0.005382,
  1614.950,    -0.051323,    -0.298750,    -0.007273,
  1615.000,    -0.038147,    -0.299329,    -0.003165,
  1615.050,    -0.036462,    -0.316875,    -0.000778,
  1615.100,    -0.045909,    -0.339941,     0.000641,
  1615.150,    -0.059315,    -0.354372,     0.000659,
  1615.200,    -0.035446,    -0.349586,     0.000062,
  1615.250,    -0.040820,    -0.375272,    -0.004444,
  1615.300,    -0.051681,    -0.391255,    -0.002729,
  1615.350,    -0.047817,    -0.412063,    -0.001289,
  1615.400,    -0.042980,    -0.422098,     0.000594,
  1615.450,    -0.038100,    -0.408363,    -0.001159,
  1615.500,    -0.050357,    -0.404922,     0.000372,
  1615.550,    -0.052895,    -0.411461,    -0.001095,
  1615.600,    -0.047533,    -0.401083,     0.001892,
  1615.650,    -0.049893,    -0.408784,    -0.001604,
  1615.700,    -0.050827,    -0.415894,    -0.004766,
  1615.750,    -0.047380,    -0.406058,    -0.005709,
  1615.800,    -0.059232,    -0.429032,    -0.002975,
  1615.850,    -0.049258,    -0.454615,    -0.003123,
  1615.900,    -0.037106,    -0.455064,    -0.004751,
  1615.950,    -0.045717,    -0.455368,    -0.003997,
  1616.000,    -0.039327,    -0.466990,    -0.004398,
  1616.050,    -0.052999,    -0.474880,    -0.001401,
  1616.100,    -0.058415,    -0.480263,    -0.001498,
  1616.150,    -0.041836,    -0.480738,    -0.004205,
  1616.200,    -0.039810,    -0.476577,     0.001344,
  1616.250,    -0.037100,    -0.483261,     0.002287,
  1616.300,    -0.030407,    -0.490949,     0.001183,
  1616.350,    -0.038868,    -0.490765,    -0.004686,
  1616.400,    -0.024778,    -0.495713,    -0.004349,
  1616.450,    -0.041621,    -0.492477,     0.001485,
  1616.500,    -0.060222,    -0.503176,     0.008107,
  1616.550,    -0.070343,    -0.526755,     0.007956,
  1616.600,    -0.054273,    -0.506274,     0.002356,
  1616.650,    -0.062064,    -0.492097,    -0.001222,
  1616.700,    -0.061634,    -0.494707,    -0.001011,
  1616.750,    -0.065273,    -0.491688,    -0.009114,
  1616.800,    -0.065414,    -0.491173,    -0.007306,
  1616.850,    -0.056206,    -0.493725,    -0.005238,
  1616.900,    -0.085408,    -0.487156,    -0.007678,
  1616.950,    -0.084224,    -0.489569,    -0.006868,
  1617.000,    -0.090204,    -0.506868,    -0.003156,
  1617.050,    -0.076199,    -0.487291,    -0.000587,
  1617.100,    -0.075676,    -0.474220,    -0.004418,
  1617.150,    -0.068231,    -0.483483,    -0.006413,
  1617.200,    -0.072338,    -0.473541,    -0.002055,
  1617.250,    -0.077158,    -0.474562,     0.000274,
  1617.300,    -0.065457,    -0.456456,    -0.002062,
  1617.350,    -0.069273,    -0.446705,    -0.001522,
  1617.400,    -0.064562,    -0.459078,     0.000129,
  1617.450,    -0.069729,    -0.445847,     0.004258,
  1617.500,    -0.068794,    -0.438835,     0.009323,
  1617.550,    -0.074750,    -0.433537,     0.005986,
  1617.600,    -0.077012,    -0.436497,     0.004938,
  1617.650,    -0.069837,    -0.418269,     0.001377,
  1617.700,    -0.084689,    -0.416141,     0.005798,
  1617.750,    -0.094910,    -0.407228,    -0.002210,
  1617.800,    -0.098843,    -0.401720,    -0.001683,
  1617.850,    -0.094038,    -0.380863,     0.000272,
  1617.900,    -0.108621,    -0.371745,    -0.003056,
  1617.950,    -0.105220,    -0.338327,    -0.006742,
  1618.000,    -0.087112,    -0.281234,    -0.005161,
  1618.050,    -0.081873,    -0.232384,    -0.008603,
  1618.100,    -0.083757,    -0.193871,    -0.012355,
  1618.150,    -0.114149,    -0.161821,    -0.012158,
  1618.200,    -0.108513,    -0.119875,    -0.009756,
  1618.250,    -0.099692,    -0.077524,    -0.009990,
  1618.300,    -0.119727,    -0.071774,    -0.002784,
  1618.350,    -0.109370,    -0.087374,    -0.002810,
  1618.400,    -0.116025,    -0.196099,    -0.005694,
  1618.450,    -0.130269,    -0.348139,     0.001766,
  1618.500,    -0.125086,    -0.610612,     0.000336,
  1618.550,    -0.087518,    -0.952923,    -0.003363,
  1618.600,    -0.092662,    -1.333053,    -0.000783,
  1618.650,    -0.118201,    -1.743931,     0.008213,
  1618.700,    -0.122035,    -2.126887,     0.012632,
  1618.750,    -0.116635,    -2.394161,     0.005325,
  1618.800,    -0.090462,    -2.457728,     0.004986,
  1618.850,    -0.087766,    -2.309845,     0.006647,
  1618.900,    -0.094876,    -1.995652,     0.008725,
  1618.950,    -0.088633,    -1.602009,     0.011288,
  1619.000,    -0.103906,    -1.184876,     0.006769,
  1619.050,    -0.105601,    -0.797805,     0.004913,
  1619.100,    -0.108253,    -0.520714,     0.005245,
  1619.150,    -0.121526,    -0.297820,    -0.000531,
  1619.200,    -0.119186,    -0.164513,    -0.007352,
  1619.250,    -0.133000,    -0.133796,    -0.010519,
  1619.300,    -0.148653,    -0.141140,    -0.012665,
  1619.350,    -0.145337,    -0.189173,    -0.009803,
  1619.400,    -0.145085,    -0.272831,    -0.005342,
  1619.450,    -0.151678,    -0.366149,    -0.007945,
  1619.500,    -0.159245,    -0.414662,    -0.006406,
  1619.550,    -0.174812,    -0.486669,    -0.001343,
  1619.600,    -0.175198,    -0.532702,    -0.001871,
  1619.650,    -0.162269,    -0.559336,    -0.004992,
  1619.700,    -0.149058,    -0.580338,    -0.001966,
  1619.750,    -0.150013,    -0.589772,     0.003449,
  1619.800,    -0.154252,    -0.591029,     0.001360,
  1619.850,    -0.139046,    -0.607447,    -0.000230,
  1619.900,    -0.137924,    -0.624791,     0.001266,
  1619.950,    -0.144211,    -0.651564,     0.002478,
  1620.000,    -0.138933,    -0.699427,     0.003471,
  1620.050,    -0.150183,    -0.712156,    -0.000645,
  1620.100,    -0.157918,    -0.740053,     0.003891,
  1620.150,    -0.158519,    -0.779035,     0.005282,
  1620.200,    -0.157730,    -0.777557,    -0.003692,
  1620.250,    -0.173362,    -0.783301,    -0.002233,
  1620.300,    -0.182487,    -0.795376,     0.004738,
  1620.350,    -0.182862,    -0.762885,    -0.002449,
  1620.400,    -0.172568,    -0.756703,    -0.003614,
  1620.450,    -0.162850,    -0.755122,    -0.002500,
  1620.500,    -0.159180,    -0.759587,    -0.002275,
  1620.550,    -0.168567,    -0.770126,    -0.004093,
  1620.600,    -0.183116,    -0.762379,    -0.008288,
  1620.650,    -0.199805,    -0.799293,     0.002307,
  1620.700,    -0.192011,    -0.826538,     0.002967,
  1620.750,    -0.170525,    -0.825007,     0.001167,
  1620.800,    -0.174674,    -0.836559,     0.005496,
  1620.850,    -0.171396,    -0.864981,     0.005417,
  1620.900,    -0.172386,    -0.872562,    -0.001208,
  1620.950,    -0.169227,    -0.863349,    -0.002283,
  1621.000,    -0.171083,    -0.892779,    -0.002505,
  1621.050,    -0.168629,    -0.900679,    -0.000311,
  1621.100,    -0.148483,    -0.903279,    -0.001237,
  1621.150,    -0.159740,    -0.929399,    -0.004168,
  1621.200,    -0.163627,    -0.946151,    -0.001931,
  1621.250,    -0.170405,    -0.973433,    -0.004271,
  1621.300,    -0.155990,    -1.002156,    -0.003035,
  1621.350,    -0.162669,    -1.031033,    -0.004235,
  1621.400,    -0.170745,    -1.055723,    -0.003206,
  1621.450,    -0.162636,    -1.082439,    -0.006274,
  1621.500,    -0.157307,    -1.040745,    -0.010426,
  1621.550,    -0.152192,    -1.007067,    -0.008029,
  1621.600,    -0.148685,    -0.969472,    -0.002179,
  1621.650,    -0.155736,    -0.923275,    -0.001285,
  1621.700,    -0.155404,    -0.868363,     0.000508,
  1621.750,    -0.155523,    -0.839668,    -0.000477,
  1621.800,    -0.143289,    -0.839075,    -0.001221,
  1621.850,    -0.143682,    -0.835832,     0.002015,
  1621.900,    -0.115342,    -0.868083,     0.006063,
  1621.950,    -0.115070,    -0.905803,     0.004512,
  1622.000,    -0.133660,    -0.925178,     0.007753,
  1622.050,    -0.103471,    -0.925425,     0.005881,
  1622.100,    -0.093074,    -0.933014,     0.001202,
  1622.150,    -0.082252,    -0.943333,     0.001621,
  1622.200,    -0.079123,    -0.946160,     0.002225,
  1622.250,    -0.045782,    -0.947706,     0.004779,
  1622.300,    -0.037689,    -0.936598,     0.006395,
  1622.350,    -0.003142,    -0.911204,    -0.003341,
  1622.400,     0.001269,    -0.902913,    -0.003516,
  1622.450,     0.024099,    -0.885350,    -0.004193,
  1622.500,     0.011869,    -0.852988,    -0.001058,
  1622.550,    -0.012215,    -0.809969,     0.000175,
  1622.600,    -0.050736,    -0.785377,    -0.004915,
  1622.650,    -0.167341,    -0.742969,    -0.010130,
  1622.700,    -0.316165,    -0.686576,    -0.016179,
  1622.750,    -0.499450,    -0.613374,    -0.011904,
  1622.800,    -0.722987,    -0.510101,    -0.010431,
  1622.850,    -0.922647,    -0.403846,    -0.012742,
  1622.900,    -1.063679,    -0.275957,    -0.011298,
  1622.950,    -1.133508,    -0.136301,    -0.008315,
  1623.000,    -1.079571,    -0.013895,    -0.002707,
  1623.050,    -0.919332,     0.097326,    -0.002642,
  1623.100,    -0.686244,     0.115637,     0.000994,
  1623.150,    -0.446609,     0.008123,     0.004798,
  1623.200,    -0.204511,    -0.326249,     0.007448,
  1623.250,    -0.009537,    -1.001347,     0.011200,
  1623.300,     0.115998,    -2.122518,     0.008197,
  1623.350,     0.190364,    -3.843026,     0.010306,
  1623.400,     0.212127,    -6.190226,     0.006532,
  1623.450,     0.198863,    -9.079033,     0.005483,
  1623.500,     0.125813,   -12.222148,     0.007342,
  1623.550,     0.045655,   -15.132563,     0.005410,
  1623.600,    -0.024628,   -17.125555,    -0.000505,
  1623.650,    -0.081135,   -17.493563,    -0.002390,
  1623.700,    -0.141969,   -15.827166,     0.001936,
  1623.750,    -0.183431,   -12.123533,     0.001734,
  1623.800,    -0.223065,    -6.997025,    -0.003094,
  1623.850,    -0.225832,    -1.427215,    -0.006388,
  1623.900,    -0.235486,     3.484423,    -0.004427,
  1623.950,    -0.241359,     6.934489,    -0.007052,
  1624.000,    -0.233885,     8.513791,    -0.006114,
  1624.050,    -0.234459,     8.337132,    -0.008024,
  1624.100,    -0.255145,     6.748450,    -0.012596,
  1624.150,    -0.251896,     4.178412,    -0.010180,
  1624.200,    -0.263292,     1.205607,    -0.007820,
  1624.250,    -0.264948,    -1.618595,    -0.006507,
  1624.300,    -0.282307,    -3.847212,    -0.001555,
  1624.350,    -0.298079,    -5.274983,    -0.001598,
  1624.400,    -0.292891,    -5.999073,    -0.001011,
  1624.450,    -0.288462,    -6.210488,    -0.004558,
  1624.500,    -0.280725,    -6.037645,     0.003534,
  1624.550,    -0.257227,    -5.448199,     0.002468,
  1624.600,    -0.259863,    -4.513717,     0.002348,
  1624.650,    -0.262641,    -3.507028,     0.001318,
  1624.700,    -0.248790,    -2.713990,     0.000228,
  1624.750,    -0.255738,    -2.169706,     0.008053,
  1624.800,    -0.265446,    -1.805950,     0.009569,
  1624.850,    -0.263351,    -1.469886,     0.003701,
  1624.900,    -0.270580,    -1.140785,     0.005618,
  1624.950,    -0.288549,    -0.812284,     0.001664,
  1625.000,    -0.294126,    -0.407357,    -0.004883,
  1625.050,    -0.280616,     0.132472,     0.002990,
  1625.100,    -0.280050,     0.838794,     0.007626,
  1625.150,    -0.264204,     1.727241,     0.000100,
  1625.200,    -0.264347,     2.765705,    -0.000028,
  1625.250,    -0.281570,     3.889177,    -0.002262,
  1625.300,    -0.318818,     5.077292,    -0.002879,
  1625.350,    -0.325868,     6.273234,    -0.002133,
  1625.400,    -0.342716,     7.478472,     0.001228,
  1625.450,    -0.339455,     8.746009,     0.001444,
  1625.500,    -0.360460,    10.060120,     0.001220,
  1625.550,    -0.362925,    11.467869,     0.002447,
  1625.600,    -0.374571,    13.071246,    -0.004201,
  1625.650,    -0.364620,    14.898890,    -0.001654,
  1625.700,    -0.336923,    17.010325,    -0.003173,
  1625.750,    -0.315953,    19.501218,    -0.005002,
  1625.800,    -0.277028,    22.428147,    -0.003189,
  1625.850,    -0.265504,    25.822997,    -0.000233,
  1625.900,    -0.248294,    29.700968,    -0.001493,
  1625.950,    -0.227589,    34.164119,     0.001326,
  1626.000,    -0.255659,    39.328189,    -0.002432,
  1626.050,    -0.255318,    45.320874,    -0.005752,
  1626.100,    -0.272312,    52.213222,    -0.001898,
  1626.150,    -0.291471,    60.173804,    -0.004748,
  1626.200,    -0.307887,    69.234329,    -0.001463,
  1626.250,    -0.301631,    79.317423,    -0.003826,
  1626.300,    -0.308786,    90.147328,     0.000749,
  1626.350,    -0.314289,   101.149397,     0.002816,
  1626.400,    -0.326102,   111.240914,    -0.000295,
  1626.450,    -0.322205,   118.577158,    -0.001040,
  1626.500,    -0.285450,   120.330037,     0.002123,
  1626.550,    -0.286181,   112.301036,     0.008566,
  1626.600,    -0.267378,    88.936240,     0.011726,
  1626.650,    -0.261556,    43.654300,     0.008677,
  1626.700,    -0.250374,   -30.080523,     0.007372,
  1626.750,    -0.235036,  -136.599317,     0.007259,
  1626.800,    -0.211326,  -275.383844,     0.005498,
  1626.850,    -0.196019,  -438.202199,     0.005014,
  1626.900,    -0.165046,  -607.466873,     0.002183,
  1626.950,    -0.125782,  -756.832510,     0.001748,
  1627.000,    -0.079994,  -853.304042,    -0.002790,
  1627.050,    -0.023689,  -863.652525,     0.002463,
  1627.100,     0.008216,  -767.964910,    -0.004729,
  1627.150,     0.074464,  -573.556554,    -0.011128,
  1627.200,     0.137553,  -314.836492,    -0.009287,
  1627.250,     0.151216,   -38.717001,    -0.007028,
  1627.300,     0.124503,   213.204124,    -0.008208,
  1627.350,     0.045368,   414.370761,    -0.008043,
  1627.400,    -0.143548,   551.418659,    -0.010925,
  1627.450,    -0.526645,   618.154752,    -0.016323,
  1627.500,    -1.167037,   615.650001,    -0.009781,
  1627.550,    -2.107708,   555.920794,    -0.003211,
  1627.600,    -3.358875,   461.606808,     0.000369,
  1627.650,    -4.819105,   358.092630,    -0.000771,
  1627.700,    -6.336404,   262.795631,    -0.000173,
  1627.750,    -7.548157,   181.288099,     0.002439,
  1627.800,    -8.116619,   113.143369,     0.005217,
  1627.850,    -7.683838,    59.884677,     0.009233,
  1627.900,    -6.060042,    26.164406,     0.010574,
  1627.950,    -3.424414,    13.388737,     0.006323,
  1628.000,    -0.217312,    14.807836,     0.011057,
  1628.050,     2.897946,    19.605023,     0.004433,
  1628.100,     5.223570,    20.976186,     0.002993,
  1628.150,     6.438792,    18.573325,     0.006983,
  1628.200,     6.444447,    13.737354,     0.002118,
  1628.250,     5.483383,     6.294082,    -0.001031,
  1628.300,     3.836929,    -3.942722,    -0.004816,
  1628.350,     1.847114,   -15.291041,    -0.005260,
  1628.400,    -0.110001,   -25.115936,    -0.004333,
  1628.450,    -1.767133,   -31.509963,    -0.004766,
  1628.500,    -2.825345,   -33.304194,     0.000952,
  1628.550,    -3.299154,   -29.992888,    -0.007745,
  1628.600,    -3.330087,   -22.742302,    -0.005919,
  1628.650,    -3.078285,   -14.414926,    -0.008371,
  1628.700,    -2.676211,    -7.483234,    -0.006664,
  1628.750,    -2.069938,    -2.984859,    -0.007676,
  1628.800,    -1.363106,    -1.164252,    -0.008647,
  1628.850,    -0.698676,    -2.118112,    -0.005896,
  1628.900,    -0.243085,    -5.174189,    -0.003033,
  1628.950,    -0.015563,    -9.286403,    -0.000791,
  1629.000,     0.107922,   -13.634145,     0.003927,
  1629.050,     0.186524,   -17.083424,     0.001552,
  1629.100,     0.295894,   -18.429742,    -0.000835,
  1629.150,     0.410841,   -17.405915,     0.006400,
  1629.200,     0.547544,   -14.983355,     0.007065,
  1629.250,     0.770791,   -11.998510,     0.005430,
  1629.300,     1.105357,    -8.593464,     0.007201,
  1629.350,     1.491678,    -5.354663,     0.005003,
  1629.400,     1.914666,    -3.324842,     0.004737,
  1629.450,     2.415427,    -2.418323,     0.005200,
  1629.500,     2.890917,    -1.744800,    -0.000668,
  1629.550,     3.348546,    -1.435813,     0.005664,
  1629.600,     3.768392,    -2.146204,     0.001258,
  1629.650,     4.207246,    -3.579164,    -0.003951,
  1629.700,     4.656103,    -5.007354,    -0.002712,
  1629.750,     5.160951,    -6.289650,    -0.002268,
  1629.800,     5.745987,    -7.321848,    -0.006151,
  1629.850,     6.448413,    -7.916487,    -0.007155,
  1629.900,     7.306297,    -8.401538,    -0.012230,
  1629.950,     8.326018,    -9.063405,    -0.008650,
  1630.000,     9.515965,    -9.528301,    -0.004457,
  1630.050,    10.894519,    -9.995554,    -0.001226,
  1630.100,    12.486357,   -11.552468,    -0.000571,
  1630.150,    14.352451,   -14.581446,    -0.007583,
  1630.200,    16.530566,   -18.110098,    -0.003939,
  1630.250,    19.064609,   -21.159664,    -0.003415,
  1630.300,    22.032495,   -23.552278,    -0.002544,
  1630.350,    25.473780,   -25.200944,    -0.004579,
  1630.400,    29.398642,   -25.526302,    -0.001440,
  1630.450,    33.701082,   -23.619052,    -0.004801,
  1630.500,    38.278150,   -18.819349,    -0.006291,
  1630.550,    42.779423,   -11.499617,    -0.002705,
  1630.600,    46.552839,    -3.149112,    -0.005404,
  1630.650,    48.673229,     4.452853,    -0.004227,
  1630.700,    47.552407,    10.046533,    -0.000204,
  1630.750,    41.025708,    13.060233,    -0.003052,
  1630.800,    26.308006,    13.620158,     0.001124,
  1630.850,     0.066706,    12.157680,     0.010089,
  1630.900,   -40.835050,     9.274574,     0.013965,
  1630.950,   -98.086575,     5.856123,     0.011237,
  1631.000,  -170.392005,     2.993944,     0.016299,
  1631.050,  -251.881971,     1.406954,     0.022376,
  1631.100,  -331.048487,     1.309775,     0.013318,
  1631.150,  -391.185617,     2.395546,     0.008488,
  1631.200,  -413.489209,     3.763499,     0.007091,
  1631.250,  -383.063689,     4.322650,     0.010656,
  1631.300,  -295.893686,     3.926636,     0.010547,
  1631.350,  -163.247562,     3.166550,     0.010253,
  1631.400,    -8.682796,     2.265575,     0.010050,
  1631.450,   140.565201,     1.160862,     0.009261,
  1631.500,   262.299194,     0.170592,     0.004785,
  1631.550,   343.197310,    -0.376537,     0.001869,
  1631.600,   378.602594,    -0.448203,    -0.002263,
  1631.650,   370.580365,    -0.184167,    -0.005697,
  1631.700,   326.407332,     0.207198,    -0.012677,
  1631.750,   257.986292,     0.439720,    -0.014567,
  1631.800,   180.522778,     0.576219,    -0.015070,
  1631.850,   108.549489,     0.828175,    -0.015606,
  1631.900,    50.493949,     1.151283,    -0.013194,
  1631.950,     7.173069,     1.302174,    -0.009123,
  1632.000,   -24.087152,     1.393799,    -0.010207,
  1632.050,   -44.094259,     1.363982,    -0.013881,
  1632.100,   -51.086342,     0.892051,    -0.010526,
  1632.150,   -45.638337,    -0.002850,    -0.006953,
  1632.200,   -33.454300,    -0.749953,    -0.004833,
  1632.250,   -21.993159,    -0.775002,    -0.009795,
  1632.300,   -15.197337,    -0.086435,    -0.002571,
  1632.350,   -12.342054,     0.719788,     0.000195,
  1632.400,   -11.783242,     0.976297,    -0.003216,
  1632.450,   -13.219328,     0.479779,    -0.001953,
  1632.500,   -16.504507,    -0.447088,     0.002150,
  1632.550,   -20.320424,    -1.509570,     0.002856,
  1632.600,   -22.985307,    -2.620741,     0.003890,
  1632.650,   -23.544762,    -3.634282,     0.000353,
  1632.700,   -21.572911,    -4.182021,     0.010111,
  1632.750,   -17.092820,    -3.906807,     0.013069,
  1632.800,   -11.091443,    -2.793900,     0.006104,
  1632.850,    -5.467925,    -1.227206,     0.011176,
  1632.900,    -1.535013,     0.409447,     0.005445,
  1632.950,     0.483943,     1.757836,     0.001469,
  1633.000,     0.807550,     2.638111,     0.000726,
  1633.050,    -0.300466,     3.037544,     0.001472,
  1633.100,    -2.303572,     2.807701,    -0.000906,
  1633.150,    -4.410031,     1.846147,    -0.002260,
  1633.200,    -6.182856,     0.418482,    -0.003655,
  1633.250,    -7.222074,    -0.781082,    -0.006958,
  1633.300,    -6.999440,    -1.114038,    -0.012947,
  1633.350,    -5.632032,    -0.548134,    -0.010957,
  1633.400,    -3.912846,     0.372960,    -0.008905,
  1633.450,    -2.351552,     1.093779,    -0.010641,
  1633.500,    -0.786933,     1.532629,    -0.006870,
  1633.550,     0.495784,     1.931117,    -0.001538,
  1633.600,     0.898605,     2.205702,    -0.004218,
  1633.650,     0.742489,     2.028786,    -0.001777,
  1633.700,     0.660421,     1.294591,     0.006026,
  1633.750,     0.500292,     0.509281,    -0.000344,
  1633.800,    -0.139902,     0.259539,     0.000847,
  1633.850,    -1.076521,     0.637703,     0.006171,
  1633.900,    -1.905425,     1.288410,     0.005161,
  1633.950,    -2.491315,     1.735328,     0.004560,
  1634.000,    -2.870166,     2.004661,     0.004441,
  1634.050,    -2.997188,     2.524687,     0.005218,
  1634.100,    -3.076944,     3.538086,    -0.001820,
  1634.150,    -3.279881,     4.817174,     0.004264,
  1634.200,    -3.391414,     5.771806,     0.006875,
  1634.250,    -3.476767,     5.894634,     0.000094,
  1634.300,    -4.164257,     5.019867,    -0.001387,
  1634.350,    -5.674867,     3.374413,     0.000881,
  1634.400,    -7.400127,     1.468931,    -0.003190,
  1634.450,    -8.764110,    -0.234864,    -0.004379,
  1634.500,    -9.739404,    -1.331142,    -0.003207,
  1634.550,   -10.281788,    -1.620024,    -0.004401,
  1634.600,   -10.025604,    -1.193751,    -0.006967,
  1634.650,    -8.544441,    -0.221375,    -0.000622,
  1634.700,    -5.657417,     0.944310,    -0.001920,
  1634.750,    -1.652833,     1.802740,    -0.004041,
  1634.800,     2.580596,     2.103127,    -0.000573,
  1634.850,     6.188454,     1.980898,    -0.002011,
  1634.900,     8.613016,     1.834150,    -0.002246,
  1634.950,     9.579341,     1.554471,     0.002623,
  1635.000,     9.125947,     0.849765,     0.000927,
  1635.050,     7.618428,    -0.364628,     0.002452,
  1635.100,     5.425832,    -1.647068,     0.001692,
  1635.150,     3.032558,    -2.463542,     0.000524,
  1635.200,     1.068021,    -2.393592,     0.005355,
  1635.250,    -0.068160,    -1.539666,     0.002027,
  1635.300,    -0.354038,    -0.367061,    -0.000262,
  1635.350,     0.016034,     0.786164,     0.000217,
  1635.400,     0.539760,     1.800347,    -0.001779,
  1635.450,     0.705688,     2.567745,     0.000761,
  1635.500,     0.480608,     2.857418,    -0.001652,
  1635.550,     0.225659,     2.729597,    -0.002407,
  1635.600,     0.021485,     2.507415,     0.001845,
  1635.650,    -0.269353,     2.725166,    -0.003030,
  1635.700,    -0.492840,     3.536522,    -0.000973,
  1635.750,    -0.456944,     4.719953,    -0.001463,
  1635.800,    -0.311244,     5.978758,    -0.004211,
  1635.850,    -0.097681,     7.139484,    -0.007699,
  1635.900,     0.089195,     8.018270,    -0.000800,
  1635.950,     0.124045,     8.408722,    -0.005831,
  1636.000,     0.088912,     8.099335,    -0.000835,
  1636.050,     0.139443,     6.992960,     0.000443,
  1636.100,     0.183128,     5.083596,    -0.005380,
  1636.150,     0.194872,     2.715300,    -0.002892,
  1636.200,     0.238483,     0.553834,     0.003541,
  1636.250,     0.229879,    -0.974464,     0.005509,
  1636.300,    -0.052864,    -1.866223,     0.002210,
  1636.350,    -0.545224,    -2.360050,     0.006888,
  1636.400,    -0.910612,    -2.625182,     0.006889,
  1636.450,    -0.884306,    -2.683920,     0.003795,
  1636.500,    -0.522945,    -2.569406,     0.001813,
  1636.550,    -0.139860,    -2.462354,    -0.000107,
  1636.600,    -0.042758,    -2.381856,     0.000723,
  1636.650,    -0.313842,    -2.249739,    -0.004051,
  1636.700,    -0.666606,    -1.943175,    -0.008604,
  1636.750,    -0.999591,    -1.563875,    -0.002267,
  1636.800,    -1.373851,    -1.173989,    -0.001505,
  1636.850,    -1.668434,    -0.740138,    -0.002713,
  1636.900,    -1.739255,    -0.124872,    -0.002494,
  1636.950,    -1.396710,     0.609759,    -0.002198,
  1637.000,    -0.728267,     1.406203,    -0.001164,
  1637.050,     0.132606,     2.317221,     0.001582,
  1637.100,     0.905929,     3.254949,     0.000590,
  1637.150,     1.439965,     4.003688,     0.001336,
  1637.200,     1.718702,     4.135708,     0.000001,
  1637.250,     1.728450,     3.405202,     0.004238,
  1637.300,     1.364820,     1.985505,     0.001679,
  1637.350,     0.656066,     0.434592,     0.000344,
  1637.400,    -0.208687,    -0.822254,     0.004542,
  1637.450,    -0.825216,    -1.575648,     0.005714,
  1637.500,    -0.913884,    -1.729813,     0.000825,
  1637.550,    -0.545214,    -1.255113,     0.006260,
  1637.600,    -0.037731,    -0.338612,     0.004164,
  1637.650,     0.307827,     0.763632,    -0.001265,
  1637.700,     0.511631,     1.740224,    -0.005876,
  1637.750,     0.691613,     2.460679,    -0.003766,
  1637.800,     0.851611,     2.958997,    -0.001971,
  1637.850,     0.781553,     3.299934,    -0.000703,
  1637.900,     0.426119,     3.385711,    -0.006351,
  1637.950,     0.078494,     3.162409,    -0.004885,
  1638.000,     0.013146,     2.824086,    -0.007060,
  1638.050,     0.193487,     2.523193,    -0.002645,
  1638.100,     0.462858,     2.167881,    -0.003418,
  1638.150,     0.609329,     1.673464,    -0.007431,
  1638.200,     0.636014,     1.097867,    -0.002258,
  1638.250,     0.809615,     0.595649,    -0.000902,
  1638.300,     1.256093,     0.267708,    -0.004726,
  1638.350,     1.819377,     0.215812,     0.001584,
  1638.400,     2.163543,     0.300757,     0.004537,
  1638.450,     2.100636,     0.210374,     0.000930,
  1638.500,     1.551865,    -0.234144,     0.002321,
  1638.550,     0.670926,    -0.859218,     0.006081,
  1638.600,    -0.247775,    -1.345800,     0.002347,
  1638.650,    -0.959510,    -1.384178,     0.005986,
  1638.700,    -1.312187,    -1.020408,     0.004032,
  1638.750,    -1.222694,    -0.342018,     0.008113,
  1638.800,    -0.824566,     0.725234,     0.004189,
  1638.850,    -0.228968,     2.078701,     0.000931,
  1638.900,     0.385010,     3.398893,     0.000483,
  1638.950,     0.777179,     4.392974,     0.004406,
  1639.000,     0.806606,     4.958612,     0.000587,
  1639.050,     0.651255,     5.103479,    -0.001239,
  1639.100,     0.475400,     4.824185,    -0.003740,
  1639.150,     0.304395,     3.945542,    -0.005778,
  1639.200,    -0.057051,     2.410317,    -0.004993,
  1639.250,    -0.646603,     0.343592,    -0.005138,
  1639.300,    -1.248253,    -1.854028,    -0.002578,
  1639.350,    -1.580092,    -3.661547,     0.002413,
  1639.400,    -1.475380,    -4.850082,     0.006682,
  1639.450,    -1.038818,    -5.255514,    -0.001367,
  1639.500,    -0.560183,    -4.758078,    -0.005219,
  1639.550,    -0.222135,    -3.317165,    -0.000236,
  1639.600,     0.024154,    -1.240698,     0.000129,
  1639.650,     0.228546,     1.045305,    -0.002005,
  1639.700,     0.299037,     2.943423,    -0.005786,
  1639.750,     0.370596,     4.244858,    -0.001714,
  1639.800,     0.623294,     5.100088,     0.004764,
  1639.850,     1.278028,     5.546860,    -0.001142,
  1639.900,     2.333903,     5.334418,    -0.000455,
  1639.950,     3.452261,     4.304736,     0.002917,
  1640.000,     4.334570,     2.511987,    -0.001054,
  1640.050,     4.808605,     0.352506,    -0.000762,
  1640.100,     4.767477,    -1.575325,     0.004928,
  1640.150,     4.204335,    -2.746470,     0.001640,
  1640.200,     3.179945,    -3.031769,     0.000858,
  1640.250,     1.742612,    -2.697153,     0.001973,
  1640.300,     0.058603,    -2.044046,    -0.001334,
  1640.350,    -1.572899,    -1.309203,    -0.001276,
  1640.400,    -2.730686,    -0.531349,    -0.004614,
  1640.450,    -3.176461,     0.062713,    -0.000349,
  1640.500,    -3.083000,     0.293488,     0.001301,
  1640.550,    -2.701978,     0.269254,    -0.000858,
  1640.600,    -2.209002,     0.404838,     0.001491,
  1640.650,    -1.712947,     1.032106,    -0.000159,
  1640.700,    -1.229499,     2.062719,    -0.004103,
  1640.750,    -0.811799,     3.106748,    -0.004812,
  1640.800,    -0.556775,     3.840306,    -0.004816,
  1640.850,    -0.401645,     4.170689,    -0.001469,
  1640.900,    -0.278054,     4.128747,    -0.001911,
  1640.950,    -0.137828,     3.825790,     0.002922,
  1641.000,    -0.035239,     3.105605,     0.000192,
  1641.050,     0.088510,     1.919317,    -0.002045,
  1641.100,     0.350600,     0.499471,    -0.001741,
  1641.150,     0.686329,    -0.655401,    -0.001321,
  1641.200,     1.063792,    -1.180790,    -0.004269,
  1641.250,     1.481523,    -0.932680,     0.000764,
  1641.300,     1.909640,     0.065962,    -0.000695,
  1641.350,     2.174467,     1.640657,     0.002300,
  1641.400,     2.122672,     3.587384,    -0.000301,
  1641.450,     1.611054,     5.627009,    -0.005232,
  1641.500,     0.825365,     7.283995,     0.001940,
  1641.550,     0.084962,     7.929273,     0.003386,
  1641.600,    -0.446817,     7.229707,    -0.005088,
  1641.650,    -0.644906,     5.437746,     0.001287,
  1641.700,    -0.516103,     3.255428,     0.005735,
  1641.750,    -0.085548,     1.287893,     0.000202,
  1641.800,     0.562828,    -0.430065,    -0.000508,
  1641.850,     1.263273,    -1.912394,     0.005755,
  1641.900,     1.875072,    -2.921142,    -0.003513,
  1641.950,     2.340694,    -3.164518,    -0.004772,
  1642.000,     2.691462,    -2.711609,     0.003244,
  1642.050,     2.987166,    -2.023525,     0.004338,
  1642.100,     3.184929,    -1.612473,     0.000801,
  1642.150,     3.271752,    -1.626222,     0.004274,
  1642.200,     3.363990,    -1.895577,     0.007802,
  1642.250,     3.534584,    -2.231396,    -0.007117,
  1642.300,     3.800181,    -2.317654,    -0.011335,
  1642.350,     4.050615,    -1.902629,    -0.001480,
  1642.400,     4.275873,    -0.786280,     0.000493,
  1642.450,     4.513167,     1.129492,    -0.010143,
  1642.500,     4.778722,     3.499094,    -0.012721,
  1642.550,     4.932217,     5.749574,    -0.004698,
  1642.600,     4.689685,     7.199591,     0.000673,
  1642.650,     3.624033,     7.364164,    -0.003506,
  1642.700,     1.256266,     6.108811,    -0.003554,
  1642.750,    -2.839482,     3.760737,     0.004557,
  1642.800,    -8.807632,     1.035424,     0.007476,
  1642.850,   -16.854460,    -1.500944,     0.002652,
  1642.900,   -26.812531,    -3.580921,     0.001905,
  1642.950,   -37.776333,    -5.075783,     0.005413,
  1643.000,   -47.868324,    -5.654107,     0.008438,
  1643.050,   -54.399850,    -4.892246,     0.007762,
  1643.100,   -54.390145,    -2.572867,     0.003527,
  1643.150,   -45.509335,     0.931624,    -0.003953,
  1643.200,   -27.106649,     4.734468,    -0.002062,
  1643.250,    -1.248689,     7.863014,     0.002789,
  1643.300,    27.375758,     9.581584,     0.003653,
  1643.350,    52.834292,     9.571676,    -0.004034,
  1643.400,    69.876201,     7.899424,    -0.007946,
  1643.450,    75.865444,     4.949290,    -0.010036,
  1643.500,    71.268443,     1.389123,    -0.002477,
  1643.550,    58.439086,    -1.934049,     0.000038,
  1643.600,    40.456351,    -4.311451,    -0.002199,
  1643.650,    20.489019,    -5.354010,    -0.004407,
  1643.700,     1.685131,    -5.268690,    -0.012212,
  1643.750,   -13.017921,    -4.557273,    -0.003906,
  1643.800,   -21.884382,    -3.695180,    -0.004579,
  1643.850,   -25.251440,    -2.738433,    -0.004473,
  1643.900,   -24.975851,    -1.598857,     0.001381,
  1643.950,   -22.669882,    -0.426964,     0.001497,
  1644.000,   -18.815878,     0.606600,     0.001255,
  1644.050,   -13.451971,     1.409146,     0.001278,
  1644.100,    -7.478617,     2.057791,     0.000544,
  1644.150,    -2.603721,     2.602047,     0.003991,
  1644.200,    -0.101208,     3.052287,     0.004101,
  1644.250,     0.191042,     3.248419,     0.006392,
  1644.300,    -0.471097,     3.271796,     0.005982,
  1644.350,    -1.215535,     3.133470,     0.003201,
  1644.400,    -1.858048,     2.880073,     0.002788,
  1644.450,    -2.398801,     2.369453,    -0.000031,
  1644.500,    -2.706289,     1.468208,     0.001062,
  1644.550,    -2.485434,     0.140516,    -0.000776,
  1644.600,    -1.733761,    -1.456805,    -0.005236,
  1644.650,    -0.604059,    -3.080571,    -0.005616,
  1644.700,     0.651751,    -4.479910,    -0.004131,
  1644.750,     1.712920,    -5.262017,    -0.008714,
  1644.800,     2.447098,    -5.094079,    -0.008691,
  1644.850,     2.862775,    -3.856473,    -0.004681,
  1644.900,     2.947854,    -1.698483,    -0.000215,
  1644.950,     2.759151,     0.847717,    -0.002010,
  1645.000,     2.233890,     3.351845,    -0.000928,
  1645.050,     1.530112,     5.478878,    -0.005292,
  1645.100,     0.914366,     6.879348,     0.000338,
  1645.150,     0.423646,     7.193092,     0.002044,
  1645.200,     0.047062,     6.209300,    -0.006193,
  1645.250,    -0.244854,     4.192611,    -0.002705,
  1645.300,    -0.430580,     1.729110,     0.006600,
  1645.350,    -0.503554,    -0.502945,     0.004946,
  1645.400,    -0.327718,    -2.066343,     0.001221,
  1645.450,     0.136106,    -2.800311,    -0.001219,
  1645.500,     0.733766,    -2.672023,     0.003497,
  1645.550,     1.368333,    -1.756019,     0.000504,
  1645.600,     2.017580,    -0.414681,     0.006543,
  1645.650,     2.703340,     0.885057,     0.003679,
  1645.700,     3.084497,     1.681047,     0.005390,
  1645.750,     2.874735,     1.914041,     0.000493,
  1645.800,     2.031112,     1.801556,     0.003227,
  1645.850,     0.829252,     1.604196,    -0.003155,
  1645.900,    -0.292949,     1.597945,    -0.006028,
  1645.950,    -1.135108,     1.796716,    -0.004044,
  1646.000,    -1.680544,     2.086455,    -0.003947,
  1646.050,    -2.110363,     2.404416,    -0.005440,
  1646.100,    -2.322891,     2.883028,    -0.000507,
  1646.150,    -2.127344,     3.470125,    -0.002398,
  1646.200,    -1.671661,     3.800494,    -0.005412,
  1646.250,    -1.359204,     3.519708,    -0.004393,
  1646.300,    -1.404317,     2.324408,    -0.003126,
  1646.350,    -1.624176,     0.377733,    -0.000333,
  1646.400,    -1.852265,    -1.639211,     0.001240,
  1646.450,    -1.955234,    -3.273408,    -0.003132,
  1646.500,    -1.815062,    -4.368732,     0.005269,
  1646.550,    -1.269494,    -4.902630,     0.000422,
  1646.600,    -0.193044,    -4.539004,    -0.002942,
  1646.650,     1.375491,    -2.895854,     0.000103,
  1646.700,     3.131616,    -0.051166,     0.000626,
  1646.750,     4.570361,     3.371334,     0.003776,
  1646.800,     5.220155,     6.374152,     0.003273,
  1646.850,     4.868684,     8.159886,     0.008187,
  1646.900,     3.604380,     8.407146,     0.006341,
  1646.950,     1.758972,     7.260378,     0.004621,
  1647.000,    -0.172401,     5.100806,     0.002704,
  1647.050,    -1.803679,     2.369490,    -0.002096,
  1647.100,    -2.933516,    -0.467867,    -0.002724,
  1647.150,    -3.498974,    -2.881076,     0.005213,
  1647.200,    -3.398125,    -4.160517,     0.004134,
  1647.250,    -2.489199,    -4.009448,     0.001781,
  1647.300,    -0.871860,    -2.728079,    -0.000525,
  1647.350,     1.063751,    -0.931201,    -0.001139,
  1647.400,     2.733067,     0.907262,     0.000196,
  1647.450,     3.805028,     2.466837,    -0.003169,
  1647.500,     4.124337,     3.419829,    -0.003720,
  1647.550,     3.567196,     3.613173,    -0.000601,
  1647.600,     2.324691,     2.940241,    -0.002937,
  1647.650,     0.701662,     1.733533,    -0.005029,
  1647.700,    -0.923361,     0.600073,    -0.007464,
  1647.750,    -2.210764,     0.106117,    -0.004172,
  1647.800,    -2.903856,     0.398465,    -0.002591,
  1647.850,    -2.919525,     1.138148,    -0.003195,
  1647.900,    -2.454636,     1.833618,    -0.003299,
  1647.950,    -1.827935,     2.254569,    -0.001983,
  1648.000,    -1.220176,     2.366573,    -0.003888,
  1648.050,    -0.690115,     2.160168,    -0.004621,
  1648.100,    -0.137220,     1.678289,     0.001368,
  1648.150,     0.364498,     1.088022,     0.006001,
  1648.200,     0.726797,     0.468325,    -0.000736,
  1648.250,     0.869298,    -0.085080,     0.004054,
  1648.300,     0.922221,    -0.424321,     0.010536,
  1648.350,     0.998293,    -0.445310,     0.012681,
  1648.400,     1.130584,    -0.052121,     0.001760,
  1648.450,     1.221850,     0.676347,     0.002652,
  1648.500,     1.185517,     1.592305,     0.003499,
  1648.550,     1.004805,     2.568017,    -0.001285,
  1648.600,     0.763299,     3.345554,    -0.003428,
  1648.650,     0.400271,     3.660376,     0.000244,
  1648.700,    -0.096860,     3.156357,    -0.000238,
  1648.750,    -0.754240,     1.812877,    -0.004580,
  1648.800,    -1.457713,     0.100915,     0.000426,
  1648.850,    -2.034052,    -1.311793,    -0.002697,
  1648.900,    -2.346222,    -1.930688,    -0.006142,
  1648.950,    -2.302927,    -1.794235,    -0.007754,
  1649.000,    -1.811671,    -1.199253,    -0.007939,
  1649.050,    -0.886194,    -0.342031,    -0.007185,
  1649.100,     0.294525,     0.771827,    -0.002733,
  1649.150,     1.422935,     1.928787,     0.003509,
  1649.200,     2.368474,     2.813558,    -0.000318,
  1649.250,     2.971054,     3.133130,    -0.001890,
  1649.300,     3.115007,     2.861016,     0.005284,
  1649.350,     2.745578,     2.236333,     0.001819,
  1649.400,     1.926885,     1.521251,    -0.002787,
  1649.450,     0.871368,     0.906289,     0.005431,
  1649.500,    -0.218650,     0.542241,     0.011203,
  1649.550,    -1.032292,     0.529363,     0.006076,
  1649.600,    -1.461595,     0.919639,     0.007672,
  1649.650,    -1.514910,     1.593277,     0.006098,
  1649.700,    -1.138110,     2.286626,     0.004143,
  1649.750,    -0.499255,     2.769640,     0.004640,
  1649.800,     0.181064,     2.829136,     0.000493,
  1649.850,     0.668107,     2.390700,    -0.003227,
  1649.900,     0.907415,     1.623867,    -0.001451,
  1649.950,     0.931913,     0.734181,    -0.004371,
  1650.000,     0.807556,     0.053056,    -0.007994,
  1650.050,     0.703487,    -0.300182,    -0.005984,
  1650.100,     0.684048,    -0.330311,    -0.010179,
  1650.150,     0.735792,     0.160527,    -0.005262,
  1650.200,     0.856907,     1.115636,    -0.004167,
  1650.250,     1.063205,     2.248310,    -0.000721,
  1650.300,     1.299722,     3.317872,    -0.006700,
  1650.350,     1.480062,     4.218050,    -0.004714,
  1650.400,     1.456185,     4.802698,     0.002517,
  1650.450,     1.018925,     4.799560,     0.003981,
  1650.500,     0.167619,     3.937437,     0.000833,
  1650.550,    -0.940485,     2.234988,     0.007170,
  1650.600,    -1.856836,     0.093360,     0.007849,
  1650.650,    -2.345728,    -1.962899,     0.009746,
  1650.700,    -2.469759,    -3.475688,     0.003918,
  1650.750,    -2.267035,    -4.036231,     0.001386,
  1650.800,    -1.711001,    -3.473809,     0.000647,
  1650.850,    -0.661556,    -1.886582,    -0.001144,
  1650.900,     0.810275,     0.126319,     0.003186,
  1650.950,     2.281765,     1.818449,     0.001500,
  1651.000,     3.372348,     2.693813,    -0.004973,
  1651.050,     3.760770,     2.733047,    -0.002781,
  1651.100,     3.392058,     2.152289,    -0.004988,
  1651.150,     2.411247,     1.258361,    -0.007425,
  1651.200,     1.071626,     0.158188,    -0.005987,
  1651.250,    -0.330027,    -0.942973,    -0.001299,
  1651.300,    -1.548878,    -1.804075,    -0.004175,
  1651.350,    -2.329406,    -2.231281,    -0.005456,
  1651.400,    -2.433418,    -2.134919,    -0.005271,
  1651.450,    -1.871117,    -1.592647,     0.000982,
  1651.500,    -0.940776,    -0.586536,    -0.002530,
  1651.550,     0.086316,     0.569924,    -0.007969,
  1651.600,     0.964682,     1.485851,     0.000497,
  1651.650,     1.578189,     1.863712,     0.006602,
  1651.700,     1.821398,     1.731539,     0.005893,
  1651.750,     1.795275,     1.275343,     0.006224,
  1651.800,     1.398036,     0.735871,     0.003446,
  1651.850,     0.893511,     0.323951,     0.001627,
  1651.900,     0.465612,     0.344839,     0.004594,
  1651.950,     0.339568,     0.881324,     0.000401,
  1652.000,     0.539628,     1.640736,    -0.002726,
  1652.050,     0.856829,     2.277143,     0.003949,
  1652.100,     0.942623,     2.580827,    -0.001668,
  1652.150,     0.813320,     2.568938,    -0.001344,
  1652.200,     0.485285,     2.170394,    -0.001082,
  1652.250,     0.051400,     1.352140,    -0.006208,
  1652.300,    -0.417759,     0.204674,    -0.006378,
  1652.350,    -0.744191,    -0.882404,    -0.002373,
  1652.400,    -0.895968,    -1.414204,    -0.003199,
  1652.450,    -0.913394,    -1.075575,     0.003514,
  1652.500,    -0.826860,     0.051595,     0.001020,
  1652.550,    -0.586413,     1.459865,    -0.001921,
  1652.600,    -0.180022,     2.605237,    -0.000418,
  1652.650,     0.328307,     3.283422,     0.000982,
  1652.700,     0.806303,     3.466495,     0.003971,
  1652.750,     1.241833,     3.142623,     0.005346,
  1652.800,     1.514901,     2.283277,     0.006162,
  1652.850,     1.515431,     0.979266,     0.003695,
  1652.900,     1.133360,    -0.404800,    -0.000276,
  1652.950,     0.386274,    -1.550247,     0.003189,
  1653.000,    -0.427552,    -2.182721,     0.000141,
  1653.050,    -0.944200,    -2.153554,    -0.006002,
  1653.100,    -0.982215,    -1.634214,    -0.004359,
  1653.150,    -0.673484,    -0.797085,    -0.003968,
  1653.200,    -0.183138,     0.248118,    -0.005528,
  1653.250,     0.341104,     1.459119,    -0.003713,
  1653.300,     0.847056,     2.663853,    -0.000907,
  1653.350,     1.278002,     3.522087,     0.001035,
  1653.400,     1.445518,     3.822955,    -0.001092,
  1653.450,     1.277251,     3.637938,     0.000606,
  1653.500,     0.894456,     3.161850,    -0.001251,
  1653.550,     0.473004,     2.520111,     0.008182,
  1653.600,     0.135022,     1.814874,     0.002997,
  1653.650,    -0.073974,     1.234400,     0.004297,
  1653.700,    -0.068450,     0.964248,    -0.001399,
  1653.750,     0.091816,     1.153447,     0.001706,
  1653.800,     0.431348,     1.694563,    -0.001429,
  1653.850,     0.826005,     2.303654,     0.001604,
  1653.900,     1.180449,     2.495366,     0.000561,
  1653.950,     1.356925,     2.154924,    -0.002387,
  1654.000,     1.302227,     1.370564,    -0.006186,
  1654.050,     1.023558,     0.382061,    -0.001300,
  1654.100,     0.601218,    -0.531363,    -0.000091,
  1654.150,     0.234730,    -1.062805,    -0.000307,
  1654.200,    -0.003158,    -1.035515,    -0.006204,
  1654.250,    -0.036198,    -0.385731,    -0.003871,
  1654.300,     0.075851,     0.691815,    -0.003391,
  1654.350,     0.392666,     1.933382,    -0.002884,
  1654.400,     0.902454,     3.167818,    -0.005354,
  1654.450,     1.438771,     4.040509,    -0.004145,
  1654.500,     1.831354,     4.375167,    -0.001501,
  1654.550,     1.985517,     4.107046,    -0.000559,
  1654.600,     1.754859,     3.441271,    -0.000664,
  1654.650,     0.987446,     2.591825,    -0.001382,
  1654.700,    -0.458678,     1.536290,    -0.002451,
  1654.750,    -2.530783,     0.339489,     0.000273,
  1654.800,    -4.953885,    -0.839023,     0.000551,
  1654.850,    -7.311604,    -1.675263,     0.001761,
  1654.900,    -9.141372,    -1.996982,    -0.001666,
  1654.950,    -9.851018,    -1.820432,     0.007856,
  1655.000,    -8.862205,    -1.270407,     0.008131,
  1655.050,    -5.966543,    -0.493290,     0.004998,
  1655.100,    -1.354805,     0.607018,    -0.001902,
  1655.150,     4.220317,     1.841395,    -0.003802,
  1655.200,     9.597899,     2.976855,    -0.000191,
  1655.250,    13.648771,     3.762788,     0.000755,
  1655.300,    15.424463,     4.141734,    -0.003205,
  1655.350,    14.540563,     4.145293,    -0.005669,
  1655.400,    11.331737,     3.864822,    -0.002179,
  1655.450,     6.654741,     3.244388,    -0.004719,
  1655.500,     1.579676,     2.195073,    -0.001915,
  1655.550,    -2.963583,     0.900733,    -0.000869,
  1655.600,    -6.397922,    -0.429988,    -0.004534,
  1655.650,    -8.282220,    -1.408666,    -0.002878,
  1655.700,    -8.409675,    -1.807847,    -0.001995,
  1655.750,    -7.123400,    -1.769096,     0.002315,
  1655.800,    -5.146265,    -1.473016,    -0.001338,
  1655.850,    -3.310045,    -1.085380,    -0.007492,
  1655.900,    -1.864031,    -0.577102,    -0.000101,
  1655.950,    -0.626463,     0.080463,     0.002522,
  1656.000,     0.466534,     0.942668,     0.001699,
  1656.050,     1.386913,     1.876642,    -0.002914,
  1656.100,     1.897547,     2.847501,     0.000888,
  1656.150,     1.978697,     3.721898,     0.003812,
  1656.200,     1.774417,     4.248206,    -0.000890,
  1656.250,     1.453593,     4.202214,    -0.003238,
  1656.300,     1.163322,     3.353246,    -0.000435,
  1656.350,     0.828539,     1.916903,    -0.001497,
  1656.400,     0.452740,     0.319465,     0.001130,
  1656.450,     0.018643,    -1.015867,    -0.001148,
  1656.500,    -0.415177,    -1.926385,     0.001688,
  1656.550,    -0.661560,    -2.433142,    -0.002028,
  1656.600,    -0.588470,    -2.618615,    -0.000288,
  1656.650,    -0.119890,    -2.587156,    -0.000468,
  1656.700,     0.617407,    -2.401076,    -0.000516,
  1656.750,     1.307721,    -2.161640,     0.005706,
  1656.800,     1.700652,    -1.677688,    -0.001397,
  1656.850,     1.788043,    -0.860168,    -0.001525,
  1656.900,     1.604867,     0.249309,     0.001725,
  1656.950,     1.159536,     1.487038,     0.000257,
  1657.000,     0.509308,     2.530050,    -0.000402,
  1657.050,    -0.200839,     3.091155,     0.001436,
  1657.100,    -0.870621,     3.094993,    -0.007355,
  1657.150,    -1.318916,     2.552871,    -0.006847,
  1657.200,    -1.451450,     1.766720,     0.000723,
  1657.250,    -1.240657,     0.884781,    -0.004035,
  1657.300,    -0.831045,     0.133546,     0.001736,
  1657.350,    -0.243488,    -0.366438,    -0.003551,
  1657.400,     0.395620,    -0.600281,    -0.003898,
  1657.450,     1.055708,    -0.555912,    -0.002632,
  1657.500,     1.674224,    -0.281646,     0.000801,
  1657.550,     2.015480,     0.095342,    -0.005961,
  1657.600,     2.040978,     0.421960,    -0.000411,
  1657.650,     1.755918,     0.527875,     0.000797,
  1657.700,     1.221172,     0.364514,    -0.002058,
  1657.750,     0.616105,     0.217246,     0.004698,
  1657.800,     0.001342,     0.330583,     0.009685,
  1657.850,    -0.430477,     0.759865,     0.003254,
  1657.900,    -0.549698,     1.271932,     0.006236,
  1657.950,    -0.376874,     1.754661,     0.001788,
  1658.000,    -0.014609,     2.053071,    -0.000078,
  1658.050,     0.369384,     2.051475,    -0.003945,
  1658.100,     0.618404,     1.749968,    -0.006772,
  1658.150,     0.545336,     1.257728,    -0.003232,
  1658.200,     0.193433,     0.738166,    -0.008275,
  1658.250,    -0.305577,     0.284834,    -0.005897,
  1658.300,    -0.742497,    -0.112484,    -0.003520,
  1658.350,    -0.921177,    -0.434638,    -0.007761,
  1658.400,    -0.742200,    -0.599247,    -0.003205,
  1658.450,    -0.266034,    -0.513607,    -0.002804,
  1658.500,     0.431003,    -0.238587,    -0.003255,
  1658.550,     1.271923,     0.133237,     0.004854,
  1658.600,     2.108860,     0.732043,     0.006324,
  1658.650,     2.654080,     1.685146,     0.001512,
  1658.700,     2.708646,     3.120261,     0.004051,
  1658.750,     2.303798,     4.878546,     0.001799,
  1658.800,     1.541447,     6.469332,    -0.000405,
  1658.850,     0.654841,     7.482532,    -0.001217,
  1658.900,    -0.282712,     7.620730,    -0.000742,
  1658.950,    -1.109626,     6.938656,     0.001286,
  1659.000,    -1.749610,     5.741972,     0.001867,
  1659.050,    -2.009568,     4.359323,    -0.003850,
  1659.100,    -1.859433,     2.981788,    -0.004781,
  1659.150,    -1.358354,     1.775527,    -0.005534,
  1659.200,    -0.621589,     0.980509,    -0.006022,
  1659.250,     0.225803,     0.699717,    -0.003284,
  1659.300,     1.103242,     0.885243,    -0.006662,
  1659.350,     1.821716,     1.351445,    -0.009880,
  1659.400,     2.257003,     1.931611,    -0.005265,
  1659.450,     2.265345,     2.507167,    -0.007904,
  1659.500,     1.924809,     3.134061,    -0.004354,
  1659.550,     1.413977,     3.689834,    -0.002314,
  1659.600,     0.787859,     3.875714,     0.001363,
  1659.650,     0.182672,     3.622396,     0.002137,
  1659.700,    -0.425689,     3.076737,     0.001825,
  1659.750,    -0.962915,     2.395314,     0.000679,
  1659.800,    -1.299318,     1.571273,     0.000807,
  1659.850,    -1.385173,     0.503013,    -0.000315,
  1659.900,    -1.171909,    -0.738879,     0.001855,
  1659.950,    -0.843606,    -1.913048,     0.001336,
  1660.000,    -0.485457,    -2.798245,     0.005093,
  1660.050,    -0.162484,    -3.224781,     0.005645,
  1660.100,     0.130244,    -3.221053,     0.000437,
  1660.150,     0.442073,    -2.804620,    -0.000680,
  1660.200,     0.758492,    -2.148245,    -0.002493,
  1660.250,     1.069920,    -1.410656,    -0.003083,
  1660.300,     1.437166,    -0.797256,    -0.007147,
  1660.350,     1.706455,    -0.388298,    -0.002039,
  1660.400,     1.793305,    -0.171309,    -0.005554,
  1660.450,     1.571162,    -0.143347,    -0.006057,
  1660.500,     0.965547,    -0.234229,    -0.007285,
  1660.550,     0.153369,    -0.228577,    -0.003775,
  1660.600,    -0.654636,     0.068801,    -0.002118,
  1660.650,    -1.278563,     0.701912,    -0.004395,
  1660.700,    -1.611325,     1.453997,    -0.004873,
  1660.750,    -1.751714,     1.984452,     0.001075,
  1660.800,    -1.700610,     2.009002,     0.000330,
  1660.850,    -1.496462,     1.682645,    -0.001673,
  1660.900,    -1.203524,     1.189318,     0.002099,
  1660.950,    -0.804209,     0.793602,     0.004425,
  1661.000,    -0.296950,     0.557561,     0.006738,
  1661.050,     0.349602,     0.544060,     0.004471,
  1661.100,     1.005993,     0.916237,     0.008546,
  1661.150,     1.596878,     1.670847,     0.003140,
  1661.200,     1.905380,     2.608497,     0.006351,
  1661.250,     1.895487,     3.331257,     0.000001,
  1661.300,     1.485044,     3.644647,     0.002716,
  1661.350,     0.819268,     3.527449,    -0.004555,
  1661.400,     0.142357,     3.179844,    -0.001300,
  1661.450,    -0.426599,     2.787319,    -0.007269,
  1661.500,    -0.802536,     2.367567,    -0.003188,
  1661.550,    -0.913485,     1.812792,    -0.000692,
  1661.600,    -0.800955,     1.181724,    -0.005535,
  1661.650,    -0.522261,     0.711117,    -0.009065,
  1661.700,    -0.129380,     0.530947,    -0.005874,
  1661.750,     0.238192,     0.488361,    -0.007485,
  1661.800,     0.451821,     0.321276,    -0.005734,
  1661.850,     0.445572,    -0.099044,    -0.000386,
  1661.900,     0.275792,    -0.638216,    -0.000508,
  1661.950,     0.150702,    -1.168492,     0.002418,
  1662.000,     0.199882,    -1.642323,     0.003703,
  1662.050,     0.376767,    -2.128541,     0.006654,
  1662.100,     0.623982,    -2.609287,     0.006907,
  1662.150,     0.829660,    -2.854005,     0.003463,
  1662.200,     0.973303,    -2.758244,     0.011201,
  1662.250,     0.930989,    -2.142191,     0.008544,
  1662.300,     0.744327,    -1.104436,     0.003522,
  1662.350,     0.423551,     0.149055,     0.000171,
  1662.400,     0.020120,     1.298726,    -0.007672,
  1662.450,    -0.333569,     2.152069,    -0.002249,
  1662.500,    -0.633288,     2.652522,    -0.002844,
  1662.550,    -0.805737,     2.712479,    -0.005918,
  1662.600,    -0.764730,     2.335582,    -0.001068,
  1662.650,    -0.546416,     1.505367,    -0.003487,
  1662.700,    -0.207160,     0.331977,    -0.008568,
  1662.750,     0.225048,    -0.850503,    -0.003636,
  1662.800,     0.809032,    -1.663087,    -0.003693,
  1662.850,     1.517832,    -1.851653,    -0.005452,
  1662.900,     2.353938,    -1.462013,    -0.004142,
  1662.950,     3.125608,    -0.657694,     0.002406,
  1663.000,     3.579020,     0.470056,    -0.003655,
  1663.050,     3.508748,     1.611680,    -0.008211,
  1663.100,     2.978244,     2.417804,    -0.001162,
  1663.150,     2.097320,     2.618604,    -0.000536,
  1663.200,     1.166022,     2.236875,     0.003914,
  1663.250,     0.333878,     1.566728,     0.001249,
  1663.300,    -0.265730,     0.909070,     0.002814,
  1663.350,    -0.539450,     0.335290,     0.003549,
  1663.400,    -0.500883,    -0.128584,    -0.002086,
  1663.450,    -0.219906,    -0.489109,     0.003076,
  1663.500,     0.232297,    -0.683536,     0.000352,
  1663.550,     0.631000,    -0.652590,    -0.003284,
  1663.600,     0.976923,    -0.385626,    -0.002899,
  1663.650,     1.188990,    -0.017839,    -0.003524,
  1663.700,     1.340452,     0.444444,    -0.001618,
  1663.750,     1.366675,     0.892524,    -0.002852,
  1663.800,     1.210383,     1.193859,    -0.003026,
  1663.850,     0.905690,     1.264822,    -0.006727,
  1663.900,     0.600491,     1.118718,    -0.003249,
  1663.950,     0.300874,     0.847465,    -0.007238,
  1664.000,     0.001225,     0.643507,    -0.005657,
  1664.050,    -0.453067,     0.751317,    -0.002845,
  1664.100,    -1.038253,     1.032894,    -0.003704,
  1664.150,    -1.531918,     1.532328,    -0.000048,
  1664.200,    -1.892449,     2.102100,    -0.003801,
  1664.250,    -1.941220,     2.741598,    -0.001525,
  1664.300,    -1.779647,     3.404021,     0.001010,
  1664.350,    -1.389586,     3.894127,     0.002443,
  1664.400,    -0.926154,     4.234944,    -0.002486,
  1664.450,    -0.463842,     4.445565,    -0.002511,
  1664.500,    -0.095954,     4.695064,    -0.002355,
  1664.550,     0.156785,     4.922722,    -0.003256,
  1664.600,     0.321194,     5.032285,    -0.002198,
  1664.650,     0.359416,     5.117767,    -0.003448,
  1664.700,     0.323493,     5.328032,    -0.002401,
  1664.750,     0.294798,     5.959065,     0.003802,
  1664.800,     0.378142,     6.803674,    -0.000407,
  1664.850,     0.549689,     7.490072,     0.004035,
  1664.900,     0.713454,     7.701104,    -0.003494,
  1664.950,     0.740886,     7.466733,    -0.001548,
  1665.000,     0.650591,     7.052562,    -0.000974,
  1665.050,     0.486332,     6.525639,    -0.003727,
  1665.100,     0.364724,     5.904659,    -0.001142,
  1665.150,     0.309944,     5.249139,    -0.000205,
  1665.200,     0.328555,     4.756499,    -0.001712,
  1665.250,     0.451284,     4.576828,     0.000397,
  1665.300,     0.671773,     4.564673,    -0.002842,
  1665.350,     1.014825,     4.464241,     0.001508,
  1665.400,     1.316783,     4.136214,    -0.003033,
  1665.450,     1.470391,     3.484737,    -0.001809,
  1665.500,     1.400286,     2.536612,    -0.001335,
  1665.550,     1.128405,     1.379757,    -0.004289,
  1665.600,     0.855121,     0.066283,    -0.003887,
  1665.650,     0.660497,    -1.190168,    -0.003074,
  1665.700,     0.503727,    -2.290469,    -0.002815,
  1665.750,     0.326909,    -3.057807,     0.001549,
  1665.800,     0.086927,    -3.343942,     0.003620,
  1665.850,    -0.068101,    -3.233995,    -0.002708,
  1665.900,    -0.090218,    -2.801798,    -0.000958,
  1665.950,    -0.109461,    -2.240085,     0.000145,
  1666.000,    -0.235858,    -1.840208,     0.002123,
  1666.050,    -0.490126,    -1.816641,     0.007551,
  1666.100,    -0.774033,    -2.159055,    -0.000649,
  1666.150,    -0.939149,    -2.810039,     0.002732,
  1666.200,    -1.066369,    -3.625061,     0.006414,
  1666.250,    -1.105443,    -4.496968,     0.000942,
  1666.300,    -1.127860,    -5.200080,    -0.001697,
  1666.350,    -1.036155,    -5.598534,    -0.003146,
  1666.400,    -0.795907,    -5.491304,    -0.000103,
  1666.450,    -0.365739,    -4.919563,    -0.007260,
  1666.500,     0.110234,    -4.049773,    -0.001705,
  1666.550,     0.589587,    -3.068452,     0.001682,
  1666.600,     0.794823,    -2.156278,     0.000758,
  1666.650,     0.718694,    -1.446474,    -0.003709,
  1666.700,     0.420743,    -1.194588,     0.000831,
  1666.750,    -0.041746,    -1.559614,     0.002604,
  1666.800,    -0.586473,    -2.610727,    -0.001048,
  1666.850,    -1.125974,    -4.017934,    -0.001748,
  1666.900,    -1.491630,    -5.278189,     0.002587,
  1666.950,    -1.416637,    -5.879807,     0.001228,
  1667.000,    -0.792113,    -5.673035,     0.001116,
  1667.050,     0.299553,    -4.734952,    -0.001480,
  1667.100,     1.583623,    -3.323569,     0.002026,
  1667.150,     2.698727,    -1.801270,     0.002946,
  1667.200,     3.382068,    -0.609589,     0.000245,
  1667.250,     3.439760,     0.036913,     0.001298,
  1667.300,     2.808668,     0.033841,    -0.002045,
  1667.350,     1.577204,    -0.348014,    -0.000144,
  1667.400,     0.084040,    -0.789643,     0.000663,
  1667.450,    -1.216702,    -0.890134,    -0.000458,
  1667.500,    -2.080868,    -0.600818,    -0.000052,
  1667.550,    -2.443753,    -0.031359,    -0.000683,
  1667.600,    -2.319103,     0.591116,    -0.002894,
  1667.650,    -1.859633,     1.222721,    -0.007034,
  1667.700,    -1.174925,     1.755580,     0.005081,
  1667.750,    -0.469656,     2.199291,     0.006411,
  1667.800,     0.091960,     2.543486,    -0.000904,
  1667.850,     0.552208,     2.887557,    -0.000269,
  1667.900,     0.892895,     3.308350,    -0.002030,
  1667.950,     1.156015,     3.920214,     0.001958,
  1668.000,     1.264874,     4.728247,     0.005195,
  1668.050,     1.141182,     5.719417,     0.001280,
  1668.100,     0.866415,     6.709065,     0.003507,
  1668.150,     0.510680,     7.467423,    -0.000741,
  1668.200,     0.299420,     7.970446,    -0.004900,
  1668.250,     0.257335,     8.313012,     0.001591,
  1668.300,     0.358946,     8.562235,    -0.004664,
  1668.350,     0.515295,     8.631434,    -0.001912,
  1668.400,     0.707991,     8.193162,    -0.001508,
  1668.450,     0.940540,     7.142518,    -0.006589,
  1668.500,     1.196205,     5.719724,    -0.001105,
  1668.550,     1.474312,     4.280513,    -0.004662,
  1668.600,     1.729383,     3.139489,    -0.007115,
  1668.650,     1.913512,     2.404705,    -0.001459,
  1668.700,     2.089754,     2.141270,    -0.003003,
  1668.750,     2.198737,     2.421571,    -0.000952,
  1668.800,     2.135169,     3.134096,    -0.003994,
  1668.850,     2.060860,     4.018293,    -0.002003,
  1668.900,     2.035689,     4.675298,    -0.003394,
  1668.950,     2.160284,     4.926007,    -0.000279,
  1669.000,     2.429172,     4.776860,    -0.003936,
  1669.050,     2.590219,     4.290919,     0.004838,
  1669.100,     2.556565,     3.477075,     0.005199,
  1669.150,     2.316823,     2.435359,    -0.000749,
  1669.200,     2.086200,     1.399322,    -0.001968,
  1669.250,     1.851651,     0.704683,     0.001083,
  1669.300,     1.644683,     0.384288,     0.001852,
  1669.350,     1.399842,     0.402077,     0.006500,
  1669.400,     1.251663,     0.480567,     0.000868,
  1669.450,     1.239947,     0.503144,    -0.004216,
  1669.500,     1.245085,     0.467499,    -0.001864,
  1669.550,     1.123424,     0.427364,    -0.000235,
  1669.600,     0.811261,     0.342480,    -0.002315,
  1669.650,     0.320796,     0.136505,     0.004623,
  1669.700,    -0.221829,    -0.118072,     0.002207,
  1669.750,    -0.816332,    -0.314044,    -0.004418,
  1669.800,    -1.387669,    -0.345427,    -0.001632,
  1669.850,    -1.796768,    -0.283695,    -0.001191,
  1669.900,    -2.024157,    -0.104249,     0.002132,
  1669.950,    -2.053843,     0.193024,     0.003073,
  1670.000,    -1.923102,     0.620873,     0.000620,
  1670.050,    -1.664027,     1.022045,     0.002624,
  1670.100,    -1.367360,     1.255514,     0.003904,
  1670.150,    -1.123061,     1.085880,     0.000288,
  1670.200,    -0.972533,     0.484390,     0.001294,
  1670.250,    -1.038919,    -0.519557,     0.004813,
  1670.300,    -1.211717,    -1.744034,     0.006761,
  1670.350,    -1.435049,    -3.052837,     0.002444,
  1670.400,    -1.654124,    -4.192625,    -0.002107,
  1670.450,    -1.854368,    -4.871893,    -0.001559,
  1670.500,    -1.978186,    -4.825682,    -0.005245,
  1670.550,    -1.922003,    -4.000582,    -0.001394,
  1670.600,    -1.730310,    -2.658568,    -0.003795,
  1670.650,    -1.436727,    -1.071755,    -0.008300,
  1670.700,    -1.128970,     0.485978,    -0.006128,
  1670.750,    -0.868175,     1.894552,    -0.004818,
  1670.800,    -0.650089,     2.933516,    -0.000731,
  1670.850,    -0.512289,     3.411537,     0.002239,
  1670.900,    -0.556244,     3.192661,    -0.003731,
  1670.950,    -0.844742,     2.448630,    -0.004710,
  1671.000,    -1.361196,     1.430026,     0.000881,
  1671.050,    -1.874035,     0.408478,     0.001076,
  1671.100,    -2.207902,    -0.451436,     0.002465,
  1671.150,    -2.162896,    -0.960817,    -0.001716,
  1671.200,    -1.700532,    -1.060193,     0.002812,
  1671.250,    -0.988402,    -0.663694,    -0.001006,
  1671.300,    -0.163677,     0.062822,     0.004973,
  1671.350,     0.489747,     0.883004,     0.002177,
  1671.400,     0.863060,     1.683465,     0.002660,
  1671.450,     0.898746,     2.433776,    -0.003982,
  1671.500,     0.566081,     3.137004,    -0.002766,
  1671.550,     0.157215,     3.789860,     0.002449,
  1671.600,    -0.175025,     4.497620,    -0.001006,
  1671.650,    -0.284986,     5.222535,    -0.003679,
  1671.700,    -0.111606,     5.901816,    -0.000673,
  1671.750,     0.186149,     6.195639,    -0.007013,
  1671.800,     0.562143,     5.981187,    -0.006657,
  1671.850,     0.940370,     5.335014,    -0.003071,
  1671.900,     1.256245,     4.410735,     0.000079,
  1671.950,     1.490947,     3.321650,     0.000521,
  1672.000,     1.678675,     2.132569,    -0.004160,
  1672.050,     1.861670,     0.935982,     0.003857,
  1672.100,     2.009361,    -0.097018,     0.001937,
  1672.150,     2.272617,    -0.778452,    -0.002680,
  1672.200,     2.606788,    -1.038260,    -0.003446,
  1672.250,     3.007951,    -0.783239,     0.003103,
  1672.300,     3.369187,     0.004783,    -0.000258,
  1672.350,     3.492029,     1.387401,     0.000562,
  1672.400,     3.431150,     3.077046,     0.004165,
  1672.450,     3.253404,     4.595813,     0.000502,
  1672.500,     3.103924,     5.531017,    -0.000677,
  1672.550,     2.897508,     5.600975,    -0.002639,
  1672.600,     2.554720,     4.902975,    -0.000672,
  1672.650,     2.017871,     3.582044,    -0.001586,
  1672.700,     1.366320,     1.961807,     0.001109,
  1672.750,     0.809678,     0.388899,     0.000243,
  1672.800,     0.516830,    -0.792903,    -0.003280,
  1672.850,     0.415062,    -1.559035,    -0.001519,
  1672.900,     0.542908,    -1.835454,    -0.006347,
  1672.950,     0.878191,    -1.664866,    -0.006707,
  1673.000,     1.428989,    -1.176190,    -0.001218,
  1673.050,     1.936095,    -0.496011,    -0.000184,
  1673.100,     2.227432,     0.210725,    -0.003578,
  1673.150,     2.198866,     0.794993,    -0.004908,
  1673.200,     1.896041,     1.214705,    -0.003050,
  1673.250,     1.413061,     1.474065,    -0.001965,
  1673.300,     0.775741,     1.639771,    -0.001582,
  1673.350,     0.111569,     1.766697,     0.000262,
  1673.400,    -0.458128,     1.904042,     0.001489,
  1673.450,    -0.741059,     2.052326,    -0.004917,
  1673.500,    -0.704437,     2.186667,     0.002598,
  1673.550,    -0.521732,     2.189667,    -0.002605,
  1673.600,    -0.283430,     2.027777,     0.003059,
  1673.650,    -0.149331,     1.665004,     0.000485,
  1673.700,    -0.121550,     1.127236,     0.002868,
  1673.750,    -0.143694,     0.401514,    -0.001583,
  1673.800,    -0.245057,    -0.456556,    -0.002177,
  1673.850,    -0.442245,    -1.329903,    -0.008241,
  1673.900,    -0.622898,    -2.109243,    -0.001717,
  1673.950,    -0.741213,    -2.672158,     0.000818,
  1674.000,    -0.757585,    -2.853025,     0.000118,
  1674.050,    -0.749698,    -2.533091,    -0.003369,
  1674.100,    -0.697854,    -1.651755,    -0.002480,
  1674.150,    -0.624623,    -0.453523,    -0.003147,
  1674.200,    -0.593202,     0.815121,    -0.000285,
  1674.250,    -0.593145,     1.977493,     0.001615,
  1674.300,    -0.720079,     2.902698,     0.000022,
  1674.350,    -0.995699,     3.339133,    -0.003509,
  1674.400,    -1.467315,     3.147577,    -0.003874,
  1674.450,    -2.070481,     2.474950,     0.002371,
  1674.500,    -2.682682,     1.639727,     0.005151,
  1674.550,    -3.220241,     0.968594,     0.001122,
  1674.600,    -3.608683,     0.576112,     0.001413,
  1674.650,    -3.713348,     0.331323,     0.003847,
  1674.700,    -3.383575,     0.255601,     0.007544,
  1674.750,    -2.726646,     0.251998,     0.006345,
  1674.800,    -1.810462,     0.431632,     0.000831,
  1674.850,    -0.894884,     0.652575,    -0.004172,
  1674.900,    -0.104161,     0.917843,    -0.000017,
  1674.950,     0.486149,     1.179706,    -0.000335,
  1675.000,     0.755892,     1.596654,    -0.001861,
  1675.050,     0.654337,     2.116539,    -0.010350,
  1675.100,     0.257173,     2.621316,     0.001019,
  1675.150,    -0.285014,     2.884645,    -0.001529,
  1675.200,    -0.816322,     2.842668,    -0.001469,
  1675.250,    -1.197900,     2.499815,     0.000436,
  1675.300,    -1.369067,     1.903486,    -0.003331,
  1675.350,    -1.311070,     1.192339,    -0.006121,
  1675.400,    -1.039203,     0.383384,    -0.004600,
  1675.450,    -0.592835,    -0.486416,    -0.002949,
  1675.500,    -0.070156,    -1.358856,    -0.000978,
  1675.550,     0.349758,    -2.050295,    -0.000003,
  1675.600,     0.639036,    -2.544545,     0.003385,
  1675.650,     0.850627,    -2.818688,     0.003807,
  1675.700,     0.992329,    -2.911071,     0.000752,
  1675.750,     1.102572,    -2.789953,     0.000588,
  1675.800,     1.241113,    -2.338151,    -0.000212,
  1675.850,     1.519413,    -1.632665,     0.000980,
  1675.900,     1.829903,    -0.815731,    -0.001849,
  1675.950,     2.006676,    -0.039722,    -0.001312,
  1676.000,     2.027637,     0.452451,    -0.003769,
  1676.050,     1.887379,     0.631833,    -0.007206,
  1676.100,     1.800714,     0.429057,     0.001243,
  1676.150,     1.795626,     0.003875,     0.005744,
  1676.200,     1.860539,    -0.524078,     0.001192,
  1676.250,     1.981263,    -0.917231,    -0.000343,
  1676.300,     2.173351,    -1.026849,    -0.002526,
  1676.350,     2.482056,    -0.739511,    -0.006193,
  1676.400,     2.867202,     0.061564,    -0.005003,
  1676.450,     3.331138,     1.136488,     0.002445,
  1676.500,     3.887945,     2.296843,    -0.005515,
  1676.550,     4.509584,     3.266982,    -0.006481,
  1676.600,     5.094346,     3.877250,    -0.001934,
  1676.650,     5.369267,     4.110587,    -0.000975,
  1676.700,     5.218410,     4.057056,     0.005741,
  1676.750,     4.581624,     3.970703,     0.001773,
  1676.800,     3.561479,     3.885809,     0.003528,
  1676.850,     2.246810,     3.751709,    -0.005242,
  1676.900,     0.870805,     3.606453,     0.001433,
  1676.950,    -0.383064,     3.419206,     0.000366,
  1677.000,    -1.362775,     3.220927,    -0.006402,
  1677.050,    -1.975534,     2.897958,     0.000311,
  1677.100,    -2.272460,     2.428987,    -0.002727,
  1677.150,    -2.272579,     1.723588,    -0.007206,
  1677.200,    -2.040567,     0.860726,    -0.006589,
  1677.250,    -1.645199,    -0.001927,     0.001065,
  1677.300,    -1.213884,    -0.804428,    -0.000797,
  1677.350,    -0.833556,    -1.520904,    -0.002546,
  1677.400,    -0.566888,    -2.226664,    -0.002655,
  1677.450,    -0.403123,    -2.926704,    -0.003340,
  1677.500,    -0.246433,    -3.610735,    -0.005675,
  1677.550,    -0.114934,    -4.025894,    -0.002301,
  1677.600,     0.084611,    -4.085726,     0.007021,
  1677.650,     0.286642,    -3.749417,     0.001463,
  1677.700,     0.448314,    -3.089105,     0.004339,
  1677.750,     0.570020,    -2.255187,     0.006110,
  1677.800,     0.590574,    -1.326156,     0.004896,
  1677.850,     0.504473,    -0.414525,     0.002266,
  1677.900,     0.311176,     0.452047,    -0.001548,
  1677.950,    -0.017183,     1.215503,    -0.001554,
  1678.000,    -0.408314,     1.867822,    -0.008624,
  1678.050,    -0.818272,     2.447132,    -0.004319,
  1678.100,    -1.138405,     2.946269,    -0.003711,
  1678.150,    -1.340065,     3.329762,    -0.003848,
  1678.200,    -1.357278,     3.461490,    -0.011594,
  1678.250,    -1.091132,     3.286942,    -0.003389,
  1678.300,    -0.577462,     2.820437,    -0.004491,
  1678.350,     0.032495,     2.110837,    -0.003508,
  1678.400,     0.624397,     1.350681,    -0.000639,
  1678.450,     1.070295,     0.545600,    -0.001678,
  1678.500,     1.382418,    -0.254601,     0.002050,
  1678.550,     1.356705,    -0.950069,    -0.000840,
  1678.600,     0.967733,    -1.446930,    -0.000569,
  1678.650,     0.364930,    -1.623106,    -0.002392,
  1678.700,    -0.248598,    -1.444168,     0.002373,
  1678.750,    -0.731599,    -1.059323,     0.000344,
  1678.800,    -0.920398,    -0.542013,     0.001813,
  1678.850,    -0.950691,    -0.018378,    -0.000438,
  1678.900,    -0.804831,     0.425745,    -0.000682,
  1678.950,    -0.546342,     0.790540,    -0.000432,
  1679.000,    -0.143784,     0.984693,    -0.001211,
  1679.050,     0.258167,     1.013227,     0.001914,
  1679.100,     0.474436,     0.944345,    -0.007917,
  1679.150,     0.555986,     0.879909,    -0.002475,
  1679.200,     0.555961,     0.987428,    -0.001172,
  1679.250,     0.493840,     1.153498,    -0.000266,
  1679.300,     0.364119,     1.336168,    -0.008670,
  1679.350,     0.122095,     1.444655,    -0.002712,
  1679.400,    -0.095933,     1.384619,    -0.002457,
  1679.450,    -0.290825,     1.276190,    -0.001548,
  1679.500,    -0.443185,     1.151998,     0.000311,
  1679.550,    -0.515463,     1.036389,    -0.002556,
  1679.600,    -0.592399,     0.822260,    -0.002284,
  1679.650,    -0.689563,     0.489344,    -0.002637,
  1679.700,    -0.796185,     0.111605,    -0.000791,
  1679.750,    -0.881516,    -0.136383,    -0.003335,
  1679.800,    -0.908841,    -0.183329,    -0.000646,
  1679.850,    -0.914620,     0.089244,     0.000013,
  1679.900,    -0.844048,     0.565430,     0.001787,
  1679.950,    -0.757469,     1.250601,     0.002189,
  1680.000,    -0.551927,     2.055370,     0.003793,
  1680.050,    -0.305224,     2.926242,    -0.001437,
  1680.100,    -0.009288,     3.609281,     0.000621,
  1680.150,     0.244495,     3.957772,    -0.001364,
  1680.200,     0.378003,     3.925172,    -0.002474,
  1680.250,     0.381347,     3.677354,    -0.001574,
  1680.300,     0.202195,     3.490739,    -0.005018,
  1680.350,    -0.030545,     3.503816,    -0.005333,
  1680.400,    -0.260749,     3.660714,    -0.003858,
  1680.450,    -0.403457,     3.784592,    -0.003168,
  1680.500,    -0.387892,     3.824643,    -0.004666,
  1680.550,    -0.153913,     3.731541,    -0.001650,
  1680.600,     0.280087,     3.510038,    -0.002230,
  1680.650,     0.822741,     2.993122,    -0.002643,
  1680.700,     1.336846,     2.112110,    -0.005670,
  1680.750,     1.700040,     1.024903,    -0.003643,
  1680.800,     1.840345,    -0.076396,    -0.007410,
  1680.850,     1.821547,    -0.928485,     0.003301,
  1680.900,     1.758654,    -1.375108,     0.004967,
  1680.950,     1.670027,    -1.509035,     0.002876,
  1681.000,     1.563813,    -1.330337,     0.004827,
  1681.050,     1.397884,    -0.869043,     0.003087,
  1681.100,     1.178841,    -0.272924,     0.001146,
  1681.150,     0.994425,     0.316817,    -0.001133,
  1681.200,     0.832136,     0.762311,    -0.001715,
  1681.250,     0.622065,     1.087771,    -0.000314,
  1681.300,     0.320501,     1.309974,    -0.002647,
  1681.350,    -0.043298,     1.551823,    -0.005770,
  1681.400,    -0.432759,     1.865516,    -0.007666,
  1681.450,    -0.793649,     2.190166,    -0.004363,
  1681.500,    -1.138208,     2.495474,    -0.002679,
  1681.550,    -1.455178,     2.731245,    -0.009464,
  1681.600,    -1.762881,     2.832177,    -0.003501,
  1681.650,    -2.076648,     2.826116,    -0.002223,
  1681.700,    -2.309009,     2.733490,    -0.004763,
  1681.750,    -2.382885,     2.577436,    -0.005111,
  1681.800,    -2.231001,     2.285596,    -0.000218,
  1681.850,    -1.836533,     1.884823,     0.008756,
  1681.900,    -1.265972,     1.385372,     0.005662,
  1681.950,    -0.623132,     0.872870,     0.004993,
  1682.000,    -0.034686,     0.476956,     0.006719,
  1682.050,     0.490455,     0.241674,     0.003490,
  1682.100,     0.952526,     0.182498,     0.003022,
  1682.150,     1.275574,     0.282745,     0.003376,
  1682.200,     1.438936,     0.487860,    -0.000481,
  1682.250,     1.539630,     0.765049,    -0.001090,
  1682.300,     1.598736,     1.076061,     0.000759,
  1682.350,     1.577436,     1.345877,    -0.001738,
  1682.400,     1.453018,     1.614656,    -0.000041,
  1682.450,     1.201860,     1.934996,    -0.000811,
  1682.500,     0.857652,     2.317847,    -0.002781,
  1682.550,     0.465667,     2.571037,     0.000270,
  1682.600,     0.074018,     2.715450,    -0.005584,
  1682.650,    -0.262122,     2.695597,    -0.004824,
  1682.700,    -0.605199,     2.511846,    -0.000198,
  1682.750,    -0.873818,     2.259730,    -0.008064,
  1682.800,    -1.081670,     1.937984,    -0.006328,
  1682.850,    -1.091709,     1.593883,    -0.006727,
  1682.900,    -0.986115,     1.197974,    -0.002790,
  1682.950,    -0.816227,     0.856578,     0.003486,
  1683.000,    -0.561121,     0.591795,     0.004367,
  1683.050,    -0.263083,     0.388310,     0.005783,
  1683.100,     0.109868,     0.239085,     0.001724,
  1683.150,     0.464688,     0.154335,     0.000695,
  1683.200,     0.713341,     0.169285,     0.005320,
  1683.250,     0.860207,     0.348151,     0.004002,
  1683.300,     0.866996,     0.705455,     0.002061,
  1683.350,     0.820964,     1.189040,     0.002141,
  1683.400,     0.763903,     1.704080,    -0.003453,
  1683.450,     0.715106,     2.117921,     0.001426,
  1683.500,     0.617309,     2.352159,    -0.003220,
  1683.550,     0.549424,     2.378809,    -0.003284,
  1683.600,     0.474876,     2.300817,    -0.006994,
  1683.650,     0.445980,     2.207273,    -0.005132,
  1683.700,     0.414985,     2.084502,    -0.005882,
  1683.750,     0.416585,     1.861927,    -0.005457,
  1683.800,     0.375006,     1.496297,    -0.007679,
  1683.850,     0.253417,     0.958744,    -0.004933,
  1683.900,     0.078424,     0.295860,    -0.001461,
  1683.950,    -0.042486,    -0.417423,    -0.001556,
  1684.000,    -0.022872,    -1.076099,     0.000472,
  1684.050,     0.155537,    -1.664791,     0.003074,
  1684.100,     0.447663,    -1.881292,     0.000797,
  1684.150,     0.805225,    -1.641991,     0.004236,
  1684.200,     1.256898,    -0.908922,     0.005445,
  1684.250,     1.646970,     0.057908,     0.008608,
  1684.300,     1.866502,     1.052434,     0.001836,
  1684.350,     1.869146,     1.909970,    -0.001037,
  1684.400,     1.678753,     2.528583,     0.002301,
  1684.450,     1.424608,     2.910504,    -0.001190,
  1684.500,     1.256204,     3.039462,    -0.001952,
  1684.550,     1.176355,     2.959035,    -0.002099,
  1684.600,     1.100075,     2.770499,    -0.001220,
  1684.650,     0.994462,     2.537622,    -0.006637,
  1684.700,     0.853681,     2.230924,    -0.005710,
  1684.750,     0.695456,     1.831384,    -0.010286,
  1684.800,     0.510251,     1.285302,    -0.007268,
  1684.850,     0.237608,     0.667263,    -0.006344,
  1684.900,    -0.177818,     0.041377,    -0.005506,
  1684.950,    -0.633416,    -0.428136,    -0.008419,
  1685.000,    -1.031818,    -0.708761,    -0.005622,
  1685.050,    -1.286477,    -0.672982,    -0.002095,
  1685.100,    -1.360195,    -0.345578,     0.000830,
  1685.150,    -1.289167,     0.219219,    -0.001322,
  1685.200,    -1.075807,     0.930121,     0.001231,
  1685.250,    -0.754674,     1.662913,    -0.002698,
  1685.300,    -0.337172,     2.336706,     0.003397,
  1685.350,     0.049467,     2.790813,     0.005784,
  1685.400,     0.365382,     2.837893,     0.004539,
  1685.450,     0.596816,     2.526431,     0.006096,
  1685.500,     0.743799,     1.958973,     0.005983,
  1685.550,     0.835641,     1.391149,     0.002663,
  1685.600,     0.905061,     0.930255,    -0.000062,
  1685.650,     0.963393,     0.562372,    -0.000756,
  1685.700,     0.980805,     0.322827,    -0.001587,
  1685.750,     0.962493,     0.155830,    -0.003362,
  1685.800,     0.891276,     0.091455,    -0.006712,
  1685.850,     0.823343,     0.074935,    -0.004180,
  1685.900,     0.748833,     0.001193,    -0.008150,
  1685.950,     0.726057,    -0.119799,    -0.008594,
  1686.000,     0.636355,    -0.162694,    -0.002857,
  1686.050,     0.504430,    -0.039735,     0.000033,
  1686.100,     0.357311,     0.280877,    -0.001569,
  1686.150,     0.201211,     0.692554,     0.002124,
  1686.200,     0.086348,     1.156741,     0.000476,
  1686.250,     0.008157,     1.552242,    -0.001116,
  1686.300,    -0.022001,     1.866623,    -0.004000,
  1686.350,    -0.021925,     2.019688,    -0.000164,
  1686.400,    -0.001748,     1.916365,     0.001544,
  1686.450,     0.086897,     1.485783,    -0.000396,
  1686.500,     0.168152,     0.797933,     0.006943,
  1686.550,     0.288805,     0.052865,     0.001220,
  1686.600,     0.461306,    -0.647351,     0.000598,
  1686.650,     0.736990,    -1.141138,     0.000394,
  1686.700,     1.020786,    -1.368795,     0.000030,
  1686.750,     1.253503,    -1.369090,     0.000124,
  1686.800,     1.361003,    -1.112459,    -0.003062,
  1686.850,     1.302346,    -0.498849,    -0.007711,
  1686.900,     1.115259,     0.373076,    -0.008745,
  1686.950,     0.851285,     1.343611,    -0.008155,
  1687.000,     0.517579,     2.220433,    -0.004368,
  1687.050,     0.175933,     2.790095,    -0.006389,
  1687.100,    -0.156196,     3.106945,    -0.002494,
  1687.150,    -0.389365,     3.106982,     0.002801,
  1687.200,    -0.488275,     2.837052,    -0.002100,
  1687.250,    -0.491145,     2.304517,    -0.001054,
  1687.300,    -0.407821,     1.643385,     0.000401,
  1687.350,    -0.236750,     0.972145,     0.004243,
  1687.400,    -0.030671,     0.364439,     0.000886,
  1687.450,     0.265716,    -0.127680,     0.002564,
  1687.500,     0.543967,    -0.449573,    -0.000429,
  1687.550,     0.853054,    -0.711068,    -0.000423,
  1687.600,     1.130517,    -0.992829,     0.000973,
  1687.650,     1.258696,    -1.319799,     0.000342,
  1687.700,     1.247380,    -1.571145,    -0.004177,
  1687.750,     1.138047,    -1.542420,     0.000081,
  1687.800,     0.979774,    -1.101569,    -0.000575,
  1687.850,     0.806262,    -0.308003,    -0.002644,
  1687.900,     0.547687,     0.731242,    -0.003433,
  1687.950,     0.241712,     1.850057,    -0.006009,
  1688.000,    -0.178933,     2.753399,    -0.007171,
  1688.050,    -0.616371,     3.277598,    -0.002655,
  1688.100,    -1.044984,     3.297298,    -0.001794,
  1688.150,    -1.440051,     2.876221,     0.001382,
  1688.200,    -1.707005,     2.170375,    -0.001127,
  1688.250,    -1.876377,     1.313024,    -0.001506,
  1688.300,    -1.801463,     0.451004,     0.000568,
  1688.350,    -1.463150,    -0.335147,     0.001541,
  1688.400,    -0.871738,    -0.889231,     0.007911,
  1688.450,    -0.149163,    -1.064746,     0.001199,
  1688.500,     0.532226,    -0.932000,    -0.000515,
  1688.550,     1.082984,    -0.535668,     0.003410,
  1688.600,     1.442227,     0.061993,     0.000125,
  1688.650,     1.564441,     0.744836,     0.000390,
  1688.700,     1.542628,     1.357723,     0.001682,
  1688.750,     1.402294,     1.764261,     0.002847,
  1688.800,     1.184898,     1.791242,    -0.001844,
  1688.850,     0.992058,     1.478882,    -0.001758,
  1688.900,     0.811325,     0.900863,    -0.001493,
  1688.950,     0.626891,     0.198671,    -0.002446,
  1689.000,     0.388860,    -0.468450,    -0.003135,
  1689.050,     0.169441,    -0.949988,    -0.003499,
  1689.100,    -0.058981,    -1.127342,    -0.007824,
  1689.150,    -0.195950,    -0.955192,    -0.000720,
  1689.200,    -0.229483,    -0.573804,     0.002681,
  1689.250,    -0.164126,    -0.082558,    -0.002168,
  1689.300,     0.005410,     0.400849,     0.003458,
  1689.350,     0.230951,     0.783911,     0.007717,
  1689.400,     0.465362,     0.997937,     0.004952,
  1689.450,     0.764390,     1.060174,     0.001914,
  1689.500,     0.987110,     1.013047,     0.004032,
  1689.550,     1.116664,     0.894100,     0.002487,
  1689.600,     1.012383,     0.862166,     0.003218,
  1689.650,     0.742641,     1.000874,     0.003765,
  1689.700,     0.389174,     1.370165,    -0.002794,
  1689.750,     0.062258,     1.888734,    -0.000732,
  1689.800,    -0.182735,     2.335326,    -0.006474,
  1689.850,    -0.335787,     2.624466,    -0.005622,
  1689.900,    -0.476337,     2.627302,    -0.005108,
  1689.950,    -0.553245,     2.330004,    -0.003891,
  1690.000,    -0.539153,     1.838481,    -0.009544,
  1690.050,    -0.489608,     1.136360,    -0.006033,
  1690.100,    -0.415329,     0.332646,    -0.001738,
  1690.150,    -0.347915,    -0.448915,     0.000517,
  1690.200,    -0.210238,    -1.072448,     0.004651,
  1690.250,     0.058760,    -1.405867,    -0.000759,
  1690.300,     0.375248,    -1.384308,    -0.000387,
  1690.350,     0.669045,    -1.002613,    -0.000064,
  1690.400,     0.889756,    -0.369327,     0.001839,
  1690.450,     1.016829,     0.414418,    -0.000897,
  1690.500,     0.989020,     1.264879,     0.003905,
  1690.550,     0.838502,     2.078002,     0.006448,
  1690.600,     0.544322,     2.690379,     0.003327,
  1690.650,     0.193895,     3.037519,     0.004219,
  1690.700,    -0.186259,     3.023940,     0.000854,
  1690.750,    -0.524257,     2.709839,     0.000170,
  1690.800,    -0.734995,     2.242089,    -0.005496,
  1690.850,    -0.791504,     1.670260,    -0.008693,
  1690.900,    -0.686164,     1.163267,    -0.002265,
  1690.950,    -0.476652,     0.768299,    -0.006847,
  1691.000,    -0.213210,     0.473777,    -0.008969,
  1691.050,     0.142087,     0.285832,    -0.005777,
  1691.100,     0.561491,     0.203289,    -0.007241,
  1691.150,     0.939918,     0.125032,    -0.002342,
  1691.200,     1.237140,     0.156049,    -0.003389,
  1691.250,     1.317804,     0.241990,    -0.003049,
  1691.300,     1.215679,     0.509349,    -0.001741,
  1691.350,     1.025674,     0.941554,     0.004875,
  1691.400,     0.728930,     1.529320,    -0.001338,
  1691.450,     0.363088,     2.191168,     0.004552,
  1691.500,    -0.015304,     2.827658,     0.005757,
  1691.550,    -0.353941,     3.378861,     0.003153,
  1691.600,    -0.620294,     3.692797,     0.000711,
  1691.650,    -0.771704,     3.624742,     0.003686,
  1691.700,    -0.857841,     3.149624,     0.002102,
  1691.750,    -0.872860,     2.228937,     0.006923,
  1691.800,    -0.933013,     1.063858,     0.006981,
  1691.850,    -0.997590,    -0.152253,    -0.000326,
  1691.900,    -0.978826,    -1.174209,    -0.000003,
  1691.950,    -0.852101,    -1.791788,    -0.006063,
  1692.000,    -0.516731,    -1.923481,    -0.003207,
  1692.050,    -0.046984,    -1.494760,    -0.000756,
  1692.100,     0.494584,    -0.672926,    -0.003870,
  1692.150,     0.997009,     0.363339,    -0.011668,
  1692.200,     1.331246,     1.363359,    -0.006519,
  1692.250,     1.409915,     2.160327,    -0.006236,
  1692.300,     1.237407,     2.568445,    -0.003889,
  1692.350,     0.884251,     2.533085,    -0.004391,
  1692.400,     0.530480,     2.142730,    -0.005385,
  1692.450,     0.163428,     1.538134,    -0.000015,
  1692.500,    -0.099398,     0.980385,     0.001383,
  1692.550,    -0.317995,     0.587184,     0.001261,
  1692.600,    -0.363381,     0.442132,     0.000863,
  1692.650,    -0.315730,     0.574560,     0.005521,
  1692.700,    -0.151245,     0.747681,    -0.001293,
  1692.750,     0.060992,     0.841796,     0.004173,
  1692.800,     0.274058,     0.932781,     0.003957,
  1692.850,     0.487127,     0.984177,     0.002438,
  1692.900,     0.651836,     1.003946,     0.003379,
  1692.950,     0.686691,     0.929122,    -0.003882,
  1693.000,     0.547718,     0.783914,    -0.001657,
  1693.050,     0.259028,     0.672512,    -0.002366,
  1693.100,    -0.140061,     0.662233,    -0.004782,
  1693.150,    -0.503315,     0.801518,    -0.004850,
  1693.200,    -0.823512,     1.125919,     0.000439,
  1693.250,    -0.969751,     1.556513,     0.001872,
  1693.300,    -0.954487,     1.945138,    -0.004941,
  1693.350,    -0.777042,     2.242532,    -0.004047,
  1693.400,    -0.492411,     2.400666,    -0.004164,
  1693.450,    -0.209020,     2.426737,    -0.002106,
  1693.500,     0.041078,     2.266734,    -0.003622,
  1693.550,     0.204204,     1.909553,    -0.003068,
  1693.600,     0.246345,     1.422311,     0.000916,
  1693.650,     0.201699,     0.873087,     0.002597,
  1693.700,     0.135347,     0.341281,     0.001848,
  1693.750,     0.111196,    -0.081404,    -0.000794,
  1693.800,     0.155423,    -0.283392,     0.001461,
  1693.850,     0.302388,    -0.165438,     0.001012,
  1693.900,     0.560012,     0.235648,     0.001704,
  1693.950,     0.871709,     0.712439,     0.001242,
  1694.000,     1.067958,     1.100583,     0.001103,
  1694.050,     1.157965,     1.220353,    -0.002769,
  1694.100,     1.066150,     1.020043,    -0.005040,
  1694.150,     0.882426,     0.663621,    -0.005186,
  1694.200,     0.558363,     0.307127,    -0.001592,
  1694.250,     0.196218,     0.061134,     0.000565,
  1694.300,    -0.188435,     0.025835,    -0.005350,
  1694.350,    -0.544465,     0.154167,    -0.003076,
  1694.400,    -0.840672,     0.422037,    -0.005696,
  1694.450,    -0.941381,     0.740911,    -0.005760,
  1694.500,    -0.847613,     1.024193,    -0.004797,
  1694.550,    -0.640175,     1.136833,    -0.003042,
  1694.600,    -0.321570,     1.020943,     0.001410,
  1694.650,     0.083198,     0.736161,     0.005799,
  1694.700,     0.455848,     0.438248,     0.003175,
  1694.750,     0.762813,     0.248550,     0.003187,
  1694.800,     0.993409,     0.179645,    -0.003055,
  1694.850,     1.085976,     0.195447,     0.000741,
  1694.900,     1.047122,     0.282804,     0.003550,
  1694.950,     0.842367,     0.461654,     0.004841,
  1695.000,     0.618302,     0.742957,     0.000810,
  1695.050,     0.389465,     1.025701,    -0.000118,
  1695.100,     0.203078,     1.259097,    -0.001439,
  1695.150,     0.093341,     1.238673,    -0.000671,
  1695.200,     0.033837,     0.976320,    -0.002417,
  1695.250,    -0.046535,     0.506294,    -0.002477,
  1695.300,    -0.061447,    -0.005801,    -0.004217,
  1695.350,    -0.091451,    -0.496504,    -0.000034,
  1695.400,    -0.068382,    -0.819703,     0.001103,
  1695.450,    -0.014420,    -0.989628,    -0.004222,
  1695.500,     0.108020,    -0.954995,    -0.005109,
  1695.550,     0.315760,    -0.679936,    -0.001612,
  1695.600,     0.592857,    -0.241350,    -0.002146,
  1695.650,     0.871985,     0.298546,     0.001374,
  1695.700,     1.099176,     0.761163,     0.002937,
  1695.750,     1.243120,     1.142690,    -0.002611,
  1695.800,     1.266766,     1.287671,    -0.000128,
  1695.850,     1.115604,     1.216640,     0.003245,
  1695.900,     0.757285,     0.942684,     0.001527,
  1695.950,     0.280623,     0.518857,    -0.002182,
  1696.000,    -0.233591,     0.016242,     0.001581,
  1696.050,    -0.690682,    -0.420836,    -0.003685,
  1696.100,    -0.995859,    -0.652076,    -0.002005,
  1696.150,    -1.079133,    -0.530327,    -0.002027,
  1696.200,    -0.928161,    -0.100584,    -0.003720,
  1696.250,    -0.578642,     0.537141,     0.004689,
  1696.300,    -0.118335,     1.170117,     0.001579,
  1696.350,     0.378845,     1.612779,    -0.001274,
  1696.400,     0.812036,     1.746676,     0.000615,
  1696.450,     1.097940,     1.612897,     0.004925,
  1696.500,     1.195501,     1.228865,    -0.007812,
  1696.550,     1.077859,     0.726397,    -0.000203,
  1696.600,     0.799442,     0.259011,     0.002342,
  1696.650,     0.434194,    -0.063428,    -0.001905,
  1696.700,     0.123037,    -0.152744,     0.004551,
  1696.750,    -0.080303,    -0.072411,     0.005701,
  1696.800,    -0.138535,     0.120159,     0.002716,
  1696.850,    -0.125687,     0.423928,     0.000915,
  1696.900,    -0.064089,     0.709750,     0.002807,
  1696.950,    -0.035747,     1.026023,     0.002153,
  1697.000,    -0.004593,     1.315422,    -0.002515,
  1697.050,     0.086675,     1.543624,    -0.001218,
  1697.100,     0.165192,     1.707006,    -0.000493,
  1697.150,     0.203123,     1.788889,     0.003469,
  1697.200,     0.220904,     1.776160,    -0.002869,
  1697.250,     0.211937,     1.690371,    -0.008062,
  1697.300,     0.225103,     1.527791,    -0.001104,
  1697.350,     0.307602,     1.330025,     0.001426,
  1697.400,     0.486838,     1.178847,    -0.006940,
  1697.450,     0.690935,     1.114457,    -0.001568,
  1697.500,     0.825291,     1.147654,    -0.004353,
  1697.550,     0.911877,     1.260431,    -0.003461,
  1697.600,     0.936285,     1.396614,    -0.003866,
  1697.650,     0.848059,     1.472952,     0.001531,
  1697.700,     0.694367,     1.368465,     0.006305,
  1697.750,     0.444759,     1.130898,     0.001905,
  1697.800,     0.188732,     0.844827,     0.003742,
  1697.850,    -0.083908,     0.674545,     0.003452,
  1697.900,    -0.303957,     0.771067,     0.003254,
  1697.950,    -0.470645,     1.108862,     0.007726,
  1698.000,    -0.498443,     1.613853,     0.000851,
  1698.050,    -0.363594,     2.130295,     0.000266,
  1698.100,    -0.139862,     2.564848,     0.000182,
  1698.150,     0.161950,     2.775530,    -0.001487,
  1698.200,     0.358277,     2.623393,    -0.003967,
  1698.250,     0.408295,     2.157658,    -0.004111,
  1698.300,     0.275744,     1.523636,    -0.009981,
  1698.350,     0.088396,     0.982200,    -0.007592,
  1698.400,    -0.057206,     0.644066,    -0.002896,
  1698.450,    -0.138132,     0.527354,    -0.006230,
  1698.500,    -0.102932,     0.545730,    -0.003477,
  1698.550,     0.027457,     0.742787,    -0.004792,
  1698.600,     0.225084,     0.995847,    -0.007694,
  1698.650,     0.400844,     1.265533,    -0.007413,
  1698.700,     0.526325,     1.474968,    -0.000944,
  1698.750,     0.532864,     1.525778,    -0.000491,
  1698.800,     0.410037,     1.514488,    -0.001993,
  1698.850,     0.194838,     1.456610,     0.001818,
  1698.900,    -0.035679,     1.369822,     0.004298,
  1698.950,    -0.172786,     1.291055,     0.006506,
  1699.000,    -0.229822,     1.147038,     0.001334,
  1699.050,    -0.266685,     0.943440,     0.003246,
  1699.100,    -0.229730,     0.729823,    -0.001218,
  1699.150,    -0.125685,     0.651807,     0.002593,
  1699.200,     0.048071,     0.766728,     0.008475,
  1699.250,     0.230579,     0.959094,     0.005376,
  1699.300,     0.358424,     1.079285,    -0.002142,
  1699.350,     0.379472,     1.017662,    -0.007019,
  1699.400,     0.281912,     0.750040,    -0.008791,
  1699.450,     0.118033,     0.296059,    -0.006916,
  1699.500,    -0.131031,    -0.227596,    -0.006158,
  1699.550,    -0.304810,    -0.738272,    -0.001938,
  1699.600,    -0.423303,    -1.066399,    -0.006771,
  1699.650,    -0.493761,    -1.086662,    -0.012958,
  1699.700,    -0.468285,    -0.732967,    -0.008258,
  1699.750,    -0.348036,    -0.047674,     0.001053,
  1699.800,    -0.129069,     0.839081,     0.000931,
  1699.850,     0.069640,     1.752978,     0.003600,
  1699.900,     0.213645,     2.450384,     0.001931,
  1699.950,     0.256979,     2.840175,    -0.000131,
  1700.000,     0.218661,     2.866925,     0.002312,
  1700.050,     0.091504,     2.536581,     0.008747,
  1700.100,    -0.100394,     1.955277,     0.007645,
  1700.150,    -0.323638,     1.258269,     0.003569,
  1700.200,    -0.520667,     0.631063,     0.004228,
  1700.250,    -0.618643,     0.214407,    -0.001129,
  1700.300,    -0.521708,     0.035360,    -0.002404,
  1700.350,    -0.237039,     0.106097,    -0.006530,
  1700.400,     0.153567,     0.356125,    -0.005050,
  1700.450,     0.599700,     0.698159,    -0.005043,
  1700.500,     0.953676,     1.100381,    -0.001211,
  1700.550,     1.111398,     1.486258,     0.000053,
  1700.600,     1.054510,     1.795552,    -0.002156,
  1700.650,     0.842308,     1.998714,    -0.003933,
  1700.700,     0.537987,     2.124292,    -0.007329,
  1700.750,     0.224919,     2.223595,    -0.008080,
  1700.800,    -0.022277,     2.279434,    -0.001345,
  1700.850,    -0.167503,     2.212552,    -0.000461,
  1700.900,    -0.178202,     1.975957,     0.004328,
  1700.950,    -0.139877,     1.574126,    -0.000432,
  1701.000,    -0.043409,     1.078355,    -0.003162,
  1701.050,     0.071072,     0.565921,    -0.002226,
  1701.100,     0.171203,     0.105276,    -0.000458,
  1701.150,     0.327559,    -0.195628,    -0.001882,
  1701.200,     0.475373,    -0.379004,     0.000249,
  1701.250,     0.576264,    -0.398505,     0.004339,
  1701.300,     0.650771,    -0.296935,     0.002815,
  1701.350,     0.683454,    -0.112662,     0.003806,
  1701.400,     0.687258,     0.193048,    -0.000740,
  1701.450,     0.625465,     0.542926,    -0.003588,
  1701.500,     0.501691,     0.940374,    -0.008793,
  1701.550,     0.368943,     1.319942,    -0.000768,
  1701.600,     0.262217,     1.636360,    -0.000486,
  1701.650,     0.189809,     1.862691,    -0.007907,
  1701.700,     0.196846,     1.914803,    -0.001155,
  1701.750,     0.253126,     1.812830,     0.001561,
  1701.800,     0.358348,     1.497084,    -0.003001,
  1701.850,     0.391304,     1.093463,    -0.000114,
  1701.900,     0.362892,     0.715838,    -0.000090,
  1701.950,     0.281633,     0.412858,    -0.000653,
  1702.000,     0.146913,     0.207046,     0.001055,
  1702.050,     0.118048,    -0.002225,     0.005384,
  1702.100,     0.206958,    -0.152308,     0.007811,
  1702.150,     0.464281,    -0.196308,     0.003643,
  1702.200,     0.748484,    -0.144487,    -0.003806,
  1702.250,     1.028953,    -0.024069,    -0.002490,
  1702.300,     1.202465,     0.188871,    -0.003997,
  1702.350,     1.249833,     0.432309,    -0.003031,
  1702.400,     1.056149,     0.746406,    -0.004273,
  1702.450,     0.732208,     1.113395,    -0.003851,
  1702.500,     0.357615,     1.465388,    -0.003522,
  1702.550,     0.037103,     1.738564,    -0.003997,
  1702.600,    -0.156283,     1.847772,    -0.007787,
  1702.650,    -0.218527,     1.741479,    -0.009367,
  1702.700,    -0.169026,     1.477008,    -0.007339,
  1702.750,    -0.031280,     1.112401,    -0.008823,
  1702.800,     0.159436,     0.725569,     0.002792,
  1702.850,     0.348186,     0.264683,    -0.000941,
  1702.900,     0.518379,    -0.083359,     0.001532,
  1702.950,     0.588804,    -0.329628,     0.001776,
  1703.000,     0.593015,    -0.467160,    -0.002075,
  1703.050,     0.591181,    -0.516775,     0.007158,
  1703.100,     0.579899,    -0.552785,     0.001256,
  1703.150,     0.534269,    -0.531802,    -0.000665,
  1703.200,     0.420008,    -0.392810,     0.002719,
  1703.250,     0.267988,    -0.156744,     0.006915,
  1703.300,     0.099856,     0.229008,     0.004549,
  1703.350,     0.037412,     0.770950,    -0.004039,
  1703.400,     0.052798,     1.354544,    -0.000981,
  1703.450,     0.128548,     1.873694,     0.001099,
  1703.500,     0.157752,     2.146879,    -0.004690,
  1703.550,     0.129707,     2.142156,    -0.008352,
  1703.600,     0.014362,     1.924068,    -0.004211,
  1703.650,    -0.181763,     1.563748,    -0.008526,
  1703.700,    -0.386416,     1.072622,    -0.007107,
  1703.750,    -0.580036,     0.518133,    -0.008168,
  1703.800,    -0.659968,     0.011478,    -0.006527,
  1703.850,    -0.603221,    -0.299374,    -0.000809,
  1703.900,    -0.311278,    -0.382060,    -0.005682,
  1703.950,     0.157867,    -0.316831,    -0.007621,
  1704.000,     0.673648,    -0.070874,    -0.003455,
  1704.050,     1.146803,     0.321376,     0.000419,
  1704.100,     1.405765,     0.846238,    -0.000408,
  1704.150,     1.461354,     1.416767,     0.004940,
  1704.200,     1.304798,     1.969961,     0.005528,
  1704.250,     0.958626,     2.376415,     0.000853,
  1704.300,     0.529073,     2.539956,     0.000808,
  1704.350,     0.089434,     2.443849,     0.006401,
  1704.400,    -0.242323,     2.187560,     0.003315,
  1704.450,    -0.404088,     1.799463,    -0.002329,
  1704.500,    -0.372031,     1.304165,    -0.001973,
  1704.550,    -0.257759,     0.827102,    -0.000207,
  1704.600,    -0.053125,     0.365469,    -0.001230,
  1704.650,     0.183116,     0.092568,    -0.004634,
  1704.700,     0.414487,     0.001743,     0.001975,
  1704.750,     0.638965,     0.116562,    -0.000265,
  1704.800,     0.732865,     0.365459,    -0.003401,
  1704.850,     0.775208,     0.687396,    -0.001137,
  1704.900,     0.751972,     1.080751,    -0.003974,
  1704.950,     0.672813,     1.547032,    -0.002059,
  1705.000,     0.572119,     2.028004,     0.003828,
  1705.050,     0.474450,     2.429532,     0.002117,
  1705.100,     0.290732,     2.701087,    -0.006405,
  1705.150,     0.073404,     2.786637,    -0.001741,
  1705.200,    -0.128358,     2.728654,     0.001860,
  1705.250,    -0.290115,     2.588807,     0.001185,
  1705.300,    -0.368375,     2.410819,     0.000652,
  1705.350,    -0.342430,     2.126121,     0.004782,
  1705.400,    -0.287151,     1.815159,     0.001547,
  1705.450,    -0.194068,     1.533803,     0.000167,
  1705.500,    -0.096651,     1.343352,    -0.001202,
  1705.550,    -0.003546,     1.294895,    -0.001051,
  1705.600,     0.128200,     1.230120,     0.002285,
  1705.650,     0.279320,     1.093479,    -0.003123,
  1705.700,     0.452533,     0.922447,    -0.002030,
  1705.750,     0.611917,     0.741133,    -0.001710,
  1705.800,     0.774099,     0.618669,    -0.003247,
  1705.850,     0.876249,     0.557503,     0.002022,
  1705.900,     0.878551,     0.585135,     0.002438,
  1705.950,     0.762793,     0.704118,    -0.003649,
  1706.000,     0.563594,     0.924126,     0.003449,
  1706.050,     0.306608,     1.228105,     0.005222,
  1706.100,     0.072680,     1.440186,     0.001156,
  1706.150,    -0.076858,     1.537056,     0.004300,
  1706.200,    -0.186560,     1.431115,     0.004323,
  1706.250,    -0.290024,     1.193729,     0.003612,
  1706.300,    -0.354877,     0.862866,    -0.002903,
  1706.350,    -0.333013,     0.475642,    -0.001230,
  1706.400,    -0.243107,     0.149753,    -0.001067,
  1706.450,    -0.077719,    -0.050592,    -0.004222,
  1706.500,     0.114912,    -0.147607,    -0.000620,
  1706.550,     0.321254,    -0.136650,    -0.000430,
  1706.600,     0.526645,    -0.023186,    -0.001401,
  1706.650,     0.695965,     0.111666,    -0.001297,
  1706.700,     0.856607,     0.334724,    -0.003230,
  1706.750,     0.927687,     0.646764,    -0.000933,
  1706.800,     0.878365,     0.982969,     0.004031,
  1706.850,     0.712662,     1.270086,     0.004519,
  1706.900,     0.478977,     1.533274,     0.006245,
  1706.950,     0.247874,     1.732812,    -0.003948,
  1707.000,     0.018562,     1.885977,     0.002389,
  1707.050,    -0.154937,     1.991964,    -0.001442,
  1707.100,    -0.285491,     2.012803,    -0.002854,
  1707.150,    -0.346136,     1.977728,    -0.000438,
  1707.200,    -0.340960,     1.943583,    -0.000417,
  1707.250,    -0.282410,     1.878060,     0.000334,
  1707.300,    -0.230003,     1.716188,     0.000444,
  1707.350,    -0.154908,     1.452515,    -0.000453,
  1707.400,    -0.062768,     1.139832,    -0.005345,
  1707.450,     0.101007,     0.851223,     0.000378,
  1707.500,     0.344972,     0.639538,     0.000906,
  1707.550,     0.615442,     0.604060,     0.003022,
  1707.600,     0.908760,     0.813209,     0.000661,
  1707.650,     1.092840,     1.263659,     0.000759,
  1707.700,     1.152200,     1.836553,     0.000992,
  1707.750,     1.007155,     2.379872,     0.001898,
  1707.800,     0.761716,     2.806634,    -0.000367,
  1707.850,     0.442296,     3.011721,    -0.003231,
  1707.900,     0.081465,     2.980675,    -0.004946,
  1707.950,    -0.256603,     2.724464,    -0.006791,
  1708.000,    -0.488647,     2.294835,    -0.007689,
  1708.050,    -0.575897,     1.783803,    -0.006174,
  1708.100,    -0.521625,     1.269205,    -0.010103,
  1708.150,    -0.331103,     0.851650,    -0.003857,
  1708.200,    -0.059020,     0.570834,     0.002552,
  1708.250,     0.254115,     0.472253,     0.008640,
  1708.300,     0.565178,     0.513279,     0.000469,
  1708.350,     0.871859,     0.688256,     0.005049,
  1708.400,     1.076741,     0.913415,     0.000829,
  1708.450,     1.156662,     1.097041,    -0.004131,
  1708.500,     1.065178,     1.167100,     0.008154,
  1708.550,     0.883856,     1.094580,     0.005559,
  1708.600,     0.591227,     0.988459,     0.003955,
  1708.650,     0.341149,     0.890508,     0.005916,
  1708.700,     0.095579,     0.825239,     0.004200,
  1708.750,    -0.073014,     0.834482,    -0.000954,
  1708.800,    -0.201579,     0.937989,    -0.006376,
  1708.850,    -0.241687,     1.132657,     0.000654,
  1708.900,    -0.215510,     1.381238,    -0.002901,
  1708.950,    -0.081412,     1.550118,    -0.004318,
  1709.000,     0.110368,     1.592862,    -0.006272,
  1709.050,     0.287546,     1.496985,    -0.004761,
  1709.100,     0.504535,     1.364264,    -0.002512,
  1709.150,     0.701811,     1.220443,    -0.002326,
  1709.200,     0.900622,     1.113766,    -0.000019,
  1709.250,     1.051853,     1.030876,     0.003122,
  1709.300,     1.131435,     0.993686,    -0.001814,
  1709.350,     1.141805,     1.015238,    -0.003263,
  1709.400,     1.074164,     1.048356,     0.000784,
  1709.450,     0.960923,     1.140385,     0.003631,
  1709.500,     0.838246,     1.279681,     0.001924,
  1709.550,     0.648581,     1.419368,     0.000100,
  1709.600,     0.447690,     1.520826,     0.001378,
  1709.650,     0.274373,     1.610550,     0.004454,
  1709.700,     0.184700,     1.662439,     0.000302,
  1709.750,     0.124627,     1.703517,     0.002596,
  1709.800,     0.096417,     1.703155,    -0.000224,
  1709.850,     0.037078,     1.587031,    -0.005234,
  1709.900,    -0.053998,     1.316544,    -0.004014,
  1709.950,    -0.105238,     0.990432,    -0.000145,
  1710.000,    -0.054686,     0.662223,    -0.002465,
  1710.050,     0.008674,     0.439506,     0.000994,
  1710.100,     0.087853,     0.304805,     0.002811,
  1710.150,     0.170495,     0.298283,    -0.001010,
  1710.200,     0.262242,     0.349277,     0.002745,
  1710.250,     0.354586,     0.399695,     0.002742,
  1710.300,     0.410165,     0.466908,    -0.000550,
  1710.350,     0.395023,     0.427609,    -0.001090,
  1710.400,     0.300783,     0.349779,     0.000614,
  1710.450,     0.178827,     0.249391,     0.004618,
  1710.500,     0.049018,     0.267603,    -0.004498,
  1710.550,    -0.068178,     0.425202,    -0.000677,
  1710.600,    -0.186397,     0.670064,    -0.002637,
  1710.650,    -0.222883,     0.961431,    -0.004222,
  1710.700,    -0.244668,     1.192651,    -0.001729,
  1710.750,    -0.213717,     1.314931,    -0.001350,
  1710.800,    -0.187188,     1.339182,    -0.006041,
  1710.850,    -0.119481,     1.279172,    -0.002623,
  1710.900,     0.005598,     1.094842,    -0.002671,
  1710.950,     0.148690,     0.915425,    -0.003166,
  1711.000,     0.335350,     0.741791,    -0.004482,
  1711.050,     0.484410,     0.671570,    -0.003705,
  1711.100,     0.582929,     0.663055,     0.004618,
  1711.150,     0.696057,     0.693004,     0.006689,
  1711.200,     0.755739,     0.829999,     0.003782,
  1711.250,     0.769026,     1.120037,    -0.003719,
  1711.300,     0.717456,     1.462619,    -0.000051,
  1711.350,     0.636381,     1.783571,     0.003297,
  1711.400,     0.579929,     1.975077,     0.001272,
  1711.450,     0.512659,     1.983953,    -0.000922,
  1711.500,     0.395489,     1.791444,    -0.002366,
  1711.550,     0.244160,     1.416287,    -0.002006,
  1711.600,     0.133613,     0.902035,    -0.000157,
  1711.650,     0.049785,     0.412966,    -0.002339,
  1711.700,     0.034819,     0.053998,    -0.000909,
  1711.750,     0.080214,    -0.022020,    -0.003693,
  1711.800,     0.257926,     0.139481,    -0.003428,
  1711.850,     0.500655,     0.468412,    -0.006502,
  1711.900,     0.750801,     0.870126,    -0.004542,
  1711.950,     0.945527,     1.249804,     0.000237,
  1712.000,     1.056879,     1.590034,    -0.005540,
  1712.050,     1.050725,     1.757380,     0.000363,
  1712.100,     0.924658,     1.704202,     0.004885,
  1712.150,     0.753084,     1.456662,    -0.001379,
  1712.200,     0.549584,     1.053388,    -0.004733,
  1712.250,     0.329270,     0.622955,     0.005025,
  1712.300,     0.210185,     0.310986,     0.004265,
  1712.350,     0.139913,     0.108602,     0.002872,
  1712.400,     0.150307,     0.160012,    -0.001268,
  1712.450,     0.193037,     0.437557,     0.001918,
  1712.500,     0.252658,     0.908591,    -0.000136,
  1712.550,     0.324519,     1.471358,    -0.003123,
  1712.600,     0.380528,     1.942300,    -0.004614,
  1712.650,     0.421312,     2.241039,    -0.006663,
  1712.700,     0.369341,     2.315176,     0.000948,
  1712.750,     0.297391,     2.166940,    -0.002543,
  1712.800,     0.254520,     1.869105,    -0.002082,
  1712.850,     0.207583,     1.530207,    -0.004293,
  1712.900,     0.224086,     1.262102,     0.002681,
  1712.950,     0.289070,     1.160561,    -0.003480,
  1713.000,     0.367164,     1.214127,    -0.001250,
  1713.050,     0.492236,     1.422144,     0.001965,
  1713.100,     0.616924,     1.647660,     0.000241,
  1713.150,     0.700568,     1.855765,    -0.002977,
  1713.200,     0.709815,     1.931107,    -0.001968,
  1713.250,     0.640478,     1.816466,     0.002640,
  1713.300,     0.551805,     1.621859,    -0.000101,
  1713.350,     0.492684,     1.351444,     0.002192,
  1713.400,     0.387064,     1.063327,    -0.000670,
  1713.450,     0.322079,     0.848513,    -0.000115,
  1713.500,     0.273878,     0.704341,     0.003749,
  1713.550,     0.257275,     0.688907,    -0.006086,
  1713.600,     0.289852,     0.819090,    -0.006193,
  1713.650,     0.366419,     1.103136,    -0.008478,
  1713.700,     0.452538,     1.409114,    -0.000972,
  1713.750,     0.549617,     1.692225,     0.002144,
  1713.800,     0.602618,     1.811971,    -0.004099,
  1713.850,     0.611281,     1.754821,    -0.002658,
  1713.900,     0.570288,     1.591743,    -0.000162,
  1713.950,     0.562011,     1.231281,     0.000079,
  1714.000,     0.493757,     0.797407,     0.010370,
  1714.050,     0.481910,     0.365158,     0.002225,
  1714.100,     0.417257,     0.034516,    -0.000878,
  1714.150,     0.266456,    -0.026658,     0.001307,
  1714.200,     0.133394,     0.184675,    -0.001882,
  1714.250,     0.034239,     0.606210,     0.003601,
  1714.300,    -0.010859,     1.089649,    -0.000162,
  1714.350,    -0.056112,     1.490815,    -0.003171,
  1714.400,    -0.073802,     1.707233,    -0.000331,
  1714.450,    -0.095239,     1.719465,    -0.000379,
  1714.500,    -0.118303,     1.513489,     0.001287,
  1714.550,    -0.130713,     1.197705,    -0.008396,
  1714.600,    -0.161999,     0.856871,    -0.004153,
  1714.650,    -0.164915,     0.634544,    -0.006541,
  1714.700,    -0.115346,     0.617475,     0.002259,
  1714.750,     0.018363,     0.725275,     0.000996,
  1714.800,     0.175584,     0.924123,    -0.004896,
  1714.850,     0.304971,     1.106387,     0.000270,
  1714.900,     0.384615,     1.103005,     0.000875,
  1714.950,     0.415084,     0.913411,     0.004116,
  1715.000,     0.383460,     0.530180,     0.005403,
  1715.050,     0.292537,     0.134683,     0.002748,
  1715.100,     0.195824,    -0.269910,     0.001833,
  1715.150,     0.050751,    -0.557224,    -0.000613,
  1715.200,    -0.045566,    -0.683033,    -0.003405,
  1715.250,    -0.061716,    -0.571705,     0.005101,
  1715.300,    -0.043024,    -0.304670,    -0.004476,
  1715.350,     0.001234,     0.078485,     0.001170,
  1715.400,     0.095822,     0.538393,     0.002328,
  1715.450,     0.259528,     1.028427,    -0.001478,
  1715.500,     0.428574,     1.502242,    -0.006224,
  1715.550,     0.530328,     1.844738,     0.002095,
  1715.600,     0.580688,     1.933996,    -0.003386,
  1715.650,     0.504453,     1.728565,    -0.001200,
  1715.700,     0.365280,     1.229859,    -0.002231,
  1715.750,     0.199276,     0.540926,     0.000775,
  1715.800,     0.035094,    -0.165826,    -0.005280,
  1715.850,    -0.099994,    -0.740224,    -0.002688,
  1715.900,    -0.094112,    -1.057480,     0.001284,
  1715.950,     0.035731,    -1.035766,     0.000571,
  1716.000,     0.232218,    -0.629646,    -0.003278,
  1716.050,     0.455878,     0.073212,     0.008274,
  1716.100,     0.627019,     0.854730,    -0.003102,
  1716.150,     0.724884,     1.581930,     0.000275,
  1716.200,     0.780763,     2.064901,    -0.002466,
  1716.250,     0.734766,     2.253151,    -0.000999,
  1716.300,     0.601992,     2.119534,     0.002337,
  1716.350,     0.440633,     1.736978,    -0.005071,
  1716.400,     0.273185,     1.250300,    -0.005002,
  1716.450,     0.135869,     0.746373,    -0.003170,
  1716.500,     0.073949,     0.391037,    -0.001589,
  1716.550,     0.088886,     0.223613,    -0.002559,
  1716.600,     0.219952,     0.227837,    -0.001202,
  1716.650,     0.445887,     0.283777,    -0.000814,
  1716.700,     0.700042,     0.363875,    -0.001831,
  1716.750,     0.927947,     0.414411,     0.005559,
  1716.800,     1.116487,     0.382238,     0.007051,
  1716.850,     1.113072,     0.386000,     0.001708,
  1716.900,     1.014972,     0.413724,    -0.001608,
  1716.950,     0.825918,     0.532464,     0.007190,
  1717.000,     0.522153,     0.767610,     0.001406,
  1717.050,     0.268058,     1.103108,    -0.000908,
  1717.100,     0.105994,     1.447134,    -0.010107,
  1717.150,    -0.020249,     1.758704,     0.001690,
  1717.200,     0.022095,     1.913312,    -0.005114,
  1717.250,     0.130898,     1.989301,    -0.005999,
  1717.300,     0.273744,     1.956454,    -0.004188,
  1717.350,     0.387011,     1.767766,     0.001804,
  1717.400,     0.445215,     1.530295,    -0.006920,
  1717.450,     0.381838,     1.168417,    -0.005065,
  1717.500,     0.272833,     0.812636,    -0.001849,
  1717.550,     0.170839,     0.407275,     0.003397,
  1717.600,     0.114819,     0.038021,     0.003783,
  1717.650,     0.055566,    -0.290806,    -0.000899,
  1717.700,     0.049251,    -0.475594,     0.002718,
  1717.750,     0.103828,    -0.410213,     0.001056,
  1717.800,     0.188522,    -0.052088,     0.001631,
  1717.850,     0.328088,     0.457475,     0.002130,
  1717.900,     0.425761,     0.988306,     0.005098,
  1717.950,     0.515719,     1.415740,     0.000939,
  1718.000,     0.459669,     1.668179,    -0.002299,
  1718.050,     0.371518,     1.705765,    -0.011400,
  1718.100,     0.186608,     1.583977,    -0.005244,
  1718.150,    -0.000308,     1.329943,     0.001935,
  1718.200,    -0.208497,     1.036802,    -0.005913,
  1718.250,    -0.407855,     0.768220,     0.005746,
  1718.300,    -0.491676,     0.553401,    -0.007949,
  1718.350,    -0.461039,     0.472896,     0.005802,
  1718.400,    -0.273197,     0.491900,    -0.003249,
  1718.450,     0.000132,     0.624468,     0.006042,
  1718.500,     0.282783,     0.761028,     0.008741,
  1718.550,     0.480550,     0.885877,     0.002578,
  1718.600,     0.592965,     0.965360,     0.004402,
  1718.650,     0.586219,     1.019752,     0.003365,
  1718.700,     0.464509,     1.055398,     0.002594,
  1718.750,     0.305473,     1.122704,    -0.000245,
  1718.800,     0.151048,     1.344286,    -0.003889,
  1718.850,     0.126458,     1.613377,     0.001879,
  1718.900,     0.180288,     1.994283,    -0.003991,
  1718.950,     0.378998,     2.344918,    -0.008369,
  1719.000,     0.610386,     2.580013,    -0.003529,
  1719.050,     0.858960,     2.720220,    -0.002246,
  1719.100,     0.990544,     2.634843,     0.003611,
  1719.150,     1.024119,     2.351094,     0.001704,
  1719.200,     0.991293,     1.910511,     0.003230,
  1719.250,     0.909871,     1.332618,     0.000260,
  1719.300,     0.798432,     0.717710,     0.008876,
  1719.350,     0.796792,     0.149211,     0.004823,
  1719.400,     0.832726,    -0.231224,     0.002271,
  1719.450,     0.992294,    -0.365955,    -0.003994,
  1719.500,     1.137526,    -0.252983,    -0.004096,
  1719.550,     1.299330,     0.065889,     0.000723,
  1719.600,     1.407569,     0.584058,    -0.007721,
  1719.650,     1.465598,     1.177586,    -0.009379,
  1719.700,     1.450838,     1.803306,    -0.008772,
  1719.750,     1.332248,     2.287425,     0.000404,
  1719.800,     1.120017,     2.540220,    -0.002524,
  1719.850,     0.759223,     2.506058,     0.002473,
  1719.900,     0.293090,     2.308830,     0.000617,
  1719.950,    -0.167316,     1.970036,     0.004665,
  1720.000,    -0.583457,     1.608460,     0.005294,

