Time_abs/ps, Signal 1/nA, Ref.signal 1/nA, Signal 2/nA, Ref.signal 2/nA
  1600.000,     0.015789,     0.007615,    -0.006360,
  1600.050,    -0.013129,    -0.004646,    -0.001758,
  1600.100,     0.002206,     0.011497,    -0.000341,
  1600.150,     0.000496,    -0.005388,     0.000957,
  1600.200,    -0.005363,    -0.009079,     0.007502,
  1600.250,    -0.003785,    -0.022884,     0.003064,
  1600.300,     0.013349,    -0.011605,     0.005013,
  1600.350,    -0.002470,     0.000561,     0.005995,
  1600.400,     0.005033,     0.010459,     0.016056,
  1600.450,     0.019977,     0.008771,     0.011295,
  1600.500,    -0.011622,    -0.000034,     0.017179,
  1600.550,    -0.005772,    -0.009125,     0.006564,
  1600.600,    -0.014485,    -0.021215,     0.009390,
  1600.650,    -0.015579,    -0.028924,     0.004315,
  1600.700,    -0.019483,    -0.024922,     0.004869,
  1600.750,    -0.012813,    -0.033412,     0.006910,
  1600.800,     0.006432,    -0.027306,    -0.004286,
  1600.850,    -0.015037,    -0.001638,    -0.003116,
  1600.900,    -0.015477,    -0.017430,    -0.001466,
  1600.950,    -0.003449,    -0.006954,    -0.008807,
  1601.000,    -0.021981,    -0.025601,    -0.002941,
  1601.050,    -0.012623,    -0.025349,     0.003064,
  1601.100,    -0.022596,    -0.009534,    -0.005670,
  1601.150,    -0.022718,    -0.028449,     0.010762,
  1601.200,    -0.009313,    -0.018410,     0.007919,
  1601.250,    -0.027209,    -0.022588,     0.017244,
  1601.300,    -0.022014,    -0.037640,     0.017899,
  1601.350,    -0.011409,    -0.024145,     0.014880,
  1601.400,    -0.016083,    -0.019708,     0.006248,
  1601.450,     0.001108,    -0.036830,     0.007582,
  1601.500,    -0.012112,    -0.020360,     0.005523,
  1601.550,    -0.014683,    -0.021295,     0.008227,
  1601.600,     0.002396,    -0.019094,     0.000799,
  1601.650,    -0.008845,    -0.038961,    -0.003584,
  1601.700,    -0.019608,    -0.039712,    -0.003623,
  1601.750,    -0.029172,    -0.046448,    -0.006724,
  1601.800,    -0.042193,    -0.049859,    -0.003676,
  1601.850,    -0.012413,    -0.056273,    -0.000671,
  1601.900,    -0.020490,    -0.066449,    -0.003356,
  1601.950,    -0.032237,    -0.072077,     0.000741,
  1602.000,    -0.034176,    -0.063971,    -0.001945,
  1602.050,    -0.029467,    -0.049452,     0.005626,
  1602.100,    -0.030464,    -0.059367,     0.004306,
  1602.150,    -0.027861,    -0.063293,     0.013736,
  1602.200,    -0.014990,    -0.057947,     0.014368,
  1602.250,    -0.021364,    -0.047525,     0.012524,
  1602.300,    -0.007627,    -0.066134,     0.011929,
  1602.350,    -0.009544,    -0.074133,     0.013646,
  1602.400,    -0.007620,    -0.077379,     0.012150,
  1602.450,    -0.009528,    -0.060169,     0.010363,
  1602.500,    -0.010271,    -0.080268,     0.008735,
  1602.550,    -0.007283,    -0.067907,     0.005567,
  1602.600,     0.000852,    -0.099132,     0.010508,
  1602.650,    -0.013377,    -0.079462,     0.006371,
  1602.700,    -0.009835,    -0.061615,    -0.000320,
  1602.750,    -0.004680,    -0.055587,    -0.000092,
  1602.800,    -0.008189,    -0.049285,    -0.004073,
  1602.850,    -0.031236,    -0.061351,    -0.005376,
  1602.900,    -0.030913,    -0.051576,    -0.000677,
  1602.950,    -0.041766,    -0.030425,    -0.001487,
  1603.000,    -0.041374,    -0.045516,    -0.004318,
  1603.050,    -0.028062,    -0.046597,     0.001825,
  1603.100,    -0.025932,    -0.041525,     0.006184,
  1603.150,    -0.014929,    -0.058770,     0.008965,
  1603.200,    -0.025812,    -0.067038,     0.010435,
  1603.250,    -0.030700,    -0.060943,     0.013558,
  1603.300,    -0.021134,    -0.046130,     0.010280,
  1603.350,    -0.015943,    -0.044856,     0.014255,
  1603.400,    -0.023717,    -0.048941,     0.015882,
  1603.450,    -0.006880,    -0.057768,     0.010437,
  1603.500,    -0.031401,    -0.061647,     0.008227,
  1603.550,    -0.048616,    -0.072860,     0.010363,
  1603.600,    -0.042592,    -0.050958,     0.007433,
  1603.650,    -0.037628,    -0.058043,     0.000297,
  1603.700,    -0.044393,    -0.046480,     0.007040,
  1603.750,    -0.034250,    -0.039911,    -0.000688,
  1603.800,    -0.035370,    -0.055079,    -0.000569,
  1603.850,    -0.053346,    -0.055890,     0.000352,
  1603.900,    -0.042089,    -0.060794,    -0.003471,
  1603.950,    -0.048555,    -0.056321,    -0.004186,
  1604.000,    -0.056557,    -0.053461,    -0.006564,
  1604.050,    -0.062329,    -0.061511,    -0.001658,
  1604.100,    -0.044393,    -0.073083,    -0.004511,
  1604.150,    -0.041542,    -0.058812,     0.001886,
  1604.200,    -0.035436,    -0.056921,     0.003751,
  1604.250,    -0.032554,    -0.052816,     0.011028,
  1604.300,    -0.039104,    -0.051204,     0.010464,
  1604.350,    -0.043508,    -0.050098,     0.015467,
  1604.400,    -0.029173,    -0.051308,     0.011567,
  1604.450,    -0.042558,    -0.055452,     0.015093,
  1604.500,    -0.039426,    -0.068069,     0.011718,
  1604.550,    -0.025694,    -0.050001,     0.012641,
  1604.600,    -0.016249,    -0.060544,     0.016835,
  1604.650,    -0.014804,    -0.066102,     0.013728,
  1604.700,    -0.022440,    -0.067510,     0.008653,
  1604.750,    -0.033045,    -0.069713,     0.009003,
  1604.800,    -0.032718,    -0.075049,     0.004134,
  1604.850,    -0.020813,    -0.068252,     0.000705,
  1604.900,    -0.030282,    -0.068048,    -0.005170,
  1604.950,    -0.028223,    -0.057182,    -0.003224,
  1605.000,    -0.027060,    -0.074073,    -0.007054,
  1605.050,    -0.031000,    -0.073767,    -0.007378,
  1605.100,    -0.039367,    -0.058804,    -0.007111,
  1605.150,    -0.016416,    -0.074817,    -0.007530,
  1605.200,    -0.017873,    -0.054424,    -0.002709,
  1605.250,    -0.020300,    -0.059604,    -0.001679,
  1605.300,    -0.016340,    -0.073760,    -0.000076,
  1605.350,    -0.027034,    -0.080658,     0.006516,
  1605.400,     0.000158,    -0.064059,     0.008550,
  1605.450,    -0.015575,    -0.066206,     0.013300,
  1605.500,    -0.016116,    -0.061892,     0.011005,
  1605.550,    -0.013321,    -0.056416,     0.013384,
  1605.600,    -0.000796,    -0.060449,     0.023612,
  1605.650,     0.013434,    -0.062375,     0.019483,
  1605.700,    -0.004780,    -0.064690,     0.018028,
  1605.750,     0.002134,    -0.067201,     0.013995,
  1605.800,    -0.005237,    -0.053317,     0.010621,
  1605.850,    -0.008158,    -0.075328,     0.015061,
  1605.900,    -0.029672,    -0.081720,     0.009274,
  1605.950,    -0.019519,    -0.084957,     0.003497,
  1606.000,    -0.016071,    -0.063255,     0.003698,
  1606.050,    -0.034434,    -0.061329,     0.002108,
  1606.100,    -0.015778,    -0.043735,    -0.001521,
  1606.150,    -0.028615,    -0.050841,    -0.006765,
  1606.200,    -0.035640,    -0.062682,    -0.011799,
  1606.250,    -0.036744,    -0.048538,    -0.009111,
  1606.300,    -0.046315,    -0.051206,    -0.009172,
  1606.350,    -0.023009,    -0.056931,    -0.010884,
  1606.400,    -0.003984,    -0.061721,    -0.006374,
  1606.450,    -0.030698,    -0.077838,    -0.003026,
  1606.500,    -0.027250,    -0.075351,     0.001226,
  1606.550,    -0.007490,    -0.045355,     0.005338,
  1606.600,     0.009117,    -0.075436,     0.003286,
  1606.650,     0.006478,    -0.075216,     0.010365,
  1606.700,     0.006452,    -0.067222,     0.011358,
  1606.750,     0.005721,    -0.063340,     0.011164,
  1606.800,     0.008600,    -0.069187,     0.018332,
  1606.850,     0.034034,    -0.065506,     0.018577,
  1606.900,     0.034424,    -0.051772,     0.019510,
  1606.950,     0.019600,    -0.049198,     0.021890,
  1607.000,     0.027584,    -0.044549,     0.019217,
  1607.050,     0.005280,    -0.057717,     0.007313,
  1607.100,     0.028332,    -0.057853,     0.013778,
  1607.150,     0.019638,    -0.075347,     0.009577,
  1607.200,     0.023305,    -0.075670,     0.005467,
  1607.250,     0.007721,    -0.067853,     0.001092,
  1607.300,    -0.005488,    -0.065862,    -0.000197,
  1607.350,     0.007353,    -0.091792,    -0.005666,
  1607.400,     0.011256,    -0.095613,    -0.013465,
  1607.450,     0.007063,    -0.089350,    -0.011966,
  1607.500,    -0.008229,    -0.075400,    -0.010929,
  1607.550,    -0.004043,    -0.104859,    -0.010632,
  1607.600,     0.000022,    -0.098777,    -0.009032,
  1607.650,    -0.014948,    -0.092790,    -0.006355,
  1607.700,    -0.009473,    -0.102410,    -0.007583,
  1607.750,    -0.010507,    -0.103796,     0.004429,
  1607.800,    -0.006828,    -0.101278,     0.004509,
  1607.850,     0.003255,    -0.124529,     0.003769,
  1607.900,     0.030917,    -0.136633,     0.009517,
  1607.950,     0.036505,    -0.124998,     0.015468,
  1608.000,     0.018523,    -0.137278,     0.015631,
  1608.050,     0.048305,    -0.131250,     0.020785,
  1608.100,     0.049044,    -0.141260,     0.018910,
  1608.150,     0.042418,    -0.161652,     0.020522,
  1608.200,     0.060845,    -0.162870,     0.018969,
  1608.250,     0.054289,    -0.156415,     0.019498,
  1608.300,     0.043821,    -0.147483,     0.011740,
  1608.350,     0.028654,    -0.147606,     0.006320,
  1608.400,     0.020477,    -0.157783,     0.005113,
  1608.450,     0.022583,    -0.149063,     0.002759,
  1608.500,     0.033908,    -0.130967,     0.003935,
  1608.550,     0.007005,    -0.132564,    -0.005224,
  1608.600,     0.019890,    -0.131408,    -0.007805,
  1608.650,     0.018258,    -0.119437,    -0.011590,
  1608.700,    -0.003069,    -0.132012,    -0.010660,
  1608.750,    -0.029874,    -0.130531,    -0.004172,
  1608.800,     0.009651,    -0.127366,    -0.005478,
  1608.850,     0.013608,    -0.114349,    -0.008139,
  1608.900,    -0.000027,    -0.118084,     0.000210,
  1608.950,     0.020475,    -0.108535,    -0.002266,
  1609.000,     0.021771,    -0.122791,    -0.000660,
  1609.050,     0.013179,    -0.112637,     0.002443,
  1609.100,     0.012519,    -0.100752,     0.005456,
  1609.150,     0.034554,    -0.101737,     0.016028,
  1609.200,     0.024204,    -0.083625,     0.014146,
  1609.250,     0.022409,    -0.090299,     0.012065,
  1609.300,     0.023409,    -0.092264,     0.014212,
  1609.350,     0.015640,    -0.063074,     0.014281,
  1609.400,     0.025232,    -0.072413,     0.011666,
  1609.450,     0.050869,    -0.097468,     0.018746,
  1609.500,     0.022789,    -0.062004,     0.025749,
  1609.550,     0.010821,    -0.074665,     0.019226,
  1609.600,     0.034002,    -0.082541,     0.016265,
  1609.650,     0.029358,    -0.095405,     0.013552,
  1609.700,     0.018514,    -0.072481,     0.008741,
  1609.750,     0.008755,    -0.073364,     0.003783,
  1609.800,     0.004234,    -0.048757,    -0.000685,
  1609.850,     0.011175,    -0.050317,     0.001245,
  1609.900,     0.003752,    -0.050132,    -0.000384,
  1609.950,     0.022637,    -0.052159,    -0.003068,
  1610.000,     0.020277,    -0.076507,    -0.001389,
  1610.050,     0.011783,    -0.090168,    -0.006164,
  1610.100,     0.015407,    -0.092489,    -0.003216,
  1610.150,     0.005308,    -0.092585,     0.001364,
  1610.200,    -0.001255,    -0.087222,    -0.005583,
  1610.250,     0.015658,    -0.102442,    -0.002860,
  1610.300,     0.022531,    -0.110517,     0.004479,
  1610.350,     0.016925,    -0.117500,     0.001322,
  1610.400,     0.017398,    -0.123959,     0.004220,
  1610.450,     0.025649,    -0.132789,     0.012947,
  1610.500,     0.031499,    -0.137259,     0.014198,
  1610.550,     0.025861,    -0.141640,     0.011948,
  1610.600,     0.028455,    -0.131035,     0.010566,
  1610.650,     0.025848,    -0.137492,     0.009374,
  1610.700,     0.024218,    -0.131505,     0.002505,
  1610.750,     0.016772,    -0.161033,     0.001160,
  1610.800,     0.012490,    -0.172221,     0.009154,
  1610.850,     0.004223,    -0.194941,     0.009352,
  1610.900,     0.010096,    -0.172747,     0.010719,
  1610.950,     0.014435,    -0.179672,     0.005423,
  1611.000,     0.028210,    -0.196484,     0.002810,
  1611.050,    -0.001293,    -0.217035,     0.001413,
  1611.100,     0.004357,    -0.213329,     0.005248,
  1611.150,     0.003321,    -0.239635,     0.002646,
  1611.200,     0.003304,    -0.240099,     0.003622,
  1611.250,     0.011651,    -0.215287,     0.004300,
  1611.300,     0.005148,    -0.217257,     0.003006,
  1611.350,     0.001747,    -0.223915,     0.004887,
  1611.400,    -0.020591,    -0.225158,     0.008024,
  1611.450,     0.005429,    -0.227445,     0.001575,
  1611.500,    -0.025876,    -0.219021,     0.004573,
  1611.550,    -0.004674,    -0.196926,     0.011081,
  1611.600,    -0.003271,    -0.221091,     0.009165,
  1611.650,    -0.005704,    -0.212736,     0.004930,
  1611.700,     0.004185,    -0.199161,     0.004822,
  1611.750,    -0.018330,    -0.192209,     0.008299,
  1611.800,    -0.010956,    -0.199529,     0.004239,
  1611.850,    -0.013567,    -0.174264,     0.002821,
  1611.900,    -0.017527,    -0.168421,     0.003884,
  1611.950,    -0.019828,    -0.185613,    -0.000641,
  1612.000,    -0.038478,    -0.193127,    -0.003584,
  1612.050,    -0.017340,    -0.202004,     0.001022,
  1612.100,    -0.015947,    -0.203686,    -0.003958,
  1612.150,    -0.015353,    -0.192196,    -0.004056,
  1612.200,    -0.023363,    -0.228909,    -0.001402,
  1612.250,    -0.028303,    -0.217702,     0.000461,
  1612.300,    -0.040575,    -0.218946,     0.002696,
  1612.350,    -0.031066,    -0.226065,     0.000080,
  1612.400,    -0.038166,    -0.209106,     0.003418,
  1612.450,    -0.038665,    -0.219318,     0.010303,
  1612.500,    -0.034743,    -0.206316,     0.010089,
  1612.550,    -0.029973,    -0.213026,     0.011439,
  1612.600,    -0.034433,    -0.230964,     0.013269,
  1612.650,    -0.010938,    -0.237960,     0.007407,
  1612.700,     0.005964,    -0.240506,     0.010184,
  1612.750,     0.011172,    -0.236160,     0.015511,
  1612.800,     0.003587,    -0.233167,     0.012442,
  1612.850,    -0.000653,    -0.256656,     0.012148,
  1612.900,    -0.015618,    -0.239617,     0.014670,
  1612.950,     0.005856,    -0.245471,     0.014456,
  1613.000,     0.004783,    -0.262886,     0.012866,
  1613.050,     0.004885,    -0.251333,     0.008030,
  1613.100,     0.000396,    -0.256567,     0.002364,
  1613.150,    -0.000514,    -0.244889,     0.004393,
  1613.200,     0.003825,    -0.267568,     0.004696,
  1613.250,    -0.001203,    -0.263436,    -0.000200,
  1613.300,    -0.025663,    -0.261406,    -0.002877,
  1613.350,    -0.027584,    -0.262316,    -0.003478,
  1613.400,    -0.013353,    -0.263597,    -0.008496,
  1613.450,    -0.009061,    -0.263895,    -0.009665,
  1613.500,    -0.008334,    -0.253962,    -0.008848,
  1613.550,    -0.005712,    -0.267384,    -0.011597,
  1613.600,    -0.002869,    -0.282852,    -0.012519,
  1613.650,     0.018601,    -0.294390,    -0.002198,
  1613.700,     0.009161,    -0.269291,     0.000058,
  1613.750,     0.005221,    -0.296063,     0.006853,
  1613.800,     0.005663,    -0.295676,     0.010090,
  1613.850,     0.026068,    -0.290447,     0.011111,
  1613.900,    -0.001772,    -0.308364,     0.013360,
  1613.950,    -0.003689,    -0.311033,     0.020132,
  1614.000,     0.028744,    -0.298176,     0.021932,
  1614.050,     0.019466,    -0.320096,     0.019440,
  1614.100,     0.006683,    -0.327092,     0.017804,
  1614.150,     0.000307,    -0.336267,     0.021733,
  1614.200,     0.001636,    -0.347295,     0.018787,
  1614.250,    -0.005700,    -0.345886,     0.019704,
  1614.300,    -0.013412,    -0.330335,     0.011062,
  1614.350,    -0.008834,    -0.335595,     0.011070,
  1614.400,    -0.001705,    -0.326397,     0.005261,
  1614.450,    -0.011571,    -0.335081,     0.002477,
  1614.500,    -0.019515,    -0.341281,     0.004714,
  1614.550,    -0.032553,    -0.341916,     0.000188,
  1614.600,    -0.032834,    -0.342900,    -0.004713,
  1614.650,    -0.039708,    -0.342125,    -0.007165,
  1614.700,    -0.054113,    -0.318097,    -0.011283,
  1614.750,    -0.068367,    -0.315540,    -0.010829,
  1614.800,    -0.042232,    -0.298863,    -0.015788,
  1614.850,    -0.030044,    -0.298416,    -0.013621,
  1614.900,    -0.028210,    -0.312369,    -0.012290,
  1614.950,    -0.041462,    -0.298750,    -0.007389,
  1615.000,    -0.055761,    -0.299329,    -0.002626,
  1615.050,    -0.042727,    -0.316875,     0.000595,
  1615.100,    -0.056659,    -0.339941,     0.007837,
  1615.150,    -0.054631,    -0.354372,     0.007502,
  1615.200,    -0.034668,    -0.349586,     0.009517,
  1615.250,    -0.049148,    -0.375272,     0.013007,
  1615.300,    -0.044267,    -0.391255,     0.016984,
  1615.350,    -0.044934,    -0.412063,     0.017536,
  1615.400,    -0.042707,    -0.422098,     0.020384,
  1615.450,    -0.052303,    -0.408363,     0.022350,
  1615.500,    -0.061706,    -0.404922,     0.015467,
  1615.550,    -0.056139,    -0.411461,     0.012241,
  1615.600,    -0.047771,    -0.401083,     0.012686,
  1615.650,    -0.044012,    -0.408784,     0.013610,
  1615.700,    -0.054676,    -0.415894,     0.010791,
  1615.750,    -0.054849,    -0.406058,     0.010555,
  1615.800,    -0.041554,    -0.429032,     0.010630,
  1615.850,    -0.062594,    -0.454615,     0.004861,
  1615.900,    -0.067441,    -0.455064,     0.004162,
  1615.950,    -0.063303,    -0.455368,     0.003225,
  1616.000,    -0.063224,    -0.466990,    -0.001068,
  1616.050,    -0.062305,    -0.474880,    -0.002473,
  1616.100,    -0.067100,    -0.480263,    -0.005464,
  1616.150,    -0.058535,    -0.480738,    -0.007042,
  1616.200,    -0.061759,    -0.476577,    -0.003986,
  1616.250,    -0.075307,    -0.483261,    -0.003465,
  1616.300,    -0.067541,    -0.490949,    -0.000609,
  1616.350,    -0.059592,    -0.490765,    -0.003064,
  1616.400,    -0.061960,    -0.495713,    -0.005881,
  1616.450,    -0.072228,    -0.492477,     0.000427,
  1616.500,    -0.072888,    -0.503176,     0.009138,
  1616.550,    -0.055908,    -0.526755,     0.010336,
  1616.600,    -0.056685,    -0.506274,     0.010821,
  1616.650,    -0.073064,    -0.492097,     0.015508,
  1616.700,    -0.070277,    -0.494707,     0.014893,
  1616.750,    -0.070948,    -0.491688,     0.009508,
  1616.800,    -0.077048,    -0.491173,     0.008008,
  1616.850,    -0.078484,    -0.493725,     0.009261,
  1616.900,    -0.074296,    -0.487156,     0.008997,
  1616.950,    -0.086695,    -0.489569,     0.011428,
  1617.000,    -0.077989,    -0.506868,     0.007868,
  1617.050,    -0.076171,    -0.487291,     0.003323,
  1617.100,    -0.087869,    -0.474220,     0.006870,
  1617.150,    -0.107960,    -0.483483,     0.005952,
  1617.200,    -0.100413,    -0.473541,     0.001157,
  1617.250,    -0.100569,    -0.474562,    -0.000604,
  1617.300,    -0.097038,    -0.456456,     0.002707,
  1617.350,    -0.088335,    -0.446705,     0.003657,
  1617.400,    -0.089998,    -0.459078,     0.006393,
  1617.450,    -0.094955,    -0.445847,     0.006242,
  1617.500,    -0.105464,    -0.438835,     0.008754,
  1617.550,    -0.106163,    -0.433537,     0.005753,
  1617.600,    -0.101998,    -0.436497,     0.009004,
  1617.650,    -0.101004,    -0.418269,     0.009208,
  1617.700,    -0.104373,    -0.416141,     0.003384,
  1617.750,    -0.107578,    -0.407228,     0.004472,
  1617.800,    -0.107194,    -0.401720,     0.012279,
  1617.850,    -0.123606,    -0.380863,     0.012714,
  1617.900,    -0.137795,    -0.371745,     0.007612,
  1617.950,    -0.127487,    -0.338327,     0.007425,
  1618.000,    -0.137567,    -0.281234,     0.010913,
  1618.050,    -0.129001,    -0.232384,     0.000673,
  1618.100,    -0.121839,    -0.193871,    -0.001343,
  1618.150,    -0.139320,    -0.161821,     0.000532,
  1618.200,    -0.133942,    -0.119875,     0.004152,
  1618.250,    -0.121647,    -0.077524,     0.002317,
  1618.300,    -0.125693,    -0.071774,     0.002415,
  1618.350,    -0.142918,    -0.087374,     0.004205,
  1618.400,    -0.159252,    -0.196099,    -0.003839,
  1618.450,    -0.128599,    -0.348139,     0.000688,
  1618.500,    -0.133868,    -0.610612,     0.006901,
  1618.550,    -0.135841,    -0.952923,     0.003773,
  1618.600,    -0.148015,    -1.333053,     0.004956,
  1618.650,    -0.136181,    -1.743931,     0.009177,
  1618.700,    -0.139905,    -2.126887,     0.011782,
  1618.750,    -0.139498,    -2.394161,     0.008014,
  1618.800,    -0.120983,    -2.457728,     0.007240,
  1618.850,    -0.137584,    -2.309845,     0.010747,
  1618.900,    -0.142773,    -1.995652,     0.011589,
  1618.950,    -0.117933,    -1.602009,     0.014013,
  1619.000,    -0.129510,    -1.184876,     0.014444,
  1619.050,    -0.142965,    -0.797805,     0.012498,
  1619.100,    -0.146308,    -0.520714,     0.011207,
  1619.150,    -0.153189,    -0.297820,     0.013800,
  1619.200,    -0.143353,    -0.164513,     0.013202,
  1619.250,    -0.153827,    -0.133796,     0.008032,
  1619.300,    -0.175822,    -0.141140,     0.001267,
  1619.350,    -0.153807,    -0.189173,     0.001675,
  1619.400,    -0.150463,    -0.272831,    -0.000984,
  1619.450,    -0.171086,    -0.366149,    -0.001942,
  1619.500,    -0.185874,    -0.414662,    -0.005985,
  1619.550,    -0.185992,    -0.486669,    -0.012243,
  1619.600,    -0.193701,    -0.532702,    -0.008956,
  1619.650,    -0.207810,    -0.559336,    -0.008883,
  1619.700,    -0.205877,    -0.580338,    -0.008900,
  1619.750,    -0.202732,    -0.589772,    -0.002089,
  1619.800,    -0.204044,    -0.591029,    -0.005767,
  1619.850,    -0.208413,    -0.607447,    -0.007664,
  1619.900,    -0.183977,    -0.624791,     0.002273,
  1619.950,    -0.182673,    -0.651564,     0.004150,
  1620.000,    -0.160923,    -0.699427,     0.004286,
  1620.050,    -0.180083,    -0.712156,     0.006742,
  1620.100,    -0.185440,    -0.740053,     0.005207,
  1620.150,    -0.185121,    -0.779035,     0.013787,
  1620.200,    -0.189555,    -0.777557,     0.016279,
  1620.250,    -0.183913,    -0.783301,     0.017956,
  1620.300,    -0.172739,    -0.795376,     0.020343,
  1620.350,    -0.172143,    -0.762885,     0.023868,
  1620.400,    -0.171308,    -0.756703,     0.017875,
  1620.450,    -0.189289,    -0.755122,     0.020317,
  1620.500,    -0.204167,    -0.759587,     0.017701,
  1620.550,    -0.194499,    -0.770126,     0.019864,
  1620.600,    -0.185162,    -0.762379,     0.013259,
  1620.650,    -0.182745,    -0.799293,     0.003383,
  1620.700,    -0.192582,    -0.826538,     0.001670,
  1620.750,    -0.201451,    -0.825007,     0.000974,
  1620.800,    -0.221782,    -0.836559,    -0.002830,
  1620.850,    -0.222618,    -0.864981,    -0.006361,
  1620.900,    -0.241209,    -0.872562,    -0.004803,
  1620.950,    -0.244593,    -0.863349,    -0.001439,
  1621.000,    -0.236094,    -0.892779,    -0.005507,
  1621.050,    -0.224627,    -0.900679,    -0.003981,
  1621.100,    -0.222648,    -0.903279,    -0.005193,
  1621.150,    -0.217103,    -0.929399,    -0.005061,
  1621.200,    -0.213397,    -0.946151,    -0.006274,
  1621.250,    -0.221162,    -0.973433,    -0.004087,
  1621.300,    -0.183762,    -1.002156,     0.004809,
  1621.350,    -0.195643,    -1.031033,     0.001595,
  1621.400,    -0.187089,    -1.055723,     0.006859,
  1621.450,    -0.183407,    -1.082439,     0.005583,
  1621.500,    -0.183460,    -1.040745,     0.007153,
  1621.550,    -0.184829,    -1.007067,     0.015898,
  1621.600,    -0.158338,    -0.969472,     0.016038,
  1621.650,    -0.164336,    -0.923275,     0.013907,
  1621.700,    -0.167549,    -0.868363,     0.016438,
  1621.750,    -0.168326,    -0.839668,     0.018293,
  1621.800,    -0.158298,    -0.839075,     0.016786,
  1621.850,    -0.147566,    -0.835832,     0.011422,
  1621.900,    -0.152539,    -0.868083,     0.008860,
  1621.950,    -0.140226,    -0.905803,     0.007561,
  1622.000,    -0.134843,    -0.925178,     0.005114,
  1622.050,    -0.134323,    -0.925425,     0.002979,
  1622.100,    -0.127234,    -0.933014,     0.007527,
  1622.150,    -0.111385,    -0.943333,     0.004072,
  1622.200,    -0.107606,    -0.946160,    -0.004888,
  1622.250,    -0.084545,    -0.947706,    -0.004923,
  1622.300,    -0.062548,    -0.936598,     0.000598,
  1622.350,    -0.035562,    -0.911204,    -0.001850,
  1622.400,    -0.026215,    -0.902913,    -0.002657,
  1622.450,    -0.003856,    -0.885350,    -0.002463,
  1622.500,    -0.002859,    -0.852988,    -0.002792,
  1622.550,    -0.046054,    -0.809969,    -0.000242,
  1622.600,    -0.079828,    -0.785377,    -0.002515,
  1622.650,    -0.172972,    -0.742969,    -0.003441,
  1622.700,    -0.298651,    -0.686576,     0.002376,
  1622.750,    -0.493805,    -0.613374,     0.010042,
  1622.800,    -0.720945,    -0.510101,     0.012606,
  1622.850,    -0.923068,    -0.403846,     0.012360,
  1622.900,    -1.078410,    -0.275957,     0.008381,
  1622.950,    -1.141813,    -0.136301,     0.009399,
  1623.000,    -1.117731,    -0.013895,     0.014511,
  1623.050,    -0.983852,     0.097326,     0.011064,
  1623.100,    -0.751883,     0.115637,     0.009856,
  1623.150,    -0.496959,     0.008123,     0.008084,
  1623.200,    -0.270369,    -0.326249,     0.008314,
  1623.250,    -0.074209,    -1.001347,     0.010865,
  1623.300,     0.053200,    -2.122518,     0.007810,
  1623.350,     0.122051,    -3.843026,    -0.000651,
  1623.400,     0.144156,    -6.190226,     0.003829,
  1623.450,     0.133599,    -9.079033,     0.003388,
  1623.500,     0.072036,   -12.222148,    -0.004296,
  1623.550,     0.008054,   -15.132563,     0.004164,
  1623.600,    -0.058886,   -17.125555,     0.002123,
  1623.650,    -0.095781,   -17.493563,    -0.000180,
  1623.700,    -0.158090,   -15.827166,     0.003503,
  1623.750,    -0.219671,   -12.123533,     0.009040,
  1623.800,    -0.252284,    -6.997025,     0.006206,
  1623.850,    -0.253856,    -1.427215,     0.000189,
  1623.900,    -0.255689,     3.484423,     0.009149,
  1623.950,    -0.274800,     6.934489,     0.010492,
  1624.000,    -0.262388,     8.513791,     0.010111,
  1624.050,    -0.261573,     8.337132,     0.008159,
  1624.100,    -0.300476,     6.748450,     0.008237,
  1624.150,    -0.299971,     4.178412,     0.009931,
  1624.200,    -0.302512,     1.205607,     0.006827,
  1624.250,    -0.315308,    -1.618595,     0.002806,
  1624.300,    -0.316932,    -3.847212,     0.000196,
  1624.350,    -0.334827,    -5.274983,     0.003284,
  1624.400,    -0.324339,    -5.999073,     0.002853,
  1624.450,    -0.321942,    -6.210488,    -0.001171,
  1624.500,    -0.305327,    -6.037645,     0.001867,
  1624.550,    -0.323705,    -5.448199,     0.001832,
  1624.600,    -0.310268,    -4.513717,     0.002851,
  1624.650,    -0.284345,    -3.507028,     0.002232,
  1624.700,    -0.303215,    -2.713990,     0.001896,
  1624.750,    -0.315108,    -2.169706,     0.002375,
  1624.800,    -0.331465,    -1.805950,     0.004770,
  1624.850,    -0.324135,    -1.469886,     0.005975,
  1624.900,    -0.323983,    -1.140785,     0.005977,
  1624.950,    -0.331592,    -0.812284,     0.015053,
  1625.000,    -0.317550,    -0.407357,     0.013202,
  1625.050,    -0.329982,     0.132472,     0.011631,
  1625.100,    -0.312447,     0.838794,     0.011694,
  1625.150,    -0.317906,     1.727241,     0.017378,
  1625.200,    -0.321623,     2.765705,     0.017902,
  1625.250,    -0.326770,     3.889177,     0.013562,
  1625.300,    -0.321776,     5.077292,     0.017039,
  1625.350,    -0.327890,     6.273234,     0.016542,
  1625.400,    -0.360543,     7.478472,     0.013545,
  1625.450,    -0.391849,     8.746009,     0.006372,
  1625.500,    -0.376048,    10.060120,     0.001552,
  1625.550,    -0.379247,    11.467869,    -0.001013,
  1625.600,    -0.398162,    13.071246,    -0.003988,
  1625.650,    -0.390073,    14.898890,    -0.003183,
  1625.700,    -0.382525,    17.010325,    -0.002160,
  1625.750,    -0.367562,    19.501218,    -0.003805,
  1625.800,    -0.341003,    22.428147,    -0.005910,
  1625.850,    -0.306544,    25.822997,    -0.009404,
  1625.900,    -0.288234,    29.700968,    -0.007491,
  1625.950,    -0.261697,    34.164119,    -0.006144,
  1626.000,    -0.281884,    39.328189,    -0.003552,
  1626.050,    -0.284988,    45.320874,    -0.003549,
  1626.100,    -0.299629,    52.213222,    -0.001644,
  1626.150,    -0.312380,    60.173804,     0.000317,
  1626.200,    -0.314768,    69.234329,     0.001039,
  1626.250,    -0.323034,    79.317423,     0.002703,
  1626.300,    -0.324289,    90.147328,     0.005376,
  1626.350,    -0.320982,   101.149397,     0.016022,
  1626.400,    -0.327567,   111.240914,     0.020163,
  1626.450,    -0.343344,   118.577158,     0.022739,
  1626.500,    -0.316603,   120.330037,     0.019488,
  1626.550,    -0.284064,   112.301036,     0.016243,
  1626.600,    -0.292622,    88.936240,     0.016847,
  1626.650,    -0.273619,    43.654300,     0.017854,
  1626.700,    -0.253850,   -30.080523,     0.014447,
  1626.750,    -0.233374,  -136.599317,     0.014783,
  1626.800,    -0.232278,  -275.383844,     0.012883,
  1626.850,    -0.229497,  -438.202199,     0.007151,
  1626.900,    -0.202273,  -607.466873,     0.005253,
  1626.950,    -0.159180,  -756.832510,     0.004254,
  1627.000,    -0.108499,  -853.304042,     0.002813,
  1627.050,    -0.046162,  -863.652525,     0.002141,
  1627.100,    -0.004084,  -767.964910,     0.001018,
  1627.150,     0.073810,  -573.556554,    -0.001606,
  1627.200,     0.127966,  -314.836492,    -0.007975,
  1627.250,     0.143388,   -38.717001,    -0.007772,
  1627.300,     0.147227,   213.204124,    -0.006657,
  1627.350,     0.052265,   414.370761,    -0.004040,
  1627.400,    -0.166628,   551.418659,    -0.004119,
  1627.450,    -0.541900,   618.154752,    -0.002954,
  1627.500,    -1.178639,   615.650001,     0.004710,
  1627.550,    -2.152300,   555.920794,     0.007830,
  1627.600,    -3.421222,   461.606808,     0.004280,
  1627.650,    -4.892372,   358.092630,     0.005811,
  1627.700,    -6.441557,   262.795631,     0.011703,
  1627.750,    -7.716001,   181.288099,     0.010492,
  1627.800,    -8.334149,   113.143369,     0.007348,
  1627.850,    -7.993933,    59.884677,     0.012126,
  1627.900,    -6.438794,    26.164406,     0.015826,
  1627.950,    -3.831687,    13.388737,     0.010542,
  1628.000,    -0.649068,    14.807836,     0.014069,
  1628.050,     2.506191,    19.605023,     0.012877,
  1628.100,     4.973533,    20.976186,     0.009076,
  1628.150,     6.310152,    18.573325,     0.010588,
  1628.200,     6.455118,    13.737354,     0.010332,
  1628.250,     5.581998,     6.294082,     0.006990,
  1628.300,     4.000014,    -3.942722,     0.008598,
  1628.350,     2.047697,   -15.291041,     0.007824,
  1628.400,     0.062638,   -25.115936,     0.003298,
  1628.450,    -1.619982,   -31.509963,     0.006732,
  1628.500,    -2.753394,   -33.304194,     0.006969,
  1628.550,    -3.293045,   -29.992888,     0.003297,
  1628.600,    -3.394432,   -22.742302,     0.003368,
  1628.650,    -3.172932,   -14.414926,    -0.001206,
  1628.700,    -2.767992,    -7.483234,     0.000500,
  1628.750,    -2.217532,    -2.984859,     0.005757,
  1628.800,    -1.503934,    -1.164252,     0.009219,
  1628.850,    -0.835044,    -2.118112,     0.000177,
  1628.900,    -0.340536,    -5.174189,    -0.003806,
  1628.950,    -0.093441,    -9.286403,    -0.004964,
  1629.000,     0.024941,   -13.634145,    -0.000633,
  1629.050,     0.134562,   -17.083424,     0.003058,
  1629.100,     0.252165,   -18.429742,    -0.001826,
  1629.150,     0.370009,   -17.405915,    -0.005265,
  1629.200,     0.491993,   -14.983355,    -0.005325,
  1629.250,     0.738342,   -11.998510,    -0.001128,
  1629.300,     1.064567,    -8.593464,     0.001389,
  1629.350,     1.472166,    -5.354663,    -0.000513,
  1629.400,     1.967230,    -3.324842,     0.001481,
  1629.450,     2.482326,    -2.418323,     0.005671,
  1629.500,     2.973493,    -1.744800,     0.001360,
  1629.550,     3.469940,    -1.435813,     0.004969,
  1629.600,     3.938362,    -2.146204,     0.006755,
  1629.650,     4.394765,    -3.579164,     0.011820,
  1629.700,     4.872626,    -5.007354,     0.011665,
  1629.750,     5.372236,    -6.289650,     0.012028,
  1629.800,     5.983602,    -7.321848,     0.013237,
  1629.850,     6.710871,    -7.916487,     0.009725,
  1629.900,     7.557187,    -8.401538,     0.008502,
  1629.950,     8.615431,    -9.063405,     0.012322,
  1630.000,     9.859472,    -9.528301,     0.014953,
  1630.050,    11.296267,    -9.995554,     0.014613,
  1630.100,    12.965243,   -11.552468,     0.010590,
  1630.150,    14.911408,   -14.581446,     0.006845,
  1630.200,    17.159844,   -18.110098,     0.004722,
  1630.250,    19.789403,   -21.159664,     0.000245,
  1630.300,    22.847763,   -23.552278,    -0.002268,
  1630.350,    26.381109,   -25.200944,    -0.005962,
  1630.400,    30.421194,   -25.526302,    -0.005621,
  1630.450,    34.900748,   -23.619052,    -0.005084,
  1630.500,    39.657099,   -18.819349,    -0.006066,
  1630.550,    44.350951,   -11.499617,    -0.003023,
  1630.600,    48.373583,    -3.149112,    -0.000188,
  1630.650,    50.691170,     4.452853,     0.000390,
  1630.700,    49.814655,    10.046533,    -0.004218,
  1630.750,    43.515795,    13.060233,    -0.002120,
  1630.800,    28.875989,    13.620158,     0.006706,
  1630.850,     2.596778,    12.157680,     0.012174,
  1630.900,   -38.551972,     9.274574,     0.014281,
  1630.950,   -96.420874,     5.856123,     0.020479,
  1631.000,  -169.878404,     2.993944,     0.021989,
  1631.050,  -253.175429,     1.406954,     0.021052,
  1631.100,  -334.874914,     1.309775,     0.028665,
  1631.150,  -398.457320,     2.395546,     0.022923,
  1631.200,  -424.880309,     3.763499,     0.018717,
  1631.250,  -398.545363,     4.322650,     0.020074,
  1631.300,  -314.695142,     3.926636,     0.017434,
  1631.350,  -183.527571,     3.166550,     0.021441,
  1631.400,   -28.084215,     2.265575,     0.020426,
  1631.450,   124.280229,     1.160862,     0.019223,
  1631.500,   250.918341,     0.170592,     0.019503,
  1631.550,   337.823581,    -0.376537,     0.012983,
  1631.600,   379.459812,    -0.448203,     0.008101,
  1631.650,   376.993722,    -0.184167,     0.000858,
  1631.700,   337.091396,     0.207198,     0.000789,
  1631.750,   271.327839,     0.439720,    -0.004468,
  1631.800,   194.901374,     0.576219,    -0.007940,
  1631.850,   122.498375,     0.828175,    -0.005262,
  1631.900,    62.990692,     1.151283,    -0.006725,
  1631.950,    17.662531,     1.302174,    -0.007907,
  1632.000,   -15.789232,     1.393799,    -0.003290,
  1632.050,   -37.877166,     1.363982,    -0.003833,
  1632.100,   -46.883114,     0.892051,    -0.005812,
  1632.150,   -43.176488,    -0.002850,    -0.005874,
  1632.200,   -32.185906,    -0.749953,    -0.005417,
  1632.250,   -21.299591,    -0.775002,    -0.005256,
  1632.300,   -14.643361,    -0.086435,    -0.004250,
  1632.350,   -11.849133,     0.719788,    -0.001629,
  1632.400,   -11.427209,     0.976297,    -0.007277,
  1632.450,   -13.071696,     0.479779,    -0.005545,
  1632.500,   -16.632936,    -0.447088,     0.001948,
  1632.550,   -20.873514,    -1.509570,    -0.001834,
  1632.600,   -24.011309,    -2.620741,    -0.003574,
  1632.650,   -24.964757,    -3.634282,     0.004840,
  1632.700,   -23.185956,    -4.182021,     0.006904,
  1632.750,   -18.543032,    -3.906807,     0.003713,
  1632.800,   -12.058230,    -2.793900,     0.007792,
  1632.850,    -5.652214,    -1.227206,     0.011252,
  1632.900,    -0.886163,     0.409447,     0.007532,
  1632.950,     1.782574,     1.757836,     0.006006,
  1633.000,     2.446807,     2.638111,     0.010526,
  1633.050,     1.235995,     3.037544,     0.010572,
  1633.100,    -1.238738,     2.807701,     0.013531,
  1633.150,    -4.182727,     1.846147,     0.008079,
  1633.200,    -7.040650,     0.418482,     0.007603,
  1633.250,    -9.097513,    -0.781082,     0.011886,
  1633.300,    -9.570619,    -1.114038,     0.011503,
  1633.350,    -8.387834,    -0.548134,     0.005442,
  1633.400,    -6.323837,     0.372960,     0.007944,
  1633.450,    -4.046128,     1.093779,     0.008465,
  1633.500,    -1.669321,     1.532629,     0.006703,
  1633.550,     0.328861,     1.931117,     0.005616,
  1633.600,     1.315903,     2.205702,    -0.000881,
  1633.650,     1.523141,     2.028786,     0.003011,
  1633.700,     1.571237,     1.294591,     0.004053,
  1633.750,     1.375541,     0.509281,    -0.000043,
  1633.800,     0.514412,     0.259539,     0.001910,
  1633.850,    -0.689208,     0.637703,     0.005262,
  1633.900,    -1.747084,     1.288410,    -0.004258,
  1633.950,    -2.586249,     1.735328,    -0.006665,
  1634.000,    -3.139847,     2.004661,    -0.000418,
  1634.050,    -3.384248,     2.524687,     0.005151,
  1634.100,    -3.538339,     3.538086,    -0.001120,
  1634.150,    -3.765530,     4.817174,    -0.000460,
  1634.200,    -3.899155,     5.771806,     0.001847,
  1634.250,    -3.982738,     5.894634,     0.002125,
  1634.300,    -4.796897,     5.019867,     0.005190,
  1634.350,    -6.524979,     3.374413,     0.005101,
  1634.400,    -8.448056,     1.468931,     0.009780,
  1634.450,    -9.847902,    -0.234864,     0.006793,
  1634.500,   -10.672118,    -1.331142,     0.008214,
  1634.550,   -10.924536,    -1.620024,     0.014772,
  1634.600,   -10.301532,    -1.193751,     0.013325,
  1634.650,    -8.363817,    -0.221375,     0.010857,
  1634.700,    -5.009829,     0.944310,     0.014449,
  1634.750,    -0.650263,     1.802740,     0.013059,
  1634.800,     3.759939,     2.103127,     0.011478,
  1634.850,     7.306645,     1.980898,     0.005936,
  1634.900,     9.400369,     1.834150,     0.007857,
  1634.950,     9.779978,     1.554471,     0.010000,
  1635.000,     8.652834,     0.849765,     0.005203,
  1635.050,     6.501892,    -0.364628,     0.004575,
  1635.100,     3.897284,    -1.647068,     0.002249,
  1635.150,     1.456437,    -2.463542,     0.000571,
  1635.200,    -0.226872,    -2.393592,     0.003111,
  1635.250,    -0.811054,    -1.539666,     0.003981,
  1635.300,    -0.373539,    -0.367061,    -0.000189,
  1635.350,     0.752089,     0.786164,     0.000548,
  1635.400,     1.876023,     1.800347,    -0.000709,
  1635.450,     2.238098,     2.567745,    -0.002822,
  1635.500,     1.826179,     2.857418,    -0.002743,
  1635.550,     1.111164,     2.729597,    -0.004669,
  1635.600,     0.355795,     2.507415,    -0.003923,
  1635.650,    -0.458977,     2.725166,     0.003345,
  1635.700,    -1.122337,     3.536522,     0.005929,
  1635.750,    -1.385037,     4.719953,     0.001761,
  1635.800,    -1.279920,     5.978758,     0.002477,
  1635.850,    -0.950126,     7.139484,     0.008683,
  1635.900,    -0.534248,     8.018270,     0.009667,
  1635.950,    -0.241527,     8.408722,     0.003645,
  1636.000,    -0.058424,     8.099335,     0.006630,
  1636.050,     0.210683,     6.992960,     0.011253,
  1636.100,     0.455233,     5.083596,     0.005756,
  1636.150,     0.544404,     2.715300,     0.006378,
  1636.200,     0.585229,     0.553834,     0.006881,
  1636.250,     0.534828,    -0.974464,     0.005440,
  1636.300,     0.167900,    -1.866223,     0.011403,
  1636.350,    -0.445695,    -2.360050,     0.013166,
  1636.400,    -0.841753,    -2.625182,     0.009131,
  1636.450,    -0.678760,    -2.683920,     0.007791,
  1636.500,    -0.028188,    -2.569406,     0.003462,
  1636.550,     0.604703,    -2.462354,     0.003020,
  1636.600,     0.739018,    -2.381856,     0.006478,
  1636.650,     0.293312,    -2.249739,     0.002868,
  1636.700,    -0.440100,    -1.943175,     0.004374,
  1636.750,    -1.213294,    -1.563875,     0.002269,
  1636.800,    -1.881849,    -1.173989,     0.004341,
  1636.850,    -2.420074,    -0.740138,    -0.000339,
  1636.900,    -2.628848,    -0.124872,     0.005124,
  1636.950,    -2.248990,     0.609759,     0.004375,
  1637.000,    -1.374625,     1.406203,     0.000389,
  1637.050,    -0.249756,     2.317221,     0.002218,
  1637.100,     0.766026,     3.254949,     0.003285,
  1637.150,     1.481491,     4.003688,     0.000951,
  1637.200,     1.840602,     4.135708,     0.001762,
  1637.250,     1.852629,     3.405202,     0.001527,
  1637.300,     1.482769,     1.985505,     0.002273,
  1637.350,     0.692238,     0.434592,     0.004375,
  1637.400,    -0.332260,    -0.822254,     0.001939,
  1637.450,    -1.078559,    -1.575648,     0.002804,
  1637.500,    -1.121789,    -1.729813,     0.000473,
  1637.550,    -0.548544,    -1.255113,     0.002306,
  1637.600,     0.171206,    -0.338612,     0.008014,
  1637.650,     0.653391,     0.763632,     0.007028,
  1637.700,     0.859339,     1.740224,     0.006085,
  1637.750,     0.997900,     2.460679,     0.005340,
  1637.800,     1.086421,     2.958997,     0.004503,
  1637.850,     0.838061,     3.299934,     0.003065,
  1637.900,     0.210293,     3.385711,     0.003857,
  1637.950,    -0.371253,     3.162409,     0.008035,
  1638.000,    -0.469408,     2.824086,     0.008526,
  1638.050,    -0.112808,     2.523193,     0.009304,
  1638.100,     0.372674,     2.167881,     0.004641,
  1638.150,     0.702128,     1.673464,     0.004862,
  1638.200,     0.867263,     1.097867,     0.005881,
  1638.250,     1.142357,     0.595649,     0.006074,
  1638.300,     1.764662,     0.267708,     0.007733,
  1638.350,     2.500741,     0.215812,     0.002211,
  1638.400,     2.970123,     0.300757,     0.002096,
  1638.450,     2.788567,     0.210374,     0.000175,
  1638.500,     1.962166,    -0.234144,     0.004285,
  1638.550,     0.706543,    -0.859218,    -0.000080,
  1638.600,    -0.584948,    -1.345800,    -0.001653,
  1638.650,    -1.575071,    -1.384178,    -0.004119,
  1638.700,    -2.054722,    -1.020408,    -0.001424,
  1638.750,    -1.957130,    -0.342018,     0.003070,
  1638.800,    -1.377740,     0.725234,     0.001987,
  1638.850,    -0.531328,     2.078701,     0.001628,
  1638.900,     0.344665,     3.398893,    -0.002791,
  1638.950,     0.927833,     4.392974,     0.000014,
  1639.000,     1.049041,     4.958612,     0.004457,
  1639.050,     0.925344,     5.103479,     0.006095,
  1639.100,     0.773847,     4.824185,     0.011621,
  1639.150,     0.552796,     3.945542,     0.012908,
  1639.200,     0.048859,     2.410317,     0.009207,
  1639.250,    -0.753524,     0.343592,     0.005783,
  1639.300,    -1.564988,    -1.854028,     0.009363,
  1639.350,    -1.996878,    -3.661547,     0.016197,
  1639.400,    -1.797440,    -4.850082,     0.011590,
  1639.450,    -1.147640,    -5.255514,     0.007351,
  1639.500,    -0.415155,    -4.758078,     0.006673,
  1639.550,     0.125458,    -3.317165,     0.011790,
  1639.600,     0.433661,    -1.240698,     0.010296,
  1639.650,     0.546146,     1.045305,     0.005426,
  1639.700,     0.402390,     2.943423,     0.004958,
  1639.750,     0.113110,     4.244858,     0.002567,
  1639.800,     0.011294,     5.100088,     0.001453,
  1639.850,     0.463327,     5.546860,     0.002672,
  1639.900,     1.498387,     5.334418,     0.004096,
  1639.950,     2.793891,     4.304736,    -0.000565,
  1640.000,     3.989884,     2.511987,     0.004220,
  1640.050,     4.791863,     0.352506,     0.003580,
  1640.100,     5.109830,    -1.575325,    -0.000017,
  1640.150,     4.886450,    -2.746470,     0.001716,
  1640.200,     4.125103,    -3.031769,    -0.000853,
  1640.250,     2.824100,    -2.697153,    -0.001762,
  1640.300,     1.097030,    -2.044046,     0.001772,
  1640.350,    -0.669341,    -1.309203,     0.003664,
  1640.400,    -2.061484,    -0.531349,     0.000018,
  1640.450,    -2.805990,     0.062713,    -0.001147,
  1640.500,    -2.973422,     0.293488,     0.005253,
  1640.550,    -2.870401,     0.269254,    -0.000546,
  1640.600,    -2.645733,     0.404838,     0.002515,
  1640.650,    -2.336394,     1.032106,     0.009426,
  1640.700,    -1.994594,     2.062719,     0.007279,
  1640.750,    -1.615111,     3.106748,     0.010416,
  1640.800,    -1.342460,     3.840306,     0.007049,
  1640.850,    -1.107994,     4.170689,     0.007150,
  1640.900,    -0.813903,     4.128747,     0.006977,
  1640.950,    -0.507415,     3.825790,     0.003172,
  1641.000,    -0.266542,     3.105605,     0.009458,
  1641.050,     0.034247,     1.919317,     0.009814,
  1641.100,     0.399480,     0.499471,     0.011127,
  1641.150,     0.808663,    -0.655401,     0.008013,
  1641.200,     1.273488,    -1.180790,     0.002318,
  1641.250,     1.778136,    -0.932680,     0.005908,
  1641.300,     2.323388,     0.065962,     0.002849,
  1641.350,     2.683138,     1.640657,     0.002085,
  1641.400,     2.635749,     3.587384,     0.005595,
  1641.450,     1.999964,     5.627009,     0.005464,
  1641.500,     0.983938,     7.283995,     0.007845,
  1641.550,    -0.015396,     7.929273,     0.006355,
  1641.600,    -0.696707,     7.229707,     0.005360,
  1641.650,    -0.976501,     5.437746,     0.003485,
  1641.700,    -0.789245,     3.255428,     0.005444,
  1641.750,    -0.209002,     1.287893,     0.005475,
  1641.800,     0.603973,    -0.430065,     0.000087,
  1641.850,     1.486866,    -1.912394,     0.002521,
  1641.900,     2.238414,    -2.921142,     0.003097,
  1641.950,     2.749147,    -3.164518,     0.005976,
  1642.000,     3.115735,    -2.711609,     0.001585,
  1642.050,     3.434786,    -2.023525,     0.002807,
  1642.100,     3.597496,    -1.612473,     0.004917,
  1642.150,     3.594540,    -1.626222,     0.007488,
  1642.200,     3.626759,    -1.895577,     0.012019,
  1642.250,     3.776655,    -2.231396,     0.009100,
  1642.300,     3.968192,    -2.317654,     0.005257,
  1642.350,     4.194012,    -1.902629,     0.001236,
  1642.400,     4.418580,    -0.786280,     0.008143,
  1642.450,     4.697893,     1.129492,     0.005219,
  1642.500,     5.080875,     3.499094,     0.002751,
  1642.550,     5.459367,     5.749574,     0.006579,
  1642.600,     5.503727,     7.199591,     0.008234,
  1642.650,     4.797450,     7.364164,     0.010280,
  1642.700,     2.800498,     6.108811,     0.007160,
  1642.750,    -0.835927,     3.760737,     0.008443,
  1642.800,    -6.287758,     1.035424,     0.010568,
  1642.850,   -13.778517,    -1.500944,     0.011554,
  1642.900,   -23.441058,    -3.580921,     0.004778,
  1642.950,   -34.790660,    -5.075783,     0.008792,
  1643.000,   -46.278485,    -5.654107,     0.007911,
  1643.050,   -55.577152,    -4.892246,     0.005914,
  1643.100,   -59.722497,    -2.572867,     0.000677,
  1643.150,   -55.763437,     0.931624,     0.002007,
  1643.200,   -41.942311,     4.734468,     0.002036,
  1643.250,   -18.786342,     7.863014,     0.006956,
  1643.300,    10.243774,     9.581584,     0.004803,
  1643.350,    39.397179,     9.571676,     0.003405,
  1643.400,    62.664204,     7.899424,     0.001843,
  1643.450,    75.851042,     4.949290,     0.000445,
  1643.500,    77.807266,     1.389123,     0.004737,
  1643.550,    69.925064,    -1.934049,     0.008267,
  1643.600,    54.841170,    -4.311451,     0.003074,
  1643.650,    35.728264,    -5.354010,     0.004809,
  1643.700,    15.831173,    -5.268690,     0.005229,
  1643.750,    -1.577882,    -4.557273,     0.005372,
  1643.800,   -14.037029,    -3.695180,     0.004783,
  1643.850,   -20.834431,    -2.738433,     0.003105,
  1643.900,   -23.160328,    -1.598857,     0.013866,
  1643.950,   -22.772647,    -0.426964,     0.013023,
  1644.000,   -20.524203,     0.606600,     0.008593,
  1644.050,   -16.499705,     1.409146,     0.004040,
  1644.100,   -11.190298,     2.057791,     0.004040,
  1644.150,    -6.080970,     2.602047,     0.005526,
  1644.200,    -2.785377,     3.052287,     0.001681,
  1644.250,    -1.777491,     3.248419,     0.003047,
  1644.300,    -2.070208,     3.271796,     0.009675,
  1644.350,    -2.548114,     3.133470,     0.008334,
  1644.400,    -2.864621,     2.880073,     0.007236,
  1644.450,    -3.198429,     2.369453,     0.011072,
  1644.500,    -3.434474,     1.468208,     0.008558,
  1644.550,    -3.295644,     0.140516,     0.012039,
  1644.600,    -2.606391,    -1.456805,     0.006641,
  1644.650,    -1.543514,    -3.080571,     0.001463,
  1644.700,    -0.253484,    -4.479910,     0.001723,
  1644.750,     1.047732,    -5.262017,     0.005326,
  1644.800,     2.223160,    -5.094079,    -0.004862,
  1644.850,     3.180750,    -3.856473,    -0.003157,
  1644.900,     3.760885,    -1.698483,     0.003758,
  1644.950,     3.864104,     0.847717,     0.000686,
  1645.000,     3.399822,     3.351845,    -0.000150,
  1645.050,     2.510091,     5.478878,     0.006463,
  1645.100,     1.490335,     6.879348,     0.004388,
  1645.150,     0.497718,     7.193092,     0.004218,
  1645.200,    -0.442453,     6.209300,     0.013079,
  1645.250,    -1.212043,     4.192611,     0.004812,
  1645.300,    -1.709134,     1.729110,     0.003365,
  1645.350,    -1.784297,    -0.502945,     0.008418,
  1645.400,    -1.383431,    -2.066343,     0.005819,
  1645.450,    -0.577582,    -2.800311,     0.004001,
  1645.500,     0.538886,    -2.672023,     0.002600,
  1645.550,     1.745469,    -1.756019,    -0.001550,
  1645.600,     2.852114,    -0.414681,     0.002354,
  1645.650,     3.902746,     0.885057,     0.004778,
  1645.700,     4.584048,     1.681047,     0.003307,
  1645.750,     4.415551,     1.914041,     0.003640,
  1645.800,     3.276691,     1.801556,    -0.000956,
  1645.850,     1.570767,     1.604196,     0.000014,
  1645.900,    -0.107606,     1.597945,    -0.002573,
  1645.950,    -1.397937,     1.796716,    -0.002093,
  1646.000,    -2.277734,     2.086455,     0.004068,
  1646.050,    -2.931749,     2.404416,     0.001421,
  1646.100,    -3.259925,     2.883028,     0.006778,
  1646.150,    -3.061475,     3.470125,     0.007211,
  1646.200,    -2.373250,     3.800494,     0.011132,
  1646.250,    -1.810307,     3.519708,     0.005519,
  1646.300,    -1.768731,     2.324408,     0.008156,
  1646.350,    -2.056431,     0.377733,     0.007073,
  1646.400,    -2.374794,    -1.639211,     0.004341,
  1646.450,    -2.562767,    -3.273408,     0.007623,
  1646.500,    -2.417088,    -4.368732,     0.009468,
  1646.550,    -1.764326,    -4.902630,     0.015698,
  1646.600,    -0.456885,    -4.539004,     0.017350,
  1646.650,     1.521342,    -2.895854,     0.016464,
  1646.700,     3.775562,    -0.051166,     0.014910,
  1646.750,     5.695144,     3.371334,     0.005882,
  1646.800,     6.666105,     6.374152,     0.003164,
  1646.850,     6.322108,     8.159886,     0.005888,
  1646.900,     4.685435,     8.407146,     0.005640,
  1646.950,     2.237046,     7.260378,     0.005236,
  1647.000,    -0.367321,     5.100806,     0.006337,
  1647.050,    -2.595188,     2.369490,     0.002839,
  1647.100,    -4.156867,    -0.467867,    -0.008092,
  1647.150,    -4.999205,    -2.881076,    -0.009609,
  1647.200,    -4.869487,    -4.160517,    -0.006415,
  1647.250,    -3.590348,    -4.009448,     0.000902,
  1647.300,    -1.273881,    -2.728079,     0.005393,
  1647.350,     1.574033,    -0.931201,     0.005417,
  1647.400,     4.097309,     0.907262,    -0.001124,
  1647.450,     5.694581,     2.466837,     0.005947,
  1647.500,     6.107634,     3.419829,     0.013382,
  1647.550,     5.310983,     3.613173,     0.015546,
  1647.600,     3.525844,     2.940241,     0.010298,
  1647.650,     1.102346,     1.733533,     0.012096,
  1647.700,    -1.356116,     0.600073,     0.016729,
  1647.750,    -3.318115,     0.106117,     0.021144,
  1647.800,    -4.353884,     0.398465,     0.013370,
  1647.850,    -4.414853,     1.138148,     0.011443,
  1647.900,    -3.776026,     1.833618,     0.009494,
  1647.950,    -2.879276,     2.254569,     0.007385,
  1648.000,    -1.977411,     2.366573,     0.007254,
  1648.050,    -1.146848,     2.160168,    -0.000240,
  1648.100,    -0.295967,     1.678289,     0.002546,
  1648.150,     0.456285,     1.088022,     0.004167,
  1648.200,     1.019766,     0.468325,     0.004596,
  1648.250,     1.344754,    -0.085080,    -0.006860,
  1648.300,     1.452664,    -0.424321,    -0.008726,
  1648.350,     1.587089,    -0.445310,    -0.003634,
  1648.400,     1.762053,    -0.052121,    -0.003868,
  1648.450,     1.891960,     0.676347,    -0.001928,
  1648.500,     1.867701,     1.592305,    -0.002730,
  1648.550,     1.651848,     2.568017,     0.003044,
  1648.600,     1.231566,     3.345554,     0.005207,
  1648.650,     0.662671,     3.660376,     0.003173,
  1648.700,    -0.145804,     3.156357,     0.010327,
  1648.750,    -1.113068,     1.812877,     0.011463,
  1648.800,    -2.134575,     0.100915,     0.012332,
  1648.850,    -2.991155,    -1.311793,     0.015927,
  1648.900,    -3.531761,    -1.930688,     0.013915,
  1648.950,    -3.504746,    -1.794235,     0.012054,
  1649.000,    -2.783815,    -1.199253,     0.016994,
  1649.050,    -1.493339,    -0.342031,     0.012961,
  1649.100,     0.170045,     0.771827,     0.009190,
  1649.150,     1.830552,     1.928787,     0.011065,
  1649.200,     3.232986,     2.813558,     0.000832,
  1649.250,     4.181556,     3.133130,     0.006071,
  1649.300,     4.459533,     2.861016,     0.000522,
  1649.350,     3.977699,     2.236333,     0.001256,
  1649.400,     2.778236,     1.521251,    -0.002851,
  1649.450,     1.179165,     0.906289,    -0.002459,
  1649.500,    -0.373110,     0.542241,    -0.000335,
  1649.550,    -1.585913,     0.529363,     0.003085,
  1649.600,    -2.298940,     0.919639,     0.002174,
  1649.650,    -2.450298,     1.593277,    -0.002727,
  1649.700,    -2.044196,     2.286626,    -0.004507,
  1649.750,    -1.183413,     2.769640,     0.000534,
  1649.800,    -0.219885,     2.829136,     0.007045,
  1649.850,     0.496140,     2.390700,     0.004517,
  1649.900,     0.864495,     1.623867,     0.003105,
  1649.950,     0.897754,     0.734181,     0.008275,
  1650.000,     0.815991,     0.053056,     0.013484,
  1650.050,     0.736071,    -0.300182,     0.018968,
  1650.100,     0.757089,    -0.330311,     0.011855,
  1650.150,     0.880072,     0.160527,     0.010826,
  1650.200,     1.063699,     1.115636,     0.013015,
  1650.250,     1.358104,     2.248310,     0.009917,
  1650.300,     1.753954,     3.317872,     0.011606,
  1650.350,     2.123886,     4.218050,     0.007381,
  1650.400,     2.165123,     4.802698,     0.005151,
  1650.450,     1.620954,     4.799560,     0.006169,
  1650.500,     0.427971,     3.937437,     0.006758,
  1650.550,    -1.149375,     2.234988,     0.002462,
  1650.600,    -2.551743,     0.093360,     0.001916,
  1650.650,    -3.414216,    -1.962899,     0.004064,
  1650.700,    -3.715285,    -3.475688,     0.000179,
  1650.750,    -3.516956,    -4.036231,    -0.003447,
  1650.800,    -2.684165,    -3.473809,    -0.001825,
  1650.850,    -1.164237,    -1.886582,     0.003531,
  1650.900,     0.961190,     0.126319,     0.003178,
  1650.950,     3.214473,     1.818449,     0.006845,
  1651.000,     4.846724,     2.693813,     0.013059,
  1651.050,     5.478631,     2.733047,     0.008272,
  1651.100,     5.002085,     2.152289,     0.010225,
  1651.150,     3.634691,     1.258361,     0.007712,
  1651.200,     1.639626,     0.158188,     0.009612,
  1651.250,    -0.467422,    -0.942973,     0.006612,
  1651.300,    -2.352597,    -1.804075,     0.002324,
  1651.350,    -3.566227,    -2.231281,     0.004592,
  1651.400,    -3.828537,    -2.134919,     0.001648,
  1651.450,    -3.099491,    -1.592647,     0.002497,
  1651.500,    -1.750681,    -0.586536,     0.001448,
  1651.550,    -0.272553,     0.569924,     0.001247,
  1651.600,     0.980172,     1.485851,     0.000800,
  1651.650,     1.835036,     1.863712,     0.001296,
  1651.700,     2.199195,     1.731539,    -0.001261,
  1651.750,     2.050856,     1.275343,     0.002094,
  1651.800,     1.484344,     0.735871,     0.002956,
  1651.850,     0.772926,     0.323951,     0.001192,
  1651.900,     0.236773,     0.344839,     0.006952,
  1651.950,     0.159098,     0.881324,     0.011000,
  1652.000,     0.555551,     1.640736,     0.000868,
  1652.050,     1.082996,     2.277143,     0.003948,
  1652.100,     1.376953,     2.580827,     0.011867,
  1652.150,     1.357910,     2.568938,     0.013402,
  1652.200,     1.047938,     2.170394,     0.013239,
  1652.250,     0.512661,     1.352140,     0.007609,
  1652.300,    -0.136911,     0.204674,     0.007430,
  1652.350,    -0.715858,    -0.882404,     0.005051,
  1652.400,    -1.067565,    -1.414204,     0.000294,
  1652.450,    -1.228352,    -1.075575,    -0.000904,
  1652.500,    -1.196594,     0.051595,    -0.002591,
  1652.550,    -0.940482,     1.459865,     0.000840,
  1652.600,    -0.473311,     2.605237,    -0.002263,
  1652.650,     0.169742,     3.283422,    -0.000424,
  1652.700,     0.852450,     3.466495,     0.002025,
  1652.750,     1.499336,     3.142623,    -0.001279,
  1652.800,     1.939178,     2.283277,     0.001111,
  1652.850,     2.007522,     0.979266,     0.000183,
  1652.900,     1.531285,    -0.404800,     0.000270,
  1652.950,     0.531144,    -1.550247,     0.011697,
  1653.000,    -0.629571,    -2.182721,     0.006969,
  1653.050,    -1.429601,    -2.153554,     0.008449,
  1653.100,    -1.593453,    -1.634214,     0.010309,
  1653.150,    -1.221253,    -0.797085,     0.014041,
  1653.200,    -0.597148,     0.248118,     0.013286,
  1653.250,     0.141212,     1.459119,     0.014161,
  1653.300,     0.895359,     2.663853,     0.009711,
  1653.350,     1.534461,     3.522087,     0.011978,
  1653.400,     1.813597,     3.822955,     0.005124,
  1653.450,     1.611041,     3.637938,     0.001143,
  1653.500,     1.071530,     3.161850,     0.001142,
  1653.550,     0.401915,     2.520111,     0.000071,
  1653.600,    -0.082452,     1.814874,    -0.007427,
  1653.650,    -0.369325,     1.234400,    -0.005241,
  1653.700,    -0.351189,     0.964248,    -0.003361,
  1653.750,    -0.052639,     1.153447,    -0.006813,
  1653.800,     0.487442,     1.694563,    -0.005195,
  1653.850,     1.094634,     2.303654,    -0.002227,
  1653.900,     1.595933,     2.495366,    -0.001953,
  1653.950,     1.831601,     2.154924,    -0.003312,
  1654.000,     1.752468,     1.370564,     0.001907,
  1654.050,     1.314344,     0.382061,     0.006332,
  1654.100,     0.678069,    -0.531363,     0.004397,
  1654.150,     0.067169,    -1.062805,     0.007441,
  1654.200,    -0.345222,    -1.035515,     0.014807,
  1654.250,    -0.460454,    -0.385731,     0.015234,
  1654.300,    -0.332025,     0.691815,     0.016098,
  1654.350,     0.134836,     1.933382,     0.017636,
  1654.400,     0.864619,     3.167818,     0.010666,
  1654.450,     1.699926,     4.040509,     0.010990,
  1654.500,     2.403628,     4.375167,     0.008601,
  1654.550,     2.854552,     4.107046,     0.008789,
  1654.600,     2.872010,     3.441271,     0.007949,
  1654.650,     2.221010,     2.591825,    -0.003586,
  1654.700,     0.740951,     1.536290,    -0.004470,
  1654.750,    -1.529597,     0.339489,    -0.001485,
  1654.800,    -4.260300,    -0.839023,    -0.004137,
  1654.850,    -7.040643,    -1.675263,    -0.006411,
  1654.900,    -9.440318,    -1.996982,    -0.003763,
  1654.950,   -10.966969,    -1.820432,    -0.004417,
  1655.000,   -11.020891,    -1.270407,    -0.005309,
  1655.050,    -9.249616,    -0.493290,     0.000004,
  1655.100,    -5.711943,     0.607018,    -0.002596,
  1655.150,    -0.795675,     1.841395,     0.000007,
  1655.200,     4.831235,     2.976855,     0.004321,
  1655.250,    10.192758,     3.762788,     0.009821,
  1655.300,    14.286374,     4.141734,     0.016548,
  1655.350,    16.095221,     4.145293,     0.019707,
  1655.400,    15.221204,     3.864822,     0.024655,
  1655.450,    11.965141,     3.244388,     0.021268,
  1655.500,     7.286848,     2.195073,     0.017358,
  1655.550,     2.248783,     0.900733,     0.012870,
  1655.600,    -2.256631,    -0.429988,     0.018555,
  1655.650,    -5.641075,    -1.408666,     0.010441,
  1655.700,    -7.443756,    -1.807847,     0.008494,
  1655.750,    -7.609532,    -1.769096,     0.005491,
  1655.800,    -6.649937,    -1.473016,     0.001451,
  1655.850,    -5.201010,    -1.085380,     0.003610,
  1655.900,    -3.839855,    -0.577102,    -0.005196,
  1655.950,    -2.687052,     0.080463,    -0.006780,
  1656.000,    -1.589030,     0.942668,    -0.010398,
  1656.050,    -0.372320,     1.876642,    -0.009447,
  1656.100,     0.814440,     2.847501,    -0.006485,
  1656.150,     1.684419,     3.721898,    -0.003450,
  1656.200,     2.039386,     4.248206,    -0.000913,
  1656.250,     1.945271,     4.202214,     0.002133,
  1656.300,     1.640312,     3.353246,     0.004754,
  1656.350,     1.254015,     1.916903,     0.006359,
  1656.400,     0.742800,     0.319465,     0.011408,
  1656.450,     0.013314,    -1.015867,     0.014032,
  1656.500,    -0.735088,    -1.926385,     0.013779,
  1656.550,    -1.264502,    -2.433142,     0.018559,
  1656.600,    -1.269816,    -2.618615,     0.017741,
  1656.650,    -0.624201,    -2.587156,     0.011220,
  1656.700,     0.455514,    -2.401076,     0.010417,
  1656.750,     1.585496,    -2.161640,     0.010968,
  1656.800,     2.332577,    -1.677688,     0.007023,
  1656.850,     2.600204,    -0.860168,     0.001816,
  1656.900,     2.400603,     0.249309,     0.002092,
  1656.950,     1.780218,     1.487038,     0.001869,
  1657.000,     0.787713,     2.530050,     0.001561,
  1657.050,    -0.362317,     3.091155,    -0.002228,
  1657.100,    -1.434265,     3.094993,    -0.002904,
  1657.150,    -2.220872,     2.552871,    -0.007325,
  1657.200,    -2.470457,     1.766720,    -0.003777,
  1657.250,    -2.227411,     0.884781,     0.002871,
  1657.300,    -1.605600,     0.133546,    -0.001934,
  1657.350,    -0.739957,    -0.366438,     0.003811,
  1657.400,     0.236669,    -0.600281,     0.006636,
  1657.450,     1.276966,    -0.555912,     0.004259,
  1657.500,     2.186747,    -0.281646,     0.008206,
  1657.550,     2.772895,     0.095342,     0.005309,
  1657.600,     2.869074,     0.421960,     0.015030,
  1657.650,     2.594396,     0.527875,     0.011779,
  1657.700,     1.970031,     0.364514,     0.016736,
  1657.750,     1.085366,     0.217246,     0.018372,
  1657.800,     0.171302,     0.330583,     0.010558,
  1657.850,    -0.545033,     0.759865,     0.014049,
  1657.900,    -0.845329,     1.271932,     0.009277,
  1657.950,    -0.675901,     1.754661,     0.004654,
  1658.000,    -0.212990,     2.053071,     0.002835,
  1658.050,     0.268328,     2.051475,     0.003004,
  1658.100,     0.538443,     1.749968,    -0.004068,
  1658.150,     0.442310,     1.257728,    -0.006863,
  1658.200,     0.034634,     0.738166,    -0.007036,
  1658.250,    -0.583613,     0.284834,    -0.003773,
  1658.300,    -1.190515,    -0.112484,    -0.004102,
  1658.350,    -1.496164,    -0.434638,     0.001217,
  1658.400,    -1.354111,    -0.599247,     0.004631,
  1658.450,    -0.752678,    -0.513607,     0.001036,
  1658.500,     0.204224,    -0.238587,    -0.001331,
  1658.550,     1.330890,     0.133237,     0.005888,
  1658.600,     2.421660,     0.732043,     0.012138,
  1658.650,     3.240299,     1.685146,     0.009342,
  1658.700,     3.493321,     3.120261,     0.007930,
  1658.750,     3.126872,     4.878546,     0.007813,
  1658.800,     2.286748,     6.469332,     0.010065,
  1658.850,     1.082564,     7.482532,     0.005285,
  1658.900,    -0.249114,     7.620730,     0.006351,
  1658.950,    -1.515677,     6.938656,     0.003652,
  1659.000,    -2.486215,     5.741972,     0.001983,
  1659.050,    -3.004153,     4.359323,     0.007945,
  1659.100,    -2.928734,     2.981788,     0.002690,
  1659.150,    -2.339506,     1.775527,    -0.000855,
  1659.200,    -1.379394,     0.980509,    -0.001819,
  1659.250,    -0.161857,     0.699717,    -0.003240,
  1659.300,     1.200784,     0.885243,    -0.001663,
  1659.350,     2.431534,     1.351445,     0.002404,
  1659.400,     3.202288,     1.931611,     0.002226,
  1659.450,     3.415080,     2.507167,     0.005043,
  1659.500,     3.082734,     3.134061,     0.003926,
  1659.550,     2.362244,     3.689834,     0.009582,
  1659.600,     1.452171,     3.875714,     0.008827,
  1659.650,     0.427773,     3.622396,     0.010658,
  1659.700,    -0.613603,     3.076737,     0.015590,
  1659.750,    -1.529861,     2.395314,     0.009325,
  1659.800,    -2.127336,     1.571273,     0.008653,
  1659.850,    -2.276519,     0.503013,     0.009579,
  1659.900,    -2.008237,    -0.738879,     0.010672,
  1659.950,    -1.538266,    -1.913048,     0.007531,
  1660.000,    -1.021749,    -2.798245,     0.000923,
  1660.050,    -0.487445,    -3.224781,    -0.001951,
  1660.100,     0.020513,    -3.221053,    -0.003844,
  1660.150,     0.531942,    -2.804620,     0.000481,
  1660.200,     1.063841,    -2.148245,     0.001147,
  1660.250,     1.588939,    -1.410656,    -0.005902,
  1660.300,     2.070643,    -0.797256,     0.001009,
  1660.350,     2.463789,    -0.388298,    -0.002029,
  1660.400,     2.602572,    -0.171309,     0.002649,
  1660.450,     2.302388,    -0.143347,     0.003518,
  1660.500,     1.492019,    -0.234229,     0.002480,
  1660.550,     0.314003,    -0.228577,     0.005663,
  1660.600,    -0.862599,     0.068801,     0.007519,
  1660.650,    -1.769886,     0.701912,     0.014653,
  1660.700,    -2.317276,     1.453997,     0.013220,
  1660.750,    -2.570847,     1.984452,     0.012942,
  1660.800,    -2.572282,     2.009002,     0.017585,
  1660.850,    -2.331349,     1.682645,     0.012427,
  1660.900,    -1.948916,     1.189318,     0.006891,
  1660.950,    -1.408583,     0.793602,     0.003930,
  1661.000,    -0.683356,     0.557561,     0.002333,
  1661.050,     0.221005,     0.544060,     0.002810,
  1661.100,     1.254892,     0.916237,    -0.001141,
  1661.150,     2.172919,     1.670847,    -0.007372,
  1661.200,     2.758338,     2.608497,    -0.004474,
  1661.250,     2.863940,     3.331257,    -0.004967,
  1661.300,     2.344211,     3.644647,    -0.001214,
  1661.350,     1.468394,     3.527449,    -0.000681,
  1661.400,     0.452538,     3.179844,    -0.003507,
  1661.450,    -0.494071,     2.787319,     0.006817,
  1661.500,    -1.137161,     2.367567,     0.001062,
  1661.550,    -1.393060,     1.812792,     0.010207,
  1661.600,    -1.341502,     1.181724,     0.008858,
  1661.650,    -0.989396,     0.711117,     0.010345,
  1661.700,    -0.465504,     0.530947,     0.015888,
  1661.750,     0.109290,     0.488361,     0.014659,
  1661.800,     0.484499,     0.321276,     0.015315,
  1661.850,     0.520827,    -0.099044,     0.016679,
  1661.900,     0.309303,    -0.638216,     0.016184,
  1661.950,     0.130066,    -1.168492,     0.005381,
  1662.000,     0.165785,    -1.642323,     0.008097,
  1662.050,     0.410128,    -2.128541,     0.000595,
  1662.100,     0.774710,    -2.609287,    -0.003061,
  1662.150,     1.069286,    -2.854005,    -0.003898,
  1662.200,     1.223032,    -2.758244,    -0.000221,
  1662.250,     1.189064,    -2.142191,    -0.007939,
  1662.300,     0.922954,    -1.104436,    -0.008839,
  1662.350,     0.514297,     0.149055,    -0.008628,
  1662.400,     0.004342,     1.298726,    -0.008549,
  1662.450,    -0.518315,     2.152069,    -0.005727,
  1662.500,    -1.053848,     2.652522,     0.002703,
  1662.550,    -1.426732,     2.712479,     0.003137,
  1662.600,    -1.523492,     2.335582,     0.005338,
  1662.650,    -1.306332,     1.505367,     0.012019,
  1662.700,    -0.880777,     0.331977,     0.012000,
  1662.750,    -0.341547,    -0.850503,     0.017913,
  1662.800,     0.433543,    -1.663087,     0.018450,
  1662.850,     1.493175,    -1.851653,     0.021082,
  1662.900,     2.760905,    -1.462013,     0.017387,
  1662.950,     3.971334,    -0.657694,     0.017687,
  1663.000,     4.772789,     0.470056,     0.016870,
  1663.050,     4.828183,     1.611680,     0.009289,
  1663.100,     4.131209,     2.417804,     0.008834,
  1663.150,     2.886903,     2.618604,     0.003611,
  1663.200,     1.479342,     2.236875,    -0.000703,
  1663.250,     0.140732,     1.566728,    -0.004932,
  1663.300,    -0.860951,     0.909070,    -0.007869,
  1663.350,    -1.395629,     0.335290,    -0.004552,
  1663.400,    -1.405114,    -0.128584,    -0.007151,
  1663.450,    -0.969074,    -0.489109,    -0.003745,
  1663.500,    -0.276197,    -0.683536,    -0.001773,
  1663.550,     0.427457,    -0.652590,    -0.001124,
  1663.600,     0.999910,    -0.385626,     0.005367,
  1663.650,     1.399857,    -0.017839,     0.009488,
  1663.700,     1.676406,     0.444444,     0.005440,
  1663.750,     1.789771,     0.892524,     0.018519,
  1663.800,     1.667351,     1.193859,     0.014021,
  1663.850,     1.305308,     1.264822,     0.016312,
  1663.900,     0.900381,     1.118718,     0.016774,
  1663.950,     0.550269,     0.847465,     0.014745,
  1664.000,     0.198961,     0.643507,     0.013313,
  1664.050,    -0.339767,     0.751317,     0.010408,
  1664.100,    -1.109195,     1.032894,     0.007647,
  1664.150,    -1.814232,     1.532328,     0.007202,
  1664.200,    -2.299411,     2.102100,     0.002337,
  1664.250,    -2.470108,     2.741598,    -0.003225,
  1664.300,    -2.290746,     3.404021,    -0.000130,
  1664.350,    -1.843047,     3.894127,    -0.005411,
  1664.400,    -1.237992,     4.234944,     0.000118,
  1664.450,    -0.602187,     4.445565,    -0.002781,
  1664.500,    -0.102138,     4.695064,    -0.006071,
  1664.550,     0.231519,     4.922722,    -0.002418,
  1664.600,     0.419321,     5.032285,     0.005624,
  1664.650,     0.463402,     5.117767,     0.005621,
  1664.700,     0.434974,     5.328032,     0.004416,
  1664.750,     0.391771,     5.959065,     0.011743,
  1664.800,     0.520355,     6.803674,     0.011241,
  1664.850,     0.726702,     7.490072,     0.007360,
  1664.900,     0.920601,     7.701104,     0.015301,
  1664.950,     0.928842,     7.466733,     0.011944,
  1665.000,     0.708793,     7.052562,     0.012588,
  1665.050,     0.398500,     6.525639,     0.007737,
  1665.100,     0.129198,     5.904659,     0.004392,
  1665.150,     0.029204,     5.249139,     0.009242,
  1665.200,     0.005579,     4.756499,     0.005715,
  1665.250,     0.181678,     4.576828,     0.000917,
  1665.300,     0.531910,     4.564673,     0.001888,
  1665.350,     1.051854,     4.464241,    -0.001569,
  1665.400,     1.558108,     4.136214,    -0.000387,
  1665.450,     1.800168,     3.484737,    -0.004644,
  1665.500,     1.720666,     2.536612,    -0.002363,
  1665.550,     1.390144,     1.379757,    -0.000601,
  1665.600,     1.050952,     0.066283,     0.004605,
  1665.650,     0.801400,    -1.190168,     0.001904,
  1665.700,     0.588495,    -2.290469,     0.009962,
  1665.750,     0.400389,    -3.057807,     0.007705,
  1665.800,     0.139994,    -3.343942,     0.017703,
  1665.850,     0.025720,    -3.233995,     0.010386,
  1665.900,     0.011561,    -2.801798,     0.014760,
  1665.950,     0.022628,    -2.240085,     0.010886,
  1666.000,    -0.143462,    -1.840208,     0.014093,
  1666.050,    -0.515643,    -1.816641,     0.009941,
  1666.100,    -0.969471,    -2.159055,     0.007903,
  1666.150,    -1.263751,    -2.810039,     0.006026,
  1666.200,    -1.447243,    -3.625061,     0.003973,
  1666.250,    -1.579114,    -4.496968,     0.002681,
  1666.300,    -1.615199,    -5.200080,    -0.002950,
  1666.350,    -1.502348,    -5.598534,    -0.009108,
  1666.400,    -1.146428,    -5.491304,    -0.002196,
  1666.450,    -0.545525,    -4.919563,    -0.004626,
  1666.500,     0.255852,    -4.049773,     0.001474,
  1666.550,     1.002540,    -3.068452,    -0.001729,
  1666.600,     1.479433,    -2.156278,    -0.002015,
  1666.650,     1.557262,    -1.446474,     0.006310,
  1666.700,     1.218835,    -1.194588,     0.012132,
  1666.750,     0.589337,    -1.559614,     0.009996,
  1666.800,    -0.244140,    -2.610727,     0.015758,
  1666.850,    -1.197379,    -4.017934,     0.012708,
  1666.900,    -2.065373,    -5.278189,     0.016633,
  1666.950,    -2.563874,    -5.879807,     0.010969,
  1667.000,    -2.375502,    -5.673035,     0.013865,
  1667.050,    -1.445949,    -4.734952,     0.012972,
  1667.100,    -0.011802,    -3.323569,     0.007434,
  1667.150,     1.648341,    -1.801270,     0.009441,
  1667.200,     3.199835,    -0.609589,     0.005508,
  1667.250,     4.274465,     0.036913,     0.001824,
  1667.300,     4.538090,     0.033841,    -0.000293,
  1667.350,     3.784675,    -0.348014,    -0.002080,
  1667.400,     2.253065,    -0.789643,    -0.002418,
  1667.450,     0.485829,    -0.890134,    -0.002126,
  1667.500,    -1.069145,    -0.600818,    -0.002337,
  1667.550,    -2.142531,    -0.031359,     0.003629,
  1667.600,    -2.754458,     0.591116,     0.004558,
  1667.650,    -2.853737,     1.222721,     0.006909,
  1667.700,    -2.480379,     1.755580,     0.005795,
  1667.750,    -1.783900,     2.199291,     0.005525,
  1667.800,    -0.990949,     2.543486,     0.014173,
  1667.850,    -0.287200,     2.887557,     0.015333,
  1667.900,     0.275476,     3.308350,     0.015197,
  1667.950,     0.727879,     3.920214,     0.013502,
  1668.000,     1.069371,     4.728247,     0.010806,
  1668.050,     1.177330,     5.719417,     0.008873,
  1668.100,     1.090746,     6.709065,     0.006018,
  1668.150,     0.818473,     7.467423,     0.003944,
  1668.200,     0.538682,     7.970446,     0.006352,
  1668.250,     0.427079,     8.313012,    -0.000715,
  1668.300,     0.495765,     8.562235,    -0.004891,
  1668.350,     0.649616,     8.631434,    -0.006476,
  1668.400,     0.814828,     8.193162,    -0.001966,
  1668.450,     1.021990,     7.142518,    -0.001170,
  1668.500,     1.306204,     5.719724,    -0.002123,
  1668.550,     1.575140,     4.280513,    -0.007647,
  1668.600,     1.841117,     3.139489,     0.000242,
  1668.650,     2.117430,     2.404705,     0.005873,
  1668.700,     2.354333,     2.141270,     0.007071,
  1668.750,     2.478849,     2.421571,     0.010059,
  1668.800,     2.396760,     3.134096,     0.011957,
  1668.850,     2.161672,     4.018293,     0.016320,
  1668.900,     2.023250,     4.675298,     0.018463,
  1668.950,     2.098102,     4.926007,     0.013366,
  1669.000,     2.321872,     4.776860,     0.017375,
  1669.050,     2.497190,     4.290919,     0.017052,
  1669.100,     2.398021,     3.477075,     0.011139,
  1669.150,     2.142830,     2.435359,     0.008748,
  1669.200,     1.943053,     1.399322,     0.002927,
  1669.250,     1.764516,     0.704683,     0.000928,
  1669.300,     1.609599,     0.384288,    -0.002374,
  1669.350,     1.422878,     0.402077,    -0.008170,
  1669.400,     1.361670,     0.480567,    -0.005490,
  1669.450,     1.472647,     0.503144,    -0.007470,
  1669.500,     1.609451,     0.467499,    -0.006913,
  1669.550,     1.582025,     0.427364,    -0.003287,
  1669.600,     1.289693,     0.342480,    -0.004576,
  1669.650,     0.749768,     0.136505,     0.000484,
  1669.700,     0.037036,    -0.118072,     0.003452,
  1669.750,    -0.780508,    -0.314044,     0.008278,
  1669.800,    -1.562324,    -0.345427,     0.011659,
  1669.850,    -2.159933,    -0.283695,     0.021455,
  1669.900,    -2.495203,    -0.104249,     0.019687,
  1669.950,    -2.531161,     0.193024,     0.020162,
  1670.000,    -2.287722,     0.620873,     0.014278,
  1670.050,    -1.866640,     1.022045,     0.014384,
  1670.100,    -1.383763,     1.255514,     0.015233,
  1670.150,    -1.029336,     1.085880,     0.009467,
  1670.200,    -0.818881,     0.484390,     0.013502,
  1670.250,    -0.898910,    -0.519557,     0.001209,
  1670.300,    -1.181973,    -1.744034,    -0.003964,
  1670.350,    -1.542687,    -3.052837,    -0.006045,
  1670.400,    -1.854864,    -4.192625,    -0.007562,
  1670.450,    -2.112605,    -4.871893,    -0.016645,
  1670.500,    -2.249367,    -4.825682,    -0.011025,
  1670.550,    -2.188463,    -4.000582,    -0.007323,
  1670.600,    -1.877110,    -2.658568,    -0.004976,
  1670.650,    -1.433994,    -1.071755,    -0.004917,
  1670.700,    -0.983200,     0.485978,     0.005770,
  1670.750,    -0.557001,     1.894552,     0.007784,
  1670.800,    -0.273063,     2.933516,     0.009400,
  1670.850,    -0.177160,     3.411537,     0.014696,
  1670.900,    -0.332472,     3.192661,     0.016765,
  1670.950,    -0.848469,     2.448630,     0.019114,
  1671.000,    -1.643291,     1.430026,     0.021047,
  1671.050,    -2.479661,     0.408478,     0.023407,
  1671.100,    -3.012910,    -0.451436,     0.020395,
  1671.150,    -3.007448,    -0.960817,     0.018103,
  1671.200,    -2.407359,    -1.060193,     0.014242,
  1671.250,    -1.375145,    -0.663694,     0.011848,
  1671.300,    -0.177760,     0.062822,     0.011582,
  1671.350,     0.829073,     0.883004,     0.001313,
  1671.400,     1.386135,     1.683465,    -0.003485,
  1671.450,     1.387139,     2.433776,    -0.011302,
  1671.500,     0.921223,     3.137004,    -0.008862,
  1671.550,     0.240383,     3.789860,    -0.012743,
  1671.600,    -0.351717,     4.497620,    -0.014854,
  1671.650,    -0.626566,     5.222535,    -0.004766,
  1671.700,    -0.553437,     5.901816,    -0.004419,
  1671.750,    -0.212852,     6.195639,    -0.006003,
  1671.800,     0.222381,     5.981187,     0.003119,
  1671.850,     0.714973,     5.335014,     0.003439,
  1671.900,     1.134966,     4.410735,     0.011668,
  1671.950,     1.406439,     3.321650,     0.019305,
  1672.000,     1.583534,     2.132569,     0.023866,
  1672.050,     1.779700,     0.935982,     0.019623,
  1672.100,     1.995461,    -0.097018,     0.025876,
  1672.150,     2.347898,    -0.778452,     0.020586,
  1672.200,     2.820844,    -1.038260,     0.017111,
  1672.250,     3.407654,    -0.783239,     0.015020,
  1672.300,     3.912778,     0.004783,     0.011250,
  1672.350,     4.144728,     1.387401,     0.006323,
  1672.400,     4.141920,     3.077046,     0.001081,
  1672.450,     3.956583,     4.595813,     0.000049,
  1672.500,     3.671074,     5.531017,    -0.004096,
  1672.550,     3.311877,     5.600975,    -0.011645,
  1672.600,     2.766629,     4.902975,    -0.014586,
  1672.650,     1.999774,     3.582044,    -0.017387,
  1672.700,     1.087625,     1.961807,    -0.017545,
  1672.750,     0.320530,     0.388899,    -0.009498,
  1672.800,    -0.111918,    -0.792903,    -0.007398,
  1672.850,    -0.194211,    -1.559035,    -0.003335,
  1672.900,     0.053942,    -1.835454,     0.003543,
  1672.950,     0.616282,    -1.664866,     0.007523,
  1673.000,     1.428273,    -1.176190,     0.016589,
  1673.050,     2.278096,    -0.496011,     0.024685,
  1673.100,     2.778775,     0.210725,     0.022466,
  1673.150,     2.896837,     0.794993,     0.025330,
  1673.200,     2.609716,     1.214705,     0.024875,
  1673.250,     2.011071,     1.474065,     0.023971,
  1673.300,     1.166283,     1.639771,     0.019459,
  1673.350,     0.222182,     1.766697,     0.012880,
  1673.400,    -0.567464,     1.904042,     0.013279,
  1673.450,    -0.984965,     2.052326,     0.006321,
  1673.500,    -1.015281,     2.186667,     0.002537,
  1673.550,    -0.755081,     2.189667,    -0.006553,
  1673.600,    -0.477435,     2.027777,    -0.013912,
  1673.650,    -0.270898,     1.665004,    -0.007299,
  1673.700,    -0.137403,     1.127236,    -0.011339,
  1673.750,    -0.067414,     0.401514,    -0.011856,
  1673.800,    -0.151180,    -0.456556,    -0.012119,
  1673.850,    -0.375431,    -1.329903,    -0.011384,
  1673.900,    -0.612762,    -2.109243,    -0.006159,
  1673.950,    -0.761392,    -2.672158,    -0.001222,
  1674.000,    -0.740313,    -2.853025,    -0.003637,
  1674.050,    -0.651030,    -2.533091,     0.016592,
  1674.100,    -0.512539,    -1.651755,     0.014513,
  1674.150,    -0.378078,    -0.453523,     0.024865,
  1674.200,    -0.260608,     0.815121,     0.022822,
  1674.250,    -0.187058,     1.977493,     0.024571,
  1674.300,    -0.325563,     2.902698,     0.021360,
  1674.350,    -0.738903,     3.339133,     0.021048,
  1674.400,    -1.402544,     3.147577,     0.012102,
  1674.450,    -2.272418,     2.474950,     0.009752,
  1674.500,    -3.164955,     1.639727,     0.009532,
  1674.550,    -3.935781,     0.968594,     0.002273,
  1674.600,    -4.491362,     0.576112,    -0.000127,
  1674.650,    -4.643113,     0.331323,    -0.008139,
  1674.700,    -4.262484,     0.255601,    -0.006656,
  1674.750,    -3.361142,     0.251998,    -0.013206,
  1674.800,    -2.169932,     0.431632,    -0.008442,
  1674.850,    -0.858480,     0.652575,    -0.009669,
  1674.900,     0.304475,     0.917843,    -0.010435,
  1674.950,     1.174545,     1.179706,    -0.004265,
  1675.000,     1.567475,     1.596654,     0.002184,
  1675.050,     1.423320,     2.116539,     0.002796,
  1675.100,     0.808088,     2.621316,     0.005468,
  1675.150,    -0.106813,     2.884645,     0.009328,
  1675.200,    -1.046410,     2.842668,     0.014260,
  1675.250,    -1.779937,     2.499815,     0.018239,
  1675.300,    -2.173482,     1.903486,     0.028634,
  1675.350,    -2.193118,     1.192339,     0.019760,
  1675.400,    -1.878005,     0.383384,     0.023401,
  1675.450,    -1.254274,    -0.486416,     0.024721,
  1675.500,    -0.525785,    -1.358856,     0.016155,
  1675.550,     0.144875,    -2.050295,     0.010911,
  1675.600,     0.619581,    -2.544545,     0.005449,
  1675.650,     0.997646,    -2.818688,     0.005709,
  1675.700,     1.303928,    -2.911071,    -0.001411,
  1675.750,     1.530232,    -2.789953,    -0.009576,
  1675.800,     1.721607,    -2.338151,    -0.006496,
  1675.850,     2.051626,    -1.632665,    -0.011422,
  1675.900,     2.384848,    -0.815731,    -0.012593,
  1675.950,     2.544206,    -0.039722,    -0.011867,
  1676.000,     2.450416,     0.452451,    -0.006621,
  1676.050,     2.109048,     0.631833,    -0.004924,
  1676.100,     1.723297,     0.429057,    -0.006036,
  1676.150,     1.459602,     0.003875,     0.004595,
  1676.200,     1.275024,    -0.524078,     0.009464,
  1676.250,     1.230277,    -0.917231,     0.011837,
  1676.300,     1.382295,    -1.026849,     0.015454,
  1676.350,     1.750699,    -0.739511,     0.018785,
  1676.400,     2.295918,     0.061564,     0.012343,
  1676.450,     3.018521,     1.136488,     0.018236,
  1676.500,     3.910828,     2.296843,     0.019433,
  1676.550,     4.902077,     3.266982,     0.016972,
  1676.600,     5.872405,     3.877250,     0.015416,
  1676.650,     6.453518,     4.110587,     0.012308,
  1676.700,     6.449250,     4.057056,     0.011480,
  1676.750,     5.795288,     3.970703,    -0.003207,
  1676.800,     4.635434,     3.885809,     0.004523,
  1676.850,     3.044242,     3.751709,    -0.000148,
  1676.900,     1.319222,     3.606453,    -0.006409,
  1676.950,    -0.312683,     3.419206,    -0.008562,
  1677.000,    -1.577964,     3.220927,    -0.008924,
  1677.050,    -2.382263,     2.897958,    -0.004037,
  1677.100,    -2.769670,     2.428987,    -0.005201,
  1677.150,    -2.742035,     1.723588,    -0.002392,
  1677.200,    -2.411698,     0.860726,     0.000688,
  1677.250,    -1.875229,    -0.001927,     0.004351,
  1677.300,    -1.306362,    -0.804428,     0.009325,
  1677.350,    -0.786349,    -1.520904,     0.010263,
  1677.400,    -0.420353,    -2.226664,     0.013325,
  1677.450,    -0.197991,    -2.926704,     0.017767,
  1677.500,    -0.065394,    -3.610735,     0.009899,
  1677.550,     0.101037,    -4.025894,     0.009493,
  1677.600,     0.324199,    -4.085726,     0.011463,
  1677.650,     0.556201,    -3.749417,     0.013310,
  1677.700,     0.736003,    -3.089105,     0.005908,
  1677.750,     0.851528,    -2.255187,     0.004599,
  1677.800,     0.775655,    -1.326156,     0.000005,
  1677.850,     0.621573,    -0.414525,     0.009018,
  1677.900,     0.365872,     0.452047,     0.006650,
  1677.950,    -0.121812,     1.215503,     0.003013,
  1678.000,    -0.676171,     1.867822,     0.000217,
  1678.050,    -1.264558,     2.447132,    -0.005998,
  1678.100,    -1.727661,     2.946269,     0.002906,
  1678.150,    -1.996808,     3.329762,     0.005271,
  1678.200,    -1.995620,     3.461490,     0.003666,
  1678.250,    -1.645976,     3.286942,     0.001871,
  1678.300,    -0.953163,     2.820437,     0.003596,
  1678.350,    -0.096273,     2.110837,     0.000527,
  1678.400,     0.760644,     1.350681,     0.005808,
  1678.450,     1.512610,     0.545600,     0.006380,
  1678.500,     1.953270,    -0.254601,     0.007164,
  1678.550,     1.977020,    -0.950069,     0.007777,
  1678.600,     1.535772,    -1.446930,     0.009548,
  1678.650,     0.711065,    -1.623106,     0.009813,
  1678.700,    -0.135033,    -1.444168,     0.010770,
  1678.750,    -0.819234,    -1.059323,     0.009085,
  1678.800,    -1.256484,    -0.542013,     0.014681,
  1678.850,    -1.472341,    -0.018378,     0.011331,
  1678.900,    -1.502161,     0.425745,     0.002627,
  1678.950,    -1.280751,     0.790540,     0.006356,
  1679.000,    -0.851568,     0.984693,     0.003164,
  1679.050,    -0.324542,     1.013227,    -0.000185,
  1679.100,     0.186574,     0.944345,     0.000210,
  1679.150,     0.632803,     0.879909,    -0.000716,
  1679.200,     1.008573,     0.987428,    -0.000925,
  1679.250,     1.257486,     1.153498,    -0.000105,
  1679.300,     1.293753,     1.336168,     0.000880,
  1679.350,     1.006227,     1.444655,     0.000415,
  1679.400,     0.543147,     1.384619,    -0.001112,
  1679.450,     0.040863,     1.276190,     0.007837,
  1679.500,    -0.407718,     1.151998,     0.007014,
  1679.550,    -0.789570,     1.036389,     0.005039,
  1679.600,    -1.103060,     0.822260,     0.005784,
  1679.650,    -1.317888,     0.489344,     0.007480,
  1679.700,    -1.440860,     0.111605,     0.005493,
  1679.750,    -1.466092,    -0.136383,     0.007031,
  1679.800,    -1.436385,    -0.183329,     0.011413,
  1679.850,    -1.333321,     0.089244,     0.008608,
  1679.900,    -1.176322,     0.565430,     0.009769,
  1679.950,    -0.941531,     1.250601,     0.006796,
  1680.000,    -0.589001,     2.055370,     0.006679,
  1680.050,    -0.137418,     2.926242,     0.005374,
  1680.100,     0.287598,     3.609281,     0.006523,
  1680.150,     0.608470,     3.957772,     0.005471,
  1680.200,     0.752463,     3.925172,     0.007248,
  1680.250,     0.657016,     3.677354,     0.002100,
  1680.300,     0.409737,     3.490739,     0.006167,
  1680.350,     0.028154,     3.503816,     0.001574,
  1680.400,    -0.388115,     3.660714,     0.001912,
  1680.450,    -0.708283,     3.784592,     0.001838,
  1680.500,    -0.736917,     3.824643,     0.002632,
  1680.550,    -0.520553,     3.731541,     0.000522,
  1680.600,     0.024883,     3.510038,     0.006042,
  1680.650,     0.720190,     2.993122,     0.005837,
  1680.700,     1.407687,     2.112110,     0.009988,
  1680.750,     1.856355,     1.024903,     0.011186,
  1680.800,     1.979164,    -0.076396,     0.010081,
  1680.850,     1.890001,    -0.928485,     0.009565,
  1680.900,     1.750557,    -1.375108,     0.008775,
  1680.950,     1.624654,    -1.509035,     0.010762,
  1681.000,     1.516221,    -1.330337,     0.008352,
  1681.050,     1.411463,    -0.869043,     0.009800,
  1681.100,     1.240458,    -0.272924,     0.012936,
  1681.150,     1.102530,     0.316817,     0.006192,
  1681.200,     0.977717,     0.762311,     0.007869,
  1681.250,     0.804572,     1.087771,     0.002713,
  1681.300,     0.514758,     1.309974,     0.004666,
  1681.350,     0.155061,     1.551823,     0.004779,
  1681.400,    -0.242028,     1.865516,     0.004473,
  1681.450,    -0.628383,     2.190166,     0.000165,
  1681.500,    -0.960515,     2.495474,     0.002187,
  1681.550,    -1.291708,     2.731245,     0.004914,
  1681.600,    -1.667129,     2.832177,    -0.001793,
  1681.650,    -2.077514,     2.826116,    -0.000555,
  1681.700,    -2.436307,     2.733490,    -0.000092,
  1681.750,    -2.635258,     2.577436,    -0.000570,
  1681.800,    -2.564100,     2.285596,     0.001233,
  1681.850,    -2.188713,     1.884823,     0.013318,
  1681.900,    -1.613375,     1.385372,     0.010375,
  1681.950,    -0.905576,     0.872870,     0.006013,
  1682.000,    -0.246210,     0.476956,     0.005586,
  1682.050,     0.359433,     0.241674,     0.008648,
  1682.100,     0.837288,     0.182498,     0.015213,
  1682.150,     1.189441,     0.282745,     0.009794,
  1682.200,     1.383516,     0.487860,     0.008839,
  1682.250,     1.483873,     0.765049,     0.009831,
  1682.300,     1.544648,     1.076061,     0.007559,
  1682.350,     1.561706,     1.345877,     0.005163,
  1682.400,     1.432648,     1.614656,     0.003025,
  1682.450,     1.203337,     1.934996,    -0.001251,
  1682.500,     0.869443,     2.317847,     0.003873,
  1682.550,     0.468840,     2.571037,     0.002414,
  1682.600,     0.084561,     2.715450,     0.003605,
  1682.650,    -0.283860,     2.695597,     0.000586,
  1682.700,    -0.628795,     2.511846,     0.004070,
  1682.750,    -0.912995,     2.259730,     0.001909,
  1682.800,    -1.083476,     1.937984,     0.000592,
  1682.850,    -1.073005,     1.593883,     0.003746,
  1682.900,    -0.931451,     1.197974,     0.006798,
  1682.950,    -0.723240,     0.856578,     0.010712,
  1683.000,    -0.469693,     0.591795,     0.012679,
  1683.050,    -0.193778,     0.388310,     0.010727,
  1683.100,     0.139228,     0.239085,     0.012813,
  1683.150,     0.474934,     0.154335,     0.010172,
  1683.200,     0.755885,     0.169285,     0.009467,
  1683.250,     0.901212,     0.348151,     0.007705,
  1683.300,     0.914610,     0.705455,     0.007146,
  1683.350,     0.846259,     1.189040,     0.009578,
  1683.400,     0.740925,     1.704080,     0.008672,
  1683.450,     0.631687,     2.117921,     0.009603,
  1683.500,     0.521401,     2.352159,     0.001179,
  1683.550,     0.413946,     2.378809,     0.001247,
  1683.600,     0.324993,     2.300817,     0.004570,
  1683.650,     0.322719,     2.207273,    -0.001402,
  1683.700,     0.334875,     2.084502,     0.002814,
  1683.750,     0.354888,     1.861927,     0.000978,
  1683.800,     0.322816,     1.496297,     0.000736,
  1683.850,     0.162956,     0.958744,     0.003439,
  1683.900,    -0.026429,     0.295860,     0.000498,
  1683.950,    -0.177953,    -0.417423,     0.001984,
  1684.000,    -0.136755,    -1.076099,    -0.002049,
  1684.050,     0.084367,    -1.664791,     0.009453,
  1684.100,     0.487164,    -1.881292,     0.006256,
  1684.150,     0.964026,    -1.641991,     0.011908,
  1684.200,     1.542792,    -0.908922,     0.009149,
  1684.250,     2.037944,     0.057908,     0.013384,
  1684.300,     2.299050,     1.052434,     0.009368,
  1684.350,     2.245957,     1.909970,     0.009619,
  1684.400,     1.931497,     2.528583,     0.012353,
  1684.450,     1.494917,     2.910504,     0.008148,
  1684.500,     1.155356,     3.039462,     0.012160,
  1684.550,     0.934894,     2.959035,     0.006165,
  1684.600,     0.833006,     2.770499,     0.006621,
  1684.650,     0.747208,     2.537622,     0.003402,
  1684.700,     0.648830,     2.230924,     0.001552,
  1684.750,     0.609514,     1.831384,     0.002177,
  1684.800,     0.537596,     1.285302,     0.002063,
  1684.850,     0.387100,     0.667263,     0.000728,
  1684.900,     0.068080,     0.041377,     0.000909,
  1684.950,    -0.345170,    -0.428136,     0.000407,
  1685.000,    -0.729993,    -0.708761,    -0.004523,
  1685.050,    -0.975934,    -0.672982,    -0.000427,
  1685.100,    -1.118449,    -0.345578,     0.002186,
  1685.150,    -1.125796,     0.219219,     0.004876,
  1685.200,    -1.031588,     0.930121,     0.008083,
  1685.250,    -0.830198,     1.662913,     0.007384,
  1685.300,    -0.570871,     2.336706,     0.010302,
  1685.350,    -0.325433,     2.790813,     0.013934,
  1685.400,    -0.082442,     2.837893,     0.016264,
  1685.450,     0.127132,     2.526431,     0.015406,
  1685.500,     0.374533,     1.958973,     0.013323,
  1685.550,     0.610941,     1.391149,     0.011478,
  1685.600,     0.823891,     0.930255,     0.010946,
  1685.650,     1.048548,     0.562372,     0.007291,
  1685.700,     1.209311,     0.322827,     0.008351,
  1685.750,     1.254466,     0.155830,     0.006538,
  1685.800,     1.213576,     0.091455,     0.002427,
  1685.850,     1.113903,     0.074935,     0.004549,
  1685.900,     1.000343,     0.001193,     0.001124,
  1685.950,     0.886045,    -0.119799,    -0.002962,
  1686.000,     0.739750,    -0.162694,    -0.000394,
  1686.050,     0.521270,    -0.039735,    -0.002307,
  1686.100,     0.260514,     0.280877,    -0.002350,
  1686.150,     0.027047,     0.692554,    -0.003334,
  1686.200,    -0.104489,     1.156741,    -0.000662,
  1686.250,    -0.199082,     1.552242,     0.005589,
  1686.300,    -0.184311,     1.866623,     0.007493,
  1686.350,    -0.171364,     2.019688,     0.005340,
  1686.400,    -0.103949,     1.916365,     0.005177,
  1686.450,     0.007244,     1.485783,     0.012095,
  1686.500,     0.118763,     0.797933,     0.014663,
  1686.550,     0.251224,     0.052865,     0.014485,
  1686.600,     0.472295,    -0.647351,     0.011119,
  1686.650,     0.789593,    -1.141138,     0.010961,
  1686.700,     1.204294,    -1.368795,     0.010964,
  1686.750,     1.549974,    -1.369090,     0.009491,
  1686.800,     1.750378,    -1.112459,     0.007390,
  1686.850,     1.766022,    -0.498849,     0.005626,
  1686.900,     1.610878,     0.373076,     0.006346,
  1686.950,     1.318412,     1.343611,     0.005240,
  1687.000,     0.895931,     2.220433,    -0.002417,
  1687.050,     0.395978,     2.790095,     0.001346,
  1687.100,    -0.083440,     3.106945,     0.000062,
  1687.150,    -0.518287,     3.106982,    -0.001111,
  1687.200,    -0.777670,     2.837052,    -0.006308,
  1687.250,    -0.889218,     2.304517,    -0.000019,
  1687.300,    -0.833671,     1.643385,    -0.004825,
  1687.350,    -0.656465,     0.972145,    -0.004841,
  1687.400,    -0.384264,     0.364439,     0.000099,
  1687.450,    -0.006831,    -0.127680,     0.005306,
  1687.500,     0.372440,    -0.449573,     0.009346,
  1687.550,     0.805795,    -0.711068,     0.008397,
  1687.600,     1.179650,    -0.992829,     0.009401,
  1687.650,     1.427778,    -1.319799,     0.014037,
  1687.700,     1.497518,    -1.571145,     0.013673,
  1687.750,     1.415212,    -1.542420,     0.010587,
  1687.800,     1.292693,    -1.101569,     0.012150,
  1687.850,     1.174425,    -0.308003,     0.010055,
  1687.900,     0.969164,     0.731242,     0.006617,
  1687.950,     0.608201,     1.850057,     0.013264,
  1688.000,     0.123374,     2.753399,     0.009592,
  1688.050,    -0.476557,     3.277598,     0.002775,
  1688.100,    -1.090023,     3.297298,     0.001281,
  1688.150,    -1.682364,     2.876221,    -0.003519,
  1688.200,    -2.138242,     2.170375,    -0.001509,
  1688.250,    -2.430201,     1.313024,     0.001550,
  1688.300,    -2.399257,     0.451004,    -0.001036,
  1688.350,    -1.978566,    -0.335147,     0.001345,
  1688.400,    -1.222858,    -0.889231,     0.002395,
  1688.450,    -0.307979,    -1.064746,     0.004645,
  1688.500,     0.607947,    -0.932000,     0.004747,
  1688.550,     1.347391,    -0.535668,     0.005110,
  1688.600,     1.835334,     0.061993,     0.006778,
  1688.650,     1.989462,     0.744836,     0.006861,
  1688.700,     1.875679,     1.357723,     0.012236,
  1688.750,     1.590952,     1.764261,     0.011664,
  1688.800,     1.203907,     1.791242,     0.012286,
  1688.850,     0.829261,     1.478882,     0.010113,
  1688.900,     0.523856,     0.900863,     0.011164,
  1688.950,     0.244038,     0.198671,     0.016675,
  1689.000,    -0.009668,    -0.468450,     0.011071,
  1689.050,    -0.238430,    -0.949988,     0.006218,
  1689.100,    -0.401856,    -1.127342,     0.007473,
  1689.150,    -0.467075,    -0.955192,     0.006995,
  1689.200,    -0.399817,    -0.573804,    -0.000295,
  1689.250,    -0.221435,    -0.082558,     0.000361,
  1689.300,     0.093327,     0.400849,    -0.003048,
  1689.350,     0.440894,     0.783911,    -0.004908,
  1689.400,     0.765882,     0.997937,    -0.001790,
  1689.450,     1.089779,     1.060174,    -0.000828,
  1689.500,     1.336576,     1.013047,    -0.001868,
  1689.550,     1.423683,     0.894100,     0.001855,
  1689.600,     1.275024,     0.862166,     0.000557,
  1689.650,     0.925272,     1.000874,     0.005657,
  1689.700,     0.450177,     1.370165,     0.004528,
  1689.750,     0.024690,     1.888734,     0.008269,
  1689.800,    -0.304072,     2.335326,     0.009266,
  1689.850,    -0.516557,     2.624466,     0.016338,
  1689.900,    -0.682930,     2.627302,     0.012301,
  1689.950,    -0.766262,     2.330004,     0.010426,
  1690.000,    -0.806291,     1.838481,     0.014672,
  1690.050,    -0.785112,     1.136360,     0.013018,
  1690.100,    -0.721308,     0.332646,     0.006147,
  1690.150,    -0.645779,    -0.448915,     0.005344,
  1690.200,    -0.501404,    -1.072448,     0.005645,
  1690.250,    -0.187702,    -1.405867,     0.006191,
  1690.300,     0.259626,    -1.384308,     0.007173,
  1690.350,     0.712928,    -1.002613,     0.000806,
  1690.400,     1.089000,    -0.369327,     0.003417,
  1690.450,     1.349906,     0.414418,     0.004724,
  1690.500,     1.446434,     1.264879,     0.000983,
  1690.550,     1.307978,     2.078002,     0.000595,
  1690.600,     0.935792,     2.690379,     0.003650,
  1690.650,     0.394345,     3.037519,    -0.000425,
  1690.700,    -0.186716,     3.023940,    -0.000231,
  1690.750,    -0.701775,     2.709839,     0.005464,
  1690.800,    -1.108958,     2.242089,     0.009198,
  1690.850,    -1.251224,     1.670260,     0.011437,
  1690.900,    -1.221418,     1.163267,     0.010946,
  1690.950,    -1.017861,     0.768299,     0.016205,
  1691.000,    -0.605207,     0.473777,     0.013012,
  1691.050,    -0.084695,     0.285832,     0.009407,
  1691.100,     0.549149,     0.203289,     0.011422,
  1691.150,     1.194507,     0.125032,     0.012244,
  1691.200,     1.644204,     0.156049,     0.009885,
  1691.250,     1.838772,     0.241990,     0.009190,
  1691.300,     1.759190,     0.509349,     0.004730,
  1691.350,     1.432320,     0.941554,     0.004917,
  1691.400,     0.971436,     1.529320,    -0.000699,
  1691.450,     0.435652,     2.191168,    -0.000632,
  1691.500,    -0.120891,     2.827658,     0.003181,
  1691.550,    -0.573366,     3.378861,     0.000129,
  1691.600,    -0.922411,     3.692797,    -0.002114,
  1691.650,    -1.149457,     3.624742,    -0.005898,
  1691.700,    -1.229983,     3.149624,     0.005481,
  1691.750,    -1.233872,     2.228937,     0.005018,
  1691.800,    -1.268001,     1.063858,     0.000843,
  1691.850,    -1.336662,    -0.152253,     0.003218,
  1691.900,    -1.316304,    -1.174209,     0.005379,
  1691.950,    -1.071986,    -1.791788,     0.004125,
  1692.000,    -0.589288,    -1.923481,     0.004416,
  1692.050,     0.086897,    -1.494760,     0.006927,
  1692.100,     0.838613,    -0.672926,     0.011902,
  1692.150,     1.518560,     0.363339,     0.014745,
  1692.200,     1.930626,     1.363359,     0.010490,
  1692.250,     1.996675,     2.160327,     0.012247,
  1692.300,     1.716338,     2.568445,     0.009084,
  1692.350,     1.209364,     2.533085,     0.009922,
  1692.400,     0.587684,     2.142730,     0.012107,
  1692.450,    -0.022910,     1.538134,     0.007508,
  1692.500,    -0.540538,     0.980385,     0.004871,
  1692.550,    -0.868824,     0.587184,    -0.001892,
  1692.600,    -0.934774,     0.442132,    -0.003503,
  1692.650,    -0.799093,     0.574560,    -0.001587,
  1692.700,    -0.569568,     0.747681,    -0.001405,
  1692.750,    -0.241664,     0.841796,     0.000991,
  1692.800,     0.120025,     0.932781,     0.002769,
  1692.850,     0.530334,     0.984177,     0.001611,
  1692.900,     0.864236,     1.003946,    -0.002203,
  1692.950,     1.007111,     0.929122,    -0.000647,
  1693.000,     0.953522,     0.783914,     0.001731,
  1693.050,     0.670288,     0.672512,     0.003912,
  1693.100,     0.230314,     0.662233,     0.008179,
  1693.150,    -0.253183,     0.801518,     0.007687,
  1693.200,    -0.689779,     1.125919,     0.010550,
  1693.250,    -0.980233,     1.556513,     0.008771,
  1693.300,    -1.049181,     1.945138,     0.013155,
  1693.350,    -0.919114,     2.242532,     0.013263,
  1693.400,    -0.678877,     2.400666,     0.009077,
  1693.450,    -0.399828,     2.426737,     0.009366,
  1693.500,    -0.111291,     2.266734,     0.017035,
  1693.550,     0.054087,     1.909553,     0.009185,
  1693.600,     0.102965,     1.422311,     0.003487,
  1693.650,     0.065641,     0.873087,     0.006298,
  1693.700,    -0.027407,     0.341281,     0.002835,
  1693.750,    -0.025646,    -0.081404,     0.003749,
  1693.800,     0.074468,    -0.283392,     0.002218,
  1693.850,     0.338654,    -0.165438,    -0.001632,
  1693.900,     0.728792,     0.235648,    -0.002066,
  1693.950,     1.154144,     0.712439,    -0.002865,
  1694.000,     1.461762,     1.100583,    -0.001387,
  1694.050,     1.587452,     1.220353,     0.000446,
  1694.100,     1.488643,     1.020043,     0.003524,
  1694.150,     1.158494,     0.663621,     0.000375,
  1694.200,     0.695785,     0.307127,     0.005367,
  1694.250,     0.196134,     0.061134,     0.006279,
  1694.300,    -0.347154,     0.025835,     0.005962,
  1694.350,    -0.843475,     0.154167,     0.009619,
  1694.400,    -1.192176,     0.422037,     0.006992,
  1694.450,    -1.352821,     0.740911,     0.008106,
  1694.500,    -1.260748,     1.024193,     0.012655,
  1694.550,    -0.945010,     1.136833,     0.013439,
  1694.600,    -0.469673,     1.020943,     0.005642,
  1694.650,     0.070962,     0.736161,     0.006796,
  1694.700,     0.557771,     0.438248,     0.008652,
  1694.750,     1.004045,     0.248550,     0.007456,
  1694.800,     1.339157,     0.179645,     0.009555,
  1694.850,     1.476368,     0.195447,     0.006668,
  1694.900,     1.406795,     0.282804,     0.001086,
  1694.950,     1.130664,     0.461654,    -0.000929,
  1695.000,     0.780544,     0.742957,     0.001040,
  1695.050,     0.431302,     1.025701,    -0.001674,
  1695.100,     0.158664,     1.259097,     0.000827,
  1695.150,    -0.018877,     1.238673,     0.002003,
  1695.200,    -0.149193,     0.976320,     0.004613,
  1695.250,    -0.255453,     0.506294,     0.002701,
  1695.300,    -0.297972,    -0.005801,     0.003259,
  1695.350,    -0.302432,    -0.496504,     0.006884,
  1695.400,    -0.287214,    -0.819703,     0.010762,
  1695.450,    -0.194000,    -0.989628,     0.009927,
  1695.500,     0.000782,    -0.954995,     0.011589,
  1695.550,     0.305205,    -0.679936,     0.011310,
  1695.600,     0.680512,    -0.241350,     0.013932,
  1695.650,     1.089944,     0.298546,     0.009171,
  1695.700,     1.425773,     0.761163,     0.007658,
  1695.750,     1.661161,     1.142690,     0.007316,
  1695.800,     1.715063,     1.287671,     0.009391,
  1695.850,     1.478908,     1.216640,     0.002726,
  1695.900,     1.013180,     0.942684,     0.000886,
  1695.950,     0.385375,     0.518857,     0.001239,
  1696.000,    -0.310270,     0.016242,     0.002766,
  1696.050,    -0.943126,    -0.420836,     0.001527,
  1696.100,    -1.369687,    -0.652076,    -0.000538,
  1696.150,    -1.480137,    -0.530327,    -0.000932,
  1696.200,    -1.238826,    -0.100584,     0.004257,
  1696.250,    -0.776380,     0.537141,     0.004453,
  1696.300,    -0.150914,     1.170117,     0.003570,
  1696.350,     0.457453,     1.612779,     0.002574,
  1696.400,     0.946523,     1.746676,     0.004576,
  1696.450,     1.300892,     1.612897,     0.011143,
  1696.500,     1.382116,     1.228865,     0.010793,
  1696.550,     1.215912,     0.726397,     0.009044,
  1696.600,     0.830901,     0.259011,     0.010511,
  1696.650,     0.372881,    -0.063428,     0.008079,
  1696.700,     0.008118,    -0.152744,     0.006006,
  1696.750,    -0.218055,    -0.072411,     0.009177,
  1696.800,    -0.226588,     0.120159,     0.011037,
  1696.850,    -0.121520,     0.423928,     0.010372,
  1696.900,    -0.036210,     0.709750,     0.003877,
  1696.950,     0.003176,     1.026023,     0.002144,
  1697.000,     0.024588,     1.315422,     0.006037,
  1697.050,     0.059989,     1.543624,     0.005248,
  1697.100,     0.084864,     1.707006,    -0.000648,
  1697.150,     0.078996,     1.788889,    -0.006487,
  1697.200,     0.039356,     1.776160,    -0.001466,
  1697.250,     0.027795,     1.690371,     0.003927,
  1697.300,     0.090578,     1.527791,    -0.005976,
  1697.350,     0.231661,     1.330025,    -0.001306,
  1697.400,     0.479319,     1.178847,     0.003736,
  1697.450,     0.758777,     1.114457,     0.006092,
  1697.500,     0.985667,     1.147654,     0.004371,
  1697.550,     1.125226,     1.260431,     0.006394,
  1697.600,     1.206266,     1.396614,     0.015294,
  1697.650,     1.171968,     1.472952,     0.014546,
  1697.700,     0.974069,     1.368465,     0.015786,
  1697.750,     0.666147,     1.130898,     0.014729,
  1697.800,     0.279181,     0.844827,     0.012415,
  1697.850,    -0.110356,     0.674545,     0.012662,
  1697.900,    -0.428784,     0.771067,     0.013592,
  1697.950,    -0.664720,     1.108862,     0.015885,
  1698.000,    -0.723015,     1.613853,     0.001899,
  1698.050,    -0.588721,     2.130295,     0.006621,
  1698.100,    -0.281564,     2.564848,     0.006530,
  1698.150,     0.072453,     2.775530,     0.003245,
  1698.200,     0.299620,     2.623393,     0.002791,
  1698.250,     0.334701,     2.157658,     0.000530,
  1698.300,     0.227915,     1.523636,     0.001536,
  1698.350,     0.003021,     0.982200,    -0.000932,
  1698.400,    -0.173767,     0.644066,     0.002164,
  1698.450,    -0.245258,     0.527354,     0.004300,
  1698.500,    -0.178689,     0.545730,     0.001733,
  1698.550,    -0.006183,     0.742787,     0.005460,
  1698.600,     0.265478,     0.995847,     0.005365,
  1698.650,     0.548751,     1.265533,     0.005303,
  1698.700,     0.762069,     1.474968,     0.009003,
  1698.750,     0.793339,     1.525778,     0.003566,
  1698.800,     0.632489,     1.514488,     0.006615,
  1698.850,     0.343535,     1.456610,     0.009042,
  1698.900,     0.002773,     1.369822,     0.008940,
  1698.950,    -0.213229,     1.291055,     0.012141,
  1699.000,    -0.334876,     1.147038,     0.010040,
  1699.050,    -0.363120,     0.943440,     0.006609,
  1699.100,    -0.326916,     0.729823,     0.004543,
  1699.150,    -0.184295,     0.651807,     0.006667,
  1699.200,     0.035019,     0.766728,     0.007083,
  1699.250,     0.265622,     0.959094,     0.002249,
  1699.300,     0.460690,     1.079285,    -0.000917,
  1699.350,     0.488018,     1.017662,     0.000432,
  1699.400,     0.340852,     0.750040,     0.002967,
  1699.450,     0.104055,     0.296059,     0.001755,
  1699.500,    -0.178128,    -0.227596,     0.001013,
  1699.550,    -0.387583,    -0.738272,     0.005975,
  1699.600,    -0.565331,    -1.066399,     0.006450,
  1699.650,    -0.598571,    -1.086662,     0.002147,
  1699.700,    -0.531369,    -0.732967,     0.007094,
  1699.750,    -0.354160,    -0.047674,     0.012542,
  1699.800,    -0.076326,     0.839081,     0.007262,
  1699.850,     0.212092,     1.752978,     0.005898,
  1699.900,     0.421135,     2.450384,     0.007487,
  1699.950,     0.458032,     2.840175,     0.006390,
  1700.000,     0.364895,     2.866925,     0.004918,
  1700.050,     0.148086,     2.536581,     0.004503,
  1700.100,    -0.177934,     1.955277,     0.002044,
  1700.150,    -0.550494,     1.258269,     0.002915,
  1700.200,    -0.879638,     0.631063,     0.004138,
  1700.250,    -1.036760,     0.214407,     0.003704,
  1700.300,    -0.945487,     0.035360,    -0.001731,
  1700.350,    -0.575776,     0.106097,     0.007885,
  1700.400,    -0.008622,     0.356125,     0.003695,
  1700.450,     0.632260,     0.698159,     0.000537,
  1700.500,     1.163397,     1.100381,     0.008582,
  1700.550,     1.409004,     1.486258,     0.010016,
  1700.600,     1.393051,     1.795552,     0.005802,
  1700.650,     1.142345,     1.998714,     0.007734,
  1700.700,     0.712254,     2.124292,     0.005355,
  1700.750,     0.255346,     2.223595,     0.003847,
  1700.800,    -0.113159,     2.279434,     0.003137,
  1700.850,    -0.337475,     2.212552,     0.012740,
  1700.900,    -0.366326,     1.975957,     0.012561,
  1700.950,    -0.272500,     1.574126,     0.011541,
  1701.000,    -0.140828,     1.078355,     0.015400,
  1701.050,     0.052373,     0.565921,     0.010651,
  1701.100,     0.241909,     0.105276,     0.003881,
  1701.150,     0.426144,    -0.195628,     0.004558,
  1701.200,     0.627274,    -0.379004,     0.006208,
  1701.250,     0.784197,    -0.398505,     0.004251,
  1701.300,     0.880030,    -0.296935,     0.001456,
  1701.350,     0.921381,    -0.112662,     0.004780,
  1701.400,     0.881886,     0.193048,     0.001013,
  1701.450,     0.781409,     0.542926,    -0.001588,
  1701.500,     0.596830,     0.940374,    -0.004423,
  1701.550,     0.426220,     1.319942,     0.001108,
  1701.600,     0.222570,     1.636360,    -0.001127,
  1701.650,     0.083240,     1.862691,     0.003688,
  1701.700,     0.053447,     1.914803,     0.009408,
  1701.750,     0.095801,     1.812830,     0.007036,
  1701.800,     0.203087,     1.497084,     0.007295,
  1701.850,     0.272378,     1.093463,     0.008342,
  1701.900,     0.246051,     0.715838,     0.006761,
  1701.950,     0.115067,     0.412858,     0.009171,
  1702.000,    -0.003657,     0.207046,     0.007895,
  1702.050,    -0.042321,    -0.002225,     0.013255,
  1702.100,     0.097583,    -0.152308,     0.018948,
  1702.150,     0.420173,    -0.196308,     0.014108,
  1702.200,     0.799828,    -0.144487,     0.010646,
  1702.250,     1.202084,    -0.024069,     0.003127,
  1702.300,     1.512474,     0.188871,     0.005031,
  1702.350,     1.601593,     0.432309,     0.010004,
  1702.400,     1.429705,     0.746406,     0.002046,
  1702.450,     1.004982,     1.113395,    -0.000685,
  1702.500,     0.504026,     1.465388,     0.002525,
  1702.550,     0.049469,     1.738564,    -0.001854,
  1702.600,    -0.258565,     1.847772,    -0.007102,
  1702.650,    -0.381753,     1.741479,    -0.002959,
  1702.700,    -0.363675,     1.477008,    -0.002484,
  1702.750,    -0.200487,     1.112401,     0.001080,
  1702.800,     0.018528,     0.725569,     0.009065,
  1702.850,     0.276732,     0.264683,     0.005919,
  1702.900,     0.495273,    -0.083359,     0.004202,
  1702.950,     0.642785,    -0.329628,     0.007604,
  1703.000,     0.717652,    -0.467160,    -0.000428,
  1703.050,     0.755248,    -0.516775,     0.006097,
  1703.100,     0.799453,    -0.552785,     0.006416,
  1703.150,     0.756209,    -0.531802,     0.011603,
  1703.200,     0.629689,    -0.392810,     0.016683,
  1703.250,     0.411683,    -0.156744,     0.015641,
  1703.300,     0.201091,     0.229008,     0.007973,
  1703.350,     0.053218,     0.770950,     0.009852,
  1703.400,     0.060603,     1.354544,     0.010908,
  1703.450,     0.083996,     1.873694,     0.002473,
  1703.500,     0.099299,     2.146879,     0.008688,
  1703.550,     0.015946,     2.142156,     0.008997,
  1703.600,    -0.166060,     1.924068,     0.008461,
  1703.650,    -0.424699,     1.563748,     0.002728,
  1703.700,    -0.710439,     1.072622,     0.002112,
  1703.750,    -0.925314,     0.518133,    -0.000080,
  1703.800,    -1.026635,     0.011478,     0.002714,
  1703.850,    -0.919708,    -0.299374,     0.002374,
  1703.900,    -0.537509,    -0.382060,     0.002038,
  1703.950,     0.084686,    -0.316831,     0.003180,
  1704.000,     0.834982,    -0.070874,    -0.001236,
  1704.050,     1.489674,     0.321376,     0.002877,
  1704.100,     1.946443,     0.846238,     0.004342,
  1704.150,     2.082868,     1.416767,     0.001623,
  1704.200,     1.852355,     1.969961,     0.006064,
  1704.250,     1.362815,     2.376415,     0.004967,
  1704.300,     0.712549,     2.539956,     0.002275,
  1704.350,     0.052122,     2.443849,     0.012007,
  1704.400,    -0.472095,     2.187560,     0.009020,
  1704.450,    -0.758527,     1.799463,     0.008881,
  1704.500,    -0.806500,     1.304165,     0.004472,
  1704.550,    -0.668570,     0.827102,     0.003247,
  1704.600,    -0.365455,     0.365469,     0.010936,
  1704.650,     0.007772,     0.092568,     0.010932,
  1704.700,     0.383639,     0.001743,     0.010386,
  1704.750,     0.713650,     0.116562,     0.007582,
  1704.800,     0.916073,     0.365459,    -0.001276,
  1704.850,     1.040088,     0.687396,     0.003350,
  1704.900,     1.077721,     1.080751,     0.008562,
  1704.950,     1.031161,     1.547032,     0.002394,
  1705.000,     0.933336,     2.028004,    -0.001579,
  1705.050,     0.752174,     2.429532,     0.007322,
  1705.100,     0.456468,     2.701087,     0.003394,
  1705.150,     0.086010,     2.786637,     0.009324,
  1705.200,    -0.248026,     2.728654,     0.005348,
  1705.250,    -0.515043,     2.588807,    -0.000279,
  1705.300,    -0.701567,     2.410819,    -0.002002,
  1705.350,    -0.721474,     2.126121,    -0.003495,
  1705.400,    -0.633912,     1.815159,     0.001715,
  1705.450,    -0.501175,     1.533803,    -0.001804,
  1705.500,    -0.340603,     1.343352,     0.001910,
  1705.550,    -0.146843,     1.294895,     0.003854,
  1705.600,     0.040347,     1.230120,     0.007170,
  1705.650,     0.278046,     1.093479,     0.005198,
  1705.700,     0.514300,     0.922447,     0.001375,
  1705.750,     0.739119,     0.741133,     0.009160,
  1705.800,     0.957278,     0.618669,     0.008776,
  1705.850,     1.097349,     0.557503,     0.004455,
  1705.900,     1.139020,     0.585135,     0.006589,
  1705.950,     1.051701,     0.704118,     0.011451,
  1706.000,     0.775343,     0.924126,     0.010157,
  1706.050,     0.425323,     1.228105,     0.005807,
  1706.100,     0.100491,     1.440186,     0.009917,
  1706.150,    -0.166122,     1.537056,     0.011639,
  1706.200,    -0.373290,     1.431115,     0.008386,
  1706.250,    -0.514963,     1.193729,     0.005737,
  1706.300,    -0.583813,     0.862866,     0.010830,
  1706.350,    -0.599724,     0.475642,     0.003705,
  1706.400,    -0.488966,     0.149753,    -0.000469,
  1706.450,    -0.288108,    -0.050592,     0.007884,
  1706.500,    -0.003821,    -0.147607,     0.007389,
  1706.550,     0.280578,    -0.136650,     0.004082,
  1706.600,     0.576656,    -0.023186,     0.009040,
  1706.650,     0.886837,     0.111666,     0.009421,
  1706.700,     1.114049,     0.334724,     0.001570,
  1706.750,     1.268079,     0.646764,    -0.003587,
  1706.800,     1.250659,     0.982969,    -0.000889,
  1706.850,     1.029859,     1.270086,     0.004402,
  1706.900,     0.701088,     1.533274,    -0.000809,
  1706.950,     0.318935,     1.732812,     0.004616,
  1707.000,    -0.031154,     1.885977,    -0.002314,
  1707.050,    -0.340466,     1.991964,     0.001384,
  1707.100,    -0.522236,     2.012803,     0.006063,
  1707.150,    -0.605745,     1.977728,     0.002600,
  1707.200,    -0.607753,     1.943583,     0.007167,
  1707.250,    -0.587471,     1.878060,     0.008016,
  1707.300,    -0.510044,     1.716188,     0.014157,
  1707.350,    -0.412376,     1.452515,     0.011918,
  1707.400,    -0.266009,     1.139832,     0.010507,
  1707.450,    -0.027156,     0.851223,     0.015108,
  1707.500,     0.298932,     0.639538,     0.010969,
  1707.550,     0.717916,     0.604060,     0.009783,
  1707.600,     1.137159,     0.813209,     0.018874,
  1707.650,     1.399885,     1.263659,     0.012726,
  1707.700,     1.497068,     1.836553,     0.011727,
  1707.750,     1.360019,     2.379872,     0.004870,
  1707.800,     1.039867,     2.806634,     0.003947,
  1707.850,     0.603474,     3.011721,     0.005932,
  1707.900,     0.126105,     2.980675,    -0.000179,
  1707.950,    -0.374553,     2.724464,     0.002305,
  1708.000,    -0.764147,     2.294835,    -0.002257,
  1708.050,    -0.938798,     1.783803,    -0.003496,
  1708.100,    -0.890539,     1.269205,    -0.005306,
  1708.150,    -0.646210,     0.851650,    -0.004661,
  1708.200,    -0.267809,     0.570834,    -0.004463,
  1708.250,     0.170443,     0.472253,     0.000495,
  1708.300,     0.654385,     0.513279,    -0.001445,
  1708.350,     1.077665,     0.688256,     0.000185,
  1708.400,     1.407787,     0.913415,     0.006215,
  1708.450,     1.549015,     1.097041,     0.007320,
  1708.500,     1.447060,     1.167100,     0.011422,
  1708.550,     1.176351,     1.094580,     0.012406,
  1708.600,     0.821825,     0.988459,     0.018039,
  1708.650,     0.419343,     0.890508,     0.018126,
  1708.700,     0.059503,     0.825239,     0.012616,
  1708.750,    -0.217319,     0.834482,     0.010017,
  1708.800,    -0.433746,     0.937989,     0.016691,
  1708.850,    -0.522875,     1.132657,     0.006564,
  1708.900,    -0.464768,     1.381238,     0.010354,
  1708.950,    -0.318400,     1.550118,     0.005329,
  1709.000,    -0.101822,     1.592862,     0.003266,
  1709.050,     0.165616,     1.496985,    -0.000718,
  1709.100,     0.433798,     1.364264,    -0.001954,
  1709.150,     0.716075,     1.220443,    -0.000324,
  1709.200,     0.961123,     1.113766,    -0.000081,
  1709.250,     1.181707,     1.030876,    -0.003199,
  1709.300,     1.330169,     0.993686,    -0.008453,
  1709.350,     1.332516,     1.015238,     0.000723,
  1709.400,     1.258320,     1.048356,     0.002403,
  1709.450,     1.137372,     1.140385,    -0.004833,
  1709.500,     0.998286,     1.279681,    -0.001895,
  1709.550,     0.781375,     1.419368,     0.000978,
  1709.600,     0.542950,     1.520826,     0.003585,
  1709.650,     0.328693,     1.610550,     0.005594,
  1709.700,     0.176878,     1.662439,     0.008692,
  1709.750,     0.105190,     1.703517,     0.013255,
  1709.800,     0.037800,     1.703155,     0.014486,
  1709.850,    -0.026037,     1.587031,     0.010113,
  1709.900,    -0.114758,     1.316544,     0.010874,
  1709.950,    -0.182111,     0.990432,     0.013044,
  1710.000,    -0.162638,     0.662223,     0.014879,
  1710.050,    -0.065299,     0.439506,     0.012584,
  1710.100,     0.061509,     0.304805,     0.008819,
  1710.150,     0.231843,     0.298283,     0.006477,
  1710.200,     0.369211,     0.349277,     0.002467,
  1710.250,     0.494088,     0.399695,     0.002890,
  1710.300,     0.557520,     0.466908,    -0.001614,
  1710.350,     0.524838,     0.427609,    -0.001428,
  1710.400,     0.405488,     0.349779,     0.000989,
  1710.450,     0.255522,     0.249391,     0.000454,
  1710.500,     0.036139,     0.267603,    -0.000312,
  1710.550,    -0.130696,     0.425202,    -0.004102,
  1710.600,    -0.259269,     0.670064,     0.002384,
  1710.650,    -0.308843,     0.961431,     0.003176,
  1710.700,    -0.330848,     1.192651,     0.005323,
  1710.750,    -0.318111,     1.314931,     0.005358,
  1710.800,    -0.312908,     1.339182,     0.001973,
  1710.850,    -0.277883,     1.279172,     0.004493,
  1710.900,    -0.129727,     1.094842,     0.008734,
  1710.950,     0.070528,     0.915425,     0.000117,
  1711.000,     0.291377,     0.741791,     0.004821,
  1711.050,     0.483482,     0.671570,     0.009430,
  1711.100,     0.670456,     0.663055,     0.005885,
  1711.150,     0.766333,     0.693004,     0.006261,
  1711.200,     0.884550,     0.829999,     0.010932,
  1711.250,     0.921027,     1.120037,     0.010368,
  1711.300,     0.883696,     1.462619,     0.007577,
  1711.350,     0.779186,     1.783571,     0.008135,
  1711.400,     0.649311,     1.975077,     0.008386,
  1711.450,     0.507001,     1.983953,     0.009482,
  1711.500,     0.369471,     1.791444,     0.007911,
  1711.550,     0.174897,     1.416287,     0.005085,
  1711.600,     0.000800,     0.902035,     0.007017,
  1711.650,    -0.151575,     0.412966,     0.014539,
  1711.700,    -0.141560,     0.053998,     0.004435,
  1711.750,    -0.038835,    -0.022020,     0.005896,
  1711.800,     0.207476,     0.139481,     0.005089,
  1711.850,     0.565320,     0.468412,     0.004750,
  1711.900,     0.932852,     0.870126,    -0.000020,
  1711.950,     1.221699,     1.249804,    -0.006153,
  1712.000,     1.335348,     1.590034,     0.005648,
  1712.050,     1.336488,     1.757380,    -0.004645,
  1712.100,     1.124783,     1.704202,    -0.004384,
  1712.150,     0.840702,     1.456662,    -0.004581,
  1712.200,     0.522620,     1.053388,    -0.009654,
  1712.250,     0.219122,     0.622955,    -0.001307,
  1712.300,     0.043458,     0.310986,    -0.001599,
  1712.350,    -0.041953,     0.108602,     0.002003,
  1712.400,     0.001062,     0.160012,     0.006486,
  1712.450,     0.106845,     0.437557,     0.006650,
  1712.500,     0.232943,     0.908591,     0.015725,
  1712.550,     0.352831,     1.471358,     0.012083,
  1712.600,     0.439666,     1.942300,     0.016534,
  1712.650,     0.451288,     2.241039,     0.014663,
  1712.700,     0.394537,     2.315176,     0.021199,
  1712.750,     0.258978,     2.166940,     0.019065,
  1712.800,     0.159877,     1.869105,     0.014820,
  1712.850,     0.124884,     1.530207,     0.007925,
  1712.900,     0.148337,     1.262102,     0.010249,
  1712.950,     0.237725,     1.160561,     0.002075,
  1713.000,     0.362854,     1.214127,     0.004764,
  1713.050,     0.548151,     1.422144,    -0.003140,
  1713.100,     0.692676,     1.647660,    -0.000717,
  1713.150,     0.830090,     1.855765,    -0.013427,
  1713.200,     0.856280,     1.931107,    -0.003067,
  1713.250,     0.773548,     1.816466,    -0.011282,
  1713.300,     0.635231,     1.621859,    -0.007936,
  1713.350,     0.486125,     1.351444,    -0.011285,
  1713.400,     0.385919,     1.063327,    -0.003991,
  1713.450,     0.335505,     0.848513,    -0.000782,
  1713.500,     0.294343,     0.704341,     0.003387,
  1713.550,     0.276686,     0.688907,     0.009724,
  1713.600,     0.311797,     0.819090,     0.010389,
  1713.650,     0.379320,     1.103136,     0.022984,
  1713.700,     0.494003,     1.409114,     0.011583,
  1713.750,     0.585808,     1.692225,     0.020415,
  1713.800,     0.650710,     1.811971,     0.020150,
  1713.850,     0.659085,     1.754821,     0.010555,
  1713.900,     0.620598,     1.591743,     0.026613,
  1713.950,     0.627344,     1.231281,     0.010036,
  1714.000,     0.587676,     0.797407,     0.006622,
  1714.050,     0.502470,     0.365158,     0.011211,
  1714.100,     0.407408,     0.034516,     0.002827,
  1714.150,     0.267603,    -0.026658,    -0.006764,
  1714.200,     0.134229,     0.184675,    -0.001840,
  1714.250,     0.056896,     0.606210,    -0.003178,
  1714.300,    -0.030409,     1.089649,    -0.011671,
  1714.350,    -0.054680,     1.490815,    -0.003199,
  1714.400,    -0.106880,     1.707233,    -0.012316,
  1714.450,    -0.165826,     1.719465,    -0.006812,
  1714.500,    -0.197282,     1.513489,     0.000782,
  1714.550,    -0.218227,     1.197705,     0.004417,
  1714.600,    -0.241640,     0.856871,    -0.000346,
  1714.650,    -0.252291,     0.634544,     0.011988,
  1714.700,    -0.174311,     0.617475,     0.011726,
  1714.750,    -0.001076,     0.725275,     0.011921,
  1714.800,     0.260620,     0.924123,     0.015807,
  1714.850,     0.446076,     1.106387,     0.017392,
  1714.900,     0.551668,     1.103005,     0.011005,
  1714.950,     0.578319,     0.913411,     0.016853,
  1715.000,     0.540634,     0.530180,     0.014647,
  1715.050,     0.416045,     0.134683,     0.011753,
  1715.100,     0.267447,    -0.269910,     0.013196,
  1715.150,     0.055035,    -0.557224,     0.007179,
  1715.200,    -0.083687,    -0.683033,     0.001976,
  1715.250,    -0.186094,    -0.571705,     0.001664,
  1715.300,    -0.191812,    -0.304670,     0.004953,
  1715.350,    -0.143003,     0.078485,    -0.001802,
  1715.400,     0.008205,     0.538393,    -0.000992,
  1715.450,     0.219616,     1.028427,    -0.001805,
  1715.500,     0.446692,     1.502242,     0.000557,
  1715.550,     0.590785,     1.844738,     0.004195,
  1715.600,     0.667929,     1.933996,     0.002754,
  1715.650,     0.543954,     1.728565,     0.002616,
  1715.700,     0.370212,     1.229859,     0.007929,
  1715.750,     0.118312,     0.540926,     0.004867,
  1715.800,    -0.145576,    -0.165826,     0.012303,
  1715.850,    -0.317810,    -0.740224,     0.005063,
  1715.900,    -0.316582,    -1.057480,     0.008947,
  1715.950,    -0.136798,    -1.035766,     0.002445,
  1716.000,     0.153365,    -0.629646,     0.009900,
  1716.050,     0.497051,     0.073212,     0.010696,
  1716.100,     0.791524,     0.854730,     0.021023,
  1716.150,     0.950590,     1.581930,     0.007390,
  1716.200,     1.012298,     2.064901,     0.003868,
  1716.250,     0.958766,     2.253151,     0.008018,
  1716.300,     0.719088,     2.119534,     0.005739,
  1716.350,     0.443053,     1.736978,     0.006591,
  1716.400,     0.150060,     1.250300,     0.004271,
  1716.450,    -0.038747,     0.746373,     0.004999,
  1716.500,    -0.180771,     0.391037,     0.010752,
  1716.550,    -0.157598,     0.223613,     0.002537,
  1716.600,     0.030597,     0.227837,     0.004770,
  1716.650,     0.295903,     0.283777,     0.007049,
  1716.700,     0.674970,     0.363875,    -0.002521,
  1716.750,     1.033220,     0.414411,    -0.001184,
  1716.800,     1.285535,     0.382238,     0.000057,
  1716.850,     1.361077,     0.386000,     0.004933,
  1716.900,     1.281072,     0.413724,     0.001267,
  1716.950,     1.011282,     0.532464,     0.003409,
  1717.000,     0.700841,     0.767610,     0.004717,
  1717.050,     0.361958,     1.103108,     0.008805,
  1717.100,     0.123686,     1.447134,     0.011759,
  1717.150,    -0.030005,     1.758704,     0.007807,
  1717.200,    -0.003839,     1.913312,     0.008832,
  1717.250,     0.112243,     1.989301,     0.008427,
  1717.300,     0.288145,     1.956454,     0.004116,
  1717.350,     0.430626,     1.767766,     0.008225,
  1717.400,     0.480755,     1.530295,     0.004386,
  1717.450,     0.423826,     1.168417,     0.001326,
  1717.500,     0.293411,     0.812636,     0.005686,
  1717.550,     0.147411,     0.407275,     0.001918,
  1717.600,     0.013255,     0.038021,     0.001916,
  1717.650,    -0.069789,    -0.290806,     0.003142,
  1717.700,    -0.062066,    -0.475594,     0.001808,
  1717.750,     0.002713,    -0.410213,    -0.001602,
  1717.800,     0.144022,    -0.052088,    -0.002702,
  1717.850,     0.357526,     0.457475,    -0.002943,
  1717.900,     0.503650,     0.988306,     0.005098,
  1717.950,     0.604177,     1.415740,     0.008728,
  1718.000,     0.588647,     1.668179,     0.009118,
  1718.050,     0.436207,     1.705765,     0.013035,
  1718.100,     0.227048,     1.583977,     0.012827,
  1718.150,    -0.025965,     1.329943,     0.014903,
  1718.200,    -0.320433,     1.036802,     0.012767,
  1718.250,    -0.596373,     0.768220,     0.013450,
  1718.300,    -0.756067,     0.553401,     0.006516,
  1718.350,    -0.699606,     0.472896,     0.010065,
  1718.400,    -0.477826,     0.491900,    -0.003425,
  1718.450,    -0.120394,     0.624468,     0.009078,
  1718.500,     0.235620,     0.761028,     0.001501,
  1718.550,     0.537948,     0.885877,     0.000475,
  1718.600,     0.667142,     0.965360,    -0.002494,
  1718.650,     0.696515,     1.019752,    -0.003912,
  1718.700,     0.540069,     1.055398,    -0.007977,
  1718.750,     0.312597,     1.122704,     0.006571,
  1718.800,     0.136279,     1.344286,     0.002123,
  1718.850,     0.023457,     1.613377,     0.003499,
  1718.900,     0.065974,     1.994283,     0.013276,
  1718.950,     0.251155,     2.344918,     0.011265,
  1719.000,     0.529318,     2.580013,     0.014826,
  1719.050,     0.774315,     2.720220,     0.017888,
  1719.100,     0.932189,     2.634843,     0.019351,
  1719.150,     0.938630,     2.351094,     0.011690,
  1719.200,     0.894597,     1.910511,     0.010142,
  1719.250,     0.761754,     1.332618,     0.002050,
  1719.300,     0.631566,     0.717710,    -0.000576,
  1719.350,     0.603108,     0.149211,     0.001325,
  1719.400,     0.674995,    -0.231224,    -0.007953,
  1719.450,     0.888657,    -0.365955,    -0.010776,
  1719.500,     1.166652,    -0.252983,    -0.006522,
  1719.550,     1.439899,     0.065889,     0.006207,
  1719.600,     1.737470,     0.584058,    -0.000922,
  1719.650,     1.898206,     1.177586,     0.003532,
  1719.700,     1.998930,     1.803306,     0.014111,
  1719.750,     1.906102,     2.287425,     0.014572,
  1719.800,     1.630522,     2.540220,     0.015741,
  1719.850,     1.179028,     2.506058,     0.017734,
  1719.900,     0.560972,     2.308830,     0.018772,
  1719.950,    -0.122684,     1.970036,     0.009654,
  1720.000,    -0.687101,     1.608460,     0.006399,

