Time_abs/ps, Signal 1/nA, Ref.signal 1/nA, Signal 2/nA, Ref.signal 2/nA
  1600.000,     0.007033,     0.007615,     0.005107,
  1600.050,    -0.006647,    -0.004646,     0.001361,
  1600.100,     0.000593,     0.011497,    -0.002250,
  1600.150,    -0.002511,    -0.005388,    -0.000828,
  1600.200,     0.001532,    -0.009079,    -0.003390,
  1600.250,    -0.002499,    -0.022884,     0.002199,
  1600.300,     0.001604,    -0.011605,    -0.005891,
  1600.350,    -0.005606,     0.000561,    -0.007443,
  1600.400,     0.001000,     0.010459,    -0.002642,
  1600.450,     0.006613,     0.008771,     0.001806,
  1600.500,     0.011275,    -0.000034,     0.001619,
  1600.550,     0.022658,    -0.009125,    -0.001052,
  1600.600,     0.013763,    -0.021215,     0.003125,
  1600.650,     0.002752,    -0.028924,    -0.003302,
  1600.700,     0.000961,    -0.024922,     0.004054,
  1600.750,     0.010078,    -0.033412,    -0.003022,
  1600.800,     0.008144,    -0.027306,     0.009113,
  1600.850,     0.002068,    -0.001638,    -0.000514,
  1600.900,     0.000867,    -0.017430,     0.003026,
  1600.950,     0.001484,    -0.006954,    -0.002031,
  1601.000,    -0.012598,    -0.025601,     0.007347,
  1601.050,    -0.020695,    -0.025349,    -0.004812,
  1601.100,    -0.018023,    -0.009534,     0.004141,
  1601.150,    -0.026834,    -0.028449,    -0.001719,
  1601.200,    -0.020273,    -0.018410,    -0.005150,
  1601.250,    -0.014638,    -0.022588,    -0.005760,
  1601.300,     0.001363,    -0.037640,    -0.002292,
  1601.350,    -0.011618,    -0.024145,    -0.001277,
  1601.400,     0.002366,    -0.019708,     0.004597,
  1601.450,    -0.009194,    -0.036830,     0.004564,
  1601.500,    -0.000580,    -0.020360,     0.004177,
  1601.550,    -0.004275,    -0.021295,     0.002032,
  1601.600,     0.002709,    -0.019094,    -0.005476,
  1601.650,    -0.016331,    -0.038961,     0.007280,
  1601.700,    -0.022046,    -0.039712,     0.006682,
  1601.750,    -0.023567,    -0.046448,     0.011460,
  1601.800,    -0.013154,    -0.049859,    -0.000455,
  1601.850,    -0.026984,    -0.056273,     0.002732,
  1601.900,    -0.012282,    -0.066449,     0.004372,
  1601.950,    -0.001735,    -0.072077,    -0.003334,
  1602.000,     0.000718,    -0.063971,     0.004730,
  1602.050,    -0.021977,    -0.049452,    -0.005120,
  1602.100,     0.002706,    -0.059367,    -0.000874,
  1602.150,     0.001038,    -0.063293,    -0.006956,
  1602.200,    -0.002484,    -0.057947,     0.000039,
  1602.250,    -0.012015,    -0.047525,    -0.000243,
  1602.300,    -0.014000,    -0.066134,    -0.003190,
  1602.350,    -0.033929,    -0.074133,     0.002234,
  1602.400,    -0.029923,    -0.077379,     0.000955,
  1602.450,     0.000385,    -0.060169,    -0.003131,
  1602.500,    -0.022412,    -0.080268,     0.004229,
  1602.550,    -0.011342,    -0.067907,     0.002457,
  1602.600,    -0.032669,    -0.099132,     0.001645,
  1602.650,     0.011897,    -0.079462,     0.004860,
  1602.700,    -0.011862,    -0.061615,     0.001431,
  1602.750,    -0.008920,    -0.055587,     0.001397,
  1602.800,    -0.012138,    -0.049285,     0.005746,
  1602.850,    -0.024944,    -0.061351,    -0.000611,
  1602.900,    -0.016075,    -0.051576,    -0.003098,
  1602.950,    -0.008842,    -0.030425,    -0.001892,
  1603.000,     0.001448,    -0.045516,     0.000125,
  1603.050,    -0.014540,    -0.046597,    -0.002804,
  1603.100,    -0.018005,    -0.041525,     0.002696,
  1603.150,    -0.017596,    -0.058770,    -0.002940,
  1603.200,    -0.016503,    -0.067038,     0.004385,
  1603.250,    -0.021401,    -0.060943,     0.000504,
  1603.300,    -0.011594,    -0.046130,    -0.003379,
  1603.350,    -0.013781,    -0.044856,    -0.001807,
  1603.400,    -0.012183,    -0.048941,    -0.000071,
  1603.450,    -0.020830,    -0.057768,    -0.003900,
  1603.500,    -0.033856,    -0.061647,     0.001137,
  1603.550,    -0.007976,    -0.072860,    -0.002238,
  1603.600,    -0.026486,    -0.050958,    -0.005363,
  1603.650,    -0.027515,    -0.058043,    -0.002559,
  1603.700,    -0.040101,    -0.046480,    -0.004673,
  1603.750,    -0.014831,    -0.039911,     0.000275,
  1603.800,    -0.029288,    -0.055079,     0.002933,
  1603.850,    -0.037601,    -0.055890,    -0.000963,
  1603.900,    -0.005760,    -0.060794,     0.000477,
  1603.950,    -0.013187,    -0.056321,     0.002551,
  1604.000,    -0.015196,    -0.053461,     0.004002,
  1604.050,    -0.028326,    -0.061511,    -0.002260,
  1604.100,    -0.029735,    -0.073083,     0.000889,
  1604.150,    -0.032979,    -0.058812,     0.002412,
  1604.200,    -0.041221,    -0.056921,     0.005802,
  1604.250,    -0.014830,    -0.052816,     0.006029,
  1604.300,    -0.035656,    -0.051204,     0.000643,
  1604.350,    -0.020791,    -0.050098,     0.001037,
  1604.400,    -0.028734,    -0.051308,     0.004315,
  1604.450,    -0.016805,    -0.055452,     0.002476,
  1604.500,    -0.041701,    -0.068069,     0.002461,
  1604.550,    -0.019363,    -0.050001,     0.005900,
  1604.600,    -0.016442,    -0.060544,     0.001928,
  1604.650,    -0.032644,    -0.066102,     0.002264,
  1604.700,    -0.007102,    -0.067510,     0.001844,
  1604.750,    -0.020508,    -0.069713,    -0.005892,
  1604.800,    -0.034511,    -0.075049,    -0.003320,
  1604.850,    -0.031589,    -0.068252,    -0.007834,
  1604.900,    -0.038373,    -0.068048,     0.000089,
  1604.950,    -0.005211,    -0.057182,    -0.001712,
  1605.000,    -0.025695,    -0.074073,    -0.002436,
  1605.050,    -0.002730,    -0.073767,    -0.004036,
  1605.100,    -0.000392,    -0.058804,    -0.002504,
  1605.150,    -0.024379,    -0.074817,    -0.003090,
  1605.200,    -0.010248,    -0.054424,    -0.002628,
  1605.250,     0.007551,    -0.059604,    -0.004889,
  1605.300,     0.000070,    -0.073760,     0.001882,
  1605.350,    -0.013849,    -0.080658,     0.002155,
  1605.400,    -0.013580,    -0.064059,     0.004953,
  1605.450,    -0.010767,    -0.066206,     0.004107,
  1605.500,    -0.014675,    -0.061892,     0.005583,
  1605.550,    -0.033428,    -0.056416,     0.004921,
  1605.600,    -0.007640,    -0.060449,     0.006391,
  1605.650,     0.000803,    -0.062375,     0.005531,
  1605.700,    -0.011045,    -0.064690,     0.002116,
  1605.750,     0.002098,    -0.067201,     0.006284,
  1605.800,     0.005060,    -0.053317,     0.006053,
  1605.850,    -0.006837,    -0.075328,     0.004268,
  1605.900,    -0.015460,    -0.081720,     0.000634,
  1605.950,     0.008314,    -0.084957,     0.001123,
  1606.000,    -0.001294,    -0.063255,     0.002182,
  1606.050,    -0.013302,    -0.061329,    -0.001958,
  1606.100,    -0.007606,    -0.043735,    -0.000622,
  1606.150,     0.003835,    -0.050841,    -0.004869,
  1606.200,    -0.000807,    -0.062682,    -0.001000,
  1606.250,    -0.007545,    -0.048538,    -0.004186,
  1606.300,    -0.008156,    -0.051206,    -0.003387,
  1606.350,    -0.019344,    -0.056931,    -0.001628,
  1606.400,    -0.003516,    -0.061721,    -0.000529,
  1606.450,    -0.001380,    -0.077838,    -0.004648,
  1606.500,     0.002870,    -0.075351,    -0.001240,
  1606.550,     0.007836,    -0.045355,    -0.001338,
  1606.600,     0.018722,    -0.075436,     0.003918,
  1606.650,     0.014773,    -0.075216,     0.000404,
  1606.700,     0.026592,    -0.067222,     0.002163,
  1606.750,     0.015100,    -0.063340,     0.004441,
  1606.800,     0.022906,    -0.069187,     0.002972,
  1606.850,     0.030552,    -0.065506,     0.005210,
  1606.900,     0.021581,    -0.051772,     0.005064,
  1606.950,     0.028906,    -0.049198,     0.005527,
  1607.000,     0.023955,    -0.044549,     0.006406,
  1607.050,     0.027293,    -0.057717,     0.006666,
  1607.100,     0.029033,    -0.057853,     0.002464,
  1607.150,     0.025841,    -0.075347,    -0.003232,
  1607.200,     0.029198,    -0.075670,     0.000988,
  1607.250,     0.017304,    -0.067853,     0.001602,
  1607.300,     0.029660,    -0.065862,    -0.002624,
  1607.350,     0.015641,    -0.091792,    -0.004301,
  1607.400,    -0.001359,    -0.095613,    -0.000648,
  1607.450,     0.031663,    -0.089350,    -0.000758,
  1607.500,     0.036610,    -0.075400,    -0.006499,
  1607.550,     0.010993,    -0.104859,    -0.004696,
  1607.600,     0.039418,    -0.098777,    -0.002796,
  1607.650,     0.038456,    -0.092790,    -0.008044,
  1607.700,     0.009550,    -0.102410,    -0.000328,
  1607.750,     0.028241,    -0.103796,    -0.001386,
  1607.800,     0.033401,    -0.101278,    -0.005156,
  1607.850,     0.040868,    -0.124529,    -0.000701,
  1607.900,     0.040964,    -0.136633,     0.000227,
  1607.950,     0.045186,    -0.124998,     0.001625,
  1608.000,     0.029968,    -0.137278,     0.001766,
  1608.050,     0.030819,    -0.131250,     0.004317,
  1608.100,     0.055213,    -0.141260,    -0.001828,
  1608.150,     0.036147,    -0.161652,     0.002208,
  1608.200,     0.052657,    -0.162870,     0.005690,
  1608.250,     0.062685,    -0.156415,     0.010023,
  1608.300,     0.056786,    -0.147483,     0.006102,
  1608.350,     0.065754,    -0.147606,     0.006960,
  1608.400,     0.055000,    -0.157783,     0.008190,
  1608.450,     0.035606,    -0.149063,     0.001256,
  1608.500,     0.063042,    -0.130967,    -0.001139,
  1608.550,     0.039712,    -0.132564,     0.001289,
  1608.600,     0.034423,    -0.131408,    -0.000030,
  1608.650,     0.032809,    -0.119437,     0.001840,
  1608.700,     0.035745,    -0.132012,    -0.003030,
  1608.750,     0.034745,    -0.130531,    -0.007918,
  1608.800,     0.049444,    -0.127366,    -0.004460,
  1608.850,     0.043261,    -0.114349,    -0.005058,
  1608.900,     0.017017,    -0.118084,    -0.011242,
  1608.950,     0.035105,    -0.108535,    -0.008197,
  1609.000,     0.033262,    -0.122791,    -0.002663,
  1609.050,     0.030890,    -0.112637,    -0.002299,
  1609.100,     0.015231,    -0.100752,    -0.004378,
  1609.150,     0.026806,    -0.101737,    -0.001914,
  1609.200,     0.034140,    -0.083625,     0.000701,
  1609.250,     0.029958,    -0.090299,     0.003698,
  1609.300,     0.039854,    -0.092264,     0.002142,
  1609.350,     0.035246,    -0.063074,     0.003183,
  1609.400,     0.020361,    -0.072413,    -0.001852,
  1609.450,     0.036427,    -0.097468,     0.000944,
  1609.500,     0.043158,    -0.062004,     0.004866,
  1609.550,     0.047229,    -0.074665,     0.005024,
  1609.600,     0.061719,    -0.082541,     0.007643,
  1609.650,     0.057613,    -0.095405,     0.010940,
  1609.700,     0.040476,    -0.072481,     0.003577,
  1609.750,     0.054179,    -0.073364,     0.004738,
  1609.800,     0.058304,    -0.048757,     0.005015,
  1609.850,     0.034210,    -0.050317,     0.003320,
  1609.900,     0.041910,    -0.050132,     0.005048,
  1609.950,     0.028927,    -0.052159,     0.000518,
  1610.000,     0.048346,    -0.076507,    -0.001797,
  1610.050,     0.049749,    -0.090168,    -0.003243,
  1610.100,     0.014898,    -0.092489,    -0.006855,
  1610.150,     0.032834,    -0.092585,    -0.002899,
  1610.200,     0.003457,    -0.087222,    -0.008612,
  1610.250,     0.036833,    -0.102442,    -0.004377,
  1610.300,     0.014454,    -0.110517,     0.000041,
  1610.350,     0.013767,    -0.117500,     0.003800,
  1610.400,     0.029231,    -0.123959,     0.001160,
  1610.450,     0.032359,    -0.132789,    -0.001774,
  1610.500,     0.037852,    -0.137259,    -0.000172,
  1610.550,     0.033133,    -0.141640,    -0.000568,
  1610.600,     0.041922,    -0.131035,     0.001723,
  1610.650,     0.033826,    -0.137492,    -0.002081,
  1610.700,     0.022795,    -0.131505,    -0.002205,
  1610.750,     0.034806,    -0.161033,    -0.000505,
  1610.800,     0.042776,    -0.172221,     0.005291,
  1610.850,     0.031366,    -0.194941,     0.004943,
  1610.900,     0.044524,    -0.172747,    -0.001439,
  1610.950,     0.036592,    -0.179672,     0.002507,
  1611.000,     0.036647,    -0.196484,     0.008268,
  1611.050,     0.047132,    -0.217035,     0.001494,
  1611.100,     0.036030,    -0.213329,     0.004226,
  1611.150,     0.045592,    -0.239635,     0.005445,
  1611.200,     0.035584,    -0.240099,     0.002132,
  1611.250,     0.022129,    -0.215287,     0.004303,
  1611.300,     0.019275,    -0.217257,     0.004271,
  1611.350,     0.024130,    -0.223915,     0.002832,
  1611.400,     0.034885,    -0.225158,     0.005475,
  1611.450,     0.024525,    -0.227445,     0.005078,
  1611.500,     0.005142,    -0.219021,    -0.001828,
  1611.550,     0.007247,    -0.196926,    -0.006553,
  1611.600,     0.034777,    -0.221091,    -0.003531,
  1611.650,     0.041359,    -0.212736,    -0.007495,
  1611.700,     0.044097,    -0.199161,    -0.005123,
  1611.750,     0.024604,    -0.192209,    -0.002782,
  1611.800,     0.014720,    -0.199529,    -0.003726,
  1611.850,     0.012604,    -0.174264,    -0.004205,
  1611.900,     0.021409,    -0.168421,    -0.001847,
  1611.950,     0.006158,    -0.185613,    -0.002559,
  1612.000,     0.018848,    -0.193127,    -0.003648,
  1612.050,     0.003990,    -0.202004,     0.002638,
  1612.100,     0.026930,    -0.203686,     0.002631,
  1612.150,     0.003103,    -0.192196,    -0.002641,
  1612.200,    -0.003399,    -0.228909,     0.000494,
  1612.250,    -0.004507,    -0.217702,     0.004230,
  1612.300,    -0.014803,    -0.218946,    -0.001989,
  1612.350,     0.006653,    -0.226065,    -0.002583,
  1612.400,     0.001867,    -0.209106,     0.005205,
  1612.450,     0.012102,    -0.219318,     0.006192,
  1612.500,     0.005181,    -0.206316,     0.000309,
  1612.550,     0.008633,    -0.213026,    -0.000744,
  1612.600,     0.009400,    -0.230964,     0.003005,
  1612.650,     0.014111,    -0.237960,     0.003299,
  1612.700,     0.011094,    -0.240506,     0.004254,
  1612.750,     0.003062,    -0.236160,     0.002826,
  1612.800,     0.014492,    -0.233167,     0.002880,
  1612.850,     0.015988,    -0.256656,     0.009222,
  1612.900,     0.019180,    -0.239617,     0.006383,
  1612.950,     0.017280,    -0.245471,     0.000298,
  1613.000,     0.025013,    -0.262886,     0.000496,
  1613.050,     0.028628,    -0.251333,     0.002051,
  1613.100,     0.016016,    -0.256567,    -0.000274,
  1613.150,     0.028684,    -0.244889,    -0.000110,
  1613.200,     0.033445,    -0.267568,    -0.001651,
  1613.250,     0.021052,    -0.263436,    -0.004144,
  1613.300,     0.017886,    -0.261406,    -0.001570,
  1613.350,     0.004016,    -0.262316,    -0.003339,
  1613.400,     0.009232,    -0.263597,    -0.008621,
  1613.450,     0.025621,    -0.263895,    -0.005739,
  1613.500,     0.026565,    -0.253962,    -0.002424,
  1613.550,     0.030750,    -0.267384,    -0.008230,
  1613.600,     0.031798,    -0.282852,    -0.003695,
  1613.650,     0.018955,    -0.294390,    -0.003702,
  1613.700,     0.024550,    -0.269291,    -0.002142,
  1613.750,     0.032949,    -0.296063,     0.004232,
  1613.800,     0.046212,    -0.295676,    -0.002140,
  1613.850,     0.031568,    -0.290447,    -0.000692,
  1613.900,     0.019840,    -0.308364,    -0.000862,
  1613.950,     0.009296,    -0.311033,     0.002169,
  1614.000,     0.017634,    -0.298176,    -0.001528,
  1614.050,     0.011723,    -0.320096,     0.001575,
  1614.100,     0.021886,    -0.327092,     0.004954,
  1614.150,     0.019031,    -0.336267,     0.005071,
  1614.200,     0.004139,    -0.347295,     0.003469,
  1614.250,    -0.010950,    -0.345886,     0.009496,
  1614.300,     0.002242,    -0.330335,     0.010523,
  1614.350,    -0.008291,    -0.335595,     0.006853,
  1614.400,     0.009203,    -0.326397,     0.008810,
  1614.450,     0.006535,    -0.335081,     0.010679,
  1614.500,    -0.020035,    -0.341281,     0.004521,
  1614.550,    -0.031134,    -0.341916,     0.004112,
  1614.600,    -0.032884,    -0.342900,     0.002773,
  1614.650,    -0.038206,    -0.342125,    -0.000896,
  1614.700,    -0.035724,    -0.318097,     0.003145,
  1614.750,    -0.036341,    -0.315540,    -0.002591,
  1614.800,    -0.030134,    -0.298863,    -0.004831,
  1614.850,    -0.030087,    -0.298416,    -0.006128,
  1614.900,    -0.047017,    -0.312369,    -0.008463,
  1614.950,    -0.064867,    -0.298750,    -0.005777,
  1615.000,    -0.060401,    -0.299329,    -0.007114,
  1615.050,    -0.075090,    -0.316875,    -0.004577,
  1615.100,    -0.084576,    -0.339941,    -0.013899,
  1615.150,    -0.069496,    -0.354372,    -0.007198,
  1615.200,    -0.068757,    -0.349586,    -0.006903,
  1615.250,    -0.075862,    -0.375272,    -0.006606,
  1615.300,    -0.065318,    -0.391255,    -0.005278,
  1615.350,    -0.060302,    -0.412063,    -0.002576,
  1615.400,    -0.051532,    -0.422098,     0.003607,
  1615.450,    -0.038253,    -0.408363,    -0.002673,
  1615.500,    -0.069707,    -0.404922,     0.001812,
  1615.550,    -0.056886,    -0.411461,     0.005018,
  1615.600,    -0.043931,    -0.401083,    -0.002032,
  1615.650,    -0.029546,    -0.408784,     0.002124,
  1615.700,    -0.046411,    -0.415894,     0.006780,
  1615.750,    -0.030111,    -0.406058,     0.001378,
  1615.800,    -0.033148,    -0.429032,     0.011114,
  1615.850,    -0.051946,    -0.454615,     0.012031,
  1615.900,    -0.053440,    -0.455064,     0.004961,
  1615.950,    -0.033199,    -0.455368,     0.005504,
  1616.000,    -0.044392,    -0.466990,     0.008375,
  1616.050,    -0.052511,    -0.474880,     0.002210,
  1616.100,    -0.053943,    -0.480263,     0.003739,
  1616.150,    -0.043006,    -0.480738,     0.004367,
  1616.200,    -0.056527,    -0.476577,     0.001893,
  1616.250,    -0.052920,    -0.483261,    -0.003353,
  1616.300,    -0.050991,    -0.490949,    -0.005418,
  1616.350,    -0.065190,    -0.490765,    -0.007735,
  1616.400,    -0.074001,    -0.495713,    -0.007471,
  1616.450,    -0.071126,    -0.492477,    -0.007298,
  1616.500,    -0.071119,    -0.503176,    -0.007592,
  1616.550,    -0.062277,    -0.526755,    -0.005934,
  1616.600,    -0.072217,    -0.506274,    -0.005243,
  1616.650,    -0.090329,    -0.492097,    -0.006072,
  1616.700,    -0.084308,    -0.494707,    -0.011317,
  1616.750,    -0.070481,    -0.491688,    -0.009518,
  1616.800,    -0.075262,    -0.491173,    -0.001326,
  1616.850,    -0.069324,    -0.493725,     0.001542,
  1616.900,    -0.053042,    -0.487156,    -0.002531,
  1616.950,    -0.073442,    -0.489569,    -0.002155,
  1617.000,    -0.070551,    -0.506868,     0.000678,
  1617.050,    -0.083735,    -0.487291,    -0.002311,
  1617.100,    -0.076073,    -0.474220,     0.008797,
  1617.150,    -0.071606,    -0.483483,     0.007626,
  1617.200,    -0.085644,    -0.473541,     0.005126,
  1617.250,    -0.068114,    -0.474562,     0.011418,
  1617.300,    -0.068045,    -0.456456,     0.009533,
  1617.350,    -0.079196,    -0.446705,     0.008490,
  1617.400,    -0.072644,    -0.459078,     0.003560,
  1617.450,    -0.078782,    -0.445847,     0.003179,
  1617.500,    -0.086964,    -0.438835,     0.005743,
  1617.550,    -0.076730,    -0.433537,     0.006133,
  1617.600,    -0.074647,    -0.436497,     0.003776,
  1617.650,    -0.069535,    -0.418269,     0.000426,
  1617.700,    -0.086457,    -0.416141,     0.005841,
  1617.750,    -0.100174,    -0.407228,     0.005501,
  1617.800,    -0.100717,    -0.401720,     0.002818,
  1617.850,    -0.107591,    -0.380863,     0.001324,
  1617.900,    -0.124524,    -0.371745,     0.000743,
  1617.950,    -0.120113,    -0.338327,    -0.002022,
  1618.000,    -0.124706,    -0.281234,    -0.003968,
  1618.050,    -0.146837,    -0.232384,    -0.006341,
  1618.100,    -0.147163,    -0.193871,    -0.010929,
  1618.150,    -0.147810,    -0.161821,    -0.008194,
  1618.200,    -0.148292,    -0.119875,     0.000632,
  1618.250,    -0.133446,    -0.077524,    -0.005492,
  1618.300,    -0.134524,    -0.071774,    -0.009199,
  1618.350,    -0.146629,    -0.087374,    -0.005975,
  1618.400,    -0.146815,    -0.196099,    -0.001910,
  1618.450,    -0.123399,    -0.348139,     0.000418,
  1618.500,    -0.128630,    -0.610612,    -0.000011,
  1618.550,    -0.129797,    -0.952923,    -0.001529,
  1618.600,    -0.137812,    -1.333053,    -0.001328,
  1618.650,    -0.148750,    -1.743931,     0.000979,
  1618.700,    -0.148076,    -2.126887,    -0.001245,
  1618.750,    -0.146053,    -2.394161,     0.001859,
  1618.800,    -0.138958,    -2.457728,    -0.000503,
  1618.850,    -0.130832,    -2.309845,    -0.002477,
  1618.900,    -0.141106,    -1.995652,     0.004147,
  1618.950,    -0.136345,    -1.602009,     0.008268,
  1619.000,    -0.135839,    -1.184876,     0.007482,
  1619.050,    -0.142684,    -0.797805,     0.003084,
  1619.100,    -0.143712,    -0.520714,     0.001522,
  1619.150,    -0.146695,    -0.297820,     0.003850,
  1619.200,    -0.139933,    -0.164513,     0.005435,
  1619.250,    -0.139264,    -0.133796,     0.008257,
  1619.300,    -0.134939,    -0.141140,     0.009197,
  1619.350,    -0.154181,    -0.189173,     0.003981,
  1619.400,    -0.150186,    -0.272831,     0.001010,
  1619.450,    -0.167109,    -0.366149,     0.001579,
  1619.500,    -0.171911,    -0.414662,     0.002998,
  1619.550,    -0.182566,    -0.486669,     0.005795,
  1619.600,    -0.175968,    -0.532702,     0.000818,
  1619.650,    -0.184104,    -0.559336,    -0.004710,
  1619.700,    -0.168772,    -0.580338,    -0.004864,
  1619.750,    -0.172669,    -0.589772,     0.001785,
  1619.800,    -0.171713,    -0.591029,     0.003009,
  1619.850,    -0.175511,    -0.607447,    -0.003643,
  1619.900,    -0.158700,    -0.624791,    -0.005105,
  1619.950,    -0.169977,    -0.651564,    -0.002431,
  1620.000,    -0.182453,    -0.699427,    -0.002823,
  1620.050,    -0.187661,    -0.712156,    -0.002957,
  1620.100,    -0.182298,    -0.740053,    -0.005618,
  1620.150,    -0.188797,    -0.779035,    -0.002018,
  1620.200,    -0.192471,    -0.777557,     0.000309,
  1620.250,    -0.173408,    -0.783301,     0.000123,
  1620.300,    -0.178304,    -0.795376,    -0.003391,
  1620.350,    -0.176748,    -0.762885,    -0.002673,
  1620.400,    -0.167933,    -0.756703,     0.004818,
  1620.450,    -0.165005,    -0.755122,     0.003421,
  1620.500,    -0.181211,    -0.759587,    -0.001425,
  1620.550,    -0.184382,    -0.770126,     0.002031,
  1620.600,    -0.180776,    -0.762379,     0.000978,
  1620.650,    -0.180089,    -0.799293,     0.001988,
  1620.700,    -0.169846,    -0.826538,     0.003657,
  1620.750,    -0.189897,    -0.825007,     0.001942,
  1620.800,    -0.193530,    -0.836559,     0.005004,
  1620.850,    -0.195885,    -0.864981,     0.005543,
  1620.900,    -0.190632,    -0.872562,     0.000008,
  1620.950,    -0.182832,    -0.863349,     0.001483,
  1621.000,    -0.177226,    -0.892779,     0.002975,
  1621.050,    -0.169820,    -0.900679,    -0.001876,
  1621.100,    -0.173536,    -0.903279,     0.000378,
  1621.150,    -0.183785,    -0.929399,     0.002867,
  1621.200,    -0.157229,    -0.946151,     0.005715,
  1621.250,    -0.169624,    -0.973433,    -0.000442,
  1621.300,    -0.168204,    -1.002156,    -0.002405,
  1621.350,    -0.156744,    -1.031033,    -0.001371,
  1621.400,    -0.165404,    -1.055723,    -0.001818,
  1621.450,    -0.159345,    -1.082439,     0.003693,
  1621.500,    -0.148006,    -1.040745,    -0.004058,
  1621.550,    -0.151958,    -1.007067,    -0.004020,
  1621.600,    -0.173040,    -0.969472,     0.001820,
  1621.650,    -0.159892,    -0.923275,    -0.000821,
  1621.700,    -0.145230,    -0.868363,    -0.003089,
  1621.750,    -0.141573,    -0.839668,    -0.007101,
  1621.800,    -0.149849,    -0.839075,    -0.002994,
  1621.850,    -0.150565,    -0.835832,    -0.000893,
  1621.900,    -0.134692,    -0.868083,    -0.002853,
  1621.950,    -0.100010,    -0.905803,    -0.002197,
  1622.000,    -0.097336,    -0.925178,     0.000949,
  1622.050,    -0.091395,    -0.925425,    -0.000069,
  1622.100,    -0.083220,    -0.933014,    -0.002007,
  1622.150,    -0.050471,    -0.943333,     0.001753,
  1622.200,    -0.045717,    -0.946160,     0.002285,
  1622.250,    -0.022285,    -0.947706,     0.000068,
  1622.300,     0.025967,    -0.936598,     0.000181,
  1622.350,     0.026967,    -0.911204,     0.004337,
  1622.400,     0.034537,    -0.902913,     0.003781,
  1622.450,     0.059855,    -0.885350,     0.000915,
  1622.500,     0.044421,    -0.852988,     0.002787,
  1622.550,    -0.008773,    -0.809969,     0.005386,
  1622.600,    -0.089496,    -0.785377,     0.003888,
  1622.650,    -0.232529,    -0.742969,     0.005477,
  1622.700,    -0.413350,    -0.686576,    -0.001324,
  1622.750,    -0.625642,    -0.613374,    -0.002160,
  1622.800,    -0.859003,    -0.510101,    -0.000017,
  1622.850,    -1.064049,    -0.403846,     0.002948,
  1622.900,    -1.177635,    -0.275957,     0.004010,
  1622.950,    -1.180675,    -0.136301,    -0.000735,
  1623.000,    -1.067694,    -0.013895,     0.004314,
  1623.050,    -0.824788,     0.097326,     0.002991,
  1623.100,    -0.558465,     0.115637,     0.005030,
  1623.150,    -0.318327,     0.008123,    -0.000236,
  1623.200,    -0.092499,    -0.326249,    -0.000850,
  1623.250,     0.060470,    -1.001347,    -0.001234,
  1623.300,     0.154504,    -2.122518,    -0.001522,
  1623.350,     0.205568,    -3.843026,    -0.001235,
  1623.400,     0.168699,    -6.190226,    -0.006223,
  1623.450,     0.131170,    -9.079033,    -0.003527,
  1623.500,     0.077573,   -12.222148,     0.003541,
  1623.550,     0.003080,   -15.132563,     0.002559,
  1623.600,    -0.052024,   -17.125555,    -0.000693,
  1623.650,    -0.101724,   -17.493563,    -0.003542,
  1623.700,    -0.187371,   -15.827166,     0.001419,
  1623.750,    -0.216546,   -12.123533,    -0.001553,
  1623.800,    -0.209155,    -6.997025,    -0.009991,
  1623.850,    -0.211478,    -1.427215,    -0.006821,
  1623.900,    -0.204261,     3.484423,     0.001033,
  1623.950,    -0.221780,     6.934489,     0.003148,
  1624.000,    -0.209770,     8.513791,     0.003343,
  1624.050,    -0.220734,     8.337132,    -0.000957,
  1624.100,    -0.236961,     6.748450,    -0.003289,
  1624.150,    -0.253267,     4.178412,    -0.003363,
  1624.200,    -0.261172,     1.205607,     0.008131,
  1624.250,    -0.276280,    -1.618595,     0.002188,
  1624.300,    -0.278748,    -3.847212,    -0.003338,
  1624.350,    -0.297243,    -5.274983,     0.002700,
  1624.400,    -0.295219,    -5.999073,     0.007752,
  1624.450,    -0.271868,    -6.210488,     0.005375,
  1624.500,    -0.258918,    -6.037645,     0.000278,
  1624.550,    -0.269755,    -5.448199,     0.000813,
  1624.600,    -0.283601,    -4.513717,     0.000257,
  1624.650,    -0.273942,    -3.507028,    -0.001879,
  1624.700,    -0.267755,    -2.713990,     0.006392,
  1624.750,    -0.271941,    -2.169706,     0.005353,
  1624.800,    -0.268294,    -1.805950,    -0.002393,
  1624.850,    -0.270916,    -1.469886,     0.000069,
  1624.900,    -0.292675,    -1.140785,    -0.005861,
  1624.950,    -0.295882,    -0.812284,    -0.004290,
  1625.000,    -0.301096,    -0.407357,    -0.001056,
  1625.050,    -0.289450,     0.132472,    -0.000970,
  1625.100,    -0.291168,     0.838794,     0.001453,
  1625.150,    -0.312973,     1.727241,    -0.002338,
  1625.200,    -0.315659,     2.765705,    -0.003516,
  1625.250,    -0.306665,     3.889177,    -0.000941,
  1625.300,    -0.302349,     5.077292,     0.003254,
  1625.350,    -0.339388,     6.273234,     0.000338,
  1625.400,    -0.346759,     7.478472,     0.001500,
  1625.450,    -0.367211,     8.746009,     0.001967,
  1625.500,    -0.391816,    10.060120,    -0.001844,
  1625.550,    -0.396706,    11.467869,    -0.003786,
  1625.600,    -0.375977,    13.071246,     0.001683,
  1625.650,    -0.368213,    14.898890,     0.004236,
  1625.700,    -0.352772,    17.010325,     0.006900,
  1625.750,    -0.301184,    19.501218,     0.006190,
  1625.800,    -0.270845,    22.428147,     0.003110,
  1625.850,    -0.242642,    25.822997,     0.000874,
  1625.900,    -0.230451,    29.700968,    -0.002242,
  1625.950,    -0.241025,    34.164119,    -0.003114,
  1626.000,    -0.256581,    39.328189,     0.005532,
  1626.050,    -0.271174,    45.320874,     0.005085,
  1626.100,    -0.282816,    52.213222,     0.002788,
  1626.150,    -0.314323,    60.173804,    -0.001113,
  1626.200,    -0.321616,    69.234329,    -0.000278,
  1626.250,    -0.321231,    79.317423,     0.001505,
  1626.300,    -0.319286,    90.147328,     0.000791,
  1626.350,    -0.329148,   101.149397,    -0.000213,
  1626.400,    -0.333961,   111.240914,    -0.003775,
  1626.450,    -0.321885,   118.577158,    -0.001391,
  1626.500,    -0.307807,   120.330037,    -0.002546,
  1626.550,    -0.303841,   112.301036,     0.002296,
  1626.600,    -0.283868,    88.936240,     0.001126,
  1626.650,    -0.263494,    43.654300,    -0.000446,
  1626.700,    -0.258947,   -30.080523,    -0.000884,
  1626.750,    -0.234003,  -136.599317,     0.002661,
  1626.800,    -0.206182,  -275.383844,     0.000754,
  1626.850,    -0.185816,  -438.202199,    -0.006120,
  1626.900,    -0.145811,  -607.466873,    -0.002175,
  1626.950,    -0.104615,  -756.832510,    -0.005178,
  1627.000,    -0.060316,  -853.304042,    -0.000099,
  1627.050,     0.014035,  -863.652525,     0.002566,
  1627.100,     0.082037,  -767.964910,     0.001805,
  1627.150,     0.129678,  -573.556554,     0.001640,
  1627.200,     0.166704,  -314.836492,     0.000127,
  1627.250,     0.172998,   -38.717001,     0.002589,
  1627.300,     0.107435,   213.204124,     0.001108,
  1627.350,    -0.071345,   414.370761,     0.001079,
  1627.400,    -0.439746,   551.418659,     0.002202,
  1627.450,    -1.033500,   618.154752,    -0.000168,
  1627.500,    -1.963491,   615.650001,     0.000978,
  1627.550,    -3.197670,   555.920794,     0.003461,
  1627.600,    -4.717449,   461.606808,    -0.000292,
  1627.650,    -6.348834,   358.092630,    -0.002517,
  1627.700,    -7.798459,   262.795631,     0.001228,
  1627.750,    -8.660404,   181.288099,     0.004377,
  1627.800,    -8.562746,   113.143369,     0.003005,
  1627.850,    -7.263545,    59.884677,    -0.001647,
  1627.900,    -4.844146,    26.164406,    -0.000732,
  1627.950,    -1.638490,    13.388737,     0.001022,
  1628.000,     1.698088,    14.807836,     0.003583,
  1628.050,     4.439996,    19.605023,     0.006578,
  1628.100,     6.142214,    20.976186,     0.003108,
  1628.150,     6.603527,    18.573325,     0.002071,
  1628.200,     5.972531,    13.737354,     0.000015,
  1628.250,     4.553447,     6.294082,    -0.003311,
  1628.300,     2.638401,    -3.942722,    -0.004044,
  1628.350,     0.589023,   -15.291041,    -0.002721,
  1628.400,    -1.195633,   -25.115936,     0.003082,
  1628.450,    -2.509159,   -31.509963,     0.000699,
  1628.500,    -3.233839,   -33.304194,    -0.001650,
  1628.550,    -3.425078,   -29.992888,    -0.000932,
  1628.600,    -3.294415,   -22.742302,    -0.000667,
  1628.650,    -2.960617,   -14.414926,     0.000915,
  1628.700,    -2.427216,    -7.483234,    -0.000917,
  1628.750,    -1.750819,    -2.984859,    -0.001481,
  1628.800,    -1.034569,    -1.164252,     0.001735,
  1628.850,    -0.502021,    -2.118112,     0.001636,
  1628.900,    -0.194087,    -5.174189,    -0.001671,
  1628.950,    -0.027020,    -9.286403,    -0.000467,
  1629.000,     0.082537,   -13.634145,     0.001146,
  1629.050,     0.205837,   -17.083424,     0.002112,
  1629.100,     0.340366,   -18.429742,     0.000196,
  1629.150,     0.488823,   -17.405915,    -0.005441,
  1629.200,     0.715901,   -14.983355,     0.004390,
  1629.250,     1.049879,   -11.998510,     0.003487,
  1629.300,     1.468030,    -8.593464,     0.001222,
  1629.350,     1.951231,    -5.354663,    -0.003835,
  1629.400,     2.476570,    -3.324842,    -0.002354,
  1629.450,     3.029124,    -2.418323,     0.009322,
  1629.500,     3.539363,    -1.744800,     0.002924,
  1629.550,     4.055619,    -1.435813,    -0.000853,
  1629.600,     4.544824,    -2.146204,     0.005957,
  1629.650,     5.039881,    -3.579164,     0.000680,
  1629.700,     5.609233,    -5.007354,     0.000798,
  1629.750,     6.237807,    -6.289650,     0.000550,
  1629.800,     6.995234,    -7.321848,     0.001231,
  1629.850,     7.871316,    -7.916487,     0.000033,
  1629.900,     8.949439,    -8.401538,     0.001661,
  1629.950,    10.211136,    -9.063405,    -0.002288,
  1630.000,    11.689327,    -9.528301,    -0.002092,
  1630.050,    13.372337,    -9.995554,    -0.004109,
  1630.100,    15.368019,   -11.552468,    -0.005651,
  1630.150,    17.669185,   -14.581446,    -0.004006,
  1630.200,    20.357887,   -18.110098,    -0.007676,
  1630.250,    23.486408,   -21.159664,    -0.007360,
  1630.300,    27.103097,   -23.552278,    -0.008665,
  1630.350,    31.242884,   -25.200944,    -0.009943,
  1630.400,    35.896208,   -25.526302,    -0.009091,
  1630.450,    40.863183,   -23.619052,    -0.007735,
  1630.500,    45.870685,   -18.819349,    -0.009154,
  1630.550,    50.372776,   -11.499617,    -0.005848,
  1630.600,    53.377714,    -3.149112,    -0.002482,
  1630.650,    53.439317,     4.452853,    -0.000294,
  1630.700,    48.469021,    10.046533,     0.001968,
  1630.750,    35.525753,    13.060233,     0.008360,
  1630.800,    11.235899,    13.620158,     0.014681,
  1630.850,   -27.884250,    12.157680,     0.015899,
  1630.900,   -84.310880,     9.274574,     0.021802,
  1630.950,  -157.677030,     5.856123,     0.024479,
  1631.000,  -243.244656,     2.993944,     0.024744,
  1631.050,  -330.564805,     1.406954,     0.020402,
  1631.100,  -403.534718,     1.309775,     0.023754,
  1631.150,  -442.624622,     2.395546,     0.017338,
  1631.200,  -430.153672,     3.763499,     0.009269,
  1631.250,  -357.883095,     4.322650,     0.014833,
  1631.300,  -232.802880,     3.926636,     0.015413,
  1631.350,   -76.242450,     3.166550,     0.017760,
  1631.400,    83.963085,     2.265575,     0.015103,
  1631.450,   222.940246,     1.160862,     0.007760,
  1631.500,   324.209057,     0.170592,     0.008398,
  1631.550,   380.225535,    -0.376537,    -0.001775,
  1631.600,   390.503260,    -0.448203,    -0.010538,
  1631.650,   360.243833,    -0.184167,    -0.014434,
  1631.700,   299.911745,     0.207198,    -0.014507,
  1631.750,   224.467441,     0.439720,    -0.014390,
  1631.800,   149.452600,     0.576219,    -0.013776,
  1631.850,    85.702616,     0.828175,    -0.013475,
  1631.900,    36.050096,     1.151283,    -0.008714,
  1631.950,    -1.376352,     1.302174,    -0.010754,
  1632.000,   -27.620394,     1.393799,    -0.009554,
  1632.050,   -40.934925,     1.363982,    -0.006597,
  1632.100,   -40.729202,     0.892051,    -0.003348,
  1632.150,   -31.472844,    -0.002850,    -0.005597,
  1632.200,   -20.767481,    -0.749953,    -0.002551,
  1632.250,   -13.798172,    -0.775002,    -0.002570,
  1632.300,   -10.866224,    -0.086435,    -0.001975,
  1632.350,   -10.396927,     0.719788,    -0.001239,
  1632.400,   -11.863299,     0.976297,     0.003282,
  1632.450,   -15.334771,     0.479779,     0.002053,
  1632.500,   -19.781897,    -0.447088,     0.002721,
  1632.550,   -23.399390,    -1.509570,     0.007468,
  1632.600,   -25.011525,    -2.620741,     0.006713,
  1632.650,   -24.027895,    -3.634282,     0.001777,
  1632.700,   -20.203919,    -4.182021,    -0.000648,
  1632.750,   -14.303913,    -3.906807,     0.001111,
  1632.800,    -8.101152,    -2.793900,     0.005494,
  1632.850,    -3.283249,    -1.227206,     0.010016,
  1632.900,    -0.407090,     0.409447,     0.009390,
  1632.950,     0.564556,     1.757836,     0.006720,
  1633.000,    -0.128817,     2.638111,     0.000844,
  1633.050,    -2.057630,     3.037544,    -0.000543,
  1633.100,    -4.479170,     2.807701,     0.009622,
  1633.150,    -6.759447,     1.846147,     0.007154,
  1633.200,    -8.451807,     0.418482,     0.004093,
  1633.250,    -8.831060,    -0.781082,     0.001389,
  1633.300,    -7.777229,    -1.114038,     0.002431,
  1633.350,    -6.007202,    -0.548134,     0.009501,
  1633.400,    -4.117251,     0.372960,    -0.000412,
  1633.450,    -2.182672,     1.093779,    -0.003600,
  1633.500,    -0.441003,     1.532629,    -0.001390,
  1633.550,     0.511837,     1.931117,    -0.004511,
  1633.600,     0.654509,     2.205702,    -0.007448,
  1633.650,     0.649187,     2.028786,    -0.000758,
  1633.700,     0.633195,     1.294591,    -0.002211,
  1633.750,     0.076566,     0.509281,    -0.002232,
  1633.800,    -0.957750,     0.259539,    -0.004243,
  1633.850,    -1.898459,     0.637703,    -0.005137,
  1633.900,    -2.621893,     1.288410,    -0.002614,
  1633.950,    -3.171113,     1.735328,    -0.004348,
  1634.000,    -3.418654,     2.004661,    -0.001253,
  1634.050,    -3.531394,     2.524687,    -0.001442,
  1634.100,    -3.741646,     3.538086,    -0.002011,
  1634.150,    -3.941571,     4.817174,     0.001372,
  1634.200,    -3.998922,     5.771806,    -0.000780,
  1634.250,    -4.574459,     5.894634,     0.003588,
  1634.300,    -6.080395,     5.019867,     0.002453,
  1634.350,    -7.996276,     3.374413,     0.007772,
  1634.400,    -9.633310,     1.468931,     0.007354,
  1634.450,   -10.775491,    -0.234864,     0.004910,
  1634.500,   -11.464064,    -1.331142,     0.006231,
  1634.550,   -11.436259,    -1.620024,     0.010531,
  1634.600,   -10.134265,    -1.193751,     0.006526,
  1634.650,    -7.333672,    -0.221375,     0.008789,
  1634.700,    -3.213395,     0.944310,     0.007974,
  1634.750,     1.359564,     1.802740,     0.005970,
  1634.800,     5.455450,     2.103127,     0.003648,
  1634.850,     8.376212,     1.980898,     0.002265,
  1634.900,     9.753488,     1.834150,     0.002283,
  1634.950,     9.570159,     1.554471,    -0.004646,
  1635.000,     8.159841,     0.849765,    -0.001584,
  1635.050,     5.941326,    -0.364628,    -0.002022,
  1635.100,     3.484089,    -1.647068,    -0.004599,
  1635.150,     1.377886,    -2.463542,    -0.010000,
  1635.200,     0.137819,    -2.393592,    -0.006508,
  1635.250,    -0.152483,    -1.539666,    -0.008208,
  1635.300,     0.331219,    -0.367061,    -0.010032,
  1635.350,     1.066137,     0.786164,    -0.006761,
  1635.400,     1.422810,     1.800347,    -0.007671,
  1635.450,     1.218618,     2.567745,    -0.005178,
  1635.500,     0.779755,     2.857418,    -0.003602,
  1635.550,     0.338922,     2.729597,    -0.003010,
  1635.600,    -0.142281,     2.507415,    -0.003070,
  1635.650,    -0.553932,     2.725166,    -0.000561,
  1635.700,    -0.729946,     3.536522,     0.001310,
  1635.750,    -0.643573,     4.719953,     0.004280,
  1635.800,    -0.425387,     5.978758,     0.003193,
  1635.850,    -0.173424,     7.139484,     0.000845,
  1635.900,    -0.019640,     8.018270,     0.006689,
  1635.950,     0.026107,     8.408722,     0.010483,
  1636.000,     0.129048,     8.099335,     0.010241,
  1636.050,     0.292583,     6.992960,     0.002829,
  1636.100,     0.340856,     5.083596,     0.005107,
  1636.150,     0.405473,     2.715300,     0.005003,
  1636.200,     0.401344,     0.553834,     0.006406,
  1636.250,     0.156064,    -0.974464,     0.008569,
  1636.300,    -0.370564,    -1.866223,     0.008017,
  1636.350,    -0.845112,    -2.360050,     0.002166,
  1636.400,    -0.881469,    -2.625182,     0.003276,
  1636.450,    -0.494062,    -2.683920,     0.008002,
  1636.500,     0.002834,    -2.569406,     0.003465,
  1636.550,     0.228817,    -2.462354,    -0.004489,
  1636.600,    -0.025744,    -2.381856,    -0.003048,
  1636.650,    -0.532411,    -2.249739,    -0.002254,
  1636.700,    -1.031427,    -1.943175,    -0.001630,
  1636.750,    -1.552324,    -1.563875,    -0.003804,
  1636.800,    -1.992679,    -1.173989,    -0.005900,
  1636.850,    -2.190893,    -0.740138,    -0.000454,
  1636.900,    -1.950726,    -0.124872,    -0.008173,
  1636.950,    -1.273186,     0.609759,    -0.002923,
  1637.000,    -0.337252,     1.406203,     0.000566,
  1637.050,     0.594438,     2.317221,    -0.001632,
  1637.100,     1.295921,     3.254949,    -0.004858,
  1637.150,     1.715861,     4.003688,    -0.000696,
  1637.200,     1.830755,     4.135708,     0.001401,
  1637.250,     1.586301,     3.405202,    -0.002469,
  1637.300,     0.913175,     1.985505,    -0.003413,
  1637.350,    -0.025797,     0.434592,     0.001893,
  1637.400,    -0.796123,    -0.822254,     0.006075,
  1637.450,    -1.015049,    -1.575648,     0.001130,
  1637.500,    -0.685777,    -1.729813,     0.000532,
  1637.550,    -0.096585,    -1.255113,     0.002502,
  1637.600,     0.370084,    -0.338612,     0.005700,
  1637.650,     0.588829,     0.763632,     0.003323,
  1637.700,     0.781424,     1.740224,     0.006114,
  1637.750,     0.961712,     2.460679,     0.004754,
  1637.800,     0.901015,     2.958997,     0.001528,
  1637.850,     0.504771,     3.299934,     0.003535,
  1637.900,     0.024911,     3.385711,     0.005471,
  1637.950,    -0.163901,     3.162409,     0.003349,
  1638.000,     0.049260,     2.824086,     0.000468,
  1638.050,     0.422357,     2.523193,     0.002441,
  1638.100,     0.680822,     2.167881,     0.000594,
  1638.150,     0.769768,     1.673464,    -0.002469,
  1638.200,     0.951110,     1.097867,    -0.005976,
  1638.250,     1.433444,     0.595649,    -0.003495,
  1638.300,     2.086056,     0.267708,    -0.001473,
  1638.350,     2.590067,     0.215812,    -0.000830,
  1638.400,     2.610053,     0.300757,    -0.003153,
  1638.450,     2.078097,     0.210374,    -0.005741,
  1638.500,     1.100669,    -0.234144,    -0.003390,
  1638.550,    -0.012288,    -0.859218,    -0.004342,
  1638.600,    -0.924044,    -1.345800,    -0.004822,
  1638.650,    -1.438442,    -1.384178,    -0.005595,
  1638.700,    -1.491497,    -1.020408,    -0.007685,
  1638.750,    -1.125773,    -0.342018,    -0.007493,
  1638.800,    -0.485000,     0.725234,    -0.006377,
  1638.850,     0.260519,     2.078701,    -0.004530,
  1638.900,     0.784052,     3.398893,    -0.004786,
  1638.950,     0.962533,     4.392974,    -0.003811,
  1639.000,     0.868771,     4.958612,    -0.001661,
  1639.050,     0.714886,     5.103479,     0.002114,
  1639.100,     0.510279,     4.824185,     0.005962,
  1639.150,     0.127587,     3.945542,     0.007690,
  1639.200,    -0.562142,     2.410317,     0.006681,
  1639.250,    -1.361972,     0.343592,     0.010004,
  1639.300,    -1.917702,    -1.854028,     0.009490,
  1639.350,    -2.009640,    -3.661547,     0.009599,
  1639.400,    -1.683581,    -4.850082,     0.006333,
  1639.450,    -1.189512,    -5.255514,     0.003613,
  1639.500,    -0.758082,    -4.758078,     0.004123,
  1639.550,    -0.360436,    -3.317165,     0.002727,
  1639.600,     0.028172,    -1.240698,     0.007146,
  1639.650,     0.400342,     1.045305,     0.003469,
  1639.700,     0.737378,     2.943423,    -0.002556,
  1639.750,     1.181277,     4.244858,     0.002975,
  1639.800,     1.931341,     5.100088,     0.000998,
  1639.850,     2.915341,     5.546860,    -0.004781,
  1639.900,     3.887248,     5.334418,    -0.008641,
  1639.950,     4.568769,     4.304736,    -0.012221,
  1640.000,     4.850901,     2.511987,    -0.009374,
  1640.050,     4.742528,     0.352506,    -0.009686,
  1640.100,     4.228792,    -1.575325,    -0.011640,
  1640.150,     3.352665,    -2.746470,    -0.008954,
  1640.200,     2.136258,    -3.031769,    -0.005349,
  1640.250,     0.604277,    -2.697153,    -0.008401,
  1640.300,    -0.956336,    -2.044046,    -0.003462,
  1640.350,    -2.144275,    -1.309203,    -0.006201,
  1640.400,    -2.737352,    -0.531349,    -0.002982,
  1640.450,    -2.821620,     0.062713,     0.001204,
  1640.500,    -2.625001,     0.293488,     0.001181,
  1640.550,    -2.288457,     0.269254,     0.002176,
  1640.600,    -1.904321,     0.404838,     0.005863,
  1640.650,    -1.480695,     1.032106,     0.009346,
  1640.700,    -1.132839,     2.062719,     0.003448,
  1640.750,    -0.946769,     3.106748,     0.004115,
  1640.800,    -0.837987,     3.840306,     0.007094,
  1640.850,    -0.659805,     4.170689,     0.005299,
  1640.900,    -0.432922,     4.128747,     0.009044,
  1640.950,    -0.231148,     3.825790,     0.007316,
  1641.000,    -0.007384,     3.105605,     0.001869,
  1641.050,     0.326186,     1.919317,     0.003911,
  1641.100,     0.727482,     0.499471,    -0.004527,
  1641.150,     1.200629,    -0.655401,    -0.001172,
  1641.200,     1.700620,    -1.180790,     0.004115,
  1641.250,     2.217090,    -0.932680,    -0.003851,
  1641.300,     2.618968,     0.065962,    -0.005855,
  1641.350,     2.679499,     1.640657,    -0.002320,
  1641.400,     2.236572,     3.587384,    -0.005260,
  1641.450,     1.414841,     5.627009,    -0.006124,
  1641.500,     0.543240,     7.283995,    -0.001961,
  1641.550,    -0.126774,     7.929273,    -0.008392,
  1641.600,    -0.406700,     7.229707,    -0.006111,
  1641.650,    -0.305146,     5.437746,    -0.000469,
  1641.700,     0.165100,     3.255428,    -0.006225,
  1641.750,     0.907281,     1.287893,    -0.002889,
  1641.800,     1.776687,    -0.430065,     0.001993,
  1641.850,     2.567622,    -1.912394,    -0.003694,
  1641.900,     3.199772,    -2.921142,    -0.002248,
  1641.950,     3.725873,    -3.164518,     0.004109,
  1642.000,     4.209683,    -2.711609,    -0.004143,
  1642.050,     4.570180,    -2.023525,    -0.006742,
  1642.100,     4.848532,    -1.612473,     0.007106,
  1642.150,     5.101749,    -1.626222,     0.004241,
  1642.200,     5.478170,    -1.895577,    -0.000295,
  1642.250,     5.941650,    -2.231396,    -0.001908,
  1642.300,     6.333579,    -2.317654,     0.000150,
  1642.350,     6.597756,    -1.902629,     0.002465,
  1642.400,     6.737311,    -0.786280,    -0.001905,
  1642.450,     6.640657,     1.129492,    -0.002538,
  1642.500,     6.059679,     3.499094,    -0.001891,
  1642.550,     4.498179,     5.749574,     0.002713,
  1642.600,     1.270976,     7.199591,    -0.002417,
  1642.650,    -4.304028,     7.364164,     0.002023,
  1642.700,   -12.661055,     6.108811,     0.006853,
  1642.750,   -23.797141,     3.760737,     0.003510,
  1642.800,   -36.963395,     1.035424,     0.000568,
  1642.850,   -50.729087,    -1.500944,     0.006880,
  1642.900,   -62.645411,    -3.580921,     0.010092,
  1642.950,   -69.312183,    -5.075783,     0.007268,
  1643.000,   -67.187073,    -5.654107,     0.004475,
  1643.050,   -54.093209,    -4.892246,    -0.000570,
  1643.100,   -30.329494,    -2.572867,    -0.004424,
  1643.150,     0.790000,     0.931624,    -0.002325,
  1643.200,    33.680228,     4.734468,    -0.006641,
  1643.250,    61.865594,     7.863014,    -0.004901,
  1643.300,    80.223355,     9.581584,    -0.004433,
  1643.350,    86.540501,     9.571676,    -0.007546,
  1643.400,    81.440246,     7.899424,    -0.007190,
  1643.450,    67.452791,     4.949290,    -0.005714,
  1643.500,    47.862124,     1.389123,    -0.003290,
  1643.550,    26.137799,    -1.934049,    -0.007381,
  1643.600,     5.868309,    -4.311451,    -0.008139,
  1643.650,    -9.842732,    -5.354010,    -0.007017,
  1643.700,   -19.479605,    -5.268690,    -0.001653,
  1643.750,   -23.640654,    -4.557273,    -0.000998,
  1643.800,   -24.169709,    -3.695180,     0.001385,
  1643.850,   -22.462043,    -2.738433,     0.005185,
  1643.900,   -18.751757,    -1.598857,     0.006995,
  1643.950,   -13.227169,    -0.426964,     0.002990,
  1644.000,    -7.155139,     0.606600,     0.004692,
  1644.050,    -2.523359,     1.409146,     0.004220,
  1644.100,    -0.371216,     2.057791,     0.003306,
  1644.150,    -0.316677,     2.602047,     0.006187,
  1644.200,    -1.325631,     3.052287,     0.004872,
  1644.250,    -2.666838,     3.248419,     0.007967,
  1644.300,    -3.952668,     3.271796,     0.005099,
  1644.350,    -4.800885,     3.133470,     0.003170,
  1644.400,    -4.914447,     2.880073,     0.001577,
  1644.450,    -4.362948,     2.369453,     0.001253,
  1644.500,    -3.199408,     1.468208,     0.000117,
  1644.550,    -1.543951,     0.140516,     0.001085,
  1644.600,     0.275156,    -1.456805,     0.001263,
  1644.650,     1.645503,    -3.080571,    -0.006432,
  1644.700,     2.287634,    -4.479910,    -0.006210,
  1644.750,     2.399278,    -5.262017,    -0.009091,
  1644.800,     2.325625,    -5.094079,    -0.008619,
  1644.850,     2.179841,    -3.856473,    -0.007803,
  1644.900,     1.938046,    -1.698483,    -0.009068,
  1644.950,     1.546505,     0.847717,    -0.007001,
  1645.000,     1.097399,     3.351845,    -0.007813,
  1645.050,     0.695470,     5.478878,    -0.006532,
  1645.100,     0.531901,     6.879348,     0.000499,
  1645.150,     0.522514,     7.193092,     0.003885,
  1645.200,     0.351370,     6.209300,     0.004872,
  1645.250,    -0.000597,     4.192611,     0.002216,
  1645.300,    -0.268920,     1.729110,     0.003744,
  1645.350,    -0.250217,    -0.502945,     0.003813,
  1645.400,    -0.015720,    -2.066343,     0.005568,
  1645.450,     0.420456,    -2.800311,     0.005760,
  1645.500,     1.128617,    -2.672023,     0.002253,
  1645.550,     2.050225,    -1.756019,     0.000362,
  1645.600,     2.882821,    -0.414681,     0.000482,
  1645.650,     3.406048,     0.885057,     0.003540,
  1645.700,     3.401647,     1.681047,     0.004663,
  1645.750,     2.736496,     1.914041,     0.002540,
  1645.800,     1.527925,     1.801556,     0.002902,
  1645.850,     0.220722,     1.604196,     0.000395,
  1645.900,    -0.837418,     1.597945,    -0.003270,
  1645.950,    -1.647694,     1.796716,    -0.004973,
  1646.000,    -2.286972,     2.086455,    -0.007890,
  1646.050,    -2.660044,     2.404416,    -0.002201,
  1646.100,    -2.733555,     2.883028,     0.001905,
  1646.150,    -2.593145,     3.470125,    -0.000483,
  1646.200,    -2.381244,     3.800494,    -0.000596,
  1646.250,    -2.264314,     3.519708,     0.001960,
  1646.300,    -2.262812,     2.324408,     0.001056,
  1646.350,    -2.330913,     0.377733,    -0.007774,
  1646.400,    -2.282428,    -1.639211,    -0.005855,
  1646.450,    -1.884192,    -3.273408,     0.002087,
  1646.500,    -0.998869,    -4.368732,    -0.000865,
  1646.550,     0.460264,    -4.902630,     0.001580,
  1646.600,     2.308642,    -4.539004,     0.004931,
  1646.650,     4.101174,    -2.895854,     0.007719,
  1646.700,     5.480846,    -0.051166,     0.007924,
  1646.750,     5.972775,     3.371334,     0.006381,
  1646.800,     5.402623,     6.374152,     0.003075,
  1646.850,     3.859381,     8.159886,    -0.003881,
  1646.900,     1.729092,     8.407146,    -0.005290,
  1646.950,    -0.426450,     7.260378,    -0.003930,
  1647.000,    -2.164858,     5.100806,     0.003029,
  1647.050,    -3.259161,     2.369490,    -0.001251,
  1647.100,    -3.729785,    -0.467867,    -0.006090,
  1647.150,    -3.596219,    -2.881076,    -0.003574,
  1647.200,    -2.733298,    -4.160517,    -0.003018,
  1647.250,    -1.190490,    -4.009448,    -0.004956,
  1647.300,     0.745306,    -2.728079,    -0.001251,
  1647.350,     2.738763,    -0.931201,     0.004437,
  1647.400,     4.224510,     0.907262,    -0.006364,
  1647.450,     4.871676,     2.466837,    -0.007986,
  1647.500,     4.537439,     3.419829,    -0.001736,
  1647.550,     3.359283,     3.613173,     0.003469,
  1647.600,     1.637250,     2.940241,     0.005629,
  1647.650,    -0.319022,     1.733533,     0.001009,
  1647.700,    -2.061015,     0.600073,     0.001263,
  1647.750,    -3.160750,     0.106117,     0.005950,
  1647.800,    -3.478478,     0.398465,     0.005511,
  1647.850,    -3.125820,     1.138148,     0.002366,
  1647.900,    -2.416949,     1.833618,     0.004283,
  1647.950,    -1.735076,     2.254569,     0.006545,
  1648.000,    -1.100380,     2.366573,     0.006054,
  1648.050,    -0.420857,     2.160168,     0.006485,
  1648.100,     0.159200,     1.678289,     0.002724,
  1648.150,     0.564507,     1.088022,     0.000593,
  1648.200,     0.813264,     0.468325,     0.003521,
  1648.250,     1.061189,    -0.085080,     0.000000,
  1648.300,     1.379364,    -0.424321,    -0.004633,
  1648.350,     1.644583,    -0.445310,    -0.000751,
  1648.400,     1.673726,    -0.052121,    -0.005804,
  1648.450,     1.503837,     0.676347,    -0.009262,
  1648.500,     1.191992,     1.592305,    -0.002383,
  1648.550,     0.876119,     2.568017,     0.000078,
  1648.600,     0.515074,     3.345554,    -0.002278,
  1648.650,    -0.016284,     3.660376,    -0.007349,
  1648.700,    -0.722887,     3.156357,    -0.002519,
  1648.750,    -1.425503,     1.812877,    -0.000946,
  1648.800,    -2.020164,     0.100915,    -0.001560,
  1648.850,    -2.432700,    -1.311793,     0.000319,
  1648.900,    -2.558971,    -1.930688,     0.007343,
  1648.950,    -2.204947,    -1.794235,    -0.000792,
  1649.000,    -1.407690,    -1.199253,    -0.002038,
  1649.050,    -0.195182,    -0.342031,     0.002211,
  1649.100,     1.114139,     0.771827,     0.004898,
  1649.150,     2.227832,     1.928787,     0.003747,
  1649.200,     3.038400,     2.813558,     0.001557,
  1649.250,     3.470096,     3.133130,    -0.001090,
  1649.300,     3.459043,     2.861016,     0.001013,
  1649.350,     2.848911,     2.236333,    -0.000403,
  1649.400,     1.756572,     1.521251,     0.000069,
  1649.450,     0.393603,     0.906289,     0.002047,
  1649.500,    -0.801430,     0.542241,    -0.000181,
  1649.550,    -1.573317,     0.529363,     0.003135,
  1649.600,    -1.812044,     0.919639,     0.003758,
  1649.650,    -1.617184,     1.593277,     0.002297,
  1649.700,    -1.094684,     2.286626,    -0.002554,
  1649.750,    -0.354209,     2.769640,     0.004587,
  1649.800,     0.405018,     2.829136,    -0.000127,
  1649.850,     0.942543,     2.390700,    -0.004407,
  1649.900,     1.141277,     1.623867,     0.000357,
  1649.950,     1.044918,     0.734181,    -0.000131,
  1650.000,     0.855811,     0.053056,     0.003945,
  1650.050,     0.823829,    -0.300182,    -0.001669,
  1650.100,     0.984567,    -0.330311,     0.000579,
  1650.150,     1.223232,     0.160527,     0.000367,
  1650.200,     1.441776,     1.115636,     0.005585,
  1650.250,     1.569867,     2.248310,    -0.002858,
  1650.300,     1.633536,     3.317872,     0.001654,
  1650.350,     1.548235,     4.218050,    -0.001310,
  1650.400,     1.132795,     4.802698,    -0.003913,
  1650.450,     0.331498,     4.799560,     0.002370,
  1650.500,    -0.761816,     3.937437,     0.002494,
  1650.550,    -1.794310,     2.234988,     0.001272,
  1650.600,    -2.410762,     0.093360,    -0.003154,
  1650.650,    -2.633948,    -1.962899,    -0.004331,
  1650.700,    -2.540692,    -3.475688,    -0.003078,
  1650.750,    -2.145982,    -4.036231,    -0.004353,
  1650.800,    -1.211098,    -3.473809,    -0.001202,
  1650.850,     0.329583,    -1.886582,    -0.005827,
  1650.900,     2.134755,     0.126319,    -0.005103,
  1650.950,     3.631788,     1.818449,    -0.000194,
  1651.000,     4.351142,     2.693813,    -0.001362,
  1651.050,     4.136342,     2.733047,    -0.001616,
  1651.100,     3.125946,     2.152289,    -0.001313,
  1651.150,     1.678840,     1.258361,    -0.002865,
  1651.200,     0.135976,     0.158188,     0.002413,
  1651.250,    -1.277452,    -0.942973,     0.002762,
  1651.300,    -2.368016,    -1.804075,     0.003074,
  1651.350,    -2.816928,    -2.231281,     0.006462,
  1651.400,    -2.487991,    -2.134919,     0.006827,
  1651.450,    -1.512448,    -1.592647,     0.005481,
  1651.500,    -0.295352,    -0.586536,     0.004382,
  1651.550,     0.829287,     0.569924,     0.003430,
  1651.600,     1.740819,     1.485851,    -0.000552,
  1651.650,     2.350781,     1.863712,     0.002455,
  1651.700,     2.512725,     1.731539,     0.001254,
  1651.750,     2.185627,     1.275343,    -0.005043,
  1651.800,     1.452937,     0.735871,    -0.004310,
  1651.850,     0.659370,     0.323951,     0.000249,
  1651.900,     0.215119,     0.344839,    -0.003697,
  1651.950,     0.214408,     0.881324,    -0.006432,
  1652.000,     0.436665,     1.640736,    -0.008551,
  1652.050,     0.608952,     2.277143,    -0.010389,
  1652.100,     0.548545,     2.580827,    -0.008420,
  1652.150,     0.327209,     2.568938,    -0.007852,
  1652.200,     0.068386,     2.170394,    -0.009820,
  1652.250,    -0.188648,     1.352140,    -0.006293,
  1652.300,    -0.410799,     0.204674,    -0.000777,
  1652.350,    -0.588751,    -0.882404,    -0.000429,
  1652.400,    -0.717588,    -1.414204,     0.000396,
  1652.450,    -0.748866,    -1.075575,     0.000830,
  1652.500,    -0.586419,     0.051595,     0.001310,
  1652.550,    -0.271710,     1.459865,     0.006079,
  1652.600,     0.171697,     2.605237,     0.004310,
  1652.650,     0.714669,     3.283422,     0.004150,
  1652.700,     1.261095,     3.466495,     0.006996,
  1652.750,     1.684235,     3.142623,     0.011387,
  1652.800,     1.846511,     2.283277,     0.005734,
  1652.850,     1.548118,     0.979266,     0.006830,
  1652.900,     0.812629,    -0.404800,     0.004396,
  1652.950,    -0.105563,    -1.550247,     0.003317,
  1653.000,    -0.837814,    -2.182721,     0.006096,
  1653.050,    -1.053939,    -2.153554,     0.001343,
  1653.100,    -0.808248,    -1.634214,    -0.001500,
  1653.150,    -0.331818,    -0.797085,    -0.005871,
  1653.200,     0.164827,     0.248118,    -0.004070,
  1653.250,     0.609951,     1.459119,    -0.003787,
  1653.300,     1.037190,     2.663853,    -0.008375,
  1653.350,     1.302903,     3.522087,    -0.003942,
  1653.400,     1.333412,     3.822955,    -0.005612,
  1653.450,     1.120016,     3.637938,    -0.010828,
  1653.500,     0.766692,     3.161850,    -0.007861,
  1653.550,     0.479907,     2.520111,    -0.003954,
  1653.600,     0.323153,     1.814874,    -0.002052,
  1653.650,     0.280212,     1.234400,    -0.000680,
  1653.700,     0.418809,     0.964248,     0.003149,
  1653.750,     0.683375,     1.153447,     0.003184,
  1653.800,     1.108133,     1.694563,     0.000029,
  1653.850,     1.540231,     2.303654,     0.008119,
  1653.900,     1.801864,     2.495366,     0.003017,
  1653.950,     1.834682,     2.154924,     0.005461,
  1654.000,     1.585685,     1.370564,     0.005443,
  1654.050,     1.154852,     0.382061,     0.003925,
  1654.100,     0.728702,    -0.531363,     0.010368,
  1654.150,     0.410968,    -1.062805,     0.003587,
  1654.200,     0.240354,    -1.035515,     0.001737,
  1654.250,     0.265050,    -0.385731,     0.001961,
  1654.300,     0.471648,     0.691815,    -0.001919,
  1654.350,     0.813019,     1.933382,    -0.003397,
  1654.400,     1.034263,     3.167818,    -0.001803,
  1654.450,     0.867538,     4.040509,    -0.005137,
  1654.500,     0.079208,     4.375167,    -0.001792,
  1654.550,    -1.328689,     4.107046,    -0.000085,
  1654.600,    -3.436879,     3.441271,    -0.003023,
  1654.650,    -6.183055,     2.591825,    -0.002465,
  1654.700,    -9.161175,     1.536290,    -0.003855,
  1654.750,   -11.616647,     0.339489,    -0.001853,
  1654.800,   -12.526287,    -0.839023,    -0.004201,
  1654.850,   -11.099611,    -1.675263,    -0.002529,
  1654.900,    -7.001273,    -1.996982,    -0.003209,
  1654.950,    -0.573624,    -1.820432,    -0.000057,
  1655.000,     7.059198,    -1.270407,    -0.003224,
  1655.050,    14.085383,    -0.493290,    -0.001163,
  1655.100,    18.775265,     0.607018,    -0.002525,
  1655.150,    20.054040,     1.841395,     0.000372,
  1655.200,    17.942576,     2.976855,     0.000322,
  1655.250,    13.356399,     3.762788,     0.007507,
  1655.300,     7.513077,     4.141734,     0.000430,
  1655.350,     1.441559,     4.145293,     0.002571,
  1655.400,    -3.965291,     3.864822,     0.002213,
  1655.450,    -7.936622,     3.244388,     0.005294,
  1655.500,    -9.904943,     2.195073,     0.006238,
  1655.550,    -9.897744,     0.900733,     0.002991,
  1655.600,    -8.440784,    -0.429988,     0.002984,
  1655.650,    -6.268441,    -1.408666,     0.003200,
  1655.700,    -3.951632,    -1.807847,     0.000138,
  1655.750,    -1.744020,    -1.769096,    -0.002916,
  1655.800,     0.170777,    -1.473016,    -0.003166,
  1655.850,     1.493097,    -1.085380,    -0.005616,
  1655.900,     2.024431,    -0.577102,    -0.000625,
  1655.950,     1.704957,     0.080463,    -0.003176,
  1656.000,     1.020194,     0.942668,    -0.002049,
  1656.050,     0.447753,     1.876642,     0.001883,
  1656.100,     0.207977,     2.847501,    -0.001288,
  1656.150,     0.254654,     3.721898,     0.001821,
  1656.200,     0.427193,     4.248206,    -0.001137,
  1656.250,     0.616052,     4.202214,     0.003227,
  1656.300,     0.749017,     3.353246,    -0.000288,
  1656.350,     0.813959,     1.916903,     0.003720,
  1656.400,     0.761979,     0.319465,    -0.000049,
  1656.450,     0.454448,    -1.015867,     0.001333,
  1656.500,     0.022231,    -1.926385,     0.003646,
  1656.550,    -0.317786,    -2.433142,     0.001134,
  1656.600,    -0.234735,    -2.618615,     0.002949,
  1656.650,     0.283214,    -2.587156,     0.003491,
  1656.700,     0.984772,    -2.401076,     0.003187,
  1656.750,     1.505386,    -2.161640,     0.004205,
  1656.800,     1.721686,    -1.677688,    -0.002834,
  1656.850,     1.635329,    -0.860168,     0.002616,
  1656.900,     1.329019,     0.249309,     0.002107,
  1656.950,     0.809379,     1.487038,     0.001212,
  1657.000,     0.135757,     2.530050,     0.001553,
  1657.050,    -0.653654,     3.091155,    -0.002918,
  1657.100,    -1.316108,     3.094993,     0.004077,
  1657.150,    -1.623042,     2.552871,     0.000153,
  1657.200,    -1.496736,     1.766720,    -0.002302,
  1657.250,    -0.999503,     0.884781,    -0.002984,
  1657.300,    -0.348217,     0.133546,    -0.004452,
  1657.350,     0.403517,    -0.366438,    -0.007809,
  1657.400,     1.208889,    -0.600281,     0.004658,
  1657.450,     1.985043,    -0.555912,     0.007300,
  1657.500,     2.421438,    -0.281646,     0.002336,
  1657.550,     2.419398,     0.095342,    -0.002729,
  1657.600,     1.961099,     0.421960,    -0.006961,
  1657.650,     1.287630,     0.527875,    -0.000146,
  1657.700,     0.584664,     0.364514,    -0.001464,
  1657.750,    -0.015863,     0.217246,     0.003168,
  1657.800,    -0.418739,     0.330583,     0.004866,
  1657.850,    -0.609323,     0.759865,     0.008750,
  1657.900,    -0.493592,     1.271932,    -0.004708,
  1657.950,    -0.033370,     1.754661,     0.001920,
  1658.000,     0.464552,     2.053071,     0.001289,
  1658.050,     0.716377,     2.051475,     0.000719,
  1658.100,     0.610290,     1.749968,     0.002354,
  1658.150,     0.175558,     1.257728,     0.005116,
  1658.200,    -0.380876,     0.738166,     0.007265,
  1658.250,    -0.836311,     0.284834,     0.005145,
  1658.300,    -0.991223,    -0.112484,     0.002666,
  1658.350,    -0.705869,    -0.434638,     0.004089,
  1658.400,    -0.029070,    -0.599247,     0.007003,
  1658.450,     0.943005,    -0.513607,     0.002150,
  1658.500,     1.921468,    -0.238587,    -0.001047,
  1658.550,     2.711653,     0.133237,     0.001386,
  1658.600,     3.058351,     0.732043,     0.000205,
  1658.650,     2.863624,     1.685146,     0.002118,
  1658.700,     2.132818,     3.120261,    -0.002881,
  1658.750,     1.162162,     4.878546,    -0.003103,
  1658.800,     0.183975,     6.469332,    -0.010243,
  1658.850,    -0.647369,     7.482532,    -0.005269,
  1658.900,    -1.333387,     7.620730,    -0.002452,
  1658.950,    -1.825253,     6.938656,    -0.006456,
  1659.000,    -1.992648,     5.741972,    -0.005651,
  1659.050,    -1.751154,     4.359323,    -0.006789,
  1659.100,    -1.126381,     2.981788,    -0.007592,
  1659.150,    -0.301090,     1.775527,    -0.000398,
  1659.200,     0.560996,     0.980509,     0.001296,
  1659.250,     1.351945,     0.699717,    -0.000355,
  1659.300,     1.959554,     0.885243,     0.002370,
  1659.350,     2.285096,     1.351445,     0.004499,
  1659.400,     2.228482,     1.931611,     0.004584,
  1659.450,     1.863165,     2.507167,     0.003054,
  1659.500,     1.356413,     3.134061,     0.008242,
  1659.550,     0.809972,     3.689834,     0.009575,
  1659.600,     0.329475,     3.875714,     0.004675,
  1659.650,    -0.169158,     3.622396,     0.007681,
  1659.700,    -0.621536,     3.076737,     0.002844,
  1659.750,    -1.046096,     2.395314,     0.004556,
  1659.800,    -1.324967,     1.571273,    -0.002901,
  1659.850,    -1.285203,     0.503013,    -0.001440,
  1659.900,    -1.013598,    -0.738879,     0.000117,
  1659.950,    -0.668305,    -1.913048,    -0.004856,
  1660.000,    -0.328110,    -2.798245,    -0.007354,
  1660.050,    -0.005151,    -3.224781,    -0.009234,
  1660.100,     0.344365,    -3.221053,    -0.008045,
  1660.150,     0.797500,    -2.804620,    -0.000011,
  1660.200,     1.261687,    -2.148245,    -0.000804,
  1660.250,     1.699709,    -1.410656,    -0.007551,
  1660.300,     2.018500,    -0.797256,    -0.005763,
  1660.350,     2.144663,    -0.388298,    -0.006911,
  1660.400,     1.947457,    -0.171309,    -0.000856,
  1660.450,     1.374450,    -0.143347,     0.004539,
  1660.500,     0.405056,    -0.234229,     0.000008,
  1660.550,    -0.618189,    -0.228577,     0.006798,
  1660.600,    -1.451946,     0.068801,     0.005039,
  1660.650,    -1.910721,     0.701912,     0.002520,
  1660.700,    -2.069796,     1.453997,     0.003472,
  1660.750,    -1.969133,     1.984452,     0.010620,
  1660.800,    -1.696510,     2.009002,     0.006858,
  1660.850,    -1.244511,     1.682645,     0.000982,
  1660.900,    -0.745939,     1.189318,     0.007909,
  1660.950,    -0.202428,     0.793602,     0.002002,
  1661.000,     0.389337,     0.557561,     0.001184,
  1661.050,     1.050668,     0.544060,     0.002773,
  1661.100,     1.671073,     0.916237,    -0.005509,
  1661.150,     2.048598,     1.670847,    -0.000361,
  1661.200,     2.058982,     2.608497,    -0.004216,
  1661.250,     1.634945,     3.331257,    -0.006068,
  1661.300,     0.932539,     3.644647,    -0.006559,
  1661.350,     0.212835,     3.527449,    -0.008140,
  1661.400,    -0.382204,     3.179844,    -0.006035,
  1661.450,    -0.758261,     2.787319,    -0.007281,
  1661.500,    -0.842706,     2.367567,    -0.003472,
  1661.550,    -0.712435,     1.812792,    -0.003156,
  1661.600,    -0.438454,     1.181724,    -0.000836,
  1661.650,    -0.072445,     0.711117,     0.004054,
  1661.700,     0.264790,     0.530947,     0.000642,
  1661.750,     0.477129,     0.488361,     0.002166,
  1661.800,     0.478796,     0.321276,     0.005979,
  1661.850,     0.282091,    -0.099044,     0.003238,
  1661.900,     0.156862,    -0.638216,     0.002373,
  1661.950,     0.222227,    -1.168492,     0.009675,
  1662.000,     0.473814,    -1.642323,     0.004632,
  1662.050,     0.793845,    -2.128541,    -0.000593,
  1662.100,     1.037996,    -2.609287,     0.004356,
  1662.150,     1.178471,    -2.854005,     0.005518,
  1662.200,     1.119355,    -2.758244,     0.004799,
  1662.250,     0.806039,    -2.142191,    -0.006824,
  1662.300,     0.299248,    -1.104436,    -0.001461,
  1662.350,    -0.212186,     0.149055,    -0.003107,
  1662.400,    -0.606867,     1.298726,    -0.002022,
  1662.450,    -0.839258,     2.152069,    -0.006963,
  1662.500,    -0.913304,     2.652522,    -0.005750,
  1662.550,    -0.858865,     2.712479,    -0.001405,
  1662.600,    -0.587082,     2.335582,    -0.006020,
  1662.650,    -0.123518,     1.505367,    -0.000416,
  1662.700,     0.471213,     0.331977,    -0.007923,
  1662.750,     1.129293,    -0.850503,    -0.007703,
  1662.800,     1.820769,    -1.663087,     0.004217,
  1662.850,     2.538524,    -1.851653,     0.002128,
  1662.900,     3.217445,    -1.462013,     0.002210,
  1662.950,     3.634760,    -0.657694,     0.000518,
  1663.000,     3.676315,     0.470056,     0.006667,
  1663.050,     3.250543,     1.611680,     0.001498,
  1663.100,     2.445243,     2.417804,     0.004688,
  1663.150,     1.550976,     2.618604,     0.004099,
  1663.200,     0.739641,     2.236875,     0.008053,
  1663.250,     0.184132,     1.566728,     0.003935,
  1663.300,    -0.099513,     0.909070,     0.001859,
  1663.350,    -0.172894,     0.335290,     0.000880,
  1663.400,     0.008596,    -0.128584,    -0.002082,
  1663.450,     0.336755,    -0.489109,     0.001019,
  1663.500,     0.714390,    -0.683536,    -0.004532,
  1663.550,     1.047261,    -0.652590,    -0.004091,
  1663.600,     1.212000,    -0.385626,    -0.005157,
  1663.650,     1.324909,    -0.017839,    -0.003043,
  1663.700,     1.402736,     0.444444,    -0.007384,
  1663.750,     1.413114,     0.892524,    -0.005185,
  1663.800,     1.289806,     1.193859,    -0.005451,
  1663.850,     1.011476,     1.264822,    -0.001657,
  1663.900,     0.654308,     1.118718,     0.001406,
  1663.950,     0.209984,     0.847465,    -0.001087,
  1664.000,    -0.370616,     0.643507,    -0.002417,
  1664.050,    -1.039087,     0.751317,    -0.000049,
  1664.100,    -1.636105,     1.032894,    -0.000314,
  1664.150,    -2.039193,     1.532328,     0.001137,
  1664.200,    -2.162515,     2.102100,     0.008352,
  1664.250,    -2.013386,     2.741598,     0.002430,
  1664.300,    -1.651892,     3.404021,     0.007149,
  1664.350,    -1.125674,     3.894127,     0.006386,
  1664.400,    -0.582255,     4.234944,     0.004569,
  1664.450,    -0.099474,     4.445565,    -0.001768,
  1664.500,     0.229028,     4.695064,     0.002591,
  1664.550,     0.396721,     4.922722,     0.002995,
  1664.600,     0.475928,     5.032285,    -0.001358,
  1664.650,     0.379242,     5.117767,    -0.006788,
  1664.700,     0.179346,     5.328032,    -0.002247,
  1664.750,     0.120010,     5.959065,     0.000581,
  1664.800,     0.236326,     6.803674,     0.001634,
  1664.850,     0.526268,     7.490072,    -0.004965,
  1664.900,     0.807643,     7.701104,     0.000084,
  1664.950,     0.918386,     7.466733,    -0.001140,
  1665.000,     0.834433,     7.052562,    -0.002867,
  1665.050,     0.644481,     6.525639,    -0.010356,
  1665.100,     0.476792,     5.904659,    -0.005032,
  1665.150,     0.400121,     5.249139,    -0.000201,
  1665.200,     0.396431,     4.756499,    -0.006031,
  1665.250,     0.551863,     4.576828,    -0.000593,
  1665.300,     0.880428,     4.564673,    -0.000607,
  1665.350,     1.300350,     4.464241,    -0.002197,
  1665.400,     1.623016,     4.136214,    -0.003441,
  1665.450,     1.699282,     3.484737,     0.003078,
  1665.500,     1.528834,     2.536612,    -0.001782,
  1665.550,     1.307074,     1.379757,     0.000596,
  1665.600,     1.097170,     0.066283,     0.006215,
  1665.650,     0.933235,    -1.190168,     0.003867,
  1665.700,     0.711869,    -2.290469,     0.002803,
  1665.750,     0.418564,    -3.057807,     0.001877,
  1665.800,     0.102224,    -3.343942,     0.003776,
  1665.850,    -0.058989,    -3.233995,     0.004102,
  1665.900,    -0.101797,    -2.801798,    -0.003636,
  1665.950,    -0.220040,    -2.240085,    -0.005296,
  1666.000,    -0.433258,    -1.840208,     0.005885,
  1666.050,    -0.679379,    -1.816641,    -0.000923,
  1666.100,    -0.891668,    -2.159055,     0.003791,
  1666.150,    -1.000078,    -2.810039,     0.001347,
  1666.200,    -1.093109,    -3.625061,     0.001432,
  1666.250,    -1.214712,    -4.496968,    -0.000181,
  1666.300,    -1.370979,    -5.200080,    -0.000363,
  1666.350,    -1.466768,    -5.598534,    -0.004123,
  1666.400,    -1.406504,    -5.491304,    -0.000418,
  1666.450,    -1.210946,    -4.919563,    -0.000155,
  1666.500,    -1.009361,    -4.049773,    -0.001236,
  1666.550,    -0.884358,    -3.068452,    -0.006868,
  1666.600,    -0.764146,    -2.156278,    -0.006632,
  1666.650,    -0.466204,    -1.446474,    -0.004807,
  1666.700,     0.109350,    -1.194588,     0.001272,
  1666.750,     1.000005,    -1.559614,    -0.008760,
  1666.800,     1.958667,    -2.610727,     0.002014,
  1666.850,     2.775985,    -4.017934,    -0.003389,
  1666.900,     3.236973,    -5.278189,    -0.000131,
  1666.950,     3.179737,    -5.879807,     0.001126,
  1667.000,     2.640231,    -5.673035,     0.002772,
  1667.050,     1.759156,    -4.734952,     0.002432,
  1667.100,     0.777155,    -3.323569,     0.009636,
  1667.150,    -0.075664,    -1.801270,     0.008841,
  1667.200,    -0.687208,    -0.609589,    -0.002791,
  1667.250,    -1.123013,     0.036913,     0.000602,
  1667.300,    -1.399423,     0.033841,     0.000409,
  1667.350,    -1.566097,    -0.348014,     0.004345,
  1667.400,    -1.480307,    -0.789643,     0.002648,
  1667.450,    -1.142727,    -0.890134,     0.006722,
  1667.500,    -0.695710,    -0.600818,     0.002355,
  1667.550,    -0.325594,    -0.031359,    -0.000308,
  1667.600,    -0.019145,     0.591116,    -0.001822,
  1667.650,     0.211623,     1.222721,    -0.005926,
  1667.700,     0.390192,     1.755580,    -0.003385,
  1667.750,     0.490232,     2.199291,    -0.004569,
  1667.800,     0.500263,     2.543486,    -0.008371,
  1667.850,     0.483528,     2.887557,     0.000815,
  1667.900,     0.545364,     3.308350,    -0.010252,
  1667.950,     0.633183,     3.920214,    -0.006257,
  1668.000,     0.673598,     4.728247,     0.001216,
  1668.050,     0.613622,     5.719417,    -0.000891,
  1668.100,     0.445437,     6.709065,    -0.004060,
  1668.150,     0.362613,     7.467423,     0.004555,
  1668.200,     0.378620,     7.970446,     0.005987,
  1668.250,     0.505034,     8.313012,     0.006256,
  1668.300,     0.713831,     8.562235,     0.007792,
  1668.350,     0.903460,     8.631434,     0.004446,
  1668.400,     1.161731,     8.193162,     0.002717,
  1668.450,     1.511175,     7.142518,     0.004785,
  1668.500,     1.879226,     5.719724,     0.006564,
  1668.550,     2.159784,     4.280513,     0.003063,
  1668.600,     2.305115,     3.139489,     0.003718,
  1668.650,     2.358141,     2.404705,    -0.001510,
  1668.700,     2.368376,     2.141270,    -0.001969,
  1668.750,     2.279771,     2.421571,    -0.001455,
  1668.800,     2.122797,     3.134096,    -0.006526,
  1668.850,     2.049543,     4.018293,    -0.007667,
  1668.900,     2.175187,     4.675298,    -0.010692,
  1668.950,     2.493185,     4.926007,    -0.010798,
  1669.000,     2.855347,     4.776860,    -0.002905,
  1669.050,     3.024872,     4.290919,    -0.009287,
  1669.100,     2.934182,     3.477075,    -0.009843,
  1669.150,     2.741678,     2.435359,    -0.006393,
  1669.200,     2.548093,     1.399322,    -0.009057,
  1669.250,     2.331142,     0.704683,    -0.002902,
  1669.300,     2.042929,     0.384288,     0.002405,
  1669.350,     1.769713,     0.402077,     0.004343,
  1669.400,     1.612620,     0.480567,     0.009499,
  1669.450,     1.471113,     0.503144,     0.011079,
  1669.500,     1.275050,     0.467499,     0.006237,
  1669.550,     0.958996,     0.427364,     0.007979,
  1669.600,     0.556035,     0.342480,     0.013118,
  1669.650,     0.021305,     0.136505,     0.009091,
  1669.700,    -0.534454,    -0.118072,     0.008396,
  1669.750,    -1.061455,    -0.314044,     0.000405,
  1669.800,    -1.532170,    -0.345427,     0.000460,
  1669.850,    -1.869447,    -0.283695,     0.000499,
  1669.900,    -2.095533,    -0.104249,    -0.003607,
  1669.950,    -2.143985,     0.193024,    -0.004334,
  1670.000,    -2.061631,     0.620873,    -0.006703,
  1670.050,    -1.793217,     1.022045,    -0.013228,
  1670.100,    -1.455953,     1.255514,    -0.006955,
  1670.150,    -1.140681,     1.085880,    -0.007331,
  1670.200,    -0.963808,     0.484390,    -0.006867,
  1670.250,    -0.940490,    -0.519557,    -0.009365,
  1670.300,    -1.075864,    -1.744034,    -0.006844,
  1670.350,    -1.301945,    -3.052837,    -0.001964,
  1670.400,    -1.627849,    -4.192625,    -0.001407,
  1670.450,    -1.997550,    -4.871893,     0.002138,
  1670.500,    -2.293247,    -4.825682,    -0.002557,
  1670.550,    -2.396991,    -4.000582,     0.004113,
  1670.600,    -2.235797,    -2.658568,     0.006073,
  1670.650,    -1.893501,    -1.071755,     0.008962,
  1670.700,    -1.449915,     0.485978,     0.006715,
  1670.750,    -1.005856,     1.894552,     0.009483,
  1670.800,    -0.660595,     2.933516,     0.003917,
  1670.850,    -0.468194,     3.411537,     0.009276,
  1670.900,    -0.572301,     3.192661,     0.011211,
  1670.950,    -0.986132,     2.448630,    -0.002668,
  1671.000,    -1.561083,     1.430026,     0.000554,
  1671.050,    -2.094709,     0.408478,    -0.001866,
  1671.100,    -2.280120,    -0.451436,    -0.007879,
  1671.150,    -2.019106,    -0.960817,    -0.007741,
  1671.200,    -1.430606,    -1.060193,    -0.006628,
  1671.250,    -0.664694,    -0.663694,    -0.005070,
  1671.300,     0.056107,     0.062822,    -0.005995,
  1671.350,     0.547406,     0.883004,    -0.007706,
  1671.400,     0.728113,     1.683465,    -0.002834,
  1671.450,     0.567279,     2.433776,    -0.005912,
  1671.500,     0.182993,     3.137004,    -0.005742,
  1671.550,    -0.204129,     3.789860,    -0.001116,
  1671.600,    -0.325471,     4.497620,    -0.000582,
  1671.650,    -0.186986,     5.222535,     0.002382,
  1671.700,     0.191263,     5.901816,     0.003299,
  1671.750,     0.646180,     6.195639,     0.005743,
  1671.800,     1.059805,     5.981187,     0.010170,
  1671.850,     1.400426,     5.335014,     0.004236,
  1671.900,     1.682719,     4.410735,     0.006032,
  1671.950,     1.885881,     3.321650,     0.006601,
  1672.000,     2.081675,     2.132569,     0.008276,
  1672.050,     2.304375,     0.935982,     0.007122,
  1672.100,     2.582899,    -0.097018,     0.001010,
  1672.150,     2.952840,    -0.778452,    -0.003426,
  1672.200,     3.380996,    -1.038260,    -0.002895,
  1672.250,     3.755310,    -0.783239,    -0.003307,
  1672.300,     3.880052,     0.004783,    -0.003385,
  1672.350,     3.777469,     1.387401,     0.002532,
  1672.400,     3.649821,     3.077046,    -0.006648,
  1672.450,     3.543178,     4.595813,    -0.006195,
  1672.500,     3.479178,     5.531017,     0.001450,
  1672.550,     3.289248,     5.600975,     0.000208,
  1672.600,     2.784874,     4.902975,    -0.001711,
  1672.650,     2.075117,     3.582044,     0.003390,
  1672.700,     1.396058,     1.961807,     0.002659,
  1672.750,     0.969198,     0.388899,    -0.001449,
  1672.800,     0.768581,    -0.792903,     0.003073,
  1672.850,     0.820261,    -1.559035,     0.001752,
  1672.900,     1.167576,    -1.835454,     0.003634,
  1672.950,     1.690573,    -1.664866,     0.006661,
  1673.000,     2.220101,    -1.176190,     0.000987,
  1673.050,     2.499412,    -0.496011,     0.004013,
  1673.100,     2.429661,     0.210725,    -0.000053,
  1673.150,     2.077735,     0.794993,     0.002008,
  1673.200,     1.575075,     1.214705,     0.001125,
  1673.250,     0.991302,     1.474065,     0.002728,
  1673.300,     0.347065,     1.639771,     0.001395,
  1673.350,    -0.213568,     1.766697,    -0.000116,
  1673.400,    -0.559018,     1.904042,     0.001441,
  1673.450,    -0.576201,     2.052326,     0.004268,
  1673.500,    -0.417255,     2.186667,    -0.002580,
  1673.550,    -0.207558,     2.189667,    -0.000555,
  1673.600,    -0.135785,     2.027777,     0.000369,
  1673.650,    -0.162887,     1.665004,     0.001369,
  1673.700,    -0.257226,     1.127236,     0.001785,
  1673.750,    -0.372735,     0.401514,     0.007708,
  1673.800,    -0.491281,    -0.456556,     0.004710,
  1673.850,    -0.628951,    -1.329903,     0.001032,
  1673.900,    -0.721141,    -2.109243,     0.002347,
  1673.950,    -0.805454,    -2.672158,     0.000075,
  1674.000,    -0.852274,    -2.853025,     0.003094,
  1674.050,    -0.906486,    -2.533091,     0.003715,
  1674.100,    -0.928787,    -1.651755,     0.001618,
  1674.150,    -0.948388,    -0.453523,     0.004443,
  1674.200,    -0.934931,     0.815121,     0.002007,
  1674.250,    -0.981710,     1.977493,     0.000259,
  1674.300,    -1.170165,     2.902698,    -0.000135,
  1674.350,    -1.558111,     3.339133,    -0.000000,
  1674.400,    -2.140658,     3.147577,     0.004162,
  1674.450,    -2.780777,     2.474950,    -0.003171,
  1674.500,    -3.382931,     1.639727,    -0.003185,
  1674.550,    -3.822548,     0.968594,    -0.000679,
  1674.600,    -4.020715,     0.576112,     0.003256,
  1674.650,    -3.756303,     0.331323,     0.001111,
  1674.700,    -3.066615,     0.255601,    -0.001387,
  1674.750,    -2.109080,     0.251998,    -0.000901,
  1674.800,    -1.117476,     0.431632,    -0.003934,
  1674.850,    -0.265982,     0.652575,    -0.002954,
  1674.900,     0.363504,     0.917843,     0.005284,
  1674.950,     0.736215,     1.179706,     0.003792,
  1675.000,     0.766268,     1.596654,     0.002342,
  1675.050,     0.510859,     2.116539,    -0.002156,
  1675.100,     0.038170,     2.621316,     0.003721,
  1675.150,    -0.461766,     2.884645,     0.002704,
  1675.200,    -0.932604,     2.842668,     0.002709,
  1675.250,    -1.233732,     2.499815,    -0.003971,
  1675.300,    -1.312001,     1.903486,     0.002858,
  1675.350,    -1.155989,     1.192339,     0.003021,
  1675.400,    -0.847380,     0.383384,     0.004688,
  1675.450,    -0.399399,    -0.486416,    -0.004617,
  1675.500,     0.067476,    -1.358856,     0.001270,
  1675.550,     0.444559,    -2.050295,    -0.001364,
  1675.600,     0.766386,    -2.544545,    -0.000448,
  1675.650,     1.041276,    -2.818688,     0.002298,
  1675.700,     1.262443,    -2.911071,     0.001204,
  1675.750,     1.599581,    -2.789953,     0.003172,
  1675.800,     2.013459,    -2.338151,     0.003472,
  1675.850,     2.457010,    -1.632665,    -0.001160,
  1675.900,     2.804019,    -0.815731,    -0.001768,
  1675.950,     2.939748,    -0.039722,     0.003816,
  1676.000,     2.978050,     0.452451,     0.003864,
  1676.050,     2.976775,     0.631833,     0.008145,
  1676.100,     2.991931,     0.429057,     0.007148,
  1676.150,     3.018660,     0.003875,     0.003395,
  1676.200,     3.030182,    -0.524078,    -0.000320,
  1676.250,     3.018008,    -0.917231,     0.005642,
  1676.300,     3.105652,    -1.026849,     0.000645,
  1676.350,     3.269264,    -0.739511,    -0.004304,
  1676.400,     3.512501,     0.061564,     0.000819,
  1676.450,     3.915993,     1.136488,    -0.002101,
  1676.500,     4.426104,     2.296843,    -0.003103,
  1676.550,     4.973531,     3.266982,    -0.002237,
  1676.600,     5.309315,     3.877250,    -0.005827,
  1676.650,     5.284944,     4.110587,     0.002236,
  1676.700,     4.754152,     4.057056,     0.003518,
  1676.750,     3.703191,     3.970703,     0.002892,
  1676.800,     2.299308,     3.885809,     0.003314,
  1676.850,     0.731532,     3.751709,     0.006307,
  1676.900,    -0.679365,     3.606453,    -0.002227,
  1676.950,    -1.766091,     3.419206,     0.002495,
  1677.000,    -2.426124,     3.220927,    -0.001262,
  1677.050,    -2.725092,     2.897958,    -0.001401,
  1677.100,    -2.625206,     2.428987,     0.002390,
  1677.150,    -2.218440,     1.723588,     0.001857,
  1677.200,    -1.660620,     0.860726,     0.000517,
  1677.250,    -1.066868,    -0.001927,    -0.000254,
  1677.300,    -0.600747,    -0.804428,     0.000493,
  1677.350,    -0.275472,    -1.520904,    -0.001847,
  1677.400,    -0.040485,    -2.226664,     0.002713,
  1677.450,     0.159240,    -2.926704,    -0.001690,
  1677.500,     0.327167,    -3.610735,     0.000394,
  1677.550,     0.479475,    -4.025894,    -0.000268,
  1677.600,     0.627057,    -4.085726,    -0.001961,
  1677.650,     0.739642,    -3.749417,    -0.002306,
  1677.700,     0.816021,    -3.089105,    -0.003562,
  1677.750,     0.791636,    -2.255187,    -0.002696,
  1677.800,     0.643458,    -1.326156,    -0.001709,
  1677.850,     0.327854,    -0.414525,    -0.006587,
  1677.900,    -0.101658,     0.452047,     0.004879,
  1677.950,    -0.559894,     1.215503,     0.004869,
  1678.000,    -1.012050,     1.867822,     0.005917,
  1678.050,    -1.410015,     2.447132,     0.004981,
  1678.100,    -1.698508,     2.946269,     0.003306,
  1678.150,    -1.818692,     3.329762,     0.002852,
  1678.200,    -1.613434,     3.461490,     0.005868,
  1678.250,    -1.115081,     3.286942,     0.002905,
  1678.300,    -0.417076,     2.820437,     0.002522,
  1678.350,     0.259815,     2.110837,     0.001330,
  1678.400,     0.794502,     1.350681,     0.003515,
  1678.450,     1.184701,     0.545600,    -0.000543,
  1678.500,     1.352649,    -0.254601,     0.000536,
  1678.550,     1.227662,    -0.950069,    -0.004429,
  1678.600,     0.901803,    -1.446930,    -0.005038,
  1678.650,     0.447864,    -1.623106,     0.001020,
  1678.700,     0.123152,    -1.444168,    -0.002144,
  1678.750,    -0.126048,    -1.059323,    -0.001926,
  1678.800,    -0.307538,    -0.542013,    -0.001332,
  1678.850,    -0.527348,    -0.018378,    -0.005104,
  1678.900,    -0.723794,     0.425745,    -0.002569,
  1678.950,    -0.816464,     0.790540,     0.000494,
  1679.000,    -0.786236,     0.984693,    -0.002581,
  1679.050,    -0.676043,     1.013227,     0.000145,
  1679.100,    -0.540937,     0.944345,     0.005605,
  1679.150,    -0.324279,     0.879909,     0.005649,
  1679.200,     0.030519,     0.987428,     0.001415,
  1679.250,     0.389624,     1.153498,     0.006948,
  1679.300,     0.676228,     1.336168,     0.002922,
  1679.350,     0.793734,     1.444655,    -0.000778,
  1679.400,     0.713624,     1.384619,     0.003953,
  1679.450,     0.474922,     1.276190,    -0.001231,
  1679.500,     0.184506,     1.151998,     0.002344,
  1679.550,    -0.154240,     1.036389,    -0.000354,
  1679.600,    -0.488408,     0.822260,     0.001778,
  1679.650,    -0.860469,     0.489344,     0.001349,
  1679.700,    -1.165139,     0.111605,    -0.003270,
  1679.750,    -1.289461,    -0.136383,    -0.002395,
  1679.800,    -1.319037,    -0.183329,    -0.007467,
  1679.850,    -1.267599,     0.089244,    -0.003566,
  1679.900,    -1.174128,     0.565430,    -0.003431,
  1679.950,    -0.941295,     1.250601,    -0.005196,
  1680.000,    -0.568840,     2.055370,    -0.001031,
  1680.050,    -0.109543,     2.926242,     0.001320,
  1680.100,     0.295136,     3.609281,    -0.005577,
  1680.150,     0.533194,     3.957772,     0.001061,
  1680.200,     0.559319,     3.925172,     0.002605,
  1680.250,     0.420572,     3.677354,     0.001622,
  1680.300,     0.147754,     3.490739,     0.005179,
  1680.350,    -0.141223,     3.503816,     0.002729,
  1680.400,    -0.373253,     3.660714,     0.006055,
  1680.450,    -0.476615,     3.784592,     0.004556,
  1680.500,    -0.339700,     3.824643,     0.004022,
  1680.550,     0.069938,     3.731541,    -0.002127,
  1680.600,     0.628440,     3.510038,    -0.003197,
  1680.650,     1.204258,     2.993122,     0.010170,
  1680.700,     1.695915,     2.112110,     0.004427,
  1680.750,     2.046080,     1.024903,     0.000383,
  1680.800,     2.158306,    -0.076396,     0.003138,
  1680.850,     2.117036,    -0.928485,    -0.004585,
  1680.900,     2.002760,    -1.375108,    -0.003422,
  1680.950,     1.851542,    -1.509035,    -0.004786,
  1681.000,     1.652436,    -1.330337,    -0.007211,
  1681.050,     1.468202,    -0.869043,    -0.007281,
  1681.100,     1.306841,    -0.272924,    -0.006449,
  1681.150,     1.126911,     0.316817,     0.000947,
  1681.200,     0.921699,     0.762311,    -0.002712,
  1681.250,     0.644775,     1.087771,    -0.003355,
  1681.300,     0.268392,     1.309974,    -0.004007,
  1681.350,    -0.194233,     1.551823,    -0.001093,
  1681.400,    -0.680275,     1.865516,     0.004159,
  1681.450,    -1.154092,     2.190166,     0.004486,
  1681.500,    -1.515181,     2.495474,     0.004950,
  1681.550,    -1.865443,     2.731245,     0.009259,
  1681.600,    -2.217260,     2.832177,     0.011721,
  1681.650,    -2.499609,     2.826116,     0.007386,
  1681.700,    -2.620529,     2.733490,     0.010493,
  1681.750,    -2.533698,     2.577436,     0.006019,
  1681.800,    -2.171025,     2.285596,     0.003638,
  1681.850,    -1.613711,     1.884823,     0.003006,
  1681.900,    -0.964060,     1.385372,     0.002379,
  1681.950,    -0.316851,     0.872870,    -0.000865,
  1682.000,     0.275079,     0.476956,    -0.000187,
  1682.050,     0.744266,     0.241674,    -0.000721,
  1682.100,     1.098968,     0.182498,    -0.001482,
  1682.150,     1.313063,     0.282745,    -0.005649,
  1682.200,     1.486153,     0.487860,    -0.005374,
  1682.250,     1.562148,     0.765049,     0.000002,
  1682.300,     1.589260,     1.076061,    -0.000137,
  1682.350,     1.518227,     1.345877,     0.000024,
  1682.400,     1.317409,     1.614656,    -0.005524,
  1682.450,     1.017656,     1.934996,     0.000939,
  1682.500,     0.680965,     2.317847,     0.000743,
  1682.550,     0.304691,     2.571037,    -0.002956,
  1682.600,    -0.054121,     2.715450,     0.000462,
  1682.650,    -0.431236,     2.695597,     0.000063,
  1682.700,    -0.768666,     2.511846,    -0.008445,
  1682.750,    -1.043193,     2.259730,    -0.000874,
  1682.800,    -1.203783,     1.937984,    -0.000636,
  1682.850,    -1.159354,     1.593883,     0.003028,
  1682.900,    -0.957578,     1.197974,     0.005258,
  1682.950,    -0.613386,     0.856578,     0.004737,
  1683.000,    -0.179235,     0.591795,     0.003500,
  1683.050,     0.264833,     0.388310,     0.004285,
  1683.100,     0.646037,     0.239085,     0.001731,
  1683.150,     0.861901,     0.154335,     0.001023,
  1683.200,     0.929807,     0.169285,    -0.003495,
  1683.250,     0.838010,     0.348151,    -0.004553,
  1683.300,     0.675719,     0.705455,    -0.003164,
  1683.350,     0.564197,     1.189040,    -0.005351,
  1683.400,     0.526502,     1.704080,    -0.006189,
  1683.450,     0.577645,     2.117921,     0.001241,
  1683.500,     0.651998,     2.352159,    -0.005503,
  1683.550,     0.709148,     2.378809,    -0.003358,
  1683.600,     0.692345,     2.300817,    -0.001777,
  1683.650,     0.682476,     2.207273,    -0.002228,
  1683.700,     0.634564,     2.084502,     0.001839,
  1683.750,     0.514057,     1.861927,    -0.006713,
  1683.800,     0.341157,     1.496297,    -0.001148,
  1683.850,     0.139826,     0.958744,     0.004213,
  1683.900,     0.002127,     0.295860,     0.002809,
  1683.950,     0.004236,    -0.417423,     0.003814,
  1684.000,     0.198212,    -1.076099,     0.000378,
  1684.050,     0.529219,    -1.664791,     0.003054,
  1684.100,     0.937093,    -1.881292,     0.000963,
  1684.150,     1.331669,    -1.641991,     0.001168,
  1684.200,     1.682838,    -0.908922,    -0.005243,
  1684.250,     1.948454,     0.057908,    -0.002052,
  1684.300,     2.018516,     1.052434,     0.003040,
  1684.350,     1.903919,     1.909970,    -0.002621,
  1684.400,     1.618411,     2.528583,     0.000387,
  1684.450,     1.324529,     2.910504,     0.001149,
  1684.500,     1.136203,     3.039462,    -0.002960,
  1684.550,     1.064416,     2.959035,    -0.000916,
  1684.600,     1.072897,     2.770499,    -0.007422,
  1684.650,     1.043951,     2.537622,    -0.001466,
  1684.700,     1.025071,     2.230924,     0.002786,
  1684.750,     0.976509,     1.831384,     0.002928,
  1684.800,     0.807619,     1.285302,    -0.005292,
  1684.850,     0.460183,     0.667263,     0.003061,
  1684.900,    -0.126523,     0.041377,     0.001395,
  1684.950,    -0.742243,    -0.428136,     0.004611,
  1685.000,    -1.245462,    -0.708761,     0.000120,
  1685.050,    -1.480865,    -0.672982,    -0.000850,
  1685.100,    -1.496868,    -0.345578,    -0.000295,
  1685.150,    -1.317002,     0.219219,     0.003758,
  1685.200,    -0.987537,     0.930121,     0.005990,
  1685.250,    -0.509283,     1.662913,    -0.000654,
  1685.300,    -0.023669,     2.336706,     0.001611,
  1685.350,     0.396784,     2.790813,    -0.003243,
  1685.400,     0.615207,     2.837893,    -0.002560,
  1685.450,     0.758542,     2.526431,    -0.003827,
  1685.500,     0.853784,     1.958973,    -0.003074,
  1685.550,     0.924630,     1.391149,    -0.006182,
  1685.600,     1.052996,     0.930255,    -0.007153,
  1685.650,     1.164598,     0.562372,    -0.000966,
  1685.700,     1.208943,     0.322827,    -0.004920,
  1685.750,     1.226265,     0.155830,     0.002017,
  1685.800,     1.227124,     0.091455,     0.001654,
  1685.850,     1.209536,     0.074935,     0.000442,
  1685.900,     1.141779,     0.001193,     0.004279,
  1685.950,     0.988820,    -0.119799,     0.002085,
  1686.000,     0.836066,    -0.162694,     0.004199,
  1686.050,     0.607890,    -0.039735,     0.008227,
  1686.100,     0.373630,     0.280877,     0.000897,
  1686.150,     0.186111,     0.692554,     0.001178,
  1686.200,     0.022449,     1.156741,     0.003080,
  1686.250,    -0.078178,     1.552242,    -0.001148,
  1686.300,    -0.109876,     1.866623,     0.003006,
  1686.350,    -0.064294,     2.019688,     0.001100,
  1686.400,     0.073122,     1.916365,     0.000700,
  1686.450,     0.233517,     1.485783,    -0.007119,
  1686.500,     0.475756,     0.797933,     0.000556,
  1686.550,     0.755960,     0.052865,    -0.000200,
  1686.600,     1.076610,    -0.647351,    -0.006441,
  1686.650,     1.390438,    -1.141138,    -0.005699,
  1686.700,     1.609603,    -1.368795,    -0.002306,
  1686.750,     1.650475,    -1.369090,    -0.010956,
  1686.800,     1.506760,    -1.112459,    -0.004819,
  1686.850,     1.240469,    -0.498849,    -0.000875,
  1686.900,     0.900441,     0.373076,    -0.001954,
  1686.950,     0.521014,     1.343611,    -0.000248,
  1687.000,     0.204908,     2.220433,     0.004206,
  1687.050,    -0.091510,     2.790095,     0.002632,
  1687.100,    -0.299682,     3.106945,     0.001814,
  1687.150,    -0.363575,     3.106982,     0.006550,
  1687.200,    -0.325326,     2.837052,     0.005752,
  1687.250,    -0.215827,     2.304517,     0.002346,
  1687.300,    -0.056275,     1.643385,     0.003227,
  1687.350,     0.131199,     0.972145,     0.006700,
  1687.400,     0.339737,     0.364439,     0.005342,
  1687.450,     0.598783,    -0.127680,     0.006769,
  1687.500,     0.883598,    -0.449573,     0.005852,
  1687.550,     1.141462,    -0.711068,     0.005238,
  1687.600,     1.310456,    -0.992829,    -0.004708,
  1687.650,     1.358055,    -1.319799,     0.001086,
  1687.700,     1.238224,    -1.571145,    -0.004689,
  1687.750,     0.974967,    -1.542420,    -0.009512,
  1687.800,     0.671256,    -1.101569,    -0.005796,
  1687.850,     0.367271,    -0.308003,    -0.003701,
  1687.900,    -0.011807,     0.731242,    -0.008902,
  1687.950,    -0.399696,     1.850057,    -0.012785,
  1688.000,    -0.816076,     2.753399,    -0.007497,
  1688.050,    -1.271090,     3.277598,    -0.003711,
  1688.100,    -1.656209,     3.297298,    -0.000846,
  1688.150,    -1.913536,     2.876221,     0.001525,
  1688.200,    -2.060514,     2.170375,     0.001108,
  1688.250,    -1.954429,     1.313024,     0.000859,
  1688.300,    -1.498162,     0.451004,     0.003341,
  1688.350,    -0.751399,    -0.335147,     0.006093,
  1688.400,     0.124028,    -0.889231,     0.009178,
  1688.450,     0.946720,    -1.064746,     0.011272,
  1688.500,     1.551909,    -0.932000,     0.009703,
  1688.550,     1.889438,    -0.535668,     0.003878,
  1688.600,     1.974459,     0.061993,     0.009326,
  1688.650,     1.843904,     0.744836,     0.009291,
  1688.700,     1.598163,     1.357723,     0.006828,
  1688.750,     1.334901,     1.764261,     0.004939,
  1688.800,     1.136066,     1.791242,     0.006301,
  1688.850,     0.972904,     1.478882,    -0.003428,
  1688.900,     0.789934,     0.900863,    -0.002832,
  1688.950,     0.558435,     0.198671,    -0.005707,
  1689.000,     0.296959,    -0.468450,    -0.007054,
  1689.050,     0.009291,    -0.949988,    -0.011720,
  1689.100,    -0.216545,    -1.127342,    -0.007436,
  1689.150,    -0.349192,    -0.955192,    -0.007374,
  1689.200,    -0.383192,    -0.573804,    -0.010713,
  1689.250,    -0.247573,    -0.082558,    -0.013198,
  1689.300,     0.000888,     0.400849,    -0.009487,
  1689.350,     0.340353,     0.783911,    -0.005353,
  1689.400,     0.713398,     0.997937,    -0.003776,
  1689.450,     1.046376,     1.060174,    -0.003152,
  1689.500,     1.275754,     1.013047,     0.008455,
  1689.550,     1.250525,     0.894100,     0.005298,
  1689.600,     0.999956,     0.862166,     0.009982,
  1689.650,     0.598810,     1.000874,     0.009656,
  1689.700,     0.188773,     1.370165,     0.011392,
  1689.750,    -0.148216,     1.888734,     0.013834,
  1689.800,    -0.375715,     2.335326,     0.019704,
  1689.850,    -0.534387,     2.624466,     0.019274,
  1689.900,    -0.599591,     2.627302,     0.014357,
  1689.950,    -0.593637,     2.330004,     0.010091,
  1690.000,    -0.504868,     1.838481,     0.006035,
  1690.050,    -0.376227,     1.136360,     0.000564,
  1690.100,    -0.221948,     0.332646,    -0.002847,
  1690.150,    -0.033392,    -0.448915,    -0.002923,
  1690.200,     0.191696,    -1.072448,    -0.007687,
  1690.250,     0.458561,    -1.405867,    -0.008601,
  1690.300,     0.754738,    -1.384308,    -0.006421,
  1690.350,     0.955507,    -1.002613,    -0.004395,
  1690.400,     1.039140,    -0.369327,    -0.012378,
  1690.450,     1.049407,     0.414418,    -0.014906,
  1690.500,     0.990803,     1.264879,    -0.010288,
  1690.550,     0.829984,     2.078002,    -0.016170,
  1690.600,     0.532301,     2.690379,    -0.010851,
  1690.650,     0.122201,     3.037519,    -0.007372,
  1690.700,    -0.348185,     3.023940,    -0.002656,
  1690.750,    -0.706722,     2.709839,     0.001260,
  1690.800,    -0.915684,     2.242089,     0.003505,
  1690.850,    -0.941137,     1.670260,     0.001462,
  1690.900,    -0.833258,     1.163267,     0.004485,
  1690.950,    -0.567789,     0.768299,     0.008010,
  1691.000,    -0.165618,     0.473777,     0.011958,
  1691.050,     0.398924,     0.285832,     0.012146,
  1691.100,     0.949447,     0.203289,     0.014372,
  1691.150,     1.381313,     0.125032,     0.015238,
  1691.200,     1.592969,     0.156049,     0.009091,
  1691.250,     1.578990,     0.241990,     0.005866,
  1691.300,     1.359095,     0.509349,     0.008913,
  1691.350,     1.028898,     0.941554,     0.005426,
  1691.400,     0.564312,     1.529320,     0.000965,
  1691.450,     0.086429,     2.191168,    -0.000170,
  1691.500,    -0.382655,     2.827658,    -0.007849,
  1691.550,    -0.715017,     3.378861,    -0.008686,
  1691.600,    -0.926640,     3.692797,     0.001020,
  1691.650,    -1.027174,     3.624742,    -0.009665,
  1691.700,    -1.027927,     3.149624,    -0.010608,
  1691.750,    -1.025327,     2.228937,    -0.006391,
  1691.800,    -1.040186,     1.063858,    -0.008272,
  1691.850,    -1.049981,    -0.152253,    -0.006932,
  1691.900,    -0.874973,    -1.174209,    -0.001759,
  1691.950,    -0.545800,    -1.791788,    -0.003251,
  1692.000,    -0.038609,    -1.923481,    -0.007274,
  1692.050,     0.534134,    -1.494760,    -0.003040,
  1692.100,     1.059246,    -0.672926,    -0.002185,
  1692.150,     1.456849,     0.363339,     0.003154,
  1692.200,     1.609715,     1.363359,     0.001393,
  1692.250,     1.524448,     2.160327,     0.005694,
  1692.300,     1.207292,     2.568445,     0.004872,
  1692.350,     0.806003,     2.533085,     0.004513,
  1692.400,     0.431176,     2.142730,     0.008852,
  1692.450,     0.067260,     1.538134,     0.009244,
  1692.500,    -0.224906,     0.980385,     0.010302,
  1692.550,    -0.425672,     0.587184,     0.009276,
  1692.600,    -0.465475,     0.442132,     0.004431,
  1692.650,    -0.380898,     0.574560,     0.006906,
  1692.700,    -0.184879,     0.747681,     0.003037,
  1692.750,     0.101873,     0.841796,    -0.000642,
  1692.800,     0.393251,     0.932781,     0.004029,
  1692.850,     0.664298,     0.984177,     0.000296,
  1692.900,     0.786783,     1.003946,    -0.001174,
  1692.950,     0.733760,     0.929122,    -0.006142,
  1693.000,     0.470227,     0.783914,    -0.002750,
  1693.050,     0.090891,     0.672512,    -0.005998,
  1693.100,    -0.354647,     0.662233,    -0.002701,
  1693.150,    -0.775388,     0.801518,    -0.007960,
  1693.200,    -1.094703,     1.125919,    -0.010006,
  1693.250,    -1.181069,     1.556513,    -0.004681,
  1693.300,    -1.060454,     1.945138,    -0.002647,
  1693.350,    -0.814081,     2.242532,    -0.002978,
  1693.400,    -0.504814,     2.400666,     0.003893,
  1693.450,    -0.226258,     2.426737,    -0.000020,
  1693.500,    -0.014203,     2.266734,    -0.006675,
  1693.550,     0.102809,     1.909553,     0.003704,
  1693.600,     0.168536,     1.422311,     0.001989,
  1693.650,     0.239634,     0.873087,     0.001157,
  1693.700,     0.247186,     0.341281,     0.001344,
  1693.750,     0.314827,    -0.081404,     0.001795,
  1693.800,     0.452609,    -0.283392,     0.000959,
  1693.850,     0.718028,    -0.165438,     0.002590,
  1693.900,     1.008994,     0.235648,     0.002075,
  1693.950,     1.267799,     0.712439,     0.000009,
  1694.000,     1.403760,     1.100583,     0.003721,
  1694.050,     1.331450,     1.220353,     0.006295,
  1694.100,     1.090512,     1.020043,     0.005846,
  1694.150,     0.744391,     0.663621,     0.007426,
  1694.200,     0.309436,     0.307127,     0.003182,
  1694.250,    -0.172902,     0.061134,     0.009139,
  1694.300,    -0.647425,     0.025835,     0.001280,
  1694.350,    -1.024228,     0.154167,    -0.003434,
  1694.400,    -1.205769,     0.422037,    -0.002569,
  1694.450,    -1.185938,     0.740911,    -0.003872,
  1694.500,    -0.950291,     1.024193,    -0.005870,
  1694.550,    -0.560973,     1.136833,    -0.007973,
  1694.600,    -0.123592,     1.020943,    -0.008277,
  1694.650,     0.333764,     0.736161,    -0.005663,
  1694.700,     0.786328,     0.438248,    -0.000587,
  1694.750,     1.129229,     0.248550,    -0.008968,
  1694.800,     1.357585,     0.179645,    -0.003659,
  1694.850,     1.382046,     0.195447,    -0.002712,
  1694.900,     1.223636,     0.282804,    -0.002460,
  1694.950,     0.936290,     0.461654,    -0.001648,
  1695.000,     0.600560,     0.742957,    -0.003249,
  1695.050,     0.308448,     1.025701,    -0.002858,
  1695.100,     0.041805,     1.259097,    -0.008059,
  1695.150,    -0.138215,     1.238673,    -0.002715,
  1695.200,    -0.198637,     0.976320,     0.002885,
  1695.250,    -0.218215,     0.506294,     0.006537,
  1695.300,    -0.189059,    -0.005801,     0.004036,
  1695.350,    -0.155444,    -0.496504,     0.008282,
  1695.400,    -0.076850,    -0.819703,     0.006517,
  1695.450,     0.074095,    -0.989628,     0.004839,
  1695.500,     0.301947,    -0.954995,     0.006921,
  1695.550,     0.605890,    -0.679936,     0.010544,
  1695.600,     0.892586,    -0.241350,     0.006719,
  1695.650,     1.161580,     0.298546,     0.005115,
  1695.700,     1.367013,     0.761163,     0.001976,
  1695.750,     1.455530,     1.142690,     0.001213,
  1695.800,     1.390744,     1.287671,    -0.002743,
  1695.850,     1.134234,     1.216640,    -0.003834,
  1695.900,     0.705795,     0.942684,    -0.000538,
  1695.950,     0.121933,     0.518857,    -0.005308,
  1696.000,    -0.471926,     0.016242,    -0.001448,
  1696.050,    -0.928836,    -0.420836,    -0.007672,
  1696.100,    -1.164465,    -0.652076,    -0.005462,
  1696.150,    -1.154791,    -0.530327,     0.000319,
  1696.200,    -0.876165,    -0.100584,    -0.007969,
  1696.250,    -0.413806,     0.537141,    -0.011503,
  1696.300,     0.143288,     1.170117,    -0.006946,
  1696.350,     0.697600,     1.612779,    -0.002367,
  1696.400,     1.134783,     1.746676,    -0.002603,
  1696.450,     1.347215,     1.612897,     0.003883,
  1696.500,     1.269387,     1.228865,    -0.003157,
  1696.550,     1.006301,     0.726397,    -0.001505,
  1696.600,     0.636217,     0.259011,     0.001918,
  1696.650,     0.260936,    -0.063428,    -0.001549,
  1696.700,    -0.062821,    -0.152744,     0.000256,
  1696.750,    -0.255889,    -0.072411,     0.007961,
  1696.800,    -0.253396,     0.120159,     0.011868,
  1696.850,    -0.175798,     0.423928,     0.012234,
  1696.900,    -0.086131,     0.709750,     0.007958,
  1696.950,    -0.005927,     1.026023,     0.006129,
  1697.000,     0.118564,     1.315422,     0.009058,
  1697.050,     0.236471,     1.543624,     0.000044,
  1697.100,     0.303906,     1.707006,    -0.001573,
  1697.150,     0.345562,     1.788889,    -0.004473,
  1697.200,     0.317014,     1.776160,    -0.005304,
  1697.250,     0.299308,     1.690371,    -0.002635,
  1697.300,     0.335443,     1.527791,    -0.004531,
  1697.350,     0.494650,     1.330025,    -0.008004,
  1697.400,     0.718163,     1.178847,    -0.006374,
  1697.450,     0.939035,     1.114457,    -0.005906,
  1697.500,     1.060237,     1.147654,    -0.001748,
  1697.550,     1.095767,     1.260431,    -0.009095,
  1697.600,     1.064998,     1.396614,    -0.004175,
  1697.650,     0.914412,     1.472952,    -0.004591,
  1697.700,     0.668337,     1.368465,    -0.004965,
  1697.750,     0.361609,     1.130898,    -0.004535,
  1697.800,     0.042855,     0.844827,    -0.002344,
  1697.850,    -0.260290,     0.674545,     0.003961,
  1697.900,    -0.499218,     0.771067,     0.002467,
  1697.950,    -0.613506,     1.108862,    -0.004076,
  1698.000,    -0.494875,     1.613853,     0.002850,
  1698.050,    -0.249339,     2.130295,     0.001589,
  1698.100,     0.083442,     2.564848,     0.005760,
  1698.150,     0.377983,     2.775530,     0.004657,
  1698.200,     0.467672,     2.623393,     0.009636,
  1698.250,     0.415259,     2.157658,     0.012571,
  1698.300,     0.244002,     1.523636,     0.006906,
  1698.350,     0.068884,     0.982200,     0.005151,
  1698.400,    -0.010332,     0.644066,     0.006093,
  1698.450,     0.030587,     0.527354,     0.001655,
  1698.500,     0.158605,     0.545730,     0.000192,
  1698.550,     0.318153,     0.742787,    -0.001218,
  1698.600,     0.462780,     0.995847,    -0.005374,
  1698.650,     0.534086,     1.265533,    -0.003260,
  1698.700,     0.510445,     1.474968,    -0.000136,
  1698.750,     0.358973,     1.525778,    -0.008484,
  1698.800,     0.120206,     1.514488,    -0.008621,
  1698.850,    -0.110549,     1.456610,    -0.003114,
  1698.900,    -0.276432,     1.369822,    -0.006640,
  1698.950,    -0.328906,     1.291055,    -0.007199,
  1699.000,    -0.267725,     1.147038,    -0.007193,
  1699.050,    -0.158883,     0.943440,    -0.006721,
  1699.100,    -0.018707,     0.729823,    -0.005176,
  1699.150,     0.185862,     0.651807,    -0.002970,
  1699.200,     0.408881,     0.766728,    -0.002269,
  1699.250,     0.537549,     0.959094,     0.001330,
  1699.300,     0.595494,     1.079285,    -0.000512,
  1699.350,     0.471193,     1.017662,     0.003422,
  1699.400,     0.222175,     0.750040,     0.005212,
  1699.450,    -0.058932,     0.296059,     0.005790,
  1699.500,    -0.369747,    -0.227596,     0.001846,
  1699.550,    -0.600624,    -0.738272,     0.003656,
  1699.600,    -0.759435,    -1.066399,     0.004281,
  1699.650,    -0.768734,    -1.086662,     0.007544,
  1699.700,    -0.679747,    -0.732967,     0.005299,
  1699.750,    -0.479079,    -0.047674,     0.000672,
  1699.800,    -0.231399,     0.839081,     0.003636,
  1699.850,    -0.041251,     1.752978,    -0.000012,
  1699.900,     0.083825,     2.450384,     0.007078,
  1699.950,     0.157823,     2.840175,    -0.000896,
  1700.000,     0.103368,     2.866925,    -0.001442,
  1700.050,     0.000477,     2.536581,    -0.002568,
  1700.100,    -0.177844,     1.955277,    -0.005655,
  1700.150,    -0.275857,     1.258269,     0.000494,
  1700.200,    -0.341458,     0.631063,    -0.001785,
  1700.250,    -0.219284,     0.214407,    -0.003254,
  1700.300,     0.036329,     0.035360,    -0.007898,
  1700.350,     0.381763,     0.106097,    -0.008066,
  1700.400,     0.754246,     0.356125,    -0.001756,
  1700.450,     1.074374,     0.698159,     0.000418,
  1700.500,     1.223900,     1.100381,     0.001602,
  1700.550,     1.168302,     1.486258,    -0.000108,
  1700.600,     0.957961,     1.795552,    -0.004049,
  1700.650,     0.647511,     1.998714,     0.003579,
  1700.700,     0.285500,     2.124292,    -0.001177,
  1700.750,    -0.045420,     2.223595,     0.001207,
  1700.800,    -0.265643,     2.279434,    -0.001052,
  1700.850,    -0.365954,     2.212552,    -0.002007,
  1700.900,    -0.356545,     1.975957,    -0.004925,
  1700.950,    -0.260457,     1.574126,    -0.002909,
  1701.000,    -0.101335,     1.078355,     0.003233,
  1701.050,     0.078144,     0.565921,     0.004500,
  1701.100,     0.301040,     0.105276,     0.002664,
  1701.150,     0.505935,    -0.195628,     0.001274,
  1701.200,     0.706576,    -0.379004,     0.003865,
  1701.250,     0.859972,    -0.398505,     0.004708,
  1701.300,     0.912443,    -0.296935,     0.005924,
  1701.350,     0.896853,    -0.112662,     0.003218,
  1701.400,     0.779517,     0.193048,     0.007128,
  1701.450,     0.619081,     0.542926,     0.005645,
  1701.500,     0.391724,     0.940374,    -0.000294,
  1701.550,     0.218559,     1.319942,     0.001292,
  1701.600,     0.162859,     1.636360,    -0.000569,
  1701.650,     0.170433,     1.862691,    -0.004997,
  1701.700,     0.229226,     1.914803,    -0.006369,
  1701.750,     0.347519,     1.812830,     0.000234,
  1701.800,     0.417678,     1.497084,    -0.000741,
  1701.850,     0.427413,     1.093463,    -0.003113,
  1701.900,     0.341295,     0.715838,    -0.006712,
  1701.950,     0.227181,     0.412858,    -0.005506,
  1702.000,     0.161409,     0.207046,     0.000251,
  1702.050,     0.259851,    -0.002225,    -0.001216,
  1702.100,     0.523438,    -0.152308,    -0.001969,
  1702.150,     0.839238,    -0.196308,    -0.003068,
  1702.200,     1.131957,    -0.144487,    -0.003827,
  1702.250,     1.346802,    -0.024069,    -0.000236,
  1702.300,     1.395032,     0.188871,    -0.000040,
  1702.350,     1.257453,     0.432309,    -0.000266,
  1702.400,     0.896991,     0.746406,     0.002336,
  1702.450,     0.435116,     1.113395,     0.006792,
  1702.500,     0.066883,     1.465388,     0.006222,
  1702.550,    -0.182887,     1.738564,     0.002976,
  1702.600,    -0.300813,     1.847772,     0.005384,
  1702.650,    -0.228957,     1.741479,     0.006307,
  1702.700,    -0.053598,     1.477008,     0.004936,
  1702.750,     0.170812,     1.112401,     0.007084,
  1702.800,     0.408196,     0.725569,     0.012183,
  1702.850,     0.624548,     0.264683,     0.006502,
  1702.900,     0.773140,    -0.083359,     0.004491,
  1702.950,     0.846226,    -0.329628,     0.004431,
  1703.000,     0.817833,    -0.467160,     0.001438,
  1703.050,     0.756812,    -0.516775,     0.000525,
  1703.100,     0.632364,    -0.552785,     0.001051,
  1703.150,     0.467640,    -0.531802,     0.000594,
  1703.200,     0.260971,    -0.392810,    -0.001239,
  1703.250,     0.053502,    -0.156744,    -0.006210,
  1703.300,    -0.053613,     0.229008,    -0.002074,
  1703.350,    -0.052818,     0.770950,    -0.007280,
  1703.400,     0.026938,     1.354544,    -0.013047,
  1703.450,     0.150111,     1.873694,    -0.008613,
  1703.500,     0.158868,     2.146879,    -0.002956,
  1703.550,     0.071353,     2.142156,    -0.003252,
  1703.600,    -0.125414,     1.924068,    -0.005164,
  1703.650,    -0.394696,     1.563748,    -0.002146,
  1703.700,    -0.632784,     1.072622,    -0.000987,
  1703.750,    -0.731709,     0.518133,    -0.000131,
  1703.800,    -0.648468,     0.011478,     0.002026,
  1703.850,    -0.302221,    -0.299374,    -0.000281,
  1703.900,     0.185554,    -0.382060,     0.000218,
  1703.950,     0.766731,    -0.316831,     0.006023,
  1704.000,     1.265624,    -0.070874,     0.004384,
  1704.050,     1.578380,     0.321376,     0.003845,
  1704.100,     1.640691,     0.846238,     0.012878,
  1704.150,     1.477170,     1.416767,     0.009115,
  1704.200,     1.108619,     1.969961,     0.002254,
  1704.250,     0.667408,     2.376415,     0.006771,
  1704.300,     0.183345,     2.539956,     0.004694,
  1704.350,    -0.217626,     2.443849,     0.006000,
  1704.400,    -0.431662,     2.187560,     0.001847,
  1704.450,    -0.456908,     1.799463,    -0.004251,
  1704.500,    -0.325124,     1.304165,    -0.000919,
  1704.550,    -0.078025,     0.827102,     0.006362,
  1704.600,     0.185841,     0.365469,     0.001149,
  1704.650,     0.489807,     0.092568,    -0.004556,
  1704.700,     0.747918,     0.001743,    -0.003774,
  1704.750,     0.875851,     0.116562,    -0.004498,
  1704.800,     0.906544,     0.365459,    -0.001154,
  1704.850,     0.831107,     0.687396,    -0.003099,
  1704.900,     0.752892,     1.080751,    -0.004075,
  1704.950,     0.658848,     1.547032,    -0.005330,
  1705.000,     0.555455,     2.028004,    -0.006441,
  1705.050,     0.411457,     2.429532,    -0.002832,
  1705.100,     0.207775,     2.701087,    -0.001580,
  1705.150,    -0.006517,     2.786637,    -0.002677,
  1705.200,    -0.179233,     2.728654,     0.002851,
  1705.250,    -0.304156,     2.588807,     0.006204,
  1705.300,    -0.357505,     2.410819,     0.002779,
  1705.350,    -0.353189,     2.126121,    -0.005996,
  1705.400,    -0.308711,     1.815159,    -0.007695,
  1705.450,    -0.209264,     1.533803,    -0.003060,
  1705.500,    -0.076695,     1.343352,     0.003639,
  1705.550,     0.079849,     1.294895,     0.005913,
  1705.600,     0.301668,     1.230120,    -0.003965,
  1705.650,     0.557108,     1.093479,     0.002123,
  1705.700,     0.796210,     0.922447,     0.002209,
  1705.750,     0.997646,     0.741133,     0.006455,
  1705.800,     1.108696,     0.618669,     0.001874,
  1705.850,     1.132953,     0.557503,    -0.000995,
  1705.900,     0.989662,     0.585135,     0.004617,
  1705.950,     0.719826,     0.704118,     0.003716,
  1706.000,     0.405313,     0.924126,    -0.001078,
  1706.050,     0.099356,     1.228105,     0.007169,
  1706.100,    -0.161902,     1.440186,     0.001615,
  1706.150,    -0.307141,     1.537056,    -0.002678,
  1706.200,    -0.412069,     1.431115,    -0.001534,
  1706.250,    -0.451088,     1.193729,    -0.003232,
  1706.300,    -0.383517,     0.862866,    -0.009390,
  1706.350,    -0.235405,     0.475642,    -0.003540,
  1706.400,    -0.036876,     0.149753,    -0.003912,
  1706.450,     0.188135,    -0.050592,    -0.001961,
  1706.500,     0.423748,    -0.147607,    -0.006441,
  1706.550,     0.635189,    -0.136650,    -0.005440,
  1706.600,     0.841013,    -0.023186,    -0.003202,
  1706.650,     1.024743,     0.111666,    -0.004725,
  1706.700,     1.110902,     0.334724,     0.000011,
  1706.750,     1.065532,     0.646764,     0.002948,
  1706.800,     0.894026,     0.982969,     0.000846,
  1706.850,     0.644350,     1.270086,     0.004255,
  1706.900,     0.380152,     1.533274,     0.007991,
  1706.950,     0.090310,     1.732812,     0.007990,
  1707.000,    -0.129583,     1.885977,     0.008899,
  1707.050,    -0.294419,     1.991964,     0.007479,
  1707.100,    -0.375189,     2.012803,     0.007058,
  1707.150,    -0.399893,     1.977728,     0.009572,
  1707.200,    -0.339953,     1.943583,     0.003077,
  1707.250,    -0.288546,     1.878060,     0.002769,
  1707.300,    -0.206595,     1.716188,     0.007377,
  1707.350,    -0.080537,     1.452515,     0.003950,
  1707.400,     0.154706,     1.139832,     0.000862,
  1707.450,     0.409340,     0.851223,    -0.004065,
  1707.500,     0.698900,     0.639538,     0.003399,
  1707.550,     1.021193,     0.604060,    -0.001067,
  1707.600,     1.259822,     0.813209,    -0.004428,
  1707.650,     1.322409,     1.263659,    -0.002430,
  1707.700,     1.174645,     1.836553,    -0.005977,
  1707.750,     0.884042,     2.379872,    -0.001513,
  1707.800,     0.524545,     2.806634,    -0.003260,
  1707.850,     0.133933,     3.011721,    -0.008352,
  1707.900,    -0.232087,     2.980675,    -0.002791,
  1707.950,    -0.513810,     2.724464,    -0.004339,
  1708.000,    -0.607639,     2.294835,    -0.001838,
  1708.050,    -0.530288,     1.783803,    -0.000389,
  1708.100,    -0.299441,     1.269205,     0.002899,
  1708.150,    -0.008259,     0.851650,     0.002512,
  1708.200,     0.337588,     0.570834,     0.005015,
  1708.250,     0.667399,     0.472253,    -0.000537,
  1708.300,     0.956428,     0.513279,    -0.004481,
  1708.350,     1.168217,     0.688256,     0.000357,
  1708.400,     1.258588,     0.913415,     0.007704,
  1708.450,     1.188723,     1.097041,     0.004556,
  1708.500,     1.018681,     1.167100,     0.005738,
  1708.550,     0.785011,     1.094580,     0.007852,
  1708.600,     0.519459,     0.988459,     0.006320,
  1708.650,     0.283953,     0.890508,     0.001128,
  1708.700,     0.041589,     0.825239,     0.005561,
  1708.750,    -0.133981,     0.834482,     0.005447,
  1708.800,    -0.210241,     0.937989,     0.000462,
  1708.850,    -0.197288,     1.132657,     0.000606,
  1708.900,    -0.066555,     1.381238,     0.001774,
  1708.950,     0.103500,     1.550118,     0.000458,
  1709.000,     0.343758,     1.592862,    -0.002642,
  1709.050,     0.525195,     1.496985,    -0.003093,
  1709.100,     0.757843,     1.364264,    -0.005809,
  1709.150,     1.041838,     1.220443,    -0.004133,
  1709.200,     1.263524,     1.113766,    -0.004059,
  1709.250,     1.392825,     1.030876,    -0.007169,
  1709.300,     1.414231,     0.993686,    -0.006167,
  1709.350,     1.353960,     1.015238,    -0.009735,
  1709.400,     1.223772,     1.048356,    -0.003477,
  1709.450,     1.026885,     1.140385,    -0.002362,
  1709.500,     0.829029,     1.279681,    -0.007491,
  1709.550,     0.564714,     1.419368,    -0.007056,
  1709.600,     0.346697,     1.520826,     0.001620,
  1709.650,     0.200493,     1.610550,    -0.002611,
  1709.700,     0.153584,     1.662439,     0.000751,
  1709.750,     0.121891,     1.703517,     0.002590,
  1709.800,     0.090354,     1.703155,     0.005810,
  1709.850,     0.041417,     1.587031,     0.007901,
  1709.900,     0.058765,     1.316544,     0.007681,
  1709.950,     0.069470,     0.990432,     0.011086,
  1710.000,     0.109100,     0.662223,     0.007107,
  1710.050,     0.160460,     0.439506,     0.010126,
  1710.100,     0.190752,     0.304805,     0.009344,
  1710.150,     0.251226,     0.298283,     0.005439,
  1710.200,     0.356803,     0.349277,     0.006063,
  1710.250,     0.497897,     0.399695,     0.003935,
  1710.300,     0.552772,     0.466908,     0.006114,
  1710.350,     0.502455,     0.427609,     0.006231,
  1710.400,     0.379483,     0.349779,     0.000088,
  1710.450,     0.217852,     0.249391,    -0.004039,
  1710.500,     0.012880,     0.267603,    -0.008182,
  1710.550,    -0.178904,     0.425202,    -0.012859,
  1710.600,    -0.323094,     0.670064,    -0.009772,
  1710.650,    -0.392817,     0.961431,    -0.010550,
  1710.700,    -0.384596,     1.192651,    -0.013835,
  1710.750,    -0.321600,     1.314931,    -0.007461,
  1710.800,    -0.198990,     1.339182,    -0.005745,
  1710.850,    -0.052234,     1.279172,    -0.012091,
  1710.900,     0.183466,     1.094842,    -0.007004,
  1710.950,     0.414525,     0.915425,    -0.003737,
  1711.000,     0.602735,     0.741791,    -0.001347,
  1711.050,     0.764156,     0.671570,     0.004691,
  1711.100,     0.878712,     0.663055,     0.003185,
  1711.150,     0.946122,     0.693004,     0.003920,
  1711.200,     0.899799,     0.829999,     0.003735,
  1711.250,     0.813948,     1.120037,     0.013045,
  1711.300,     0.712050,     1.462619,     0.010299,
  1711.350,     0.611271,     1.783571,     0.012630,
  1711.400,     0.547332,     1.975077,     0.009510,
  1711.450,     0.444959,     1.983953,     0.009880,
  1711.500,     0.324130,     1.791444,     0.003942,
  1711.550,     0.203937,     1.416287,     0.002160,
  1711.600,     0.094050,     0.902035,    -0.001230,
  1711.650,     0.039459,     0.412966,    -0.000330,
  1711.700,     0.107406,     0.053998,     0.001891,
  1711.750,     0.263436,    -0.022020,    -0.002371,
  1711.800,     0.486367,     0.139481,    -0.006199,
  1711.850,     0.787504,     0.468412,    -0.010199,
  1711.900,     1.064913,     0.870126,    -0.011684,
  1711.950,     1.247465,     1.249804,    -0.012863,
  1712.000,     1.286411,     1.590034,    -0.010806,
  1712.050,     1.259680,     1.757380,    -0.006125,
  1712.100,     1.138782,     1.704202,    -0.004433,
  1712.150,     0.934906,     1.456662,    -0.000108,
  1712.200,     0.745131,     1.053388,    -0.001205,
  1712.250,     0.545007,     0.622955,    -0.002272,
  1712.300,     0.353609,     0.310986,     0.004232,
  1712.350,     0.233274,     0.108602,     0.003037,
  1712.400,     0.171835,     0.160012,     0.002372,
  1712.450,     0.169645,     0.437557,     0.004792,
  1712.500,     0.223200,     0.908591,     0.003133,
  1712.550,     0.291141,     1.471358,     0.003863,
  1712.600,     0.377944,     1.942300,    -0.000520,
  1712.650,     0.379402,     2.241039,    -0.000283,
  1712.700,     0.382152,     2.315176,    -0.001206,
  1712.750,     0.321692,     2.166940,    -0.000008,
  1712.800,     0.321497,     1.869105,     0.006052,
  1712.850,     0.332342,     1.530207,     0.002690,
  1712.900,     0.380864,     1.262102,    -0.004593,
  1712.950,     0.475817,     1.160561,    -0.004120,
  1713.000,     0.629001,     1.214127,    -0.005042,
  1713.050,     0.787110,     1.422144,     0.003566,
  1713.100,     0.895985,     1.647660,    -0.008265,
  1713.150,     0.909308,     1.855765,    -0.001613,
  1713.200,     0.840836,     1.931107,    -0.004942,
  1713.250,     0.693808,     1.816466,    -0.000528,
  1713.300,     0.548627,     1.621859,    -0.004945,
  1713.350,     0.440101,     1.351444,    -0.000342,
  1713.400,     0.375955,     1.063327,    -0.004238,
  1713.450,     0.356052,     0.848513,     0.005345,
  1713.500,     0.382793,     0.704341,    -0.003796,
  1713.550,     0.421965,     0.688907,    -0.004989,
  1713.600,     0.493563,     0.819090,     0.010132,
  1713.650,     0.619006,     1.103136,    -0.006501,
  1713.700,     0.665977,     1.409114,     0.002341,
  1713.750,     0.697723,     1.692225,    -0.005942,
  1713.800,     0.675617,     1.811971,    -0.005192,
  1713.850,     0.669883,     1.754821,     0.002627,
  1713.900,     0.689394,     1.591743,    -0.004041,
  1713.950,     0.737586,     1.231281,     0.000879,
  1714.000,     0.729312,     0.797407,     0.007321,
  1714.050,     0.612618,     0.365158,    -0.004167,
  1714.100,     0.434283,     0.034516,     0.001290,
  1714.150,     0.245497,    -0.026658,     0.008013,
  1714.200,     0.048191,     0.184675,    -0.000557,
  1714.250,    -0.127414,     0.606210,     0.005460,
  1714.300,    -0.199724,     1.089649,     0.006479,
  1714.350,    -0.225085,     1.490815,    -0.003559,
  1714.400,    -0.169884,     1.707233,     0.000120,
  1714.450,    -0.150653,     1.719465,     0.004720,
  1714.500,    -0.112512,     1.513489,    -0.002471,
  1714.550,    -0.091597,     1.197705,    -0.004844,
  1714.600,    -0.079511,     0.856871,    -0.005902,
  1714.650,    -0.051031,     0.634544,     0.001608,
  1714.700,     0.061320,     0.617475,    -0.003776,
  1714.750,     0.208565,     0.725275,    -0.008208,
  1714.800,     0.364188,     0.924123,    -0.006005,
  1714.850,     0.432964,     1.106387,    -0.006917,
  1714.900,     0.452950,     1.103005,    -0.000702,
  1714.950,     0.414340,     0.913411,    -0.000161,
  1715.000,     0.339036,     0.530180,    -0.002714,
  1715.050,     0.176227,     0.134683,    -0.006156,
  1715.100,     0.023537,    -0.269910,     0.001560,
  1715.150,    -0.052714,    -0.557224,     0.007434,
  1715.200,    -0.077521,    -0.683033,     0.005593,
  1715.250,    -0.033188,    -0.571705,     0.011121,
  1715.300,     0.006086,    -0.304670,     0.007614,
  1715.350,     0.108636,     0.078485,     0.004022,
  1715.400,     0.261773,     0.538393,     0.009860,
  1715.450,     0.416385,     1.028427,     0.010596,
  1715.500,     0.550916,     1.502242,    -0.000871,
  1715.550,     0.615203,     1.844738,     0.003306,
  1715.600,     0.621708,     1.933996,     0.002365,
  1715.650,     0.579464,     1.728565,    -0.005635,
  1715.700,     0.448170,     1.229859,    -0.003679,
  1715.750,     0.285666,     0.540926,    -0.005757,
  1715.800,     0.150441,    -0.165826,    -0.007216,
  1715.850,     0.060313,    -0.740224,    -0.003449,
  1715.900,     0.065315,    -1.057480,    -0.006051,
  1715.950,     0.186105,    -1.035766,    -0.008861,
  1716.000,     0.361333,    -0.629646,    -0.006297,
  1716.050,     0.506658,     0.073212,    -0.007238,
  1716.100,     0.638111,     0.854730,    -0.003642,
  1716.150,     0.708138,     1.581930,    -0.004307,
  1716.200,     0.737734,     2.064901,     0.003931,
  1716.250,     0.709212,     2.253151,    -0.000565,
  1716.300,     0.594871,     2.119534,     0.005921,
  1716.350,     0.415666,     1.736978,     0.009250,
  1716.400,     0.254977,     1.250300,     0.005869,
  1716.450,     0.117468,     0.746373,     0.006772,
  1716.500,     0.088098,     0.391037,     0.005512,
  1716.550,     0.169993,     0.223613,     0.005988,
  1716.600,     0.314604,     0.227837,     0.004814,
  1716.650,     0.552040,     0.283777,     0.000368,
  1716.700,     0.799304,     0.363875,     0.000397,
  1716.750,     1.012639,     0.414411,    -0.006932,
  1716.800,     1.072400,     0.382238,    -0.008251,
  1716.850,     1.033864,     0.386000,    -0.008542,
  1716.900,     0.824862,     0.413724,    -0.007867,
  1716.950,     0.568336,     0.532464,    -0.008798,
  1717.000,     0.264894,     0.767610,    -0.010069,
  1717.050,     0.083822,     1.103108,    -0.006386,
  1717.100,    -0.014791,     1.447134,     0.001950,
  1717.150,     0.035840,     1.758704,     0.004994,
  1717.200,     0.184530,     1.913312,     0.000882,
  1717.250,     0.356629,     1.989301,     0.008940,
  1717.300,     0.533483,     1.956454,     0.009018,
  1717.350,     0.617554,     1.767766,     0.009169,
  1717.400,     0.612197,     1.530295,     0.015862,
  1717.450,     0.542144,     1.168417,     0.006509,
  1717.500,     0.426775,     0.812636,     0.002493,
  1717.550,     0.350087,     0.407275,    -0.001118,
  1717.600,     0.249819,     0.038021,    -0.000474,
  1717.650,     0.180941,    -0.290806,     0.000728,
  1717.700,     0.178284,    -0.475594,    -0.004540,
  1717.750,     0.205761,    -0.410213,    -0.008057,
  1717.800,     0.271083,    -0.052088,    -0.009000,
  1717.850,     0.382302,     0.457475,    -0.010986,
  1717.900,     0.474393,     0.988306,    -0.013592,
  1717.950,     0.502477,     1.415740,    -0.010883,
  1718.000,     0.433006,     1.668179,    -0.002661,
  1718.050,     0.278554,     1.705765,     0.007187,
  1718.100,     0.088563,     1.583977,    -0.003325,
  1718.150,    -0.119697,     1.329943,     0.007983,
  1718.200,    -0.341874,     1.036802,     0.009469,
  1718.250,    -0.477674,     0.768220,     0.008712,
  1718.300,    -0.448771,     0.553401,     0.005562,
  1718.350,    -0.245579,     0.472896,     0.004525,
  1718.400,     0.103723,     0.491900,     0.009904,
  1718.450,     0.455833,     0.624468,     0.005486,
  1718.500,     0.737585,     0.761028,     0.005105,
  1718.550,     0.931586,     0.885877,    -0.003235,
  1718.600,     0.970242,     0.965360,    -0.003454,
  1718.650,     0.887158,     1.019752,    -0.009612,
  1718.700,     0.764112,     1.055398,    -0.006203,
  1718.750,     0.609158,     1.122704,    -0.006967,
  1718.800,     0.598790,     1.344286,    -0.007239,
  1718.850,     0.659234,     1.613377,    -0.006628,
  1718.900,     0.839061,     1.994283,    -0.002188,
  1718.950,     1.139693,     2.344918,    -0.000828,
  1719.000,     1.338094,     2.580013,     0.006696,
  1719.050,     1.484514,     2.720220,     0.005053,
  1719.100,     1.463952,     2.634843,     0.015346,
  1719.150,     1.350961,     2.351094,     0.005046,
  1719.200,     1.133811,     1.910511,     0.010257,
  1719.250,     0.936490,     1.332618,     0.007256,
  1719.300,     0.773021,     0.717710,     0.006218,
  1719.350,     0.708893,     0.149211,    -0.000947,
  1719.400,     0.733029,    -0.231224,    -0.005887,
  1719.450,     0.801380,    -0.365955,    -0.008286,
  1719.500,     0.880128,    -0.252983,    -0.010605,
  1719.550,     0.921529,     0.065889,    -0.008028,
  1719.600,     0.953789,     0.584058,    -0.004216,
  1719.650,     0.943460,     1.177586,    -0.007139,
  1719.700,     0.918401,     1.803306,    -0.003528,
  1719.750,     0.777158,     2.287425,     0.001568,
  1719.800,     0.507079,     2.540220,    -0.000502,
  1719.850,     0.153773,     2.506058,     0.008516,
  1719.900,    -0.233371,     2.308830,     0.007771,
  1719.950,    -0.574860,     1.970036,     0.007007,
  1720.000,    -0.818001,     1.608460,     0.006307,

