Time_abs/ps, Signal 1/nA, Ref.signal 1/nA, Signal 2/nA, Ref.signal 2/nA
  1600.000,     0.014369,     0.007615,     0.001149,
  1600.050,    -0.007692,    -0.004646,     0.002230,
  1600.100,    -0.008219,     0.011497,    -0.002098,
  1600.150,     0.003499,    -0.005388,    -0.002214,
  1600.200,    -0.001956,    -0.009079,     0.000933,
  1600.250,    -0.013239,    -0.022884,    -0.005454,
  1600.300,     0.001111,    -0.011605,    -0.000283,
  1600.350,    -0.000794,     0.000561,    -0.002387,
  1600.400,    -0.028239,     0.010459,    -0.000502,
  1600.450,    -0.014604,     0.008771,     0.002520,
  1600.500,    -0.021109,    -0.000034,     0.006604,
  1600.550,    -0.009433,    -0.009125,     0.000749,
  1600.600,    -0.014644,    -0.021215,     0.004875,
  1600.650,    -0.002075,    -0.028924,     0.008335,
  1600.700,     0.006554,    -0.024922,     0.009136,
  1600.750,    -0.038711,    -0.033412,     0.009003,
  1600.800,    -0.004406,    -0.027306,     0.010377,
  1600.850,    -0.029182,    -0.001638,     0.009943,
  1600.900,    -0.040000,    -0.017430,     0.008215,
  1600.950,    -0.028998,    -0.006954,     0.009402,
  1601.000,    -0.030610,    -0.025601,     0.011366,
  1601.050,    -0.046849,    -0.025349,     0.002868,
  1601.100,    -0.021290,    -0.009534,     0.012161,
  1601.150,    -0.031841,    -0.028449,     0.003199,
  1601.200,    -0.013490,    -0.018410,    -0.008462,
  1601.250,    -0.041134,    -0.022588,    -0.001267,
  1601.300,    -0.052618,    -0.037640,     0.003692,
  1601.350,    -0.042648,    -0.024145,     0.002520,
  1601.400,    -0.038013,    -0.019708,     0.001439,
  1601.450,    -0.054133,    -0.036830,     0.001056,
  1601.500,    -0.038603,    -0.020360,     0.003822,
  1601.550,    -0.039587,    -0.021295,     0.001865,
  1601.600,    -0.016497,    -0.019094,     0.001878,
  1601.650,    -0.024176,    -0.038961,    -0.000621,
  1601.700,    -0.002718,    -0.039712,     0.002243,
  1601.750,    -0.015127,    -0.046448,     0.008006,
  1601.800,    -0.015791,    -0.049859,     0.004624,
  1601.850,    -0.033671,    -0.056273,     0.013452,
  1601.900,    -0.002826,    -0.066449,     0.007799,
  1601.950,    -0.021589,    -0.072077,     0.004797,
  1602.000,    -0.020715,    -0.063971,     0.014929,
  1602.050,    -0.013078,    -0.049452,     0.007032,
  1602.100,    -0.032893,    -0.059367,     0.008674,
  1602.150,    -0.018424,    -0.063293,     0.008659,
  1602.200,    -0.017567,    -0.057947,     0.009698,
  1602.250,    -0.018339,    -0.047525,     0.003403,
  1602.300,    -0.017634,    -0.066134,     0.004557,
  1602.350,    -0.028015,    -0.074133,     0.000960,
  1602.400,    -0.013575,    -0.077379,    -0.001493,
  1602.450,    -0.025739,    -0.060169,    -0.005684,
  1602.500,    -0.028428,    -0.080268,    -0.002595,
  1602.550,    -0.025300,    -0.067907,    -0.003962,
  1602.600,    -0.031818,    -0.099132,    -0.003223,
  1602.650,    -0.030832,    -0.079462,    -0.000485,
  1602.700,    -0.021698,    -0.061615,    -0.003533,
  1602.750,    -0.018222,    -0.055587,     0.005678,
  1602.800,    -0.011833,    -0.049285,     0.004246,
  1602.850,    -0.027881,    -0.061351,     0.000995,
  1602.900,    -0.012848,    -0.051576,     0.004214,
  1602.950,    -0.012377,    -0.030425,     0.005244,
  1603.000,    -0.029159,    -0.045516,     0.000053,
  1603.050,    -0.018992,    -0.046597,     0.009747,
  1603.100,    -0.033495,    -0.041525,     0.005914,
  1603.150,    -0.030340,    -0.058770,     0.009508,
  1603.200,    -0.028574,    -0.067038,     0.009708,
  1603.250,    -0.027843,    -0.060943,     0.009534,
  1603.300,    -0.020399,    -0.046130,     0.011880,
  1603.350,    -0.036279,    -0.044856,     0.006933,
  1603.400,    -0.025186,    -0.048941,     0.010773,
  1603.450,    -0.020926,    -0.057768,     0.005337,
  1603.500,    -0.021536,    -0.061647,     0.005405,
  1603.550,    -0.023551,    -0.072860,     0.004797,
  1603.600,    -0.020147,    -0.050958,    -0.001811,
  1603.650,    -0.027607,    -0.058043,     0.007053,
  1603.700,    -0.043808,    -0.046480,     0.002552,
  1603.750,    -0.040082,    -0.039911,     0.000155,
  1603.800,    -0.022226,    -0.055079,    -0.001383,
  1603.850,    -0.014250,    -0.055890,    -0.003122,
  1603.900,    -0.023591,    -0.060794,     0.000840,
  1603.950,    -0.022436,    -0.056321,    -0.000768,
  1604.000,    -0.043526,    -0.053461,    -0.002318,
  1604.050,    -0.038034,    -0.061511,     0.000424,
  1604.100,    -0.037233,    -0.073083,     0.004209,
  1604.150,    -0.043637,    -0.058812,     0.005187,
  1604.200,    -0.037326,    -0.056921,     0.000453,
  1604.250,    -0.030541,    -0.052816,     0.002505,
  1604.300,    -0.021465,    -0.051204,     0.003526,
  1604.350,    -0.023527,    -0.050098,    -0.001582,
  1604.400,    -0.044727,    -0.051308,     0.007373,
  1604.450,    -0.033976,    -0.055452,     0.007064,
  1604.500,    -0.036344,    -0.068069,     0.006474,
  1604.550,    -0.032611,    -0.050001,     0.007614,
  1604.600,    -0.011836,    -0.060544,     0.010805,
  1604.650,    -0.017440,    -0.066102,     0.010016,
  1604.700,    -0.033647,    -0.067510,     0.012585,
  1604.750,    -0.003321,    -0.069713,     0.015464,
  1604.800,    -0.020998,    -0.075049,     0.004747,
  1604.850,    -0.018913,    -0.068252,     0.006727,
  1604.900,    -0.018906,    -0.068048,     0.008175,
  1604.950,    -0.018432,    -0.057182,     0.006408,
  1605.000,    -0.023380,    -0.074073,     0.004405,
  1605.050,    -0.019265,    -0.073767,     0.005679,
  1605.100,    -0.009480,    -0.058804,     0.002346,
  1605.150,    -0.024101,    -0.074817,    -0.002092,
  1605.200,    -0.027309,    -0.054424,     0.004541,
  1605.250,    -0.010992,    -0.059604,    -0.000374,
  1605.300,    -0.006726,    -0.073760,    -0.001709,
  1605.350,    -0.033733,    -0.080658,     0.004569,
  1605.400,    -0.031779,    -0.064059,     0.006094,
  1605.450,    -0.018540,    -0.066206,     0.001184,
  1605.500,    -0.019114,    -0.061892,    -0.001693,
  1605.550,    -0.028911,    -0.056416,     0.008874,
  1605.600,    -0.006337,    -0.060449,     0.005405,
  1605.650,    -0.024035,    -0.062375,     0.003500,
  1605.700,    -0.009938,    -0.064690,     0.003626,
  1605.750,    -0.017730,    -0.067201,     0.005575,
  1605.800,    -0.012268,    -0.053317,     0.007190,
  1605.850,    -0.013435,    -0.075328,     0.001360,
  1605.900,    -0.006702,    -0.081720,     0.005239,
  1605.950,    -0.011786,    -0.084957,     0.008914,
  1606.000,    -0.022518,    -0.063255,     0.007485,
  1606.050,    -0.010305,    -0.061329,     0.005218,
  1606.100,    -0.005217,    -0.043735,     0.008005,
  1606.150,    -0.008021,    -0.050841,     0.006219,
  1606.200,    -0.017796,    -0.062682,     0.008592,
  1606.250,    -0.014217,    -0.048538,     0.008096,
  1606.300,    -0.007636,    -0.051206,     0.000214,
  1606.350,    -0.013440,    -0.056931,     0.001735,
  1606.400,     0.011330,    -0.061721,     0.005612,
  1606.450,    -0.010470,    -0.077838,     0.006202,
  1606.500,     0.000386,    -0.075351,     0.005548,
  1606.550,     0.006065,    -0.045355,     0.001044,
  1606.600,    -0.012495,    -0.075436,     0.000615,
  1606.650,    -0.014610,    -0.075216,     0.005491,
  1606.700,    -0.008313,    -0.067222,    -0.003236,
  1606.750,    -0.001014,    -0.063340,    -0.002045,
  1606.800,     0.010132,    -0.069187,     0.002995,
  1606.850,     0.009326,    -0.065506,     0.005840,
  1606.900,     0.019806,    -0.051772,     0.006371,
  1606.950,     0.006641,    -0.049198,     0.009393,
  1607.000,     0.000643,    -0.044549,     0.007444,
  1607.050,     0.024451,    -0.057717,     0.005277,
  1607.100,     0.017346,    -0.057853,     0.005613,
  1607.150,     0.028346,    -0.075347,     0.006127,
  1607.200,     0.023033,    -0.075670,     0.007224,
  1607.250,     0.040532,    -0.067853,     0.004886,
  1607.300,     0.039537,    -0.065862,     0.003372,
  1607.350,     0.019622,    -0.091792,     0.004159,
  1607.400,     0.003092,    -0.095613,     0.003903,
  1607.450,     0.011588,    -0.089350,     0.007596,
  1607.500,     0.018108,    -0.075400,     0.007305,
  1607.550,     0.008069,    -0.104859,     0.004874,
  1607.600,     0.009831,    -0.098777,     0.008848,
  1607.650,    -0.002765,    -0.092790,     0.007457,
  1607.700,     0.008869,    -0.102410,     0.007645,
  1607.750,     0.039997,    -0.103796,     0.010418,
  1607.800,     0.034354,    -0.101278,     0.004278,
  1607.850,     0.019919,    -0.124529,     0.005808,
  1607.900,     0.031931,    -0.136633,     0.001702,
  1607.950,     0.041503,    -0.124998,     0.008052,
  1608.000,     0.038088,    -0.137278,     0.005945,
  1608.050,     0.026543,    -0.131250,     0.005394,
  1608.100,     0.016696,    -0.141260,     0.009160,
  1608.150,     0.038373,    -0.161652,     0.005159,
  1608.200,     0.028930,    -0.162870,    -0.000676,
  1608.250,     0.029682,    -0.156415,     0.004046,
  1608.300,     0.049276,    -0.147483,    -0.001916,
  1608.350,     0.032597,    -0.147606,     0.000261,
  1608.400,     0.035639,    -0.157783,     0.001986,
  1608.450,     0.036981,    -0.149063,     0.002079,
  1608.500,     0.036437,    -0.130967,     0.009923,
  1608.550,     0.042632,    -0.132564,     0.002763,
  1608.600,     0.028455,    -0.131408,     0.005737,
  1608.650,     0.044017,    -0.119437,     0.013654,
  1608.700,     0.039913,    -0.132012,     0.006053,
  1608.750,     0.046777,    -0.130531,    -0.001265,
  1608.800,     0.031182,    -0.127366,     0.006776,
  1608.850,     0.024928,    -0.114349,     0.002837,
  1608.900,     0.034871,    -0.118084,     0.001243,
  1608.950,     0.052871,    -0.108535,     0.008923,
  1609.000,     0.022385,    -0.122791,     0.003748,
  1609.050,     0.034245,    -0.112637,     0.000738,
  1609.100,     0.020763,    -0.100752,     0.003290,
  1609.150,     0.017969,    -0.101737,     0.002050,
  1609.200,     0.031572,    -0.083625,     0.002876,
  1609.250,     0.027735,    -0.090299,     0.007280,
  1609.300,     0.015067,    -0.092264,     0.006641,
  1609.350,     0.023708,    -0.063074,     0.004728,
  1609.400,     0.036250,    -0.072413,    -0.001417,
  1609.450,     0.025804,    -0.097468,     0.008494,
  1609.500,     0.025513,    -0.062004,     0.005221,
  1609.550,     0.023224,    -0.074665,     0.002181,
  1609.600,     0.030878,    -0.082541,     0.003291,
  1609.650,     0.041210,    -0.095405,     0.002537,
  1609.700,     0.017516,    -0.072481,     0.002497,
  1609.750,     0.016307,    -0.073364,     0.006471,
  1609.800,     0.023742,    -0.048757,     0.007071,
  1609.850,     0.023075,    -0.050317,     0.003988,
  1609.900,     0.022642,    -0.050132,     0.001166,
  1609.950,     0.043626,    -0.052159,    -0.001691,
  1610.000,     0.026860,    -0.076507,     0.002987,
  1610.050,     0.010560,    -0.090168,     0.002335,
  1610.100,     0.019632,    -0.092489,     0.001757,
  1610.150,     0.020028,    -0.092585,     0.007358,
  1610.200,     0.004489,    -0.087222,     0.004259,
  1610.250,     0.000356,    -0.102442,     0.001631,
  1610.300,    -0.007701,    -0.110517,     0.003358,
  1610.350,    -0.002242,    -0.117500,     0.010520,
  1610.400,     0.021100,    -0.123959,     0.005625,
  1610.450,     0.011448,    -0.132789,     0.002876,
  1610.500,    -0.008347,    -0.137259,     0.008252,
  1610.550,     0.017353,    -0.141640,     0.007835,
  1610.600,     0.032741,    -0.131035,     0.003992,
  1610.650,     0.012551,    -0.137492,     0.007118,
  1610.700,     0.025665,    -0.131505,     0.003987,
  1610.750,     0.018979,    -0.161033,    -0.001145,
  1610.800,     0.019720,    -0.172221,     0.001325,
  1610.850,     0.044777,    -0.194941,     0.004700,
  1610.900,     0.033106,    -0.172747,     0.008897,
  1610.950,     0.033400,    -0.179672,     0.008717,
  1611.000,     0.032576,    -0.196484,     0.001018,
  1611.050,     0.011916,    -0.217035,     0.003911,
  1611.100,     0.005163,    -0.213329,     0.007589,
  1611.150,     0.016970,    -0.239635,     0.007263,
  1611.200,     0.032380,    -0.240099,     0.010840,
  1611.250,     0.016804,    -0.215287,     0.007549,
  1611.300,     0.013871,    -0.217257,     0.000376,
  1611.350,     0.011649,    -0.223915,     0.003365,
  1611.400,     0.013077,    -0.225158,     0.000715,
  1611.450,     0.015065,    -0.227445,    -0.003898,
  1611.500,     0.019086,    -0.219021,     0.003401,
  1611.550,     0.017983,    -0.196926,     0.007353,
  1611.600,     0.008414,    -0.221091,     0.000536,
  1611.650,     0.011507,    -0.212736,     0.007091,
  1611.700,     0.012652,    -0.199161,     0.005281,
  1611.750,    -0.002172,    -0.192209,    -0.000625,
  1611.800,    -0.000560,    -0.199529,     0.002970,
  1611.850,    -0.005453,    -0.174264,     0.004679,
  1611.900,    -0.027192,    -0.168421,     0.002758,
  1611.950,    -0.027453,    -0.185613,     0.006085,
  1612.000,    -0.040959,    -0.193127,     0.010056,
  1612.050,    -0.033784,    -0.202004,     0.009868,
  1612.100,    -0.011038,    -0.203686,     0.007979,
  1612.150,    -0.017981,    -0.192196,     0.005240,
  1612.200,    -0.035651,    -0.228909,     0.007009,
  1612.250,    -0.026328,    -0.217702,     0.011661,
  1612.300,    -0.020177,    -0.218946,     0.014867,
  1612.350,    -0.017304,    -0.226065,     0.007339,
  1612.400,    -0.011763,    -0.209106,     0.006056,
  1612.450,    -0.013166,    -0.219318,     0.003505,
  1612.500,    -0.004531,    -0.206316,     0.001662,
  1612.550,    -0.003417,    -0.213026,     0.009334,
  1612.600,    -0.005424,    -0.230964,     0.009412,
  1612.650,    -0.003596,    -0.237960,     0.006047,
  1612.700,     0.005796,    -0.240506,    -0.000196,
  1612.750,     0.007642,    -0.236160,    -0.004395,
  1612.800,     0.017554,    -0.233167,    -0.000071,
  1612.850,    -0.002159,    -0.256656,     0.000739,
  1612.900,     0.007974,    -0.239617,     0.006024,
  1612.950,     0.010690,    -0.245471,     0.003137,
  1613.000,     0.002653,    -0.262886,    -0.001443,
  1613.050,     0.000020,    -0.251333,     0.002372,
  1613.100,     0.009526,    -0.256567,     0.006370,
  1613.150,     0.025609,    -0.244889,     0.006313,
  1613.200,     0.029776,    -0.267568,     0.002548,
  1613.250,     0.034011,    -0.263436,     0.001515,
  1613.300,     0.029816,    -0.261406,     0.006050,
  1613.350,     0.028981,    -0.262316,     0.006249,
  1613.400,     0.035148,    -0.263597,     0.001973,
  1613.450,     0.029672,    -0.263895,     0.002813,
  1613.500,     0.029279,    -0.253962,     0.002725,
  1613.550,     0.037036,    -0.267384,     0.009655,
  1613.600,     0.023892,    -0.282852,     0.012494,
  1613.650,     0.031109,    -0.294390,     0.004750,
  1613.700,     0.039406,    -0.269291,     0.001207,
  1613.750,     0.037477,    -0.296063,     0.003183,
  1613.800,     0.035201,    -0.295676,     0.006176,
  1613.850,     0.043299,    -0.290447,     0.006004,
  1613.900,     0.050840,    -0.308364,     0.001853,
  1613.950,     0.053556,    -0.311033,     0.007707,
  1614.000,     0.016029,    -0.298176,     0.008251,
  1614.050,     0.015017,    -0.320096,     0.004347,
  1614.100,     0.022769,    -0.327092,     0.006110,
  1614.150,     0.021817,    -0.336267,     0.008350,
  1614.200,     0.008454,    -0.347295,     0.004213,
  1614.250,     0.024255,    -0.345886,     0.000980,
  1614.300,     0.005631,    -0.330335,     0.004452,
  1614.350,     0.011700,    -0.335595,     0.004903,
  1614.400,     0.014019,    -0.326397,     0.006033,
  1614.450,     0.008647,    -0.335081,     0.006184,
  1614.500,     0.001780,    -0.341281,     0.003119,
  1614.550,     0.012515,    -0.341916,     0.004428,
  1614.600,    -0.014506,    -0.342900,     0.005432,
  1614.650,    -0.038219,    -0.342125,     0.004344,
  1614.700,    -0.035873,    -0.318097,    -0.000955,
  1614.750,    -0.040883,    -0.315540,    -0.000330,
  1614.800,    -0.039015,    -0.298863,     0.006847,
  1614.850,    -0.024995,    -0.298416,     0.003206,
  1614.900,    -0.044781,    -0.312369,     0.001990,
  1614.950,    -0.038398,    -0.298750,     0.003945,
  1615.000,    -0.058042,    -0.299329,     0.001687,
  1615.050,    -0.062508,    -0.316875,     0.001088,
  1615.100,    -0.071262,    -0.339941,     0.002865,
  1615.150,    -0.060640,    -0.354372,     0.008358,
  1615.200,    -0.071208,    -0.349586,     0.004852,
  1615.250,    -0.082134,    -0.375272,     0.004658,
  1615.300,    -0.085767,    -0.391255,     0.011288,
  1615.350,    -0.082740,    -0.412063,     0.006041,
  1615.400,    -0.083891,    -0.422098,     0.005194,
  1615.450,    -0.074351,    -0.408363,     0.005928,
  1615.500,    -0.073790,    -0.404922,     0.009446,
  1615.550,    -0.080333,    -0.411461,     0.008562,
  1615.600,    -0.078536,    -0.401083,     0.000792,
  1615.650,    -0.081443,    -0.408784,     0.003593,
  1615.700,    -0.068445,    -0.415894,     0.009991,
  1615.750,    -0.052389,    -0.406058,     0.007584,
  1615.800,    -0.067412,    -0.429032,     0.005890,
  1615.850,    -0.069172,    -0.454615,     0.004130,
  1615.900,    -0.068844,    -0.455064,     0.003451,
  1615.950,    -0.070738,    -0.455368,     0.005918,
  1616.000,    -0.063164,    -0.466990,     0.000959,
  1616.050,    -0.068398,    -0.474880,     0.000182,
  1616.100,    -0.076743,    -0.480263,     0.003455,
  1616.150,    -0.087060,    -0.480738,    -0.000850,
  1616.200,    -0.072048,    -0.476577,    -0.005544,
  1616.250,    -0.070800,    -0.483261,     0.002028,
  1616.300,    -0.081891,    -0.490949,     0.003072,
  1616.350,    -0.082834,    -0.490765,     0.000135,
  1616.400,    -0.086437,    -0.495713,     0.002029,
  1616.450,    -0.095524,    -0.492477,     0.003078,
  1616.500,    -0.106504,    -0.503176,     0.000144,
  1616.550,    -0.080520,    -0.526755,     0.006573,
  1616.600,    -0.075245,    -0.506274,     0.004745,
  1616.650,    -0.084646,    -0.492097,     0.000516,
  1616.700,    -0.075895,    -0.494707,     0.004825,
  1616.750,    -0.081009,    -0.491688,     0.006988,
  1616.800,    -0.095019,    -0.491173,     0.006310,
  1616.850,    -0.086692,    -0.493725,     0.007484,
  1616.900,    -0.079069,    -0.487156,     0.005718,
  1616.950,    -0.080546,    -0.489569,     0.002302,
  1617.000,    -0.105257,    -0.506868,     0.007885,
  1617.050,    -0.098797,    -0.487291,     0.007737,
  1617.100,    -0.113545,    -0.474220,     0.005150,
  1617.150,    -0.107050,    -0.483483,     0.006037,
  1617.200,    -0.108672,    -0.473541,     0.008509,
  1617.250,    -0.129536,    -0.474562,     0.005222,
  1617.300,    -0.128961,    -0.456456,     0.002725,
  1617.350,    -0.116580,    -0.446705,     0.004785,
  1617.400,    -0.113687,    -0.459078,     0.000961,
  1617.450,    -0.119240,    -0.445847,     0.000869,
  1617.500,    -0.127044,    -0.438835,    -0.001308,
  1617.550,    -0.132537,    -0.433537,    -0.000489,
  1617.600,    -0.125451,    -0.436497,     0.000609,
  1617.650,    -0.136833,    -0.418269,    -0.000739,
  1617.700,    -0.136494,    -0.416141,    -0.001414,
  1617.750,    -0.151945,    -0.407228,     0.001969,
  1617.800,    -0.153963,    -0.401720,     0.004240,
  1617.850,    -0.157357,    -0.380863,     0.002412,
  1617.900,    -0.148572,    -0.371745,    -0.002990,
  1617.950,    -0.152425,    -0.338327,    -0.001144,
  1618.000,    -0.155103,    -0.281234,     0.000008,
  1618.050,    -0.152120,    -0.232384,    -0.000436,
  1618.100,    -0.161918,    -0.193871,     0.000371,
  1618.150,    -0.178503,    -0.161821,     0.007462,
  1618.200,    -0.156072,    -0.119875,     0.004732,
  1618.250,    -0.144104,    -0.077524,     0.009418,
  1618.300,    -0.143100,    -0.071774,     0.010343,
  1618.350,    -0.161364,    -0.087374,     0.015109,
  1618.400,    -0.149136,    -0.196099,     0.011275,
  1618.450,    -0.132023,    -0.348139,     0.004239,
  1618.500,    -0.151058,    -0.610612,     0.014763,
  1618.550,    -0.147602,    -0.952923,     0.018166,
  1618.600,    -0.151140,    -1.333053,     0.012074,
  1618.650,    -0.147932,    -1.743931,     0.012142,
  1618.700,    -0.162950,    -2.126887,     0.009192,
  1618.750,    -0.156206,    -2.394161,     0.008386,
  1618.800,    -0.152021,    -2.457728,     0.006395,
  1618.850,    -0.166967,    -2.309845,     0.009765,
  1618.900,    -0.166497,    -1.995652,     0.008606,
  1618.950,    -0.175423,    -1.602009,     0.003780,
  1619.000,    -0.173118,    -1.184876,     0.001877,
  1619.050,    -0.182818,    -0.797805,     0.004689,
  1619.100,    -0.217704,    -0.520714,     0.002184,
  1619.150,    -0.204957,    -0.297820,     0.000074,
  1619.200,    -0.205771,    -0.164513,    -0.000473,
  1619.250,    -0.223467,    -0.133796,    -0.002659,
  1619.300,    -0.245437,    -0.141140,     0.001742,
  1619.350,    -0.230632,    -0.189173,    -0.004374,
  1619.400,    -0.227030,    -0.272831,    -0.006454,
  1619.450,    -0.230157,    -0.366149,    -0.001525,
  1619.500,    -0.225901,    -0.414662,    -0.004226,
  1619.550,    -0.220727,    -0.486669,    -0.003597,
  1619.600,    -0.229432,    -0.532702,     0.005036,
  1619.650,    -0.239292,    -0.559336,     0.006774,
  1619.700,    -0.224096,    -0.580338,     0.002985,
  1619.750,    -0.228550,    -0.589772,     0.004429,
  1619.800,    -0.247145,    -0.591029,     0.003049,
  1619.850,    -0.236784,    -0.607447,     0.001485,
  1619.900,    -0.234124,    -0.624791,     0.007517,
  1619.950,    -0.244373,    -0.651564,     0.006649,
  1620.000,    -0.248006,    -0.699427,     0.006568,
  1620.050,    -0.255833,    -0.712156,     0.012351,
  1620.100,    -0.259614,    -0.740053,     0.012503,
  1620.150,    -0.235578,    -0.779035,     0.009342,
  1620.200,    -0.263592,    -0.777557,     0.011809,
  1620.250,    -0.272542,    -0.783301,     0.013863,
  1620.300,    -0.260488,    -0.795376,     0.010495,
  1620.350,    -0.264457,    -0.762885,     0.014189,
  1620.400,    -0.265827,    -0.756703,     0.014236,
  1620.450,    -0.271802,    -0.755122,     0.010594,
  1620.500,    -0.269149,    -0.759587,     0.010338,
  1620.550,    -0.260135,    -0.770126,     0.007491,
  1620.600,    -0.263899,    -0.762379,     0.006598,
  1620.650,    -0.282594,    -0.799293,     0.003777,
  1620.700,    -0.275264,    -0.826538,     0.001584,
  1620.750,    -0.263291,    -0.825007,     0.000493,
  1620.800,    -0.271903,    -0.836559,    -0.002980,
  1620.850,    -0.263665,    -0.864981,    -0.005286,
  1620.900,    -0.272667,    -0.872562,    -0.000648,
  1620.950,    -0.280259,    -0.863349,     0.004178,
  1621.000,    -0.279189,    -0.892779,     0.000620,
  1621.050,    -0.271763,    -0.900679,    -0.002813,
  1621.100,    -0.279335,    -0.903279,     0.001968,
  1621.150,    -0.254594,    -0.929399,    -0.005197,
  1621.200,    -0.233902,    -0.946151,    -0.000897,
  1621.250,    -0.255944,    -0.973433,     0.001185,
  1621.300,    -0.249070,    -1.002156,     0.002806,
  1621.350,    -0.242877,    -1.031033,     0.003641,
  1621.400,    -0.237810,    -1.055723,     0.000029,
  1621.450,    -0.221479,    -1.082439,     0.006100,
  1621.500,    -0.192418,    -1.040745,     0.004403,
  1621.550,    -0.198459,    -1.007067,     0.004079,
  1621.600,    -0.184015,    -0.969472,     0.003576,
  1621.650,    -0.170710,    -0.923275,     0.006610,
  1621.700,    -0.156797,    -0.868363,     0.002833,
  1621.750,    -0.164437,    -0.839668,     0.009101,
  1621.800,    -0.152494,    -0.839075,     0.009257,
  1621.850,    -0.128288,    -0.835832,     0.006232,
  1621.900,    -0.122462,    -0.868083,     0.010779,
  1621.950,    -0.091653,    -0.905803,     0.006384,
  1622.000,    -0.063304,    -0.925178,     0.008701,
  1622.050,    -0.040704,    -0.925425,     0.010050,
  1622.100,    -0.015521,    -0.933014,     0.005489,
  1622.150,     0.004182,    -0.943333,     0.001999,
  1622.200,     0.028827,    -0.946160,     0.002805,
  1622.250,     0.031903,    -0.947706,     0.006172,
  1622.300,     0.033988,    -0.936598,     0.002026,
  1622.350,    -0.019835,    -0.911204,     0.006889,
  1622.400,    -0.119129,    -0.902913,     0.010753,
  1622.450,    -0.258290,    -0.885350,     0.005108,
  1622.500,    -0.458977,    -0.852988,     0.005627,
  1622.550,    -0.714806,    -0.809969,     0.010408,
  1622.600,    -0.994134,    -0.785377,     0.006341,
  1622.650,    -1.215017,    -0.742969,     0.004113,
  1622.700,    -1.393272,    -0.686576,    -0.002378,
  1622.750,    -1.440606,    -0.613374,    -0.003652,
  1622.800,    -1.359210,    -0.510101,    -0.001870,
  1622.850,    -1.158583,    -0.403846,     0.005866,
  1622.900,    -0.871911,    -0.275957,     0.007193,
  1622.950,    -0.589455,    -0.136301,    -0.000372,
  1623.000,    -0.368640,    -0.013895,     0.008196,
  1623.050,    -0.159143,     0.097326,     0.010691,
  1623.100,    -0.049793,     0.115637,     0.000182,
  1623.150,     0.025245,     0.008123,    -0.002462,
  1623.200,     0.068851,    -0.326249,     0.011152,
  1623.250,     0.031616,    -1.001347,     0.011302,
  1623.300,    -0.009194,    -2.122518,     0.008592,
  1623.350,    -0.055891,    -3.843026,     0.012795,
  1623.400,    -0.114125,    -6.190226,     0.008372,
  1623.450,    -0.166167,    -9.079033,     0.005248,
  1623.500,    -0.200589,   -12.222148,     0.008117,
  1623.550,    -0.222680,   -15.132563,     0.009105,
  1623.600,    -0.263107,   -17.125555,     0.007275,
  1623.650,    -0.253422,   -17.493563,     0.009938,
  1623.700,    -0.251366,   -15.827166,     0.009779,
  1623.750,    -0.259273,   -12.123533,     0.008089,
  1623.800,    -0.283484,    -6.997025,     0.015391,
  1623.850,    -0.264676,    -1.427215,     0.012740,
  1623.900,    -0.286763,     3.484423,     0.006018,
  1623.950,    -0.319835,     6.934489,     0.003288,
  1624.000,    -0.325851,     8.513791,     0.001091,
  1624.050,    -0.347396,     8.337132,    -0.000594,
  1624.100,    -0.367103,     6.748450,     0.003318,
  1624.150,    -0.370486,     4.178412,     0.001772,
  1624.200,    -0.356730,     1.205607,     0.005412,
  1624.250,    -0.348418,    -1.618595,     0.006521,
  1624.300,    -0.339237,    -3.847212,     0.005992,
  1624.350,    -0.333965,    -5.274983,     0.003522,
  1624.400,    -0.343543,    -5.999073,    -0.001077,
  1624.450,    -0.338591,    -6.210488,     0.003870,
  1624.500,    -0.352218,    -6.037645,     0.007286,
  1624.550,    -0.352447,    -5.448199,     0.003270,
  1624.600,    -0.355661,    -4.513717,    -0.001524,
  1624.650,    -0.344613,    -3.507028,     0.001903,
  1624.700,    -0.354594,    -2.713990,     0.005022,
  1624.750,    -0.354784,    -2.169706,     0.006802,
  1624.800,    -0.371929,    -1.805950,     0.004094,
  1624.850,    -0.371050,    -1.469886,     0.005925,
  1624.900,    -0.369242,    -1.140785,     0.004917,
  1624.950,    -0.359761,    -0.812284,     0.007173,
  1625.000,    -0.365501,    -0.407357,     0.002432,
  1625.050,    -0.366892,     0.132472,     0.002486,
  1625.100,    -0.375928,     0.838794,     0.005489,
  1625.150,    -0.395669,     1.727241,     0.002187,
  1625.200,    -0.420541,     2.765705,     0.002602,
  1625.250,    -0.438356,     3.889177,     0.004706,
  1625.300,    -0.467416,     5.077292,     0.005909,
  1625.350,    -0.476714,     6.273234,     0.005455,
  1625.400,    -0.461926,     7.478472,     0.005230,
  1625.450,    -0.462530,     8.746009,     0.004843,
  1625.500,    -0.443896,    10.060120,     0.006747,
  1625.550,    -0.392982,    11.467869,     0.006308,
  1625.600,    -0.357356,    13.071246,     0.002741,
  1625.650,    -0.327860,    14.898890,     0.002865,
  1625.700,    -0.312639,    17.010325,     0.004676,
  1625.750,    -0.292708,    19.501218,     0.006036,
  1625.800,    -0.318297,    22.428147,     0.004189,
  1625.850,    -0.334055,    25.822997,     0.004463,
  1625.900,    -0.358679,    29.700968,     0.004146,
  1625.950,    -0.376639,    34.164119,     0.007989,
  1626.000,    -0.395813,    39.328189,     0.011059,
  1626.050,    -0.405939,    45.320874,     0.007397,
  1626.100,    -0.389258,    52.213222,     0.003263,
  1626.150,    -0.395949,    60.173804,     0.002176,
  1626.200,    -0.399206,    69.234329,     0.007321,
  1626.250,    -0.390219,    79.317423,     0.010138,
  1626.300,    -0.374536,    90.147328,     0.008729,
  1626.350,    -0.364028,   101.149397,     0.008641,
  1626.400,    -0.331627,   111.240914,     0.006058,
  1626.450,    -0.310656,   118.577158,     0.007204,
  1626.500,    -0.296467,   120.330037,     0.008035,
  1626.550,    -0.273016,   112.301036,     0.001509,
  1626.600,    -0.249894,    88.936240,     0.002038,
  1626.650,    -0.225762,    43.654300,     0.002728,
  1626.700,    -0.176460,   -30.080523,     0.003172,
  1626.750,    -0.127150,  -136.599317,     0.003382,
  1626.800,    -0.039769,  -275.383844,     0.013092,
  1626.850,     0.033147,  -438.202199,     0.007484,
  1626.900,     0.133389,  -607.466873,     0.005363,
  1626.950,     0.216103,  -756.832510,     0.005393,
  1627.000,     0.277165,  -853.304042,     0.005229,
  1627.050,     0.291494,  -863.652525,     0.002451,
  1627.100,     0.257740,  -767.964910,    -0.000575,
  1627.150,     0.058780,  -573.556554,    -0.002725,
  1627.200,    -0.319419,  -314.836492,    -0.001461,
  1627.250,    -0.961847,   -38.717001,    -0.002187,
  1627.300,    -1.976670,   213.204124,     0.002284,
  1627.350,    -3.382405,   414.370761,     0.003186,
  1627.400,    -5.150165,   551.418659,    -0.001053,
  1627.450,    -7.100838,   618.154752,    -0.004108,
  1627.500,    -8.930412,   615.650001,     0.003113,
  1627.550,   -10.210368,   555.920794,    -0.000129,
  1627.600,   -10.476020,   461.606808,    -0.001411,
  1627.650,    -9.442015,   358.092630,     0.001034,
  1627.700,    -7.063606,   262.795631,     0.002113,
  1627.750,    -3.750459,   181.288099,     0.002935,
  1627.800,    -0.101615,   113.143369,     0.004751,
  1627.850,     3.089851,    59.884677,     0.008347,
  1627.900,     5.244724,    26.164406,     0.011723,
  1627.950,     6.186065,    13.388737,     0.007933,
  1628.000,     5.947029,    14.807836,     0.008700,
  1628.050,     4.810128,    19.605023,     0.009110,
  1628.100,     3.078924,    20.976186,     0.013245,
  1628.150,     1.082816,    18.573325,     0.011390,
  1628.200,    -0.784702,    13.737354,     0.007868,
  1628.250,    -2.226329,     6.294082,     0.008767,
  1628.300,    -3.109438,    -3.942722,     0.004288,
  1628.350,    -3.476947,   -15.291041,     0.011183,
  1628.400,    -3.518498,   -25.115936,     0.010808,
  1628.450,    -3.330253,   -31.509963,     0.009315,
  1628.500,    -2.909650,   -33.304194,     0.007992,
  1628.550,    -2.270269,   -29.992888,     0.006232,
  1628.600,    -1.566017,   -22.742302,     0.003694,
  1628.650,    -1.000933,   -14.414926,     0.003687,
  1628.700,    -0.663245,    -7.483234,     0.005221,
  1628.750,    -0.455305,    -2.984859,     0.003423,
  1628.800,    -0.266783,    -1.164252,     0.000546,
  1628.850,    -0.069950,    -2.118112,    -0.000868,
  1628.900,     0.123398,    -5.174189,     0.004671,
  1628.950,     0.354655,    -9.286403,     0.002026,
  1629.000,     0.688918,   -13.634145,    -0.006752,
  1629.050,     1.102248,   -17.083424,    -0.002623,
  1629.100,     1.577170,   -18.429742,    -0.000612,
  1629.150,     2.218602,   -17.405915,     0.000607,
  1629.200,     2.902360,   -14.983355,    -0.003440,
  1629.250,     3.578339,   -11.998510,     0.000227,
  1629.300,     4.268460,    -8.593464,     0.000357,
  1629.350,     4.961834,    -5.354663,     0.000857,
  1629.400,     5.674338,    -3.324842,     0.000091,
  1629.450,     6.423210,    -2.418323,     0.003598,
  1629.500,     7.216880,    -1.744800,     0.005194,
  1629.550,     8.137390,    -1.435813,     0.000445,
  1629.600,     9.170666,    -2.146204,     0.004963,
  1629.650,    10.395268,    -3.579164,     0.008683,
  1629.700,    11.813224,    -5.007354,     0.006375,
  1629.750,    13.476681,    -6.289650,     0.004186,
  1629.800,    15.376370,    -7.321848,     0.002514,
  1629.850,    17.580498,    -7.916487,     0.007102,
  1629.900,    20.125255,    -8.401538,     0.008932,
  1629.950,    23.076944,    -9.063405,     0.009319,
  1630.000,    26.500743,    -9.528301,     0.005352,
  1630.050,    30.487123,    -9.995554,     0.003777,
  1630.100,    35.129989,   -11.552468,     0.005033,
  1630.150,    40.461276,   -14.581446,     0.004354,
  1630.200,    46.400535,   -18.110098,     0.001290,
  1630.250,    52.874932,   -21.159664,     0.003368,
  1630.300,    59.544943,   -23.552278,     0.002323,
  1630.350,    65.818701,   -25.200944,     0.001432,
  1630.400,    70.646219,   -25.526302,     0.003762,
  1630.450,    72.375743,   -23.619052,     0.002428,
  1630.500,    68.591193,   -18.819349,     0.004256,
  1630.550,    55.966040,   -11.499617,     0.003660,
  1630.600,    30.375295,    -3.149112,     0.010090,
  1630.650,   -12.361920,     4.452853,     0.014778,
  1630.700,   -75.517440,    10.046533,     0.018830,
  1630.750,  -159.600114,    13.060233,     0.018809,
  1630.800,  -260.170836,    13.620158,     0.022082,
  1630.850,  -366.567766,    12.157680,     0.022085,
  1630.900,  -461.493131,     9.274574,     0.018784,
  1630.950,  -523.120429,     5.856123,     0.012462,
  1631.000,  -530.177595,     2.993944,     0.008421,
  1631.050,  -470.406636,     1.406954,     0.013085,
  1631.100,  -347.920422,     1.309775,     0.017740,
  1631.150,  -183.741819,     2.395546,     0.019741,
  1631.200,    -7.800711,     3.763499,     0.019910,
  1631.250,   152.228472,     4.322650,     0.017559,
  1631.300,   277.902299,     3.926636,     0.011915,
  1631.350,   359.884736,     3.166550,     0.003821,
  1631.400,   395.380848,     2.265575,    -0.003807,
  1631.450,   386.939618,     1.160862,    -0.008740,
  1631.500,   342.907344,     0.170592,    -0.010239,
  1631.550,   277.507403,    -0.376537,    -0.005675,
  1631.600,   207.286875,    -0.448203,    -0.000581,
  1631.650,   144.431692,    -0.184167,    -0.005060,
  1631.700,    92.888153,     0.207198,    -0.001058,
  1631.750,    51.181705,     0.439720,    -0.000659,
  1631.800,    18.889971,     0.576219,    -0.000671,
  1631.850,    -1.019977,     0.828175,    -0.002818,
  1631.900,    -6.774714,     1.151283,    -0.004208,
  1631.950,    -2.370581,     1.302174,     0.001104,
  1632.000,     4.275522,     1.393799,     0.005536,
  1632.050,     7.600722,     1.363982,     0.008335,
  1632.100,     7.288884,     0.892051,     0.008420,
  1632.150,     5.076119,    -0.002850,     0.005171,
  1632.200,     1.250367,    -0.749953,     0.005828,
  1632.250,    -4.462190,    -0.775002,     0.004785,
  1632.300,   -11.204587,    -0.086435,     0.001328,
  1632.350,   -17.087361,     0.719788,     0.001038,
  1632.400,   -20.732429,     0.976297,    -0.002308,
  1632.450,   -21.580986,     0.479779,    -0.002551,
  1632.500,   -19.347848,    -0.447088,     0.001867,
  1632.550,   -14.632630,    -1.509570,     0.007623,
  1632.600,    -9.262992,    -2.620741,     0.005771,
  1632.650,    -5.035202,    -3.634282,     0.005017,
  1632.700,    -2.539883,    -4.182021,     0.002764,
  1632.750,    -1.630441,    -3.906807,     0.004481,
  1632.800,    -2.321548,    -2.793900,     0.005038,
  1632.850,    -4.137856,    -1.227206,     0.002259,
  1632.900,    -6.356947,     0.409447,     0.000689,
  1632.950,    -8.441690,     1.757836,     0.003819,
  1633.000,    -9.966178,     2.638111,     0.002100,
  1633.050,   -10.303300,     3.037544,     0.006156,
  1633.100,    -9.322614,     2.807701,    -0.000553,
  1633.150,    -7.696627,     1.846147,     0.002726,
  1633.200,    -6.074415,     0.418482,     0.003970,
  1633.250,    -4.354071,    -0.781082,     0.000432,
  1633.300,    -2.699371,    -1.114038,     0.005805,
  1633.350,    -1.794345,    -0.548134,     0.005998,
  1633.400,    -1.650126,     0.372960,     0.005497,
  1633.450,    -1.525188,     1.093779,     0.005913,
  1633.500,    -1.323151,     1.532629,     0.004260,
  1633.550,    -1.659100,     1.931117,     0.003100,
  1633.600,    -2.511326,     2.205702,     0.007189,
  1633.650,    -3.343956,     2.028786,     0.007444,
  1633.700,    -4.006417,     1.294591,     0.003131,
  1633.750,    -4.540915,     0.509281,     0.001260,
  1633.800,    -4.834410,     0.259539,     0.000602,
  1633.850,    -4.950370,     0.637703,     0.003054,
  1633.900,    -5.280347,     1.288410,    -0.000896,
  1633.950,    -5.634799,     1.735328,    -0.002679,
  1634.000,    -5.837542,     2.004661,    -0.001098,
  1634.050,    -6.528499,     2.524687,     0.002850,
  1634.100,    -8.199989,     3.538086,     0.007976,
  1634.150,   -10.372811,     4.817174,     0.007648,
  1634.200,   -12.274738,     5.771806,     0.008197,
  1634.250,   -13.772919,     5.894634,     0.008793,
  1634.300,   -14.940345,     5.019867,     0.009020,
  1634.350,   -15.388182,     3.374413,     0.006372,
  1634.400,   -14.555739,     1.468931,     0.007247,
  1634.450,   -12.005360,    -0.234864,     0.006422,
  1634.500,    -7.816447,    -1.331142,     0.005566,
  1634.550,    -2.774114,    -1.620024,     0.007591,
  1634.600,     2.068392,    -1.193751,     0.010769,
  1634.650,     5.870084,    -0.221375,     0.009084,
  1634.700,     8.196198,     0.944310,     0.009421,
  1634.750,     8.967475,     1.802740,     0.011259,
  1634.800,     8.411625,     2.103127,     0.002064,
  1634.850,     6.843842,     1.980898,     0.006173,
  1634.900,     4.663413,     1.834150,     0.003976,
  1634.950,     2.567382,     1.554471,     0.001746,
  1635.000,     1.138742,     0.849765,    -0.001530,
  1635.050,     0.517308,    -0.364628,     0.002196,
  1635.100,     0.658074,    -1.647068,     0.004770,
  1635.150,     1.132651,    -2.463542,     0.002877,
  1635.200,     1.380293,    -2.393592,     0.004914,
  1635.250,     1.177595,    -1.539666,     0.000851,
  1635.300,     0.860853,    -0.367061,    -0.003676,
  1635.350,     0.638794,     0.786164,    -0.004734,
  1635.400,     0.338944,     1.800347,    -0.000254,
  1635.450,     0.029106,     2.567745,     0.000013,
  1635.500,    -0.064249,     2.857418,    -0.000028,
  1635.550,     0.003038,     2.729597,     0.001284,
  1635.600,     0.145931,     2.507415,    -0.005146,
  1635.650,     0.296148,     2.725166,     0.000326,
  1635.700,     0.326294,     3.536522,     0.002254,
  1635.750,     0.282351,     4.719953,    -0.000972,
  1635.800,     0.242977,     5.978758,     0.001318,
  1635.850,     0.316081,     7.139484,     0.004758,
  1635.900,     0.329881,     8.018270,     0.002573,
  1635.950,     0.375159,     8.408722,     0.008584,
  1636.000,     0.379755,     8.099335,     0.011372,
  1636.050,     0.180347,     6.992960,     0.005814,
  1636.100,    -0.333682,     5.083596,     0.004624,
  1636.150,    -0.895409,     2.715300,     0.007095,
  1636.200,    -1.049754,     0.553834,     0.007145,
  1636.250,    -0.806173,    -0.974464,     0.012021,
  1636.300,    -0.421854,    -1.866223,     0.009163,
  1636.350,    -0.257418,    -2.360050,     0.005260,
  1636.400,    -0.436961,    -2.625182,     0.010569,
  1636.450,    -0.836025,    -2.683920,     0.010756,
  1636.500,    -1.235394,    -2.569406,     0.011802,
  1636.550,    -1.625646,    -2.462354,     0.014237,
  1636.600,    -2.034037,    -2.381856,     0.010121,
  1636.650,    -2.282577,    -2.249739,     0.009443,
  1636.700,    -2.110021,    -1.943175,     0.007432,
  1636.750,    -1.517902,    -1.563875,     0.005758,
  1636.800,    -0.657755,    -1.173989,     0.005490,
  1636.850,     0.241532,    -0.740138,     0.003941,
  1636.900,     1.005141,    -0.124872,     0.001380,
  1636.950,     1.492348,     0.609759,     0.004457,
  1637.000,     1.732319,     1.406203,     0.003283,
  1637.050,     1.601399,     2.317221,     0.003093,
  1637.100,     1.039978,     3.254949,     0.003801,
  1637.150,     0.149245,     4.003688,    -0.003354,
  1637.200,    -0.624374,     4.135708,     0.001941,
  1637.250,    -0.923931,     3.405202,     0.000220,
  1637.300,    -0.691890,     1.985505,    -0.001788,
  1637.350,    -0.210771,     0.434592,     0.002772,
  1637.400,     0.176750,    -0.822254,     0.006293,
  1637.450,     0.423885,    -1.575648,     0.003293,
  1637.500,     0.655598,    -1.729813,     0.003641,
  1637.550,     0.903332,    -1.255113,     0.002570,
  1637.600,     0.964482,    -0.338612,     0.000696,
  1637.650,     0.711699,     0.763632,    -0.000721,
  1637.700,     0.337934,     1.740224,     0.001082,
  1637.750,     0.201992,     2.460679,     0.003990,
  1637.800,     0.378112,     2.958997,     0.008912,
  1637.850,     0.679296,     3.299934,     0.003856,
  1637.900,     0.874704,     3.385711,    -0.000011,
  1637.950,     0.938990,     3.162409,     0.003455,
  1638.000,     1.089473,     2.824086,     0.004840,
  1638.050,     1.552443,     2.523193,     0.008928,
  1638.100,     2.209724,     2.167881,     0.006425,
  1638.150,     2.784373,     1.673464,     0.005028,
  1638.200,     2.967059,     1.097867,     0.005954,
  1638.250,     2.581781,     0.595649,     0.010908,
  1638.300,     1.798293,     0.267708,     0.002957,
  1638.350,     0.802296,     0.215812,     0.005844,
  1638.400,    -0.059221,     0.300757,     0.012078,
  1638.450,    -0.617132,     0.210374,     0.010134,
  1638.500,    -0.778061,    -0.234144,     0.004273,
  1638.550,    -0.564380,    -0.859218,     0.004539,
  1638.600,    -0.130593,    -1.345800,     0.003217,
  1638.650,     0.325927,    -1.384178,     0.005215,
  1638.700,     0.604226,    -1.020408,     0.002304,
  1638.750,     0.475945,    -0.342018,     0.001311,
  1638.800,     0.001427,     0.725234,     0.006869,
  1638.850,    -0.557673,     2.078701,     0.011684,
  1638.900,    -1.116265,     3.398893,     0.005379,
  1638.950,    -1.796561,     4.392974,     0.004377,
  1639.000,    -2.583866,     4.958612,     0.007158,
  1639.050,    -3.188497,     5.103479,     0.006784,
  1639.100,    -3.266641,     4.824185,     0.005541,
  1639.150,    -2.610753,     3.945542,     0.005252,
  1639.200,    -1.344839,     2.410317,     0.005746,
  1639.250,     0.095138,     0.343592,     0.003591,
  1639.300,     1.329020,    -1.854028,    -0.000876,
  1639.350,     2.258430,    -3.661547,     0.002444,
  1639.400,     2.757995,    -4.850082,     0.004233,
  1639.450,     2.834095,    -5.255514,    -0.001171,
  1639.500,     2.545379,    -4.758078,    -0.000356,
  1639.550,     2.062732,    -3.317165,    -0.000906,
  1639.600,     1.787704,    -1.240698,    -0.002091,
  1639.650,     1.861809,     1.045305,    -0.000344,
  1639.700,     2.308601,     2.943423,    -0.001231,
  1639.750,     2.902004,     4.244858,    -0.000494,
  1639.800,     3.473872,     5.100088,     0.002318,
  1639.850,     3.927618,     5.546860,     0.004926,
  1639.900,     4.109510,     5.334418,     0.004099,
  1639.950,     3.917869,     4.304736,    -0.000012,
  1640.000,     3.250122,     2.511987,     0.002552,
  1640.050,     2.145033,     0.352506,     0.005478,
  1640.100,     0.724190,    -1.575325,     0.005278,
  1640.150,    -0.562629,    -2.746470,     0.003268,
  1640.200,    -1.401415,    -3.031769,     0.005136,
  1640.250,    -1.736820,    -2.697153,     0.007514,
  1640.300,    -1.752456,    -2.044046,     0.011016,
  1640.350,    -1.617809,    -1.309203,     0.013240,
  1640.400,    -1.344882,    -0.531349,     0.013319,
  1640.450,    -1.036879,     0.062713,     0.009349,
  1640.500,    -0.684372,     0.293488,     0.005556,
  1640.550,    -0.399327,     0.269254,     0.008540,
  1640.600,    -0.159179,     0.404838,     0.009819,
  1640.650,     0.164953,     1.032106,     0.009671,
  1640.700,     0.500157,     2.062719,     0.004819,
  1640.750,     0.778475,     3.106748,     0.004515,
  1640.800,     1.095067,     3.840306,     0.006001,
  1640.850,     1.547823,     4.170689,     0.003135,
  1640.900,     2.098248,     4.128747,     0.006406,
  1640.950,     2.733574,     3.825790,     0.006774,
  1641.000,     3.452976,     3.105605,     0.005115,
  1641.050,     4.207667,     1.919317,     0.003475,
  1641.100,     4.905585,     0.499471,     0.001903,
  1641.150,     5.348161,    -0.655401,     0.000751,
  1641.200,     5.383583,    -1.180790,     0.003972,
  1641.250,     5.074767,    -0.932680,     0.002385,
  1641.300,     4.745529,     0.065962,     0.002420,
  1641.350,     4.636766,     1.640657,     0.001071,
  1641.400,     4.907429,     3.587384,    -0.002733,
  1641.450,     5.629969,     5.627009,     0.002359,
  1641.500,     6.793814,     7.283995,     0.002099,
  1641.550,     8.362279,     7.929273,    -0.003358,
  1641.600,    10.220671,     7.229707,    -0.001277,
  1641.650,    12.176646,     5.437746,    -0.001124,
  1641.700,    14.059402,     3.255428,    -0.000224,
  1641.750,    15.800706,     1.287893,    -0.002409,
  1641.800,    17.252881,    -0.430065,     0.008069,
  1641.850,    18.067170,    -1.912394,     0.002812,
  1641.900,    17.761489,    -2.921142,     0.003345,
  1641.950,    15.775714,    -3.164518,     0.008306,
  1642.000,    11.428203,    -2.711609,     0.006398,
  1642.050,     3.827362,    -2.023525,     0.006512,
  1642.100,    -7.962686,    -1.612473,     0.009773,
  1642.150,   -24.359977,    -1.626222,     0.007218,
  1642.200,   -44.925794,    -1.895577,     0.009248,
  1642.250,   -67.897077,    -2.231396,     0.017624,
  1642.300,   -90.034215,    -2.317654,     0.020800,
  1642.350,  -107.032145,    -1.902629,     0.011666,
  1642.400,  -114.355280,    -0.786280,     0.010490,
  1642.450,  -108.467156,     1.129492,     0.011097,
  1642.500,   -88.306287,     3.499094,     0.010512,
  1642.550,   -55.998211,     5.749574,     0.009872,
  1642.600,   -16.722327,     7.199591,     0.008735,
  1642.650,    22.741481,     7.364164,     0.014680,
  1642.700,    56.257910,     6.108811,     0.009788,
  1642.750,    79.831496,     3.760737,     0.005997,
  1642.800,    92.027397,     1.035424,     0.001647,
  1642.850,    93.250608,    -1.500944,     0.001895,
  1642.900,    85.169420,    -3.580921,     0.006366,
  1642.950,    70.497330,    -5.075783,     0.001477,
  1643.000,    52.824426,    -5.654107,    -0.006071,
  1643.050,    35.596024,    -4.892246,    -0.004588,
  1643.100,    20.878981,    -2.572867,    -0.006157,
  1643.150,     9.305252,     0.931624,    -0.007624,
  1643.200,     0.452174,     4.734468,    -0.005227,
  1643.250,    -5.658202,     7.863014,    -0.007250,
  1643.300,    -8.564049,     9.581584,    -0.004425,
  1643.350,    -8.370197,     9.571676,    -0.003151,
  1643.400,    -6.186466,     7.899424,     0.004285,
  1643.450,    -3.557934,     4.949290,     0.001313,
  1643.500,    -1.527969,     1.389123,     0.000239,
  1643.550,    -0.230487,    -1.934049,    -0.000718,
  1643.600,     0.465548,    -4.311451,     0.003759,
  1643.650,     0.512453,    -5.354010,     0.001940,
  1643.700,    -0.138451,    -5.268690,     0.003293,
  1643.750,    -1.113023,    -4.557273,     0.008418,
  1643.800,    -1.933309,    -3.695180,     0.005795,
  1643.850,    -2.450358,    -2.738433,     0.005655,
  1643.900,    -2.688528,    -1.598857,     0.010031,
  1643.950,    -2.676609,    -0.426964,     0.012031,
  1644.000,    -2.481648,     0.606600,     0.017813,
  1644.050,    -2.247324,     1.409146,     0.016565,
  1644.100,    -1.967774,     2.057791,     0.009776,
  1644.150,    -1.666981,     2.602047,     0.008595,
  1644.200,    -1.461815,     3.052287,     0.005411,
  1644.250,    -1.466408,     3.248419,     0.011625,
  1644.300,    -1.656760,     3.271796,     0.010501,
  1644.350,    -1.851536,     3.133470,     0.008782,
  1644.400,    -2.022726,     2.880073,     0.005003,
  1644.450,    -2.113473,     2.369453,     0.002818,
  1644.500,    -2.079074,     1.468208,     0.007563,
  1644.550,    -1.741666,     0.140516,     0.003319,
  1644.600,    -1.014588,    -1.456805,     0.001940,
  1644.650,    -0.061158,    -3.080571,     0.002660,
  1644.700,     0.861574,    -4.479910,     0.002639,
  1644.750,     1.558650,    -5.262017,    -0.002713,
  1644.800,     1.843184,    -5.094079,    -0.002045,
  1644.850,     1.819792,    -3.856473,     0.000167,
  1644.900,     1.670678,    -1.698483,    -0.003692,
  1644.950,     1.329731,     0.847717,    -0.005935,
  1645.000,     0.661769,     3.351845,    -0.000934,
  1645.050,    -0.240682,     5.478878,    -0.001884,
  1645.100,    -1.029243,     6.879348,    -0.008328,
  1645.150,    -1.419541,     7.193092,    -0.004051,
  1645.200,    -1.378429,     6.209300,     0.000813,
  1645.250,    -0.928867,     4.192611,    -0.005181,
  1645.300,    -0.212388,     1.729110,     0.000489,
  1645.350,     0.666395,    -0.502945,     0.003449,
  1645.400,     1.556853,    -2.066343,     0.007406,
  1645.450,     2.242372,    -2.800311,     0.006555,
  1645.500,     2.341637,    -2.672023,     0.013926,
  1645.550,     1.550203,    -1.756019,     0.012683,
  1645.600,     0.106936,    -0.414681,     0.010149,
  1645.650,    -1.480557,     0.885057,     0.008278,
  1645.700,    -2.766566,     1.681047,     0.009308,
  1645.750,    -3.692989,     1.914041,     0.013440,
  1645.800,    -4.302495,     1.801556,     0.012492,
  1645.850,    -4.396393,     1.604196,     0.011183,
  1645.900,    -3.771441,     1.597945,     0.010014,
  1645.950,    -2.490771,     1.796716,     0.007843,
  1646.000,    -0.978657,     2.086455,     0.004878,
  1646.050,     0.252292,     2.404416,     0.008610,
  1646.100,     0.958423,     2.883028,     0.010508,
  1646.150,     1.143086,     3.470125,     0.003759,
  1646.200,     0.955032,     3.800494,     0.003266,
  1646.250,     0.547311,     3.519708,     0.002718,
  1646.300,     0.188162,     2.324408,     0.002744,
  1646.350,     0.160309,     0.377733,     0.000615,
  1646.400,     0.614931,    -1.639211,    -0.004906,
  1646.450,     1.518173,    -3.273408,    -0.003064,
  1646.500,     2.601759,    -4.368732,     0.001828,
  1646.550,     3.422417,    -4.902630,    -0.001118,
  1646.600,     3.630369,    -4.539004,    -0.002866,
  1646.650,     3.056919,    -2.895854,    -0.001170,
  1646.700,     1.830641,    -0.051166,     0.000092,
  1646.750,     0.372412,     3.371334,     0.002362,
  1646.800,    -0.913931,     6.374152,    -0.002324,
  1646.850,    -1.930315,     8.159886,     0.004007,
  1646.900,    -2.653411,     8.407146,     0.007774,
  1646.950,    -2.962424,     7.260378,    -0.001132,
  1647.000,    -2.598611,     5.100806,     0.004013,
  1647.050,    -1.410679,     2.369490,     0.011013,
  1647.100,     0.375932,    -0.467867,     0.008051,
  1647.150,     2.281984,    -2.881076,     0.007790,
  1647.200,     3.801681,    -4.160517,     0.010472,
  1647.250,     4.620993,    -4.009448,     0.010336,
  1647.300,     4.563478,    -2.728079,     0.013583,
  1647.350,     3.685789,    -0.931201,     0.017828,
  1647.400,     2.201727,     0.907262,     0.011796,
  1647.450,     0.381813,     2.466837,     0.012236,
  1647.500,    -1.346944,     3.419829,     0.008494,
  1647.550,    -2.605296,     3.613173,     0.010972,
  1647.600,    -3.140494,     2.940241,     0.015280,
  1647.650,    -2.991058,     1.733533,     0.016898,
  1647.700,    -2.483516,     0.600073,     0.010370,
  1647.750,    -1.906369,     0.106117,     0.010153,
  1647.800,    -1.416040,     0.398465,     0.011817,
  1647.850,    -0.929845,     1.138148,     0.010747,
  1647.900,    -0.491560,     1.833618,     0.006533,
  1647.950,    -0.085742,     2.254569,     0.001482,
  1648.000,     0.172219,     2.366573,     0.000635,
  1648.050,     0.355086,     2.160168,    -0.000343,
  1648.100,     0.564490,     1.678289,    -0.003143,
  1648.150,     0.821612,     1.088022,    -0.000345,
  1648.200,     1.082763,     0.468325,     0.001521,
  1648.250,     1.268392,    -0.085080,     0.003808,
  1648.300,     1.393458,    -0.424321,    -0.002746,
  1648.350,     1.435420,    -0.445310,    -0.003141,
  1648.400,     1.298889,    -0.052121,     0.000610,
  1648.450,     0.874887,     0.676347,     0.005141,
  1648.500,     0.162342,     1.592305,    -0.000780,
  1648.550,    -0.782282,     2.568017,    -0.003047,
  1648.600,    -1.809108,     3.345554,     0.003629,
  1648.650,    -2.624108,     3.660376,     0.002241,
  1648.700,    -3.040068,     3.156357,     0.004201,
  1648.750,    -2.873327,     1.812877,     0.012204,
  1648.800,    -2.119481,     0.100915,     0.006221,
  1648.850,    -0.937052,    -1.311793,     0.006877,
  1648.900,     0.451845,    -1.930688,     0.011246,
  1648.950,     1.752972,    -1.794235,     0.004086,
  1649.000,     2.798058,    -1.199253,     0.010903,
  1649.050,     3.467656,    -0.342031,     0.015499,
  1649.100,     3.551352,     0.771827,     0.010945,
  1649.150,     3.005654,     1.928787,     0.011463,
  1649.200,     1.935654,     2.813558,     0.010261,
  1649.250,     0.739360,     3.133130,     0.011216,
  1649.300,    -0.321873,     2.861016,     0.007313,
  1649.350,    -1.028049,     2.236333,     0.006984,
  1649.400,    -1.298308,     1.521251,     0.005658,
  1649.450,    -1.119961,     0.906289,     0.005965,
  1649.500,    -0.508251,     0.542241,     0.006582,
  1649.550,     0.365548,     0.529363,     0.000737,
  1649.600,     1.128537,     0.919639,    -0.001193,
  1649.650,     1.542402,     1.593277,     0.004686,
  1649.700,     1.494209,     2.286626,     0.006436,
  1649.750,     1.179587,     2.769640,     0.001445,
  1649.800,     0.827076,     2.829136,     0.000471,
  1649.850,     0.618620,     2.390700,     0.004423,
  1649.900,     0.605619,     1.623867,     0.007306,
  1649.950,     0.735408,     0.734181,     0.003194,
  1650.000,     0.965428,     0.053056,    -0.001733,
  1650.050,     1.232975,    -0.300182,     0.001853,
  1650.100,     1.578282,    -0.330311,     0.001214,
  1650.150,     1.783637,     0.160527,    -0.000559,
  1650.200,     1.626592,     1.115636,     0.002704,
  1650.250,     0.936394,     2.248310,     0.005559,
  1650.300,    -0.197722,     3.317872,     0.003423,
  1650.350,    -1.402647,     4.218050,     0.007136,
  1650.400,    -2.374857,     4.802698,     0.005270,
  1650.450,    -2.999393,     4.799560,     0.005409,
  1650.500,    -3.271228,     3.937437,     0.012522,
  1650.550,    -3.079597,     2.234988,     0.005979,
  1650.600,    -2.127411,     0.093360,     0.008491,
  1650.650,    -0.401653,    -1.962899,     0.008534,
  1650.700,     1.656967,    -3.475688,     0.006091,
  1650.750,     3.442200,    -4.036231,     0.011213,
  1650.800,     4.501949,    -3.473809,     0.008947,
  1650.850,     4.657944,    -1.886582,     0.007352,
  1650.900,     4.033987,     0.126319,     0.005510,
  1650.950,     2.853227,     1.818449,     0.007567,
  1651.000,     1.399859,     2.693813,     0.005962,
  1651.050,    -0.035696,     2.733047,     0.000783,
  1651.100,    -1.183188,     2.152289,     0.003340,
  1651.150,    -1.714636,     1.258361,     0.010120,
  1651.200,    -1.453741,     0.158188,    -0.001644,
  1651.250,    -0.617956,    -0.942973,     0.003025,
  1651.300,     0.416359,    -1.804075,     0.003818,
  1651.350,     1.378454,    -2.231281,     0.000845,
  1651.400,     2.053915,    -2.134919,     0.001708,
  1651.450,     2.330721,    -1.592647,     0.000249,
  1651.500,     2.130387,    -0.586536,     0.008703,
  1651.550,     1.447574,     0.569924,     0.003792,
  1651.600,     0.511914,     1.485851,     0.003737,
  1651.650,    -0.295777,     1.863712,     0.003099,
  1651.700,    -0.630944,     1.731539,     0.002630,
  1651.750,    -0.442899,     1.275343,    -0.001028,
  1651.800,     0.083272,     0.735871,     0.002891,
  1651.850,     0.587003,     0.323951,     0.004610,
  1651.900,     0.884012,     0.344839,     0.001541,
  1651.950,     1.017881,     0.881324,    -0.000335,
  1652.000,     0.958588,     1.640736,     0.001456,
  1652.050,     0.768815,     2.277143,     0.005428,
  1652.100,     0.488714,     2.580827,     0.003481,
  1652.150,     0.202599,     2.568938,     0.005218,
  1652.200,    -0.027902,     2.170394,     0.006948,
  1652.250,    -0.160253,     1.352140,     0.006839,
  1652.300,    -0.095173,     0.204674,     0.006964,
  1652.350,     0.256097,    -0.882404,     0.007268,
  1652.400,     0.765800,    -1.414204,     0.000676,
  1652.450,     1.410883,    -1.075575,     0.002583,
  1652.500,     2.067752,     0.051595,     0.005619,
  1652.550,     2.611521,     1.459865,     0.003423,
  1652.600,     2.857440,     2.605237,     0.006744,
  1652.650,     2.622058,     3.283422,     0.008217,
  1652.700,     1.880852,     3.466495,     0.003390,
  1652.750,     0.907144,     3.142623,     0.008671,
  1652.800,     0.180675,     2.283277,     0.004161,
  1652.850,     0.006844,     0.979266,     0.008364,
  1652.900,     0.349111,    -0.404800,     0.003984,
  1652.950,     1.011139,    -1.550247,     0.006882,
  1653.000,     1.836003,    -2.182721,     0.008378,
  1653.050,     2.820162,    -2.153554,     0.002923,
  1653.100,     3.854398,    -1.634214,     0.003709,
  1653.150,     4.725275,    -0.797085,     0.005353,
  1653.200,     5.266461,     0.248118,     0.004773,
  1653.250,     5.319311,     1.459119,     0.009853,
  1653.300,     5.004990,     2.663853,     0.008398,
  1653.350,     4.321810,     3.522087,    -0.000491,
  1653.400,     3.214718,     3.822955,     0.002126,
  1653.450,     1.579076,     3.637938,     0.000141,
  1653.500,    -0.672838,     3.161850,     0.002979,
  1653.550,    -3.716311,     2.520111,     0.005677,
  1653.600,    -7.537088,     1.814874,     0.001901,
  1653.650,   -11.981830,     1.234400,     0.001079,
  1653.700,   -16.698694,     0.964248,     0.007045,
  1653.750,   -20.863856,     1.153447,     0.000089,
  1653.800,   -23.598569,     1.694563,     0.005397,
  1653.850,   -23.889652,     2.303654,     0.005255,
  1653.900,   -21.057159,     2.495366,     0.002442,
  1653.950,   -15.095873,     2.154924,     0.003245,
  1654.000,    -6.843721,     1.370564,     0.005616,
  1654.050,     2.404746,     0.382061,     0.009824,
  1654.100,    11.117124,    -0.531363,     0.004122,
  1654.150,    18.014422,    -1.062805,     0.003145,
  1654.200,    22.311674,    -1.035515,     0.008371,
  1654.250,    23.761995,    -0.385731,     0.007883,
  1654.300,    22.685585,     0.691815,     0.009058,
  1654.350,    19.650404,     1.933382,     0.007401,
  1654.400,    15.312672,     3.167818,     0.007696,
  1654.450,    10.404972,     4.040509,     0.008494,
  1654.500,     5.542286,     4.375167,     0.007456,
  1654.550,     1.328742,     4.107046,     0.005453,
  1654.600,    -1.959376,     3.441271,     0.009139,
  1654.650,    -4.205452,     2.591825,    -0.000259,
  1654.700,    -5.233226,     1.536290,     0.004037,
  1654.750,    -5.021482,     0.339489,     0.005503,
  1654.800,    -3.674410,    -0.839023,     0.002252,
  1654.850,    -1.783748,    -1.675263,    -0.004305,
  1654.900,    -0.081430,    -1.996982,     0.001012,
  1654.950,     0.958199,    -1.820432,    -0.005170,
  1655.000,     1.236689,    -1.270407,    -0.000651,
  1655.050,     1.050845,    -0.493290,     0.000668,
  1655.100,     0.562576,     0.607018,    -0.001478,
  1655.150,    -0.144633,     1.841395,    -0.001943,
  1655.200,    -0.935919,     2.976855,    -0.002061,
  1655.250,    -1.559705,     3.762788,     0.000863,
  1655.300,    -1.873883,     4.141734,    -0.000563,
  1655.350,    -1.847709,     4.145293,     0.004902,
  1655.400,    -1.533638,     3.864822,     0.006903,
  1655.450,    -0.956148,     3.244388,     0.003629,
  1655.500,    -0.233446,     2.195073,     0.004683,
  1655.550,     0.298568,     0.900733,     0.002291,
  1655.600,     0.558377,    -0.429988,     0.008049,
  1655.650,     0.493541,    -1.408666,     0.008280,
  1655.700,     0.207071,    -1.807847,     0.002565,
  1655.750,    -0.153488,    -1.769096,     0.002323,
  1655.800,    -0.453734,    -1.473016,     0.008651,
  1655.850,    -0.516278,    -1.085380,     0.011121,
  1655.900,    -0.267971,    -0.577102,     0.008621,
  1655.950,     0.150770,     0.080463,     0.010254,
  1656.000,     0.599201,     0.942668,     0.009924,
  1656.050,     0.947501,     1.876642,     0.005273,
  1656.100,     1.173965,     2.847501,     0.006828,
  1656.150,     1.205263,     3.721898,     0.011182,
  1656.200,     0.958253,     4.248206,     0.008640,
  1656.250,     0.441332,     4.202214,     0.003597,
  1656.300,    -0.177055,     3.353246,     0.002776,
  1656.350,    -0.590870,     1.916903,     0.001851,
  1656.400,    -0.568334,     0.319465,     0.000206,
  1656.450,    -0.196193,    -1.015867,    -0.000268,
  1656.500,     0.371278,    -1.926385,     0.001024,
  1656.550,     0.819539,    -2.433142,     0.003029,
  1656.600,     1.121618,    -2.618615,     0.000781,
  1656.650,     1.264617,    -2.587156,     0.004043,
  1656.700,     1.261004,    -2.401076,     0.005148,
  1656.750,     1.077782,    -2.161640,     0.000182,
  1656.800,     0.668983,    -1.677688,     0.001817,
  1656.850,     0.171299,    -0.860168,     0.002698,
  1656.900,    -0.345587,     0.249309,     0.005086,
  1656.950,    -0.729018,     1.487038,     0.002746,
  1657.000,    -0.976149,     2.530050,     0.001599,
  1657.050,    -1.089915,     3.091155,     0.002508,
  1657.100,    -1.014670,     3.094993,     0.006126,
  1657.150,    -0.779599,     2.552871,     0.005060,
  1657.200,    -0.361741,     1.766720,     0.010284,
  1657.250,     0.204151,     0.884781,     0.011629,
  1657.300,     0.701215,     0.133546,     0.003752,
  1657.350,     1.068577,    -0.366438,     0.005903,
  1657.400,     1.277101,    -0.600281,     0.005276,
  1657.450,     1.341746,    -0.555912,     0.006482,
  1657.500,     1.260244,    -0.281646,     0.005987,
  1657.550,     1.020145,     0.095342,     0.011874,
  1657.600,     0.705090,     0.421960,     0.008717,
  1657.650,     0.417985,     0.527875,     0.005169,
  1657.700,     0.372672,     0.364514,     0.004572,
  1657.750,     0.604605,     0.217246,     0.004530,
  1657.800,     1.000510,     0.330583,     0.006147,
  1657.850,     1.298026,     0.759865,     0.004836,
  1657.900,     1.387266,     1.271932,     0.003769,
  1657.950,     1.228687,     1.754661,    -0.003190,
  1658.000,     0.860640,     2.053071,    -0.000253,
  1658.050,     0.369704,     2.051475,     0.006498,
  1658.100,    -0.097350,     1.749968,     0.001721,
  1658.150,    -0.423906,     1.257728,     0.002934,
  1658.200,    -0.443822,     0.738166,     0.012237,
  1658.250,    -0.210694,     0.284834,     0.004937,
  1658.300,     0.240694,    -0.112484,     0.001760,
  1658.350,     0.753864,    -0.434638,     0.003710,
  1658.400,     1.239867,    -0.599247,     0.001313,
  1658.450,     1.601125,    -0.513607,     0.000489,
  1658.500,     1.797697,    -0.238587,     0.003484,
  1658.550,     1.880117,     0.133237,     0.005610,
  1658.600,     1.872254,     0.732043,    -0.002346,
  1658.650,     1.626551,     1.685146,     0.001633,
  1658.700,     1.146661,     3.120261,     0.005225,
  1658.750,     0.429140,     4.878546,     0.007830,
  1658.800,    -0.294128,     6.469332,     0.004002,
  1658.850,    -0.878281,     7.482532,     0.005360,
  1658.900,    -1.176751,     7.620730,     0.005863,
  1658.950,    -1.256197,     6.938656,     0.003731,
  1659.000,    -1.073128,     5.741972,     0.004826,
  1659.050,    -0.604503,     4.359323,     0.009731,
  1659.100,     0.114955,     2.981788,     0.006345,
  1659.150,     0.816177,     1.775527,     0.008037,
  1659.200,     1.332926,     0.980509,     0.003655,
  1659.250,     1.584599,     0.699717,     0.008838,
  1659.300,     1.658466,     0.885243,     0.006393,
  1659.350,     1.596786,     1.351445,     0.002304,
  1659.400,     1.379331,     1.931611,     0.006765,
  1659.450,     0.947754,     2.507167,     0.007420,
  1659.500,     0.331696,     3.134061,     0.007346,
  1659.550,    -0.286708,     3.689834,     0.007631,
  1659.600,    -0.706152,     3.875714,     0.006510,
  1659.650,    -0.827420,     3.622396,     0.003574,
  1659.700,    -0.711145,     3.076737,     0.002073,
  1659.750,    -0.506669,     2.395314,     0.007406,
  1659.800,    -0.334772,     1.571273,     0.002432,
  1659.850,    -0.168007,     0.503013,     0.004036,
  1659.900,     0.019060,    -0.738879,     0.003057,
  1659.950,     0.200733,    -1.913048,     0.007755,
  1660.000,     0.399154,    -2.798245,     0.005221,
  1660.050,     0.643290,    -3.224781,     0.003359,
  1660.100,     0.939817,    -3.221053,     0.005315,
  1660.150,     1.172266,    -2.804620,     0.001234,
  1660.200,     1.279400,    -2.148245,     0.002003,
  1660.250,     1.106376,    -1.410656,     0.008405,
  1660.300,     0.692454,    -0.797256,     0.008470,
  1660.350,     0.181618,    -0.388298,     0.004748,
  1660.400,    -0.205330,    -0.171309,    -0.001276,
  1660.450,    -0.435503,    -0.143347,     0.006754,
  1660.500,    -0.568949,    -0.234229,     0.008520,
  1660.550,    -0.712373,    -0.228577,     0.006603,
  1660.600,    -0.861948,     0.068801,     0.004044,
  1660.650,    -1.050236,     0.701912,    -0.001215,
  1660.700,    -1.217246,     1.453997,     0.004767,
  1660.750,    -1.212391,     1.984452,     0.004767,
  1660.800,    -0.937329,     2.009002,     0.006417,
  1660.850,    -0.396026,     1.682645,     0.002228,
  1660.900,     0.347174,     1.189318,     0.003920,
  1660.950,     1.036469,     0.793602,     0.005583,
  1661.000,     1.511287,     0.557561,     0.007041,
  1661.050,     1.632978,     0.544060,     0.009405,
  1661.100,     1.394543,     0.916237,     0.008823,
  1661.150,     0.940071,     1.670847,     0.003692,
  1661.200,     0.402343,     2.608497,     0.013217,
  1661.250,    -0.053775,     3.331257,     0.007515,
  1661.300,    -0.341393,     3.644647,     0.005201,
  1661.350,    -0.425864,     3.527449,     0.003391,
  1661.400,    -0.343933,     3.179844,     0.006212,
  1661.450,    -0.136516,     2.787319,     0.011199,
  1661.500,     0.160689,     2.367567,     0.008648,
  1661.550,     0.427220,     1.812792,     0.004840,
  1661.600,     0.512640,     1.181724,     0.006657,
  1661.650,     0.338485,     0.711117,     0.007385,
  1661.700,     0.042191,     0.530947,     0.002491,
  1661.750,    -0.179666,     0.488361,     0.001579,
  1661.800,    -0.249938,     0.321276,     0.001698,
  1661.850,    -0.158686,    -0.099044,    -0.001402,
  1661.900,    -0.034890,    -0.638216,     0.007281,
  1661.950,     0.155838,    -1.168492,     0.004539,
  1662.000,     0.315332,    -1.642323,    -0.000539,
  1662.050,     0.467488,    -2.128541,     0.001033,
  1662.100,     0.657382,    -2.609287,    -0.002621,
  1662.150,     0.845142,    -2.854005,    -0.001323,
  1662.200,     0.983500,    -2.758244,     0.005521,
  1662.250,     0.993728,    -2.142191,     0.002565,
  1662.300,     0.782597,    -1.104436,     0.003368,
  1662.350,     0.491099,     0.149055,     0.006134,
  1662.400,     0.229546,     1.298726,     0.007589,
  1662.450,     0.071434,     2.152069,     0.008453,
  1662.500,    -0.023862,     2.652522,     0.011036,
  1662.550,     0.092741,     2.712479,     0.009236,
  1662.600,     0.512850,     2.335582,     0.003424,
  1662.650,     1.314240,     1.505367,     0.011257,
  1662.700,     2.421568,     0.331977,     0.009692,
  1662.750,     3.507979,    -0.850503,     0.015704,
  1662.800,     4.228890,    -1.663087,     0.008990,
  1662.850,     4.398454,    -1.851653,     0.006088,
  1662.900,     4.041583,    -1.462013,     0.007022,
  1662.950,     3.259297,    -0.657694,     0.005423,
  1663.000,     2.363471,     0.470056,     0.004586,
  1663.050,     1.463605,     1.611680,     0.000731,
  1663.100,     0.739265,     2.417804,     0.003709,
  1663.150,     0.309006,     2.618604,     0.009139,
  1663.200,     0.275629,     2.236875,     0.001340,
  1663.250,     0.496257,     1.566728,    -0.001472,
  1663.300,     0.874328,     0.909070,     0.002707,
  1663.350,     1.217621,     0.335290,     0.001321,
  1663.400,     1.466431,    -0.128584,    -0.002046,
  1663.450,     1.718810,    -0.489109,    -0.003421,
  1663.500,     1.919678,    -0.683536,     0.003861,
  1663.550,     1.920896,    -0.652590,     0.000888,
  1663.600,     1.664044,    -0.385626,     0.000069,
  1663.650,     1.261631,    -0.017839,     0.004863,
  1663.700,     0.872945,     0.444444,     0.005790,
  1663.750,     0.485323,     0.892524,     0.008344,
  1663.800,     0.045830,     1.193859,     0.006696,
  1663.850,    -0.420742,     1.264822,     0.006680,
  1663.900,    -0.901796,     1.118718,     0.009169,
  1663.950,    -1.211058,     0.847465,     0.012013,
  1664.000,    -1.366663,     0.643507,     0.006850,
  1664.050,    -1.337499,     0.751317,     0.010305,
  1664.100,    -1.240014,     1.032894,     0.009136,
  1664.150,    -1.091494,     1.532328,     0.012442,
  1664.200,    -0.930761,     2.102100,     0.011797,
  1664.250,    -0.762872,     2.741598,     0.012535,
  1664.300,    -0.541860,     3.404021,     0.009040,
  1664.350,    -0.308273,     3.894127,     0.006092,
  1664.400,    -0.055671,     4.234944,     0.005040,
  1664.450,     0.138294,     4.445565,     0.005115,
  1664.500,     0.380290,     4.695064,     0.002848,
  1664.550,     0.739301,     4.922722,     0.001476,
  1664.600,     1.247867,     5.032285,    -0.000595,
  1664.650,     1.738157,     5.117767,    -0.006154,
  1664.700,     2.000536,     5.328032,    -0.003828,
  1664.750,     1.940177,     5.959065,    -0.011552,
  1664.800,     1.542116,     6.803674,    -0.008444,
  1664.850,     0.997373,     7.490072,    -0.003286,
  1664.900,     0.366805,     7.701104,    -0.003017,
  1664.950,    -0.344899,     7.466733,     0.006849,
  1665.000,    -1.072066,     7.052562,     0.000844,
  1665.050,    -1.826116,     6.525639,     0.003043,
  1665.100,    -2.410734,     5.904659,     0.003669,
  1665.150,    -2.884470,     5.249139,     0.005476,
  1665.200,    -3.250423,     4.756499,     0.003560,
  1665.250,    -3.425011,     4.576828,     0.009005,
  1665.300,    -3.231569,     4.564673,     0.010904,
  1665.350,    -2.446878,     4.464241,     0.011933,
  1665.400,    -1.021889,     4.136214,     0.011376,
  1665.450,     0.815557,     3.484737,     0.012546,
  1665.500,     2.625499,     2.536612,     0.016539,
  1665.550,     4.073599,     1.379757,     0.010336,
  1665.600,     5.026817,     0.066283,     0.007033,
  1665.650,     5.467052,    -1.190168,     0.009519,
  1665.700,     5.380068,    -2.290469,     0.006690,
  1665.750,     4.714497,    -3.057807,    -0.000286,
  1665.800,     3.509286,    -3.343942,     0.005353,
  1665.850,     2.021558,    -3.233995,     0.003340,
  1665.900,     0.558727,    -2.801798,     0.000168,
  1665.950,    -0.762126,    -2.240085,    -0.004071,
  1666.000,    -1.862288,    -1.840208,    -0.002340,
  1666.050,    -2.649812,    -1.816641,     0.002431,
  1666.100,    -3.114479,    -2.159055,    -0.001894,
  1666.150,    -3.089629,    -2.810039,    -0.001171,
  1666.200,    -2.553737,    -3.625061,    -0.003319,
  1666.250,    -1.564997,    -4.496968,    -0.000508,
  1666.300,    -0.423492,    -5.200080,    -0.003513,
  1666.350,     0.549715,    -5.598534,     0.002533,
  1666.400,     1.167752,    -5.491304,     0.006279,
  1666.450,     1.409531,    -4.919563,     0.008643,
  1666.500,     1.353136,    -4.049773,     0.010685,
  1666.550,     1.005346,    -3.068452,     0.010988,
  1666.600,     0.403566,    -2.156278,     0.007563,
  1666.650,    -0.354712,    -1.446474,     0.008408,
  1666.700,    -1.075500,    -1.194588,     0.009739,
  1666.750,    -1.539381,    -1.559614,     0.007155,
  1666.800,    -1.587622,    -2.610727,     0.005976,
  1666.850,    -1.208110,    -4.017934,     0.007746,
  1666.900,    -0.627398,    -5.278189,     0.010683,
  1666.950,     0.091708,    -5.879807,     0.013227,
  1667.000,     0.792413,    -5.673035,     0.007161,
  1667.050,     1.257585,    -4.734952,     0.004718,
  1667.100,     1.300764,    -3.323569,     0.008597,
  1667.150,     0.993118,    -1.801270,     0.005917,
  1667.200,     0.522846,    -0.609589,     0.002725,
  1667.250,     0.082373,     0.036913,     0.003302,
  1667.300,    -0.201122,     0.033841,    -0.000348,
  1667.350,    -0.340087,    -0.348014,     0.000245,
  1667.400,    -0.398407,    -0.789643,    -0.001220,
  1667.450,    -0.394932,    -0.890134,    -0.004026,
  1667.500,    -0.292960,    -0.600818,    -0.006946,
  1667.550,    -0.115371,    -0.031359,    -0.001090,
  1667.600,     0.089902,     0.591116,     0.001675,
  1667.650,     0.264050,     1.222721,     0.003940,
  1667.700,     0.398079,     1.755580,     0.003058,
  1667.750,     0.420413,     2.199291,     0.000637,
  1667.800,     0.424186,     2.543486,     0.005042,
  1667.850,     0.361267,     2.887557,     0.005931,
  1667.900,     0.308015,     3.308350,     0.005481,
  1667.950,     0.320713,     3.920214,     0.007611,
  1668.000,     0.449844,     4.728247,     0.006609,
  1668.050,     0.672233,     5.719417,     0.011469,
  1668.100,     0.944611,     6.709065,     0.014958,
  1668.150,     1.225237,     7.467423,     0.005059,
  1668.200,     1.489871,     7.970446,     0.009495,
  1668.250,     1.682688,     8.313012,     0.014780,
  1668.300,     1.856894,     8.562235,     0.006759,
  1668.350,     1.937151,     8.631434,     0.009503,
  1668.400,     2.006750,     8.193162,     0.007217,
  1668.450,     2.149252,     7.142518,     0.003277,
  1668.500,     2.334867,     5.719724,     0.005909,
  1668.550,     2.509351,     4.280513,     0.006527,
  1668.600,     2.687055,     3.139489,     0.001830,
  1668.650,     2.938506,     2.404705,     0.000256,
  1668.700,     3.411747,     2.141270,    -0.002589,
  1668.750,     4.013840,     2.421571,    -0.002883,
  1668.800,     4.484331,     3.134096,     0.001716,
  1668.850,     4.641526,     4.018293,    -0.001022,
  1668.900,     4.467064,     4.675298,     0.003280,
  1668.950,     4.121104,     4.926007,     0.001801,
  1669.000,     3.702408,     4.776860,    -0.001626,
  1669.050,     3.265976,     4.290919,     0.005082,
  1669.100,     2.801342,     3.477075,     0.002786,
  1669.150,     2.469231,     2.435359,     0.006221,
  1669.200,     2.365472,     1.399322,     0.006112,
  1669.250,     2.408116,     0.704683,     0.005209,
  1669.300,     2.400799,     0.384288,     0.007798,
  1669.350,     2.184185,     0.402077,     0.013002,
  1669.400,     1.731944,     0.480567,     0.010151,
  1669.450,     1.105802,     0.503144,     0.006790,
  1669.500,     0.361932,     0.467499,     0.011312,
  1669.550,    -0.451691,     0.427364,     0.008868,
  1669.600,    -1.176024,     0.342480,     0.008573,
  1669.650,    -1.733610,     0.136505,     0.007095,
  1669.700,    -2.074305,    -0.118072,     0.009979,
  1669.750,    -2.156113,    -0.314044,     0.005409,
  1669.800,    -2.003004,    -0.345427,     0.002346,
  1669.850,    -1.655227,    -0.283695,    -0.000641,
  1669.900,    -1.310795,    -0.104249,     0.000592,
  1669.950,    -1.065010,     0.193024,     0.000296,
  1670.000,    -1.071046,     0.620873,    -0.001794,
  1670.050,    -1.294294,     1.022045,     0.005063,
  1670.100,    -1.752136,     1.255514,    -0.003607,
  1670.150,    -2.318348,     1.085880,     0.003212,
  1670.200,    -2.947518,     0.484390,     0.001290,
  1670.250,    -3.479909,    -0.519557,     0.001340,
  1670.300,    -3.837814,    -1.744034,     0.003658,
  1670.350,    -3.808301,    -3.052837,     0.009873,
  1670.400,    -3.472837,    -4.192625,     0.008209,
  1670.450,    -2.951283,    -4.871893,     0.008938,
  1670.500,    -2.303136,    -4.825682,     0.007848,
  1670.550,    -1.642021,    -4.000582,     0.005646,
  1670.600,    -1.130600,    -2.658568,     0.010138,
  1670.650,    -0.878551,    -1.071755,     0.011368,
  1670.700,    -0.975533,     0.485978,     0.007390,
  1670.750,    -1.459320,     1.894552,     0.009782,
  1670.800,    -2.216270,     2.933516,     0.013573,
  1670.850,    -2.972573,     3.411537,     0.008327,
  1670.900,    -3.414067,     3.192661,     0.005533,
  1670.950,    -3.416523,     2.448630,     0.007604,
  1671.000,    -3.017737,     1.430026,     0.010029,
  1671.050,    -2.317670,     0.408478,     0.005357,
  1671.100,    -1.524041,    -0.451436,     0.004583,
  1671.150,    -0.805482,    -0.960817,     0.003288,
  1671.200,    -0.334909,    -1.060193,     0.005185,
  1671.250,    -0.251402,    -0.663694,    -0.002830,
  1671.300,    -0.382186,     0.062822,    -0.002878,
  1671.350,    -0.543021,     0.883004,     0.000848,
  1671.400,    -0.485036,     1.683465,     0.001811,
  1671.450,    -0.232602,     2.433776,     0.002929,
  1671.500,     0.162478,     3.137004,    -0.002171,
  1671.550,     0.610455,     3.789860,     0.002212,
  1671.600,     1.027795,     4.497620,    -0.001260,
  1671.650,     1.337259,     5.222535,     0.003211,
  1671.700,     1.597071,     5.901816,     0.004247,
  1671.750,     1.752923,     6.195639,     0.007965,
  1671.800,     1.922784,     5.981187,    -0.000663,
  1671.850,     2.099720,     5.335014,     0.005148,
  1671.900,     2.386158,     4.410735,     0.005992,
  1671.950,     2.803000,     3.321650,     0.009324,
  1672.000,     3.326397,     2.132569,     0.007613,
  1672.050,     3.791081,     0.935982,     0.011204,
  1672.100,     4.175771,    -0.097018,     0.012144,
  1672.150,     4.368756,    -0.778452,     0.006731,
  1672.200,     4.547530,    -1.038260,     0.009882,
  1672.250,     4.794126,    -0.783239,     0.008437,
  1672.300,     5.003317,     0.004783,     0.001772,
  1672.350,     5.031533,     1.387401,     0.004241,
  1672.400,     4.703967,     3.077046,     0.003973,
  1672.450,     4.046484,     4.595813,     0.001355,
  1672.500,     3.307822,     5.531017,     0.000951,
  1672.550,     2.639644,     5.600975,     0.000997,
  1672.600,     2.187385,     4.902975,     0.002945,
  1672.650,     1.933608,     3.582044,    -0.003567,
  1672.700,     1.960440,     1.961807,    -0.003044,
  1672.750,     2.260142,     0.388899,    -0.001015,
  1672.800,     2.691221,    -0.792903,    -0.001901,
  1672.850,     3.048750,    -1.559035,     0.002833,
  1672.900,     3.157598,    -1.835454,     0.002552,
  1672.950,     3.100711,    -1.664866,    -0.003103,
  1673.000,     2.846992,    -1.176190,     0.000038,
  1673.050,     2.395127,    -0.496011,     0.003812,
  1673.100,     1.725503,     0.210725,     0.008394,
  1673.150,     1.014100,     0.794993,     0.005509,
  1673.200,     0.468070,     1.214705,     0.008066,
  1673.250,     0.243025,     1.474065,     0.008478,
  1673.300,     0.238746,     1.639771,     0.012603,
  1673.350,     0.298760,     1.766697,     0.013770,
  1673.400,     0.303462,     1.904042,     0.008367,
  1673.450,     0.279246,     2.052326,     0.008651,
  1673.500,     0.214196,     2.186667,     0.014341,
  1673.550,     0.124386,     2.189667,     0.012105,
  1673.600,    -0.016510,     2.027777,     0.009304,
  1673.650,    -0.224918,     1.665004,     0.012268,
  1673.700,    -0.459132,     1.127236,     0.006520,
  1673.750,    -0.691457,     0.401514,     0.005646,
  1673.800,    -0.846273,    -0.456556,     0.006235,
  1673.850,    -0.969878,    -1.329903,    -0.000486,
  1673.900,    -1.011138,    -2.109243,    -0.000644,
  1673.950,    -0.952859,    -2.672158,    -0.000709,
  1674.000,    -0.879851,    -2.853025,     0.001288,
  1674.050,    -0.777548,    -2.533091,     0.001648,
  1674.100,    -0.768777,    -1.651755,    -0.001542,
  1674.150,    -0.985875,    -0.453523,    -0.001618,
  1674.200,    -1.432820,     0.815121,    -0.003421,
  1674.250,    -2.101776,     1.977493,     0.002563,
  1674.300,    -2.927223,     2.902698,    -0.000037,
  1674.350,    -3.799118,     3.339133,     0.000676,
  1674.400,    -4.478470,     3.147577,     0.000763,
  1674.450,    -4.795722,     2.474950,     0.002841,
  1674.500,    -4.644859,     1.639727,    -0.004043,
  1674.550,    -4.133677,     0.968594,     0.003505,
  1674.600,    -3.399487,     0.576112,     0.011387,
  1674.650,    -2.548674,     0.331323,     0.011448,
  1674.700,    -1.725067,     0.255601,     0.005103,
  1674.750,    -1.031129,     0.251998,     0.013394,
  1674.800,    -0.575088,     0.431632,     0.007424,
  1674.850,    -0.504506,     0.652575,     0.007626,
  1674.900,    -0.704821,     0.917843,     0.011079,
  1674.950,    -1.052630,     1.179706,     0.011831,
  1675.000,    -1.439672,     1.596654,     0.012697,
  1675.050,    -1.722959,     2.116539,     0.012082,
  1675.100,    -1.894159,     2.621316,     0.006829,
  1675.150,    -1.875149,     2.884645,    -0.000399,
  1675.200,    -1.636619,     2.842668,     0.006477,
  1675.250,    -1.240007,     2.499815,     0.001396,
  1675.300,    -0.813861,     1.903486,     0.000192,
  1675.350,    -0.447318,     1.192339,     0.001830,
  1675.400,    -0.147070,     0.383384,    -0.001307,
  1675.450,     0.142724,    -0.486416,    -0.005991,
  1675.500,     0.438352,    -1.358856,     0.000479,
  1675.550,     0.785686,    -2.050295,    -0.001028,
  1675.600,     1.246246,    -2.544545,    -0.000076,
  1675.650,     1.737985,    -2.818688,    -0.005865,
  1675.700,     2.147381,    -2.911071,    -0.003752,
  1675.750,     2.374511,    -2.789953,    -0.004608,
  1675.800,     2.472221,    -2.338151,    -0.000170,
  1675.850,     2.518150,    -1.632665,     0.008056,
  1675.900,     2.579674,    -0.815731,     0.004466,
  1675.950,     2.707272,    -0.039722,     0.001387,
  1676.000,     2.871879,     0.452451,     0.004954,
  1676.050,     3.125004,     0.631833,     0.011503,
  1676.100,     3.534223,     0.429057,     0.006204,
  1676.150,     4.033225,     0.003875,     0.005314,
  1676.200,     4.601986,    -0.524078,     0.009845,
  1676.250,     5.281022,    -0.917231,     0.012106,
  1676.300,     6.069160,    -1.026849,     0.011242,
  1676.350,     6.896618,    -0.739511,     0.011516,
  1676.400,     7.521374,     0.061564,     0.005343,
  1676.450,     7.666147,     1.136488,     0.013702,
  1676.500,     7.259725,     2.296843,     0.005772,
  1676.550,     6.315491,     3.266982,     0.000528,
  1676.600,     4.991956,     3.877250,     0.003502,
  1676.650,     3.489546,     4.110587,     0.001487,
  1676.700,     2.042536,     4.057056,     0.000744,
  1676.750,     0.822889,     3.970703,     0.002424,
  1676.800,     0.054816,     3.885809,    -0.002872,
  1676.850,    -0.395124,     3.751709,    -0.004449,
  1676.900,    -0.480240,     3.606453,    -0.002786,
  1676.950,    -0.334666,     3.419206,    -0.000663,
  1677.000,    -0.104525,     3.220927,     0.001652,
  1677.050,     0.100132,     2.897958,     0.001313,
  1677.100,     0.210148,     2.428987,    -0.002074,
  1677.150,     0.205219,     1.723588,     0.005215,
  1677.200,     0.031386,     0.860726,     0.006034,
  1677.250,    -0.141922,    -0.001927,     0.007818,
  1677.300,    -0.349109,    -0.804428,     0.010772,
  1677.350,    -0.513193,    -1.520904,     0.009812,
  1677.400,    -0.532365,    -2.226664,     0.007830,
  1677.450,    -0.509201,    -2.926704,     0.011235,
  1677.500,    -0.407179,    -3.610735,     0.012925,
  1677.550,    -0.318979,    -4.025894,     0.001049,
  1677.600,    -0.234608,    -4.085726,     0.012260,
  1677.650,    -0.193248,    -3.749417,     0.012298,
  1677.700,    -0.183942,    -3.089105,     0.009814,
  1677.750,    -0.267508,    -2.255187,     0.009893,
  1677.800,    -0.481594,    -1.326156,     0.008840,
  1677.850,    -0.751038,    -0.414525,     0.007956,
  1677.900,    -1.075201,     0.452047,     0.008144,
  1677.950,    -1.288163,     1.215503,     0.000187,
  1678.000,    -1.305777,     1.867822,    -0.000841,
  1678.050,    -1.110134,     2.447132,    -0.002728,
  1678.100,    -0.771764,     2.946269,     0.001850,
  1678.150,    -0.340428,     3.329762,    -0.000505,
  1678.200,     0.091569,     3.461490,     0.001097,
  1678.250,     0.498654,     3.286942,     0.000485,
  1678.300,     0.798752,     2.820437,     0.003813,
  1678.350,     0.809162,     2.110837,     0.001880,
  1678.400,     0.548353,     1.350681,    -0.000848,
  1678.450,     0.140406,     0.545600,    -0.000107,
  1678.500,    -0.199184,    -0.254601,    -0.001010,
  1678.550,    -0.449324,    -0.950069,     0.004198,
  1678.600,    -0.648737,    -1.446930,     0.003940,
  1678.650,    -0.822094,    -1.623106,     0.013153,
  1678.700,    -0.923555,    -1.444168,     0.013104,
  1678.750,    -0.899663,    -1.059323,     0.003789,
  1678.800,    -0.784875,    -0.542013,     0.013111,
  1678.850,    -0.634685,    -0.018378,     0.010015,
  1678.900,    -0.517212,     0.425745,     0.007515,
  1678.950,    -0.323000,     0.790540,     0.007094,
  1679.000,    -0.035774,     0.984693,     0.005122,
  1679.050,     0.275261,     1.013227,     0.006681,
  1679.100,     0.444306,     0.944345,     0.011520,
  1679.150,     0.431311,     0.879909,     0.006510,
  1679.200,     0.262597,     0.987428,     0.001550,
  1679.250,     0.022509,     1.153498,     0.004221,
  1679.300,    -0.278116,     1.336168,     0.007653,
  1679.350,    -0.587605,     1.444655,     0.003381,
  1679.400,    -0.893227,     1.384619,     0.002455,
  1679.450,    -1.165828,     1.276190,    -0.003044,
  1679.500,    -1.376333,     1.151998,    -0.000057,
  1679.550,    -1.449044,     1.036389,     0.001052,
  1679.600,    -1.461599,     0.822260,     0.001932,
  1679.650,    -1.408179,     0.489344,     0.001191,
  1679.700,    -1.266756,     0.111605,    -0.000018,
  1679.750,    -0.998530,    -0.136383,     0.000808,
  1679.800,    -0.624110,    -0.183329,     0.000924,
  1679.850,    -0.200904,     0.089244,     0.000369,
  1679.900,     0.199110,     0.565430,     0.004247,
  1679.950,     0.465923,     1.250601,     0.005734,
  1680.000,     0.550162,     2.055370,     0.007925,
  1680.050,     0.470624,     2.926242,     0.009776,
  1680.100,     0.313609,     3.609281,     0.007862,
  1680.150,     0.150086,     3.957772,     0.010289,
  1680.200,     0.055312,     3.925172,     0.008693,
  1680.250,     0.056111,     3.677354,     0.013015,
  1680.300,     0.201052,     3.490739,     0.006705,
  1680.350,     0.527208,     3.503816,     0.007711,
  1680.400,     1.006551,     3.660714,     0.009084,
  1680.450,     1.500000,     3.784592,     0.003566,
  1680.500,     1.953789,     3.824643,     0.006574,
  1680.550,     2.215118,     3.731541,     0.005184,
  1680.600,     2.323047,     3.510038,     0.004533,
  1680.650,     2.289535,     2.993122,     0.001871,
  1680.700,     2.262893,     2.112110,     0.005552,
  1680.750,     2.230280,     1.024903,     0.002895,
  1680.800,     2.108633,    -0.076396,     0.000615,
  1680.850,     1.908193,    -0.928485,    -0.001727,
  1680.900,     1.628686,    -1.375108,     0.002985,
  1680.950,     1.317620,    -1.509035,     0.001176,
  1681.000,     0.976400,    -1.330337,     0.002928,
  1681.050,     0.563338,    -0.869043,     0.001132,
  1681.100,     0.036823,    -0.272924,     0.006987,
  1681.150,    -0.478862,     0.316817,     0.002700,
  1681.200,    -0.992899,     0.762311,     0.009592,
  1681.250,    -1.350274,     1.087771,     0.009148,
  1681.300,    -1.683867,     1.309974,     0.010518,
  1681.350,    -1.966751,     1.551823,     0.004873,
  1681.400,    -2.330167,     1.865516,     0.007821,
  1681.450,    -2.673598,     2.190166,     0.006296,
  1681.500,    -2.970826,     2.495474,     0.006121,
  1681.550,    -3.105812,     2.731245,     0.008889,
  1681.600,    -3.031556,     2.832177,     0.008331,
  1681.650,    -2.711312,     2.826116,     0.006226,
  1681.700,    -2.245765,     2.733490,     0.014121,
  1681.750,    -1.682798,     2.577436,     0.007165,
  1681.800,    -1.050200,     2.285596,     0.006144,
  1681.850,    -0.407986,     1.884823,     0.004820,
  1681.900,     0.210088,     1.385372,     0.001746,
  1681.950,     0.775689,     0.872870,     0.007795,
  1682.000,     1.242984,     0.476956,     0.002381,
  1682.050,     1.601654,     0.241674,     0.001060,
  1682.100,     1.818422,     0.182498,     0.001061,
  1682.150,     1.783201,     0.282745,     0.000891,
  1682.200,     1.503922,     0.487860,     0.006193,
  1682.250,     1.005291,     0.765049,     0.009636,
  1682.300,     0.412170,     1.076061,     0.004245,
  1682.350,    -0.142888,     1.345877,    -0.001788,
  1682.400,    -0.583150,     1.614656,     0.004552,
  1682.450,    -0.916784,     1.934996,     0.003248,
  1682.500,    -1.162959,     2.317847,     0.005753,
  1682.550,    -1.314503,     2.571037,     0.007047,
  1682.600,    -1.324020,     2.715450,     0.003818,
  1682.650,    -1.171120,     2.695597,     0.002810,
  1682.700,    -0.956321,     2.511846,     0.010688,
  1682.750,    -0.748419,     2.259730,     0.009379,
  1682.800,    -0.459692,     1.937984,     0.006558,
  1682.850,    -0.132922,     1.593883,     0.004926,
  1682.900,     0.174594,     1.197974,     0.004689,
  1682.950,     0.457558,     0.856578,     0.005611,
  1683.000,     0.640444,     0.591795,     0.009434,
  1683.050,     0.716583,     0.388310,     0.012221,
  1683.100,     0.776752,     0.239085,     0.005624,
  1683.150,     0.882270,     0.154335,     0.002136,
  1683.200,     1.006828,     0.169285,     0.008698,
  1683.250,     1.098617,     0.348151,     0.004025,
  1683.300,     1.154656,     0.705455,     0.002795,
  1683.350,     1.158314,     1.189040,     0.003815,
  1683.400,     1.145218,     1.704080,     0.005305,
  1683.450,     1.127255,     2.117921,     0.006337,
  1683.500,     1.134973,     2.352159,     0.006994,
  1683.550,     1.120719,     2.378809,     0.006133,
  1683.600,     0.986310,     2.300817,     0.006946,
  1683.650,     0.810668,     2.207273,     0.003692,
  1683.700,     0.673711,     2.084502,    -0.000835,
  1683.750,     0.617984,     1.861927,     0.007079,
  1683.800,     0.691556,     1.496297,     0.005216,
  1683.850,     0.794428,     0.958744,    -0.003597,
  1683.900,     0.948277,     0.295860,     0.009198,
  1683.950,     1.193742,    -0.417423,     0.002448,
  1684.000,     1.504319,    -1.076099,     0.003201,
  1684.050,     1.811756,    -1.664791,     0.009273,
  1684.100,     2.013961,    -1.881292,     0.010662,
  1684.150,     2.061510,    -1.641991,     0.005667,
  1684.200,     2.017869,    -0.908922,     0.006594,
  1684.250,     2.040476,     0.057908,     0.005018,
  1684.300,     2.156012,     1.052434,     0.000685,
  1684.350,     2.276627,     1.909970,     0.004042,
  1684.400,     2.302081,     2.528583,     0.006126,
  1684.450,     2.177782,     2.910504,     0.002073,
  1684.500,     1.898033,     3.039462,     0.003940,
  1684.550,     1.493423,     2.959035,     0.009867,
  1684.600,     0.965645,     2.770499,     0.009216,
  1684.650,     0.316350,     2.537622,     0.006024,
  1684.700,    -0.394006,     2.230924,     0.002704,
  1684.750,    -1.031515,     1.831384,     0.002676,
  1684.800,    -1.472571,     1.285302,     0.006986,
  1684.850,    -1.642204,     0.667263,     0.002465,
  1684.900,    -1.599336,     0.041377,     0.003166,
  1684.950,    -1.379756,    -0.428136,     0.003693,
  1685.000,    -0.969395,    -0.708761,     0.006262,
  1685.050,    -0.466320,    -0.672982,     0.003759,
  1685.100,    -0.017632,    -0.345578,     0.013406,
  1685.150,     0.346603,     0.219219,     0.007039,
  1685.200,     0.592871,     0.930121,     0.004527,
  1685.250,     0.717467,     1.662913,     0.001611,
  1685.300,     0.880624,     2.336706,     0.011457,
  1685.350,     1.055389,     2.790813,     0.010747,
  1685.400,     1.254423,     2.837893,     0.005969,
  1685.450,     1.471933,     2.526431,     0.008319,
  1685.500,     1.614798,     1.958973,     0.004840,
  1685.550,     1.691828,     1.391149,     0.007898,
  1685.600,     1.665676,     0.930255,     0.002470,
  1685.650,     1.597799,     0.562372,     0.007830,
  1685.700,     1.431844,     0.322827,     0.004438,
  1685.750,     1.185814,     0.155830,    -0.001096,
  1685.800,     0.915665,     0.091455,     0.002228,
  1685.850,     0.646572,     0.074935,     0.006597,
  1685.900,     0.441541,     0.001193,    -0.004049,
  1685.950,     0.386102,    -0.119799,     0.002678,
  1686.000,     0.465127,    -0.162694,     0.005657,
  1686.050,     0.624646,    -0.039735,     0.002391,
  1686.100,     0.854995,     0.280877,     0.006372,
  1686.150,     1.097227,     0.692554,     0.002232,
  1686.200,     1.328308,     1.156741,    -0.000270,
  1686.250,     1.460868,     1.552242,     0.003932,
  1686.300,     1.490590,     1.866623,     0.005179,
  1686.350,     1.456518,     2.019688,     0.006166,
  1686.400,     1.415398,     1.916365,     0.005234,
  1686.450,     1.391855,     1.485783,     0.007271,
  1686.500,     1.405500,     0.797933,     0.009005,
  1686.550,     1.385363,     0.052865,     0.002728,
  1686.600,     1.306149,    -0.647351,     0.005208,
  1686.650,     1.228676,    -1.141138,     0.006866,
  1686.700,     1.139405,    -1.368795,     0.009365,
  1686.750,     1.064428,    -1.369090,     0.004943,
  1686.800,     0.983037,    -1.112459,     0.002265,
  1686.850,     0.844175,    -0.498849,     0.007644,
  1686.900,     0.743186,     0.373076,     0.002141,
  1686.950,     0.677312,     1.343611,     0.005516,
  1687.000,     0.672403,     2.220433,     0.004660,
  1687.050,     0.691480,     2.790095,     0.003022,
  1687.100,     0.692132,     3.106945,    -0.001169,
  1687.150,     0.702745,     3.106982,     0.004580,
  1687.200,     0.657155,     2.837052,     0.002454,
  1687.250,     0.659435,     2.304517,    -0.000832,
  1687.300,     0.679013,     1.643385,     0.000416,
  1687.350,     0.674288,     0.972145,     0.004255,
  1687.400,     0.595699,     0.364439,     0.006374,
  1687.450,     0.398510,    -0.127680,     0.004211,
  1687.500,     0.099600,    -0.449573,     0.004756,
  1687.550,    -0.215938,    -0.711068,     0.005649,
  1687.600,    -0.477051,    -0.992829,     0.006053,
  1687.650,    -0.659015,    -1.319799,     0.002921,
  1687.700,    -0.807707,    -1.571145,     0.008022,
  1687.750,    -0.950911,    -1.542420,     0.009082,
  1687.800,    -1.069552,    -1.101569,     0.003755,
  1687.850,    -1.260107,    -0.308003,     0.002029,
  1687.900,    -1.467765,     0.731242,     0.001310,
  1687.950,    -1.766534,     1.850057,     0.001322,
  1688.000,    -2.010017,     2.753399,     0.006296,
  1688.050,    -2.132124,     3.277598,     0.003040,
  1688.100,    -1.991290,     3.297298,     0.001956,
  1688.150,    -1.532064,     2.876221,     0.002494,
  1688.200,    -0.873290,     2.170375,     0.002115,
  1688.250,    -0.107667,     1.313024,     0.001716,
  1688.300,     0.581970,     0.451004,     0.007462,
  1688.350,     1.223468,    -0.335147,     0.001210,
  1688.400,     1.701347,    -0.889231,     0.000941,
  1688.450,     2.026705,    -1.064746,     0.008525,
  1688.500,     2.183277,    -0.932000,     0.005114,
  1688.550,     2.183382,    -0.535668,     0.002006,
  1688.600,     2.087930,     0.061993,     0.005337,
  1688.650,     1.851607,     0.744836,     0.008590,
  1688.700,     1.498825,     1.357723,     0.006765,
  1688.750,     1.068006,     1.764261,     0.008897,
  1688.800,     0.574895,     1.791242,     0.005209,
  1688.850,     0.092223,     1.478882,     0.007058,
  1688.900,    -0.329188,     0.900863,     0.009329,
  1688.950,    -0.576273,     0.198671,     0.004748,
  1689.000,    -0.646666,    -0.468450,     0.005284,
  1689.050,    -0.545596,    -0.949988,     0.011129,
  1689.100,    -0.287581,    -1.127342,     0.006748,
  1689.150,     0.066840,    -0.955192,     0.009846,
  1689.200,     0.436872,    -0.573804,     0.007068,
  1689.250,     0.795529,    -0.082558,     0.004658,
  1689.300,     1.003806,     0.400849,     0.000419,
  1689.350,     1.026639,     0.783911,     0.001281,
  1689.400,     0.882070,     0.997937,     0.001521,
  1689.450,     0.600795,     1.060174,    -0.000842,
  1689.500,     0.368969,     1.013047,     0.002811,
  1689.550,     0.245636,     0.894100,     0.004530,
  1689.600,     0.203497,     0.862166,     0.001061,
  1689.650,     0.184048,     1.000874,    -0.001288,
  1689.700,     0.220337,     1.370165,     0.000018,
  1689.750,     0.244911,     1.888734,    -0.000306,
  1689.800,     0.244973,     2.335326,    -0.000848,
  1689.850,     0.190723,     2.624466,    -0.001244,
  1689.900,     0.097709,     2.627302,     0.003028,
  1689.950,    -0.015312,     2.330004,     0.007523,
  1690.000,     0.028682,     1.838481,     0.007444,
  1690.050,     0.168262,     1.136360,     0.004190,
  1690.100,     0.382062,     0.332646,     0.004759,
  1690.150,     0.588075,    -0.448915,     0.006895,
  1690.200,     0.766605,    -1.072448,     0.004271,
  1690.250,     0.925926,    -1.405867,     0.006640,
  1690.300,     1.025051,    -1.384308,     0.003452,
  1690.350,     1.010518,    -1.002613,     0.006107,
  1690.400,     0.853468,    -0.369327,     0.007954,
  1690.450,     0.539810,     0.414418,     0.008350,
  1690.500,     0.188026,     1.264879,     0.011555,
  1690.550,    -0.154531,     2.078002,     0.004426,
  1690.600,    -0.417270,     2.690379,     0.000950,
  1690.650,    -0.588673,     3.037519,     0.005515,
  1690.700,    -0.646359,     3.023940,     0.004792,
  1690.750,    -0.599055,     2.709839,     0.004274,
  1690.800,    -0.399810,     2.242089,     0.005343,
  1690.850,    -0.035590,     1.670260,     0.002004,
  1690.900,     0.341740,     1.163267,     0.002277,
  1690.950,     0.728382,     0.768299,     0.002669,
  1691.000,     0.931201,     0.473777,     0.005656,
  1691.050,     1.017013,     0.285832,     0.003034,
  1691.100,     0.993720,     0.203289,     0.001586,
  1691.150,     0.829593,     0.125032,     0.000018,
  1691.200,     0.608553,     0.156049,     0.001541,
  1691.250,     0.329113,     0.241990,     0.006425,
  1691.300,     0.069614,     0.509349,     0.002629,
  1691.350,    -0.146891,     0.941554,    -0.001262,
  1691.400,    -0.326714,     1.529320,     0.009078,
  1691.450,    -0.441290,     2.191168,     0.005219,
  1691.500,    -0.575819,     2.827658,     0.004450,
  1691.550,    -0.724938,     3.378861,     0.011062,
  1691.600,    -0.895175,     3.692797,     0.006503,
  1691.650,    -1.037732,     3.624742,     0.010089,
  1691.700,    -1.015705,     3.149624,     0.009185,
  1691.750,    -0.759712,     2.228937,     0.007767,
  1691.800,    -0.267025,     1.063858,     0.009438,
  1691.850,     0.366242,    -0.152253,     0.008903,
  1691.900,     1.067672,    -1.174209,     0.011520,
  1691.950,     1.633446,    -1.791788,     0.010641,
  1692.000,     1.937085,    -1.923481,     0.006732,
  1692.050,     1.967584,    -1.494760,     0.010078,
  1692.100,     1.730612,    -0.672926,     0.014074,
  1692.150,     1.365342,     0.363339,     0.008438,
  1692.200,     0.953870,     1.363359,     0.010864,
  1692.250,     0.497752,     2.160327,     0.005928,
  1692.300,     0.062814,     2.568445,     0.002660,
  1692.350,    -0.260865,     2.533085,     0.001325,
  1692.400,    -0.408039,     2.142730,     0.001579,
  1692.450,    -0.425267,     1.538134,    -0.000615,
  1692.500,    -0.318823,     0.980385,    -0.001629,
  1692.550,    -0.165235,     0.587184,     0.002193,
  1692.600,     0.028225,     0.442132,    -0.002761,
  1692.650,     0.199269,     0.574560,    -0.001525,
  1692.700,     0.235898,     0.747681,     0.007860,
  1692.750,     0.163254,     0.841796,     0.001132,
  1692.800,    -0.112068,     0.932781,     0.001807,
  1692.850,    -0.526527,     0.984177,     0.007055,
  1692.900,    -0.998900,     1.003946,     0.009336,
  1692.950,    -1.408003,     0.929122,     0.002070,
  1693.000,    -1.625004,     0.783914,     0.008961,
  1693.050,    -1.603110,     0.672512,     0.007893,
  1693.100,    -1.344260,     0.662233,     0.003885,
  1693.150,    -0.931894,     0.801518,     0.007695,
  1693.200,    -0.490077,     1.125919,     0.006593,
  1693.250,    -0.016273,     1.556513,     0.006725,
  1693.300,     0.383068,     1.945138,     0.009431,
  1693.350,     0.646060,     2.242532,     0.010545,
  1693.400,     0.757844,     2.400666,     0.007195,
  1693.450,     0.772437,     2.426737,     0.006336,
  1693.500,     0.708579,     2.266734,     0.004258,
  1693.550,     0.603023,     1.909553,     0.009654,
  1693.600,     0.568711,     1.422311,     0.008725,
  1693.650,     0.625243,     0.873087,     0.005810,
  1693.700,     0.721432,     0.341281,     0.008400,
  1693.750,     0.812315,    -0.081404,     0.001832,
  1693.800,     0.868181,    -0.283392,     0.006275,
  1693.850,     0.796858,    -0.165438,     0.003111,
  1693.900,     0.604057,     0.235648,     0.001305,
  1693.950,     0.321213,     0.712439,    -0.000864,
  1694.000,    -0.033868,     1.100583,     0.000644,
  1694.050,    -0.393964,     1.220353,     0.001925,
  1694.100,    -0.733877,     1.020043,    -0.004597,
  1694.150,    -0.999353,     0.663621,    -0.003085,
  1694.200,    -1.106389,     0.307127,     0.001594,
  1694.250,    -1.007373,     0.061134,     0.001754,
  1694.300,    -0.756252,     0.025835,     0.002522,
  1694.350,    -0.347592,     0.154167,    -0.003146,
  1694.400,     0.108895,     0.422037,     0.006092,
  1694.450,     0.565274,     0.740911,     0.006337,
  1694.500,     0.965517,     1.024193,     0.012120,
  1694.550,     1.249755,     1.136833,     0.010857,
  1694.600,     1.439638,     1.020943,     0.013874,
  1694.650,     1.452733,     0.736161,     0.010735,
  1694.700,     1.282871,     0.438248,     0.013544,
  1694.750,     1.027230,     0.248550,     0.012565,
  1694.800,     0.719188,     0.179645,     0.011118,
  1694.850,     0.485903,     0.195447,     0.009120,
  1694.900,     0.305610,     0.282804,     0.012859,
  1694.950,     0.200164,     0.461654,     0.009844,
  1695.000,     0.097903,     0.742957,     0.004881,
  1695.050,     0.038556,     1.025701,     0.006842,
  1695.100,    -0.009688,     1.259097,     0.004931,
  1695.150,    -0.028306,     1.238673,     0.001973,
  1695.200,     0.006511,     0.976320,     0.002381,
  1695.250,     0.147196,     0.506294,    -0.001396,
  1695.300,     0.396969,    -0.005801,    -0.003707,
  1695.350,     0.758411,    -0.496504,    -0.000399,
  1695.400,     1.139269,    -0.819703,    -0.001885,
  1695.450,     1.518905,    -0.989628,     0.002619,
  1695.500,     1.825049,    -0.954995,     0.001805,
  1695.550,     2.024260,    -0.679936,    -0.002144,
  1695.600,     2.005814,    -0.241350,    -0.002923,
  1695.650,     1.755680,     0.298546,     0.000719,
  1695.700,     1.268345,     0.761163,     0.002424,
  1695.750,     0.676872,     1.142690,     0.000600,
  1695.800,     0.065442,     1.287671,    -0.000552,
  1695.850,    -0.457741,     1.216640,     0.007483,
  1695.900,    -0.826813,     0.942684,     0.006708,
  1695.950,    -0.959238,     0.518857,     0.006413,
  1696.000,    -0.823569,     0.016242,     0.008918,
  1696.050,    -0.493098,    -0.420836,     0.007243,
  1696.100,    -0.069737,    -0.652076,     0.015588,
  1696.150,     0.354206,    -0.530327,     0.007006,
  1696.200,     0.670130,    -0.100584,    -0.000823,
  1696.250,     0.835084,     0.537141,     0.012475,
  1696.300,     0.850934,     1.170117,     0.009178,
  1696.350,     0.697670,     1.612779,     0.007339,
  1696.400,     0.468122,     1.746676,     0.008089,
  1696.450,     0.278609,     1.612897,     0.012943,
  1696.500,     0.166042,     1.228865,     0.008789,
  1696.550,     0.190547,     0.726397,     0.007506,
  1696.600,     0.354462,     0.259011,     0.003448,
  1696.650,     0.494450,    -0.063428,     0.005769,
  1696.700,     0.588635,    -0.152744,    -0.002813,
  1696.750,     0.670559,    -0.072411,     0.001302,
  1696.800,     0.736140,     0.120159,    -0.001049,
  1696.850,     0.825917,     0.423928,    -0.004846,
  1696.900,     0.885125,     0.709750,    -0.000812,
  1696.950,     0.821208,     1.026023,     0.002029,
  1697.000,     0.766216,     1.315422,    -0.003555,
  1697.050,     0.732167,     1.543624,     0.001462,
  1697.100,     0.753069,     1.707006,    -0.001970,
  1697.150,     0.858617,     1.788889,     0.003640,
  1697.200,     1.031073,     1.776160,     0.004007,
  1697.250,     1.162782,     1.690371,     0.001310,
  1697.300,     1.255480,     1.527791,     0.014510,
  1697.350,     1.294067,     1.330025,     0.009446,
  1697.400,     1.279310,     1.178847,     0.000931,
  1697.450,     1.218463,     1.114457,     0.009131,
  1697.500,     1.062601,     1.147654,     0.014814,
  1697.550,     0.836679,     1.260431,     0.007441,
  1697.600,     0.607261,     1.396614,     0.006711,
  1697.650,     0.364589,     1.472952,     0.012632,
  1697.700,     0.159981,     1.368465,     0.012174,
  1697.750,     0.045520,     1.130898,     0.006354,
  1697.800,     0.081806,     0.844827,     0.003406,
  1697.850,     0.280518,     0.674545,     0.010479,
  1697.900,     0.577061,     0.771067,     0.007584,
  1697.950,     0.799368,     1.108862,     0.003580,
  1698.000,     0.863298,     1.613853,    -0.003281,
  1698.050,     0.754645,     2.130295,    -0.000304,
  1698.100,     0.533538,     2.564848,     0.003803,
  1698.150,     0.286415,     2.775530,     0.002876,
  1698.200,     0.105386,     2.623393,    -0.002331,
  1698.250,     0.054150,     2.157658,    -0.001564,
  1698.300,     0.110940,     1.523636,    -0.000604,
  1698.350,     0.217977,     0.982200,     0.001798,
  1698.400,     0.363038,     0.644066,    -0.000326,
  1698.450,     0.525503,     0.527354,     0.002410,
  1698.500,     0.593163,     0.545730,    -0.000834,
  1698.550,     0.520092,     0.742787,     0.002927,
  1698.600,     0.339684,     0.995847,     0.009596,
  1698.650,     0.145201,     1.265533,     0.009421,
  1698.700,    -0.044495,     1.474968,     0.006543,
  1698.750,    -0.159270,     1.525778,     0.011340,
  1698.800,    -0.229703,     1.514488,     0.012992,
  1698.850,    -0.337559,     1.456610,     0.012811,
  1698.900,    -0.408869,     1.369822,     0.015522,
  1698.950,    -0.432856,     1.291055,     0.012990,
  1699.000,    -0.422971,     1.147038,     0.011439,
  1699.050,    -0.454858,     0.943440,     0.010937,
  1699.100,    -0.486466,     0.729823,     0.006567,
  1699.150,    -0.637261,     0.651807,     0.012754,
  1699.200,    -0.894524,     0.766728,     0.012699,
  1699.250,    -1.161368,     0.959094,     0.008359,
  1699.300,    -1.388362,     1.079285,     0.001946,
  1699.350,    -1.550744,     1.017662,    -0.000981,
  1699.400,    -1.608416,     0.750040,     0.006720,
  1699.450,    -1.551126,     0.296059,     0.005361,
  1699.500,    -1.315423,    -0.227596,     0.006528,
  1699.550,    -0.937471,    -0.738272,     0.001692,
  1699.600,    -0.444811,    -1.066399,    -0.000523,
  1699.650,     0.064559,    -1.086662,    -0.003138,
  1699.700,     0.512611,    -0.732967,     0.002321,
  1699.750,     0.804050,    -0.047674,     0.003625,
  1699.800,     0.927785,     0.839081,     0.001077,
  1699.850,     0.916732,     1.752978,     0.003230,
  1699.900,     0.767944,     2.450384,    -0.000101,
  1699.950,     0.518124,     2.840175,    -0.001744,
  1700.000,     0.248817,     2.866925,     0.000317,
  1700.050,     0.044085,     2.536581,     0.005485,
  1700.100,    -0.031063,     1.955277,     0.003914,
  1700.150,     0.080288,     1.258269,     0.006937,
  1700.200,     0.265105,     0.631063,     0.006447,
  1700.250,     0.477805,     0.214407,     0.007552,
  1700.300,     0.568782,     0.035360,     0.006833,
  1700.350,     0.536079,     0.106097,     0.006424,
  1700.400,     0.414340,     0.356125,     0.011709,
  1700.450,     0.221531,     0.698159,     0.016557,
  1700.500,     0.000736,     1.100381,     0.013804,
  1700.550,    -0.163772,     1.486258,     0.009292,
  1700.600,    -0.240095,     1.795552,     0.004975,
  1700.650,    -0.174597,     1.998714,     0.004307,
  1700.700,    -0.030070,     2.124292,     0.002544,
  1700.750,     0.116658,     2.223595,     0.008950,
  1700.800,     0.250227,     2.279434,     0.005740,
  1700.850,     0.362074,     2.212552,     0.006225,
  1700.900,     0.459071,     1.975957,     0.002024,
  1700.950,     0.568199,     1.574126,     0.000400,
  1701.000,     0.668349,     1.078355,    -0.002836,
  1701.050,     0.763696,     0.565921,    -0.007688,
  1701.100,     0.819431,     0.105276,     0.004551,
  1701.150,     0.836971,    -0.195628,     0.004775,
  1701.200,     0.815499,    -0.379004,     0.000888,
  1701.250,     0.730855,    -0.398505,     0.004460,
  1701.300,     0.659629,    -0.296935,     0.002263,
  1701.350,     0.582333,    -0.112662,     0.001114,
  1701.400,     0.569686,     0.193048,     0.000666,
  1701.450,     0.600863,     0.542926,     0.003598,
  1701.500,     0.702004,     0.940374,     0.005801,
  1701.550,     0.839025,     1.319942,     0.009104,
  1701.600,     0.953975,     1.636360,     0.015888,
  1701.650,     0.946957,     1.862691,     0.011794,
  1701.700,     0.839548,     1.914803,     0.015004,
  1701.750,     0.686597,     1.812830,     0.005706,
  1701.800,     0.575778,     1.497084,     0.006353,
  1701.850,     0.550021,     1.093463,     0.010922,
  1701.900,     0.648451,     0.715838,     0.007512,
  1701.950,     0.789962,     0.412858,     0.004651,
  1702.000,     0.994061,     0.207046,     0.005314,
  1702.050,     1.134833,    -0.002225,     0.004389,
  1702.100,     1.232049,    -0.152308,     0.001015,
  1702.150,     1.147658,    -0.196308,    -0.004026,
  1702.200,     0.936257,    -0.144487,    -0.001656,
  1702.250,     0.662083,    -0.024069,    -0.002910,
  1702.300,     0.457817,     0.188871,    -0.002059,
  1702.350,     0.374811,     0.432309,     0.001468,
  1702.400,     0.361225,     0.746406,    -0.000076,
  1702.450,     0.413521,     1.113395,     0.002936,
  1702.500,     0.505392,     1.465388,     0.004130,
  1702.550,     0.606860,     1.738564,     0.002419,
  1702.600,     0.687085,     1.847772,     0.004256,
  1702.650,     0.732234,     1.741479,     0.005478,
  1702.700,     0.705675,     1.477008,     0.005261,
  1702.750,     0.627119,     1.112401,     0.014857,
  1702.800,     0.506390,     0.725569,     0.011622,
  1702.850,     0.429669,     0.264683,     0.003543,
  1702.900,     0.363165,    -0.083359,     0.010038,
  1702.950,     0.297284,    -0.329628,     0.016874,
  1703.000,     0.170037,    -0.467160,     0.011474,
  1703.050,     0.017917,    -0.516775,     0.013064,
  1703.100,    -0.032207,    -0.552785,     0.010385,
  1703.150,     0.065478,    -0.531802,     0.005410,
  1703.200,     0.297593,    -0.392810,     0.003172,
  1703.250,     0.571680,    -0.156744,     0.003517,
  1703.300,     0.712041,     0.229008,     0.000443,
  1703.350,     0.705830,     0.770950,     0.003435,
  1703.400,     0.585182,     1.354544,     0.001519,
  1703.450,     0.350002,     1.873694,     0.001874,
  1703.500,     0.025327,     2.146879,     0.001445,
  1703.550,    -0.243716,     2.142156,    -0.002793,
  1703.600,    -0.397967,     1.924068,     0.000234,
  1703.650,    -0.359683,     1.563748,     0.004990,
  1703.700,    -0.143251,     1.072622,     0.003861,
  1703.750,     0.203502,     0.518133,     0.003164,
  1703.800,     0.586661,     0.011478,     0.001301,
  1703.850,     0.904379,    -0.299374,     0.004516,
  1703.900,     1.080185,    -0.382060,     0.005054,
  1703.950,     1.137325,    -0.316831,     0.004931,
  1704.000,     1.043156,    -0.070874,     0.008660,
  1704.050,     0.818276,     0.321376,     0.006377,
  1704.100,     0.462970,     0.846238,     0.002120,
  1704.150,     0.164166,     1.416767,     0.007701,
  1704.200,    -0.081885,     1.969961,     0.008881,
  1704.250,    -0.229083,     2.376415,     0.013739,
  1704.300,    -0.295674,     2.539956,     0.013594,
  1704.350,    -0.252442,     2.443849,     0.011013,
  1704.400,    -0.157224,     2.187560,     0.009341,
  1704.450,     0.013382,     1.799463,     0.011597,
  1704.500,     0.241909,     1.304165,     0.007222,
  1704.550,     0.463602,     0.827102,     0.007287,
  1704.600,     0.617101,     0.365469,     0.007388,
  1704.650,     0.751420,     0.092568,     0.005837,
  1704.700,     0.865423,     0.001743,    -0.001175,
  1704.750,     0.976509,     0.116562,     0.001366,
  1704.800,     1.002711,     0.365459,     0.006085,
  1704.850,     0.896014,     0.687396,     0.009119,
  1704.900,     0.686992,     1.080751,     0.002149,
  1704.950,     0.408449,     1.547032,    -0.000000,
  1705.000,     0.144363,     2.028004,    -0.004648,
  1705.050,    -0.067383,     2.429532,    -0.002439,
  1705.100,    -0.202755,     2.701087,     0.001490,
  1705.150,    -0.241846,     2.786637,     0.000835,
  1705.200,    -0.202838,     2.728654,    -0.005139,
  1705.250,    -0.142845,     2.588807,    -0.002839,
  1705.300,    -0.069258,     2.410819,     0.001827,
  1705.350,     0.001698,     2.126121,     0.000800,
  1705.400,     0.127951,     1.815159,    -0.000013,
  1705.450,     0.256145,     1.533803,     0.007179,
  1705.500,     0.358445,     1.343352,     0.007549,
  1705.550,     0.457188,     1.294895,     0.009578,
  1705.600,     0.528138,     1.230120,     0.012094,
  1705.650,     0.545571,     1.093479,     0.011875,
  1705.700,     0.561390,     0.922447,     0.014140,
  1705.750,     0.481917,     0.741133,     0.014707,
  1705.800,     0.352788,     0.618669,     0.006836,
  1705.850,     0.276723,     0.557503,     0.013092,
  1705.900,     0.258375,     0.585135,     0.013958,
  1705.950,     0.255024,     0.704118,     0.011559,
  1706.000,     0.207069,     0.924126,     0.005887,
  1706.050,     0.167552,     1.228105,     0.010493,
  1706.100,     0.107491,     1.440186,     0.005701,
  1706.150,     0.079644,     1.537056,     0.001572,
  1706.200,     0.113897,     1.431115,     0.006434,
  1706.250,     0.132063,     1.193729,     0.007044,
  1706.300,     0.188188,     0.862866,     0.003966,
  1706.350,     0.301467,     0.475642,    -0.004633,
  1706.400,     0.434026,     0.149753,    -0.000164,
  1706.450,     0.593190,    -0.050592,     0.002993,
  1706.500,     0.740324,    -0.147607,    -0.003095,
  1706.550,     0.769085,    -0.136650,    -0.003685,
  1706.600,     0.721963,    -0.023186,     0.001087,
  1706.650,     0.626781,     0.111666,     0.001197,
  1706.700,     0.496015,     0.334724,     0.000543,
  1706.750,     0.355075,     0.646764,     0.004644,
  1706.800,     0.230932,     0.982969,     0.001503,
  1706.850,     0.148497,     1.270086,     0.004115,
  1706.900,     0.120064,     1.533274,     0.005802,
  1706.950,     0.116343,     1.732812,    -0.002196,
  1707.000,     0.118206,     1.885977,     0.006147,
  1707.050,     0.113965,     1.991964,     0.006109,
  1707.100,     0.034146,     2.012803,    -0.000578,
  1707.150,    -0.008388,     1.977728,     0.005795,
  1707.200,    -0.005882,     1.943583,     0.004469,
  1707.250,     0.026610,     1.878060,     0.004367,
  1707.300,     0.159914,     1.716188,     0.006660,
  1707.350,     0.412173,     1.452515,     0.006862,
  1707.400,     0.700619,     1.139832,     0.006591,
  1707.450,     0.868701,     0.851223,     0.009042,
  1707.500,     0.951419,     0.639538,     0.010797,
  1707.550,     0.939269,     0.604060,     0.007916,
  1707.600,     0.820013,     0.813209,     0.007813,
  1707.650,     0.664402,     1.263659,     0.004691,
  1707.700,     0.383523,     1.836553,     0.006500,
  1707.750,     0.080906,     2.379872,     0.008639,
  1707.800,    -0.121164,     2.806634,     0.005290,
  1707.850,    -0.229481,     3.011721,     0.002836,
  1707.900,    -0.238148,     2.980675,     0.003693,
  1707.950,    -0.150894,     2.724464,     0.008174,
  1708.000,     0.058665,     2.294835,     0.004089,
  1708.050,     0.306610,     1.783803,     0.002289,
  1708.100,     0.650432,     1.269205,     0.000843,
  1708.150,     0.977402,     0.851650,    -0.001121,
  1708.200,     1.191260,     0.570834,     0.004128,
  1708.250,     1.294643,     0.472253,     0.002369,
  1708.300,     1.275403,     0.513279,    -0.001116,
  1708.350,     1.150719,     0.688256,     0.005296,
  1708.400,     0.950595,     0.913415,     0.007485,
  1708.450,     0.696638,     1.097041,     0.002800,
  1708.500,     0.470066,     1.167100,     0.009973,
  1708.550,     0.273253,     1.094580,     0.003504,
  1708.600,     0.169769,     0.988459,    -0.002661,
  1708.650,     0.181591,     0.890508,     0.003405,
  1708.700,     0.278492,     0.825239,     0.000863,
  1708.750,     0.448188,     0.834482,     0.003601,
  1708.800,     0.638023,     0.937989,     0.005757,
  1708.850,     0.831987,     1.132657,     0.005687,
  1708.900,     1.023934,     1.381238,     0.004492,
  1708.950,     1.248794,     1.550118,     0.008955,
  1709.000,     1.391306,     1.592862,     0.009049,
  1709.050,     1.448184,     1.496985,     0.006334,
  1709.100,     1.424755,     1.364264,     0.007031,
  1709.150,     1.342713,     1.220443,     0.000477,
  1709.200,     1.271870,     1.113766,     0.001812,
  1709.250,     1.186606,     1.030876,     0.009996,
  1709.300,     1.105574,     0.993686,     0.001640,
  1709.350,     1.014626,     1.015238,     0.002458,
  1709.400,     0.885982,     1.048356,     0.008330,
  1709.450,     0.770267,     1.140385,     0.012636,
  1709.500,     0.698517,     1.279681,     0.007920,
  1709.550,     0.616997,     1.419368,     0.007155,
  1709.600,     0.523831,     1.520826,     0.006356,
  1709.650,     0.387396,     1.610550,     0.004082,
  1709.700,     0.243619,     1.662439,     0.012343,
  1709.750,     0.167702,     1.703517,     0.009617,
  1709.800,     0.184332,     1.703155,     0.000924,
  1709.850,     0.194045,     1.587031,     0.009248,
  1709.900,     0.254046,     1.316544,     0.008123,
  1709.950,     0.350857,     0.990432,     0.003700,
  1710.000,     0.472471,     0.662223,     0.000210,
  1710.050,     0.558224,     0.439506,    -0.000258,
  1710.100,     0.527054,     0.304805,     0.003002,
  1710.150,     0.410407,     0.298283,     0.003350,
  1710.200,     0.228413,     0.349277,    -0.000856,
  1710.250,    -0.001991,     0.399695,     0.000519,
  1710.300,    -0.241583,     0.466908,    -0.003170,
  1710.350,    -0.422874,     0.427609,    -0.001223,
  1710.400,    -0.533603,     0.349779,     0.000342,
  1710.450,    -0.596098,     0.249391,    -0.005774,
  1710.500,    -0.565593,     0.267603,    -0.000101,
  1710.550,    -0.530079,     0.425202,     0.002374,
  1710.600,    -0.454183,     0.670064,    -0.004982,
  1710.650,    -0.388275,     0.961431,     0.000498,
  1710.700,    -0.294064,     1.192651,     0.004507,
  1710.750,    -0.153415,     1.314931,     0.001690,
  1710.800,     0.008840,     1.339182,     0.006922,
  1710.850,     0.143724,     1.279172,     0.007264,
  1710.900,     0.304946,     1.094842,     0.010151,
  1710.950,     0.482785,     0.915425,     0.016408,
  1711.000,     0.641925,     0.741791,     0.006524,
  1711.050,     0.796861,     0.671570,     0.010280,
  1711.100,     0.906314,     0.663055,     0.010882,
  1711.150,     1.012931,     0.693004,     0.013005,
  1711.200,     1.067461,     0.829999,     0.009761,
  1711.250,     1.013445,     1.120037,     0.008385,
  1711.300,     0.867163,     1.462619,     0.009883,
  1711.350,     0.682497,     1.783571,     0.011347,
  1711.400,     0.441833,     1.975077,     0.012232,
  1711.450,     0.283029,     1.983953,     0.013678,
  1711.500,     0.196668,     1.791444,     0.001804,
  1711.550,     0.285264,     1.416287,     0.001491,
  1711.600,     0.528933,     0.902035,     0.004126,
  1711.650,     0.877212,     0.412966,     0.004247,
  1711.700,     1.203249,     0.053998,     0.005717,
  1711.750,     1.423836,    -0.022020,    -0.001154,
  1711.800,     1.493127,     0.139481,     0.002497,
  1711.850,     1.448129,     0.468412,     0.002677,
  1711.900,     1.278095,     0.870126,    -0.006216,
  1711.950,     1.024937,     1.249804,     0.000031,
  1712.000,     0.736758,     1.590034,     0.002225,
  1712.050,     0.479849,     1.757380,    -0.002919,
  1712.100,     0.288450,     1.704202,     0.001529,
  1712.150,     0.171274,     1.456662,     0.006288,
  1712.200,     0.179366,     1.053388,     0.006531,
  1712.250,     0.266690,     0.622955,     0.001998,
  1712.300,     0.393857,     0.310986,     0.009614,
  1712.350,     0.558250,     0.108602,     0.005883,
  1712.400,     0.687082,     0.160012,     0.012043,
  1712.450,     0.768891,     0.437557,     0.007697,
  1712.500,     0.770667,     0.908591,     0.007395,
  1712.550,     0.707478,     1.471358,     0.008435,
  1712.600,     0.643236,     1.942300,     0.006567,
  1712.650,     0.584586,     2.241039,     0.012217,
  1712.700,     0.579125,     2.315176,     0.006974,
  1712.750,     0.626764,     2.166940,     0.005129,
  1712.800,     0.697826,     1.869105,     0.001335,
  1712.850,     0.819643,     1.530207,     0.006912,
  1712.900,     0.947754,     1.262102,     0.005080,
  1712.950,     1.008102,     1.160561,    -0.000730,
  1713.000,     0.988223,     1.214127,    -0.002175,
  1713.050,     0.946724,     1.422144,     0.002658,
  1713.100,     0.873506,     1.647660,    -0.002012,
  1713.150,     0.768891,     1.855765,     0.003996,
  1713.200,     0.686959,     1.931107,     0.003437,
  1713.250,     0.612977,     1.816466,    -0.001567,
  1713.300,     0.629418,     1.621859,     0.001418,
  1713.350,     0.666990,     1.351444,    -0.001508,
  1713.400,     0.740102,     1.063327,     0.003551,
  1713.450,     0.848040,     0.848513,     0.003849,
  1713.500,     0.963699,     0.704341,     0.006666,
  1713.550,     1.023354,     0.688907,     0.008893,
  1713.600,     1.017013,     0.819090,     0.007787,
  1713.650,     0.964116,     1.103136,     0.006719,
  1713.700,     0.895769,     1.409114,     0.010834,
  1713.750,     0.847915,     1.692225,     0.009651,
  1713.800,     0.747583,     1.811971,     0.005211,
  1713.850,     0.594345,     1.754821,     0.005145,
  1713.900,     0.423725,     1.591743,     0.010910,
  1713.950,     0.266245,     1.231281,     0.009297,
  1714.000,     0.171624,     0.797407,     0.003859,
  1714.050,     0.084866,     0.365158,     0.004602,
  1714.100,     0.097294,     0.034516,     0.004479,
  1714.150,     0.101345,    -0.026658,     0.002140,
  1714.200,     0.135283,     0.184675,     0.005558,
  1714.250,     0.122005,     0.606210,     0.004574,
  1714.300,     0.057072,     1.089649,     0.001491,
  1714.350,    -0.004035,     1.490815,     0.008922,
  1714.400,    -0.119979,     1.707233,     0.000306,
  1714.450,    -0.187465,     1.719465,     0.005893,
  1714.500,    -0.144321,     1.513489,     0.002825,
  1714.550,    -0.027230,     1.197705,     0.003335,
  1714.600,     0.146767,     0.856871,     0.002476,
  1714.650,     0.285416,     0.634544,     0.006356,
  1714.700,     0.395136,     0.617475,     0.010889,
  1714.750,     0.452569,     0.725275,     0.004862,
  1714.800,     0.375779,     0.924123,     0.004162,
  1714.850,     0.283673,     1.106387,     0.006188,
  1714.900,     0.098652,     1.103005,     0.010947,
  1714.950,    -0.061472,     0.913411,     0.005949,
  1715.000,    -0.174223,     0.530180,     0.005074,
  1715.050,    -0.192466,     0.134683,     0.003911,
  1715.100,    -0.172342,    -0.269910,     0.006839,
  1715.150,    -0.044416,    -0.557224,    -0.000385,
  1715.200,     0.195353,    -0.683033,     0.004754,
  1715.250,     0.482253,    -0.571705,     0.003451,
  1715.300,     0.714533,    -0.304670,     0.001518,
  1715.350,     0.877684,     0.078485,    -0.000722,
  1715.400,     0.881887,     0.538393,     0.004485,
  1715.450,     0.772591,     1.028427,     0.003928,
  1715.500,     0.526968,     1.502242,     0.004712,
  1715.550,     0.198774,     1.844738,     0.007863,
  1715.600,    -0.135544,     1.933996,     0.004650,
  1715.650,    -0.329993,     1.728565,     0.010250,
  1715.700,    -0.395186,     1.229859,     0.009431,
  1715.750,    -0.256122,     0.540926,     0.006585,
  1715.800,    -0.028305,    -0.165826,     0.004075,
  1715.850,     0.264110,    -0.740224,     0.007977,
  1715.900,     0.543586,    -1.057480,     0.008164,
  1715.950,     0.793635,    -1.035766,     0.004659,
  1716.000,     0.980094,    -0.629646,     0.004381,
  1716.050,     1.025883,     0.073212,     0.005895,
  1716.100,     0.977266,     0.854730,     0.002368,
  1716.150,     0.809776,     1.581930,     0.011460,
  1716.200,     0.652218,     2.064901,     0.007780,
  1716.250,     0.479143,     2.253151,     0.004518,
  1716.300,     0.370198,     2.119534,     0.002994,
  1716.350,     0.334087,     1.736978,     0.001377,
  1716.400,     0.437627,     1.250300,    -0.001574,
  1716.450,     0.632418,     0.746373,    -0.004557,
  1716.500,     0.884494,     0.391037,     0.001704,
  1716.550,     1.139296,     0.223613,    -0.001893,
  1716.600,     1.267299,     0.227837,    -0.004244,
  1716.650,     1.278318,     0.283777,     0.006679,
  1716.700,     1.168267,     0.363875,     0.002666,
  1716.750,     0.968449,     0.414411,     0.003446,
  1716.800,     0.746139,     0.382238,     0.012898,
  1716.850,     0.582494,     0.386000,     0.003701,
  1716.900,     0.486142,     0.413724,     0.009086,
  1716.950,     0.496260,     0.532464,     0.007140,
  1717.000,     0.560303,     0.767610,     0.015348,
  1717.050,     0.652061,     1.103108,     0.010610,
  1717.100,     0.731208,     1.447134,     0.008190,
  1717.150,     0.714445,     1.758704,     0.014196,
  1717.200,     0.609728,     1.913312,     0.002795,
  1717.250,     0.442077,     1.989301,     0.005225,
  1717.300,     0.256961,     1.956454,     0.005815,
  1717.350,     0.085686,     1.767766,     0.004469,
  1717.400,    -0.019169,     1.530295,     0.003581,
  1717.450,    -0.097588,     1.168417,    -0.002655,
  1717.500,    -0.134294,     0.812636,     0.005098,
  1717.550,    -0.076061,     0.407275,    -0.001741,
  1717.600,     0.062062,     0.038021,     0.002641,
  1717.650,     0.265366,    -0.290806,     0.001887,
  1717.700,     0.443214,    -0.475594,    -0.002156,
  1717.750,     0.556638,    -0.410213,     0.001832,
  1717.800,     0.537893,    -0.052088,    -0.000090,
  1717.850,     0.473494,     0.457475,     0.011514,
  1717.900,     0.284002,     0.988306,     0.009920,
  1717.950,     0.098902,     1.415740,     0.009551,
  1718.000,    -0.126301,     1.668179,     0.009318,
  1718.050,    -0.349165,     1.705765,     0.006120,
  1718.100,    -0.477858,     1.583977,     0.008660,
  1718.150,    -0.450053,     1.329943,     0.009790,
  1718.200,    -0.253359,     1.036802,     0.009008,
  1718.250,    -0.056679,     0.768220,     0.007148,
  1718.300,     0.113440,     0.553401,     0.000576,
  1718.350,     0.233752,     0.472896,     0.009432,
  1718.400,     0.241159,     0.491900,     0.002737,
  1718.450,     0.194375,     0.624468,     0.004896,
  1718.500,    -0.009972,     0.761028,     0.006324,
  1718.550,    -0.153887,     0.885877,     0.003563,
  1718.600,    -0.221959,     0.965360,    -0.003529,
  1718.650,    -0.150485,     1.019752,     0.002446,
  1718.700,     0.061535,     1.055398,    -0.001657,
  1718.750,     0.361916,     1.122704,     0.003072,
  1718.800,     0.701836,     1.344286,    -0.002217,
  1718.850,     0.966963,     1.613377,    -0.003361,
  1718.900,     1.099359,     1.994283,     0.005067,
  1718.950,     1.134953,     2.344918,     0.004409,
  1719.000,     1.098717,     2.580013,     0.004275,
  1719.050,     1.041771,     2.720220,     0.006614,
  1719.100,     1.024548,     2.634843,     0.003827,
  1719.150,     1.022090,     2.351094,     0.007032,
  1719.200,     1.139686,     1.910511,     0.006199,
  1719.250,     1.309160,     1.332618,     0.007277,
  1719.300,     1.549656,     0.717710,     0.005132,
  1719.350,     1.812701,     0.149211,     0.009101,
  1719.400,     2.034209,    -0.231224,     0.002074,
  1719.450,     2.257409,    -0.365955,     0.004238,
  1719.500,     2.400379,    -0.252983,     0.004968,
  1719.550,     2.418265,     0.065889,     0.003742,
  1719.600,     2.208560,     0.584058,     0.002929,
  1719.650,     1.831835,     1.177586,     0.003640,
  1719.700,     1.276712,     1.803306,     0.001222,
  1719.750,     0.680269,     2.287425,     0.003147,
  1719.800,     0.174513,     2.540220,     0.006675,
  1719.850,    -0.186681,     2.506058,     0.002678,
  1719.900,    -0.398121,     2.308830,     0.004377,
  1719.950,    -0.371933,     1.970036,     0.002482,
  1720.000,    -0.178730,     1.608460,     0.004581,

