Time_abs/ps, Signal 1/nA, Ref.signal 1/nA, Signal 2/nA, Ref.signal 2/nA
  1600.000,     0.006870,     0.007615,     0.001129,
  1600.050,     0.010087,    -0.004646,     0.000397,
  1600.100,    -0.009813,     0.011497,     0.002872,
  1600.150,    -0.002350,    -0.005388,    -0.002042,
  1600.200,    -0.004794,    -0.009079,    -0.002356,
  1600.250,    -0.012385,    -0.022884,    -0.005011,
  1600.300,    -0.028829,    -0.011605,    -0.002682,
  1600.350,     0.001008,     0.000561,    -0.002686,
  1600.400,    -0.022819,     0.010459,    -0.007578,
  1600.450,    -0.016873,     0.008771,    -0.006536,
  1600.500,    -0.045626,    -0.000034,    -0.009403,
  1600.550,    -0.023478,    -0.009125,    -0.008691,
  1600.600,    -0.028434,    -0.021215,    -0.011502,
  1600.650,    -0.030997,    -0.028924,    -0.011263,
  1600.700,    -0.018618,    -0.024922,    -0.011130,
  1600.750,    -0.037537,    -0.033412,    -0.006203,
  1600.800,    -0.059840,    -0.027306,    -0.008014,
  1600.850,    -0.039866,    -0.001638,    -0.005308,
  1600.900,    -0.055009,    -0.017430,    -0.002178,
  1600.950,    -0.044507,    -0.006954,    -0.006449,
  1601.000,    -0.054099,    -0.025601,     0.001571,
  1601.050,    -0.029682,    -0.025349,    -0.006787,
  1601.100,    -0.058890,    -0.009534,     0.008264,
  1601.150,    -0.037386,    -0.028449,     0.000128,
  1601.200,    -0.062895,    -0.018410,     0.000838,
  1601.250,    -0.053095,    -0.022588,    -0.002979,
  1601.300,    -0.054830,    -0.037640,    -0.002786,
  1601.350,    -0.052950,    -0.024145,    -0.001377,
  1601.400,    -0.039281,    -0.019708,    -0.001375,
  1601.450,    -0.036596,    -0.036830,    -0.004929,
  1601.500,    -0.039186,    -0.020360,    -0.008532,
  1601.550,    -0.041601,    -0.021295,    -0.006019,
  1601.600,    -0.049824,    -0.019094,    -0.004312,
  1601.650,    -0.076138,    -0.038961,    -0.001751,
  1601.700,    -0.075029,    -0.039712,    -0.006312,
  1601.750,    -0.069162,    -0.046448,    -0.008004,
  1601.800,    -0.089381,    -0.049859,    -0.009278,
  1601.850,    -0.086673,    -0.056273,    -0.007345,
  1601.900,    -0.102752,    -0.066449,    -0.017147,
  1601.950,    -0.074830,    -0.072077,    -0.015252,
  1602.000,    -0.065255,    -0.063971,    -0.013935,
  1602.050,    -0.078131,    -0.049452,    -0.005429,
  1602.100,    -0.063284,    -0.059367,    -0.011883,
  1602.150,    -0.088125,    -0.063293,    -0.006818,
  1602.200,    -0.077669,    -0.057947,    -0.006342,
  1602.250,    -0.095144,    -0.047525,    -0.007424,
  1602.300,    -0.068089,    -0.066134,    -0.002573,
  1602.350,    -0.080082,    -0.074133,    -0.004503,
  1602.400,    -0.082515,    -0.077379,     0.001083,
  1602.450,    -0.106292,    -0.060169,     0.002703,
  1602.500,    -0.088292,    -0.080268,     0.004558,
  1602.550,    -0.082261,    -0.067907,     0.003063,
  1602.600,    -0.067709,    -0.099132,     0.000829,
  1602.650,    -0.069992,    -0.079462,    -0.002225,
  1602.700,    -0.066533,    -0.061615,    -0.001275,
  1602.750,    -0.078116,    -0.055587,     0.006225,
  1602.800,    -0.073693,    -0.049285,    -0.002819,
  1602.850,    -0.085510,    -0.061351,    -0.003178,
  1602.900,    -0.076858,    -0.051576,    -0.004846,
  1602.950,    -0.074349,    -0.030425,    -0.003306,
  1603.000,    -0.061670,    -0.045516,    -0.005385,
  1603.050,    -0.065342,    -0.046597,    -0.010927,
  1603.100,    -0.087613,    -0.041525,    -0.012061,
  1603.150,    -0.087585,    -0.058770,    -0.005671,
  1603.200,    -0.098218,    -0.067038,    -0.011036,
  1603.250,    -0.097513,    -0.060943,    -0.009843,
  1603.300,    -0.107215,    -0.046130,    -0.014090,
  1603.350,    -0.091003,    -0.044856,    -0.010110,
  1603.400,    -0.076006,    -0.048941,    -0.013659,
  1603.450,    -0.085225,    -0.057768,    -0.015084,
  1603.500,    -0.074771,    -0.061647,    -0.008798,
  1603.550,    -0.071806,    -0.072860,    -0.008406,
  1603.600,    -0.084734,    -0.050958,    -0.007389,
  1603.650,    -0.086196,    -0.058043,    -0.000844,
  1603.700,    -0.083313,    -0.046480,    -0.000463,
  1603.750,    -0.071637,    -0.039911,     0.000847,
  1603.800,    -0.097432,    -0.055079,     0.001098,
  1603.850,    -0.085410,    -0.055890,     0.003753,
  1603.900,    -0.079052,    -0.060794,    -0.000199,
  1603.950,    -0.086201,    -0.056321,     0.006826,
  1604.000,    -0.078969,    -0.053461,     0.002472,
  1604.050,    -0.087628,    -0.061511,     0.001183,
  1604.100,    -0.098493,    -0.073083,     0.008608,
  1604.150,    -0.073691,    -0.058812,     0.005476,
  1604.200,    -0.091263,    -0.056921,     0.000892,
  1604.250,    -0.078946,    -0.052816,    -0.002674,
  1604.300,    -0.076666,    -0.051204,    -0.006527,
  1604.350,    -0.085565,    -0.050098,    -0.009055,
  1604.400,    -0.086720,    -0.051308,    -0.001576,
  1604.450,    -0.111523,    -0.055452,    -0.005239,
  1604.500,    -0.110042,    -0.068069,    -0.007606,
  1604.550,    -0.096360,    -0.050001,    -0.006732,
  1604.600,    -0.111821,    -0.060544,    -0.007617,
  1604.650,    -0.088512,    -0.066102,    -0.008768,
  1604.700,    -0.082786,    -0.067510,    -0.010366,
  1604.750,    -0.092649,    -0.069713,    -0.012816,
  1604.800,    -0.073650,    -0.075049,    -0.015876,
  1604.850,    -0.104491,    -0.068252,    -0.015114,
  1604.900,    -0.107266,    -0.068048,    -0.016156,
  1604.950,    -0.112862,    -0.057182,    -0.013767,
  1605.000,    -0.086974,    -0.074073,    -0.012411,
  1605.050,    -0.091219,    -0.073767,    -0.014039,
  1605.100,    -0.090098,    -0.058804,    -0.009862,
  1605.150,    -0.092465,    -0.074817,    -0.012309,
  1605.200,    -0.088985,    -0.054424,    -0.001378,
  1605.250,    -0.087755,    -0.059604,    -0.004487,
  1605.300,    -0.094785,    -0.073760,    -0.007779,
  1605.350,    -0.082358,    -0.080658,    -0.001766,
  1605.400,    -0.079890,    -0.064059,    -0.001474,
  1605.450,    -0.088809,    -0.066206,     0.003201,
  1605.500,    -0.077584,    -0.061892,     0.004897,
  1605.550,    -0.084613,    -0.056416,     0.008561,
  1605.600,    -0.076322,    -0.060449,     0.007542,
  1605.650,    -0.074929,    -0.062375,     0.001139,
  1605.700,    -0.076187,    -0.064690,     0.008337,
  1605.750,    -0.064997,    -0.067201,     0.009214,
  1605.800,    -0.072636,    -0.053317,     0.003363,
  1605.850,    -0.080613,    -0.075328,    -0.001785,
  1605.900,    -0.081219,    -0.081720,     0.003228,
  1605.950,    -0.103110,    -0.084957,    -0.000173,
  1606.000,    -0.105908,    -0.063255,    -0.007991,
  1606.050,    -0.111226,    -0.061329,    -0.001941,
  1606.100,    -0.103656,    -0.043735,    -0.010931,
  1606.150,    -0.102344,    -0.050841,    -0.006777,
  1606.200,    -0.098647,    -0.062682,    -0.009414,
  1606.250,    -0.116289,    -0.048538,    -0.013673,
  1606.300,    -0.113378,    -0.051206,    -0.008993,
  1606.350,    -0.091130,    -0.056931,    -0.012027,
  1606.400,    -0.106984,    -0.061721,    -0.013868,
  1606.450,    -0.100407,    -0.077838,    -0.012541,
  1606.500,    -0.102862,    -0.075351,    -0.013208,
  1606.550,    -0.112490,    -0.045355,    -0.012895,
  1606.600,    -0.126761,    -0.075436,    -0.018380,
  1606.650,    -0.098060,    -0.075216,    -0.009069,
  1606.700,    -0.097124,    -0.067222,    -0.005307,
  1606.750,    -0.092153,    -0.063340,    -0.005352,
  1606.800,    -0.093700,    -0.069187,    -0.003662,
  1606.850,    -0.088846,    -0.065506,    -0.008417,
  1606.900,    -0.089914,    -0.051772,    -0.008113,
  1606.950,    -0.090697,    -0.049198,    -0.003771,
  1607.000,    -0.084802,    -0.044549,    -0.003458,
  1607.050,    -0.103569,    -0.057717,     0.001175,
  1607.100,    -0.092712,    -0.057853,     0.003954,
  1607.150,    -0.082123,    -0.075347,     0.005678,
  1607.200,    -0.089258,    -0.075670,     0.004596,
  1607.250,    -0.081548,    -0.067853,     0.006865,
  1607.300,    -0.088735,    -0.065862,     0.011289,
  1607.350,    -0.090975,    -0.091792,     0.005672,
  1607.400,    -0.098054,    -0.095613,     0.007618,
  1607.450,    -0.107957,    -0.089350,     0.005672,
  1607.500,    -0.107413,    -0.075400,     0.000299,
  1607.550,    -0.113858,    -0.104859,     0.001265,
  1607.600,    -0.134049,    -0.098777,    -0.001518,
  1607.650,    -0.145765,    -0.092790,    -0.001476,
  1607.700,    -0.130376,    -0.102410,    -0.000883,
  1607.750,    -0.127757,    -0.103796,    -0.005592,
  1607.800,    -0.164390,    -0.101278,    -0.008765,
  1607.850,    -0.154506,    -0.124529,    -0.010615,
  1607.900,    -0.176802,    -0.136633,    -0.007855,
  1607.950,    -0.185566,    -0.124998,    -0.015326,
  1608.000,    -0.170020,    -0.137278,    -0.015284,
  1608.050,    -0.184409,    -0.131250,    -0.016826,
  1608.100,    -0.192095,    -0.141260,    -0.017986,
  1608.150,    -0.194350,    -0.161652,    -0.017102,
  1608.200,    -0.209825,    -0.162870,    -0.021668,
  1608.250,    -0.212998,    -0.156415,    -0.017511,
  1608.300,    -0.193839,    -0.147483,    -0.016478,
  1608.350,    -0.204342,    -0.147606,    -0.017632,
  1608.400,    -0.188769,    -0.157783,    -0.012535,
  1608.450,    -0.194504,    -0.149063,    -0.012038,
  1608.500,    -0.195212,    -0.130967,    -0.012506,
  1608.550,    -0.176584,    -0.132564,    -0.007215,
  1608.600,    -0.163199,    -0.131408,    -0.001331,
  1608.650,    -0.177161,    -0.119437,    -0.003787,
  1608.700,    -0.163200,    -0.132012,    -0.003650,
  1608.750,    -0.147317,    -0.130531,    -0.001070,
  1608.800,    -0.129537,    -0.127366,     0.006803,
  1608.850,    -0.127307,    -0.114349,     0.008141,
  1608.900,    -0.119825,    -0.118084,     0.010843,
  1608.950,    -0.111894,    -0.108535,     0.005022,
  1609.000,    -0.119100,    -0.122791,     0.011114,
  1609.050,    -0.119475,    -0.112637,     0.018017,
  1609.100,    -0.118382,    -0.100752,     0.011812,
  1609.150,    -0.125100,    -0.101737,     0.009316,
  1609.200,    -0.111607,    -0.083625,     0.004994,
  1609.250,    -0.106373,    -0.090299,     0.006503,
  1609.300,    -0.085407,    -0.092264,     0.011979,
  1609.350,    -0.069718,    -0.063074,     0.003883,
  1609.400,    -0.105076,    -0.072413,    -0.004082,
  1609.450,    -0.105488,    -0.097468,    -0.007458,
  1609.500,    -0.089599,    -0.062004,    -0.008118,
  1609.550,    -0.083813,    -0.074665,    -0.002219,
  1609.600,    -0.104237,    -0.082541,    -0.002670,
  1609.650,    -0.094799,    -0.095405,    -0.009121,
  1609.700,    -0.084779,    -0.072481,    -0.014530,
  1609.750,    -0.109649,    -0.073364,    -0.016419,
  1609.800,    -0.116474,    -0.048757,    -0.018609,
  1609.850,    -0.118733,    -0.050317,    -0.021596,
  1609.900,    -0.130505,    -0.050132,    -0.025622,
  1609.950,    -0.140544,    -0.052159,    -0.020112,
  1610.000,    -0.141586,    -0.076507,    -0.020197,
  1610.050,    -0.148263,    -0.090168,    -0.021758,
  1610.100,    -0.146828,    -0.092489,    -0.018917,
  1610.150,    -0.145150,    -0.092585,    -0.015683,
  1610.200,    -0.165152,    -0.087222,    -0.015694,
  1610.250,    -0.186297,    -0.102442,    -0.011515,
  1610.300,    -0.185349,    -0.110517,    -0.013099,
  1610.350,    -0.177110,    -0.117500,    -0.008822,
  1610.400,    -0.184424,    -0.123959,    -0.007538,
  1610.450,    -0.173107,    -0.132789,    -0.002768,
  1610.500,    -0.185084,    -0.137259,     0.000686,
  1610.550,    -0.189364,    -0.141640,     0.001746,
  1610.600,    -0.187225,    -0.131035,     0.005416,
  1610.650,    -0.193731,    -0.137492,     0.004679,
  1610.700,    -0.209232,    -0.131505,     0.000816,
  1610.750,    -0.186032,    -0.161033,     0.003766,
  1610.800,    -0.214554,    -0.172221,     0.005497,
  1610.850,    -0.224054,    -0.194941,     0.007157,
  1610.900,    -0.218687,    -0.172747,     0.008895,
  1610.950,    -0.209448,    -0.179672,     0.010199,
  1611.000,    -0.223944,    -0.196484,     0.007352,
  1611.050,    -0.234377,    -0.217035,     0.005354,
  1611.100,    -0.230391,    -0.213329,     0.003044,
  1611.150,    -0.256154,    -0.239635,     0.001622,
  1611.200,    -0.245322,    -0.240099,     0.004894,
  1611.250,    -0.247863,    -0.215287,    -0.004086,
  1611.300,    -0.263163,    -0.217257,    -0.007325,
  1611.350,    -0.275107,    -0.223915,    -0.002871,
  1611.400,    -0.241251,    -0.225158,    -0.006295,
  1611.450,    -0.263308,    -0.227445,    -0.007075,
  1611.500,    -0.257666,    -0.219021,    -0.008976,
  1611.550,    -0.247207,    -0.196926,    -0.012916,
  1611.600,    -0.263225,    -0.221091,    -0.010437,
  1611.650,    -0.265700,    -0.212736,    -0.011331,
  1611.700,    -0.232566,    -0.199161,    -0.013222,
  1611.750,    -0.246768,    -0.192209,    -0.013486,
  1611.800,    -0.257276,    -0.199529,    -0.013142,
  1611.850,    -0.262843,    -0.174264,    -0.018233,
  1611.900,    -0.262366,    -0.168421,    -0.018279,
  1611.950,    -0.234197,    -0.185613,    -0.009815,
  1612.000,    -0.231031,    -0.193127,    -0.011264,
  1612.050,    -0.254027,    -0.202004,    -0.009990,
  1612.100,    -0.234392,    -0.203686,    -0.008464,
  1612.150,    -0.227309,    -0.192196,    -0.006029,
  1612.200,    -0.243928,    -0.228909,    -0.005156,
  1612.250,    -0.244500,    -0.217702,    -0.004070,
  1612.300,    -0.244156,    -0.218946,    -0.003692,
  1612.350,    -0.245523,    -0.226065,     0.000238,
  1612.400,    -0.241895,    -0.209106,     0.002906,
  1612.450,    -0.248208,    -0.219318,    -0.000391,
  1612.500,    -0.273799,    -0.206316,     0.006408,
  1612.550,    -0.247547,    -0.213026,     0.005930,
  1612.600,    -0.240751,    -0.230964,     0.005349,
  1612.650,    -0.254161,    -0.237960,     0.004269,
  1612.700,    -0.243493,    -0.240506,     0.003637,
  1612.750,    -0.260255,    -0.236160,     0.005705,
  1612.800,    -0.258903,    -0.233167,     0.000113,
  1612.850,    -0.268969,    -0.256656,     0.001895,
  1612.900,    -0.264783,    -0.239617,     0.000716,
  1612.950,    -0.258625,    -0.245471,     0.000708,
  1613.000,    -0.275710,    -0.262886,     0.000247,
  1613.050,    -0.281613,    -0.251333,    -0.003280,
  1613.100,    -0.276144,    -0.256567,    -0.005451,
  1613.150,    -0.280652,    -0.244889,    -0.003608,
  1613.200,    -0.299443,    -0.267568,    -0.001778,
  1613.250,    -0.285463,    -0.263436,    -0.006806,
  1613.300,    -0.294743,    -0.261406,    -0.007339,
  1613.350,    -0.310673,    -0.262316,    -0.007068,
  1613.400,    -0.306589,    -0.263597,    -0.011829,
  1613.450,    -0.313592,    -0.263895,    -0.006351,
  1613.500,    -0.312568,    -0.253962,    -0.004535,
  1613.550,    -0.327139,    -0.267384,    -0.010013,
  1613.600,    -0.326034,    -0.282852,    -0.009134,
  1613.650,    -0.340543,    -0.294390,    -0.007320,
  1613.700,    -0.333058,    -0.269291,    -0.005787,
  1613.750,    -0.343945,    -0.296063,    -0.003224,
  1613.800,    -0.384142,    -0.295676,    -0.006677,
  1613.850,    -0.366742,    -0.290447,    -0.010656,
  1613.900,    -0.353617,    -0.308364,    -0.010247,
  1613.950,    -0.380114,    -0.311033,    -0.004717,
  1614.000,    -0.381249,    -0.298176,    -0.007738,
  1614.050,    -0.392061,    -0.320096,    -0.005446,
  1614.100,    -0.381625,    -0.327092,    -0.001802,
  1614.150,    -0.368361,    -0.336267,    -0.005074,
  1614.200,    -0.383153,    -0.347295,     0.001554,
  1614.250,    -0.390951,    -0.345886,    -0.004362,
  1614.300,    -0.385243,    -0.330335,    -0.006988,
  1614.350,    -0.372514,    -0.335595,    -0.003064,
  1614.400,    -0.374638,    -0.326397,    -0.008780,
  1614.450,    -0.371218,    -0.335081,    -0.007815,
  1614.500,    -0.375802,    -0.341281,    -0.007620,
  1614.550,    -0.385136,    -0.341916,    -0.007272,
  1614.600,    -0.386097,    -0.342900,    -0.008660,
  1614.650,    -0.376511,    -0.342125,    -0.003812,
  1614.700,    -0.384294,    -0.318097,    -0.002126,
  1614.750,    -0.377459,    -0.315540,    -0.010116,
  1614.800,    -0.374876,    -0.298863,    -0.010580,
  1614.850,    -0.369347,    -0.298416,    -0.008310,
  1614.900,    -0.363825,    -0.312369,    -0.001556,
  1614.950,    -0.370404,    -0.298750,    -0.006780,
  1615.000,    -0.379904,    -0.299329,    -0.005028,
  1615.050,    -0.399679,    -0.316875,    -0.000886,
  1615.100,    -0.408588,    -0.339941,     0.000488,
  1615.150,    -0.417211,    -0.354372,    -0.001575,
  1615.200,    -0.435871,    -0.349586,    -0.000062,
  1615.250,    -0.441308,    -0.375272,     0.000039,
  1615.300,    -0.439621,    -0.391255,    -0.002240,
  1615.350,    -0.439321,    -0.412063,     0.000078,
  1615.400,    -0.448493,    -0.422098,     0.002910,
  1615.450,    -0.471788,    -0.408363,     0.001384,
  1615.500,    -0.450791,    -0.404922,     0.002690,
  1615.550,    -0.462907,    -0.411461,     0.000292,
  1615.600,    -0.464877,    -0.401083,    -0.001026,
  1615.650,    -0.470942,    -0.408784,     0.001725,
  1615.700,    -0.479390,    -0.415894,    -0.001249,
  1615.750,    -0.480983,    -0.406058,    -0.004577,
  1615.800,    -0.486197,    -0.429032,    -0.002046,
  1615.850,    -0.490621,    -0.454615,    -0.002051,
  1615.900,    -0.504370,    -0.455064,    -0.010037,
  1615.950,    -0.506207,    -0.455368,    -0.008523,
  1616.000,    -0.520293,    -0.466990,    -0.006191,
  1616.050,    -0.522499,    -0.474880,    -0.009843,
  1616.100,    -0.534981,    -0.480263,    -0.008956,
  1616.150,    -0.541757,    -0.480738,    -0.012694,
  1616.200,    -0.544054,    -0.476577,    -0.015130,
  1616.250,    -0.533996,    -0.483261,    -0.014568,
  1616.300,    -0.546879,    -0.490949,    -0.011545,
  1616.350,    -0.555177,    -0.490765,    -0.014251,
  1616.400,    -0.541156,    -0.495713,    -0.012097,
  1616.450,    -0.530442,    -0.492477,    -0.015596,
  1616.500,    -0.557127,    -0.503176,    -0.018044,
  1616.550,    -0.555351,    -0.526755,    -0.009862,
  1616.600,    -0.550684,    -0.506274,    -0.007609,
  1616.650,    -0.556903,    -0.492097,    -0.014201,
  1616.700,    -0.549102,    -0.494707,    -0.014868,
  1616.750,    -0.545607,    -0.491688,    -0.008110,
  1616.800,    -0.535091,    -0.491173,    -0.005359,
  1616.850,    -0.519710,    -0.493725,    -0.001421,
  1616.900,    -0.527316,    -0.487156,    -0.006748,
  1616.950,    -0.543707,    -0.489569,    -0.006549,
  1617.000,    -0.531146,    -0.506868,    -0.004269,
  1617.050,    -0.523461,    -0.487291,     0.000828,
  1617.100,    -0.517371,    -0.474220,     0.005021,
  1617.150,    -0.502016,    -0.483483,     0.001591,
  1617.200,    -0.497153,    -0.473541,     0.002374,
  1617.250,    -0.490974,    -0.474562,     0.005417,
  1617.300,    -0.470703,    -0.456456,     0.005111,
  1617.350,    -0.472008,    -0.446705,     0.006934,
  1617.400,    -0.468884,    -0.459078,     0.004654,
  1617.450,    -0.479672,    -0.445847,     0.000665,
  1617.500,    -0.467501,    -0.438835,    -0.000857,
  1617.550,    -0.449838,    -0.433537,    -0.001905,
  1617.600,    -0.454176,    -0.436497,    -0.000469,
  1617.650,    -0.429501,    -0.418269,     0.004450,
  1617.700,    -0.415270,    -0.416141,     0.001138,
  1617.750,    -0.411297,    -0.407228,    -0.009923,
  1617.800,    -0.378818,    -0.401720,    -0.007368,
  1617.850,    -0.329151,    -0.380863,    -0.008965,
  1617.900,    -0.315154,    -0.371745,    -0.009382,
  1617.950,    -0.275341,    -0.338327,    -0.005961,
  1618.000,    -0.224497,    -0.281234,    -0.006426,
  1618.050,    -0.174608,    -0.232384,    -0.013620,
  1618.100,    -0.148357,    -0.193871,    -0.010066,
  1618.150,    -0.137106,    -0.161821,    -0.014258,
  1618.200,    -0.120875,    -0.119875,    -0.019730,
  1618.250,    -0.144351,    -0.077524,    -0.015837,
  1618.300,    -0.231861,    -0.071774,    -0.013695,
  1618.350,    -0.431711,    -0.087374,    -0.011799,
  1618.400,    -0.725073,    -0.196099,    -0.011944,
  1618.450,    -1.065338,    -0.348139,    -0.013795,
  1618.500,    -1.481772,    -0.610612,    -0.011860,
  1618.550,    -1.901273,    -0.952923,    -0.007435,
  1618.600,    -2.226824,    -1.333053,    -0.007470,
  1618.650,    -2.469810,    -1.743931,    -0.010263,
  1618.700,    -2.518101,    -2.126887,    -0.010314,
  1618.750,    -2.326526,    -2.394161,    -0.005330,
  1618.800,    -1.984397,    -2.457728,     0.002165,
  1618.850,    -1.574569,    -2.309845,     0.001795,
  1618.900,    -1.140798,    -1.995652,    -0.005141,
  1618.950,    -0.777665,    -1.602009,     0.000543,
  1619.000,    -0.490344,    -1.184876,     0.006309,
  1619.050,    -0.291692,    -0.797805,     0.002647,
  1619.100,    -0.168628,    -0.520714,     0.004394,
  1619.150,    -0.126518,    -0.297820,     0.003947,
  1619.200,    -0.161605,    -0.164513,     0.002811,
  1619.250,    -0.227236,    -0.133796,     0.001758,
  1619.300,    -0.300831,    -0.141140,     0.004220,
  1619.350,    -0.371366,    -0.189173,     0.003573,
  1619.400,    -0.446938,    -0.272831,     0.001639,
  1619.450,    -0.511776,    -0.366149,     0.003446,
  1619.500,    -0.562105,    -0.414662,     0.002697,
  1619.550,    -0.601938,    -0.486669,     0.000179,
  1619.600,    -0.604878,    -0.532702,    -0.003508,
  1619.650,    -0.620449,    -0.559336,    -0.006620,
  1619.700,    -0.625627,    -0.580338,    -0.009058,
  1619.750,    -0.661043,    -0.589772,    -0.003738,
  1619.800,    -0.689853,    -0.591029,    -0.003619,
  1619.850,    -0.709811,    -0.607447,    -0.006780,
  1619.900,    -0.749449,    -0.624791,    -0.009457,
  1619.950,    -0.780507,    -0.651564,    -0.008003,
  1620.000,    -0.795902,    -0.699427,    -0.013479,
  1620.050,    -0.827302,    -0.712156,    -0.010747,
  1620.100,    -0.860518,    -0.740053,    -0.008505,
  1620.150,    -0.863377,    -0.779035,    -0.012186,
  1620.200,    -0.839530,    -0.777557,    -0.016019,
  1620.250,    -0.838411,    -0.783301,    -0.011297,
  1620.300,    -0.826246,    -0.795376,    -0.010638,
  1620.350,    -0.820873,    -0.762885,    -0.013297,
  1620.400,    -0.839144,    -0.756703,    -0.012430,
  1620.450,    -0.851939,    -0.755122,    -0.006328,
  1620.500,    -0.853215,    -0.759587,    -0.009137,
  1620.550,    -0.867683,    -0.770126,    -0.009987,
  1620.600,    -0.868805,    -0.762379,    -0.008277,
  1620.650,    -0.889914,    -0.799293,    -0.007977,
  1620.700,    -0.903669,    -0.826538,    -0.006042,
  1620.750,    -0.898819,    -0.825007,    -0.004756,
  1620.800,    -0.899720,    -0.836559,    -0.006237,
  1620.850,    -0.930702,    -0.864981,    -0.004183,
  1620.900,    -0.922897,    -0.872562,     0.002073,
  1620.950,    -0.925478,    -0.863349,     0.004151,
  1621.000,    -0.943580,    -0.892779,     0.000288,
  1621.050,    -0.968359,    -0.900679,     0.001306,
  1621.100,    -1.004722,    -0.903279,     0.005331,
  1621.150,    -1.035649,    -0.929399,    -0.001965,
  1621.200,    -1.066897,    -0.946151,     0.001275,
  1621.250,    -1.093835,    -0.973433,     0.000511,
  1621.300,    -1.104024,    -1.002156,    -0.006366,
  1621.350,    -1.100174,    -1.031033,    -0.000550,
  1621.400,    -1.080345,    -1.055723,     0.001503,
  1621.450,    -1.032054,    -1.082439,     0.000427,
  1621.500,    -0.978572,    -1.040745,    -0.002447,
  1621.550,    -0.926546,    -1.007067,    -0.001536,
  1621.600,    -0.896257,    -0.969472,    -0.002101,
  1621.650,    -0.863033,    -0.923275,    -0.006536,
  1621.700,    -0.853916,    -0.868363,    -0.004580,
  1621.750,    -0.858855,    -0.839668,    -0.002288,
  1621.800,    -0.910788,    -0.839075,    -0.000951,
  1621.850,    -0.928052,    -0.835832,    -0.003442,
  1621.900,    -0.959403,    -0.868083,    -0.002981,
  1621.950,    -0.966845,    -0.905803,    -0.002490,
  1622.000,    -0.979568,    -0.925178,    -0.008964,
  1622.050,    -0.982901,    -0.925425,    -0.007111,
  1622.100,    -0.981678,    -0.933014,    -0.004616,
  1622.150,    -0.971133,    -0.943333,    -0.011209,
  1622.200,    -0.937203,    -0.946160,    -0.006261,
  1622.250,    -0.939887,    -0.947706,    -0.004514,
  1622.300,    -0.919177,    -0.936598,    -0.006058,
  1622.350,    -0.878683,    -0.911204,    -0.008753,
  1622.400,    -0.864365,    -0.902913,    -0.009803,
  1622.450,    -0.836888,    -0.885350,    -0.012778,
  1622.500,    -0.813249,    -0.852988,    -0.014726,
  1622.550,    -0.767267,    -0.809969,    -0.009615,
  1622.600,    -0.717611,    -0.785377,    -0.003357,
  1622.650,    -0.651841,    -0.742969,    -0.005614,
  1622.700,    -0.549621,    -0.686576,    -0.008785,
  1622.750,    -0.417704,    -0.613374,    -0.007494,
  1622.800,    -0.276808,    -0.510101,    -0.005767,
  1622.850,    -0.168378,    -0.403846,    -0.006683,
  1622.900,    -0.047388,    -0.275957,    -0.007431,
  1622.950,     0.064313,    -0.136301,    -0.007963,
  1623.000,     0.073656,    -0.013895,    -0.009585,
  1623.050,    -0.074324,     0.097326,    -0.010773,
  1623.100,    -0.454224,     0.115637,    -0.011786,
  1623.150,    -1.207484,     0.008123,    -0.007668,
  1623.200,    -2.405158,    -0.326249,    -0.001409,
  1623.250,    -4.223789,    -1.001347,    -0.002105,
  1623.300,    -6.647334,    -2.122518,     0.000123,
  1623.350,    -9.605608,    -3.843026,    -0.004655,
  1623.400,   -12.751068,    -6.190226,    -0.005993,
  1623.450,   -15.505774,    -9.079033,    -0.004387,
  1623.500,   -17.249253,   -12.222148,    -0.006382,
  1623.550,   -17.291339,   -15.132563,    -0.001316,
  1623.600,   -15.250255,   -17.125555,    -0.003771,
  1623.650,   -11.259464,   -17.493563,     0.000144,
  1623.700,    -5.984686,   -15.827166,    -0.002119,
  1623.750,    -0.497278,   -12.123533,     0.002494,
  1623.800,     4.167127,    -6.997025,    -0.000192,
  1623.850,     7.265118,    -1.427215,    -0.002894,
  1623.900,     8.529954,     3.484423,     0.000448,
  1623.950,     8.076067,     6.934489,     0.003478,
  1624.000,     6.282880,     8.513791,    -0.002781,
  1624.050,     3.621469,     8.337132,    -0.007842,
  1624.100,     0.655232,     6.748450,    -0.001881,
  1624.150,    -2.081310,     4.178412,    -0.004039,
  1624.200,    -4.166400,     1.205607,    -0.007114,
  1624.250,    -5.439855,    -1.618595,    -0.007269,
  1624.300,    -6.058992,    -3.847212,     0.000771,
  1624.350,    -6.183985,    -5.274983,    -0.000717,
  1624.400,    -5.917242,    -5.999073,    -0.002070,
  1624.450,    -5.285566,    -6.210488,    -0.001860,
  1624.500,    -4.358187,    -6.037645,    -0.008324,
  1624.550,    -3.357548,    -5.448199,    -0.007350,
  1624.600,    -2.612452,    -4.513717,    -0.005936,
  1624.650,    -2.124809,    -3.507028,    -0.007064,
  1624.700,    -1.769618,    -2.713990,    -0.013911,
  1624.750,    -1.432049,    -2.169706,    -0.019436,
  1624.800,    -1.107669,    -1.805950,    -0.014210,
  1624.850,    -0.759061,    -1.469886,    -0.012091,
  1624.900,    -0.348010,    -1.140785,    -0.012569,
  1624.950,     0.215150,    -0.812284,    -0.011115,
  1625.000,     0.962700,    -0.407357,    -0.009510,
  1625.050,     1.868887,     0.132472,    -0.007231,
  1625.100,     2.916105,     0.838794,    -0.009671,
  1625.150,     4.062909,     1.727241,    -0.013468,
  1625.200,     5.246588,     2.765705,    -0.009653,
  1625.250,     6.435437,     3.889177,    -0.008177,
  1625.300,     7.660602,     5.077292,    -0.008110,
  1625.350,     8.906800,     6.273234,    -0.005215,
  1625.400,    10.237180,     7.478472,    -0.010540,
  1625.450,    11.665290,     8.746009,    -0.008789,
  1625.500,    13.298230,    10.060120,    -0.004479,
  1625.550,    15.167665,    11.467869,    -0.000710,
  1625.600,    17.341655,    13.071246,    -0.003524,
  1625.650,    19.894468,    14.898890,    -0.004566,
  1625.700,    22.860522,    17.010325,    -0.006014,
  1625.750,    26.302980,    19.501218,    -0.009634,
  1625.800,    30.261581,    22.428147,    -0.009204,
  1625.850,    34.811476,    25.822997,    -0.006541,
  1625.900,    40.102371,    29.700968,    -0.003780,
  1625.950,    46.200747,    34.164119,    -0.007211,
  1626.000,    53.238335,    39.328189,    -0.006112,
  1626.050,    61.373804,    45.320874,    -0.009786,
  1626.100,    70.599251,    52.213222,    -0.012466,
  1626.150,    80.790964,    60.173804,    -0.012755,
  1626.200,    91.687380,    69.234329,    -0.009430,
  1626.250,   102.605724,    79.317423,    -0.012248,
  1626.300,   112.349362,    90.147328,    -0.014432,
  1626.350,   118.877002,   101.149397,    -0.013907,
  1626.400,   119.208345,   111.240914,    -0.011706,
  1626.450,   108.847233,   118.577158,    -0.000835,
  1626.500,    82.073058,   120.330037,     0.007620,
  1626.550,    32.194910,   112.301036,     0.018819,
  1626.600,   -47.128414,    88.936240,     0.023910,
  1626.650,  -159.667074,    43.654300,     0.028607,
  1626.700,  -303.513985,   -30.080523,     0.040247,
  1626.750,  -468.649473,  -136.599317,     0.035520,
  1626.800,  -635.968641,  -275.383844,     0.024565,
  1626.850,  -777.899178,  -438.202199,     0.017410,
  1626.900,  -860.711803,  -607.466873,     0.008198,
  1626.950,  -852.253107,  -756.832510,     0.001141,
  1627.000,  -736.841362,  -853.304042,     0.012993,
  1627.050,  -527.396685,  -863.652525,     0.023200,
  1627.100,  -261.975349,  -767.964910,     0.028535,
  1627.150,    12.226233,  -573.556554,     0.027698,
  1627.200,   255.812616,  -314.836492,     0.020981,
  1627.250,   445.127275,   -38.717001,     0.010877,
  1627.300,   568.664803,   213.204124,    -0.001416,
  1627.350,   621.627098,   414.370761,    -0.014843,
  1627.400,   606.942998,   551.418659,    -0.022597,
  1627.450,   538.684853,   618.154752,    -0.028220,
  1627.500,   440.728525,   615.650001,    -0.032572,
  1627.550,   337.707394,   555.920794,    -0.034527,
  1627.600,   244.952097,   461.606808,    -0.036643,
  1627.650,   166.191852,   358.092630,    -0.030149,
  1627.700,   100.771075,   262.795631,    -0.022320,
  1627.750,    50.932252,   181.288099,    -0.020351,
  1627.800,    21.424991,   113.143369,    -0.020298,
  1627.850,    12.191837,    59.884677,    -0.018354,
  1627.900,    15.219346,    26.164406,    -0.012927,
  1627.950,    19.837405,    13.388737,    -0.013456,
  1628.000,    20.525832,    14.807836,    -0.016386,
  1628.050,    17.672195,    19.605023,    -0.010059,
  1628.100,    12.483145,    20.976186,    -0.005063,
  1628.150,     4.596627,    18.573325,    -0.004822,
  1628.200,    -5.932951,    13.737354,    -0.007494,
  1628.250,   -17.101443,     6.294082,    -0.007073,
  1628.300,   -26.349431,    -3.942722,    -0.008055,
  1628.350,   -31.920725,   -15.291041,    -0.009366,
  1628.400,   -32.768473,   -25.115936,    -0.006572,
  1628.450,   -28.618212,   -31.509963,    -0.005221,
  1628.500,   -21.052851,   -33.304194,    -0.005086,
  1628.550,   -12.963244,   -29.992888,    -0.003615,
  1628.600,    -6.577490,   -22.742302,    -0.003286,
  1628.650,    -2.665482,   -14.414926,    -0.004287,
  1628.700,    -1.433355,    -7.483234,    -0.002868,
  1628.750,    -2.853081,    -2.984859,     0.001582,
  1628.800,    -6.137489,    -1.164252,     0.002241,
  1628.850,   -10.220620,    -2.118112,    -0.000226,
  1628.900,   -14.317582,    -5.174189,    -0.003952,
  1628.950,   -17.324784,    -9.286403,    -0.002977,
  1629.000,   -18.101598,   -13.634145,     0.000657,
  1629.050,   -16.677137,   -17.083424,     0.000375,
  1629.100,   -14.161862,   -18.429742,    -0.006540,
  1629.150,   -11.158788,   -17.405915,    -0.009641,
  1629.200,    -7.783277,   -14.983355,    -0.003783,
  1629.250,    -4.836366,   -11.998510,    -0.000518,
  1629.300,    -3.173245,    -8.593464,    -0.003066,
  1629.350,    -2.406610,    -5.354663,    -0.002269,
  1629.400,    -1.781781,    -3.324842,    -0.002751,
  1629.450,    -1.611819,    -2.418323,    -0.004920,
  1629.500,    -2.481579,    -1.744800,    -0.005853,
  1629.550,    -3.900437,    -1.435813,    -0.006409,
  1629.600,    -5.249611,    -2.146204,    -0.002084,
  1629.650,    -6.432246,    -3.579164,    -0.005063,
  1629.700,    -7.347198,    -5.007354,    -0.004374,
  1629.750,    -7.877728,    -6.289650,    -0.009398,
  1629.800,    -8.371770,    -7.321848,    -0.009480,
  1629.850,    -9.000088,    -7.916487,    -0.010668,
  1629.900,    -9.446478,    -8.401538,    -0.008979,
  1629.950,   -10.050471,    -9.063405,    -0.008390,
  1630.000,   -11.853908,    -9.528301,    -0.010525,
  1630.050,   -15.052600,    -9.995554,    -0.009586,
  1630.100,   -18.560021,   -11.552468,    -0.010698,
  1630.150,   -21.486614,   -14.581446,    -0.009845,
  1630.200,   -23.782716,   -18.110098,    -0.011937,
  1630.250,   -25.326464,   -21.159664,    -0.008412,
  1630.300,   -25.375973,   -23.552278,    -0.009380,
  1630.350,   -23.055331,   -25.200944,    -0.007586,
  1630.400,   -17.811350,   -25.526302,    -0.007791,
  1630.450,   -10.198869,   -23.619052,    -0.004040,
  1630.500,    -1.900528,   -18.819349,    -0.000773,
  1630.550,     5.397395,   -11.499617,     0.002446,
  1630.600,    10.592023,    -3.149112,    -0.000886,
  1630.650,    13.253836,     4.452853,     0.001865,
  1630.700,    13.504475,    10.046533,     0.003392,
  1630.750,    11.835447,    13.060233,     0.001200,
  1630.800,     8.884667,    13.620158,     0.004242,
  1630.850,     5.506524,    12.157680,     0.002066,
  1630.900,     2.795096,     9.274574,    -0.001220,
  1630.950,     1.396659,     5.856123,    -0.001985,
  1631.000,     1.441795,     2.993944,    -0.002611,
  1631.050,     2.548504,     1.406954,    -0.001787,
  1631.100,     3.761696,     1.309775,     0.001110,
  1631.150,     4.107223,     2.395546,     0.001159,
  1631.200,     3.609687,     3.763499,    -0.002897,
  1631.250,     2.871332,     4.322650,    -0.003128,
  1631.300,     2.007981,     3.926636,    -0.005148,
  1631.350,     0.966151,     3.166550,    -0.001952,
  1631.400,     0.090980,     2.265575,    -0.003897,
  1631.450,    -0.320540,     1.160862,    -0.004396,
  1631.500,    -0.285360,     0.170592,    -0.001968,
  1631.550,     0.014839,    -0.376537,    -0.009726,
  1631.600,     0.349697,    -0.448203,    -0.011296,
  1631.650,     0.489363,    -0.184167,    -0.011555,
  1631.700,     0.607801,     0.207198,    -0.006974,
  1631.750,     0.864834,     0.439720,    -0.011063,
  1631.800,     1.109129,     0.576219,    -0.012145,
  1631.850,     1.243834,     0.828175,    -0.013207,
  1631.900,     1.333037,     1.151283,    -0.008743,
  1631.950,     1.257663,     1.302174,    -0.009774,
  1632.000,     0.675093,     1.393799,    -0.007368,
  1632.050,    -0.225426,     1.363982,    -0.009356,
  1632.100,    -0.881045,     0.892051,    -0.010310,
  1632.150,    -0.792736,    -0.002850,    -0.003648,
  1632.200,    -0.052059,    -0.749953,    -0.010040,
  1632.250,     0.677869,    -0.775002,    -0.011885,
  1632.300,     0.783869,    -0.086435,    -0.004562,
  1632.350,     0.189906,     0.719788,    -0.007250,
  1632.400,    -0.684906,     0.976297,    -0.007642,
  1632.450,    -1.718138,     0.479779,    -0.003839,
  1632.500,    -2.775837,    -0.447088,    -0.002523,
  1632.550,    -3.647888,    -1.509570,    -0.002526,
  1632.600,    -4.032674,    -2.620741,    -0.002523,
  1632.650,    -3.595986,    -3.634282,    -0.003960,
  1632.700,    -2.400239,    -4.182021,    -0.004405,
  1632.750,    -0.820676,    -3.906807,    -0.001500,
  1632.800,     0.748546,    -2.793900,    -0.001433,
  1632.850,     1.986057,    -1.227206,    -0.000460,
  1632.900,     2.732158,     0.409447,    -0.002039,
  1632.950,     2.990249,     1.757836,    -0.000968,
  1633.000,     2.646001,     2.638111,    -0.005088,
  1633.050,     1.590080,     3.037544,    -0.004257,
  1633.100,     0.131615,     2.807701,    -0.007569,
  1633.150,    -0.949965,     1.846147,    -0.003429,
  1633.200,    -1.105541,     0.418482,    -0.002631,
  1633.250,    -0.436234,    -0.781082,    -0.002827,
  1633.300,     0.460510,    -1.114038,    -0.007585,
  1633.350,     1.088814,    -0.548134,    -0.009986,
  1633.400,     1.508513,     0.372960,    -0.004258,
  1633.450,     1.904389,     1.093779,    -0.003667,
  1633.500,     2.143591,     1.532629,    -0.006859,
  1633.550,     1.891498,     1.931117,    -0.009764,
  1633.600,     1.142253,     2.205702,    -0.010809,
  1633.650,     0.459537,     2.028786,    -0.008482,
  1633.700,     0.338595,     1.294591,    -0.005165,
  1633.750,     0.802241,     0.509281,    -0.004100,
  1633.800,     1.427889,     0.259539,    -0.004403,
  1633.850,     1.796982,     0.637703,    -0.011407,
  1633.900,     2.070419,     1.288410,    -0.009681,
  1633.950,     2.607280,     1.735328,    -0.003472,
  1634.000,     3.676564,     2.004661,    -0.007395,
  1634.050,     4.910637,     2.524687,    -0.004309,
  1634.100,     5.729964,     3.538086,    -0.003148,
  1634.150,     5.679436,     4.817174,    -0.003731,
  1634.200,     4.664674,     5.771806,    -0.004431,
  1634.250,     2.982911,     5.894634,    -0.006959,
  1634.300,     1.139749,     5.019867,    -0.008909,
  1634.350,    -0.444238,     3.374413,    -0.007600,
  1634.400,    -1.362909,     1.468931,    -0.005076,
  1634.450,    -1.514475,    -0.234864,    -0.009081,
  1634.500,    -0.972743,    -1.331142,    -0.009047,
  1634.550,     0.048684,    -1.620024,    -0.006316,
  1634.600,     1.141271,    -1.193751,    -0.009574,
  1634.650,     1.884625,    -0.221375,    -0.004154,
  1634.700,     2.058281,     0.944310,    -0.001704,
  1634.750,     1.931313,     1.802740,    -0.005027,
  1634.800,     1.734976,     2.103127,    -0.005054,
  1634.850,     1.384044,     1.980898,    -0.005985,
  1634.900,     0.604421,     1.834150,    -0.005141,
  1634.950,    -0.612145,     1.554471,     0.001454,
  1635.000,    -1.821677,     0.849765,    -0.006257,
  1635.050,    -2.490576,    -0.364628,    -0.002841,
  1635.100,    -2.251438,    -1.647068,     0.000742,
  1635.150,    -1.341547,    -2.463542,    -0.003057,
  1635.200,    -0.177374,    -2.393592,    -0.006925,
  1635.250,     0.919120,    -1.539666,    -0.008637,
  1635.300,     1.876406,    -0.367061,    -0.003771,
  1635.350,     2.568443,     0.786164,    -0.003721,
  1635.400,     2.823213,     1.800347,    -0.005391,
  1635.450,     2.650233,     2.567745,    -0.010449,
  1635.500,     2.512784,     2.857418,    -0.010616,
  1635.550,     2.870889,     2.729597,    -0.005697,
  1635.600,     3.780711,     2.507415,    -0.006172,
  1635.650,     5.005399,     2.725166,    -0.001577,
  1635.700,     6.243467,     3.536522,    -0.007539,
  1635.750,     7.324306,     4.719953,    -0.008825,
  1635.800,     8.092649,     5.978758,    -0.007004,
  1635.850,     8.327915,     7.139484,    -0.003204,
  1635.900,     7.854259,     8.018270,    -0.000602,
  1635.950,     6.560314,     8.408722,    -0.005895,
  1636.000,     4.494779,     8.099335,    -0.002896,
  1636.050,     2.130344,     6.992960,    -0.003919,
  1636.100,     0.070966,     5.083596,    -0.009269,
  1636.150,    -1.307929,     2.715300,    -0.006971,
  1636.200,    -2.067381,     0.553834,    -0.009077,
  1636.250,    -2.486780,    -0.974464,    -0.007715,
  1636.300,    -2.658468,    -1.866223,    -0.006191,
  1636.350,    -2.645230,    -2.360050,    -0.004915,
  1636.400,    -2.513707,    -2.625182,    -0.004876,
  1636.450,    -2.374404,    -2.683920,    -0.008357,
  1636.500,    -2.294870,    -2.569406,    -0.006911,
  1636.550,    -2.130465,    -2.462354,    -0.004262,
  1636.600,    -1.814327,    -2.381856,    -0.008735,
  1636.650,    -1.453049,    -2.249739,    -0.009646,
  1636.700,    -1.082540,    -1.943175,    -0.001402,
  1636.750,    -0.617632,    -1.563875,    -0.001437,
  1636.800,    -0.004880,    -1.173989,    -0.003332,
  1636.850,     0.744807,    -0.740138,    -0.004541,
  1636.900,     1.545011,    -0.124872,    -0.000802,
  1636.950,     2.439105,     0.609759,     0.000851,
  1637.000,     3.354106,     1.406203,    -0.007072,
  1637.050,     4.004385,     2.317221,    -0.003633,
  1637.100,     3.979945,     3.254949,    -0.000542,
  1637.150,     3.119962,     4.003688,     0.000578,
  1637.200,     1.653972,     4.135708,     0.001192,
  1637.250,     0.166325,     3.405202,    -0.000307,
  1637.300,    -0.988324,     1.985505,     0.000476,
  1637.350,    -1.612925,     0.434592,     0.002733,
  1637.400,    -1.644582,    -0.822254,     0.003974,
  1637.450,    -1.108710,    -1.575648,    -0.001217,
  1637.500,    -0.158273,    -1.729813,    -0.005013,
  1637.550,     0.927223,    -1.255113,     0.002230,
  1637.600,     1.862780,    -0.338612,     0.001428,
  1637.650,     2.492303,     0.763632,    -0.000564,
  1637.700,     2.969674,     1.740224,    -0.003215,
  1637.750,     3.276916,     2.460679,    -0.006595,
  1637.800,     3.294954,     2.958997,    -0.009429,
  1637.850,     3.036641,     3.299934,    -0.005255,
  1637.900,     2.714986,     3.385711,    -0.005341,
  1637.950,     2.413944,     3.162409,    -0.007953,
  1638.000,     2.035038,     2.824086,    -0.012147,
  1638.050,     1.525131,     2.523193,    -0.014287,
  1638.100,     0.951852,     2.167881,    -0.012071,
  1638.150,     0.458907,     1.673464,    -0.012447,
  1638.200,     0.211503,     1.097867,    -0.011749,
  1638.250,     0.210705,     0.595649,    -0.009099,
  1638.300,     0.263564,     0.267708,    -0.011559,
  1638.350,     0.154336,     0.215812,    -0.014140,
  1638.400,    -0.309638,     0.300757,    -0.008951,
  1638.450,    -0.925743,     0.210374,    -0.008013,
  1638.500,    -1.313090,    -0.234144,    -0.011139,
  1638.550,    -1.267011,    -0.859218,    -0.005610,
  1638.600,    -0.844479,    -1.345800,     0.000598,
  1638.650,    -0.103188,    -1.384178,    -0.004194,
  1638.700,     0.972744,    -1.020408,    -0.001398,
  1638.750,     2.285717,    -0.342018,    -0.000756,
  1638.800,     3.529385,     0.725234,     0.001427,
  1638.850,     4.419231,     2.078701,    -0.000272,
  1638.900,     4.853450,     3.398893,     0.001922,
  1638.950,     4.917891,     4.392974,     0.000172,
  1639.000,     4.527102,     4.958612,     0.006137,
  1639.050,     3.555623,     5.103479,     0.006510,
  1639.100,     1.942522,     4.824185,     0.008447,
  1639.150,    -0.127549,     3.945542,     0.006719,
  1639.200,    -2.204786,     2.410317,     0.003598,
  1639.250,    -3.848616,     0.343592,     0.000031,
  1639.300,    -4.850975,    -1.854028,     0.000584,
  1639.350,    -5.076512,    -3.661547,     0.000841,
  1639.400,    -4.436193,    -4.850082,     0.002176,
  1639.450,    -2.912499,    -5.255514,     0.001545,
  1639.500,    -0.779907,    -4.758078,    -0.005590,
  1639.550,     1.373886,    -3.317165,    -0.007976,
  1639.600,     3.085545,    -1.240698,    -0.003010,
  1639.650,     4.289950,     1.045305,    -0.008619,
  1639.700,     5.020893,     2.943423,    -0.012678,
  1639.750,     5.352128,     4.244858,    -0.009730,
  1639.800,     5.025721,     5.100088,    -0.004770,
  1639.850,     3.881364,     5.546860,    -0.008945,
  1639.900,     2.029406,     5.334418,    -0.016054,
  1639.950,    -0.085599,     4.304736,    -0.011453,
  1640.000,    -1.860003,     2.511987,    -0.005971,
  1640.050,    -2.817661,     0.352506,    -0.010516,
  1640.100,    -2.936146,    -1.575325,    -0.006216,
  1640.150,    -2.534440,    -2.746470,    -0.010854,
  1640.200,    -1.889797,    -3.031769,    -0.011436,
  1640.250,    -1.156855,    -2.697153,    -0.010466,
  1640.300,    -0.431152,    -2.044046,    -0.007314,
  1640.350,     0.077932,    -1.309203,    -0.006320,
  1640.400,     0.236486,    -0.531349,    -0.008339,
  1640.450,     0.231844,     0.062713,    -0.007436,
  1640.500,     0.447163,     0.293488,    -0.009660,
  1640.550,     1.123858,     0.269254,    -0.003768,
  1640.600,     2.205334,     0.404838,    -0.002397,
  1640.650,     3.194784,     1.032106,    -0.007887,
  1640.700,     3.841010,     2.062719,     0.001598,
  1640.750,     4.069237,     3.106748,     0.000077,
  1640.800,     4.018521,     3.840306,     0.001536,
  1640.850,     3.661794,     4.170689,     0.005479,
  1640.900,     2.884666,     4.128747,    -0.001126,
  1640.950,     1.654315,     3.825790,     0.001369,
  1641.000,     0.287986,     3.105605,     0.006318,
  1641.050,    -0.764257,     1.919317,    -0.003673,
  1641.100,    -1.106988,     0.499471,    -0.001735,
  1641.150,    -0.722830,    -0.655401,     0.004021,
  1641.200,     0.345860,    -1.180790,    -0.006938,
  1641.250,     1.957449,    -0.932680,    -0.002000,
  1641.300,     3.899992,     0.065962,     0.000665,
  1641.350,     5.822942,     1.640657,    -0.003180,
  1641.400,     7.279953,     3.587384,    -0.006693,
  1641.450,     7.681598,     5.627009,    -0.004963,
  1641.500,     6.739108,     7.283995,    -0.004002,
  1641.550,     4.885078,     7.929273,    -0.006124,
  1641.600,     2.761865,     7.229707,    -0.011017,
  1641.650,     0.875140,     5.437746,    -0.010402,
  1641.700,    -0.688126,     3.255428,    -0.007749,
  1641.750,    -2.085137,     1.287893,    -0.013242,
  1641.800,    -2.960704,    -0.430065,    -0.012232,
  1641.850,    -3.038482,    -1.912394,    -0.009917,
  1641.900,    -2.506464,    -2.921142,    -0.008155,
  1641.950,    -1.901554,    -3.164518,    -0.005983,
  1642.000,    -1.597610,    -2.711609,    -0.009270,
  1642.050,    -1.628523,    -2.023525,    -0.003788,
  1642.100,    -1.912136,    -1.612473,    -0.006938,
  1642.150,    -2.209467,    -1.626222,    -0.007607,
  1642.200,    -2.216645,    -1.895577,    -0.002342,
  1642.250,    -1.728683,    -2.231396,     0.000619,
  1642.300,    -0.504770,    -2.317654,    -0.006361,
  1642.350,     1.455722,    -1.902629,    -0.006664,
  1642.400,     3.783808,    -0.786280,    -0.000784,
  1642.450,     5.891256,     1.129492,     0.000892,
  1642.500,     7.103632,     3.499094,    -0.007360,
  1642.550,     6.985944,     5.749574,    -0.006524,
  1642.600,     5.520857,     7.199591,    -0.005916,
  1642.650,     3.146756,     7.364164,    -0.001634,
  1642.700,     0.474405,     6.108811,    -0.005445,
  1642.750,    -1.906793,     3.760737,    -0.003863,
  1642.800,    -3.794990,     1.035424,    -0.004744,
  1642.850,    -5.064493,    -1.500944,    -0.000558,
  1642.900,    -5.427901,    -3.580921,    -0.001338,
  1642.950,    -4.439395,    -5.075783,    -0.006495,
  1643.000,    -1.916594,    -5.654107,    -0.004001,
  1643.050,     1.604443,    -4.892246,    -0.006990,
  1643.100,     5.198865,    -2.572867,    -0.002280,
  1643.150,     8.009750,     0.931624,    -0.002233,
  1643.200,     9.380515,     4.734468,    -0.010212,
  1643.250,     9.071358,     7.863014,    -0.011086,
  1643.300,     7.170259,     9.581584,    -0.006439,
  1643.350,     4.156369,     9.571676,    -0.003860,
  1643.400,     0.696054,     7.899424,    -0.006046,
  1643.450,    -2.405875,     4.949290,    -0.002558,
  1643.500,    -4.446330,     1.389123,    -0.004733,
  1643.550,    -5.213109,    -1.934049,    -0.005487,
  1643.600,    -4.980002,    -4.311451,    -0.007208,
  1643.650,    -4.259628,    -5.354010,    -0.010183,
  1643.700,    -3.404591,    -5.268690,    -0.005456,
  1643.750,    -2.454946,    -4.557273,    -0.003275,
  1643.800,    -1.360454,    -3.695180,    -0.001979,
  1643.850,    -0.226561,    -2.738433,    -0.001775,
  1643.900,     0.722812,    -1.598857,    -0.003804,
  1643.950,     1.457981,    -0.426964,    -0.002237,
  1644.000,     2.029505,     0.606600,    -0.002585,
  1644.050,     2.595938,     1.409146,    -0.001112,
  1644.100,     2.966315,     2.057791,    -0.004451,
  1644.150,     3.146590,     2.602047,    -0.006305,
  1644.200,     3.107566,     3.052287,     0.000278,
  1644.250,     2.974472,     3.248419,    -0.001438,
  1644.300,     2.693841,     3.271796,    -0.004842,
  1644.350,     2.158432,     3.133470,     0.000782,
  1644.400,     1.207750,     2.880073,    -0.003174,
  1644.450,    -0.156546,     2.369453,    -0.006623,
  1644.500,    -1.722276,     1.468208,    -0.006870,
  1644.550,    -3.279644,     0.140516,    -0.013576,
  1644.600,    -4.537466,    -1.456805,    -0.009765,
  1644.650,    -5.169646,    -3.080571,    -0.009550,
  1644.700,    -4.816534,    -4.479910,    -0.011907,
  1644.750,    -3.430637,    -5.262017,    -0.007066,
  1644.800,    -1.245390,    -5.094079,    -0.010917,
  1644.850,     1.241437,    -3.856473,    -0.011146,
  1644.900,     3.635883,    -1.698483,    -0.008068,
  1644.950,     5.600361,     0.847717,    -0.006455,
  1645.000,     6.814522,     3.351845,    -0.003978,
  1645.050,     6.886519,     5.478878,    -0.000038,
  1645.100,     5.703258,     6.879348,    -0.003226,
  1645.150,     3.629404,     7.193092,    -0.002906,
  1645.200,     1.242180,     6.209300,    -0.005255,
  1645.250,    -0.809509,     4.192611,    -0.005679,
  1645.300,    -2.174371,     1.729110,    -0.001311,
  1645.350,    -2.718579,    -0.502945,    -0.001157,
  1645.400,    -2.429677,    -2.066343,     0.000703,
  1645.450,    -1.426518,    -2.800311,     0.000180,
  1645.500,    -0.103319,    -2.672023,    -0.004361,
  1645.550,     1.067978,    -1.756019,    -0.002804,
  1645.600,     1.718699,    -0.414681,    -0.001750,
  1645.650,     1.877756,     0.885057,    -0.005585,
  1645.700,     1.712896,     1.681047,    -0.008949,
  1645.750,     1.551086,     1.914041,    -0.005513,
  1645.800,     1.580692,     1.801556,    -0.002568,
  1645.850,     1.771630,     1.604196,    -0.006410,
  1645.900,     2.062842,     1.597945,    -0.006340,
  1645.950,     2.398634,     1.796716,    -0.007219,
  1646.000,     2.880976,     2.086455,    -0.003291,
  1646.050,     3.419485,     2.404416,    -0.002976,
  1646.100,     3.662543,     2.883028,    -0.004516,
  1646.150,     3.230752,     3.470125,    -0.003604,
  1646.200,     1.935672,     3.800494,    -0.001340,
  1646.250,    -0.049190,     3.519708,    -0.007737,
  1646.300,    -1.966693,     2.324408,    -0.010348,
  1646.350,    -3.436412,     0.377733,    -0.008122,
  1646.400,    -4.379632,    -1.639211,    -0.014296,
  1646.450,    -4.762623,    -3.273408,    -0.006685,
  1646.500,    -4.224322,    -4.368732,    -0.012860,
  1646.550,    -2.417048,    -4.902630,    -0.009283,
  1646.600,     0.528735,    -4.539004,    -0.009955,
  1646.650,     3.862312,    -2.895854,    -0.003832,
  1646.700,     6.563434,    -0.051166,    -0.006763,
  1646.750,     8.015216,     3.371334,    -0.011186,
  1646.800,     7.985307,     6.374152,    -0.007900,
  1646.850,     6.667849,     8.159886,    -0.004291,
  1646.900,     4.470683,     8.407146,    -0.001203,
  1646.950,     1.790741,     7.260378,    -0.003666,
  1647.000,    -0.928921,     5.100806,    -0.003292,
  1647.050,    -3.087666,     2.369490,    -0.002677,
  1647.100,    -4.076818,    -0.467867,    -0.004614,
  1647.150,    -3.676543,    -2.881076,    -0.003907,
  1647.200,    -2.280498,    -4.160517,    -0.001392,
  1647.250,    -0.483333,    -4.009448,     0.002054,
  1647.300,     1.254677,    -2.728079,    -0.000981,
  1647.350,     2.665205,    -0.931201,    -0.000585,
  1647.400,     3.472289,     0.907262,    -0.002029,
  1647.450,     3.478550,     2.466837,     0.000531,
  1647.500,     2.679814,     3.419829,    -0.002908,
  1647.550,     1.463002,     3.613173,    -0.001973,
  1647.600,     0.416183,     2.940241,    -0.000418,
  1647.650,     0.083172,     1.733533,    -0.003155,
  1647.700,     0.519755,     0.600073,    -0.004830,
  1647.750,     1.263952,     0.106117,    -0.003525,
  1647.800,     1.889621,     0.398465,    -0.009250,
  1647.850,     2.230105,     1.138148,    -0.007873,
  1647.900,     2.317463,     1.833618,    -0.004002,
  1647.950,     2.055849,     2.254569,    -0.007967,
  1648.000,     1.545443,     2.366573,    -0.012661,
  1648.050,     0.930153,     2.160168,    -0.013839,
  1648.100,     0.303923,     1.678289,    -0.011467,
  1648.150,    -0.221211,     1.088022,    -0.011494,
  1648.200,    -0.514159,     0.468325,    -0.009337,
  1648.250,    -0.419189,    -0.085080,    -0.014750,
  1648.300,     0.030961,    -0.424321,    -0.009765,
  1648.350,     0.767501,    -0.445310,    -0.006010,
  1648.400,     1.693706,    -0.052121,    -0.009077,
  1648.450,     2.631771,     0.676347,    -0.004113,
  1648.500,     3.310253,     1.592305,    -0.002029,
  1648.550,     3.501964,     2.568017,    -0.008019,
  1648.600,     2.870174,     3.345554,    -0.007214,
  1648.650,     1.458232,     3.660376,     0.003284,
  1648.700,    -0.221728,     3.156357,    -0.001364,
  1648.750,    -1.447453,     1.812877,    -0.001905,
  1648.800,    -1.864164,     0.100915,     0.006916,
  1648.850,    -1.603696,    -1.311793,     0.001030,
  1648.900,    -0.987300,    -1.930688,     0.001654,
  1648.950,    -0.090679,    -1.794235,     0.009904,
  1649.000,     0.993874,    -1.199253,     0.006437,
  1649.050,     2.096287,    -0.342031,     0.002003,
  1649.100,     2.883806,     0.771827,     0.000744,
  1649.150,     3.060301,     1.928787,    -0.003965,
  1649.200,     2.703767,     2.813558,    -0.000905,
  1649.250,     2.080905,     3.133130,    -0.000654,
  1649.300,     1.367472,     2.861016,    -0.002856,
  1649.350,     0.804687,     2.236333,    -0.001654,
  1649.400,     0.510490,     1.521251,    -0.006289,
  1649.450,     0.563396,     0.906289,    -0.007488,
  1649.500,     1.003082,     0.542241,    -0.007808,
  1649.550,     1.660527,     0.529363,    -0.013764,
  1649.600,     2.311085,     0.919639,    -0.014119,
  1649.650,     2.716398,     1.593277,    -0.019381,
  1649.700,     2.677733,     2.286626,    -0.015417,
  1649.750,     2.181416,     2.769640,    -0.015000,
  1649.800,     1.386358,     2.829136,    -0.014279,
  1649.850,     0.575211,     2.390700,    -0.007938,
  1649.900,    -0.042579,     1.623867,    -0.010735,
  1649.950,    -0.333044,     0.734181,    -0.012483,
  1650.000,    -0.256899,     0.053056,    -0.009822,
  1650.050,     0.293563,    -0.300182,    -0.007608,
  1650.100,     1.282643,    -0.330311,    -0.005951,
  1650.150,     2.367533,     0.160527,    -0.010185,
  1650.200,     3.396716,     1.115636,    -0.006322,
  1650.250,     4.204790,     2.248310,    -0.006530,
  1650.300,     4.710848,     3.317872,     0.002898,
  1650.350,     4.571721,     4.218050,    -0.003014,
  1650.400,     3.551413,     4.802698,    -0.007642,
  1650.450,     1.770800,     4.799560,    -0.002599,
  1650.500,    -0.309924,     3.937437,     0.001230,
  1650.550,    -2.235763,     2.234988,     0.000522,
  1650.600,    -3.557395,     0.093360,     0.004019,
  1650.650,    -3.914598,    -1.962899,     0.001712,
  1650.700,    -3.150585,    -3.475688,     0.000645,
  1650.750,    -1.484141,    -4.036231,     0.002736,
  1650.800,     0.479551,    -3.473809,    -0.002154,
  1650.850,     1.975805,    -1.886582,     0.001615,
  1650.900,     2.661786,     0.126319,    -0.000153,
  1650.950,     2.567157,     1.818449,    -0.005568,
  1651.000,     1.912199,     2.693813,    -0.002030,
  1651.050,     1.032261,     2.733047,    -0.005315,
  1651.100,    -0.040794,     2.152289,    -0.008849,
  1651.150,    -1.089963,     1.258361,    -0.008574,
  1651.200,    -1.868170,     0.158188,    -0.013397,
  1651.250,    -2.201114,    -0.942973,    -0.009504,
  1651.300,    -2.018471,    -1.804075,    -0.009304,
  1651.350,    -1.360522,    -2.231281,    -0.009011,
  1651.400,    -0.363272,    -2.134919,    -0.009242,
  1651.450,     0.747540,    -1.592647,    -0.012047,
  1651.500,     1.542006,    -0.586536,    -0.014383,
  1651.550,     1.794744,     0.569924,    -0.012560,
  1651.600,     1.619171,     1.485851,    -0.005098,
  1651.650,     1.148457,     1.863712,    -0.003946,
  1651.700,     0.590823,     1.731539,    -0.004806,
  1651.750,     0.254669,     1.275343,    -0.011670,
  1651.800,     0.401812,     0.735871,    -0.007702,
  1651.850,     0.964388,     0.323951,    -0.002486,
  1651.900,     1.684726,     0.344839,     0.000495,
  1651.950,     2.248207,     0.881324,    -0.003338,
  1652.000,     2.521340,     1.640736,    -0.006644,
  1652.050,     2.423216,     2.277143,    -0.005972,
  1652.100,     1.973215,     2.580827,    -0.003066,
  1652.150,     1.107127,     2.568938,    -0.004796,
  1652.200,    -0.028185,     2.170394,    -0.005772,
  1652.250,    -0.992452,     1.352140,    -0.004794,
  1652.300,    -1.359166,     0.204674,    -0.004097,
  1652.350,    -0.877908,    -0.882404,    -0.000922,
  1652.400,     0.298834,    -1.414204,    -0.001921,
  1652.450,     1.643303,    -1.075575,    -0.003782,
  1652.500,     2.669182,     0.051595,    -0.003164,
  1652.550,     3.265287,     1.459865,    -0.006521,
  1652.600,     3.345211,     2.605237,     0.000480,
  1652.650,     2.915235,     3.283422,    -0.000960,
  1652.700,     2.006470,     3.466495,    -0.005620,
  1652.750,     0.720078,     3.142623,    -0.003928,
  1652.800,    -0.630552,     2.283277,    -0.000942,
  1652.850,    -1.677334,     0.979266,    -0.007173,
  1652.900,    -2.152109,    -0.404800,    -0.001751,
  1652.950,    -2.027441,    -1.550247,    -0.006711,
  1653.000,    -1.438704,    -2.182721,    -0.003578,
  1653.050,    -0.590590,    -2.153554,    -0.006445,
  1653.100,     0.443775,    -1.634214,    -0.006187,
  1653.150,     1.653661,    -0.797085,    -0.006340,
  1653.200,     2.764188,     0.248118,    -0.008274,
  1653.250,     3.498200,     1.459119,    -0.008779,
  1653.300,     3.682352,     2.663853,    -0.003749,
  1653.350,     3.443690,     3.522087,    -0.005743,
  1653.400,     2.928601,     3.822955,    -0.008535,
  1653.450,     2.287050,     3.637938,    -0.009192,
  1653.500,     1.616995,     3.161850,    -0.009560,
  1653.550,     1.087108,     2.520111,    -0.007678,
  1653.600,     0.905346,     1.814874,    -0.012559,
  1653.650,     1.196541,     1.234400,    -0.011891,
  1653.700,     1.754750,     0.964248,    -0.010595,
  1653.750,     2.293593,     1.153447,    -0.003084,
  1653.800,     2.416266,     1.694563,    -0.004712,
  1653.850,     1.974427,     2.303654,    -0.011051,
  1653.900,     1.156483,     2.495366,    -0.008441,
  1653.950,     0.198013,     2.154924,    -0.007331,
  1654.000,    -0.630891,     1.370564,    -0.007935,
  1654.050,    -1.074137,     0.382061,    -0.003393,
  1654.100,    -0.933306,    -0.531363,    -0.010808,
  1654.150,    -0.219417,    -1.062805,    -0.004553,
  1654.200,     0.852719,    -1.035515,    -0.001710,
  1654.250,     2.093125,    -0.385731,    -0.003045,
  1654.300,     3.275843,     0.691815,    -0.003721,
  1654.350,     4.024513,     1.933382,     0.001741,
  1654.400,     4.222606,     3.167818,     0.003126,
  1654.450,     3.869499,     4.040509,    -0.003970,
  1654.500,     3.203097,     4.375167,    -0.000428,
  1654.550,     2.333948,     4.107046,     0.003411,
  1654.600,     1.278075,     3.441271,    -0.002286,
  1654.650,     0.113057,     2.591825,    -0.001154,
  1654.700,    -0.990317,     1.536290,    -0.002058,
  1654.750,    -1.713991,     0.339489,    -0.003012,
  1654.800,    -1.925422,    -0.839023,    -0.003613,
  1654.850,    -1.683209,    -1.675263,    -0.007434,
  1654.900,    -1.132343,    -1.996982,    -0.007304,
  1654.950,    -0.267794,    -1.820432,    -0.004526,
  1655.000,     0.797895,    -1.270407,    -0.001287,
  1655.050,     2.003156,    -0.493290,    -0.008423,
  1655.100,     3.038085,     0.607018,    -0.009034,
  1655.150,     3.705864,     1.841395,    -0.004742,
  1655.200,     3.986645,     2.976855,    -0.010680,
  1655.250,     3.943591,     3.762788,    -0.005028,
  1655.300,     3.610319,     4.141734,    -0.008223,
  1655.350,     2.927180,     4.145293,    -0.011007,
  1655.400,     1.871409,     3.864822,    -0.011976,
  1655.450,     0.564110,     3.244388,    -0.011387,
  1655.500,    -0.656919,     2.195073,    -0.009256,
  1655.550,    -1.509052,     0.900733,    -0.005118,
  1655.600,    -1.800624,    -0.429988,    -0.011225,
  1655.650,    -1.675396,    -1.408666,    -0.009819,
  1655.700,    -1.385263,    -1.807847,    -0.006699,
  1655.750,    -0.977165,    -1.769096,    -0.008028,
  1655.800,    -0.436340,    -1.473016,    -0.010089,
  1655.850,     0.230009,    -1.085380,    -0.008001,
  1655.900,     1.059291,    -0.577102,    -0.007547,
  1655.950,     2.020364,     0.080463,    -0.003635,
  1656.000,     2.920707,     0.942668,     0.001169,
  1656.050,     3.709125,     1.876642,     0.002370,
  1656.100,     4.148426,     2.847501,     0.005307,
  1656.150,     3.954388,     3.721898,     0.006536,
  1656.200,     2.995200,     4.248206,     0.004494,
  1656.250,     1.545522,     4.202214,     0.004307,
  1656.300,    -0.000970,     3.353246,     0.004140,
  1656.350,    -1.196471,     1.916903,     0.004077,
  1656.400,    -1.993757,     0.319465,     0.002942,
  1656.450,    -2.410331,    -1.015867,    -0.000054,
  1656.500,    -2.562414,    -1.926385,    -0.001342,
  1656.550,    -2.486558,    -2.433142,    -0.004106,
  1656.600,    -2.304968,    -2.618615,     0.001323,
  1656.650,    -2.023475,    -2.587156,    -0.002663,
  1656.700,    -1.515547,    -2.401076,    -0.005459,
  1656.750,    -0.693493,    -2.161640,    -0.007345,
  1656.800,     0.459619,    -1.677688,    -0.009265,
  1656.850,     1.621746,    -0.860168,    -0.009291,
  1656.900,     2.573065,     0.249309,    -0.016517,
  1656.950,     3.027247,     1.487038,    -0.013676,
  1657.000,     2.905913,     2.530050,    -0.012056,
  1657.050,     2.309563,     3.091155,    -0.016735,
  1657.100,     1.507947,     3.094993,    -0.011273,
  1657.150,     0.656952,     2.552871,    -0.014757,
  1657.200,    -0.045303,     1.766720,    -0.013931,
  1657.250,    -0.462851,     0.884781,    -0.010601,
  1657.300,    -0.656902,     0.133546,    -0.009538,
  1657.350,    -0.545932,    -0.366438,    -0.005391,
  1657.400,    -0.262057,    -0.600281,    -0.006658,
  1657.450,     0.125080,    -0.555912,     0.000455,
  1657.500,     0.424074,    -0.281646,     0.000519,
  1657.550,     0.470934,     0.095342,    -0.004025,
  1657.600,     0.275162,     0.421960,    -0.000623,
  1657.650,     0.183062,     0.527875,    -0.001558,
  1657.700,     0.362816,     0.364514,    -0.005515,
  1657.750,     0.797758,     0.217246,     0.000381,
  1657.800,     1.294044,     0.330583,     0.005606,
  1657.850,     1.740652,     0.759865,    -0.001175,
  1657.900,     2.018082,     1.271932,     0.004684,
  1657.950,     1.944152,     1.754661,     0.004236,
  1658.000,     1.601704,     2.053071,     0.001463,
  1658.050,     1.112814,     2.051475,     0.003911,
  1658.100,     0.617501,     1.749968,    -0.007278,
  1658.150,     0.209725,     1.257728,    -0.008065,
  1658.200,    -0.185636,     0.738166,    -0.004602,
  1658.250,    -0.467797,     0.284834,    -0.003313,
  1658.300,    -0.570580,    -0.112484,    -0.005916,
  1658.350,    -0.458303,    -0.434638,    -0.000327,
  1658.400,    -0.170901,    -0.599247,    -0.007846,
  1658.450,     0.258210,    -0.513607,    -0.011128,
  1658.500,     0.862111,    -0.238587,    -0.010535,
  1658.550,     1.897399,     0.133237,    -0.007388,
  1658.600,     3.380371,     0.732043,    -0.009482,
  1658.650,     5.097719,     1.685146,    -0.012897,
  1658.700,     6.601588,     3.120261,    -0.013928,
  1658.750,     7.409999,     4.878546,    -0.013877,
  1658.800,     7.382803,     6.469332,    -0.009356,
  1658.850,     6.598462,     7.482532,    -0.011752,
  1658.900,     5.393612,     7.620730,    -0.011922,
  1658.950,     4.027063,     6.938656,    -0.004316,
  1659.000,     2.705396,     5.741972,    -0.008693,
  1659.050,     1.623531,     4.359323,    -0.006579,
  1659.100,     0.936538,     2.981788,    -0.004790,
  1659.150,     0.748720,     1.775527,    -0.001313,
  1659.200,     1.012837,     0.980509,     0.002208,
  1659.250,     1.469175,     0.699717,    -0.001527,
  1659.300,     2.040724,     0.885243,     0.003676,
  1659.350,     2.606197,     1.351445,    -0.003489,
  1659.400,     3.184476,     1.931611,    -0.000559,
  1659.450,     3.673008,     2.507167,     0.002561,
  1659.500,     3.769839,     3.134061,     0.001665,
  1659.550,     3.452089,     3.689834,    -0.000867,
  1659.600,     2.849340,     3.875714,     0.004208,
  1659.650,     2.170602,     3.622396,     0.000750,
  1659.700,     1.327400,     3.076737,     0.001896,
  1659.750,     0.224140,     2.395314,     0.003849,
  1659.800,    -0.990237,     1.571273,     0.001050,
  1659.850,    -2.093088,     0.503013,     0.000090,
  1659.900,    -2.892703,    -0.738879,     0.001768,
  1659.950,    -3.259356,    -1.913048,    -0.005697,
  1660.000,    -3.117007,    -2.798245,    -0.011336,
  1660.050,    -2.695054,    -3.224781,    -0.009248,
  1660.100,    -2.039591,    -3.221053,    -0.008752,
  1660.150,    -1.344721,    -2.804620,    -0.010027,
  1660.200,    -0.815193,    -2.148245,    -0.010643,
  1660.250,    -0.427476,    -1.410656,    -0.008254,
  1660.300,    -0.218786,    -0.797256,    -0.006213,
  1660.350,    -0.204103,    -0.388298,    -0.009665,
  1660.400,    -0.289568,    -0.171309,    -0.005475,
  1660.450,    -0.242217,    -0.143347,    -0.010294,
  1660.500,     0.126523,    -0.234229,    -0.007431,
  1660.550,     0.820082,    -0.228577,    -0.007412,
  1660.600,     1.541798,     0.068801,    -0.005684,
  1660.650,     1.955412,     0.701912,    -0.002839,
  1660.700,     1.939780,     1.453997,    -0.004661,
  1660.750,     1.571618,     1.984452,    -0.000385,
  1660.800,     1.108120,     2.009002,     0.000066,
  1660.850,     0.731029,     1.682645,    -0.003923,
  1660.900,     0.552138,     1.189318,    -0.000996,
  1660.950,     0.585788,     0.793602,     0.000866,
  1661.000,     1.026134,     0.557561,    -0.004779,
  1661.050,     1.809299,     0.544060,     0.000166,
  1661.100,     2.715287,     0.916237,     0.000217,
  1661.150,     3.382337,     1.670847,    -0.000987,
  1661.200,     3.577858,     2.608497,     0.000730,
  1661.250,     3.362440,     3.331257,    -0.002378,
  1661.300,     3.005484,     3.644647,    -0.006950,
  1661.350,     2.652705,     3.527449,    -0.002762,
  1661.400,     2.195292,     3.179844,    -0.005454,
  1661.450,     1.628952,     2.787319,    -0.006938,
  1661.500,     1.024810,     2.367567,    -0.003493,
  1661.550,     0.605133,     1.812792,    -0.003800,
  1661.600,     0.468664,     1.181724,    -0.004667,
  1661.650,     0.419121,     0.711117,    -0.002991,
  1661.700,     0.216082,     0.530947,    -0.007409,
  1661.750,    -0.241871,     0.488361,    -0.001021,
  1661.800,    -0.783689,     0.321276,     0.001583,
  1661.850,    -1.279755,    -0.099044,    -0.005873,
  1661.900,    -1.747859,    -0.638216,    -0.007288,
  1661.950,    -2.221679,    -1.168492,     0.001405,
  1662.000,    -2.633082,    -1.642323,    -0.006178,
  1662.050,    -2.846796,    -2.128541,    -0.005385,
  1662.100,    -2.634163,    -2.609287,    -0.009614,
  1662.150,    -1.965264,    -2.854005,    -0.009075,
  1662.200,    -0.897559,    -2.758244,    -0.009548,
  1662.250,     0.330652,    -2.142191,    -0.004803,
  1662.300,     1.382250,    -1.104436,    -0.007969,
  1662.350,     2.133026,     0.149055,    -0.003372,
  1662.400,     2.551435,     1.298726,    -0.010682,
  1662.450,     2.549982,     2.152069,    -0.010125,
  1662.500,     2.079317,     2.652522,    -0.010216,
  1662.550,     1.200834,     2.712479,    -0.006208,
  1662.600,     0.053599,     2.335582,    -0.005215,
  1662.650,    -1.051273,     1.505367,    -0.006948,
  1662.700,    -1.718555,     0.331977,    -0.004197,
  1662.750,    -1.803881,    -0.850503,    -0.003651,
  1662.800,    -1.329303,    -1.663087,    -0.003850,
  1662.850,    -0.436032,    -1.851653,    -0.005526,
  1662.900,     0.680311,    -1.462013,    -0.007015,
  1662.950,     1.716392,    -0.657694,    -0.005097,
  1663.000,     2.429996,     0.470056,    -0.005063,
  1663.050,     2.487487,     1.611680,    -0.002096,
  1663.100,     2.046447,     2.417804,    -0.003182,
  1663.150,     1.355816,     2.618604,    -0.002464,
  1663.200,     0.739771,     2.236875,     0.001031,
  1663.250,     0.209216,     1.566728,     0.000341,
  1663.300,    -0.213576,     0.909070,    -0.001807,
  1663.350,    -0.574428,     0.335290,     0.004834,
  1663.400,    -0.712412,    -0.128584,     0.003671,
  1663.450,    -0.615166,    -0.489109,     0.001974,
  1663.500,    -0.348511,    -0.683536,    -0.003560,
  1663.550,     0.051787,    -0.652590,    -0.006839,
  1663.600,     0.492395,    -0.385626,     0.000166,
  1663.650,     0.899798,    -0.017839,    -0.005048,
  1663.700,     1.180297,     0.444444,    -0.009453,
  1663.750,     1.200833,     0.892524,    -0.004661,
  1663.800,     1.033922,     1.193859,    -0.005345,
  1663.850,     0.761428,     1.264822,    -0.001407,
  1663.900,     0.626715,     1.118718,    -0.005062,
  1663.950,     0.740290,     0.847465,    -0.006943,
  1664.000,     1.083985,     0.643507,    -0.012338,
  1664.050,     1.576247,     0.751317,    -0.009233,
  1664.100,     2.139688,     1.032894,    -0.011025,
  1664.150,     2.779302,     1.532328,    -0.005359,
  1664.200,     3.380369,     2.102100,    -0.011566,
  1664.250,     3.826632,     2.741598,    -0.007291,
  1664.300,     4.138733,     3.404021,    -0.006381,
  1664.350,     4.368814,     3.894127,    -0.008601,
  1664.400,     4.634982,     4.234944,    -0.005565,
  1664.450,     4.850985,     4.445565,    -0.003859,
  1664.500,     4.990034,     4.695064,    -0.008409,
  1664.550,     5.068188,     4.922722,    -0.009608,
  1664.600,     5.382059,     5.032285,    -0.002903,
  1664.650,     6.043376,     5.117767,    -0.003848,
  1664.700,     6.874107,     5.328032,    -0.003333,
  1664.750,     7.487810,     5.959065,    -0.003014,
  1664.800,     7.598616,     6.803674,    -0.005086,
  1664.850,     7.329348,     7.490072,    -0.003914,
  1664.900,     6.841651,     7.701104,    -0.002621,
  1664.950,     6.294987,     7.466733,    -0.002719,
  1665.000,     5.669689,     7.052562,     0.003169,
  1665.050,     5.028760,     6.525639,     0.002784,
  1665.100,     4.582236,     5.904659,    -0.002554,
  1665.150,     4.444496,     5.249139,    -0.000649,
  1665.200,     4.416955,     4.756499,    -0.003711,
  1665.250,     4.256089,     4.576828,    -0.005439,
  1665.300,     3.854129,     4.564673,    -0.009716,
  1665.350,     3.186440,     4.464241,    -0.004967,
  1665.400,     2.222493,     4.136214,    -0.007699,
  1665.450,     1.035758,     3.484737,    -0.010285,
  1665.500,    -0.253437,     2.536612,    -0.007716,
  1665.550,    -1.464900,     1.379757,    -0.009782,
  1665.600,    -2.481467,     0.066283,    -0.008231,
  1665.650,    -3.109490,    -1.190168,    -0.005264,
  1665.700,    -3.334010,    -2.290469,    -0.011716,
  1665.750,    -3.136455,    -3.057807,    -0.011081,
  1665.800,    -2.626149,    -3.343942,    -0.009785,
  1665.850,    -2.112974,    -3.233995,    -0.004158,
  1665.900,    -1.795602,    -2.801798,    -0.006533,
  1665.950,    -1.836020,    -2.240085,    -0.003498,
  1666.000,    -2.267981,    -1.840208,    -0.007917,
  1666.050,    -2.933923,    -1.816641,    -0.006212,
  1666.100,    -3.773368,    -2.159055,    -0.001982,
  1666.150,    -4.597385,    -2.810039,    -0.002781,
  1666.200,    -5.273274,    -3.625061,     0.000990,
  1666.250,    -5.593113,    -4.496968,     0.001124,
  1666.300,    -5.407268,    -5.200080,     0.005827,
  1666.350,    -4.782533,    -5.598534,    -0.001203,
  1666.400,    -3.922874,    -5.491304,     0.001692,
  1666.450,    -2.954432,    -4.919563,     0.002943,
  1666.500,    -2.051438,    -4.049773,     0.000822,
  1666.550,    -1.453073,    -3.068452,    -0.000710,
  1666.600,    -1.272433,    -2.156278,     0.002058,
  1666.650,    -1.729704,    -1.446474,     0.001505,
  1666.700,    -2.860221,    -1.194588,    -0.000684,
  1666.750,    -4.233775,    -1.559614,    -0.007512,
  1666.800,    -5.385731,    -2.610727,    -0.006042,
  1666.850,    -5.830231,    -4.017934,    -0.007325,
  1666.900,    -5.488861,    -5.278189,    -0.008654,
  1666.950,    -4.512724,    -5.879807,    -0.012354,
  1667.000,    -3.116049,    -5.673035,    -0.007452,
  1667.050,    -1.689617,    -4.734952,    -0.015917,
  1667.100,    -0.605915,    -3.323569,    -0.010969,
  1667.150,    -0.114099,    -1.801270,    -0.014704,
  1667.200,    -0.197264,    -0.609589,    -0.006847,
  1667.250,    -0.596894,     0.036913,    -0.008283,
  1667.300,    -0.965020,     0.033841,    -0.015580,
  1667.350,    -0.938401,    -0.348014,    -0.011382,
  1667.400,    -0.551947,    -0.789643,    -0.013181,
  1667.450,     0.033869,    -0.890134,    -0.002044,
  1667.500,     0.689634,    -0.600818,    -0.005058,
  1667.550,     1.284662,    -0.031359,    -0.006836,
  1667.600,     1.822105,     0.591116,     0.001528,
  1667.650,     2.263466,     1.222721,    -0.003750,
  1667.700,     2.604420,     1.755580,     0.002767,
  1667.750,     2.955317,     2.199291,    -0.004283,
  1667.800,     3.425093,     2.543486,     0.001337,
  1667.850,     4.023167,     2.887557,     0.003710,
  1667.900,     4.886754,     3.308350,     0.006683,
  1667.950,     5.868118,     3.920214,    -0.001524,
  1668.000,     6.822963,     4.728247,     0.000557,
  1668.050,     7.505636,     5.719417,     0.003064,
  1668.100,     7.947418,     6.709065,    -0.001506,
  1668.150,     8.264443,     7.467423,    -0.004473,
  1668.200,     8.512993,     7.970446,    -0.004140,
  1668.250,     8.514492,     8.313012,    -0.005565,
  1668.300,     8.003059,     8.562235,    -0.002214,
  1668.350,     6.899700,     8.631434,    -0.004147,
  1668.400,     5.448632,     8.193162,    -0.009506,
  1668.450,     4.101226,     7.142518,    -0.008359,
  1668.500,     3.063677,     5.719724,    -0.009891,
  1668.550,     2.406292,     4.280513,    -0.017588,
  1668.600,     2.216073,     3.139489,    -0.012342,
  1668.650,     2.568476,     2.404705,    -0.017782,
  1668.700,     3.298645,     2.141270,    -0.006157,
  1668.750,     4.136255,     2.421571,    -0.012033,
  1668.800,     4.658597,     3.134096,    -0.014434,
  1668.850,     4.780921,     4.018293,    -0.007520,
  1668.900,     4.557331,     4.675298,    -0.008508,
  1668.950,     4.034539,     4.926007,    -0.008722,
  1669.000,     3.167849,     4.776860,    -0.000074,
  1669.050,     2.108607,     4.290919,    -0.005314,
  1669.100,     1.136469,     3.477075,    -0.002315,
  1669.150,     0.470851,     2.435359,    -0.005090,
  1669.200,     0.248631,     1.399322,    -0.002742,
  1669.250,     0.302168,     0.704683,     0.000800,
  1669.300,     0.396673,     0.384288,    -0.000352,
  1669.350,     0.429431,     0.402077,     0.002151,
  1669.400,     0.412802,     0.480567,    -0.000356,
  1669.450,     0.382438,     0.503144,     0.001814,
  1669.500,     0.287848,     0.467499,     0.000698,
  1669.550,     0.066344,     0.427364,    -0.002139,
  1669.600,    -0.168164,     0.342480,     0.004475,
  1669.650,    -0.324082,     0.136505,    -0.001514,
  1669.700,    -0.348182,    -0.118072,    -0.004209,
  1669.750,    -0.277878,    -0.314044,     0.000327,
  1669.800,    -0.082710,    -0.345427,    -0.004799,
  1669.850,     0.222817,    -0.283695,    -0.009521,
  1669.900,     0.631012,    -0.104249,    -0.004451,
  1669.950,     0.978234,     0.193024,    -0.013896,
  1670.000,     1.141870,     0.620873,    -0.011241,
  1670.050,     0.909302,     1.022045,    -0.007771,
  1670.100,     0.234356,     1.255514,    -0.003352,
  1670.150,    -0.797049,     1.085880,    -0.006369,
  1670.200,    -2.020632,     0.484390,    -0.009815,
  1670.250,    -3.273005,    -0.519557,    -0.006593,
  1670.300,    -4.306151,    -1.744034,    -0.006586,
  1670.350,    -4.865693,    -3.052837,    -0.008910,
  1670.400,    -4.646448,    -4.192625,    -0.008605,
  1670.450,    -3.721280,    -4.871893,    -0.005705,
  1670.500,    -2.331420,    -4.825682,    -0.008264,
  1670.550,    -0.782350,    -4.000582,    -0.003161,
  1670.600,     0.741401,    -2.658568,    -0.005383,
  1670.650,     2.074132,    -1.071755,    -0.004024,
  1670.700,     3.024983,     0.485978,    -0.005558,
  1670.750,     3.336839,     1.894552,    -0.000664,
  1670.800,     3.047979,     2.933516,     0.002244,
  1670.850,     2.257502,     3.411537,    -0.002095,
  1670.900,     1.221717,     3.192661,     0.004611,
  1670.950,     0.250009,     2.448630,    -0.002574,
  1671.000,    -0.542981,     1.430026,    -0.006185,
  1671.050,    -0.964180,     0.408478,    -0.000617,
  1671.100,    -0.955667,    -0.451436,    -0.002354,
  1671.150,    -0.503034,    -0.960817,    -0.003987,
  1671.200,     0.250259,    -1.060193,    -0.001687,
  1671.250,     1.063441,    -0.663694,    -0.008195,
  1671.300,     1.818667,     0.062822,    -0.004152,
  1671.350,     2.535409,     0.883004,    -0.003640,
  1671.400,     3.200372,     1.683465,    -0.005296,
  1671.450,     3.805133,     2.433776,    -0.005297,
  1671.500,     4.482105,     3.137004,    -0.010550,
  1671.550,     5.229446,     3.789860,    -0.004658,
  1671.600,     5.810985,     4.497620,    -0.009643,
  1671.650,     6.040709,     5.222535,    -0.009180,
  1671.700,     5.725870,     5.901816,    -0.010761,
  1671.750,     5.040225,     6.195639,    -0.011795,
  1671.800,     4.122531,     5.981187,    -0.007027,
  1671.850,     3.043637,     5.335014,    -0.012777,
  1671.900,     1.869433,     4.410735,    -0.009873,
  1671.950,     0.749705,     3.321650,    -0.004159,
  1672.000,    -0.172683,     2.132569,    -0.004267,
  1672.050,    -0.760832,     0.935982,    -0.002384,
  1672.100,    -0.956988,    -0.097018,    -0.002514,
  1672.150,    -0.612734,    -0.778452,    -0.003875,
  1672.200,     0.284471,    -1.038260,    -0.004065,
  1672.250,     1.696311,    -0.783239,    -0.000632,
  1672.300,     3.331540,     0.004783,     0.001328,
  1672.350,     4.706663,     1.387401,    -0.000582,
  1672.400,     5.457877,     3.077046,     0.001292,
  1672.450,     5.395889,     4.595813,    -0.000405,
  1672.500,     4.591323,     5.531017,     0.003158,
  1672.550,     3.205512,     5.600975,     0.000958,
  1672.600,     1.621374,     4.902975,    -0.002730,
  1672.650,     0.146532,     3.582044,    -0.005445,
  1672.700,    -0.954357,     1.961807,    -0.007345,
  1672.750,    -1.590338,     0.388899,    -0.005114,
  1672.800,    -1.785381,    -0.792903,    -0.004081,
  1672.850,    -1.576254,    -1.559035,    -0.001270,
  1672.900,    -1.029236,    -1.835454,    -0.001334,
  1672.950,    -0.364169,    -1.664866,    -0.005109,
  1673.000,     0.293016,    -1.176190,    -0.005949,
  1673.050,     0.832281,    -0.496011,    -0.009703,
  1673.100,     1.209971,     0.210725,    -0.005903,
  1673.150,     1.440649,     0.794993,    -0.000616,
  1673.200,     1.558187,     1.214705,    -0.010391,
  1673.250,     1.697649,     1.474065,    -0.006793,
  1673.300,     1.819024,     1.639771,    -0.006943,
  1673.350,     1.940338,     1.766697,    -0.006527,
  1673.400,     2.072458,     1.904042,    -0.005261,
  1673.450,     2.027658,     2.052326,    -0.006884,
  1673.500,     1.845787,     2.186667,    -0.007542,
  1673.550,     1.485272,     2.189667,    -0.007712,
  1673.600,     0.940432,     2.027777,    -0.010089,
  1673.650,     0.200537,     1.665004,    -0.002149,
  1673.700,    -0.638782,     1.127236,    -0.003185,
  1673.750,    -1.465712,     0.401514,    -0.004881,
  1673.800,    -2.195133,    -0.456556,    -0.002673,
  1673.850,    -2.688544,    -1.329903,    -0.001925,
  1673.900,    -2.774071,    -2.109243,     0.001853,
  1673.950,    -2.351313,    -2.672158,    -0.002976,
  1674.000,    -1.409338,    -2.853025,     0.000794,
  1674.050,    -0.228975,    -2.533091,    -0.004976,
  1674.100,     0.989922,    -1.651755,    -0.005691,
  1674.150,     2.119787,    -0.453523,    -0.002494,
  1674.200,     2.946759,     0.815121,    -0.004198,
  1674.250,     3.260174,     1.977493,    -0.008356,
  1674.300,     2.988433,     2.902698,    -0.006126,
  1674.350,     2.248499,     3.339133,    -0.005614,
  1674.400,     1.454196,     3.147577,    -0.008692,
  1674.450,     0.839691,     2.474950,    -0.001761,
  1674.500,     0.502606,     1.639727,    -0.002842,
  1674.550,     0.331794,     0.968594,    -0.004592,
  1674.600,     0.220907,     0.576112,    -0.004176,
  1674.650,     0.285319,     0.331323,    -0.007342,
  1674.700,     0.470994,     0.255601,    -0.008180,
  1674.750,     0.713868,     0.251998,    -0.001140,
  1674.800,     0.966826,     0.431632,    -0.011468,
  1674.850,     1.240259,     0.652575,    -0.006287,
  1674.900,     1.656599,     0.917843,    -0.005475,
  1674.950,     2.163102,     1.179706,    -0.007260,
  1675.000,     2.607254,     1.596654,    -0.007441,
  1675.050,     2.803817,     2.116539,    -0.004966,
  1675.100,     2.667778,     2.621316,    -0.006587,
  1675.150,     2.270968,     2.884645,    -0.002060,
  1675.200,     1.690197,     2.842668,    -0.001135,
  1675.250,     0.965972,     2.499815,    -0.002520,
  1675.300,     0.154501,     1.903486,    -0.007929,
  1675.350,    -0.687063,     1.192339,    -0.000181,
  1675.400,    -1.487836,     0.383384,    -0.003459,
  1675.450,    -2.115452,    -0.486416,    -0.002595,
  1675.500,    -2.575340,    -1.358856,    -0.000040,
  1675.550,    -2.820623,    -2.050295,    -0.002187,
  1675.600,    -2.867940,    -2.544545,    -0.000352,
  1675.650,    -2.679092,    -2.818688,    -0.004287,
  1675.700,    -2.226130,    -2.911071,    -0.004122,
  1675.750,    -1.492401,    -2.789953,    -0.011403,
  1675.800,    -0.687915,    -2.338151,    -0.007795,
  1675.850,     0.019893,    -1.632665,    -0.006336,
  1675.900,     0.444350,    -0.815731,    -0.005895,
  1675.950,     0.509211,    -0.039722,    -0.005994,
  1676.000,     0.271432,     0.452451,    -0.001420,
  1676.050,    -0.141288,     0.631833,    -0.003973,
  1676.100,    -0.628389,     0.429057,    -0.006944,
  1676.150,    -0.976513,     0.003875,    -0.003301,
  1676.200,    -0.998657,    -0.524078,    -0.000355,
  1676.250,    -0.598484,    -0.917231,     0.000453,
  1676.300,     0.239556,    -1.026849,     0.001804,
  1676.350,     1.326538,    -0.739511,    -0.003803,
  1676.400,     2.459636,     0.061564,    -0.003188,
  1676.450,     3.372660,     1.136488,    -0.002368,
  1676.500,     3.903237,     2.296843,    -0.002966,
  1676.550,     4.054500,     3.266982,    -0.000679,
  1676.600,     4.016698,     3.877250,    -0.004145,
  1676.650,     3.902625,     4.110587,    -0.005135,
  1676.700,     3.812666,     4.057056,    -0.010852,
  1676.750,     3.666511,     3.970703,    -0.006854,
  1676.800,     3.504036,     3.885809,    -0.005104,
  1676.850,     3.328488,     3.751709,    -0.008190,
  1676.900,     3.109452,     3.606453,    -0.006329,
  1676.950,     2.762095,     3.419206,    -0.005615,
  1677.000,     2.234438,     3.220927,    -0.003853,
  1677.050,     1.479334,     2.897958,    -0.005445,
  1677.100,     0.624286,     2.428987,    -0.006659,
  1677.150,    -0.216319,     1.723588,    -0.003872,
  1677.200,    -0.983676,     0.860726,    -0.008759,
  1677.250,    -1.695047,    -0.001927,    -0.007117,
  1677.300,    -2.393672,    -0.804428,    -0.005226,
  1677.350,    -3.103953,    -1.520904,    -0.007526,
  1677.400,    -3.698310,    -2.226664,    -0.006866,
  1677.450,    -4.071295,    -2.926704,    -0.007263,
  1677.500,    -4.052077,    -3.610735,    -0.005551,
  1677.550,    -3.633296,    -4.025894,    -0.006285,
  1677.600,    -2.939404,    -4.085726,    -0.002727,
  1677.650,    -2.080455,    -3.749417,     0.002933,
  1677.700,    -1.152372,    -3.089105,     0.004137,
  1677.750,    -0.260464,    -2.255187,    -0.003142,
  1677.800,     0.602774,    -1.326156,    -0.003221,
  1677.850,     1.358797,    -0.414525,    -0.004521,
  1677.900,     1.986560,     0.452047,    -0.001488,
  1677.950,     2.556387,     1.215503,     0.002957,
  1678.000,     3.022621,     1.867822,    -0.002552,
  1678.050,     3.338985,     2.447132,    -0.004670,
  1678.100,     3.422772,     2.946269,     0.001336,
  1678.150,     3.185489,     3.329762,    -0.007445,
  1678.200,     2.657640,     3.461490,    -0.007120,
  1678.250,     1.960554,     3.286942,    -0.002488,
  1678.300,     1.162519,     2.820437,    -0.006589,
  1678.350,     0.362631,     2.110837,    -0.007518,
  1678.400,    -0.422060,     1.350681,    -0.008692,
  1678.450,    -1.107162,     0.545600,    -0.010843,
  1678.500,    -1.546170,    -0.254601,    -0.008599,
  1678.550,    -1.648175,    -0.950069,    -0.003379,
  1678.600,    -1.454227,    -1.446930,    -0.009514,
  1678.650,    -1.046353,    -1.623106,    -0.011819,
  1678.700,    -0.535889,    -1.444168,    -0.010396,
  1678.750,    -0.005993,    -1.059323,    -0.011069,
  1678.800,     0.429639,    -0.542013,    -0.003295,
  1678.850,     0.776669,    -0.018378,    -0.005003,
  1678.900,     0.953760,     0.425745,    -0.006001,
  1678.950,     0.971805,     0.790540,    -0.004041,
  1679.000,     0.908604,     0.984693,    -0.002877,
  1679.050,     0.900709,     1.013227,     0.001805,
  1679.100,     1.024926,     0.944345,    -0.002631,
  1679.150,     1.181202,     0.879909,    -0.004830,
  1679.200,     1.338311,     0.987428,     0.001883,
  1679.250,     1.384705,     1.153498,     0.002083,
  1679.300,     1.331162,     1.336168,     0.000408,
  1679.350,     1.199009,     1.444655,     0.002958,
  1679.400,     1.077988,     1.384619,     0.003659,
  1679.450,     0.946846,     1.276190,     0.000962,
  1679.500,     0.721422,     1.151998,     0.003767,
  1679.550,     0.376454,     1.036389,     0.000038,
  1679.600,     0.016138,     0.822260,    -0.003290,
  1679.650,    -0.206995,     0.489344,    -0.003576,
  1679.700,    -0.164238,     0.111605,    -0.003806,
  1679.750,     0.123725,    -0.136383,    -0.001745,
  1679.800,     0.648481,    -0.183329,    -0.005720,
  1679.850,     1.358367,     0.089244,    -0.002865,
  1679.900,     2.190769,     0.565430,     0.000305,
  1679.950,     3.031223,     1.250601,    -0.008269,
  1680.000,     3.642553,     2.055370,    -0.007500,
  1680.050,     3.945514,     2.926242,    -0.009435,
  1680.100,     3.885829,     3.609281,    -0.010691,
  1680.150,     3.639716,     3.957772,    -0.012166,
  1680.200,     3.498761,     3.925172,    -0.010735,
  1680.250,     3.532957,     3.677354,    -0.015964,
  1680.300,     3.680637,     3.490739,    -0.010041,
  1680.350,     3.769306,     3.503816,    -0.010650,
  1680.400,     3.767875,     3.660714,    -0.007375,
  1680.450,     3.638425,     3.784592,    -0.009551,
  1680.500,     3.318027,     3.824643,    -0.006505,
  1680.550,     2.720854,     3.731541,    -0.002056,
  1680.600,     1.810549,     3.510038,    -0.002894,
  1680.650,     0.681820,     2.993122,    -0.006921,
  1680.700,    -0.397133,     2.112110,    -0.003100,
  1680.750,    -1.149353,     1.024903,     0.001273,
  1680.800,    -1.520178,    -0.076396,     0.000986,
  1680.850,    -1.567441,    -0.928485,     0.002109,
  1680.900,    -1.325691,    -1.375108,     0.002436,
  1680.950,    -0.799234,    -1.509035,     0.001089,
  1681.000,    -0.183222,    -1.330337,     0.004318,
  1681.050,     0.431023,    -0.869043,     0.003427,
  1681.100,     0.877553,    -0.272924,     0.004418,
  1681.150,     1.165706,     0.316817,    -0.000832,
  1681.200,     1.398279,     0.762311,    -0.000176,
  1681.250,     1.640168,     1.087771,     0.003288,
  1681.300,     1.922716,     1.309974,    -0.000190,
  1681.350,     2.260413,     1.551823,    -0.005609,
  1681.400,     2.539625,     1.865516,    -0.002984,
  1681.450,     2.731468,     2.190166,    -0.007909,
  1681.500,     2.831179,     2.495474,    -0.007677,
  1681.550,     2.803194,     2.731245,    -0.009958,
  1681.600,     2.691761,     2.832177,    -0.011483,
  1681.650,     2.497871,     2.826116,    -0.012020,
  1681.700,     2.200948,     2.733490,    -0.013429,
  1681.750,     1.774799,     2.577436,    -0.016944,
  1681.800,     1.287806,     2.285596,    -0.013401,
  1681.850,     0.790698,     1.884823,    -0.008948,
  1681.900,     0.430177,     1.385372,    -0.009341,
  1681.950,     0.257963,     0.872870,    -0.015621,
  1682.000,     0.165491,     0.476956,    -0.007465,
  1682.050,     0.269045,     0.241674,    -0.007497,
  1682.100,     0.498471,     0.182498,    -0.006086,
  1682.150,     0.772223,     0.282745,    -0.005094,
  1682.200,     1.069523,     0.487860,    -0.007894,
  1682.250,     1.335578,     0.765049,    -0.006432,
  1682.300,     1.617181,     1.076061,    -0.001148,
  1682.350,     1.945404,     1.345877,    -0.004081,
  1682.400,     2.279933,     1.614656,    -0.000355,
  1682.450,     2.539849,     1.934996,    -0.000319,
  1682.500,     2.654197,     2.317847,     0.001913,
  1682.550,     2.592676,     2.571037,     0.000016,
  1682.600,     2.407220,     2.715450,    -0.006281,
  1682.650,     2.152024,     2.695597,    -0.005040,
  1682.700,     1.824056,     2.511846,     0.001473,
  1682.750,     1.455528,     2.259730,     0.001416,
  1682.800,     1.090277,     1.937984,     0.002871,
  1682.850,     0.766912,     1.593883,    -0.000632,
  1682.900,     0.508389,     1.197974,     0.001744,
  1682.950,     0.322487,     0.856578,     0.002397,
  1683.000,     0.193974,     0.591795,    -0.004571,
  1683.050,     0.139959,     0.388310,    -0.006991,
  1683.100,     0.196218,     0.239085,     0.000372,
  1683.150,     0.376745,     0.154335,    -0.010907,
  1683.200,     0.751946,     0.169285,    -0.014912,
  1683.250,     1.244833,     0.348151,    -0.009330,
  1683.300,     1.752192,     0.705455,    -0.009640,
  1683.350,     2.135589,     1.189040,    -0.002443,
  1683.400,     2.289344,     1.704080,    -0.011453,
  1683.450,     2.305709,     2.117921,    -0.010864,
  1683.500,     2.219070,     2.352159,    -0.010510,
  1683.550,     2.127501,     2.378809,    -0.004390,
  1683.600,     2.006055,     2.300817,    -0.008069,
  1683.650,     1.771881,     2.207273,    -0.007963,
  1683.700,     1.364572,     2.084502,    -0.003354,
  1683.750,     0.830454,     1.861927,    -0.005390,
  1683.800,     0.194506,     1.496297,    -0.000894,
  1683.850,    -0.519798,     0.958744,    -0.007395,
  1683.900,    -1.189072,     0.295860,    -0.002531,
  1683.950,    -1.683658,    -0.417423,    -0.005762,
  1684.000,    -1.837558,    -1.076099,    -0.004499,
  1684.050,    -1.536804,    -1.664791,    -0.002352,
  1684.100,    -0.775427,    -1.881292,     0.003702,
  1684.150,     0.193805,    -1.641991,    -0.002923,
  1684.200,     1.132176,    -0.908922,     0.000175,
  1684.250,     1.920497,     0.057908,     0.000299,
  1684.300,     2.486717,     1.052434,    -0.006715,
  1684.350,     2.826232,     1.909970,    -0.007766,
  1684.400,     2.932644,     2.528583,    -0.007295,
  1684.450,     2.853707,     2.910504,     0.000018,
  1684.500,     2.692948,     3.039462,     0.001280,
  1684.550,     2.487985,     2.959035,     0.002866,
  1684.600,     2.211624,     2.770499,    -0.007650,
  1684.650,     1.761992,     2.537622,    -0.005516,
  1684.700,     1.206069,     2.230924,    -0.001716,
  1684.750,     0.561382,     1.831384,    -0.009762,
  1684.800,    -0.028414,     1.285302,    -0.006744,
  1684.850,    -0.499756,     0.667263,    -0.003070,
  1684.900,    -0.720193,     0.041377,    -0.006751,
  1684.950,    -0.652434,    -0.428136,    -0.007449,
  1685.000,    -0.293338,    -0.708761,    -0.008685,
  1685.050,     0.300487,    -0.672982,    -0.009315,
  1685.100,     1.001809,    -0.345578,    -0.006578,
  1685.150,     1.741753,     0.219219,    -0.012152,
  1685.200,     2.391366,     0.930121,    -0.008632,
  1685.250,     2.736227,     1.662913,    -0.008590,
  1685.300,     2.743419,     2.336706,    -0.009245,
  1685.350,     2.379683,     2.790813,    -0.006824,
  1685.400,     1.793855,     2.837893,    -0.004711,
  1685.450,     1.235367,     2.526431,    -0.006343,
  1685.500,     0.800377,     1.958973,     0.000637,
  1685.550,     0.505041,     1.391149,     0.005718,
  1685.600,     0.258765,     0.930255,    -0.001183,
  1685.650,     0.108162,     0.562372,     0.001633,
  1685.700,     0.056713,     0.322827,    -0.001643,
  1685.750,     0.046729,     0.155830,    -0.006004,
  1685.800,    -0.017992,     0.091455,    -0.003353,
  1685.850,    -0.131600,     0.074935,    -0.005375,
  1685.900,    -0.142719,     0.001193,    -0.008193,
  1685.950,     0.023524,    -0.119799,    -0.006081,
  1686.000,     0.352196,    -0.162694,    -0.000933,
  1686.050,     0.771783,    -0.039735,    -0.004709,
  1686.100,     1.167004,     0.280877,    -0.005307,
  1686.150,     1.567227,     0.692554,    -0.000353,
  1686.200,     1.828787,     1.156741,    -0.007539,
  1686.250,     1.906879,     1.552242,    -0.004832,
  1686.300,     1.753365,     1.866623,    -0.005828,
  1686.350,     1.285561,     2.019688,    -0.003596,
  1686.400,     0.621270,     1.916365,    -0.010744,
  1686.450,    -0.133175,     1.485783,    -0.007289,
  1686.500,    -0.777197,     0.797933,    -0.004451,
  1686.550,    -1.192670,     0.052865,    -0.008833,
  1686.600,    -1.366878,    -0.647351,    -0.008770,
  1686.650,    -1.280254,    -1.141138,    -0.005340,
  1686.700,    -0.930718,    -1.368795,    -0.006478,
  1686.750,    -0.274836,    -1.369090,    -0.012788,
  1686.800,     0.591028,    -1.112459,    -0.007582,
  1686.850,     1.548134,    -0.498849,    -0.009605,
  1686.900,     2.330749,     0.373076,    -0.005411,
  1686.950,     2.855152,     1.343611,    -0.001991,
  1687.000,     3.058922,     2.220433,    -0.000840,
  1687.050,     2.999394,     2.790095,    -0.002099,
  1687.100,     2.655244,     3.106945,    -0.004440,
  1687.150,     2.093422,     3.106982,    -0.006599,
  1687.200,     1.423428,     2.837052,    -0.004591,
  1687.250,     0.790811,     2.304517,     0.000325,
  1687.300,     0.197040,     1.643385,    -0.001449,
  1687.350,    -0.221072,     0.972145,    -0.004517,
  1687.400,    -0.499290,     0.364439,    -0.003429,
  1687.450,    -0.758385,    -0.127680,    -0.004477,
  1687.500,    -1.043696,    -0.449573,    -0.005016,
  1687.550,    -1.354389,    -0.711068,     0.002539,
  1687.600,    -1.530310,    -0.992829,    -0.002497,
  1687.650,    -1.437750,    -1.319799,    -0.006838,
  1687.700,    -0.965746,    -1.571145,    -0.009911,
  1687.750,    -0.124653,    -1.542420,     0.003144,
  1687.800,     0.903881,    -1.101569,    -0.006229,
  1687.850,     1.953270,    -0.308003,    -0.005592,
  1687.900,     2.791883,     0.731242,    -0.003531,
  1687.950,     3.200681,     1.850057,    -0.007217,
  1688.000,     3.130973,     2.753399,    -0.007368,
  1688.050,     2.646352,     3.277598,    -0.011276,
  1688.100,     1.976221,     3.297298,    -0.009042,
  1688.150,     1.136664,     2.876221,    -0.006049,
  1688.200,     0.287257,     2.170375,    -0.006629,
  1688.250,    -0.430824,     1.313024,    -0.001488,
  1688.300,    -0.886402,     0.451004,    -0.007540,
  1688.350,    -0.990475,    -0.335147,    -0.007682,
  1688.400,    -0.815308,    -0.889231,    -0.008112,
  1688.450,    -0.403756,    -1.064746,    -0.008520,
  1688.500,     0.189067,    -0.932000,    -0.002843,
  1688.550,     0.838906,    -0.535668,    -0.006036,
  1688.600,     1.390661,     0.061993,    -0.008535,
  1688.650,     1.695863,     0.744836,     0.002114,
  1688.700,     1.670509,     1.357723,    -0.001290,
  1688.750,     1.297039,     1.764261,    -0.003959,
  1688.800,     0.686840,     1.791242,     0.000012,
  1688.850,    -0.009988,     1.478882,    -0.005694,
  1688.900,    -0.649081,     0.900863,    -0.005624,
  1688.950,    -1.073376,     0.198671,    -0.004300,
  1689.000,    -1.132887,    -0.468450,    -0.004524,
  1689.050,    -0.924087,    -0.949988,    -0.000997,
  1689.100,    -0.521994,    -1.127342,    -0.003934,
  1689.150,    -0.039046,    -0.955192,    -0.005213,
  1689.200,     0.429556,    -0.573804,    -0.007771,
  1689.250,     0.812871,    -0.082558,    -0.006056,
  1689.300,     0.985099,     0.400849,    -0.003286,
  1689.350,     1.009583,     0.783911,    -0.009895,
  1689.400,     0.936764,     0.997937,    -0.008642,
  1689.450,     0.814968,     1.060174,    -0.006699,
  1689.500,     0.823677,     1.013047,    -0.012821,
  1689.550,     1.007654,     0.894100,    -0.012269,
  1689.600,     1.398810,     0.862166,    -0.007808,
  1689.650,     1.901805,     1.000874,    -0.004952,
  1689.700,     2.318092,     1.370165,    -0.004069,
  1689.750,     2.556979,     1.888734,    -0.007475,
  1689.800,     2.523976,     2.335326,    -0.002740,
  1689.850,     2.191991,     2.624466,    -0.008859,
  1689.900,     1.647821,     2.627302,    -0.007108,
  1689.950,     0.963721,     2.330004,    -0.002786,
  1690.000,     0.165371,     1.838481,    -0.003581,
  1690.050,    -0.596038,     1.136360,    -0.000062,
  1690.100,    -1.155132,     0.332646,    -0.000812,
  1690.150,    -1.383555,    -0.448915,    -0.002676,
  1690.200,    -1.310167,    -1.072448,     0.000537,
  1690.250,    -0.888563,    -1.405867,     0.000832,
  1690.300,    -0.222324,    -1.384308,    -0.000301,
  1690.350,     0.591970,    -1.002613,    -0.002658,
  1690.400,     1.406414,    -0.369327,    -0.000869,
  1690.450,     2.130093,     0.414418,    -0.001950,
  1690.500,     2.689862,     1.264879,     0.001487,
  1690.550,     2.957396,     2.078002,    -0.001643,
  1690.600,     2.873138,     2.690379,     0.003016,
  1690.650,     2.539805,     3.037519,    -0.001820,
  1690.700,     2.017578,     3.023940,    -0.007261,
  1690.750,     1.485848,     2.709839,    -0.006433,
  1690.800,     1.032984,     2.242089,    -0.008832,
  1690.850,     0.667482,     1.670260,    -0.012817,
  1690.900,     0.421900,     1.163267,    -0.006240,
  1690.950,     0.247055,     0.768299,    -0.012228,
  1691.000,     0.179760,     0.473777,    -0.017290,
  1691.050,     0.144681,     0.285832,    -0.013406,
  1691.100,     0.152567,     0.203289,    -0.014492,
  1691.150,     0.258131,     0.125032,    -0.010457,
  1691.200,     0.550071,     0.156049,    -0.005497,
  1691.250,     1.021603,     0.241990,    -0.006846,
  1691.300,     1.602749,     0.509349,    -0.003087,
  1691.350,     2.226166,     0.941554,    -0.005652,
  1691.400,     2.831301,     1.529320,    -0.002072,
  1691.450,     3.333311,     2.191168,     0.002153,
  1691.500,     3.583040,     2.827658,    -0.001267,
  1691.550,     3.451348,     3.378861,    -0.005835,
  1691.600,     2.888663,     3.692797,    -0.000222,
  1691.650,     1.957668,     3.624742,    -0.000138,
  1691.700,     0.789022,     3.149624,     0.002404,
  1691.750,    -0.392439,     2.228937,     0.005751,
  1691.800,    -1.324432,     1.063858,     0.002710,
  1691.850,    -1.826066,    -0.152253,     0.000320,
  1691.900,    -1.834910,    -1.174209,     0.002991,
  1691.950,    -1.353986,    -1.791788,     0.004112,
  1692.000,    -0.505879,    -1.923481,     0.003645,
  1692.050,     0.549457,    -1.494760,    -0.000576,
  1692.100,     1.494834,    -0.672926,    -0.007635,
  1692.150,     2.194086,     0.363339,    -0.005083,
  1692.200,     2.498309,     1.363359,    -0.001053,
  1692.250,     2.398344,     2.160327,    -0.003485,
  1692.300,     1.977104,     2.568445,    -0.006896,
  1692.350,     1.412619,     2.533085,    -0.008821,
  1692.400,     0.878719,     2.142730,    -0.010252,
  1692.450,     0.535173,     1.538134,    -0.012991,
  1692.500,     0.471045,     0.980385,    -0.017134,
  1692.550,     0.597071,     0.587184,    -0.014832,
  1692.600,     0.747354,     0.442132,    -0.015389,
  1692.650,     0.839479,     0.574560,    -0.012869,
  1692.700,     0.928626,     0.747681,    -0.009566,
  1692.750,     0.958823,     0.841796,    -0.014879,
  1692.800,     0.992570,     0.932781,    -0.008388,
  1692.850,     0.895724,     0.984177,    -0.005276,
  1692.900,     0.747636,     1.003946,    -0.008180,
  1692.950,     0.662975,     0.929122,    -0.008286,
  1693.000,     0.634442,     0.783914,    -0.001895,
  1693.050,     0.827882,     0.672512,    -0.000006,
  1693.100,     1.206831,     0.662233,    -0.000720,
  1693.150,     1.575753,     0.801518,     0.000259,
  1693.200,     1.940746,     1.125919,     0.001516,
  1693.250,     2.220616,     1.556513,    -0.000761,
  1693.300,     2.379768,     1.945138,     0.002390,
  1693.350,     2.374326,     2.242532,    -0.000670,
  1693.400,     2.155834,     2.400666,     0.000984,
  1693.450,     1.795363,     2.426737,     0.003912,
  1693.500,     1.289268,     2.266734,     0.004787,
  1693.550,     0.729727,     1.909553,     0.004118,
  1693.600,     0.230269,     1.422311,    -0.000033,
  1693.650,    -0.136845,     0.873087,    -0.000480,
  1693.700,    -0.270886,     0.341281,     0.000591,
  1693.750,    -0.102785,    -0.081404,    -0.001254,
  1693.800,     0.323213,    -0.283392,    -0.006089,
  1693.850,     0.811594,    -0.165438,    -0.009086,
  1693.900,     1.121086,     0.235648,    -0.008213,
  1693.950,     1.160225,     0.712439,    -0.011008,
  1694.000,     0.969411,     1.100583,    -0.015060,
  1694.050,     0.593558,     1.220353,    -0.008659,
  1694.100,     0.256564,     1.020043,    -0.014322,
  1694.150,     0.049409,     0.663621,    -0.012243,
  1694.200,     0.039911,     0.307127,    -0.012879,
  1694.250,     0.218868,     0.061134,    -0.012901,
  1694.300,     0.486144,     0.025835,    -0.006682,
  1694.350,     0.788539,     0.154167,    -0.004894,
  1694.400,     1.027849,     0.422037,    -0.011493,
  1694.450,     1.123288,     0.740911,    -0.009177,
  1694.500,     0.970388,     1.024193,    -0.007167,
  1694.550,     0.685452,     1.136833,    -0.008367,
  1694.600,     0.414555,     1.020943,     0.000622,
  1694.650,     0.252335,     0.736161,    -0.000118,
  1694.700,     0.184848,     0.438248,     0.002200,
  1694.750,     0.196361,     0.248550,     0.002992,
  1694.800,     0.294258,     0.179645,    -0.000269,
  1694.850,     0.480828,     0.195447,     0.001852,
  1694.900,     0.786743,     0.282804,     0.004708,
  1694.950,     1.049469,     0.461654,    -0.000015,
  1695.000,     1.212666,     0.742957,     0.000555,
  1695.050,     1.158173,     1.025701,    -0.004320,
  1695.100,     0.882044,     1.259097,    -0.001146,
  1695.150,     0.409196,     1.238673,     0.001098,
  1695.200,    -0.097863,     0.976320,    -0.003242,
  1695.250,    -0.535853,     0.506294,    -0.009921,
  1695.300,    -0.857922,    -0.005801,    -0.010734,
  1695.350,    -0.960611,    -0.496504,    -0.005229,
  1695.400,    -0.871729,    -0.819703,    -0.006567,
  1695.450,    -0.591309,    -0.989628,    -0.014977,
  1695.500,    -0.122096,    -0.954995,    -0.012316,
  1695.550,     0.392894,    -0.679936,    -0.004878,
  1695.600,     0.841798,    -0.241350,    -0.008933,
  1695.650,     1.154978,     0.298546,    -0.016093,
  1695.700,     1.260029,     0.761163,    -0.009125,
  1695.750,     1.148225,     1.142690,    -0.007874,
  1695.800,     0.877096,     1.287671,    -0.007469,
  1695.850,     0.435720,     1.216640,    -0.013112,
  1695.900,    -0.065146,     0.942684,    -0.009028,
  1695.950,    -0.442752,     0.518857,    -0.008235,
  1696.000,    -0.618242,     0.016242,    -0.002844,
  1696.050,    -0.442868,    -0.420836,    -0.001176,
  1696.100,     0.027703,    -0.652076,    -0.000289,
  1696.150,     0.672033,    -0.530327,    -0.001808,
  1696.200,     1.272376,    -0.100584,     0.002461,
  1696.250,     1.636880,     0.537141,     0.002113,
  1696.300,     1.715735,     1.170117,    -0.001721,
  1696.350,     1.528271,     1.612779,     0.000497,
  1696.400,     1.118476,     1.746676,     0.002962,
  1696.450,     0.622019,     1.612897,     0.004286,
  1696.500,     0.182256,     1.228865,    -0.000300,
  1696.550,    -0.065438,     0.726397,    -0.000834,
  1696.600,    -0.128070,     0.259011,    -0.002319,
  1696.650,    -0.011387,    -0.063428,    -0.004855,
  1696.700,     0.208839,    -0.152744,    -0.007252,
  1696.750,     0.471008,    -0.072411,    -0.005473,
  1696.800,     0.765768,     0.120159,    -0.010187,
  1696.850,     1.075960,     0.423928,    -0.008802,
  1696.900,     1.352280,     0.709750,    -0.007777,
  1696.950,     1.577020,     1.026023,    -0.012518,
  1697.000,     1.717967,     1.315422,    -0.012819,
  1697.050,     1.755794,     1.543624,    -0.010096,
  1697.100,     1.755369,     1.707006,    -0.008830,
  1697.150,     1.641650,     1.788889,    -0.016111,
  1697.200,     1.458299,     1.776160,    -0.012340,
  1697.250,     1.289008,     1.690371,    -0.013418,
  1697.300,     1.180360,     1.527791,    -0.011705,
  1697.350,     1.124753,     1.330025,    -0.007588,
  1697.400,     1.171871,     1.178847,    -0.009503,
  1697.450,     1.306832,     1.114457,    -0.004011,
  1697.500,     1.427479,     1.147654,    -0.007032,
  1697.550,     1.459881,     1.260431,    -0.007226,
  1697.600,     1.323854,     1.396614,    -0.002241,
  1697.650,     1.074347,     1.472952,     0.003820,
  1697.700,     0.805881,     1.368465,     0.001720,
  1697.750,     0.712786,     1.130898,     0.003933,
  1697.800,     0.824550,     0.844827,     0.008669,
  1697.850,     1.235385,     0.674545,     0.004642,
  1697.900,     1.695706,     0.771067,     0.004736,
  1697.950,     2.193432,     1.108862,     0.004003,
  1698.000,     2.579983,     1.613853,     0.003345,
  1698.050,     2.717598,     2.130295,     0.000773,
  1698.100,     2.500857,     2.564848,    -0.002153,
  1698.150,     1.976966,     2.775530,     0.001419,
  1698.200,     1.393266,     2.623393,    -0.001020,
  1698.250,     0.911121,     2.157658,    -0.001827,
  1698.300,     0.627463,     1.523636,    -0.001407,
  1698.350,     0.510752,     0.982200,    -0.000822,
  1698.400,     0.592491,     0.644066,    -0.009965,
  1698.450,     0.779004,     0.527354,    -0.015510,
  1698.500,     1.020963,     0.545730,    -0.010113,
  1698.550,     1.280429,     0.742787,    -0.010454,
  1698.600,     1.446947,     0.995847,    -0.013082,
  1698.650,     1.500871,     1.265533,    -0.013717,
  1698.700,     1.458096,     1.474968,    -0.015560,
  1698.750,     1.384675,     1.525778,    -0.013423,
  1698.800,     1.322886,     1.514488,    -0.003876,
  1698.850,     1.220118,     1.456610,    -0.007537,
  1698.900,     1.060197,     1.369822,    -0.006995,
  1698.950,     0.853585,     1.291055,    -0.009684,
  1699.000,     0.673343,     1.147038,    -0.008625,
  1699.050,     0.644901,     0.943440,    -0.009449,
  1699.100,     0.780813,     0.729823,    -0.001628,
  1699.150,     0.948262,     0.651807,     0.001006,
  1699.200,     1.075239,     0.766728,     0.000114,
  1699.250,     0.952740,     0.959094,    -0.005501,
  1699.300,     0.658343,     1.079285,    -0.001001,
  1699.350,     0.197227,     1.017662,     0.002631,
  1699.400,    -0.311885,     0.750040,     0.008780,
  1699.450,    -0.781684,     0.296059,     0.012458,
  1699.500,    -1.070812,    -0.227596,     0.006259,
  1699.550,    -1.033673,    -0.738272,    -0.001719,
  1699.600,    -0.621173,    -1.066399,    -0.002460,
  1699.650,     0.121573,    -1.086662,    -0.000726,
  1699.700,     1.011342,    -0.732967,    -0.004009,
  1699.750,     1.853943,    -0.047674,     0.002943,
  1699.800,     2.466594,     0.839081,    -0.006758,
  1699.850,     2.785805,     1.752978,    -0.006980,
  1699.900,     2.749468,     2.450384,    -0.004451,
  1699.950,     2.400973,     2.840175,    -0.009905,
  1700.000,     1.800209,     2.866925,    -0.004998,
  1700.050,     1.118699,     2.536581,    -0.007529,
  1700.100,     0.530484,     1.955277,    -0.007787,
  1700.150,     0.153778,     1.258269,    -0.012225,
  1700.200,     0.048760,     0.631063,    -0.010449,
  1700.250,     0.150495,     0.214407,    -0.007358,
  1700.300,     0.376309,     0.035360,    -0.002933,
  1700.350,     0.724968,     0.106097,     0.000107,
  1700.400,     1.140169,     0.356125,    -0.003958,
  1700.450,     1.499910,     0.698159,    -0.008029,
  1700.500,     1.784441,     1.100381,    -0.007934,
  1700.550,     1.956070,     1.486258,    -0.010044,
  1700.600,     2.058834,     1.795552,    -0.001661,
  1700.650,     2.159007,     1.998714,     0.001516,
  1700.700,     2.196867,     2.124292,     0.002355,
  1700.750,     2.108806,     2.223595,    -0.002403,
  1700.800,     1.842172,     2.279434,    -0.000898,
  1700.850,     1.414155,     2.212552,     0.000263,
  1700.900,     0.929841,     1.975957,    -0.002253,
  1700.950,     0.432257,     1.574126,     0.001817,
  1701.000,     0.009524,     1.078355,    -0.000015,
  1701.050,    -0.253660,     0.565921,    -0.001751,
  1701.100,    -0.374302,     0.105276,    -0.000373,
  1701.150,    -0.369713,    -0.195628,     0.000063,
  1701.200,    -0.258621,    -0.379004,     0.000554,
  1701.250,    -0.070697,    -0.398505,    -0.002654,
  1701.300,     0.225293,    -0.296935,    -0.007989,
  1701.350,     0.595758,    -0.112662,    -0.002236,
  1701.400,     0.995592,     0.193048,    -0.009244,
  1701.450,     1.353088,     0.542926,    -0.005098,
  1701.500,     1.614448,     0.940374,    -0.005445,
  1701.550,     1.791473,     1.319942,    -0.010756,
  1701.600,     1.847731,     1.636360,    -0.010456,
  1701.650,     1.689733,     1.862691,    -0.008743,
  1701.700,     1.369124,     1.914803,    -0.008959,
  1701.750,     0.957049,     1.812830,    -0.011868,
  1701.800,     0.600386,     1.497084,    -0.006480,
  1701.850,     0.365096,     1.093463,    -0.004458,
  1701.900,     0.136163,     0.715838,    -0.003450,
  1701.950,    -0.055660,     0.412858,    -0.000592,
  1702.000,    -0.185548,     0.207046,     0.000129,
  1702.050,    -0.203971,    -0.002225,     0.001788,
  1702.100,    -0.153408,    -0.152308,    -0.003983,
  1702.150,     0.022645,    -0.196308,    -0.003323,
  1702.200,     0.228144,    -0.144487,    -0.003249,
  1702.250,     0.462279,    -0.024069,    -0.001741,
  1702.300,     0.787828,     0.188871,     0.006730,
  1702.350,     1.129966,     0.432309,     0.003495,
  1702.400,     1.474258,     0.746406,     0.003471,
  1702.450,     1.737653,     1.113395,     0.002626,
  1702.500,     1.779252,     1.465388,     0.000031,
  1702.550,     1.613249,     1.738564,    -0.005005,
  1702.600,     1.356160,     1.847772,    -0.004180,
  1702.650,     0.969763,     1.741479,    -0.007099,
  1702.700,     0.567508,     1.477008,    -0.009110,
  1702.750,     0.165288,     1.112401,    -0.007671,
  1702.800,    -0.171909,     0.725569,    -0.010046,
  1702.850,    -0.398404,     0.264683,    -0.011068,
  1702.900,    -0.508039,    -0.083359,    -0.013437,
  1702.950,    -0.553701,    -0.329628,    -0.015563,
  1703.000,    -0.567597,    -0.467160,    -0.010571,
  1703.050,    -0.516735,    -0.516775,    -0.012887,
  1703.100,    -0.355121,    -0.552785,    -0.009176,
  1703.150,    -0.109407,    -0.531802,    -0.010219,
  1703.200,     0.280924,    -0.392810,    -0.006772,
  1703.250,     0.818738,    -0.156744,    -0.004680,
  1703.300,     1.403724,     0.229008,    -0.010082,
  1703.350,     1.884649,     0.770950,    -0.009072,
  1703.400,     2.099148,     1.354544,    -0.003010,
  1703.450,     2.031947,     1.873694,     0.003578,
  1703.500,     1.809342,     2.146879,     0.000984,
  1703.550,     1.422503,     2.142156,    -0.003703,
  1703.600,     0.910722,     1.924068,    -0.000784,
  1703.650,     0.381616,     1.563748,     0.000053,
  1703.700,    -0.074044,     1.072622,     0.000172,
  1703.750,    -0.343297,     0.518133,     0.000048,
  1703.800,    -0.399917,     0.011478,     0.009056,
  1703.850,    -0.284521,    -0.299374,     0.009823,
  1703.900,    -0.003821,    -0.382060,     0.002851,
  1703.950,     0.395893,    -0.316831,     0.002849,
  1704.000,     0.921456,    -0.070874,    -0.001839,
  1704.050,     1.488673,     0.321376,    -0.007727,
  1704.100,     1.994555,     0.846238,    -0.001516,
  1704.150,     2.334516,     1.416767,    -0.007010,
  1704.200,     2.453148,     1.969961,    -0.007070,
  1704.250,     2.347475,     2.376415,    -0.011491,
  1704.300,     2.061038,     2.539956,    -0.014224,
  1704.350,     1.648560,     2.443849,    -0.008897,
  1704.400,     1.179399,     2.187560,    -0.009394,
  1704.450,     0.670154,     1.799463,    -0.014229,
  1704.500,     0.293861,     1.304165,    -0.021189,
  1704.550,     0.056612,     0.827102,    -0.016781,
  1704.600,     0.026972,     0.365469,    -0.016671,
  1704.650,     0.167044,     0.092568,    -0.014336,
  1704.700,     0.425565,     0.001743,    -0.013516,
  1704.750,     0.759936,     0.116562,    -0.015357,
  1704.800,     1.170020,     0.365459,    -0.013355,
  1704.850,     1.642330,     0.687396,    -0.006822,
  1704.900,     2.103160,     1.080751,     0.000243,
  1704.950,     2.476215,     1.547032,    -0.002874,
  1705.000,     2.692158,     2.028004,    -0.001028,
  1705.050,     2.754597,     2.429532,     0.003822,
  1705.100,     2.689079,     2.701087,     0.008834,
  1705.150,     2.542610,     2.786637,     0.007983,
  1705.200,     2.349745,     2.728654,     0.005066,
  1705.250,     2.069524,     2.588807,     0.007525,
  1705.300,     1.737440,     2.410819,     0.010962,
  1705.350,     1.453327,     2.126121,     0.007164,
  1705.400,     1.324695,     1.815159,    -0.002694,
  1705.450,     1.256805,     1.533803,    -0.002163,
  1705.500,     1.183382,     1.343352,     0.005412,
  1705.550,     1.056965,     1.294895,     0.003389,
  1705.600,     0.858082,     1.230120,    -0.006685,
  1705.650,     0.698116,     1.093479,    -0.002995,
  1705.700,     0.584131,     0.922447,    -0.007117,
  1705.750,     0.530226,     0.741133,    -0.007661,
  1705.800,     0.548670,     0.618669,    -0.011466,
  1705.850,     0.687890,     0.557503,    -0.008385,
  1705.900,     0.919332,     0.585135,    -0.010054,
  1705.950,     1.200850,     0.704118,    -0.011322,
  1706.000,     1.407380,     0.924126,    -0.018841,
  1706.050,     1.482692,     1.228105,    -0.015449,
  1706.100,     1.335047,     1.440186,    -0.013614,
  1706.150,     1.085648,     1.537056,    -0.015369,
  1706.200,     0.723923,     1.431115,    -0.014580,
  1706.250,     0.375674,     1.193729,    -0.011895,
  1706.300,     0.069074,     0.862866,    -0.009299,
  1706.350,    -0.118585,     0.475642,    -0.011281,
  1706.400,    -0.163503,     0.149753,    -0.007466,
  1706.450,    -0.119157,    -0.050592,    -0.005216,
  1706.500,    -0.024237,    -0.147607,    -0.002144,
  1706.550,     0.115567,    -0.136650,    -0.001608,
  1706.600,     0.361893,    -0.023186,    -0.001164,
  1706.650,     0.692790,     0.111666,    -0.003018,
  1706.700,     1.007255,     0.334724,    -0.002324,
  1706.750,     1.294471,     0.646764,     0.001716,
  1706.800,     1.514816,     0.982969,    -0.001172,
  1706.850,     1.706718,     1.270086,     0.002061,
  1706.900,     1.847618,     1.533274,     0.004794,
  1706.950,     1.937576,     1.732812,     0.002739,
  1707.000,     1.948196,     1.885977,    -0.002828,
  1707.050,     1.903891,     1.991964,    -0.000871,
  1707.100,     1.874748,     2.012803,    -0.005369,
  1707.150,     1.798017,     1.977728,    -0.005153,
  1707.200,     1.630931,     1.943583,    -0.009281,
  1707.250,     1.339965,     1.878060,    -0.010000,
  1707.300,     1.037180,     1.716188,    -0.008073,
  1707.350,     0.764555,     1.452515,    -0.005238,
  1707.400,     0.623240,     1.139832,    -0.004225,
  1707.450,     0.633636,     0.851223,    -0.010469,
  1707.500,     0.892015,     0.639538,    -0.006591,
  1707.550,     1.367526,     0.604060,    -0.005410,
  1707.600,     1.912881,     0.813209,    -0.006844,
  1707.650,     2.436334,     1.263659,    -0.008517,
  1707.700,     2.800868,     1.836553,    -0.005690,
  1707.750,     2.966140,     2.379872,    -0.008283,
  1707.800,     2.886356,     2.806634,    -0.005061,
  1707.850,     2.604045,     3.011721,    -0.005823,
  1707.900,     2.167670,     2.980675,    -0.006664,
  1707.950,     1.687833,     2.724464,    -0.006414,
  1708.000,     1.179811,     2.294835,    -0.001814,
  1708.050,     0.776671,     1.783803,     0.004412,
  1708.100,     0.541569,     1.269205,    -0.003819,
  1708.150,     0.497690,     0.851650,    -0.003179,
  1708.200,     0.558040,     0.570834,    -0.008241,
  1708.250,     0.728029,     0.472253,    -0.001512,
  1708.300,     0.961011,     0.513279,     0.001337,
  1708.350,     1.118465,     0.688256,    -0.001002,
  1708.400,     1.158834,     0.913415,    -0.002900,
  1708.450,     1.065645,     1.097041,    -0.007118,
  1708.500,     0.948611,     1.167100,    -0.005294,
  1708.550,     0.858756,     1.094580,    -0.004055,
  1708.600,     0.798001,     0.988459,    -0.006487,
  1708.650,     0.823340,     0.890508,    -0.006811,
  1708.700,     0.946026,     0.825239,    -0.007719,
  1708.750,     1.157159,     0.834482,    -0.008349,
  1708.800,     1.350524,     0.937989,    -0.006125,
  1708.850,     1.518820,     1.132657,    -0.005706,
  1708.900,     1.554696,     1.381238,    -0.007696,
  1708.950,     1.439846,     1.550118,    -0.006142,
  1709.000,     1.315137,     1.592862,    -0.006623,
  1709.050,     1.184271,     1.496985,    -0.003269,
  1709.100,     1.070483,     1.364264,    -0.006164,
  1709.150,     1.004880,     1.220443,    -0.003898,
  1709.200,     0.971489,     1.113766,    -0.003371,
  1709.250,     0.973509,     1.030876,     0.002415,
  1709.300,     1.061523,     0.993686,     0.004862,
  1709.350,     1.142496,     1.015238,    -0.002762,
  1709.400,     1.297241,     1.048356,     0.005379,
  1709.450,     1.434300,     1.140385,     0.000630,
  1709.500,     1.516877,     1.279681,     0.001926,
  1709.550,     1.579800,     1.419368,     0.000560,
  1709.600,     1.648077,     1.520826,    -0.002769,
  1709.650,     1.690513,     1.610550,     0.000866,
  1709.700,     1.653030,     1.662439,    -0.000951,
  1709.750,     1.520476,     1.703517,    -0.010107,
  1709.800,     1.240945,     1.703155,    -0.008388,
  1709.850,     0.936274,     1.587031,    -0.007229,
  1709.900,     0.607830,     1.316544,    -0.009269,
  1709.950,     0.386076,     0.990432,    -0.010444,
  1710.000,     0.306756,     0.662223,    -0.007626,
  1710.050,     0.297305,     0.439506,    -0.011869,
  1710.100,     0.356305,     0.304805,    -0.012930,
  1710.150,     0.401770,     0.298283,    -0.013578,
  1710.200,     0.445285,     0.349277,    -0.011980,
  1710.250,     0.398651,     0.399695,    -0.011427,
  1710.300,     0.305228,     0.466908,    -0.010796,
  1710.350,     0.247147,     0.427609,    -0.010609,
  1710.400,     0.257523,     0.349779,    -0.006334,
  1710.450,     0.432312,     0.249391,    -0.005150,
  1710.500,     0.703707,     0.267603,    -0.007365,
  1710.550,     0.952205,     0.425202,    -0.005691,
  1710.600,     1.150928,     0.670064,    -0.007061,
  1710.650,     1.283570,     0.961431,     0.000889,
  1710.700,     1.309860,     1.192651,    -0.004718,
  1710.750,     1.219869,     1.314931,    -0.002024,
  1710.800,     1.057269,     1.339182,     0.002711,
  1710.850,     0.853177,     1.279172,     0.001545,
  1710.900,     0.710986,     1.094842,     0.004710,
  1710.950,     0.659713,     0.915425,     0.006393,
  1711.000,     0.663659,     0.741791,     0.000464,
  1711.050,     0.698379,     0.671570,     0.003443,
  1711.100,     0.867216,     0.663055,     0.005204,
  1711.150,     1.166274,     0.693004,     0.002393,
  1711.200,     1.492634,     0.829999,    -0.001564,
  1711.250,     1.792797,     1.120037,     0.001127,
  1711.300,     1.942204,     1.462619,    -0.006645,
  1711.350,     1.910133,     1.783571,    -0.006718,
  1711.400,     1.683268,     1.975077,    -0.003561,
  1711.450,     1.279613,     1.983953,    -0.010619,
  1711.500,     0.777864,     1.791444,    -0.004533,
  1711.550,     0.300973,     1.416287,    -0.007356,
  1711.600,    -0.002832,     0.902035,    -0.013734,
  1711.650,    -0.022909,     0.412966,    -0.011641,
  1711.700,     0.193981,     0.053998,    -0.013415,
  1711.750,     0.517143,    -0.022020,    -0.012256,
  1711.800,     0.925276,     0.139481,    -0.007617,
  1711.850,     1.296761,     0.468412,    -0.018392,
  1711.900,     1.577380,     0.870126,    -0.013991,
  1711.950,     1.696260,     1.249804,    -0.009397,
  1712.000,     1.624878,     1.590034,    -0.014359,
  1712.050,     1.330298,     1.757380,    -0.002772,
  1712.100,     0.949418,     1.704202,    -0.012521,
  1712.150,     0.559518,     1.456662,    -0.008766,
  1712.200,     0.252534,     1.053388,     0.002037,
  1712.250,     0.118947,     0.622955,    -0.008882,
  1712.300,     0.206041,     0.310986,    -0.004452,
  1712.350,     0.546902,     0.108602,    -0.002276,
  1712.400,     1.014856,     0.160012,     0.004433,
  1712.450,     1.557250,     0.437557,     0.001026,
  1712.500,     1.997733,     0.908591,     0.003928,
  1712.550,     2.270188,     1.471358,     0.005207,
  1712.600,     2.272689,     1.942300,     0.009305,
  1712.650,     2.081342,     2.241039,     0.002016,
  1712.700,     1.770820,     2.315176,     0.003848,
  1712.750,     1.456448,     2.166940,     0.003776,
  1712.800,     1.228708,     1.869105,    -0.001103,
  1712.850,     1.135650,     1.530207,     0.001689,
  1712.900,     1.225685,     1.262102,    -0.003654,
  1712.950,     1.414391,     1.160561,    -0.001603,
  1713.000,     1.652326,     1.214127,    -0.007146,
  1713.050,     1.840316,     1.422144,    -0.008624,
  1713.100,     1.879524,     1.647660,    -0.011850,
  1713.150,     1.746367,     1.855765,    -0.009703,
  1713.200,     1.521310,     1.931107,    -0.017193,
  1713.250,     1.257434,     1.816466,    -0.009761,
  1713.300,     0.994338,     1.621859,    -0.012665,
  1713.350,     0.772955,     1.351444,    -0.009596,
  1713.400,     0.669648,     1.063327,    -0.010552,
  1713.450,     0.670120,     0.848513,    -0.015087,
  1713.500,     0.839488,     0.704341,    -0.010428,
  1713.550,     1.110308,     0.688907,    -0.017151,
  1713.600,     1.417886,     0.819090,    -0.008298,
  1713.650,     1.669348,     1.103136,    -0.009950,
  1713.700,     1.751452,     1.409114,    -0.008391,
  1713.750,     1.701186,     1.692225,    -0.006961,
  1713.800,     1.456024,     1.811971,    -0.008219,
  1713.850,     1.133692,     1.754821,    -0.007012,
  1713.900,     0.693092,     1.591743,    -0.001649,
  1713.950,     0.278947,     1.231281,     0.000937,
  1714.000,    -0.011388,     0.797407,     0.002788,
  1714.050,     0.007872,     0.365158,     0.004254,
  1714.100,     0.259647,     0.034516,     0.003436,
  1714.150,     0.714379,    -0.026658,     0.002109,
  1714.200,     1.157550,     0.184675,     0.004018,
  1714.250,     1.543449,     0.606210,     0.003209,
  1714.300,     1.708416,     1.089649,     0.006019,
  1714.350,     1.684348,     1.490815,     0.001027,
  1714.400,     1.428954,     1.707233,     0.004608,
  1714.450,     1.097313,     1.719465,    -0.002893,
  1714.500,     0.769277,     1.513489,    -0.001709,
  1714.550,     0.589705,     1.197705,    -0.003389,
  1714.600,     0.567208,     0.856871,    -0.004105,
  1714.650,     0.720451,     0.634544,    -0.006649,
  1714.700,     0.930811,     0.617475,    -0.013527,
  1714.750,     1.073710,     0.725275,    -0.014613,
  1714.800,     1.056604,     0.924123,    -0.011649,
  1714.850,     0.825576,     1.106387,    -0.006138,
  1714.900,     0.431817,     1.103005,    -0.013412,
  1714.950,     0.026301,     0.913411,    -0.012860,
  1715.000,    -0.365796,     0.530180,    -0.014401,
  1715.050,    -0.618340,     0.134683,    -0.012167,
  1715.100,    -0.679055,    -0.269910,    -0.009885,
  1715.150,    -0.542165,    -0.557224,    -0.005814,
  1715.200,    -0.235854,    -0.683033,    -0.007600,
  1715.250,     0.125822,    -0.571705,    -0.009446,
  1715.300,     0.601768,    -0.304670,     0.000286,
  1715.350,     1.081874,     0.078485,    -0.006303,
  1715.400,     1.512951,     0.538393,    -0.003382,
  1715.450,     1.815133,     1.028427,     0.002096,
  1715.500,     1.871709,     1.502242,     0.001291,
  1715.550,     1.615911,     1.844738,    -0.007257,
  1715.600,     1.067287,     1.933996,    -0.001003,
  1715.650,     0.382490,     1.728565,     0.000005,
  1715.700,    -0.296517,     1.229859,    -0.000223,
  1715.750,    -0.825521,     0.540926,    -0.003642,
  1715.800,    -1.040706,    -0.165826,     0.006474,
  1715.850,    -0.956940,    -0.740224,    -0.000450,
  1715.900,    -0.528714,    -1.057480,     0.001825,
  1715.950,     0.177185,    -1.035766,     0.004190,
  1716.000,     0.973757,    -0.629646,    -0.001737,
  1716.050,     1.644149,     0.073212,    -0.003902,
  1716.100,     2.071968,     0.854730,    -0.004806,
  1716.150,     2.187002,     1.581930,    -0.009371,
  1716.200,     1.982526,     2.064901,    -0.005980,
  1716.250,     1.601286,     2.253151,    -0.009608,
  1716.300,     1.085244,     2.119534,    -0.008833,
  1716.350,     0.642674,     1.736978,    -0.015356,
  1716.400,     0.336524,     1.250300,    -0.014477,
  1716.450,     0.185182,     0.746373,    -0.012497,
  1716.500,     0.209284,     0.391037,    -0.016264,
  1716.550,     0.281927,     0.223613,    -0.012810,
  1716.600,     0.368466,     0.227837,    -0.005530,
  1716.650,     0.402986,     0.283777,    -0.004745,
  1716.700,     0.406974,     0.363875,    -0.007233,
  1716.750,     0.373873,     0.414411,     0.000972,
  1716.800,     0.405858,     0.382238,    -0.005598,
  1716.850,     0.554024,     0.386000,    -0.007516,
  1716.900,     0.810296,     0.413724,    -0.005697,
  1716.950,     1.143704,     0.532464,    -0.000152,
  1717.000,     1.488741,     0.767610,     0.006657,
  1717.050,     1.747758,     1.103108,     0.007620,
  1717.100,     1.880386,     1.447134,    -0.001373,
  1717.150,     1.951899,     1.758704,     0.000031,
  1717.200,     1.875643,     1.913312,     0.000173,
  1717.250,     1.714312,     1.989301,     0.004079,
  1717.300,     1.422454,     1.956454,     0.003161,
  1717.350,     1.090914,     1.767766,    -0.001064,
  1717.400,     0.717676,     1.530295,     0.000256,
  1717.450,     0.346676,     1.168417,    -0.001553,
  1717.500,    -0.026698,     0.812636,    -0.000132,
  1717.550,    -0.355633,     0.407275,    -0.008971,
  1717.600,    -0.476527,     0.038021,    -0.009579,
  1717.650,    -0.332360,    -0.290806,    -0.009967,
  1717.700,     0.026669,    -0.475594,    -0.012977,
  1717.750,     0.578995,    -0.410213,    -0.012497,
  1717.800,     1.053730,    -0.052088,    -0.010002,
  1717.850,     1.423424,     0.457475,    -0.008584,
  1717.900,     1.624632,     0.988306,    -0.009484,
  1717.950,     1.637558,     1.415740,    -0.008435,
  1718.000,     1.490069,     1.668179,    -0.011720,
  1718.050,     1.220526,     1.705765,    -0.004756,
  1718.100,     0.944103,     1.583977,    -0.008368,
  1718.150,     0.682671,     1.329943,    -0.009652,
  1718.200,     0.514109,     1.036802,     0.001051,
  1718.250,     0.455259,     0.768220,     0.001153,
  1718.300,     0.520163,     0.553401,     0.002196,
  1718.350,     0.631905,     0.472896,    -0.007123,
  1718.400,     0.786213,     0.491900,     0.001016,
  1718.450,     0.881455,     0.624468,     0.005790,
  1718.500,     0.972850,     0.761028,     0.001971,
  1718.550,     1.016688,     0.885877,     0.001545,
  1718.600,     1.063844,     0.965360,     0.003897,
  1718.650,     1.154359,     1.019752,     0.000898,
  1718.700,     1.369826,     1.055398,    -0.000269,
  1718.750,     1.672234,     1.122704,    -0.007517,
  1718.800,     2.041515,     1.344286,    -0.009019,
  1718.850,     2.378105,     1.613377,    -0.009243,
  1718.900,     2.577608,     1.994283,    -0.009259,
  1718.950,     2.635729,     2.344918,    -0.010044,
  1719.000,     2.521288,     2.580013,    -0.008254,
  1719.050,     2.216914,     2.720220,    -0.015759,
  1719.100,     1.745144,     2.634843,    -0.012204,
  1719.150,     1.203600,     2.351094,    -0.008069,
  1719.200,     0.602633,     1.910511,    -0.009576,
  1719.250,     0.089765,     1.332618,    -0.006115,
  1719.300,    -0.250467,     0.717710,    -0.001265,
  1719.350,    -0.336072,     0.149211,    -0.002172,
  1719.400,    -0.166623,    -0.231224,     0.002197,
  1719.450,     0.170181,    -0.365955,    -0.002119,
  1719.500,     0.687580,    -0.252983,     0.000493,
  1719.550,     1.277144,     0.065889,     0.005135,
  1719.600,     1.856805,     0.584058,    -0.000691,
  1719.650,     2.297650,     1.177586,     0.002127,
  1719.700,     2.495611,     1.803306,     0.000899,
  1719.750,     2.436097,     2.287425,    -0.004892,
  1719.800,     2.188696,     2.540220,    -0.006781,
  1719.850,     1.852474,     2.506058,    -0.010522,
  1719.900,     1.493520,     2.308830,    -0.010743,
  1719.950,     1.184453,     1.970036,    -0.018751,
  1720.000,     0.952769,     1.608460,    -0.009703,

