Time_abs/ps, Signal 1/nA, Ref.signal 1/nA, Signal 2/nA, Ref.signal 2/nA
  1600.000,    -0.000921,     0.007615,    -0.004302,
  1600.050,     0.002719,    -0.004646,     0.005064,
  1600.100,     0.000621,     0.011497,     0.002274,
  1600.150,    -0.001555,    -0.005388,    -0.001652,
  1600.200,    -0.000864,    -0.009079,    -0.001385,
  1600.250,    -0.020130,    -0.022884,    -0.004815,
  1600.300,    -0.027002,    -0.011605,    -0.005593,
  1600.350,    -0.024866,     0.000561,    -0.007218,
  1600.400,    -0.042738,     0.010459,    -0.006130,
  1600.450,    -0.045852,     0.008771,    -0.004093,
  1600.500,    -0.026452,    -0.000034,    -0.000481,
  1600.550,    -0.019097,    -0.009125,    -0.003691,
  1600.600,    -0.027611,    -0.021215,    -0.003314,
  1600.650,    -0.022300,    -0.028924,    -0.000551,
  1600.700,    -0.038375,    -0.024922,    -0.001169,
  1600.750,    -0.016714,    -0.033412,    -0.002997,
  1600.800,    -0.005513,    -0.027306,     0.004014,
  1600.850,    -0.030494,    -0.001638,     0.002562,
  1600.900,    -0.034717,    -0.017430,    -0.000760,
  1600.950,    -0.040203,    -0.006954,     0.002995,
  1601.000,    -0.037397,    -0.025601,     0.004216,
  1601.050,    -0.031289,    -0.025349,     0.007391,
  1601.100,    -0.044725,    -0.009534,     0.001502,
  1601.150,    -0.042001,    -0.028449,     0.006310,
  1601.200,    -0.044644,    -0.018410,    -0.005563,
  1601.250,    -0.055966,    -0.022588,     0.006738,
  1601.300,    -0.056180,    -0.037640,     0.003724,
  1601.350,    -0.061655,    -0.024145,    -0.001479,
  1601.400,    -0.056490,    -0.019708,    -0.002682,
  1601.450,    -0.058199,    -0.036830,    -0.002384,
  1601.500,    -0.072865,    -0.020360,    -0.008576,
  1601.550,    -0.072344,    -0.021295,    -0.006233,
  1601.600,    -0.083016,    -0.019094,    -0.007493,
  1601.650,    -0.078280,    -0.038961,    -0.005589,
  1601.700,    -0.087987,    -0.039712,    -0.003577,
  1601.750,    -0.075907,    -0.046448,    -0.012636,
  1601.800,    -0.069977,    -0.049859,    -0.012403,
  1601.850,    -0.085507,    -0.056273,    -0.001693,
  1601.900,    -0.082719,    -0.066449,     0.001388,
  1601.950,    -0.078576,    -0.072077,    -0.003475,
  1602.000,    -0.083918,    -0.063971,     0.002610,
  1602.050,    -0.080068,    -0.049452,    -0.000928,
  1602.100,    -0.074346,    -0.059367,     0.003628,
  1602.150,    -0.057666,    -0.063293,    -0.005034,
  1602.200,    -0.089657,    -0.057947,     0.005842,
  1602.250,    -0.078465,    -0.047525,     0.000770,
  1602.300,    -0.073317,    -0.066134,     0.003614,
  1602.350,    -0.102804,    -0.074133,     0.007761,
  1602.400,    -0.065859,    -0.077379,     0.004684,
  1602.450,    -0.075681,    -0.060169,     0.003107,
  1602.500,    -0.074763,    -0.080268,     0.003943,
  1602.550,    -0.069226,    -0.067907,     0.000629,
  1602.600,    -0.083584,    -0.099132,    -0.001821,
  1602.650,    -0.081401,    -0.079462,    -0.002789,
  1602.700,    -0.065906,    -0.061615,     0.002508,
  1602.750,    -0.066447,    -0.055587,    -0.000908,
  1602.800,    -0.066936,    -0.049285,    -0.000559,
  1602.850,    -0.082323,    -0.061351,    -0.000145,
  1602.900,    -0.085076,    -0.051576,    -0.003457,
  1602.950,    -0.069986,    -0.030425,    -0.003570,
  1603.000,    -0.076613,    -0.045516,    -0.006732,
  1603.050,    -0.059301,    -0.046597,    -0.008550,
  1603.100,    -0.069954,    -0.041525,    -0.013159,
  1603.150,    -0.068484,    -0.058770,    -0.003384,
  1603.200,    -0.063276,    -0.067038,    -0.002919,
  1603.250,    -0.061622,    -0.060943,    -0.007269,
  1603.300,    -0.068571,    -0.046130,    -0.004645,
  1603.350,    -0.064341,    -0.044856,    -0.007402,
  1603.400,    -0.079037,    -0.048941,    -0.003366,
  1603.450,    -0.062626,    -0.057768,     0.002570,
  1603.500,    -0.061209,    -0.061647,     0.004679,
  1603.550,    -0.072639,    -0.072860,    -0.001187,
  1603.600,    -0.069653,    -0.050958,    -0.001155,
  1603.650,    -0.091308,    -0.058043,     0.009124,
  1603.700,    -0.079644,    -0.046480,     0.002651,
  1603.750,    -0.082391,    -0.039911,     0.005401,
  1603.800,    -0.078598,    -0.055079,     0.009311,
  1603.850,    -0.091603,    -0.055890,     0.004743,
  1603.900,    -0.086048,    -0.060794,     0.003692,
  1603.950,    -0.091511,    -0.056321,     0.004384,
  1604.000,    -0.087125,    -0.053461,     0.002883,
  1604.050,    -0.078154,    -0.061511,    -0.002923,
  1604.100,    -0.080773,    -0.073083,    -0.004840,
  1604.150,    -0.082905,    -0.058812,    -0.001490,
  1604.200,    -0.069322,    -0.056921,     0.000878,
  1604.250,    -0.080200,    -0.052816,    -0.000654,
  1604.300,    -0.084178,    -0.051204,     0.002147,
  1604.350,    -0.068587,    -0.050098,     0.000723,
  1604.400,    -0.078762,    -0.051308,    -0.002326,
  1604.450,    -0.072253,    -0.055452,    -0.006438,
  1604.500,    -0.081345,    -0.068069,    -0.002387,
  1604.550,    -0.078991,    -0.050001,    -0.003721,
  1604.600,    -0.083818,    -0.060544,    -0.004452,
  1604.650,    -0.064699,    -0.066102,    -0.011240,
  1604.700,    -0.094404,    -0.067510,    -0.006189,
  1604.750,    -0.068238,    -0.069713,    -0.010168,
  1604.800,    -0.065691,    -0.075049,    -0.010871,
  1604.850,    -0.074191,    -0.068252,    -0.012300,
  1604.900,    -0.098458,    -0.068048,    -0.006588,
  1604.950,    -0.066207,    -0.057182,     0.001269,
  1605.000,    -0.075537,    -0.074073,    -0.008020,
  1605.050,    -0.073963,    -0.073767,    -0.004656,
  1605.100,    -0.091684,    -0.058804,     0.004855,
  1605.150,    -0.068086,    -0.074817,     0.000243,
  1605.200,    -0.064030,    -0.054424,    -0.000208,
  1605.250,    -0.082477,    -0.059604,     0.001502,
  1605.300,    -0.065385,    -0.073760,     0.000715,
  1605.350,    -0.076567,    -0.080658,     0.005267,
  1605.400,    -0.076346,    -0.064059,     0.001526,
  1605.450,    -0.080634,    -0.066206,     0.000743,
  1605.500,    -0.079064,    -0.061892,     0.001583,
  1605.550,    -0.081705,    -0.056416,     0.002651,
  1605.600,    -0.079296,    -0.060449,     0.001243,
  1605.650,    -0.070213,    -0.062375,    -0.001757,
  1605.700,    -0.076579,    -0.064690,    -0.001645,
  1605.750,    -0.078638,    -0.067201,     0.002467,
  1605.800,    -0.075965,    -0.053317,     0.000255,
  1605.850,    -0.097581,    -0.075328,    -0.002802,
  1605.900,    -0.119510,    -0.081720,    -0.000132,
  1605.950,    -0.097849,    -0.084957,    -0.002259,
  1606.000,    -0.115187,    -0.063255,    -0.000791,
  1606.050,    -0.139902,    -0.061329,    -0.001038,
  1606.100,    -0.135182,    -0.043735,    -0.004138,
  1606.150,    -0.124819,    -0.050841,    -0.002800,
  1606.200,    -0.128299,    -0.062682,    -0.003643,
  1606.250,    -0.119154,    -0.048538,    -0.001865,
  1606.300,    -0.129776,    -0.051206,    -0.004971,
  1606.350,    -0.108586,    -0.056931,    -0.007688,
  1606.400,    -0.094484,    -0.061721,    -0.002803,
  1606.450,    -0.109757,    -0.077838,    -0.004474,
  1606.500,    -0.114170,    -0.075351,    -0.002706,
  1606.550,    -0.108194,    -0.045355,    -0.000719,
  1606.600,    -0.102369,    -0.075436,     0.003618,
  1606.650,    -0.103452,    -0.075216,    -0.001320,
  1606.700,    -0.091826,    -0.067222,    -0.003439,
  1606.750,    -0.105348,    -0.063340,     0.000078,
  1606.800,    -0.099528,    -0.069187,     0.002234,
  1606.850,    -0.110000,    -0.065506,     0.001141,
  1606.900,    -0.101493,    -0.051772,     0.000474,
  1606.950,    -0.086988,    -0.049198,    -0.000663,
  1607.000,    -0.100520,    -0.044549,    -0.000041,
  1607.050,    -0.089373,    -0.057717,    -0.000411,
  1607.100,    -0.090503,    -0.057853,     0.001894,
  1607.150,    -0.087806,    -0.075347,     0.003625,
  1607.200,    -0.084314,    -0.075670,     0.003812,
  1607.250,    -0.099826,    -0.067853,     0.004854,
  1607.300,    -0.104914,    -0.065862,    -0.002095,
  1607.350,    -0.095461,    -0.091792,     0.005108,
  1607.400,    -0.095287,    -0.095613,     0.001982,
  1607.450,    -0.111699,    -0.089350,     0.003706,
  1607.500,    -0.100452,    -0.075400,    -0.000052,
  1607.550,    -0.112587,    -0.104859,    -0.000841,
  1607.600,    -0.124829,    -0.098777,    -0.001700,
  1607.650,    -0.136408,    -0.092790,    -0.005864,
  1607.700,    -0.150882,    -0.102410,    -0.003032,
  1607.750,    -0.135530,    -0.103796,    -0.002976,
  1607.800,    -0.157917,    -0.101278,    -0.004030,
  1607.850,    -0.160361,    -0.124529,    -0.006051,
  1607.900,    -0.158948,    -0.136633,    -0.002641,
  1607.950,    -0.170095,    -0.124998,     0.003884,
  1608.000,    -0.169751,    -0.137278,    -0.003668,
  1608.050,    -0.178736,    -0.131250,     0.002033,
  1608.100,    -0.173223,    -0.141260,     0.003004,
  1608.150,    -0.173992,    -0.161652,    -0.001584,
  1608.200,    -0.181609,    -0.162870,    -0.000416,
  1608.250,    -0.183125,    -0.156415,     0.000738,
  1608.300,    -0.183928,    -0.147483,     0.004060,
  1608.350,    -0.187142,    -0.147606,     0.003921,
  1608.400,    -0.158995,    -0.157783,     0.000570,
  1608.450,    -0.177051,    -0.149063,    -0.002007,
  1608.500,    -0.153795,    -0.130967,    -0.001812,
  1608.550,    -0.144592,    -0.132564,     0.005777,
  1608.600,    -0.169078,    -0.131408,    -0.002232,
  1608.650,    -0.155967,    -0.119437,     0.000760,
  1608.700,    -0.142653,    -0.132012,     0.001144,
  1608.750,    -0.152455,    -0.130531,    -0.003701,
  1608.800,    -0.133186,    -0.127366,    -0.000318,
  1608.850,    -0.114639,    -0.114349,    -0.004958,
  1608.900,    -0.144266,    -0.118084,    -0.005710,
  1608.950,    -0.130226,    -0.108535,     0.002318,
  1609.000,    -0.102506,    -0.122791,    -0.000610,
  1609.050,    -0.124551,    -0.112637,    -0.006329,
  1609.100,    -0.116906,    -0.100752,    -0.005271,
  1609.150,    -0.103838,    -0.101737,    -0.003974,
  1609.200,    -0.109490,    -0.083625,    -0.001538,
  1609.250,    -0.108909,    -0.090299,    -0.002784,
  1609.300,    -0.097696,    -0.092264,     0.000883,
  1609.350,    -0.096950,    -0.063074,    -0.001677,
  1609.400,    -0.091945,    -0.072413,    -0.007444,
  1609.450,    -0.062200,    -0.097468,    -0.005895,
  1609.500,    -0.092604,    -0.062004,     0.002113,
  1609.550,    -0.089827,    -0.074665,     0.000244,
  1609.600,    -0.076028,    -0.082541,     0.000258,
  1609.650,    -0.075626,    -0.095405,     0.004179,
  1609.700,    -0.073570,    -0.072481,     0.005901,
  1609.750,    -0.087626,    -0.073364,     0.007444,
  1609.800,    -0.084917,    -0.048757,     0.005597,
  1609.850,    -0.086477,    -0.050317,    -0.000658,
  1609.900,    -0.091387,    -0.050132,    -0.003633,
  1609.950,    -0.109705,    -0.052159,    -0.001737,
  1610.000,    -0.132783,    -0.076507,     0.003414,
  1610.050,    -0.136150,    -0.090168,     0.000386,
  1610.100,    -0.121459,    -0.092489,    -0.001893,
  1610.150,    -0.138847,    -0.092585,    -0.005959,
  1610.200,    -0.150699,    -0.087222,    -0.005776,
  1610.250,    -0.130642,    -0.102442,    -0.000301,
  1610.300,    -0.152024,    -0.110517,    -0.006036,
  1610.350,    -0.165019,    -0.117500,    -0.005354,
  1610.400,    -0.162084,    -0.123959,    -0.001906,
  1610.450,    -0.184304,    -0.132789,    -0.002449,
  1610.500,    -0.175163,    -0.137259,    -0.002639,
  1610.550,    -0.177881,    -0.141640,    -0.002127,
  1610.600,    -0.198963,    -0.131035,    -0.006204,
  1610.650,    -0.200088,    -0.137492,    -0.009096,
  1610.700,    -0.209705,    -0.131505,    -0.010725,
  1610.750,    -0.209433,    -0.161033,    -0.014144,
  1610.800,    -0.228571,    -0.172221,    -0.008685,
  1610.850,    -0.229049,    -0.194941,    -0.008398,
  1610.900,    -0.230761,    -0.172747,    -0.008164,
  1610.950,    -0.222100,    -0.179672,    -0.004149,
  1611.000,    -0.232784,    -0.196484,    -0.003138,
  1611.050,    -0.251640,    -0.217035,    -0.008030,
  1611.100,    -0.250494,    -0.213329,    -0.006093,
  1611.150,    -0.237980,    -0.239635,     0.002531,
  1611.200,    -0.230698,    -0.240099,    -0.000304,
  1611.250,    -0.222214,    -0.215287,    -0.005300,
  1611.300,    -0.233946,    -0.217257,    -0.003726,
  1611.350,    -0.215113,    -0.223915,     0.002707,
  1611.400,    -0.237405,    -0.225158,    -0.000873,
  1611.450,    -0.231299,    -0.227445,     0.002239,
  1611.500,    -0.214155,    -0.219021,     0.002214,
  1611.550,    -0.225355,    -0.196926,     0.008606,
  1611.600,    -0.224983,    -0.221091,     0.006117,
  1611.650,    -0.216780,    -0.212736,     0.006149,
  1611.700,    -0.202951,    -0.199161,     0.002414,
  1611.750,    -0.207470,    -0.192209,     0.007892,
  1611.800,    -0.208850,    -0.199529,     0.010001,
  1611.850,    -0.212850,    -0.174264,     0.003165,
  1611.900,    -0.224308,    -0.168421,     0.008055,
  1611.950,    -0.240965,    -0.185613,     0.003327,
  1612.000,    -0.237138,    -0.193127,    -0.002803,
  1612.050,    -0.228515,    -0.202004,     0.001823,
  1612.100,    -0.231326,    -0.203686,    -0.000061,
  1612.150,    -0.246350,    -0.192196,    -0.000894,
  1612.200,    -0.231972,    -0.228909,     0.001184,
  1612.250,    -0.224774,    -0.217702,     0.001489,
  1612.300,    -0.253177,    -0.218946,    -0.002884,
  1612.350,    -0.248053,    -0.226065,    -0.007037,
  1612.400,    -0.239100,    -0.209106,    -0.005557,
  1612.450,    -0.254805,    -0.219318,    -0.007361,
  1612.500,    -0.263332,    -0.206316,    -0.006477,
  1612.550,    -0.263885,    -0.213026,    -0.006634,
  1612.600,    -0.271391,    -0.230964,    -0.012595,
  1612.650,    -0.264169,    -0.237960,    -0.011405,
  1612.700,    -0.274733,    -0.240506,    -0.007503,
  1612.750,    -0.278127,    -0.236160,    -0.008387,
  1612.800,    -0.272992,    -0.233167,    -0.010343,
  1612.850,    -0.278171,    -0.256656,    -0.008706,
  1612.900,    -0.283471,    -0.239617,    -0.003369,
  1612.950,    -0.280510,    -0.245471,    -0.002071,
  1613.000,    -0.298181,    -0.262886,    -0.004337,
  1613.050,    -0.296333,    -0.251333,    -0.000008,
  1613.100,    -0.293716,    -0.256567,     0.000091,
  1613.150,    -0.284521,    -0.244889,    -0.001414,
  1613.200,    -0.301763,    -0.267568,    -0.002621,
  1613.250,    -0.296438,    -0.263436,    -0.001590,
  1613.300,    -0.310549,    -0.261406,     0.003958,
  1613.350,    -0.296533,    -0.262316,     0.000763,
  1613.400,    -0.297730,    -0.263597,    -0.001194,
  1613.450,    -0.316156,    -0.263895,    -0.001071,
  1613.500,    -0.320803,    -0.253962,     0.001777,
  1613.550,    -0.331044,    -0.267384,     0.005045,
  1613.600,    -0.328967,    -0.282852,     0.008043,
  1613.650,    -0.328832,    -0.294390,     0.009060,
  1613.700,    -0.338084,    -0.269291,     0.003154,
  1613.750,    -0.332007,    -0.296063,     0.002804,
  1613.800,    -0.338044,    -0.295676,     0.005908,
  1613.850,    -0.354036,    -0.290447,     0.000656,
  1613.900,    -0.372296,    -0.308364,    -0.003671,
  1613.950,    -0.349632,    -0.311033,    -0.002590,
  1614.000,    -0.362731,    -0.298176,     0.000864,
  1614.050,    -0.364951,    -0.320096,     0.004270,
  1614.100,    -0.364657,    -0.327092,     0.001936,
  1614.150,    -0.380082,    -0.336267,     0.000780,
  1614.200,    -0.368855,    -0.347295,    -0.000798,
  1614.250,    -0.364691,    -0.345886,    -0.004261,
  1614.300,    -0.370748,    -0.330335,    -0.010990,
  1614.350,    -0.378825,    -0.335595,    -0.006099,
  1614.400,    -0.368226,    -0.326397,    -0.009290,
  1614.450,    -0.364464,    -0.335081,    -0.004262,
  1614.500,    -0.382031,    -0.341281,    -0.006470,
  1614.550,    -0.377214,    -0.341916,    -0.010902,
  1614.600,    -0.388382,    -0.342900,    -0.007546,
  1614.650,    -0.382882,    -0.342125,    -0.002841,
  1614.700,    -0.378560,    -0.318097,    -0.005658,
  1614.750,    -0.358868,    -0.315540,    -0.007250,
  1614.800,    -0.366029,    -0.298863,    -0.004006,
  1614.850,    -0.376105,    -0.298416,    -0.006293,
  1614.900,    -0.388794,    -0.312369,    -0.001142,
  1614.950,    -0.382297,    -0.298750,     0.002560,
  1615.000,    -0.380843,    -0.299329,    -0.007724,
  1615.050,    -0.384887,    -0.316875,    -0.002383,
  1615.100,    -0.401331,    -0.339941,     0.007713,
  1615.150,    -0.423804,    -0.354372,     0.004628,
  1615.200,    -0.440156,    -0.349586,     0.003808,
  1615.250,    -0.439133,    -0.375272,     0.002131,
  1615.300,    -0.445172,    -0.391255,     0.002001,
  1615.350,    -0.448355,    -0.412063,     0.002083,
  1615.400,    -0.434712,    -0.422098,     0.001611,
  1615.450,    -0.461822,    -0.408363,     0.006661,
  1615.500,    -0.471963,    -0.404922,     0.004543,
  1615.550,    -0.458132,    -0.411461,     0.001669,
  1615.600,    -0.462388,    -0.401083,     0.004609,
  1615.650,    -0.460396,    -0.408784,     0.002754,
  1615.700,    -0.448854,    -0.415894,     0.007952,
  1615.750,    -0.472382,    -0.406058,     0.005378,
  1615.800,    -0.486974,    -0.429032,    -0.000846,
  1615.850,    -0.481218,    -0.454615,    -0.001596,
  1615.900,    -0.516276,    -0.455064,     0.002280,
  1615.950,    -0.520830,    -0.455368,     0.007118,
  1616.000,    -0.519196,    -0.466990,    -0.001598,
  1616.050,    -0.524183,    -0.474880,    -0.001079,
  1616.100,    -0.532214,    -0.480263,    -0.001404,
  1616.150,    -0.539707,    -0.480738,    -0.005010,
  1616.200,    -0.546677,    -0.476577,    -0.007382,
  1616.250,    -0.552126,    -0.483261,    -0.003247,
  1616.300,    -0.539470,    -0.490949,    -0.005288,
  1616.350,    -0.529841,    -0.490765,    -0.007396,
  1616.400,    -0.550283,    -0.495713,    -0.006205,
  1616.450,    -0.566235,    -0.492477,    -0.006341,
  1616.500,    -0.574716,    -0.503176,    -0.005035,
  1616.550,    -0.572938,    -0.526755,    -0.006313,
  1616.600,    -0.555133,    -0.506274,    -0.005581,
  1616.650,    -0.553547,    -0.492097,    -0.001755,
  1616.700,    -0.555533,    -0.494707,    -0.001812,
  1616.750,    -0.563625,    -0.491688,    -0.003281,
  1616.800,    -0.554513,    -0.491173,     0.000287,
  1616.850,    -0.549557,    -0.493725,     0.002674,
  1616.900,    -0.541339,    -0.487156,     0.003143,
  1616.950,    -0.522120,    -0.489569,    -0.001909,
  1617.000,    -0.526281,    -0.506868,    -0.003907,
  1617.050,    -0.528745,    -0.487291,     0.000029,
  1617.100,    -0.522239,    -0.474220,     0.002961,
  1617.150,    -0.524548,    -0.483483,     0.001646,
  1617.200,    -0.514144,    -0.473541,    -0.001715,
  1617.250,    -0.505394,    -0.474562,    -0.003238,
  1617.300,    -0.504649,    -0.456456,    -0.005323,
  1617.350,    -0.507201,    -0.446705,    -0.005086,
  1617.400,    -0.480160,    -0.459078,     0.000085,
  1617.450,    -0.487201,    -0.445847,     0.000975,
  1617.500,    -0.469152,    -0.438835,     0.004047,
  1617.550,    -0.444325,    -0.433537,     0.005017,
  1617.600,    -0.443579,    -0.436497,     0.001065,
  1617.650,    -0.421596,    -0.418269,    -0.003017,
  1617.700,    -0.396768,    -0.416141,     0.000794,
  1617.750,    -0.395106,    -0.407228,    -0.001859,
  1617.800,    -0.361961,    -0.401720,    -0.000752,
  1617.850,    -0.342584,    -0.380863,    -0.000631,
  1617.900,    -0.297927,    -0.371745,    -0.001204,
  1617.950,    -0.244994,    -0.338327,    -0.002140,
  1618.000,    -0.227968,    -0.281234,     0.000380,
  1618.050,    -0.175920,    -0.232384,    -0.000295,
  1618.100,    -0.132783,    -0.193871,    -0.003403,
  1618.150,    -0.114420,    -0.161821,    -0.002154,
  1618.200,    -0.106357,    -0.119875,    -0.004657,
  1618.250,    -0.170843,    -0.077524,    -0.002062,
  1618.300,    -0.303210,    -0.071774,     0.001661,
  1618.350,    -0.510480,    -0.087374,     0.001418,
  1618.400,    -0.806655,    -0.196099,    -0.001474,
  1618.450,    -1.195867,    -0.348139,    -0.003521,
  1618.500,    -1.627500,    -0.610612,     0.002061,
  1618.550,    -2.043486,    -0.952923,     0.001601,
  1618.600,    -2.355071,    -1.333053,    -0.000362,
  1618.650,    -2.534215,    -1.743931,    -0.003500,
  1618.700,    -2.497165,    -2.126887,    -0.004421,
  1618.750,    -2.238359,    -2.394161,    -0.000893,
  1618.800,    -1.871295,    -2.457728,    -0.000296,
  1618.850,    -1.460608,    -2.309845,     0.001616,
  1618.900,    -1.036261,    -1.995652,    -0.003869,
  1618.950,    -0.678530,    -1.602009,    -0.003386,
  1619.000,    -0.435877,    -1.184876,    -0.002159,
  1619.050,    -0.265556,    -0.797805,    -0.002683,
  1619.100,    -0.168005,    -0.520714,    -0.006356,
  1619.150,    -0.147472,    -0.297820,    -0.006159,
  1619.200,    -0.196619,    -0.164513,    -0.002747,
  1619.250,    -0.263865,    -0.133796,    -0.005788,
  1619.300,    -0.328133,    -0.141140,    -0.006988,
  1619.350,    -0.398935,    -0.189173,    -0.006210,
  1619.400,    -0.470413,    -0.272831,    -0.000981,
  1619.450,    -0.548287,    -0.366149,    -0.004154,
  1619.500,    -0.596912,    -0.414662,    -0.009287,
  1619.550,    -0.604192,    -0.486669,    -0.005282,
  1619.600,    -0.619679,    -0.532702,    -0.004031,
  1619.650,    -0.639915,    -0.559336,     0.000234,
  1619.700,    -0.614066,    -0.580338,     0.002173,
  1619.750,    -0.646574,    -0.589772,     0.002297,
  1619.800,    -0.711492,    -0.591029,     0.000762,
  1619.850,    -0.708449,    -0.607447,     0.000728,
  1619.900,    -0.736228,    -0.624791,    -0.002630,
  1619.950,    -0.779076,    -0.651564,    -0.007041,
  1620.000,    -0.776110,    -0.699427,    -0.000314,
  1620.050,    -0.786900,    -0.712156,     0.005270,
  1620.100,    -0.814828,    -0.740053,     0.004004,
  1620.150,    -0.820327,    -0.779035,     0.000959,
  1620.200,    -0.811177,    -0.777557,     0.000360,
  1620.250,    -0.796143,    -0.783301,     0.001412,
  1620.300,    -0.797706,    -0.795376,     0.000723,
  1620.350,    -0.803616,    -0.762885,     0.000670,
  1620.400,    -0.819326,    -0.756703,     0.004577,
  1620.450,    -0.811073,    -0.755122,     0.006038,
  1620.500,    -0.831931,    -0.759587,     0.004215,
  1620.550,    -0.846078,    -0.770126,     0.000841,
  1620.600,    -0.846456,    -0.762379,    -0.001974,
  1620.650,    -0.875854,    -0.799293,     0.000202,
  1620.700,    -0.889091,    -0.826538,     0.005390,
  1620.750,    -0.882816,    -0.825007,    -0.000964,
  1620.800,    -0.897259,    -0.836559,    -0.006797,
  1620.850,    -0.892140,    -0.864981,    -0.005663,
  1620.900,    -0.908513,    -0.872562,    -0.003283,
  1620.950,    -0.923008,    -0.863349,    -0.001516,
  1621.000,    -0.934324,    -0.892779,    -0.003267,
  1621.050,    -0.944946,    -0.900679,    -0.005167,
  1621.100,    -0.991478,    -0.903279,    -0.003745,
  1621.150,    -1.023716,    -0.929399,    -0.002686,
  1621.200,    -1.051871,    -0.946151,    -0.008892,
  1621.250,    -1.093091,    -0.973433,    -0.009432,
  1621.300,    -1.127384,    -1.002156,    -0.009071,
  1621.350,    -1.098876,    -1.031033,    -0.007745,
  1621.400,    -1.060134,    -1.055723,    -0.011101,
  1621.450,    -1.012130,    -1.082439,    -0.009457,
  1621.500,    -0.955797,    -1.040745,    -0.007620,
  1621.550,    -0.911449,    -1.007067,    -0.008005,
  1621.600,    -0.872267,    -0.969472,    -0.003149,
  1621.650,    -0.856250,    -0.923275,    -0.001259,
  1621.700,    -0.840358,    -0.868363,    -0.002064,
  1621.750,    -0.867916,    -0.839668,     0.003728,
  1621.800,    -0.899076,    -0.839075,    -0.002797,
  1621.850,    -0.916848,    -0.835832,    -0.004132,
  1621.900,    -0.936091,    -0.868083,     0.000143,
  1621.950,    -0.975395,    -0.905803,    -0.000157,
  1622.000,    -0.980685,    -0.925178,     0.002972,
  1622.050,    -0.964656,    -0.925425,     0.004770,
  1622.100,    -0.961351,    -0.933014,     0.006039,
  1622.150,    -0.955959,    -0.943333,     0.005395,
  1622.200,    -0.938793,    -0.946160,     0.003254,
  1622.250,    -0.900155,    -0.947706,     0.006766,
  1622.300,    -0.865947,    -0.936598,     0.006661,
  1622.350,    -0.855562,    -0.911204,     0.007245,
  1622.400,    -0.842580,    -0.902913,     0.011362,
  1622.450,    -0.792662,    -0.885350,     0.007786,
  1622.500,    -0.759020,    -0.852988,     0.008429,
  1622.550,    -0.720128,    -0.809969,     0.009511,
  1622.600,    -0.659338,    -0.785377,     0.008886,
  1622.650,    -0.562727,    -0.742969,     0.006802,
  1622.700,    -0.490265,    -0.686576,     0.003422,
  1622.750,    -0.371858,    -0.613374,    -0.000348,
  1622.800,    -0.224528,    -0.510101,    -0.000078,
  1622.850,    -0.094701,    -0.403846,     0.000341,
  1622.900,     0.029808,    -0.275957,    -0.003290,
  1622.950,     0.093442,    -0.136301,    -0.003488,
  1623.000,     0.046285,    -0.013895,    -0.006986,
  1623.050,    -0.153993,     0.097326,    -0.006285,
  1623.100,    -0.622998,     0.115637,    -0.005651,
  1623.150,    -1.503465,     0.008123,    -0.008317,
  1623.200,    -2.906983,    -0.326249,    -0.008068,
  1623.250,    -4.934113,    -1.001347,    -0.007660,
  1623.300,    -7.569154,    -2.122518,    -0.007724,
  1623.350,   -10.641427,    -3.843026,    -0.008472,
  1623.400,   -13.740766,    -6.190226,    -0.007867,
  1623.450,   -16.256166,    -9.079033,    -0.008212,
  1623.500,   -17.503967,   -12.222148,    -0.004705,
  1623.550,   -16.898480,   -15.132563,    -0.006301,
  1623.600,   -14.149882,   -17.125555,    -0.004800,
  1623.650,    -9.624791,   -17.493563,    -0.003150,
  1623.700,    -4.169489,   -15.827166,    -0.009924,
  1623.750,     1.185863,   -12.123533,    -0.003609,
  1623.800,     5.400544,    -6.997025,    -0.003372,
  1623.850,     7.911567,    -1.427215,    -0.009051,
  1623.900,     8.583157,     3.484423,    -0.003441,
  1623.950,     7.657987,     6.934489,     0.001745,
  1624.000,     5.520657,     8.513791,     0.001606,
  1624.050,     2.696435,     8.337132,    -0.000448,
  1624.100,    -0.266453,     6.748450,     0.001902,
  1624.150,    -2.814241,     4.178412,     0.002949,
  1624.200,    -4.644944,     1.205607,     0.006266,
  1624.250,    -5.677118,    -1.618595,     0.004992,
  1624.300,    -6.119999,    -3.847212,     0.002836,
  1624.350,    -6.131449,    -5.274983,     0.006755,
  1624.400,    -5.753036,    -5.999073,     0.003916,
  1624.450,    -4.962354,    -6.210488,     0.005313,
  1624.500,    -3.968760,    -6.037645,     0.009975,
  1624.550,    -3.037138,    -5.448199,     0.005605,
  1624.600,    -2.387032,    -4.513717,     0.003358,
  1624.650,    -1.964531,    -3.507028,     0.001173,
  1624.700,    -1.608506,    -2.713990,     0.005892,
  1624.750,    -1.281013,    -2.169706,     0.003612,
  1624.800,    -0.938124,    -1.805950,     0.005203,
  1624.850,    -0.561070,    -1.469886,     0.005340,
  1624.900,    -0.109977,    -1.140785,     0.000749,
  1624.950,     0.514637,    -0.812284,    -0.000860,
  1625.000,     1.297933,    -0.407357,     0.003369,
  1625.050,     2.268182,     0.132472,    -0.000163,
  1625.100,     3.359309,     0.838794,    -0.001215,
  1625.150,     4.515297,     1.727241,    -0.001503,
  1625.200,     5.712914,     2.765705,    -0.001599,
  1625.250,     6.914034,     3.889177,    -0.003345,
  1625.300,     8.126003,     5.077292,    -0.009016,
  1625.350,     9.418270,     6.273234,    -0.008043,
  1625.400,    10.778950,     7.478472,    -0.004550,
  1625.450,    12.261865,     8.746009,    -0.014711,
  1625.500,    13.985411,    10.060120,    -0.009660,
  1625.550,    15.951594,    11.467869,    -0.009635,
  1625.600,    18.261682,    13.071246,    -0.014440,
  1625.650,    20.956034,    14.898890,    -0.011795,
  1625.700,    24.066456,    17.010325,    -0.012852,
  1625.750,    27.675537,    19.501218,    -0.009769,
  1625.800,    31.820780,    22.428147,    -0.013069,
  1625.850,    36.600855,    25.822997,    -0.018446,
  1625.900,    42.110974,    29.700968,    -0.010242,
  1625.950,    48.518937,    34.164119,    -0.011245,
  1626.000,    55.910776,    39.328189,    -0.014461,
  1626.050,    64.378578,    45.320874,    -0.015006,
  1626.100,    73.952687,    52.213222,    -0.017586,
  1626.150,    84.410844,    60.173804,    -0.015816,
  1626.200,    95.391810,    69.234329,    -0.012274,
  1626.250,   106.061006,    79.317423,    -0.011314,
  1626.300,   114.957029,    90.147328,    -0.010705,
  1626.350,   119.793098,   101.149397,    -0.004451,
  1626.400,   117.142317,   111.240914,     0.002850,
  1626.450,   102.020999,   118.577158,     0.007713,
  1626.500,    68.322864,   120.330037,     0.015554,
  1626.550,     9.291950,   112.301036,     0.024450,
  1626.600,   -80.852624,    88.936240,     0.035801,
  1626.650,  -204.447202,    43.654300,     0.047026,
  1626.700,  -357.231764,   -30.080523,     0.044436,
  1626.750,  -526.142743,  -136.599317,     0.044847,
  1626.800,  -688.997347,  -275.383844,     0.035745,
  1626.850,  -815.612380,  -438.202199,     0.026436,
  1626.900,  -871.530313,  -607.466873,     0.021714,
  1626.950,  -828.221444,  -756.832510,     0.016562,
  1627.000,  -678.584370,  -853.304042,     0.021790,
  1627.050,  -444.936177,  -863.652525,     0.035515,
  1627.100,  -170.564616,  -767.964910,     0.041394,
  1627.150,    98.104041,  -573.556554,     0.043335,
  1627.200,   326.391935,  -314.836492,     0.029804,
  1627.250,   495.345856,   -38.717001,     0.014376,
  1627.300,   596.085113,   213.204124,     0.003706,
  1627.350,   626.047370,   414.370761,    -0.006671,
  1627.400,   591.447393,   551.418659,    -0.006689,
  1627.450,   510.188570,   618.154752,    -0.014742,
  1627.500,   407.748232,   615.650001,    -0.017786,
  1627.550,   306.655873,   555.920794,    -0.017671,
  1627.600,   218.225508,   461.606808,    -0.017150,
  1627.650,   143.629436,   358.092630,    -0.014556,
  1627.700,    82.651480,   262.795631,    -0.016070,
  1627.750,    38.903986,   181.288099,    -0.008502,
  1627.800,    16.414756,   113.143369,    -0.007515,
  1627.850,    12.452704,    59.884677,    -0.009139,
  1627.900,    17.070593,    26.164406,    -0.007269,
  1627.950,    20.649435,    13.388737,     0.001456,
  1628.000,    19.928797,    14.807836,     0.000382,
  1628.050,    16.236457,    19.605023,    -0.002367,
  1628.100,    10.266452,    20.976186,    -0.002207,
  1628.150,     1.410289,    18.573325,     0.002902,
  1628.200,    -9.651292,    13.737354,     0.001287,
  1628.250,   -20.414093,     6.294082,    -0.003048,
  1628.300,   -28.546136,    -3.942722,    -0.005008,
  1628.350,   -32.653888,   -15.291041,    -0.006584,
  1628.400,   -31.873452,   -25.115936,    -0.005374,
  1628.450,   -26.392104,   -31.509963,     0.001915,
  1628.500,   -18.425552,   -33.304194,    -0.003562,
  1628.550,   -10.885411,   -29.992888,    -0.005112,
  1628.600,    -5.444168,   -22.742302,    -0.005870,
  1628.650,    -2.495255,   -14.414926,    -0.015509,
  1628.700,    -2.215301,    -7.483234,    -0.010107,
  1628.750,    -4.313017,    -2.984859,    -0.005833,
  1628.800,    -7.845601,    -1.164252,    -0.004221,
  1628.850,   -11.827467,    -2.118112,    -0.003845,
  1628.900,   -15.459595,    -5.174189,    -0.004661,
  1628.950,   -17.620966,    -9.286403,    -0.005371,
  1629.000,   -17.447685,   -13.634145,    -0.003957,
  1629.050,   -15.481184,   -17.083424,    -0.006185,
  1629.100,   -12.863282,   -18.429742,    -0.006555,
  1629.150,    -9.843773,   -17.405915,    -0.005860,
  1629.200,    -6.621153,   -14.983355,    -0.000530,
  1629.250,    -4.186992,   -11.998510,    -0.004180,
  1629.300,    -3.039712,    -8.593464,    -0.005053,
  1629.350,    -2.413443,    -5.354663,    -0.001107,
  1629.400,    -1.877906,    -3.324842,     0.001156,
  1629.450,    -2.013687,    -2.418323,    -0.000684,
  1629.500,    -3.126854,    -1.744800,     0.003282,
  1629.550,    -4.517718,    -1.435813,     0.008724,
  1629.600,    -5.732506,    -2.146204,     0.004127,
  1629.650,    -6.815945,    -3.579164,     0.002836,
  1629.700,    -7.565513,    -5.007354,     0.003705,
  1629.750,    -7.991038,    -6.289650,     0.005986,
  1629.800,    -8.535191,    -7.321848,     0.004786,
  1629.850,    -9.112395,    -7.916487,     0.011636,
  1629.900,    -9.501123,    -8.401538,     0.009443,
  1629.950,   -10.365628,    -9.063405,     0.006792,
  1630.000,   -12.655503,    -9.528301,     0.010594,
  1630.050,   -16.084316,    -9.995554,     0.005993,
  1630.100,   -19.451740,   -11.552468,     0.004579,
  1630.150,   -22.239137,   -14.581446,     0.002141,
  1630.200,   -24.424514,   -18.110098,     0.005695,
  1630.250,   -25.726333,   -21.159664,     0.002644,
  1630.300,   -25.263090,   -23.552278,     0.000780,
  1630.350,   -22.122603,   -25.200944,    -0.000551,
  1630.400,   -16.045180,   -25.526302,    -0.000933,
  1630.450,    -7.994904,   -23.619052,    -0.003466,
  1630.500,     0.216272,   -18.819349,    -0.008305,
  1630.550,     7.046419,   -11.499617,    -0.003716,
  1630.600,    11.628681,    -3.149112,    -0.000109,
  1630.650,    13.669460,     4.452853,    -0.003834,
  1630.700,    13.441096,    10.046533,    -0.005343,
  1630.750,    11.441947,    13.060233,    -0.006254,
  1630.800,     8.319481,    13.620158,    -0.002405,
  1630.850,     5.029155,    12.157680,    -0.005772,
  1630.900,     2.584999,     9.274574,    -0.005262,
  1630.950,     1.532694,     5.856123,    -0.005456,
  1631.000,     1.827610,     2.993944,    -0.006771,
  1631.050,     2.885982,     1.406954,    -0.004275,
  1631.100,     3.729311,     1.309775,    -0.008001,
  1631.150,     3.697167,     2.395546,    -0.003879,
  1631.200,     3.130551,     3.763499,    -0.000929,
  1631.250,     2.474899,     4.322650,    -0.004784,
  1631.300,     1.650331,     3.926636,    -0.002012,
  1631.350,     0.729211,     3.166550,    -0.001423,
  1631.400,     0.093243,     2.265575,    -0.001459,
  1631.450,    -0.099450,     1.160862,    -0.003160,
  1631.500,     0.006270,     0.170592,     0.001257,
  1631.550,     0.323003,    -0.376537,     0.001040,
  1631.600,     0.578577,    -0.448203,    -0.003109,
  1631.650,     0.654323,    -0.184167,     0.001401,
  1631.700,     0.762130,     0.207198,     0.003016,
  1631.750,     0.984062,     0.439720,     0.003287,
  1631.800,     1.142900,     0.576219,     0.000804,
  1631.850,     1.238092,     0.828175,     0.002223,
  1631.900,     1.306710,     1.151283,    -0.000222,
  1631.950,     1.087473,     1.302174,    -0.004056,
  1632.000,     0.392407,     1.393799,     0.000654,
  1632.050,    -0.492502,     1.363982,     0.001424,
  1632.100,    -0.958472,     0.892051,     0.005597,
  1632.150,    -0.667400,    -0.002850,     0.002642,
  1632.200,     0.065367,    -0.749953,     0.000324,
  1632.250,     0.586668,    -0.775002,     0.000422,
  1632.300,     0.433788,    -0.086435,    -0.002529,
  1632.350,    -0.218023,     0.719788,    -0.001654,
  1632.400,    -1.110639,     0.976297,     0.000705,
  1632.450,    -2.034651,     0.479779,     0.000509,
  1632.500,    -2.989675,    -0.447088,    -0.000000,
  1632.550,    -3.723861,    -1.509570,     0.000793,
  1632.600,    -3.832578,    -2.620741,    -0.003520,
  1632.650,    -3.105665,    -3.634282,    -0.005728,
  1632.700,    -1.761394,    -4.182021,    -0.000501,
  1632.750,    -0.182252,    -3.906807,    -0.003200,
  1632.800,     1.238243,    -2.793900,    -0.004506,
  1632.850,     2.308003,    -1.227206,    -0.002441,
  1632.900,     2.893417,     0.409447,     0.000567,
  1632.950,     2.978937,     1.757836,    -0.002438,
  1633.000,     2.396138,     2.638111,    -0.002798,
  1633.050,     1.154897,     3.037544,     0.001278,
  1633.100,    -0.226618,     2.807701,    -0.004037,
  1633.150,    -1.000024,     1.846147,     0.000272,
  1633.200,    -0.876191,     0.418482,    -0.004442,
  1633.250,    -0.123005,    -0.781082,    -0.004231,
  1633.300,     0.679685,    -1.114038,    -0.004786,
  1633.350,     1.189899,    -0.548134,    -0.003478,
  1633.400,     1.572553,     0.372960,    -0.004414,
  1633.450,     1.994286,     1.093779,    -0.006307,
  1633.500,     2.110836,     1.532629,     0.000114,
  1633.550,     1.694764,     1.931117,    -0.002150,
  1633.600,     0.962760,     2.205702,    -0.004371,
  1633.650,     0.467595,     2.028786,    -0.007422,
  1633.700,     0.565967,     1.294591,    -0.007773,
  1633.750,     1.109713,     0.509281,    -0.006573,
  1633.800,     1.634843,     0.259539,    -0.005758,
  1633.850,     1.902340,     0.637703,    -0.006638,
  1633.900,     2.187719,     1.288410,    -0.005193,
  1633.950,     2.875017,     1.735328,    -0.000155,
  1634.000,     3.990483,     2.004661,    -0.000675,
  1634.050,     5.116769,     2.524687,    -0.005438,
  1634.100,     5.674852,     3.538086,    -0.000345,
  1634.150,     5.325090,     4.817174,    -0.000155,
  1634.200,     4.117381,     5.771806,     0.003292,
  1634.250,     2.397679,     5.894634,     0.010172,
  1634.300,     0.669293,     5.019867,     0.006795,
  1634.350,    -0.633995,     3.374413,     0.006949,
  1634.400,    -1.295102,     1.468931,     0.006682,
  1634.450,    -1.198529,    -0.234864,     0.002422,
  1634.500,    -0.530464,    -1.331142,     0.007418,
  1634.550,     0.491352,    -1.620024,     0.010752,
  1634.600,     1.491835,    -1.193751,     0.010159,
  1634.650,     1.977355,    -0.221375,     0.003894,
  1634.700,     2.009434,     0.944310,     0.003438,
  1634.750,     1.839057,     1.802740,     0.002974,
  1634.800,     1.613843,     2.103127,     0.001874,
  1634.850,     1.180281,     1.980898,     0.002304,
  1634.900,     0.257108,     1.834150,    -0.003588,
  1634.950,    -0.972893,     1.554471,    -0.006005,
  1635.000,    -2.010317,     0.849765,     0.000173,
  1635.050,    -2.398697,    -0.364628,    -0.001643,
  1635.100,    -1.937533,    -1.647068,    -0.001988,
  1635.150,    -0.943487,    -2.463542,    -0.003130,
  1635.200,     0.188270,    -2.393592,    -0.001782,
  1635.250,     1.203845,    -1.539666,    -0.003139,
  1635.300,     2.091349,    -0.367061,    -0.004404,
  1635.350,     2.655526,     0.786164,    -0.004938,
  1635.400,     2.802954,     1.800347,    -0.004658,
  1635.450,     2.644820,     2.567745,    -0.007662,
  1635.500,     2.668653,     2.857418,    -0.007453,
  1635.550,     3.244294,     2.729597,    -0.008471,
  1635.600,     4.295237,     2.507415,    -0.007295,
  1635.650,     5.549891,     2.725166,    -0.009881,
  1635.700,     6.722046,     3.536522,    -0.008421,
  1635.750,     7.689267,     4.719953,    -0.002989,
  1635.800,     8.243345,     5.978758,    -0.001815,
  1635.850,     8.219925,     7.139484,    -0.008398,
  1635.900,     7.424298,     8.018270,    -0.005804,
  1635.950,     5.825841,     8.408722,    -0.003419,
  1636.000,     3.586134,     8.099335,    -0.000904,
  1636.050,     1.258395,     6.992960,    -0.005001,
  1636.100,    -0.575952,     5.083596,    -0.004255,
  1636.150,    -1.727343,     2.715300,     0.005215,
  1636.200,    -2.322863,     0.553834,     0.003224,
  1636.250,    -2.577551,    -0.974464,    -0.002770,
  1636.300,    -2.632726,    -1.866223,     0.003772,
  1636.350,    -2.529512,    -2.360050,     0.004288,
  1636.400,    -2.333171,    -2.625182,     0.006509,
  1636.450,    -2.174740,    -2.683920,     0.007463,
  1636.500,    -2.084202,    -2.569406,     0.006660,
  1636.550,    -1.876966,    -2.462354,     0.012566,
  1636.600,    -1.535618,    -2.381856,     0.011318,
  1636.650,    -1.227326,    -2.249739,     0.007442,
  1636.700,    -0.848702,    -1.943175,     0.005969,
  1636.750,    -0.374600,    -1.563875,     0.007057,
  1636.800,     0.253417,    -1.173989,     0.004805,
  1636.850,     0.993618,    -0.740138,     0.004738,
  1636.900,     1.818670,    -0.124872,    -0.002565,
  1636.950,     2.711502,     0.609759,    -0.004477,
  1637.000,     3.555465,     1.406203,    -0.005572,
  1637.050,     4.025681,     2.317221,    -0.007145,
  1637.100,     3.715073,     3.254949,    -0.002531,
  1637.150,     2.642864,     4.003688,    -0.001598,
  1637.200,     1.184254,     4.135708,    -0.007586,
  1637.250,    -0.189274,     3.405202,    -0.006143,
  1637.300,    -1.168977,     1.985505,    -0.003501,
  1637.350,    -1.611863,     0.434592,    -0.005253,
  1637.400,    -1.464997,    -0.822254,    -0.005696,
  1637.450,    -0.811430,    -1.575648,    -0.008365,
  1637.500,     0.176672,    -1.729813,    -0.009939,
  1637.550,     1.196317,    -1.255113,    -0.011200,
  1637.600,     2.002425,    -0.338612,    -0.009132,
  1637.650,     2.595641,     0.763632,    -0.003588,
  1637.700,     3.023884,     1.740224,    -0.001788,
  1637.750,     3.250306,     2.460679,    -0.008014,
  1637.800,     3.186819,     2.958997,    -0.009865,
  1637.850,     2.912782,     3.299934,     0.000484,
  1637.900,     2.601221,     3.385711,     0.000512,
  1637.950,     2.304026,     3.162409,    -0.004265,
  1638.000,     1.919782,     2.824086,    -0.002718,
  1638.050,     1.412754,     2.523193,    -0.001151,
  1638.100,     0.820310,     2.167881,    -0.002224,
  1638.150,     0.421295,     1.673464,    -0.002002,
  1638.200,     0.260119,     1.097867,    -0.002554,
  1638.250,     0.299632,     0.595649,    -0.001526,
  1638.300,     0.305394,     0.267708,     0.001658,
  1638.350,     0.091691,     0.215812,    -0.002156,
  1638.400,    -0.409713,     0.300757,     0.002997,
  1638.450,    -0.973306,     0.210374,     0.000746,
  1638.500,    -1.219200,    -0.234144,     0.005086,
  1638.550,    -1.021126,    -0.859218,     0.004787,
  1638.600,    -0.495310,    -1.345800,     0.002797,
  1638.650,     0.293951,    -1.384178,     0.006313,
  1638.700,     1.423998,    -1.020408,     0.005628,
  1638.750,     2.696647,    -0.342018,     0.001923,
  1638.800,     3.764901,     0.725234,     0.000776,
  1638.850,     4.448048,     2.078701,     0.002439,
  1638.900,     4.722390,     3.398893,     0.000453,
  1638.950,     4.635262,     4.392974,     0.000861,
  1639.000,     4.104716,     4.958612,    -0.000286,
  1639.050,     2.959352,     5.103479,    -0.007948,
  1639.100,     1.217272,     4.824185,    -0.005612,
  1639.150,    -0.813476,     3.945542,    -0.000869,
  1639.200,    -2.688907,     2.410317,    -0.005756,
  1639.250,    -4.080372,     0.343592,    -0.004769,
  1639.300,    -4.814031,    -1.854028,    -0.001229,
  1639.350,    -4.772349,    -3.661547,    -0.008297,
  1639.400,    -3.871656,    -4.850082,    -0.006192,
  1639.450,    -2.188949,    -5.255514,    -0.004348,
  1639.500,    -0.057002,    -4.758078,     0.000544,
  1639.550,     1.912252,    -3.317165,     0.005518,
  1639.600,     3.396012,    -1.240698,    -0.001212,
  1639.650,     4.387724,     1.045305,    -0.001988,
  1639.700,     5.013226,     2.943423,    -0.004576,
  1639.750,     5.184766,     4.244858,    -0.001183,
  1639.800,     4.620486,     5.100088,    -0.001332,
  1639.850,     3.266967,     5.546860,    -0.005422,
  1639.900,     1.361796,     5.334418,    -0.003917,
  1639.950,    -0.607244,     4.304736,    -0.002925,
  1640.000,    -2.083487,     2.511987,    -0.002837,
  1640.050,    -2.750605,     0.352506,     0.002089,
  1640.100,    -2.670906,    -1.575325,     0.001972,
  1640.150,    -2.190498,    -2.746470,     0.001074,
  1640.200,    -1.550864,    -3.031769,     0.002188,
  1640.250,    -0.832441,    -2.697153,     0.002007,
  1640.300,    -0.189885,    -2.044046,     0.003291,
  1640.350,     0.217834,    -1.309203,     0.002260,
  1640.400,     0.268173,    -0.531349,    -0.002408,
  1640.450,     0.299992,     0.062713,    -0.004778,
  1640.500,     0.642804,     0.293488,     0.001247,
  1640.550,     1.441065,     0.269254,     0.005483,
  1640.600,     2.509495,     0.404838,     0.007496,
  1640.650,     3.377336,     1.032106,     0.005238,
  1640.700,     3.857670,     2.062719,     0.002028,
  1640.750,     3.977404,     3.106748,    -0.001965,
  1640.800,     3.834315,     3.840306,     0.001315,
  1640.850,     3.427811,     4.170689,     0.002743,
  1640.900,     2.547059,     4.128747,     0.004004,
  1640.950,     1.282244,     3.825790,     0.003728,
  1641.000,     0.034191,     3.105605,    -0.003831,
  1641.050,    -0.766838,     1.919317,    -0.005076,
  1641.100,    -0.863724,     0.499471,    -0.001687,
  1641.150,    -0.250047,    -0.655401,    -0.001712,
  1641.200,     0.939073,    -1.180790,     0.001284,
  1641.250,     2.586580,    -0.932680,    -0.001229,
  1641.300,     4.465809,     0.065962,    -0.005599,
  1641.350,     6.217670,     1.640657,    -0.000536,
  1641.400,     7.305481,     3.587384,    -0.005490,
  1641.450,     7.254604,     5.627009,    -0.006003,
  1641.500,     5.987936,     7.283995,    -0.001242,
  1641.550,     4.017618,     7.929273,     0.000520,
  1641.600,     2.051515,     7.229707,    -0.000560,
  1641.650,     0.364438,     5.437746,    -0.002775,
  1641.700,    -1.084644,     3.255428,    -0.004366,
  1641.750,    -2.312469,     1.287893,    -0.004989,
  1641.800,    -2.906943,    -0.430065,    -0.004065,
  1641.850,    -2.738288,    -1.912394,    -0.001397,
  1641.900,    -2.134325,    -2.921142,     0.000504,
  1641.950,    -1.629199,    -3.164518,     0.001771,
  1642.000,    -1.432393,    -2.711609,     0.001143,
  1642.050,    -1.594564,    -2.023525,     0.003115,
  1642.100,    -1.908809,    -1.612473,    -0.003276,
  1642.150,    -2.105328,    -1.626222,    -0.003779,
  1642.200,    -1.986430,    -1.895577,     0.000926,
  1642.250,    -1.293845,    -2.231396,     0.002266,
  1642.300,     0.118960,    -2.317654,    -0.000414,
  1642.350,     2.183945,    -1.902629,     0.001274,
  1642.400,     4.414434,    -0.786280,    -0.000474,
  1642.450,     6.167702,     1.129492,    -0.000629,
  1642.500,     6.943252,     3.499094,     0.001260,
  1642.550,     6.417181,     5.749574,    -0.000610,
  1642.600,     4.671242,     7.199591,     0.002122,
  1642.650,     2.234931,     7.364164,     0.004816,
  1642.700,    -0.232458,     6.108811,     0.002513,
  1642.750,    -2.346209,     3.760737,     0.002479,
  1642.800,    -3.986859,     1.035424,    -0.002683,
  1642.850,    -4.972183,    -1.500944,     0.002205,
  1642.900,    -4.942296,    -3.580921,     0.001079,
  1642.950,    -3.503858,    -5.075783,    -0.003007,
  1643.000,    -0.725295,    -5.654107,    -0.005631,
  1643.050,     2.767257,    -4.892246,    -0.004251,
  1643.100,     6.019551,    -2.572867,    -0.000295,
  1643.150,     8.297180,     0.931624,     0.002477,
  1643.200,     9.074879,     4.734468,    -0.004115,
  1643.250,     8.223322,     7.863014,    -0.004773,
  1643.300,     6.001938,     9.581584,    -0.002335,
  1643.350,     2.931967,     9.571676,    -0.003244,
  1643.400,    -0.349377,     7.899424,     0.000298,
  1643.450,    -3.050330,     4.949290,    -0.002145,
  1643.500,    -4.564336,     1.389123,    -0.004160,
  1643.550,    -4.927085,    -1.934049,    -0.003521,
  1643.600,    -4.490260,    -4.311451,    -0.001868,
  1643.650,    -3.723925,    -5.354010,     0.000343,
  1643.700,    -2.905288,    -5.268690,    -0.001194,
  1643.750,    -1.963601,    -4.557273,    -0.003798,
  1643.800,    -0.878789,    -3.695180,     0.000336,
  1643.850,     0.147762,    -2.738433,    -0.008729,
  1643.900,     0.964399,    -1.598857,    -0.008923,
  1643.950,     1.602121,    -0.426964,    -0.009770,
  1644.000,     2.159053,     0.606600,    -0.005989,
  1644.050,     2.603725,     1.409146,    -0.004544,
  1644.100,     2.916408,     2.057791,    -0.001905,
  1644.150,     3.001633,     2.602047,     0.000631,
  1644.200,     2.934356,     3.052287,     0.003959,
  1644.250,     2.769161,     3.248419,     0.000718,
  1644.300,     2.462020,     3.271796,    -0.007906,
  1644.350,     1.818255,     3.133470,    -0.007750,
  1644.400,     0.773204,     2.880073,    -0.008721,
  1644.450,    -0.612027,     2.369453,    -0.005640,
  1644.500,    -2.172400,     1.468208,    -0.004853,
  1644.550,    -3.580890,     0.140516,     0.003653,
  1644.600,    -4.595252,    -1.456805,     0.003469,
  1644.650,    -4.936003,    -3.080571,     0.000269,
  1644.700,    -4.242706,    -4.479910,     0.005179,
  1644.750,    -2.597153,    -5.262017,     0.007281,
  1644.800,    -0.391058,    -5.094079,     0.005755,
  1644.850,     2.006337,    -3.856473,     0.007617,
  1644.900,     4.191369,    -1.698483,     0.004635,
  1644.950,     5.884732,     0.847717,     0.009187,
  1645.000,     6.710833,     3.351845,     0.012609,
  1645.050,     6.365607,     5.478878,     0.007279,
  1645.100,     4.922561,     6.879348,     0.006615,
  1645.150,     2.762114,     7.193092,    -0.000233,
  1645.200,     0.542264,     6.209300,    -0.000716,
  1645.250,    -1.198658,     4.192611,     0.003977,
  1645.300,    -2.257051,     1.729110,    -0.000432,
  1645.350,    -2.511331,    -0.502945,    -0.003567,
  1645.400,    -1.959722,    -2.066343,    -0.003402,
  1645.450,    -0.860548,    -2.800311,    -0.003036,
  1645.500,     0.423518,    -2.672023,    -0.001824,
  1645.550,     1.390625,    -1.756019,    -0.003508,
  1645.600,     1.846974,    -0.414681,    -0.003507,
  1645.650,     1.857146,     0.885057,    -0.000037,
  1645.700,     1.669856,     1.681047,     0.001293,
  1645.750,     1.550142,     1.914041,    -0.000777,
  1645.800,     1.653498,     1.801556,    -0.003151,
  1645.850,     1.875525,     1.604196,    -0.003642,
  1645.900,     2.167401,     1.597945,    -0.005569,
  1645.950,     2.514742,     1.796716,    -0.009752,
  1646.000,     2.964918,     2.086455,    -0.007206,
  1646.050,     3.436177,     2.404416,    -0.002975,
  1646.100,     3.507794,     2.883028,    -0.005940,
  1646.150,     2.799615,     3.470125,    -0.004339,
  1646.200,     1.284155,     3.800494,    -0.003905,
  1646.250,    -0.643938,     3.519708,    -0.005122,
  1646.300,    -2.358857,     2.324408,    -0.000196,
  1646.350,    -3.603457,     0.377733,     0.000605,
  1646.400,    -4.340074,    -1.639211,     0.004669,
  1646.450,    -4.440589,    -3.273408,     0.004691,
  1646.500,    -3.544831,    -4.368732,     0.003914,
  1646.550,    -1.412447,    -4.902630,     0.003327,
  1646.600,     1.600713,    -4.539004,     0.003113,
  1646.650,     4.675516,    -2.895854,     0.003156,
  1646.700,     6.915373,    -0.051166,     0.006189,
  1646.750,     7.845346,     3.371334,     0.005908,
  1646.800,     7.383209,     6.374152,     0.004588,
  1646.850,     5.820737,     8.159886,     0.002927,
  1646.900,     3.536144,     8.407146,     0.005831,
  1646.950,     0.925989,     7.260378,     0.005299,
  1647.000,    -1.569077,     5.100806,     0.001727,
  1647.050,    -3.314755,     2.369490,     0.000344,
  1647.100,    -3.808595,    -0.467867,    -0.000031,
  1647.150,    -3.045212,    -2.881076,    -0.004153,
  1647.200,    -1.519074,    -4.160517,    -0.001539,
  1647.250,     0.221723,    -4.009448,    -0.000383,
  1647.300,     1.787702,    -2.728079,    -0.003691,
  1647.350,     2.967643,    -0.931201,    -0.005518,
  1647.400,     3.510385,     0.907262,    -0.007806,
  1647.450,     3.246766,     2.466837,    -0.003656,
  1647.500,     2.283791,     3.419829,    -0.007942,
  1647.550,     1.090391,     3.613173,    -0.003867,
  1647.600,     0.281475,     2.940241,    -0.000476,
  1647.650,     0.241935,     1.733533,    -0.007778,
  1647.700,     0.808430,     0.600073,    -0.008511,
  1647.750,     1.512234,     0.106117,    -0.003828,
  1647.800,     2.044453,     0.398465,    -0.006051,
  1647.850,     2.299260,     1.138148,    -0.011535,
  1647.900,     2.236202,     1.833618,    -0.007621,
  1647.950,     1.905284,     2.254569,    -0.006054,
  1648.000,     1.364056,     2.366573,    -0.006166,
  1648.050,     0.748812,     2.160168,    -0.002734,
  1648.100,     0.184380,     1.678289,     0.000340,
  1648.150,    -0.279293,     1.088022,    -0.002002,
  1648.200,    -0.482360,     0.468325,     0.000602,
  1648.250,    -0.302010,    -0.085080,     0.003951,
  1648.300,     0.263185,    -0.424321,     0.005261,
  1648.350,     1.049308,    -0.445310,     0.001606,
  1648.400,     1.943547,    -0.052121,     0.006855,
  1648.450,     2.796271,     0.676347,     0.008007,
  1648.500,     3.359962,     1.592305,     0.004495,
  1648.550,     3.294517,     2.568017,     0.006003,
  1648.600,     2.410212,     3.345554,     0.007003,
  1648.650,     0.908868,     3.660376,     0.006460,
  1648.700,    -0.613917,     3.156357,     0.004159,
  1648.750,    -1.570623,     1.812877,     0.001682,
  1648.800,    -1.697108,     0.100915,    -0.000616,
  1648.850,    -1.298622,    -1.311793,     0.002058,
  1648.900,    -0.595628,    -1.930688,    -0.004166,
  1648.950,     0.341845,    -1.794235,    -0.002216,
  1649.000,     1.402593,    -1.199253,    -0.001581,
  1649.050,     2.413017,    -0.342031,    -0.002469,
  1649.100,     2.981599,     0.771827,     0.001859,
  1649.150,     2.963538,     1.928787,     0.000249,
  1649.200,     2.514794,     2.813558,    -0.000523,
  1649.250,     1.865902,     3.133130,     0.000547,
  1649.300,     1.244342,     2.861016,    -0.003588,
  1649.350,     0.754263,     2.236333,    -0.008804,
  1649.400,     0.566901,     1.521251,    -0.008989,
  1649.450,     0.719713,     0.906289,    -0.007356,
  1649.500,     1.204276,     0.542241,    -0.008039,
  1649.550,     1.889560,     0.529363,    -0.003872,
  1649.600,     2.455306,     0.919639,    -0.004889,
  1649.650,     2.684189,     1.593277,    -0.008980,
  1649.700,     2.517791,     2.286626,    -0.005773,
  1649.750,     1.920489,     2.769640,    -0.006944,
  1649.800,     1.163708,     2.829136,    -0.005357,
  1649.850,     0.425154,     2.390700,    -0.005580,
  1649.900,    -0.042490,     1.623867,    -0.002307,
  1649.950,    -0.222336,     0.734181,    -0.002395,
  1650.000,    -0.015341,     0.053056,    -0.004587,
  1650.050,     0.688305,    -0.300182,    -0.000813,
  1650.100,     1.691200,    -0.330311,    -0.005140,
  1650.150,     2.721091,     0.160527,     0.001980,
  1650.200,     3.645250,     1.115636,     0.003846,
  1650.250,     4.327681,     2.248310,    -0.003758,
  1650.300,     4.612013,     3.317872,     0.006275,
  1650.350,     4.211602,     4.218050,     0.005910,
  1650.400,     2.963086,     4.802698,     0.000753,
  1650.450,     1.090501,     4.799560,     0.000636,
  1650.500,    -0.918692,     3.937437,     0.005519,
  1650.550,    -2.655085,     2.234988,     0.003326,
  1650.600,    -3.636656,     0.093360,     0.004299,
  1650.650,    -3.628697,    -1.962899,     0.005076,
  1650.700,    -2.592181,    -3.475688,     0.001959,
  1650.750,    -0.806052,    -4.036231,     0.002481,
  1650.800,     0.981881,    -3.473809,     0.001539,
  1650.850,     2.189791,    -1.886582,    -0.001127,
  1650.900,     2.555258,     0.126319,     0.000049,
  1650.950,     2.298795,     1.818449,    -0.004450,
  1651.000,     1.611976,     2.693813,    -0.003858,
  1651.050,     0.694657,     2.733047,     0.001244,
  1651.100,    -0.358272,     2.152289,    -0.003136,
  1651.150,    -1.301714,     1.258361,    -0.005593,
  1651.200,    -1.895489,     0.158188,    -0.005594,
  1651.250,    -2.040802,    -0.942973,    -0.001988,
  1651.300,    -1.718453,    -1.804075,    -0.003909,
  1651.350,    -0.993503,    -2.231281,    -0.008144,
  1651.400,     0.055265,    -2.134919,    -0.007134,
  1651.450,     1.066481,    -1.592647,    -0.007778,
  1651.500,     1.640729,    -0.586536,    -0.005644,
  1651.550,     1.747349,     0.569924,    -0.003092,
  1651.600,     1.433128,     1.485851,    -0.005053,
  1651.650,     0.955511,     1.863712,     0.001920,
  1651.700,     0.474738,     1.731539,    -0.002411,
  1651.750,     0.274893,     1.275343,    -0.004381,
  1651.800,     0.547191,     0.735871,     0.000999,
  1651.850,     1.194452,     0.323951,    -0.002399,
  1651.900,     1.854520,     0.344839,    -0.003048,
  1651.950,     2.303524,     0.881324,    -0.003142,
  1652.000,     2.446669,     1.640736,    -0.002347,
  1652.050,     2.261392,     2.277143,    -0.007052,
  1652.100,     1.701385,     2.580827,    -0.001289,
  1652.150,     0.788202,     2.568938,    -0.002252,
  1652.200,    -0.292014,     2.170394,    -0.000695,
  1652.250,    -1.100899,     1.352140,     0.003995,
  1652.300,    -1.199082,     0.204674,     0.004890,
  1652.350,    -0.474640,    -0.882404,    -0.004524,
  1652.400,     0.778687,    -1.414204,    -0.002829,
  1652.450,     2.000655,    -1.075575,    -0.001329,
  1652.500,     2.846812,     0.051595,    -0.004571,
  1652.550,     3.234973,     1.459865,    -0.003852,
  1652.600,     3.192107,     2.605237,     0.001884,
  1652.650,     2.654781,     3.283422,    -0.005956,
  1652.700,     1.637674,     3.466495,    -0.004439,
  1652.750,     0.361758,     3.142623,     0.000126,
  1652.800,    -0.880846,     2.283277,    -0.000415,
  1652.850,    -1.735442,     0.979266,    -0.004948,
  1652.900,    -1.985881,    -0.404800,    -0.002792,
  1652.950,    -1.692961,    -1.550247,     0.000203,
  1653.000,    -1.061124,    -2.182721,     0.002069,
  1653.050,    -0.178754,    -2.153554,    -0.002587,
  1653.100,     0.864494,    -1.634214,    -0.009199,
  1653.150,     2.005786,    -0.797085,    -0.004707,
  1653.200,     3.013843,     0.248118,     0.001773,
  1653.250,     3.539734,     1.459119,     0.002014,
  1653.300,     3.543590,     2.663853,    -0.001688,
  1653.350,     3.182174,     3.522087,    -0.006239,
  1653.400,     2.656984,     3.822955,     0.000296,
  1653.450,     2.045049,     3.637938,     0.000126,
  1653.500,     1.396365,     3.161850,    -0.004417,
  1653.550,     0.992819,     2.520111,    -0.005329,
  1653.600,     0.957323,     1.814874,    -0.000485,
  1653.650,     1.328302,     1.234400,     0.003812,
  1653.700,     1.910570,     0.964248,    -0.002694,
  1653.750,     2.340065,     1.153447,    -0.001847,
  1653.800,     2.282456,     1.694563,    -0.002775,
  1653.850,     1.735092,     2.303654,     0.001068,
  1653.900,     0.878475,     2.495366,     0.001549,
  1653.950,    -0.032328,     2.154924,    -0.000796,
  1654.000,    -0.717583,     1.370564,    -0.002235,
  1654.050,    -0.978171,     0.382061,    -0.003042,
  1654.100,    -0.643221,    -0.531363,    -0.003990,
  1654.150,     0.183681,    -1.062805,     0.001013,
  1654.200,     1.276576,    -1.035515,     0.000684,
  1654.250,     2.454823,    -0.385731,    -0.002296,
  1654.300,     3.480931,     0.691815,    -0.001672,
  1654.350,     4.060674,     1.933382,     0.000129,
  1654.400,     4.062246,     3.167818,    -0.001446,
  1654.450,     3.587242,     4.040509,     0.001338,
  1654.500,     2.874743,     4.375167,     0.003199,
  1654.550,     2.001724,     4.107046,     0.002981,
  1654.600,     0.945338,     3.441271,     0.002949,
  1654.650,    -0.176726,     2.591825,     0.005115,
  1654.700,    -1.169753,     1.536290,     0.004176,
  1654.750,    -1.711815,     0.339489,    -0.003764,
  1654.800,    -1.746085,    -0.839023,    -0.001622,
  1654.850,    -1.393234,    -1.675263,    -0.000895,
  1654.900,    -0.765534,    -1.996982,    -0.007151,
  1654.950,     0.111794,    -1.820432,    -0.004991,
  1655.000,     1.208769,    -1.270407,    -0.004180,
  1655.050,     2.327830,    -0.493290,    -0.004995,
  1655.100,     3.193461,     0.607018,    -0.004430,
  1655.150,     3.691703,     1.841395,    -0.004506,
  1655.200,     3.861488,     2.976855,    -0.003542,
  1655.250,     3.731330,     3.762788,    -0.005950,
  1655.300,     3.305157,     4.141734,     0.003113,
  1655.350,     2.543706,     4.145293,    -0.001620,
  1655.400,     1.444367,     3.864822,    -0.003100,
  1655.450,     0.162077,     3.244388,    -0.004453,
  1655.500,    -0.927829,     2.195073,    -0.001804,
  1655.550,    -1.528560,     0.900733,    -0.006763,
  1655.600,    -1.637071,    -0.429988,    -0.006835,
  1655.650,    -1.454174,    -1.408666,     0.001436,
  1655.700,    -1.138300,    -1.807847,    -0.001026,
  1655.750,    -0.732911,    -1.769096,    -0.004093,
  1655.800,    -0.208512,    -1.473016,    -0.003879,
  1655.850,     0.496799,    -1.085380,     0.002446,
  1655.900,     1.341060,    -0.577102,     0.002096,
  1655.950,     2.208918,     0.080463,     0.002429,
  1656.000,     3.079776,     0.942668,    -0.001952,
  1656.050,     3.760339,     1.876642,     0.007032,
  1656.100,     3.987231,     2.847501,     0.002029,
  1656.150,     3.578632,     3.721898,     0.000757,
  1656.200,     2.490152,     4.248206,     0.003124,
  1656.250,     1.015794,     4.202214,     0.001908,
  1656.300,    -0.388265,     3.353246,     0.000152,
  1656.350,    -1.391337,     1.916903,     0.003002,
  1656.400,    -2.024524,     0.319465,     0.002832,
  1656.450,    -2.342474,    -1.015867,    -0.004343,
  1656.500,    -2.414288,    -1.926385,    -0.001558,
  1656.550,    -2.294452,    -2.433142,    -0.003329,
  1656.600,    -2.095965,    -2.618615,    -0.003494,
  1656.650,    -1.787930,    -2.587156,    -0.006090,
  1656.700,    -1.208383,    -2.401076,     0.001180,
  1656.750,    -0.287481,    -2.161640,    -0.004158,
  1656.800,     0.840906,    -1.677688,    -0.006318,
  1656.850,     1.924200,    -0.860168,    -0.009245,
  1656.900,     2.682147,     0.249309,    -0.007240,
  1656.950,     2.941453,     1.487038,    -0.005293,
  1657.000,     2.635480,     2.530050,    -0.005869,
  1657.050,     1.987422,     3.091155,    -0.006095,
  1657.100,     1.186325,     3.094993,    -0.004223,
  1657.150,     0.419994,     2.552871,    -0.009021,
  1657.200,    -0.181090,     1.766720,    -0.007928,
  1657.250,    -0.521301,     0.884781,    -0.000648,
  1657.300,    -0.586054,     0.133546,    -0.002067,
  1657.350,    -0.433074,    -0.366438,    -0.003855,
  1657.400,    -0.108457,    -0.600281,    -0.003807,
  1657.450,     0.263767,    -0.555912,     0.002853,
  1657.500,     0.461951,    -0.281646,     0.003208,
  1657.550,     0.454002,     0.095342,     0.004003,
  1657.600,     0.276730,     0.421960,     0.003653,
  1657.650,     0.240714,     0.527875,    -0.001000,
  1657.700,     0.504462,     0.364514,     0.005452,
  1657.750,     0.950567,     0.217246,     0.002493,
  1657.800,     1.450681,     0.330583,    -0.000549,
  1657.850,     1.820040,     0.759865,     0.002476,
  1657.900,     1.968656,     1.271932,     0.003280,
  1657.950,     1.842834,     1.754661,     0.001554,
  1658.000,     1.449529,     2.053071,     0.001143,
  1658.050,     0.960000,     2.051475,     0.001827,
  1658.100,     0.527567,     1.749968,    -0.001698,
  1658.150,     0.142130,     1.257728,    -0.005903,
  1658.200,    -0.187998,     0.738166,     0.000002,
  1658.250,    -0.416028,     0.284834,     0.000498,
  1658.300,    -0.431988,    -0.112484,    -0.001325,
  1658.350,    -0.228301,    -0.434638,     0.000974,
  1658.400,     0.102770,    -0.599247,    -0.000681,
  1658.450,     0.553808,    -0.513607,    -0.003916,
  1658.500,     1.281309,    -0.238587,    -0.006380,
  1658.550,     2.414677,     0.133237,    -0.006159,
  1658.600,     3.939107,     0.732043,    -0.007841,
  1658.650,     5.561285,     1.685146,    -0.008749,
  1658.700,     6.833588,     3.120261,    -0.009336,
  1658.750,     7.337277,     4.878546,    -0.007388,
  1658.800,     7.063956,     6.469332,    -0.004117,
  1658.850,     6.141105,     7.482532,    -0.003581,
  1658.900,     4.897645,     7.620730,    -0.006428,
  1658.950,     3.595081,     6.938656,    -0.002028,
  1659.000,     2.391704,     5.741972,    -0.006877,
  1659.050,     1.452569,     4.359323,    -0.005684,
  1659.100,     0.957567,     2.981788,    -0.001716,
  1659.150,     0.946700,     1.775527,     0.000231,
  1659.200,     1.265178,     0.980509,    -0.001797,
  1659.250,     1.740373,     0.699717,     0.002967,
  1659.300,     2.244644,     0.885243,     0.005522,
  1659.350,     2.792271,     1.351445,     0.007890,
  1659.400,     3.336527,     1.931611,     0.005804,
  1659.450,     3.678472,     2.507167,     0.011507,
  1659.500,     3.619408,     3.134061,     0.004294,
  1659.550,     3.190995,     3.689834,     0.007368,
  1659.600,     2.564063,     3.875714,     0.007569,
  1659.650,     1.845790,     3.622396,     0.004444,
  1659.700,     0.947780,     3.076737,     0.006873,
  1659.750,    -0.152952,     2.395314,     0.001312,
  1659.800,    -1.323695,     1.571273,    -0.003438,
  1659.850,    -2.316347,     0.503013,    -0.003244,
  1659.900,    -2.964400,    -0.738879,    -0.005446,
  1659.950,    -3.140479,    -1.913048,    -0.003837,
  1660.000,    -2.946413,    -2.798245,    -0.004482,
  1660.050,    -2.449888,    -3.224781,    -0.009106,
  1660.100,    -1.790802,    -3.221053,    -0.010198,
  1660.150,    -1.161420,    -2.804620,    -0.008778,
  1660.200,    -0.690719,    -2.148245,    -0.011014,
  1660.250,    -0.386522,    -1.410656,    -0.008750,
  1660.300,    -0.245953,    -0.797256,    -0.006143,
  1660.350,    -0.250123,    -0.388298,    -0.010892,
  1660.400,    -0.296079,    -0.171309,    -0.009369,
  1660.450,    -0.169826,    -0.143347,    -0.003420,
  1660.500,     0.294700,    -0.234229,    -0.006037,
  1660.550,     1.056294,    -0.228577,    -0.007440,
  1660.600,     1.716635,     0.068801,    -0.005092,
  1660.650,     1.981156,     0.701912,    -0.004828,
  1660.700,     1.808733,     1.453997,    -0.004683,
  1660.750,     1.426473,     1.984452,     0.001088,
  1660.800,     1.032603,     2.009002,     0.004856,
  1660.850,     0.712676,     1.682645,     0.007347,
  1660.900,     0.591013,     1.189318,     0.005419,
  1660.950,     0.772391,     0.793602,     0.008709,
  1661.000,     1.328116,     0.557561,     0.007659,
  1661.050,     2.148307,     0.544060,     0.004200,
  1661.100,     2.969934,     0.916237,     0.002507,
  1661.150,     3.473093,     1.670847,     0.005630,
  1661.200,     3.486968,     2.608497,     0.001865,
  1661.250,     3.242674,     3.331257,    -0.000201,
  1661.300,     2.881072,     3.644647,    -0.004530,
  1661.350,     2.502465,     3.527449,    -0.003395,
  1661.400,     2.032867,     3.179844,    -0.002820,
  1661.450,     1.437556,     2.787319,    -0.001734,
  1661.500,     0.862949,     2.367567,    -0.002100,
  1661.550,     0.526955,     1.812792,    -0.006979,
  1661.600,     0.443027,     1.181724,    -0.010506,
  1661.650,     0.369334,     0.711117,    -0.009233,
  1661.700,     0.078615,     0.530947,    -0.014157,
  1661.750,    -0.411211,     0.488361,    -0.004384,
  1661.800,    -0.926813,     0.321276,    -0.006216,
  1661.850,    -1.408592,    -0.099044,    -0.010496,
  1661.900,    -1.851570,    -0.638216,    -0.007627,
  1661.950,    -2.309529,    -1.168492,    -0.012231,
  1662.000,    -2.673246,    -1.642323,    -0.006957,
  1662.050,    -2.761792,    -2.128541,    -0.002635,
  1662.100,    -2.414967,    -2.609287,    -0.007315,
  1662.150,    -1.597543,    -2.854005,    -0.001716,
  1662.200,    -0.508699,    -2.758244,    -0.003417,
  1662.250,     0.625207,    -2.142191,    -0.001469,
  1662.300,     1.567824,    -1.104436,     0.000403,
  1662.350,     2.181909,     0.149055,     0.004780,
  1662.400,     2.447157,     1.298726,     0.005232,
  1662.450,     2.311812,     2.152069,     0.007721,
  1662.500,     1.726834,     2.652522,     0.002514,
  1662.550,     0.802047,     2.712479,     0.002926,
  1662.600,    -0.335202,     2.335582,     0.004369,
  1662.650,    -1.274913,     1.505367,     0.007101,
  1662.700,    -1.745338,     0.331977,     0.001146,
  1662.750,    -1.617806,    -0.850503,    -0.001357,
  1662.800,    -0.988795,    -1.663087,     0.001161,
  1662.850,    -0.069309,    -1.851653,     0.001286,
  1662.900,     1.016923,    -1.462013,     0.001242,
  1662.950,     1.969304,    -0.657694,    -0.006388,
  1663.000,     2.433966,     0.470056,    -0.003526,
  1663.050,     2.315746,     1.611680,    -0.005433,
  1663.100,     1.755942,     2.417804,    -0.003974,
  1663.150,     1.091003,     2.618604,    -0.002873,
  1663.200,     0.512192,     2.236875,    -0.001261,
  1663.250,     0.041460,     1.566728,    -0.003473,
  1663.300,    -0.323323,     0.909070,    -0.006642,
  1663.350,    -0.580246,     0.335290,    -0.005246,
  1663.400,    -0.653804,    -0.128584,    -0.006908,
  1663.450,    -0.506381,    -0.489109,    -0.008262,
  1663.500,    -0.183192,    -0.683536,    -0.008650,
  1663.550,     0.244992,    -0.652590,    -0.007534,
  1663.600,     0.675833,    -0.385626,    -0.009205,
  1663.650,     1.049644,    -0.017839,    -0.001576,
  1663.700,     1.220082,     0.444444,    -0.003423,
  1663.750,     1.181498,     0.892524,    -0.004318,
  1663.800,     0.952058,     1.193859,     0.000431,
  1663.850,     0.725710,     1.264822,     0.000029,
  1663.900,     0.649869,     1.118718,     0.000470,
  1663.950,     0.878611,     0.847465,     0.000764,
  1664.000,     1.273931,     0.643507,     0.003036,
  1664.050,     1.794090,     0.751317,     0.005812,
  1664.100,     2.353336,     1.032894,     0.000368,
  1664.150,     2.980029,     1.532328,     0.002108,
  1664.200,     3.518245,     2.102100,    -0.001007,
  1664.250,     3.936876,     2.741598,     0.000248,
  1664.300,     4.190547,     3.404021,     0.002429,
  1664.350,     4.441556,     3.894127,     0.005737,
  1664.400,     4.719459,     4.234944,     0.001436,
  1664.450,     4.927580,     4.445565,     0.001388,
  1664.500,     5.046756,     4.695064,     0.002125,
  1664.550,     5.209917,     4.922722,    -0.000628,
  1664.600,     5.628905,     5.032285,    -0.001343,
  1664.650,     6.384430,     5.117767,    -0.009319,
  1664.700,     7.177461,     5.328032,    -0.000108,
  1664.750,     7.624280,     5.959065,    -0.007306,
  1664.800,     7.572612,     6.803674,    -0.006069,
  1664.850,     7.220170,     7.490072,    -0.004041,
  1664.900,     6.730337,     7.701104,    -0.003545,
  1664.950,     6.155884,     7.466733,    -0.004473,
  1665.000,     5.480015,     7.052562,    -0.004310,
  1665.050,     4.888980,     6.525639,    -0.001674,
  1665.100,     4.534587,     5.904659,    -0.001394,
  1665.150,     4.429325,     5.249139,    -0.004735,
  1665.200,     4.384100,     4.756499,    -0.002241,
  1665.250,     4.142780,     4.576828,    -0.003562,
  1665.300,     3.639191,     4.564673,    -0.003335,
  1665.350,     2.830449,     4.464241,     0.000768,
  1665.400,     1.827066,     4.136214,     0.002003,
  1665.450,     0.632765,     3.484737,    -0.001101,
  1665.500,    -0.612381,     2.536612,     0.001201,
  1665.550,    -1.772009,     1.379757,    -0.002968,
  1665.600,    -2.643630,     0.066283,     0.001239,
  1665.650,    -3.150322,    -1.190168,    -0.000692,
  1665.700,    -3.259949,    -2.290469,    -0.002168,
  1665.750,    -2.978361,    -3.057807,    -0.000941,
  1665.800,    -2.492169,    -3.343942,     0.002564,
  1665.850,    -2.014826,    -3.233995,    -0.000759,
  1665.900,    -1.827971,    -2.801798,     0.001915,
  1665.950,    -2.011875,    -2.240085,     0.003612,
  1666.000,    -2.508044,    -1.840208,    -0.003560,
  1666.050,    -3.254882,    -1.816641,     0.001145,
  1666.100,    -4.066022,    -2.159055,     0.001020,
  1666.150,    -4.845692,    -2.810039,    -0.002889,
  1666.200,    -5.417498,    -3.625061,     0.000994,
  1666.250,    -5.551591,    -4.496968,    -0.002434,
  1666.300,    -5.214486,    -5.200080,    -0.002954,
  1666.350,    -4.521599,    -5.598534,     0.005989,
  1666.400,    -3.656358,    -5.491304,    -0.007327,
  1666.450,    -2.738036,    -4.919563,     0.002188,
  1666.500,    -1.953015,    -4.049773,    -0.003091,
  1666.550,    -1.462602,    -3.068452,     0.003159,
  1666.600,    -1.489179,    -2.156278,     0.002951,
  1666.650,    -2.130923,    -1.446474,    -0.001631,
  1666.700,    -3.317466,    -1.194588,     0.001211,
  1666.750,    -4.631829,    -1.559614,     0.001843,
  1666.800,    -5.519284,    -2.610727,     0.006665,
  1666.850,    -5.695345,    -4.017934,     0.000088,
  1666.900,    -5.154809,    -5.278189,    -0.001673,
  1666.950,    -4.047731,    -5.879807,    -0.004159,
  1667.000,    -2.641040,    -5.673035,    -0.003081,
  1667.050,    -1.326727,    -4.734952,     0.005366,
  1667.100,    -0.418366,    -3.323569,    -0.003053,
  1667.150,    -0.133659,    -1.801270,    -0.004129,
  1667.200,    -0.347757,    -0.609589,    -0.001402,
  1667.250,    -0.731158,     0.036913,    -0.004471,
  1667.300,    -0.939126,     0.033841,    -0.003113,
  1667.350,    -0.786196,    -0.348014,    -0.007065,
  1667.400,    -0.324642,    -0.789643,    -0.001240,
  1667.450,     0.304665,    -0.890134,    -0.000822,
  1667.500,     0.923262,    -0.600818,    -0.004193,
  1667.550,     1.508224,    -0.031359,    -0.006773,
  1667.600,     1.998408,     0.591116,     0.001517,
  1667.650,     2.424686,     1.222721,    -0.006591,
  1667.700,     2.795625,     1.755580,    -0.004090,
  1667.750,     3.169307,     2.199291,    -0.003458,
  1667.800,     3.682254,     2.543486,    -0.000968,
  1667.850,     4.359057,     2.887557,    -0.002820,
  1667.900,     5.245081,     3.308350,    -0.003281,
  1667.950,     6.204328,     3.920214,     0.004852,
  1668.000,     7.030027,     4.728247,     0.001211,
  1668.050,     7.632491,     5.719417,     0.006245,
  1668.100,     8.006261,     6.709065,     0.003142,
  1668.150,     8.275532,     7.467423,     0.004220,
  1668.200,     8.480231,     7.970446,     0.004742,
  1668.250,     8.353557,     8.313012,     0.005925,
  1668.300,     7.682838,     8.562235,     0.005081,
  1668.350,     6.474078,     8.631434,     0.004264,
  1668.400,     5.067521,     8.193162,     0.007861,
  1668.450,     3.846761,     7.142518,    -0.002163,
  1668.500,     2.954204,     5.719724,    -0.004787,
  1668.550,     2.480397,     4.280513,    -0.006391,
  1668.600,     2.437324,     3.139489,     0.001139,
  1668.650,     2.883825,     2.404705,    -0.004198,
  1668.700,     3.620722,     2.141270,    -0.002489,
  1668.750,     4.325463,     2.421571,    -0.000770,
  1668.800,     4.694036,     3.134096,    -0.004303,
  1668.850,     4.686060,     4.018293,    -0.004971,
  1668.900,     4.355071,     4.675298,    -0.008626,
  1668.950,     3.737491,     4.926007,    -0.009219,
  1669.000,     2.808236,     4.776860,    -0.005104,
  1669.050,     1.752819,     4.290919,    -0.003568,
  1669.100,     0.875665,     3.477075,    -0.008791,
  1669.150,     0.367380,     2.435359,    -0.006011,
  1669.200,     0.265119,     1.399322,    -0.004988,
  1669.250,     0.343069,     0.704683,    -0.004096,
  1669.300,     0.423333,     0.384288,    -0.003552,
  1669.350,     0.431670,     0.402077,     0.000118,
  1669.400,     0.425261,     0.480567,    -0.000676,
  1669.450,     0.355203,     0.503144,     0.001600,
  1669.500,     0.230037,     0.467499,     0.004042,
  1669.550,    -0.008646,     0.427364,     0.003829,
  1669.600,    -0.216930,     0.342480,     0.002790,
  1669.650,    -0.346170,     0.136505,     0.000206,
  1669.700,    -0.329018,    -0.118072,     0.005374,
  1669.750,    -0.246079,    -0.314044,     0.002262,
  1669.800,    -0.040776,    -0.345427,     0.008085,
  1669.850,     0.314525,    -0.283695,     0.008440,
  1669.900,     0.683807,    -0.104249,     0.002874,
  1669.950,     0.994708,     0.193024,     0.004241,
  1670.000,     1.009549,     0.620873,     0.002291,
  1670.050,     0.681859,     1.022045,    -0.000689,
  1670.100,    -0.102726,     1.255514,    -0.001688,
  1670.150,    -1.174065,     1.085880,    -0.004270,
  1670.200,    -2.357055,     0.484390,    -0.002967,
  1670.250,    -3.523394,    -0.519557,    -0.000131,
  1670.300,    -4.396752,    -1.744034,    -0.006052,
  1670.350,    -4.713505,    -3.052837,    -0.004539,
  1670.400,    -4.273541,    -4.192625,    -0.008726,
  1670.450,    -3.205832,    -4.871893,    -0.008218,
  1670.500,    -1.784040,    -4.825682,    -0.009984,
  1670.550,    -0.292980,    -4.000582,    -0.009133,
  1670.600,     1.151494,    -2.658568,    -0.008306,
  1670.650,     2.334929,    -1.071755,    -0.008517,
  1670.700,     3.055802,     0.485978,    -0.008516,
  1670.750,     3.170811,     1.894552,    -0.006467,
  1670.800,     2.713571,     2.933516,    -0.001532,
  1670.850,     1.868341,     3.411537,     0.002426,
  1670.900,     0.881677,     3.192661,    -0.000759,
  1670.950,     0.029184,     2.448630,     0.000805,
  1671.000,    -0.601495,     1.430026,     0.003385,
  1671.050,    -0.900159,     0.408478,     0.003883,
  1671.100,    -0.723981,    -0.451436,     0.004489,
  1671.150,    -0.123469,    -0.960817,     0.007359,
  1671.200,     0.660419,    -1.060193,     0.002518,
  1671.250,     1.443604,    -0.663694,     0.007588,
  1671.300,     2.171914,     0.062822,     0.003875,
  1671.350,     2.810258,     0.883004,     0.011940,
  1671.400,     3.423366,     1.683465,     0.001597,
  1671.450,     4.016504,     2.433776,    -0.000662,
  1671.500,     4.686650,     3.137004,     0.003093,
  1671.550,     5.356576,     3.789860,     0.003841,
  1671.600,     5.818377,     4.497620,    -0.004877,
  1671.650,     5.859961,     5.222535,    -0.003299,
  1671.700,     5.442980,     5.901816,    -0.004323,
  1671.750,     4.694848,     6.195639,    -0.002732,
  1671.800,     3.771286,     5.981187,    -0.004564,
  1671.850,     2.692024,     5.335014,    -0.004871,
  1671.900,     1.596099,     4.410735,    -0.005378,
  1671.950,     0.540472,     3.321650,    -0.003619,
  1672.000,    -0.274726,     2.132569,    -0.007206,
  1672.050,    -0.709893,     0.935982,    -0.008249,
  1672.100,    -0.727886,    -0.097018,    -0.009587,
  1672.150,    -0.274866,    -0.778452,    -0.007341,
  1672.200,     0.770243,    -1.038260,    -0.012169,
  1672.250,     2.222221,    -0.783239,    -0.013073,
  1672.300,     3.746724,     0.004783,    -0.005380,
  1672.350,     4.934388,     1.387401,    -0.005875,
  1672.400,     5.395774,     3.077046,    -0.000204,
  1672.450,     5.071224,     4.595813,     0.001426,
  1672.500,     4.062010,     5.531017,     0.002216,
  1672.550,     2.676720,     5.600975,     0.003191,
  1672.600,     1.141337,     4.902975,    -0.000704,
  1672.650,    -0.162122,     3.582044,     0.003817,
  1672.700,    -1.056597,     1.961807,     0.003675,
  1672.750,    -1.528180,     0.388899,     0.002231,
  1672.800,    -1.586682,    -0.792903,     0.002569,
  1672.850,    -1.273101,    -1.559035,     0.006163,
  1672.900,    -0.699095,    -1.835454,     0.002337,
  1672.950,    -0.062286,    -1.664866,     0.004225,
  1673.000,     0.525670,    -1.176190,     0.007059,
  1673.050,     0.998249,    -0.496011,     0.000175,
  1673.100,     1.278702,     0.210725,     0.004960,
  1673.150,     1.475603,     0.794993,     0.001900,
  1673.200,     1.570095,     1.214705,    -0.000100,
  1673.250,     1.661473,     1.474065,    -0.001739,
  1673.300,     1.776291,     1.639771,    -0.005169,
  1673.350,     1.900210,     1.766697,    -0.002908,
  1673.400,     1.981523,     1.904042,    -0.007587,
  1673.450,     1.899540,     2.052326,    -0.010069,
  1673.500,     1.676565,     2.186667,    -0.006543,
  1673.550,     1.282104,     2.189667,    -0.010219,
  1673.600,     0.712711,     2.027777,    -0.007984,
  1673.650,    -0.063283,     1.665004,    -0.003825,
  1673.700,    -0.873554,     1.127236,    -0.003664,
  1673.750,    -1.642863,     0.401514,    -0.012950,
  1673.800,    -2.283878,    -0.456556,    -0.007900,
  1673.850,    -2.681039,    -1.329903,    -0.002857,
  1673.900,    -2.591317,    -2.109243,    -0.006117,
  1673.950,    -1.984458,    -2.672158,    -0.006198,
  1674.000,    -0.977868,    -2.853025,     0.003355,
  1674.050,     0.192768,    -2.533091,    -0.001846,
  1674.100,     1.338973,    -1.651755,     0.002833,
  1674.150,     2.346352,    -0.453523,     0.012318,
  1674.200,     3.032088,     0.815121,     0.004051,
  1674.250,     3.149821,     1.977493,     0.006220,
  1674.300,     2.721883,     2.902698,     0.000007,
  1674.350,     1.984057,     3.339133,     0.000123,
  1674.400,     1.259802,     3.147577,    -0.005838,
  1674.450,     0.773584,     2.474950,     0.003416,
  1674.500,     0.505156,     1.639727,     0.002630,
  1674.550,     0.382911,     0.968594,     0.004263,
  1674.600,     0.352059,     0.576112,     0.001719,
  1674.650,     0.430854,     0.331323,    -0.002645,
  1674.700,     0.658516,     0.255601,     0.007553,
  1674.750,     0.885453,     0.251998,    -0.000076,
  1674.800,     1.125408,     0.431632,    -0.003841,
  1674.850,     1.400977,     0.652575,    -0.000720,
  1674.900,     1.832145,     0.917843,    -0.004226,
  1674.950,     2.300243,     1.179706,    -0.000553,
  1675.000,     2.667051,     1.596654,    -0.002621,
  1675.050,     2.735889,     2.116539,    -0.007095,
  1675.100,     2.490027,     2.621316,    -0.007995,
  1675.150,     2.043436,     2.884645,    -0.006847,
  1675.200,     1.402058,     2.842668,    -0.003802,
  1675.250,     0.668564,     2.499815,    -0.008904,
  1675.300,    -0.107264,     1.903486,    -0.003152,
  1675.350,    -0.921002,     1.192339,    -0.009647,
  1675.400,    -1.650104,     0.383384,    -0.005722,
  1675.450,    -2.230014,    -0.486416,    -0.005234,
  1675.500,    -2.601206,    -1.358856,     0.003664,
  1675.550,    -2.774713,    -2.050295,     0.000850,
  1675.600,    -2.771918,    -2.544545,     0.004440,
  1675.650,    -2.526709,    -2.818688,    -0.000855,
  1675.700,    -1.979917,    -2.911071,     0.000170,
  1675.750,    -1.230931,    -2.789953,     0.002595,
  1675.800,    -0.461406,    -2.338151,     0.005015,
  1675.850,     0.134467,    -1.632665,     0.002763,
  1675.900,     0.414418,    -0.815731,     0.003129,
  1675.950,     0.409643,    -0.039722,     0.002253,
  1676.000,     0.105523,     0.452451,     0.007794,
  1676.050,    -0.299653,     0.631833,     0.004995,
  1676.100,    -0.717316,     0.429057,     0.003144,
  1676.150,    -0.956454,     0.003875,    -0.000555,
  1676.200,    -0.823143,    -0.524078,    -0.000495,
  1676.250,    -0.282869,    -0.917231,     0.000844,
  1676.300,     0.647911,    -1.026849,    -0.002950,
  1676.350,     1.765031,    -0.739511,     0.000707,
  1676.400,     2.820022,     0.061564,    -0.003147,
  1676.450,     3.584504,     1.136488,    -0.002258,
  1676.500,     3.988869,     2.296843,    -0.006547,
  1676.550,     4.077445,     3.266982,    -0.003799,
  1676.600,     3.998349,     3.877250,    -0.001136,
  1676.650,     3.930208,     4.110587,    -0.008603,
  1676.700,     3.822701,     4.057056,    -0.009685,
  1676.750,     3.660267,     3.970703,    -0.010399,
  1676.800,     3.465358,     3.885809,    -0.008051,
  1676.850,     3.261736,     3.751709,    -0.010459,
  1676.900,     2.993646,     3.606453,    -0.009845,
  1676.950,     2.620052,     3.419206,    -0.008316,
  1677.000,     1.995386,     3.220927,    -0.008005,
  1677.050,     1.188030,     2.897958,    -0.004400,
  1677.100,     0.328520,     2.428987,    -0.002107,
  1677.150,    -0.483327,     1.723588,     0.004893,
  1677.200,    -1.229255,     0.860726,     0.002730,
  1677.250,    -1.927692,    -0.001927,     0.004402,
  1677.300,    -2.620810,    -0.804428,     0.005255,
  1677.350,    -3.304229,    -1.520904,     0.005693,
  1677.400,    -3.840776,    -2.226664,     0.002726,
  1677.450,    -4.099676,    -2.926704,     0.008249,
  1677.500,    -3.923994,    -3.610735,     0.004695,
  1677.550,    -3.423565,    -4.025894,     0.006162,
  1677.600,    -2.630867,    -4.085726,     0.001406,
  1677.650,    -1.739998,    -3.749417,     0.001675,
  1677.700,    -0.824682,    -3.089105,     0.003237,
  1677.750,     0.086936,    -2.255187,    -0.000581,
  1677.800,     0.910368,    -1.326156,     0.005359,
  1677.850,     1.624472,    -0.414525,    -0.001889,
  1677.900,     2.213131,     0.452047,    -0.000315,
  1677.950,     2.775995,     1.215503,    -0.007561,
  1678.000,     3.192940,     1.867822,    -0.008612,
  1678.050,     3.438126,     2.447132,    -0.006602,
  1678.100,     3.409524,     2.946269,    -0.005796,
  1678.150,     3.052203,     3.329762,    -0.010762,
  1678.200,     2.431799,     3.461490,    -0.010529,
  1678.250,     1.675223,     3.286942,    -0.009275,
  1678.300,     0.910917,     2.820437,    -0.010412,
  1678.350,     0.120059,     2.110837,    -0.002425,
  1678.400,    -0.624657,     1.350681,    -0.010734,
  1678.450,    -1.240323,     0.545600,    -0.015006,
  1678.500,    -1.589157,    -0.254601,    -0.008796,
  1678.550,    -1.619525,    -0.950069,    -0.009417,
  1678.600,    -1.351882,    -1.446930,    -0.007298,
  1678.650,    -0.935915,    -1.623106,    -0.003255,
  1678.700,    -0.428797,    -1.444168,    -0.002370,
  1678.750,     0.097645,    -1.059323,    -0.002497,
  1678.800,     0.526643,    -0.542013,     0.002873,
  1678.850,     0.839584,    -0.018378,     0.005109,
  1678.900,     0.976332,     0.425745,    -0.000158,
  1678.950,     0.997423,     0.790540,     0.002256,
  1679.000,     0.953976,     0.984693,     0.006671,
  1679.050,     0.981274,     1.013227,     0.004204,
  1679.100,     1.128647,     0.944345,     0.001158,
  1679.150,     1.324981,     0.879909,     0.006307,
  1679.200,     1.437254,     0.987428,     0.008530,
  1679.250,     1.435255,     1.153498,    -0.000722,
  1679.300,     1.320584,     1.336168,     0.007066,
  1679.350,     1.195663,     1.444655,     0.004399,
  1679.400,     1.066988,     1.384619,     0.000012,
  1679.450,     0.911708,     1.276190,    -0.003033,
  1679.500,     0.650788,     1.151998,     0.001355,
  1679.550,     0.324059,     1.036389,    -0.004022,
  1679.600,    -0.019454,     0.822260,    -0.000725,
  1679.650,    -0.178616,     0.489344,    -0.002456,
  1679.700,    -0.062108,     0.111605,    -0.007151,
  1679.750,     0.288980,    -0.136383,    -0.010259,
  1679.800,     0.858890,    -0.183329,    -0.008837,
  1679.850,     1.631175,     0.089244,    -0.004318,
  1679.900,     2.440290,     0.565430,    -0.013956,
  1679.950,     3.215683,     1.250601,    -0.008237,
  1680.000,     3.770421,     2.055370,    -0.010000,
  1680.050,     3.955103,     2.926242,    -0.010310,
  1680.100,     3.837503,     3.609281,    -0.008115,
  1680.150,     3.636366,     3.957772,    -0.003609,
  1680.200,     3.566935,     3.925172,    -0.000438,
  1680.250,     3.693896,     3.677354,     0.000419,
  1680.300,     3.846476,     3.490739,     0.000591,
  1680.350,     3.897326,     3.503816,     0.001257,
  1680.400,     3.822814,     3.660714,     0.001153,
  1680.450,     3.583960,     3.784592,     0.007647,
  1680.500,     3.173274,     3.824643,     0.009641,
  1680.550,     2.438844,     3.731541,     0.003653,
  1680.600,     1.428813,     3.510038,     0.004466,
  1680.650,     0.275600,     2.993122,     0.004625,
  1680.700,    -0.704575,     2.112110,     0.002423,
  1680.750,    -1.335748,     1.024903,     0.006552,
  1680.800,    -1.591513,    -0.076396,     0.000534,
  1680.850,    -1.518607,    -0.928485,     0.004501,
  1680.900,    -1.177529,    -1.375108,     0.004010,
  1680.950,    -0.574020,    -1.509035,     0.001030,
  1681.000,     0.099657,    -1.330337,     0.005214,
  1681.050,     0.660743,    -0.869043,    -0.001794,
  1681.100,     1.062319,    -0.272924,    -0.006178,
  1681.150,     1.339449,     0.316817,    -0.003483,
  1681.200,     1.559862,     0.762311,    -0.007757,
  1681.250,     1.819424,     1.087771,    -0.004381,
  1681.300,     2.094383,     1.309974,    -0.008470,
  1681.350,     2.386367,     1.551823,    -0.008061,
  1681.400,     2.632956,     1.865516,    -0.008413,
  1681.450,     2.760145,     2.190166,    -0.008913,
  1681.500,     2.780793,     2.495474,    -0.010652,
  1681.550,     2.750058,     2.731245,    -0.010270,
  1681.600,     2.623871,     2.832177,    -0.007433,
  1681.650,     2.415945,     2.826116,    -0.002779,
  1681.700,     2.098526,     2.733490,    -0.009157,
  1681.750,     1.648765,     2.577436,    -0.004583,
  1681.800,     1.174862,     2.285596,    -0.007217,
  1681.850,     0.753850,     1.884823,     0.000047,
  1681.900,     0.444566,     1.385372,    -0.004961,
  1681.950,     0.320262,     0.872870,     0.002746,
  1682.000,     0.304890,     0.476956,     0.003548,
  1682.050,     0.435356,     0.241674,     0.002700,
  1682.100,     0.664733,     0.182498,     0.003796,
  1682.150,     0.946536,     0.282745,     0.006158,
  1682.200,     1.197509,     0.487860,     0.008753,
  1682.250,     1.466379,     0.765049,     0.009770,
  1682.300,     1.730193,     1.076061,     0.012404,
  1682.350,     2.069755,     1.345877,     0.007400,
  1682.400,     2.374732,     1.614656,     0.006597,
  1682.450,     2.608722,     1.934996,     0.004615,
  1682.500,     2.656949,     2.317847,    -0.000407,
  1682.550,     2.533077,     2.571037,    -0.002552,
  1682.600,     2.339825,     2.715450,    -0.007836,
  1682.650,     2.033597,     2.695597,    -0.004429,
  1682.700,     1.712621,     2.511846,    -0.005229,
  1682.750,     1.366266,     2.259730,    -0.009209,
  1682.800,     1.015077,     1.937984,    -0.007826,
  1682.850,     0.708976,     1.593883,    -0.013109,
  1682.900,     0.485484,     1.197974,    -0.005916,
  1682.950,     0.331223,     0.856578,    -0.010112,
  1683.000,     0.224859,     0.591795,    -0.011619,
  1683.050,     0.206965,     0.388310,    -0.009335,
  1683.100,     0.321225,     0.239085,    -0.007905,
  1683.150,     0.546294,     0.154335,    -0.007927,
  1683.200,     0.953684,     0.169285,    -0.009639,
  1683.250,     1.462498,     0.348151,    -0.007810,
  1683.300,     1.916451,     0.705455,    -0.003882,
  1683.350,     2.255163,     1.189040,    -0.001823,
  1683.400,     2.351178,     1.704080,    -0.003667,
  1683.450,     2.320086,     2.117921,    -0.002959,
  1683.500,     2.215109,     2.352159,     0.005228,
  1683.550,     2.097871,     2.378809,     0.003279,
  1683.600,     1.946323,     2.300817,    -0.008940,
  1683.650,     1.664145,     2.207273,     0.002353,
  1683.700,     1.211184,     2.084502,     0.007667,
  1683.750,     0.665560,     1.861927,     0.006087,
  1683.800,     0.005767,     1.496297,     0.009788,
  1683.850,    -0.670406,     0.958744,     0.007663,
  1683.900,    -1.276971,     0.295860,     0.010993,
  1683.950,    -1.666993,    -0.417423,     0.007891,
  1684.000,    -1.686661,    -1.076099,     0.003183,
  1684.050,    -1.250946,    -1.664791,     0.005859,
  1684.100,    -0.434530,    -1.881292,     0.000703,
  1684.150,     0.516277,    -1.641991,     0.002628,
  1684.200,     1.385627,    -0.908922,     0.004460,
  1684.250,     2.094676,     0.057908,    -0.000036,
  1684.300,     2.548626,     1.052434,    -0.002967,
  1684.350,     2.817596,     1.909970,     0.001023,
  1684.400,     2.882967,     2.528583,    -0.001285,
  1684.450,     2.799058,     2.910504,    -0.007252,
  1684.500,     2.642587,     3.039462,    -0.009290,
  1684.550,     2.443127,     2.959035,    -0.008596,
  1684.600,     2.129371,     2.770499,    -0.015378,
  1684.650,     1.648059,     2.537622,    -0.013266,
  1684.700,     1.077247,     2.230924,    -0.008242,
  1684.750,     0.447888,     1.831384,    -0.005892,
  1684.800,    -0.101075,     1.285302,    -0.010240,
  1684.850,    -0.535525,     0.667263,    -0.005694,
  1684.900,    -0.654988,     0.041377,    -0.006648,
  1684.950,    -0.488953,    -0.428136,    -0.005277,
  1685.000,    -0.088368,    -0.708761,    -0.002503,
  1685.050,     0.517464,    -0.672982,     0.000417,
  1685.100,     1.248087,    -0.345578,     0.000712,
  1685.150,     1.933688,     0.219219,     0.003801,
  1685.200,     2.506681,     0.930121,    -0.000311,
  1685.250,     2.745465,     1.662913,     0.003583,
  1685.300,     2.627528,     2.336706,     0.005663,
  1685.350,     2.176386,     2.790813,     0.010603,
  1685.400,     1.616667,     2.837893,     0.006578,
  1685.450,     1.116331,     2.526431,     0.003695,
  1685.500,     0.726142,     1.958973,     0.003308,
  1685.550,     0.447836,     1.391149,     0.001967,
  1685.600,     0.242213,     0.930255,    -0.003878,
  1685.650,     0.130335,     0.562372,     0.002427,
  1685.700,     0.085494,     0.322827,     0.003182,
  1685.750,     0.067806,     0.155830,     0.002456,
  1685.800,    -0.017871,     0.091455,     0.003408,
  1685.850,    -0.105046,     0.074935,     0.002543,
  1685.900,    -0.073871,     0.001193,     0.001162,
  1685.950,     0.154886,    -0.119799,     0.000394,
  1686.000,     0.506867,    -0.162694,     0.000017,
  1686.050,     0.926503,    -0.039735,    -0.006789,
  1686.100,     1.319950,     0.280877,    -0.006011,
  1686.150,     1.630095,     0.692554,    -0.005890,
  1686.200,     1.827830,     1.156741,    -0.007531,
  1686.250,     1.864840,     1.552242,    -0.009390,
  1686.300,     1.599975,     1.866623,    -0.009887,
  1686.350,     1.056951,     2.019688,    -0.006323,
  1686.400,     0.363740,     1.916365,    -0.005966,
  1686.450,    -0.358421,     1.485783,    -0.006168,
  1686.500,    -0.874800,     0.797933,    -0.010033,
  1686.550,    -1.186892,     0.052865,    -0.010502,
  1686.600,    -1.261989,    -0.647351,    -0.009147,
  1686.650,    -1.121423,    -1.141138,     0.000410,
  1686.700,    -0.643928,    -1.368795,     0.000620,
  1686.750,     0.053970,    -1.369090,    -0.001055,
  1686.800,     0.971550,    -1.112459,    -0.000669,
  1686.850,     1.844085,    -0.498849,     0.001228,
  1686.900,     2.542939,     0.373076,     0.001128,
  1686.950,     2.920736,     1.343611,     0.000836,
  1687.000,     3.029460,     2.220433,     0.005094,
  1687.050,     2.872667,     2.790095,     0.005241,
  1687.100,     2.467166,     3.106945,     0.003498,
  1687.150,     1.900910,     3.106982,     0.007234,
  1687.200,     1.255372,     2.837052,     0.002214,
  1687.250,     0.628590,     2.304517,     0.001181,
  1687.300,     0.130737,     1.643385,    -0.000178,
  1687.350,    -0.239236,     0.972145,     0.001733,
  1687.400,    -0.508972,     0.364439,     0.002338,
  1687.450,    -0.745211,    -0.127680,    -0.000593,
  1687.500,    -1.054607,    -0.449573,    -0.004027,
  1687.550,    -1.336263,    -0.711068,    -0.004538,
  1687.600,    -1.439030,    -0.992829,     0.000542,
  1687.650,    -1.244242,    -1.319799,     0.001125,
  1687.700,    -0.671267,    -1.571145,    -0.004188,
  1687.750,     0.205408,    -1.542420,    -0.001732,
  1687.800,     1.216359,    -1.101569,    -0.001986,
  1687.850,     2.188541,    -0.308003,    -0.003317,
  1687.900,     2.884486,     0.731242,    -0.000781,
  1687.950,     3.131609,     1.850057,     0.003793,
  1688.000,     2.926467,     2.753399,    -0.005524,
  1688.050,     2.425275,     3.277598,    -0.004117,
  1688.100,     1.717193,     3.297298,    -0.002824,
  1688.150,     0.915077,     2.876221,    -0.005256,
  1688.200,     0.128617,     2.170375,    -0.006007,
  1688.250,    -0.466803,     1.313024,     0.001822,
  1688.300,    -0.798407,     0.451004,     0.002081,
  1688.350,    -0.817285,    -0.335147,    -0.008007,
  1688.400,    -0.533798,    -0.889231,    -0.006879,
  1688.450,    -0.078970,    -1.064746,    -0.001768,
  1688.500,     0.481844,    -0.932000,    -0.008803,
  1688.550,     1.071288,    -0.535668,    -0.003618,
  1688.600,     1.529317,     0.061993,    -0.000362,
  1688.650,     1.697759,     0.744836,     0.004340,
  1688.700,     1.538915,     1.357723,     0.002409,
  1688.750,     1.063253,     1.764261,     0.005509,
  1688.800,     0.435905,     1.791242,     0.002256,
  1688.850,    -0.261191,     1.478882,     0.004995,
  1688.900,    -0.805411,     0.900863,    -0.000650,
  1688.950,    -1.063790,     0.198671,     0.000239,
  1689.000,    -1.037322,    -0.468450,     0.000807,
  1689.050,    -0.731597,    -0.949988,     0.000003,
  1689.100,    -0.274722,    -1.127342,     0.000053,
  1689.150,     0.208367,    -0.955192,    -0.002008,
  1689.200,     0.646625,    -0.573804,    -0.004720,
  1689.250,     0.973387,    -0.082558,    -0.004284,
  1689.300,     1.095501,     0.400849,    -0.002377,
  1689.350,     1.061285,     0.783911,    -0.003825,
  1689.400,     0.961271,     0.997937,    -0.004614,
  1689.450,     0.891512,     1.060174,    -0.004556,
  1689.500,     0.898384,     1.013047,    -0.006268,
  1689.550,     1.150493,     0.894100,    -0.007236,
  1689.600,     1.568408,     0.862166,    -0.000613,
  1689.650,     2.021848,     1.000874,    -0.000548,
  1689.700,     2.384453,     1.370165,     0.002398,
  1689.750,     2.511200,     1.888734,    -0.003168,
  1689.800,     2.395342,     2.335326,     0.002416,
  1689.850,     2.012984,     2.624466,     0.006795,
  1689.900,     1.441412,     2.627302,    -0.002352,
  1689.950,     0.726742,     2.330004,    -0.004629,
  1690.000,    -0.020425,     1.838481,     0.000995,
  1690.050,    -0.677036,     1.136360,    -0.007522,
  1690.100,    -1.127976,     0.332646,    -0.002083,
  1690.150,    -1.270891,    -0.448915,    -0.001081,
  1690.200,    -1.053613,    -1.072448,    -0.001438,
  1690.250,    -0.573353,    -1.405867,    -0.000609,
  1690.300,     0.107361,    -1.384308,     0.002411,
  1690.350,     0.896557,    -1.002613,    -0.001630,
  1690.400,     1.673328,    -0.369327,     0.000557,
  1690.450,     2.334458,     0.414418,     0.000556,
  1690.500,     2.769600,     1.264879,    -0.002238,
  1690.550,     2.905615,     2.078002,    -0.007054,
  1690.600,     2.750686,     2.690379,    -0.003132,
  1690.650,     2.360104,     3.037519,    -0.001985,
  1690.700,     1.823533,     3.023940,     0.001530,
  1690.750,     1.338024,     2.709839,    -0.003845,
  1690.800,     0.948994,     2.242089,    -0.001023,
  1690.850,     0.643873,     1.670260,    -0.004354,
  1690.900,     0.441449,     1.163267,    -0.003036,
  1690.950,     0.323513,     0.768299,    -0.004557,
  1691.000,     0.257669,     0.473777,    -0.000558,
  1691.050,     0.246717,     0.285832,    -0.002056,
  1691.100,     0.288758,     0.203289,    -0.005672,
  1691.150,     0.426684,     0.125032,     0.002445,
  1691.200,     0.778004,     0.156049,    -0.001940,
  1691.250,     1.257639,     0.241990,     0.000155,
  1691.300,     1.848403,     0.509349,     0.000833,
  1691.350,     2.438727,     0.941554,     0.001710,
  1691.400,     2.997117,     1.529320,     0.000035,
  1691.450,     3.412944,     2.191168,     0.001919,
  1691.500,     3.535483,     2.827658,    -0.000855,
  1691.550,     3.269871,     3.378861,    -0.003666,
  1691.600,     2.599810,     3.692797,    -0.000494,
  1691.650,     1.607846,     3.624742,     0.004939,
  1691.700,     0.444248,     3.149624,     0.003848,
  1691.750,    -0.639592,     2.228937,    -0.003125,
  1691.800,    -1.431828,     1.063858,    -0.001030,
  1691.850,    -1.780076,    -0.152253,    -0.003369,
  1691.900,    -1.632806,    -1.174209,    -0.001149,
  1691.950,    -1.050036,    -1.791788,    -0.004168,
  1692.000,    -0.105035,    -1.923481,    -0.003857,
  1692.050,     0.901601,    -1.494760,    -0.005196,
  1692.100,     1.753324,    -0.672926,     0.000734,
  1692.150,     2.332802,     0.363339,    -0.008323,
  1692.200,     2.516684,     1.363359,    -0.005333,
  1692.250,     2.290744,     2.160327,    -0.001370,
  1692.300,     1.831886,     2.568445,    -0.006306,
  1692.350,     1.266235,     2.533085,    -0.004441,
  1692.400,     0.799235,     2.142730,    -0.010559,
  1692.450,     0.586587,     1.538134,    -0.007364,
  1692.500,     0.586765,     0.980385,    -0.006422,
  1692.550,     0.728434,     0.587184,    -0.002967,
  1692.600,     0.845093,     0.442132,    -0.004757,
  1692.650,     0.898051,     0.574560,    -0.004268,
  1692.700,     0.965869,     0.747681,     0.002599,
  1692.750,     1.024850,     0.841796,     0.001573,
  1692.800,     1.002466,     0.932781,     0.002335,
  1692.850,     0.907488,     0.984177,    -0.000003,
  1692.900,     0.772484,     1.003946,    -0.003523,
  1692.950,     0.672455,     0.929122,    -0.005138,
  1693.000,     0.728888,     0.783914,     0.000336,
  1693.050,     0.976423,     0.672512,    -0.001671,
  1693.100,     1.329193,     0.662233,     0.000914,
  1693.150,     1.711967,     0.801518,     0.002787,
  1693.200,     2.052078,     1.125919,    -0.002444,
  1693.250,     2.263224,     1.556513,    -0.001271,
  1693.300,     2.360581,     1.945138,     0.003532,
  1693.350,     2.315927,     2.242532,     0.001953,
  1693.400,     2.066439,     2.400666,    -0.001736,
  1693.450,     1.640667,     2.426737,     0.006760,
  1693.500,     1.123174,     2.266734,     0.003960,
  1693.550,     0.622843,     1.909553,    -0.000925,
  1693.600,     0.156707,     1.422311,    -0.002114,
  1693.650,    -0.114329,     0.873087,    -0.004890,
  1693.700,    -0.168312,     0.341281,    -0.001685,
  1693.750,     0.083984,    -0.081404,    -0.007358,
  1693.800,     0.522533,    -0.283392,    -0.007301,
  1693.850,     0.962704,    -0.165438,    -0.008417,
  1693.900,     1.215722,     0.235648,    -0.006773,
  1693.950,     1.173551,     0.712439,    -0.010197,
  1694.000,     0.899661,     1.100583,    -0.008497,
  1694.050,     0.495046,     1.220353,    -0.010968,
  1694.100,     0.220275,     1.020043,    -0.004392,
  1694.150,     0.080882,     0.663621,     0.005825,
  1694.200,     0.137957,     0.307127,     0.000065,
  1694.250,     0.330842,     0.061134,    -0.003878,
  1694.300,     0.583834,     0.025835,    -0.002718,
  1694.350,     0.888372,     0.154167,    -0.006348,
  1694.400,     1.076750,     0.422037,    -0.004662,
  1694.450,     1.093462,     0.740911,    -0.002507,
  1694.500,     0.913945,     1.024193,    -0.002655,
  1694.550,     0.624812,     1.136833,    -0.001931,
  1694.600,     0.354668,     1.020943,     0.000925,
  1694.650,     0.253262,     0.736161,     0.006581,
  1694.700,     0.220811,     0.438248,     0.005184,
  1694.750,     0.228159,     0.248550,     0.005397,
  1694.800,     0.332773,     0.179645,     0.004039,
  1694.850,     0.554162,     0.195447,     0.004082,
  1694.900,     0.820284,     0.282804,     0.000339,
  1694.950,     1.076732,     0.461654,     0.001311,
  1695.000,     1.179778,     0.742957,    -0.003153,
  1695.050,     1.071358,     1.025701,     0.000891,
  1695.100,     0.734827,     1.259097,     0.002772,
  1695.150,     0.257616,     1.238673,    -0.001289,
  1695.200,    -0.200076,     0.976320,     0.003602,
  1695.250,    -0.581824,     0.506294,     0.002315,
  1695.300,    -0.845665,    -0.005801,    -0.000887,
  1695.350,    -0.880670,    -0.496504,    -0.001999,
  1695.400,    -0.733849,    -0.819703,    -0.002139,
  1695.450,    -0.394287,    -0.989628,     0.000016,
  1695.500,     0.070671,    -0.954995,    -0.001222,
  1695.550,     0.578608,    -0.679936,    -0.004009,
  1695.600,     0.981199,    -0.241350,    -0.004945,
  1695.650,     1.197442,     0.298546,    -0.008524,
  1695.700,     1.247566,     0.761163,     0.000612,
  1695.750,     1.107522,     1.142690,    -0.000333,
  1695.800,     0.758631,     1.287671,    -0.001588,
  1695.850,     0.301175,     1.216640,     0.003126,
  1695.900,    -0.133008,     0.942684,    -0.001117,
  1695.950,    -0.470845,     0.518857,    -0.007287,
  1696.000,    -0.529876,     0.016242,    -0.004637,
  1696.050,    -0.261611,    -0.420836,    -0.002968,
  1696.100,     0.249908,    -0.652076,    -0.003937,
  1696.150,     0.874221,    -0.530327,    -0.000019,
  1696.200,     1.397268,    -0.100584,    -0.002427,
  1696.250,     1.665857,     0.537141,     0.002338,
  1696.300,     1.672649,     1.170117,    -0.001529,
  1696.350,     1.397740,     1.612779,     0.003274,
  1696.400,     0.946081,     1.746676,    -0.000969,
  1696.450,     0.464869,     1.612897,    -0.001284,
  1696.500,     0.123087,     1.228865,    -0.000838,
  1696.550,    -0.054224,     0.726397,    -0.003175,
  1696.600,    -0.031884,     0.259011,    -0.002759,
  1696.650,     0.114480,    -0.063428,     0.000713,
  1696.700,     0.344016,    -0.152744,    -0.000187,
  1696.750,     0.617650,    -0.072411,     0.002894,
  1696.800,     0.906828,     0.120159,    -0.001142,
  1696.850,     1.195966,     0.423928,    -0.003629,
  1696.900,     1.434845,     0.709750,    -0.002524,
  1696.950,     1.616707,     1.026023,    -0.002030,
  1697.000,     1.732670,     1.315422,    -0.004497,
  1697.050,     1.771761,     1.543624,     0.002258,
  1697.100,     1.736849,     1.707006,    -0.004548,
  1697.150,     1.612023,     1.788889,    -0.003968,
  1697.200,     1.445097,     1.776160,    -0.001097,
  1697.250,     1.287197,     1.690371,    -0.003465,
  1697.300,     1.209500,     1.527791,     0.000834,
  1697.350,     1.220730,     1.330025,     0.002117,
  1697.400,     1.268352,     1.178847,    -0.003422,
  1697.450,     1.378224,     1.114457,    -0.001312,
  1697.500,     1.492482,     1.147654,     0.001719,
  1697.550,     1.470578,     1.260431,     0.001725,
  1697.600,     1.329479,     1.396614,     0.002705,
  1697.650,     1.048534,     1.472952,     0.002052,
  1697.700,     0.807996,     1.368465,    -0.004645,
  1697.750,     0.773098,     1.130898,    -0.005305,
  1697.800,     0.978951,     0.844827,     0.002246,
  1697.850,     1.396867,     0.674545,     0.006000,
  1697.900,     1.874550,     0.771067,     0.000545,
  1697.950,     2.313504,     1.108862,    -0.004542,
  1698.000,     2.644895,     1.613853,    -0.004162,
  1698.050,     2.678819,     2.130295,    -0.003117,
  1698.100,     2.340097,     2.564848,    -0.003482,
  1698.150,     1.780966,     2.775530,    -0.006979,
  1698.200,     1.244311,     2.623393,    -0.007063,
  1698.250,     0.841695,     2.157658,    -0.004235,
  1698.300,     0.615694,     1.523636,    -0.000193,
  1698.350,     0.583002,     0.982200,    -0.002008,
  1698.400,     0.699784,     0.644066,    -0.005161,
  1698.450,     0.893983,     0.527354,    -0.008884,
  1698.500,     1.136342,     0.545730,    -0.010585,
  1698.550,     1.346544,     0.742787,    -0.002168,
  1698.600,     1.510400,     0.995847,    -0.011043,
  1698.650,     1.521055,     1.265533,    -0.012157,
  1698.700,     1.431856,     1.474968,    -0.003926,
  1698.750,     1.356864,     1.525778,    -0.002782,
  1698.800,     1.299169,     1.514488,    -0.001020,
  1698.850,     1.194060,     1.456610,    -0.001689,
  1698.900,     1.000080,     1.369822,     0.003905,
  1698.950,     0.827850,     1.291055,    -0.002837,
  1699.000,     0.702829,     1.147038,     0.002239,
  1699.050,     0.742492,     0.943440,     0.000332,
  1699.100,     0.898650,     0.729823,     0.003150,
  1699.150,     1.063874,     0.651807,     0.000877,
  1699.200,     1.119965,     0.766728,     0.000521,
  1699.250,     0.961101,     0.959094,     0.003886,
  1699.300,     0.604000,     1.079285,     0.003452,
  1699.350,     0.125238,     1.017662,    -0.002165,
  1699.400,    -0.385409,     0.750040,     0.002838,
  1699.450,    -0.796167,     0.296059,     0.003146,
  1699.500,    -0.962600,    -0.227596,    -0.003828,
  1699.550,    -0.807289,    -0.738272,    -0.007813,
  1699.600,    -0.317160,    -1.066399,    -0.002805,
  1699.650,     0.429530,    -1.086662,    -0.002159,
  1699.700,     1.285498,    -0.732967,     0.001273,
  1699.750,     2.053057,    -0.047674,    -0.001696,
  1699.800,     2.558236,     0.839081,    -0.005033,
  1699.850,     2.758122,     1.752978,    -0.004294,
  1699.900,     2.611285,     2.450384,    -0.001091,
  1699.950,     2.188151,     2.840175,    -0.010379,
  1700.000,     1.591603,     2.866925,    -0.004169,
  1700.050,     0.933731,     2.536581,    -0.003161,
  1700.100,     0.452812,     1.955277,    -0.003585,
  1700.150,     0.189947,     1.258269,    -0.004196,
  1700.200,     0.163940,     0.631063,    -0.005769,
  1700.250,     0.314993,     0.214407,    -0.009505,
  1700.300,     0.606475,     0.035360,    -0.001960,
  1700.350,     0.966287,     0.106097,     0.001275,
  1700.400,     1.321913,     0.356125,     0.004548,
  1700.450,     1.666231,     0.698159,    -0.003986,
  1700.500,     1.884999,     1.100381,    -0.001198,
  1700.550,     1.996930,     1.486258,     0.001250,
  1700.600,     2.100828,     1.795552,    -0.003156,
  1700.650,     2.191209,     1.998714,     0.000567,
  1700.700,     2.193168,     2.124292,     0.005552,
  1700.750,     2.064130,     2.223595,     0.007523,
  1700.800,     1.743079,     2.279434,     0.003285,
  1700.850,     1.312539,     2.212552,    -0.007435,
  1700.900,     0.815080,     1.975957,    -0.003807,
  1700.950,     0.375986,     1.574126,     0.002376,
  1701.000,     0.013794,     1.078355,    -0.000666,
  1701.050,    -0.209226,     0.565921,     0.008551,
  1701.100,    -0.292949,     0.105276,    -0.001561,
  1701.150,    -0.245511,    -0.195628,     0.000371,
  1701.200,    -0.102283,    -0.379004,    -0.000777,
  1701.250,     0.091416,    -0.398505,    -0.000827,
  1701.300,     0.405791,    -0.296935,    -0.005770,
  1701.350,     0.785435,    -0.112662,    -0.004614,
  1701.400,     1.139815,     0.193048,    -0.003054,
  1701.450,     1.464641,     0.542926,     0.000960,
  1701.500,     1.720233,     0.940374,    -0.002542,
  1701.550,     1.864230,     1.319942,     0.001643,
  1701.600,     1.840291,     1.636360,    -0.001332,
  1701.650,     1.608378,     1.862691,    -0.004228,
  1701.700,     1.260459,     1.914803,    -0.010497,
  1701.750,     0.882354,     1.812830,    -0.007906,
  1701.800,     0.568265,     1.497084,    -0.001018,
  1701.850,     0.339575,     1.093463,     0.002721,
  1701.900,     0.157804,     0.715838,     0.008827,
  1701.950,    -0.024406,     0.412858,     0.011795,
  1702.000,    -0.118557,     0.207046,     0.002966,
  1702.050,    -0.120154,    -0.002225,    -0.000406,
  1702.100,    -0.028668,    -0.152308,    -0.004185,
  1702.150,     0.143706,    -0.196308,     0.001263,
  1702.200,     0.367960,    -0.144487,     0.007317,
  1702.250,     0.623854,    -0.024069,     0.004729,
  1702.300,     0.919671,     0.188871,     0.006707,
  1702.350,     1.261347,     0.432309,     0.003680,
  1702.400,     1.558372,     0.746406,    -0.010336,
  1702.450,     1.728680,     1.113395,    -0.013314,
  1702.500,     1.707166,     1.465388,    -0.008726,
  1702.550,     1.541594,     1.738564,    -0.006640,
  1702.600,     1.271368,     1.847772,    -0.004328,
  1702.650,     0.868735,     1.741479,    -0.000453,
  1702.700,     0.463415,     1.477008,    -0.002410,
  1702.750,     0.090048,     1.112401,    -0.005083,
  1702.800,    -0.187481,     0.725569,    -0.008438,
  1702.850,    -0.351188,     0.264683,    -0.006917,
  1702.900,    -0.418127,    -0.083359,    -0.008428,
  1702.950,    -0.452987,    -0.329628,     0.000178,
  1703.000,    -0.462385,    -0.467160,     0.000161,
  1703.050,    -0.371608,    -0.516775,     0.002017,
  1703.100,    -0.197415,    -0.552785,     0.001508,
  1703.150,     0.077453,    -0.531802,    -0.000708,
  1703.200,     0.495765,    -0.392810,    -0.004970,
  1703.250,     1.063427,    -0.156744,     0.002367,
  1703.300,     1.635193,     0.229008,     0.006529,
  1703.350,     1.984625,     0.770950,     0.005390,
  1703.400,     2.082079,     1.354544,     0.007607,
  1703.450,     1.959993,     1.873694,     0.006690,
  1703.500,     1.685070,     2.146879,     0.000652,
  1703.550,     1.290822,     2.142156,    -0.003013,
  1703.600,     0.808774,     1.924068,    -0.000878,
  1703.650,     0.288721,     1.563748,     0.004213,
  1703.700,    -0.095335,     1.072622,     0.009507,
  1703.750,    -0.281776,     0.518133,     0.002478,
  1703.800,    -0.293319,     0.011478,     0.003325,
  1703.850,    -0.145096,    -0.299374,    -0.000741,
  1703.900,     0.154649,    -0.382060,    -0.001749,
  1703.950,     0.591276,    -0.316831,     0.001878,
  1704.000,     1.111537,    -0.070874,     0.002172,
  1704.050,     1.648789,     0.321376,     0.001006,
  1704.100,     2.103692,     0.846238,    -0.002492,
  1704.150,     2.377922,     1.416767,    -0.006602,
  1704.200,     2.401721,     1.969961,    -0.009207,
  1704.250,     2.233217,     2.376415,    -0.003341,
  1704.300,     1.962359,     2.539956,    -0.002889,
  1704.350,     1.525330,     2.443849,    -0.005041,
  1704.400,     1.062953,     2.187560,    -0.005903,
  1704.450,     0.623124,     1.799463,    -0.003718,
  1704.500,     0.341716,     1.304165,    -0.006756,
  1704.550,     0.139036,     0.827102,    -0.006529,
  1704.600,     0.176644,     0.365469,    -0.002794,
  1704.650,     0.356875,     0.092568,    -0.003630,
  1704.700,     0.627559,     0.001743,     0.001945,
  1704.750,     0.982196,     0.116562,    -0.000764,
  1704.800,     1.375167,     0.365459,     0.000602,
  1704.850,     1.850533,     0.687396,     0.001820,
  1704.900,     2.285599,     1.080751,     0.004191,
  1704.950,     2.601834,     1.547032,     0.002593,
  1705.000,     2.731328,     2.028004,     0.003944,
  1705.050,     2.740742,     2.429532,     0.007023,
  1705.100,     2.640918,     2.701087,     0.008098,
  1705.150,     2.506665,     2.786637,     0.008406,
  1705.200,     2.298489,     2.728654,     0.001070,
  1705.250,     1.994751,     2.588807,     0.003042,
  1705.300,     1.682260,     2.410819,     0.010067,
  1705.350,     1.433506,     2.126121,     0.006080,
  1705.400,     1.321589,     1.815159,     0.001587,
  1705.450,     1.282896,     1.533803,    -0.002331,
  1705.500,     1.184660,     1.343352,    -0.002163,
  1705.550,     1.018337,     1.294895,    -0.006931,
  1705.600,     0.837657,     1.230120,    -0.006951,
  1705.650,     0.668867,     1.093479,    -0.004996,
  1705.700,     0.580288,     0.922447,    -0.006067,
  1705.750,     0.565903,     0.741133,    -0.004404,
  1705.800,     0.620060,     0.618669,    -0.006102,
  1705.850,     0.789285,     0.557503,    -0.006507,
  1705.900,     1.013235,     0.585135,    -0.008714,
  1705.950,     1.270393,     0.704118,    -0.006023,
  1706.000,     1.426761,     0.924126,    -0.001401,
  1706.050,     1.437043,     1.228105,    -0.008510,
  1706.100,     1.259079,     1.440186,    -0.007467,
  1706.150,     0.966794,     1.537056,    -0.004470,
  1706.200,     0.631330,     1.431115,    -0.006642,
  1706.250,     0.308324,     1.193729,    -0.002824,
  1706.300,     0.043193,     0.862866,    -0.007187,
  1706.350,    -0.087474,     0.475642,    -0.000391,
  1706.400,    -0.098002,     0.149753,    -0.002285,
  1706.450,    -0.040808,    -0.050592,    -0.000333,
  1706.500,     0.065085,    -0.147607,    -0.001772,
  1706.550,     0.243376,    -0.136650,     0.000075,
  1706.600,     0.513273,    -0.023186,    -0.000321,
  1706.650,     0.821977,     0.111666,     0.000661,
  1706.700,     1.107942,     0.334724,    -0.002735,
  1706.750,     1.370375,     0.646764,     0.003120,
  1706.800,     1.594688,     0.982969,     0.006634,
  1706.850,     1.769153,     1.270086,     0.000713,
  1706.900,     1.889648,     1.533274,    -0.000467,
  1706.950,     1.934470,     1.732812,     0.003337,
  1707.000,     1.926515,     1.885977,    -0.000501,
  1707.050,     1.923114,     1.991964,     0.002671,
  1707.100,     1.884363,     2.012803,     0.007386,
  1707.150,     1.799633,     1.977728,    -0.003819,
  1707.200,     1.583426,     1.943583,    -0.006635,
  1707.250,     1.303525,     1.878060,    -0.004804,
  1707.300,     1.011089,     1.716188,    -0.002320,
  1707.350,     0.764612,     1.452515,    -0.001032,
  1707.400,     0.665212,     1.139832,    -0.002050,
  1707.450,     0.751611,     0.851223,    -0.007818,
  1707.500,     1.071341,     0.639538,    -0.004956,
  1707.550,     1.548381,     0.604060,    -0.004393,
  1707.600,     2.090748,     0.813209,    -0.003783,
  1707.650,     2.548544,     1.263659,    -0.001938,
  1707.700,     2.842090,     1.836553,     0.004501,
  1707.750,     2.908292,     2.379872,    -0.001683,
  1707.800,     2.773097,     2.806634,    -0.005822,
  1707.850,     2.435052,     3.011721,    -0.000385,
  1707.900,     1.996253,     2.980675,    -0.002520,
  1707.950,     1.503198,     2.724464,    -0.000631,
  1708.000,     1.058683,     2.294835,    -0.003244,
  1708.050,     0.759421,     1.783803,    -0.000394,
  1708.100,     0.579277,     1.269205,    -0.000715,
  1708.150,     0.551961,     0.851650,     0.002750,
  1708.200,     0.651266,     0.570834,    -0.006265,
  1708.250,     0.846446,     0.472253,    -0.008361,
  1708.300,     1.060802,     0.513279,    -0.003134,
  1708.350,     1.182503,     0.688256,     0.003364,
  1708.400,     1.164956,     0.913415,     0.000506,
  1708.450,     1.080621,     1.097041,    -0.003006,
  1708.500,     0.960030,     1.167100,    -0.006029,
  1708.550,     0.855522,     1.094580,     0.000937,
  1708.600,     0.847817,     0.988459,    -0.006319,
  1708.650,     0.905978,     0.890508,    -0.003226,
  1708.700,     1.035672,     0.825239,    -0.005111,
  1708.750,     1.233225,     0.834482,    -0.003254,
  1708.800,     1.433496,     0.937989,     0.000225,
  1708.850,     1.539782,     1.132657,     0.000518,
  1708.900,     1.521333,     1.381238,    -0.001464,
  1708.950,     1.415215,     1.550118,    -0.000789,
  1709.000,     1.283701,     1.592862,    -0.000399,
  1709.050,     1.147423,     1.496985,     0.004116,
  1709.100,     1.078940,     1.364264,     0.005132,
  1709.150,     1.017729,     1.220443,    -0.001044,
  1709.200,     0.994867,     1.113766,     0.002934,
  1709.250,     1.032121,     1.030876,     0.007411,
  1709.300,     1.115688,     0.993686,     0.008736,
  1709.350,     1.213675,     1.015238,     0.011563,
  1709.400,     1.353221,     1.048356,     0.003373,
  1709.450,     1.469785,     1.140385,     0.000154,
  1709.500,     1.576836,     1.279681,     0.003076,
  1709.550,     1.627415,     1.419368,    -0.002781,
  1709.600,     1.660761,     1.520826,    -0.005680,
  1709.650,     1.673952,     1.610550,    -0.001261,
  1709.700,     1.629587,     1.662439,    -0.006661,
  1709.750,     1.443093,     1.703517,    -0.010055,
  1709.800,     1.153152,     1.703155,    -0.002676,
  1709.850,     0.840383,     1.587031,    -0.002133,
  1709.900,     0.560377,     1.316544,    -0.005642,
  1709.950,     0.371658,     0.990432,    -0.008332,
  1710.000,     0.323074,     0.662223,    -0.006501,
  1710.050,     0.346020,     0.439506,    -0.014431,
  1710.100,     0.422508,     0.304805,    -0.003644,
  1710.150,     0.473893,     0.298283,    -0.007616,
  1710.200,     0.465014,     0.349277,    -0.007036,
  1710.250,     0.409041,     0.399695,    -0.006078,
  1710.300,     0.301520,     0.466908,    -0.007925,
  1710.350,     0.244723,     0.427609,    -0.005420,
  1710.400,     0.317071,     0.349779,    -0.007071,
  1710.450,     0.532377,     0.249391,    -0.011869,
  1710.500,     0.788487,     0.267603,    -0.005203,
  1710.550,     1.035509,     0.425202,    -0.002893,
  1710.600,     1.209064,     0.670064,     0.000707,
  1710.650,     1.279499,     0.961431,     0.003478,
  1710.700,     1.270629,     1.192651,     0.013189,
  1710.750,     1.172414,     1.314931,     0.006102,
  1710.800,     1.011687,     1.339182,     0.002990,
  1710.850,     0.844379,     1.279172,     0.006479,
  1710.900,     0.735132,     1.094842,     0.004697,
  1710.950,     0.699995,     0.915425,     0.001967,
  1711.000,     0.698605,     0.741791,     0.002129,
  1711.050,     0.773207,     0.671570,     0.002657,
  1711.100,     0.973056,     0.663055,     0.007215,
  1711.150,     1.289524,     0.693004,     0.006843,
  1711.200,     1.620129,     0.829999,     0.003850,
  1711.250,     1.846097,     1.120037,     0.002296,
  1711.300,     1.920076,     1.462619,    -0.005490,
  1711.350,     1.846789,     1.783571,    -0.003100,
  1711.400,     1.577465,     1.975077,    -0.005564,
  1711.450,     1.148577,     1.983953,    -0.007841,
  1711.500,     0.629174,     1.791444,    -0.005240,
  1711.550,     0.204708,     1.416287,    -0.010944,
  1711.600,     0.009471,     0.902035,    -0.011757,
  1711.650,     0.061189,     0.412966,    -0.002446,
  1711.700,     0.308024,     0.053998,    -0.005218,
  1711.750,     0.674641,    -0.022020,    -0.010153,
  1711.800,     1.048406,     0.139481,    -0.011631,
  1711.850,     1.391483,     0.468412,    -0.005682,
  1711.900,     1.630862,     0.870126,    -0.005245,
  1711.950,     1.684557,     1.249804,    -0.008044,
  1712.000,     1.528315,     1.590034,    -0.002580,
  1712.050,     1.222190,     1.757380,    -0.000778,
  1712.100,     0.855758,     1.704202,     0.001183,
  1712.150,     0.487552,     1.456662,     0.008896,
  1712.200,     0.228070,     1.053388,    -0.003880,
  1712.250,     0.162942,     0.622955,     0.004761,
  1712.300,     0.313541,     0.310986,     0.004130,
  1712.350,     0.724896,     0.108602,     0.003306,
  1712.400,     1.238959,     0.160012,     0.008602,
  1712.450,     1.749857,     0.437557,    -0.001150,
  1712.500,     2.133567,     0.908591,     0.005538,
  1712.550,     2.323706,     1.471358,     0.003827,
  1712.600,     2.239043,     1.942300,     0.007023,
  1712.650,     1.996482,     2.241039,    -0.000669,
  1712.700,     1.668608,     2.315176,     0.006924,
  1712.750,     1.388009,     2.166940,    -0.001416,
  1712.800,     1.201642,     1.869105,     0.006459,
  1712.850,     1.170709,     1.530207,    -0.004943,
  1712.900,     1.291043,     1.262102,     0.000223,
  1712.950,     1.504012,     1.160561,    -0.003801,
  1713.000,     1.740871,     1.214127,     0.003726,
  1713.050,     1.881142,     1.422144,    -0.007323,
  1713.100,     1.836765,     1.647660,    -0.003342,
  1713.150,     1.692682,     1.855765,    -0.012877,
  1713.200,     1.432685,     1.931107,    -0.001914,
  1713.250,     1.209439,     1.816466,    -0.009637,
  1713.300,     0.958471,     1.621859,     0.000428,
  1713.350,     0.800263,     1.351444,    -0.010917,
  1713.400,     0.694565,     1.063327,    -0.002218,
  1713.450,     0.763026,     0.848513,    -0.003872,
  1713.500,     0.954115,     0.704341,     0.000664,
  1713.550,     1.232203,     0.688907,    -0.001747,
  1713.600,     1.539519,     0.819090,    -0.003732,
  1713.650,     1.716440,     1.103136,     0.005002,
  1713.700,     1.760347,     1.409114,    -0.008576,
  1713.750,     1.647614,     1.692225,    -0.003183,
  1713.800,     1.382608,     1.811971,     0.001855,
  1713.850,     1.022667,     1.754821,    -0.003010,
  1713.900,     0.584877,     1.591743,     0.005085,
  1713.950,     0.213082,     1.231281,     0.000555,
  1714.000,     0.029814,     0.797407,    -0.007681,
  1714.050,     0.090781,     0.365158,     0.002054,
  1714.100,     0.416271,     0.034516,    -0.001431,
  1714.150,     0.873423,    -0.026658,    -0.004000,
  1714.200,     1.291235,     0.184675,     0.003504,
  1714.250,     1.594783,     0.606210,     0.004536,
  1714.300,     1.708652,     1.089649,     0.000645,
  1714.350,     1.594416,     1.490815,    -0.001229,
  1714.400,     1.327551,     1.707233,     0.004024,
  1714.450,     0.992563,     1.719465,    -0.001823,
  1714.500,     0.720057,     1.513489,    -0.002668,
  1714.550,     0.568835,     1.197705,     0.004092,
  1714.600,     0.604035,     0.856871,     0.002685,
  1714.650,     0.798883,     0.634544,    -0.000222,
  1714.700,     0.995448,     0.617475,    -0.008603,
  1714.750,     1.082232,     0.725275,    -0.001902,
  1714.800,     0.976034,     0.924123,     0.006137,
  1714.850,     0.705609,     1.106387,     0.004679,
  1714.900,     0.349806,     1.103005,    -0.004326,
  1714.950,    -0.046211,     0.913411,    -0.005514,
  1715.000,    -0.382697,     0.530180,    -0.001276,
  1715.050,    -0.580700,     0.134683,    -0.000225,
  1715.100,    -0.589549,    -0.269910,     0.004446,
  1715.150,    -0.389422,    -0.557224,     0.001485,
  1715.200,    -0.083758,    -0.683033,     0.001007,
  1715.250,     0.324665,    -0.571705,     0.000410,
  1715.300,     0.751022,    -0.304670,    -0.011080,
  1715.350,     1.234046,     0.078485,    -0.009346,
  1715.400,     1.604860,     0.538393,    -0.009971,
  1715.450,     1.818055,     1.028427,    -0.011189,
  1715.500,     1.767469,     1.502242,    -0.009334,
  1715.550,     1.442094,     1.844738,    -0.008150,
  1715.600,     0.869683,     1.933996,    -0.010085,
  1715.650,     0.196188,     1.728565,    -0.009987,
  1715.700,    -0.419632,     1.229859,    -0.008654,
  1715.750,    -0.856732,     0.540926,    -0.002931,
  1715.800,    -0.987421,    -0.165826,    -0.005579,
  1715.850,    -0.767773,    -0.740224,    -0.000170,
  1715.900,    -0.251365,    -1.057480,    -0.004827,
  1715.950,     0.476065,    -1.035766,     0.000227,
  1716.000,     1.212985,    -0.629646,     0.002638,
  1716.050,     1.789152,     0.073212,     0.005223,
  1716.100,     2.091704,     0.854730,     0.003333,
  1716.150,     2.115089,     1.581930,     0.001351,
  1716.200,     1.830975,     2.064901,    -0.001042,
  1716.250,     1.405359,     2.253151,     0.010768,
  1716.300,     0.918987,     2.119534,     0.010683,
  1716.350,     0.520161,     1.736978,     0.005733,
  1716.400,     0.280467,     1.250300,     0.002080,
  1716.450,     0.203395,     0.746373,     0.001397,
  1716.500,     0.267370,     0.391037,     0.003014,
  1716.550,     0.323304,     0.223613,    -0.005912,
  1716.600,     0.423206,     0.227837,    -0.004399,
  1716.650,     0.434995,     0.283777,    -0.003536,
  1716.700,     0.418101,     0.363875,    -0.011216,
  1716.750,     0.386681,     0.414411,    -0.008558,
  1716.800,     0.461163,     0.382238,    -0.012394,
  1716.850,     0.608893,     0.386000,    -0.011538,
  1716.900,     0.877346,     0.413724,    -0.012897,
  1716.950,     1.231409,     0.532464,    -0.013284,
  1717.000,     1.521016,     0.767610,    -0.011266,
  1717.050,     1.747181,     1.103108,    -0.008793,
  1717.100,     1.867469,     1.447134,    -0.012313,
  1717.150,     1.893995,     1.758704,    -0.010490,
  1717.200,     1.810907,     1.913312,    -0.008037,
  1717.250,     1.603288,     1.989301,     0.002003,
  1717.300,     1.298114,     1.956454,    -0.000461,
  1717.350,     0.979732,     1.767766,     0.002628,
  1717.400,     0.649928,     1.530295,     0.007820,
  1717.450,     0.264286,     1.168417,     0.014402,
  1717.500,    -0.067477,     0.812636,     0.013505,
  1717.550,    -0.325470,     0.407275,     0.011252,
  1717.600,    -0.378771,     0.038021,     0.004805,
  1717.650,    -0.175887,    -0.290806,     0.004032,
  1717.700,     0.247181,    -0.475594,     0.006731,
  1717.750,     0.739482,    -0.410213,    -0.001148,
  1717.800,     1.187120,    -0.052088,     0.002287,
  1717.850,     1.486725,     0.457475,    -0.012210,
  1717.900,     1.607805,     0.988306,    -0.008784,
  1717.950,     1.561010,     1.415740,    -0.008270,
  1718.000,     1.365572,     1.668179,    -0.008479,
  1718.050,     1.100712,     1.705765,    -0.010646,
  1718.100,     0.817069,     1.583977,    -0.017266,
  1718.150,     0.617003,     1.329943,    -0.017511,
  1718.200,     0.492355,     1.036802,    -0.012479,
  1718.250,     0.488631,     0.768220,    -0.011334,
  1718.300,     0.559987,     0.553401,    -0.009541,
  1718.350,     0.701487,     0.472896,    -0.013136,
  1718.400,     0.820945,     0.491900,    -0.014622,
  1718.450,     0.924522,     0.624468,    -0.006774,
  1718.500,     0.999785,     0.761028,     0.001035,
  1718.550,     1.048777,     0.885877,     0.003069,
  1718.600,     1.073249,     0.965360,     0.010857,
  1718.650,     1.193162,     1.019752,     0.011968,
  1718.700,     1.439647,     1.055398,     0.014611,
  1718.750,     1.772226,     1.122704,     0.014196,
  1718.800,     2.144695,     1.344286,     0.013765,
  1718.850,     2.427758,     1.613377,     0.013451,
  1718.900,     2.641323,     1.994283,     0.008242,
  1718.950,     2.609542,     2.344918,     0.004972,
  1719.000,     2.459548,     2.580013,    -0.000190,
  1719.050,     2.108955,     2.720220,    -0.000467,
  1719.100,     1.592503,     2.634843,    -0.005824,
  1719.150,     1.046529,     2.351094,    -0.010089,
  1719.200,     0.467395,     1.910511,    -0.010243,
  1719.250,    -0.000896,     1.332618,    -0.013059,
  1719.300,    -0.241500,     0.717710,    -0.014882,
  1719.350,    -0.236289,     0.149211,    -0.013806,
  1719.400,    -0.034405,    -0.231224,    -0.012531,
  1719.450,     0.361136,    -0.365955,    -0.014385,
  1719.500,     0.871346,    -0.252983,    -0.011826,
  1719.550,     1.462965,     0.065889,    -0.007919,
  1719.600,     1.996686,     0.584058,    -0.001080,
  1719.650,     2.351292,     1.177586,     0.006137,
  1719.700,     2.445202,     1.803306,     0.003423,
  1719.750,     2.320260,     2.287425,     0.015038,
  1719.800,     2.062154,     2.540220,     0.016569,
  1719.850,     1.722863,     2.506058,     0.009446,
  1719.900,     1.404797,     2.308830,     0.013382,
  1719.950,     1.145570,     1.970036,     0.006977,
  1720.000,     0.948574,     1.608460,     0.005460,

