Time_abs/ps, Signal 1/nA, Ref.signal 1/nA, Signal 2/nA, Ref.signal 2/nA
  1600.000,     0.005600,     0.007615,     0.005384,
  1600.050,     0.014084,    -0.004646,     0.004523,
  1600.100,     0.013505,     0.011497,    -0.004746,
  1600.150,    -0.021990,    -0.005388,    -0.002590,
  1600.200,    -0.011200,    -0.009079,    -0.002571,
  1600.250,    -0.019760,    -0.022884,    -0.003349,
  1600.300,    -0.029016,    -0.011605,    -0.005423,
  1600.350,    -0.041738,     0.000561,    -0.005859,
  1600.400,    -0.025626,     0.010459,    -0.005809,
  1600.450,    -0.032127,     0.008771,    -0.010347,
  1600.500,    -0.006881,    -0.000034,    -0.009667,
  1600.550,    -0.029964,    -0.009125,    -0.009827,
  1600.600,    -0.019758,    -0.021215,    -0.010760,
  1600.650,    -0.029196,    -0.028924,    -0.011830,
  1600.700,    -0.035453,    -0.024922,    -0.010110,
  1600.750,    -0.024692,    -0.033412,    -0.014082,
  1600.800,    -0.051356,    -0.027306,    -0.011021,
  1600.850,    -0.029629,    -0.001638,    -0.013567,
  1600.900,    -0.014908,    -0.017430,    -0.008664,
  1600.950,    -0.018865,    -0.006954,    -0.000918,
  1601.000,    -0.018641,    -0.025601,    -0.006524,
  1601.050,    -0.033029,    -0.025349,     0.006310,
  1601.100,    -0.004997,    -0.009534,    -0.005251,
  1601.150,    -0.011876,    -0.028449,     0.004617,
  1601.200,    -0.010234,    -0.018410,     0.009742,
  1601.250,    -0.002816,    -0.022588,     0.005007,
  1601.300,    -0.031198,    -0.037640,     0.006063,
  1601.350,     0.002096,    -0.024145,     0.009461,
  1601.400,    -0.011166,    -0.019708,     0.004829,
  1601.450,     0.003186,    -0.036830,     0.010399,
  1601.500,     0.010426,    -0.020360,     0.004972,
  1601.550,     0.005211,    -0.021295,     0.004242,
  1601.600,     0.000442,    -0.019094,     0.001050,
  1601.650,     0.010997,    -0.038961,     0.004932,
  1601.700,    -0.003773,    -0.039712,     0.007085,
  1601.750,     0.008887,    -0.046448,     0.005205,
  1601.800,     0.000097,    -0.049859,    -0.000935,
  1601.850,    -0.001512,    -0.056273,     0.004185,
  1601.900,    -0.002417,    -0.066449,     0.003015,
  1601.950,    -0.009185,    -0.072077,    -0.003386,
  1602.000,    -0.025883,    -0.063971,    -0.004601,
  1602.050,    -0.004637,    -0.049452,    -0.006494,
  1602.100,    -0.030042,    -0.059367,    -0.012250,
  1602.150,    -0.029349,    -0.063293,    -0.007295,
  1602.200,    -0.060693,    -0.057947,    -0.014561,
  1602.250,    -0.015203,    -0.047525,    -0.013169,
  1602.300,    -0.032027,    -0.066134,    -0.018085,
  1602.350,    -0.024943,    -0.074133,    -0.017394,
  1602.400,    -0.040254,    -0.077379,    -0.013720,
  1602.450,    -0.035697,    -0.060169,    -0.018919,
  1602.500,    -0.044269,    -0.080268,    -0.014880,
  1602.550,    -0.034254,    -0.067907,    -0.018926,
  1602.600,    -0.037327,    -0.099132,    -0.011643,
  1602.650,    -0.029157,    -0.079462,    -0.012263,
  1602.700,    -0.037220,    -0.061615,    -0.011373,
  1602.750,    -0.027200,    -0.055587,    -0.013179,
  1602.800,    -0.031270,    -0.049285,    -0.005097,
  1602.850,    -0.027214,    -0.061351,    -0.005738,
  1602.900,    -0.045486,    -0.051576,    -0.007989,
  1602.950,    -0.039833,    -0.030425,    -0.001376,
  1603.000,    -0.012547,    -0.045516,     0.005805,
  1603.050,    -0.009462,    -0.046597,     0.005606,
  1603.100,    -0.017548,    -0.041525,     0.003572,
  1603.150,    -0.026519,    -0.058770,     0.002581,
  1603.200,    -0.022701,    -0.067038,     0.002798,
  1603.250,    -0.017187,    -0.060943,     0.005451,
  1603.300,    -0.007037,    -0.046130,     0.015201,
  1603.350,    -0.023522,    -0.044856,     0.006667,
  1603.400,     0.004393,    -0.048941,     0.008848,
  1603.450,    -0.011086,    -0.057768,     0.015130,
  1603.500,    -0.007367,    -0.061647,     0.009130,
  1603.550,     0.005108,    -0.072860,     0.010536,
  1603.600,    -0.008466,    -0.050958,     0.013302,
  1603.650,     0.004242,    -0.058043,     0.008856,
  1603.700,     0.007857,    -0.046480,     0.005817,
  1603.750,    -0.004196,    -0.039911,     0.007924,
  1603.800,    -0.007222,    -0.055079,     0.007149,
  1603.850,     0.001213,    -0.055890,     0.000132,
  1603.900,    -0.019905,    -0.060794,    -0.003576,
  1603.950,    -0.003571,    -0.056321,    -0.001361,
  1604.000,    -0.029710,    -0.053461,    -0.002863,
  1604.050,    -0.032163,    -0.061511,    -0.006912,
  1604.100,    -0.033578,    -0.073083,    -0.003348,
  1604.150,    -0.007952,    -0.058812,    -0.008365,
  1604.200,    -0.018139,    -0.056921,    -0.008697,
  1604.250,    -0.006996,    -0.052816,    -0.006315,
  1604.300,    -0.037188,    -0.051204,    -0.012873,
  1604.350,    -0.029094,    -0.050098,    -0.015342,
  1604.400,    -0.020623,    -0.051308,    -0.017234,
  1604.450,    -0.012416,    -0.055452,    -0.019226,
  1604.500,    -0.023870,    -0.068069,    -0.011452,
  1604.550,    -0.043802,    -0.050001,    -0.012319,
  1604.600,    -0.044304,    -0.060544,    -0.013068,
  1604.650,    -0.054618,    -0.066102,    -0.015613,
  1604.700,    -0.019138,    -0.067510,    -0.016642,
  1604.750,    -0.034148,    -0.069713,    -0.008899,
  1604.800,    -0.012002,    -0.075049,    -0.010678,
  1604.850,    -0.024548,    -0.068252,    -0.009908,
  1604.900,    -0.001451,    -0.068048,    -0.005724,
  1604.950,    -0.015178,    -0.057182,    -0.010561,
  1605.000,    -0.001279,    -0.074073,    -0.005537,
  1605.050,     0.001549,    -0.073767,    -0.000054,
  1605.100,    -0.016707,    -0.058804,    -0.002367,
  1605.150,    -0.000303,    -0.074817,    -0.004777,
  1605.200,    -0.013884,    -0.054424,    -0.004867,
  1605.250,    -0.004148,    -0.059604,     0.003289,
  1605.300,    -0.002183,    -0.073760,     0.000547,
  1605.350,    -0.005425,    -0.080658,     0.001892,
  1605.400,    -0.006976,    -0.064059,     0.008639,
  1605.450,     0.010894,    -0.066206,     0.003377,
  1605.500,    -0.006673,    -0.061892,     0.002991,
  1605.550,     0.007300,    -0.056416,     0.010787,
  1605.600,     0.017596,    -0.060449,     0.007056,
  1605.650,     0.012237,    -0.062375,     0.005776,
  1605.700,    -0.013358,    -0.064690,     0.012465,
  1605.750,    -0.001643,    -0.067201,     0.006163,
  1605.800,     0.012479,    -0.053317,     0.005986,
  1605.850,     0.014685,    -0.075328,     0.009863,
  1605.900,    -0.010577,    -0.081720,     0.006626,
  1605.950,    -0.001570,    -0.084957,     0.001754,
  1606.000,    -0.002056,    -0.063255,     0.000826,
  1606.050,     0.005349,    -0.061329,     0.001985,
  1606.100,     0.002173,    -0.043735,     0.001176,
  1606.150,    -0.007462,    -0.050841,    -0.001208,
  1606.200,    -0.018453,    -0.062682,    -0.000060,
  1606.250,    -0.009363,    -0.048538,    -0.000990,
  1606.300,    -0.027340,    -0.051206,    -0.003529,
  1606.350,    -0.010197,    -0.056931,    -0.004709,
  1606.400,    -0.007609,    -0.061721,    -0.002387,
  1606.450,    -0.002862,    -0.077838,    -0.004689,
  1606.500,    -0.001459,    -0.075351,    -0.009562,
  1606.550,     0.001183,    -0.045355,    -0.010644,
  1606.600,    -0.006385,    -0.075436,    -0.009773,
  1606.650,    -0.001195,    -0.075216,    -0.009484,
  1606.700,     0.023319,    -0.067222,    -0.009887,
  1606.750,     0.007410,    -0.063340,    -0.010184,
  1606.800,    -0.004608,    -0.069187,    -0.010249,
  1606.850,    -0.000229,    -0.065506,    -0.013141,
  1606.900,    -0.016636,    -0.051772,    -0.011304,
  1606.950,    -0.007991,    -0.049198,    -0.011489,
  1607.000,     0.010098,    -0.044549,    -0.014224,
  1607.050,    -0.011733,    -0.057717,    -0.009868,
  1607.100,    -0.015359,    -0.057853,    -0.013041,
  1607.150,    -0.017031,    -0.075347,    -0.007385,
  1607.200,     0.006022,    -0.075670,    -0.009065,
  1607.250,     0.004507,    -0.067853,    -0.007519,
  1607.300,     0.012845,    -0.065862,    -0.008959,
  1607.350,     0.000371,    -0.091792,    -0.011408,
  1607.400,     0.017728,    -0.095613,    -0.007475,
  1607.450,     0.015033,    -0.089350,    -0.000881,
  1607.500,     0.022147,    -0.075400,    -0.004533,
  1607.550,     0.020209,    -0.104859,     0.000896,
  1607.600,     0.017573,    -0.098777,     0.000997,
  1607.650,     0.021759,    -0.092790,    -0.000807,
  1607.700,     0.003681,    -0.102410,    -0.001488,
  1607.750,     0.022939,    -0.103796,    -0.004511,
  1607.800,     0.016555,    -0.101278,     0.003086,
  1607.850,     0.054658,    -0.124529,     0.005329,
  1607.900,     0.035723,    -0.136633,     0.001231,
  1607.950,     0.041971,    -0.124998,     0.007501,
  1608.000,     0.047617,    -0.137278,     0.003935,
  1608.050,     0.027483,    -0.131250,     0.009464,
  1608.100,     0.024872,    -0.141260,     0.007756,
  1608.150,     0.032154,    -0.161652,     0.007780,
  1608.200,     0.022929,    -0.162870,     0.002190,
  1608.250,     0.026953,    -0.156415,     0.006334,
  1608.300,     0.003783,    -0.147483,     0.004691,
  1608.350,     0.038247,    -0.147606,     0.001027,
  1608.400,     0.038142,    -0.157783,     0.004822,
  1608.450,     0.044661,    -0.149063,     0.003312,
  1608.500,     0.035032,    -0.130967,     0.000819,
  1608.550,     0.016939,    -0.132564,     0.001369,
  1608.600,     0.014082,    -0.131408,    -0.000295,
  1608.650,     0.021465,    -0.119437,     0.000086,
  1608.700,     0.010469,    -0.132012,    -0.005800,
  1608.750,     0.027471,    -0.130531,    -0.003623,
  1608.800,     0.005459,    -0.127366,    -0.005272,
  1608.850,     0.020823,    -0.114349,    -0.004914,
  1608.900,     0.023690,    -0.118084,    -0.000151,
  1608.950,     0.010793,    -0.108535,    -0.006055,
  1609.000,     0.029314,    -0.122791,    -0.009745,
  1609.050,     0.035519,    -0.112637,    -0.014072,
  1609.100,     0.025941,    -0.100752,    -0.006730,
  1609.150,     0.021863,    -0.101737,    -0.004895,
  1609.200,     0.018825,    -0.083625,    -0.004710,
  1609.250,     0.010425,    -0.090299,    -0.004518,
  1609.300,     0.021419,    -0.092264,    -0.008398,
  1609.350,     0.012718,    -0.063074,    -0.009883,
  1609.400,    -0.006812,    -0.072413,    -0.008414,
  1609.450,    -0.007800,    -0.097468,    -0.008982,
  1609.500,     0.009883,    -0.062004,    -0.005680,
  1609.550,    -0.019525,    -0.074665,    -0.002728,
  1609.600,    -0.012633,    -0.082541,    -0.008433,
  1609.650,    -0.006470,    -0.095405,    -0.007378,
  1609.700,     0.002385,    -0.072481,    -0.007425,
  1609.750,     0.011307,    -0.073364,    -0.008984,
  1609.800,     0.002974,    -0.048757,    -0.009772,
  1609.850,    -0.005100,    -0.050317,    -0.006344,
  1609.900,     0.012818,    -0.050132,    -0.008689,
  1609.950,     0.003691,    -0.052159,    -0.008683,
  1610.000,     0.013957,    -0.076507,    -0.000621,
  1610.050,     0.015326,    -0.090168,    -0.004857,
  1610.100,     0.030269,    -0.092489,    -0.002866,
  1610.150,     0.015688,    -0.092585,     0.001297,
  1610.200,     0.011635,    -0.087222,    -0.002942,
  1610.250,     0.018175,    -0.102442,    -0.002731,
  1610.300,     0.009564,    -0.110517,     0.004519,
  1610.350,     0.009835,    -0.117500,    -0.001189,
  1610.400,     0.017508,    -0.123959,    -0.003126,
  1610.450,     0.022500,    -0.132789,     0.001299,
  1610.500,     0.022483,    -0.137259,     0.003472,
  1610.550,     0.013052,    -0.141640,     0.004773,
  1610.600,     0.008700,    -0.131035,    -0.000158,
  1610.650,     0.019000,    -0.137492,     0.002926,
  1610.700,     0.016908,    -0.131505,     0.006451,
  1610.750,     0.027838,    -0.161033,     0.003543,
  1610.800,     0.023593,    -0.172221,    -0.000273,
  1610.850,     0.039932,    -0.194941,    -0.000505,
  1610.900,     0.036367,    -0.172747,    -0.000215,
  1610.950,     0.026386,    -0.179672,     0.004705,
  1611.000,     0.022106,    -0.196484,     0.004727,
  1611.050,     0.031908,    -0.217035,     0.005746,
  1611.100,     0.025262,    -0.213329,     0.006464,
  1611.150,     0.025949,    -0.239635,     0.002781,
  1611.200,     0.019178,    -0.240099,     0.000234,
  1611.250,     0.006295,    -0.215287,    -0.001735,
  1611.300,     0.017737,    -0.217257,     0.001439,
  1611.350,     0.023906,    -0.223915,    -0.004498,
  1611.400,     0.030353,    -0.225158,    -0.005679,
  1611.450,     0.031383,    -0.227445,    -0.000948,
  1611.500,     0.035867,    -0.219021,     0.000711,
  1611.550,     0.013943,    -0.196926,    -0.000540,
  1611.600,     0.016208,    -0.221091,    -0.001835,
  1611.650,     0.020568,    -0.212736,    -0.002013,
  1611.700,     0.009053,    -0.199161,     0.000204,
  1611.750,     0.017054,    -0.192209,    -0.006386,
  1611.800,     0.017934,    -0.199529,     0.000369,
  1611.850,     0.011783,    -0.174264,    -0.000721,
  1611.900,     0.009095,    -0.168421,    -0.006370,
  1611.950,     0.004418,    -0.185613,    -0.004792,
  1612.000,    -0.006425,    -0.193127,    -0.009283,
  1612.050,    -0.023350,    -0.202004,    -0.007551,
  1612.100,    -0.007303,    -0.203686,    -0.010093,
  1612.150,    -0.003573,    -0.192196,    -0.005707,
  1612.200,    -0.001951,    -0.228909,    -0.008190,
  1612.250,    -0.001106,    -0.217702,    -0.008049,
  1612.300,    -0.005941,    -0.218946,    -0.005158,
  1612.350,    -0.000160,    -0.226065,    -0.004989,
  1612.400,     0.009463,    -0.209106,    -0.004671,
  1612.450,    -0.011441,    -0.219318,    -0.007720,
  1612.500,    -0.013163,    -0.206316,    -0.003294,
  1612.550,     0.004969,    -0.213026,    -0.001340,
  1612.600,     0.000398,    -0.230964,    -0.008518,
  1612.650,     0.001287,    -0.237960,    -0.008111,
  1612.700,    -0.011155,    -0.240506,    -0.009946,
  1612.750,    -0.001808,    -0.236160,    -0.005310,
  1612.800,     0.009796,    -0.233167,     0.001370,
  1612.850,     0.007072,    -0.256656,    -0.002066,
  1612.900,     0.014158,    -0.239617,    -0.008121,
  1612.950,    -0.009711,    -0.245471,    -0.007094,
  1613.000,     0.017407,    -0.262886,    -0.003731,
  1613.050,     0.007375,    -0.251333,    -0.000160,
  1613.100,     0.014277,    -0.256567,    -0.004304,
  1613.150,     0.022179,    -0.244889,    -0.010102,
  1613.200,     0.007829,    -0.267568,    -0.005175,
  1613.250,     0.020826,    -0.263436,     0.002418,
  1613.300,     0.010098,    -0.261406,     0.000395,
  1613.350,     0.009569,    -0.262316,    -0.004865,
  1613.400,     0.029533,    -0.263597,    -0.002897,
  1613.450,     0.000792,    -0.263895,     0.003175,
  1613.500,     0.017906,    -0.253962,    -0.004067,
  1613.550,     0.010465,    -0.267384,    -0.001805,
  1613.600,     0.019885,    -0.282852,     0.001880,
  1613.650,     0.014692,    -0.294390,    -0.003137,
  1613.700,     0.026727,    -0.269291,    -0.006998,
  1613.750,     0.014801,    -0.296063,    -0.004196,
  1613.800,     0.017409,    -0.295676,    -0.001657,
  1613.850,     0.011208,    -0.290447,    -0.002306,
  1613.900,     0.035380,    -0.308364,    -0.003006,
  1613.950,     0.015615,    -0.311033,    -0.009092,
  1614.000,     0.001768,    -0.298176,    -0.004741,
  1614.050,     0.017407,    -0.320096,    -0.002063,
  1614.100,     0.026551,    -0.327092,    -0.002283,
  1614.150,     0.003156,    -0.336267,    -0.002619,
  1614.200,     0.013294,    -0.347295,     0.000196,
  1614.250,     0.009682,    -0.345886,     0.000443,
  1614.300,     0.026723,    -0.330335,    -0.002086,
  1614.350,    -0.007042,    -0.335595,     0.002843,
  1614.400,    -0.015454,    -0.326397,    -0.000224,
  1614.450,    -0.002458,    -0.335081,    -0.000923,
  1614.500,    -0.015194,    -0.341281,    -0.001913,
  1614.550,    -0.023914,    -0.341916,    -0.002421,
  1614.600,    -0.019073,    -0.342900,    -0.003033,
  1614.650,    -0.029387,    -0.342125,    -0.003744,
  1614.700,    -0.007594,    -0.318097,    -0.001744,
  1614.750,    -0.013422,    -0.315540,    -0.002903,
  1614.800,    -0.024574,    -0.298863,     0.000373,
  1614.850,    -0.044375,    -0.298416,    -0.003597,
  1614.900,    -0.027007,    -0.312369,    -0.000999,
  1614.950,    -0.029926,    -0.298750,    -0.001449,
  1615.000,    -0.030754,    -0.299329,    -0.009025,
  1615.050,    -0.034534,    -0.316875,    -0.002911,
  1615.100,    -0.041852,    -0.339941,     0.002218,
  1615.150,    -0.040545,    -0.354372,    -0.006757,
  1615.200,    -0.050297,    -0.349586,    -0.004681,
  1615.250,    -0.024723,    -0.375272,    -0.004760,
  1615.300,    -0.034277,    -0.391255,    -0.004576,
  1615.350,    -0.036901,    -0.412063,     0.001889,
  1615.400,    -0.033503,    -0.422098,     0.003299,
  1615.450,    -0.037365,    -0.408363,    -0.003822,
  1615.500,    -0.034336,    -0.404922,    -0.003120,
  1615.550,    -0.023660,    -0.411461,    -0.000867,
  1615.600,    -0.029920,    -0.401083,     0.000923,
  1615.650,    -0.051127,    -0.408784,     0.000752,
  1615.700,    -0.025343,    -0.415894,    -0.002215,
  1615.750,    -0.041837,    -0.406058,    -0.003196,
  1615.800,    -0.015745,    -0.429032,    -0.004010,
  1615.850,    -0.035979,    -0.454615,    -0.000370,
  1615.900,    -0.038233,    -0.455064,    -0.004558,
  1615.950,    -0.030322,    -0.455368,    -0.005165,
  1616.000,    -0.030408,    -0.466990,    -0.007811,
  1616.050,    -0.042683,    -0.474880,    -0.006455,
  1616.100,    -0.037740,    -0.480263,    -0.001224,
  1616.150,    -0.044068,    -0.480738,     0.000033,
  1616.200,    -0.039982,    -0.476577,    -0.003002,
  1616.250,    -0.048448,    -0.483261,    -0.005081,
  1616.300,    -0.054036,    -0.490949,    -0.006074,
  1616.350,    -0.042371,    -0.490765,    -0.007904,
  1616.400,    -0.040133,    -0.495713,    -0.010467,
  1616.450,    -0.047088,    -0.492477,    -0.009695,
  1616.500,    -0.046145,    -0.503176,    -0.008597,
  1616.550,    -0.039868,    -0.526755,    -0.005657,
  1616.600,    -0.044698,    -0.506274,    -0.002819,
  1616.650,    -0.037205,    -0.492097,    -0.008238,
  1616.700,    -0.047383,    -0.494707,    -0.004854,
  1616.750,    -0.044930,    -0.491688,    -0.005825,
  1616.800,    -0.045260,    -0.491173,    -0.001289,
  1616.850,    -0.044343,    -0.493725,    -0.001682,
  1616.900,    -0.043728,    -0.487156,    -0.007145,
  1616.950,    -0.044936,    -0.489569,    -0.005587,
  1617.000,    -0.046853,    -0.506868,     0.001532,
  1617.050,    -0.059752,    -0.487291,    -0.000964,
  1617.100,    -0.042279,    -0.474220,    -0.002263,
  1617.150,    -0.049259,    -0.483483,     0.004502,
  1617.200,    -0.057308,    -0.473541,     0.003441,
  1617.250,    -0.048641,    -0.474562,    -0.003862,
  1617.300,    -0.060379,    -0.456456,     0.000122,
  1617.350,    -0.068534,    -0.446705,     0.001464,
  1617.400,    -0.067985,    -0.459078,     0.005959,
  1617.450,    -0.071204,    -0.445847,     0.003275,
  1617.500,    -0.051856,    -0.438835,    -0.002018,
  1617.550,    -0.063011,    -0.433537,    -0.002101,
  1617.600,    -0.067517,    -0.436497,     0.003997,
  1617.650,    -0.071184,    -0.418269,     0.003141,
  1617.700,    -0.072348,    -0.416141,     0.006292,
  1617.750,    -0.057970,    -0.407228,     0.004355,
  1617.800,    -0.058361,    -0.401720,     0.006918,
  1617.850,    -0.072684,    -0.380863,     0.002370,
  1617.900,    -0.068888,    -0.371745,     0.003462,
  1617.950,    -0.072910,    -0.338327,     0.001151,
  1618.000,    -0.082556,    -0.281234,     0.000570,
  1618.050,    -0.082077,    -0.232384,     0.002234,
  1618.100,    -0.091783,    -0.193871,    -0.001491,
  1618.150,    -0.085108,    -0.161821,     0.000798,
  1618.200,    -0.089973,    -0.119875,    -0.001249,
  1618.250,    -0.087119,    -0.077524,    -0.001544,
  1618.300,    -0.086659,    -0.071774,    -0.004752,
  1618.350,    -0.084051,    -0.087374,    -0.006699,
  1618.400,    -0.093732,    -0.196099,    -0.003585,
  1618.450,    -0.105705,    -0.348139,    -0.002667,
  1618.500,    -0.081851,    -0.610612,    -0.008939,
  1618.550,    -0.080549,    -0.952923,    -0.009354,
  1618.600,    -0.088948,    -1.333053,    -0.002103,
  1618.650,    -0.061793,    -1.743931,    -0.003414,
  1618.700,    -0.090673,    -2.126887,    -0.007721,
  1618.750,    -0.098244,    -2.394161,    -0.010082,
  1618.800,    -0.088638,    -2.457728,    -0.013121,
  1618.850,    -0.081730,    -2.309845,    -0.011055,
  1618.900,    -0.093633,    -1.995652,    -0.014316,
  1618.950,    -0.096627,    -1.602009,    -0.012165,
  1619.000,    -0.098429,    -1.184876,    -0.011623,
  1619.050,    -0.111296,    -0.797805,    -0.012271,
  1619.100,    -0.081339,    -0.520714,    -0.016381,
  1619.150,    -0.087866,    -0.297820,    -0.017058,
  1619.200,    -0.102099,    -0.164513,    -0.014640,
  1619.250,    -0.091464,    -0.133796,    -0.008036,
  1619.300,    -0.101283,    -0.141140,    -0.012309,
  1619.350,    -0.107853,    -0.189173,    -0.013906,
  1619.400,    -0.108059,    -0.272831,    -0.005600,
  1619.450,    -0.087309,    -0.366149,    -0.009369,
  1619.500,    -0.092237,    -0.414662,    -0.009644,
  1619.550,    -0.090928,    -0.486669,    -0.005984,
  1619.600,    -0.105617,    -0.532702,    -0.002226,
  1619.650,    -0.105567,    -0.559336,    -0.004284,
  1619.700,    -0.104469,    -0.580338,    -0.001743,
  1619.750,    -0.088448,    -0.589772,     0.003842,
  1619.800,    -0.096045,    -0.591029,     0.005417,
  1619.850,    -0.095437,    -0.607447,     0.002891,
  1619.900,    -0.104291,    -0.624791,     0.003597,
  1619.950,    -0.111933,    -0.651564,     0.006967,
  1620.000,    -0.106823,    -0.699427,     0.004552,
  1620.050,    -0.120353,    -0.712156,     0.006527,
  1620.100,    -0.140655,    -0.740053,     0.004507,
  1620.150,    -0.126376,    -0.779035,     0.001108,
  1620.200,    -0.114416,    -0.777557,     0.007796,
  1620.250,    -0.098110,    -0.783301,     0.006283,
  1620.300,    -0.112134,    -0.795376,     0.004992,
  1620.350,    -0.112784,    -0.762885,     0.011727,
  1620.400,    -0.110910,    -0.756703,     0.008175,
  1620.450,    -0.112147,    -0.755122,     0.007739,
  1620.500,    -0.129377,    -0.759587,     0.009720,
  1620.550,    -0.125840,    -0.770126,     0.012126,
  1620.600,    -0.125200,    -0.762379,     0.008663,
  1620.650,    -0.133870,    -0.799293,     0.009782,
  1620.700,    -0.136859,    -0.826538,     0.008447,
  1620.750,    -0.128453,    -0.825007,     0.001865,
  1620.800,    -0.126064,    -0.836559,     0.000584,
  1620.850,    -0.125204,    -0.864981,     0.005410,
  1620.900,    -0.114034,    -0.872562,     0.000442,
  1620.950,    -0.113769,    -0.863349,    -0.000252,
  1621.000,    -0.145184,    -0.892779,    -0.001327,
  1621.050,    -0.115978,    -0.900679,    -0.006947,
  1621.100,    -0.104776,    -0.903279,    -0.006405,
  1621.150,    -0.112757,    -0.929399,    -0.009854,
  1621.200,    -0.123257,    -0.946151,    -0.011935,
  1621.250,    -0.142897,    -0.973433,    -0.007820,
  1621.300,    -0.108619,    -1.002156,    -0.005169,
  1621.350,    -0.113447,    -1.031033,    -0.010090,
  1621.400,    -0.119371,    -1.055723,    -0.012247,
  1621.450,    -0.111703,    -1.082439,    -0.010506,
  1621.500,    -0.119037,    -1.040745,    -0.008829,
  1621.550,    -0.119902,    -1.007067,    -0.010806,
  1621.600,    -0.121953,    -0.969472,    -0.009625,
  1621.650,    -0.131174,    -0.923275,    -0.010765,
  1621.700,    -0.121898,    -0.868363,    -0.012831,
  1621.750,    -0.116919,    -0.839668,    -0.013001,
  1621.800,    -0.121326,    -0.839075,    -0.009488,
  1621.850,    -0.099469,    -0.835832,    -0.011331,
  1621.900,    -0.099577,    -0.868083,    -0.010485,
  1621.950,    -0.102581,    -0.905803,    -0.008445,
  1622.000,    -0.094076,    -0.925178,    -0.008928,
  1622.050,    -0.096411,    -0.925425,    -0.010070,
  1622.100,    -0.083609,    -0.933014,    -0.003525,
  1622.150,    -0.061924,    -0.943333,    -0.006980,
  1622.200,    -0.035975,    -0.946160,    -0.007057,
  1622.250,    -0.011416,    -0.947706,    -0.010228,
  1622.300,    -0.016064,    -0.936598,    -0.005122,
  1622.350,    -0.011041,    -0.911204,     0.002500,
  1622.400,    -0.042587,    -0.902913,    -0.003349,
  1622.450,    -0.078949,    -0.885350,     0.000308,
  1622.500,    -0.135849,    -0.852988,     0.000184,
  1622.550,    -0.232278,    -0.809969,     0.002526,
  1622.600,    -0.376220,    -0.785377,     0.007843,
  1622.650,    -0.539242,    -0.742969,     0.002212,
  1622.700,    -0.697082,    -0.686576,     0.001983,
  1622.750,    -0.814862,    -0.613374,     0.008169,
  1622.800,    -0.854948,    -0.510101,     0.006924,
  1622.850,    -0.822283,    -0.403846,     0.005828,
  1622.900,    -0.681632,    -0.275957,     0.009873,
  1622.950,    -0.468967,    -0.136301,     0.007551,
  1623.000,    -0.248226,    -0.013895,     0.008413,
  1623.050,    -0.037358,     0.097326,     0.011726,
  1623.100,     0.124255,     0.115637,     0.010422,
  1623.150,     0.212003,     0.008123,     0.006961,
  1623.200,     0.242372,    -0.326249,     0.005469,
  1623.250,     0.223193,    -1.001347,     0.009278,
  1623.300,     0.175338,    -2.122518,     0.006105,
  1623.350,     0.100767,    -3.843026,     0.006788,
  1623.400,     0.013379,    -6.190226,     0.005893,
  1623.450,    -0.069914,    -9.079033,     0.002709,
  1623.500,    -0.121649,   -12.222148,     0.003476,
  1623.550,    -0.158084,   -15.132563,     0.005514,
  1623.600,    -0.187300,   -17.125555,    -0.001127,
  1623.650,    -0.218491,   -17.493563,    -0.003255,
  1623.700,    -0.238564,   -15.827166,     0.000420,
  1623.750,    -0.221114,   -12.123533,     0.000853,
  1623.800,    -0.203615,    -6.997025,    -0.001402,
  1623.850,    -0.197927,    -1.427215,    -0.005561,
  1623.900,    -0.202057,     3.484423,    -0.002365,
  1623.950,    -0.217954,     6.934489,    -0.004066,
  1624.000,    -0.208284,     8.513791,    -0.007297,
  1624.050,    -0.214325,     8.337132,    -0.005444,
  1624.100,    -0.229498,     6.748450,    -0.005755,
  1624.150,    -0.239889,     4.178412,    -0.004089,
  1624.200,    -0.238280,     1.205607,    -0.005549,
  1624.250,    -0.229159,    -1.618595,    -0.006276,
  1624.300,    -0.219295,    -3.847212,    -0.006886,
  1624.350,    -0.224763,    -5.274983,    -0.008634,
  1624.400,    -0.230742,    -5.999073,    -0.010086,
  1624.450,    -0.209702,    -6.210488,    -0.009323,
  1624.500,    -0.194671,    -6.037645,    -0.010767,
  1624.550,    -0.207613,    -5.448199,    -0.010892,
  1624.600,    -0.208806,    -4.513717,    -0.013585,
  1624.650,    -0.201283,    -3.507028,    -0.013702,
  1624.700,    -0.221077,    -2.713990,    -0.013863,
  1624.750,    -0.216762,    -2.169706,    -0.014608,
  1624.800,    -0.212182,    -1.805950,    -0.011217,
  1624.850,    -0.238755,    -1.469886,    -0.006764,
  1624.900,    -0.236013,    -1.140785,     0.000126,
  1624.950,    -0.220216,    -0.812284,    -0.001953,
  1625.000,    -0.247031,    -0.407357,    -0.002677,
  1625.050,    -0.240445,     0.132472,    -0.000843,
  1625.100,    -0.214666,     0.838794,    -0.003693,
  1625.150,    -0.240541,     1.727241,    -0.005692,
  1625.200,    -0.241693,     2.765705,    -0.001811,
  1625.250,    -0.226582,     3.889177,     0.001840,
  1625.300,    -0.236030,     5.077292,     0.000929,
  1625.350,    -0.252831,     6.273234,     0.001642,
  1625.400,    -0.275899,     7.478472,     0.001471,
  1625.450,    -0.280068,     8.746009,     0.002665,
  1625.500,    -0.276237,    10.060120,     0.003870,
  1625.550,    -0.264148,    11.467869,    -0.001481,
  1625.600,    -0.221042,    13.071246,    -0.001843,
  1625.650,    -0.192382,    14.898890,     0.002567,
  1625.700,    -0.157488,    17.010325,     0.003674,
  1625.750,    -0.131417,    19.501218,    -0.001292,
  1625.800,    -0.127469,    22.428147,    -0.005788,
  1625.850,    -0.132348,    25.822997,     0.001597,
  1625.900,    -0.158873,    29.700968,     0.002118,
  1625.950,    -0.169014,    34.164119,    -0.006496,
  1626.000,    -0.167130,    39.328189,    -0.000207,
  1626.050,    -0.192716,    45.320874,    -0.001998,
  1626.100,    -0.201842,    52.213222,    -0.001424,
  1626.150,    -0.203084,    60.173804,    -0.000464,
  1626.200,    -0.221132,    69.234329,    -0.004140,
  1626.250,    -0.213240,    79.317423,    -0.001335,
  1626.300,    -0.205081,    90.147328,    -0.001569,
  1626.350,    -0.199494,   101.149397,     0.001190,
  1626.400,    -0.193052,   111.240914,     0.001851,
  1626.450,    -0.172496,   118.577158,    -0.003633,
  1626.500,    -0.148949,   120.330037,    -0.003860,
  1626.550,    -0.151547,   112.301036,    -0.003270,
  1626.600,    -0.163001,    88.936240,    -0.004096,
  1626.650,    -0.137428,    43.654300,    -0.005435,
  1626.700,    -0.138903,   -30.080523,    -0.004703,
  1626.750,    -0.142575,  -136.599317,    -0.010248,
  1626.800,    -0.086588,  -275.383844,    -0.008545,
  1626.850,    -0.057388,  -438.202199,    -0.004462,
  1626.900,    -0.032337,  -607.466873,    -0.006736,
  1626.950,     0.000953,  -756.832510,    -0.006269,
  1627.000,     0.050827,  -853.304042,    -0.005351,
  1627.050,     0.088507,  -863.652525,    -0.002609,
  1627.100,     0.113376,  -767.964910,    -0.001056,
  1627.150,     0.106753,  -573.556554,     0.001797,
  1627.200,     0.056746,  -314.836492,    -0.000323,
  1627.250,    -0.086197,   -38.717001,     0.001700,
  1627.300,    -0.372126,   213.204124,    -0.002928,
  1627.350,    -0.826348,   414.370761,    -0.004040,
  1627.400,    -1.487880,   551.418659,     0.000536,
  1627.450,    -2.365876,   618.154752,     0.000848,
  1627.500,    -3.427346,   615.650001,    -0.001113,
  1627.550,    -4.547831,   555.920794,     0.002867,
  1627.600,    -5.460514,   461.606808,     0.003812,
  1627.650,    -5.874924,   358.092630,    -0.001682,
  1627.700,    -5.495692,   262.795631,    -0.004807,
  1627.750,    -4.204660,   181.288099,     0.002140,
  1627.800,    -2.049037,   113.143369,    -0.002416,
  1627.850,     0.620885,    59.884677,     0.002076,
  1627.900,     3.179682,    26.164406,     0.002595,
  1627.950,     5.071296,    13.388737,     0.000574,
  1628.000,     5.969933,    14.807836,     0.000370,
  1628.050,     5.777540,    19.605023,    -0.001314,
  1628.100,     4.699916,    20.976186,    -0.004901,
  1628.150,     3.063870,    18.573325,    -0.006166,
  1628.200,     1.216846,    13.737354,    -0.005725,
  1628.250,    -0.572682,     6.294082,    -0.006844,
  1628.300,    -2.021075,    -3.942722,    -0.003734,
  1628.350,    -2.908152,   -15.291041,    -0.007167,
  1628.400,    -3.193491,   -25.115936,    -0.008867,
  1628.450,    -3.029260,   -31.509963,    -0.003572,
  1628.500,    -2.624943,   -33.304194,    -0.007769,
  1628.550,    -2.139575,   -29.992888,    -0.008972,
  1628.600,    -1.535536,   -22.742302,    -0.006998,
  1628.650,    -0.869238,   -14.414926,    -0.008212,
  1628.700,    -0.258933,    -7.483234,    -0.010862,
  1628.750,     0.165596,    -2.984859,    -0.013004,
  1628.800,     0.351354,    -1.164252,    -0.011681,
  1628.850,     0.388787,    -2.118112,    -0.013021,
  1628.900,     0.374775,    -5.174189,    -0.012385,
  1628.950,     0.399627,    -9.286403,    -0.009679,
  1629.000,     0.407929,   -13.634145,    -0.008808,
  1629.050,     0.439688,   -17.083424,    -0.003715,
  1629.100,     0.581357,   -18.429742,    -0.004244,
  1629.150,     0.777471,   -17.405915,    -0.009722,
  1629.200,     1.040005,   -14.983355,    -0.009003,
  1629.250,     1.339735,   -11.998510,    -0.007169,
  1629.300,     1.666730,    -8.593464,    -0.008823,
  1629.350,     2.003311,    -5.354663,    -0.007069,
  1629.400,     2.315876,    -3.324842,    -0.000712,
  1629.450,     2.558921,    -2.418323,    -0.000713,
  1629.500,     2.795003,    -1.744800,     0.000016,
  1629.550,     3.044944,    -1.435813,     0.000512,
  1629.600,     3.303198,    -2.146204,     0.005530,
  1629.650,     3.618604,    -3.579164,     0.006344,
  1629.700,     4.026782,    -5.007354,     0.002798,
  1629.750,     4.549234,    -6.289650,     0.003175,
  1629.800,     5.187896,    -7.321848,     0.004670,
  1629.850,     5.979179,    -7.916487,     0.001810,
  1629.900,     6.902308,    -8.401538,     0.003683,
  1629.950,     7.941695,    -9.063405,     0.007804,
  1630.000,     9.149347,    -9.528301,     0.004748,
  1630.050,    10.563256,    -9.995554,     0.003417,
  1630.100,    12.204511,   -11.552468,     0.008776,
  1630.150,    14.129855,   -14.581446,     0.002219,
  1630.200,    16.363414,   -18.110098,     0.003766,
  1630.250,    18.962455,   -21.159664,     0.000031,
  1630.300,    21.795633,   -23.552278,     0.002419,
  1630.350,    24.798567,   -25.200944,     0.004957,
  1630.400,    27.793669,   -25.526302,     0.001333,
  1630.450,    30.311726,   -23.619052,     0.000793,
  1630.500,    31.676004,   -18.819349,     0.005956,
  1630.550,    30.851337,   -11.499617,     0.003897,
  1630.600,    26.335633,    -3.149112,     0.003262,
  1630.650,    16.035510,     4.452853,     0.002272,
  1630.700,    -2.446451,    10.046533,     0.004719,
  1630.750,   -31.430818,    13.060233,     0.008225,
  1630.800,   -72.399942,    13.620158,     0.011109,
  1630.850,  -124.792400,    12.157680,     0.010599,
  1630.900,  -184.452875,     9.274574,     0.007590,
  1630.950,  -242.740426,     5.856123,     0.002707,
  1631.000,  -286.760640,     2.993944,     0.001980,
  1631.050,  -301.502750,     1.406954,    -0.002964,
  1631.100,  -274.599803,     1.309775,    -0.008038,
  1631.150,  -201.990734,     2.395546,    -0.008606,
  1631.200,   -91.960340,     3.763499,    -0.004371,
  1631.250,    36.210876,     4.322650,    -0.007074,
  1631.300,   158.705590,     3.926636,    -0.012482,
  1631.350,   254.856350,     3.166550,    -0.015565,
  1631.400,   312.112496,     2.265575,    -0.020960,
  1631.450,   327.251652,     1.160862,    -0.018032,
  1631.500,   304.585130,     0.170592,    -0.018590,
  1631.550,   252.609880,    -0.376537,    -0.024502,
  1631.600,   182.475512,    -0.448203,    -0.024297,
  1631.650,   107.356462,    -0.184167,    -0.026857,
  1631.700,    40.220029,     0.207198,    -0.026658,
  1631.750,   -10.613370,     0.439720,    -0.025033,
  1631.800,   -44.110898,     0.576219,    -0.020963,
  1631.850,   -64.109017,     0.828175,    -0.016432,
  1631.900,   -73.857148,     1.151283,    -0.014939,
  1631.950,   -73.199598,     1.302174,    -0.012249,
  1632.000,   -62.064741,     1.393799,    -0.008521,
  1632.050,   -44.574824,     1.363982,    -0.008600,
  1632.100,   -27.871201,     0.892051,    -0.001262,
  1632.150,   -16.819279,    -0.002850,    -0.001013,
  1632.200,   -11.367803,    -0.749953,    -0.001131,
  1632.250,    -9.223381,    -0.775002,    -0.002244,
  1632.300,    -9.218063,    -0.086435,    -0.001735,
  1632.350,   -11.147818,     0.719788,    -0.002411,
  1632.400,   -14.084544,     0.976297,    -0.002962,
  1632.450,   -16.348432,     0.479779,     0.001792,
  1632.500,   -16.745568,    -0.447088,     0.001910,
  1632.550,   -14.925369,    -1.509570,     0.002229,
  1632.600,   -10.803618,    -2.620741,     0.008065,
  1632.650,    -5.090082,    -3.634282,     0.007587,
  1632.700,     0.595649,    -4.182021,     0.005323,
  1632.750,     4.601796,    -3.906807,     0.005993,
  1632.800,     6.439527,    -2.793900,     0.006480,
  1632.850,     6.398557,    -1.227206,     0.007280,
  1632.900,     4.748507,     0.409447,     0.009325,
  1632.950,     2.060330,     1.757836,     0.011138,
  1633.000,    -0.924009,     2.638111,     0.011773,
  1633.050,    -3.621348,     3.037544,     0.006106,
  1633.100,    -5.550476,     2.807701,     0.004355,
  1633.150,    -6.127750,     1.846147,     0.007482,
  1633.200,    -5.109744,     0.418482,     0.010774,
  1633.250,    -3.166765,    -0.781082,     0.006462,
  1633.300,    -1.175336,    -1.114038,     0.001268,
  1633.350,     0.694821,    -0.548134,     0.003113,
  1633.400,     2.293636,     0.372960,     0.002258,
  1633.450,     3.033130,     1.093779,    -0.000662,
  1633.500,     2.850567,     1.532629,    -0.000480,
  1633.550,     2.428482,     1.931117,     0.001608,
  1633.600,     2.039139,     2.205702,    -0.000280,
  1633.650,     1.267852,     2.028786,    -0.000604,
  1633.700,     0.074866,     1.294591,    -0.002424,
  1633.750,    -0.975868,     0.509281,    -0.007641,
  1633.800,    -1.682310,     0.259539,    -0.005862,
  1633.850,    -2.113371,     0.637703,    -0.009073,
  1633.900,    -2.232298,     1.288410,    -0.007932,
  1633.950,    -2.188886,     1.735328,    -0.007946,
  1634.000,    -2.231396,     2.004661,    -0.008282,
  1634.050,    -2.274300,     2.524687,    -0.008909,
  1634.100,    -2.181324,     3.538086,    -0.015779,
  1634.150,    -2.514575,     4.817174,    -0.011589,
  1634.200,    -3.736344,     5.771806,    -0.009652,
  1634.250,    -5.318341,     5.894634,    -0.009906,
  1634.300,    -6.455304,     5.019867,    -0.006060,
  1634.350,    -7.007983,     3.374413,    -0.007637,
  1634.400,    -7.039612,     1.468931,    -0.010062,
  1634.450,    -6.429800,    -0.234864,    -0.006979,
  1634.500,    -4.905821,    -1.331142,    -0.004396,
  1634.550,    -2.265729,    -1.620024,    -0.009286,
  1634.600,     1.178705,    -1.193751,    -0.011129,
  1634.650,     4.676438,    -0.221375,    -0.010770,
  1634.700,     7.433182,     0.944310,    -0.006401,
  1634.750,     8.877253,     1.802740,    -0.005095,
  1634.800,     8.811728,     2.103127,    -0.003565,
  1634.850,     7.360033,     1.980898,    -0.001580,
  1634.900,     5.045075,     1.834150,     0.004228,
  1634.950,     2.445812,     1.554471,    -0.001196,
  1635.000,     0.082103,     0.849765,     0.003678,
  1635.050,    -1.560021,    -0.364628,     0.002145,
  1635.100,    -2.117150,    -1.647068,    -0.001975,
  1635.150,    -1.673745,    -2.463542,     0.003692,
  1635.200,    -0.555021,    -2.393592,     0.006834,
  1635.250,     0.684543,    -1.539666,    -0.001253,
  1635.300,     1.310119,    -0.367061,     0.000933,
  1635.350,     1.097587,     0.786164,     0.001639,
  1635.400,     0.467635,     1.800347,     0.005844,
  1635.450,    -0.136482,     2.567745,     0.005357,
  1635.500,    -0.757604,     2.857418,     0.006041,
  1635.550,    -1.248501,     2.729597,     0.004508,
  1635.600,    -1.427468,     2.507415,     0.000139,
  1635.650,    -1.251781,     2.725166,     0.000074,
  1635.700,    -0.847092,     3.536522,     0.001173,
  1635.750,    -0.426188,     4.719953,    -0.002727,
  1635.800,    -0.119539,     5.978758,    -0.002626,
  1635.850,     0.021016,     7.139484,    -0.002262,
  1635.900,     0.187957,     8.018270,    -0.001445,
  1635.950,     0.377598,     8.408722,     0.000298,
  1636.000,     0.460204,     8.099335,    -0.005785,
  1636.050,     0.466029,     6.992960,    -0.005913,
  1636.100,     0.411323,     5.083596,    -0.000438,
  1636.150,     0.165569,     2.715300,    -0.000478,
  1636.200,    -0.341706,     0.553834,    -0.002545,
  1636.250,    -0.787900,    -0.974464,    -0.009411,
  1636.300,    -0.741123,    -1.866223,    -0.006458,
  1636.350,    -0.209719,    -2.360050,    -0.010386,
  1636.400,     0.428031,    -2.625182,    -0.007830,
  1636.450,     0.705043,    -2.683920,    -0.005881,
  1636.500,     0.396187,    -2.569406,    -0.006196,
  1636.550,    -0.249156,    -2.462354,    -0.008411,
  1636.600,    -0.899669,    -2.381856,    -0.006072,
  1636.650,    -1.405809,    -2.249739,    -0.008486,
  1636.700,    -1.793572,    -1.943175,    -0.010024,
  1636.750,    -1.935590,    -1.563875,    -0.005550,
  1636.800,    -1.641383,    -1.173989,    -0.007488,
  1636.850,    -0.891616,    -0.740138,    -0.007122,
  1636.900,     0.071615,    -0.124872,    -0.006459,
  1636.950,     0.950373,     0.609759,    -0.001314,
  1637.000,     1.521004,     1.406203,    -0.004581,
  1637.050,     1.742764,     2.317221,    -0.003842,
  1637.100,     1.638377,     3.254949,     0.003391,
  1637.150,     1.262401,     4.003688,    -0.000738,
  1637.200,     0.573618,     4.135708,    -0.001100,
  1637.250,    -0.354248,     3.405202,     0.001731,
  1637.300,    -1.085950,     1.985505,     0.000146,
  1637.350,    -1.225837,     0.434592,    -0.000087,
  1637.400,    -0.709757,    -0.822254,     0.002172,
  1637.450,     0.035976,    -1.575648,     0.001208,
  1637.500,     0.563933,    -1.729813,     0.004349,
  1637.550,     0.701949,    -1.255113,    -0.002423,
  1637.600,     0.742611,    -0.338612,    -0.005702,
  1637.650,     0.799576,     0.763632,    -0.003129,
  1637.700,     0.638660,     1.740224,    -0.011708,
  1637.750,     0.129407,     2.460679,    -0.008969,
  1637.800,    -0.422384,     2.958997,    -0.002568,
  1637.850,    -0.633378,     3.299934,    -0.003904,
  1637.900,    -0.363552,     3.385711,    -0.006890,
  1637.950,     0.124940,     3.162409,    -0.005823,
  1638.000,     0.498413,     2.824086,    -0.005855,
  1638.050,     0.625930,     2.523193,    -0.010118,
  1638.100,     0.715683,     2.167881,    -0.007146,
  1638.150,     1.113403,     1.673464,    -0.007135,
  1638.200,     1.708161,     1.097867,    -0.006320,
  1638.250,     2.112038,     0.595649,    -0.004061,
  1638.300,     2.028896,     0.267708,    -0.008293,
  1638.350,     1.350882,     0.215812,    -0.011218,
  1638.400,     0.257393,     0.300757,    -0.006361,
  1638.450,    -0.839302,     0.210374,    -0.005133,
  1638.500,    -1.660654,    -0.234144,    -0.005482,
  1638.550,    -2.044581,    -0.859218,    -0.000262,
  1638.600,    -1.905965,    -1.345800,    -0.003375,
  1638.650,    -1.317683,    -1.384178,    -0.005131,
  1638.700,    -0.500012,    -1.020408,    -0.009303,
  1638.750,     0.327486,    -0.342018,    -0.009258,
  1638.800,     0.906111,     0.725234,    -0.003453,
  1638.850,     1.038865,     2.078701,    -0.006229,
  1638.900,     0.818434,     3.398893,    -0.005113,
  1638.950,     0.592906,     4.392974,     0.001474,
  1639.000,     0.384129,     4.958612,     0.000971,
  1639.050,     0.009326,     5.103479,    -0.005584,
  1639.100,    -0.624854,     4.824185,    -0.001951,
  1639.150,    -1.335386,     3.945542,     0.002494,
  1639.200,    -1.761417,     2.410317,     0.000547,
  1639.250,    -1.629734,     0.343592,     0.004904,
  1639.300,    -0.993224,    -1.854028,    -0.000756,
  1639.350,    -0.231687,    -3.661547,     0.001186,
  1639.400,     0.360045,    -4.850082,     0.003276,
  1639.450,     0.730629,    -5.255514,    -0.000683,
  1639.500,     0.972309,    -4.758078,     0.001467,
  1639.550,     1.044161,    -3.317165,     0.001138,
  1639.600,     0.943526,    -1.240698,    -0.000879,
  1639.650,     0.861909,     1.045305,     0.000385,
  1639.700,     1.036580,     2.943423,     0.008490,
  1639.750,     1.542158,     4.244858,     0.005677,
  1639.800,     2.160179,     5.100088,     0.002371,
  1639.850,     2.580668,     5.546860,     0.003406,
  1639.900,     2.699626,     5.334418,    -0.003322,
  1639.950,     2.550859,     4.304736,     0.005312,
  1640.000,     2.184739,     2.511987,     0.006277,
  1640.050,     1.610139,     0.352506,     0.001857,
  1640.100,     0.767561,    -1.575325,    -0.000619,
  1640.150,    -0.272896,    -2.746470,    -0.002644,
  1640.200,    -1.354879,    -3.031769,    -0.000531,
  1640.250,    -2.162275,    -2.697153,    -0.003828,
  1640.300,    -2.437407,    -2.044046,    -0.005400,
  1640.350,    -2.252458,    -1.309203,    -0.008496,
  1640.400,    -1.932209,    -0.531349,    -0.006130,
  1640.450,    -1.595717,     0.062713,    -0.008802,
  1640.500,    -1.294788,     0.293488,    -0.007437,
  1640.550,    -0.974968,     0.269254,    -0.006246,
  1640.600,    -0.736329,     0.404838,    -0.006239,
  1640.650,    -0.612077,     1.032106,    -0.006434,
  1640.700,    -0.539401,     2.062719,    -0.007972,
  1640.750,    -0.396377,     3.106748,    -0.014623,
  1640.800,    -0.197490,     3.840306,    -0.014329,
  1640.850,     0.003659,     4.170689,    -0.012041,
  1640.900,     0.186545,     4.128747,    -0.011629,
  1640.950,     0.430305,     3.825790,    -0.011116,
  1641.000,     0.739658,     3.105605,    -0.012540,
  1641.050,     1.014046,     1.919317,    -0.014901,
  1641.100,     1.289747,     0.499471,    -0.009670,
  1641.150,     1.637494,    -0.655401,    -0.010913,
  1641.200,     1.883432,    -1.180790,    -0.008589,
  1641.250,     1.790999,    -0.932680,    -0.008807,
  1641.300,     1.220339,     0.065962,    -0.008975,
  1641.350,     0.288647,     1.640657,    -0.003188,
  1641.400,    -0.643784,     3.587384,    -0.001887,
  1641.450,    -1.256048,     5.627009,    -0.003036,
  1641.500,    -1.474875,     7.283995,    -0.001537,
  1641.550,    -1.274225,     7.929273,     0.001363,
  1641.600,    -0.751040,     7.229707,     0.000677,
  1641.650,    -0.025037,     5.437746,     0.002098,
  1641.700,     0.733597,     3.255428,     0.008181,
  1641.750,     1.315956,     1.287893,     0.005089,
  1641.800,     1.647717,    -0.430065,     0.007313,
  1641.850,     1.766602,    -1.912394,     0.015192,
  1641.900,     1.826586,    -2.921142,     0.008099,
  1641.950,     1.808279,    -3.164518,     0.005874,
  1642.000,     1.622985,    -2.711609,     0.010422,
  1642.050,     1.432828,    -2.023525,     0.010411,
  1642.100,     1.320821,    -1.612473,     0.004905,
  1642.150,     1.284732,    -1.626222,     0.002681,
  1642.200,     1.216140,    -1.895577,     0.007371,
  1642.250,     1.111345,    -2.231396,     0.011160,
  1642.300,     0.956503,    -2.317654,     0.005160,
  1642.350,     0.811939,    -1.902629,     0.004712,
  1642.400,     0.625533,    -0.786280,     0.009421,
  1642.450,     0.155434,     1.129492,     0.004890,
  1642.500,    -0.863813,     3.499094,     0.002275,
  1642.550,    -2.860988,     5.749574,     0.001736,
  1642.600,    -5.928931,     7.199591,     0.001878,
  1642.650,    -9.887186,     7.364164,     0.007351,
  1642.700,   -14.266196,     6.108811,    -0.000137,
  1642.750,   -18.522203,     3.760737,    -0.008022,
  1642.800,   -21.732916,     1.035424,    -0.003065,
  1642.850,   -22.428381,    -1.500944,     0.000013,
  1642.900,   -19.068597,    -3.580921,    -0.010532,
  1642.950,   -10.778040,    -5.075783,    -0.012579,
  1643.000,     2.055464,    -5.654107,    -0.007354,
  1643.050,    17.567395,    -4.892246,    -0.008412,
  1643.100,    32.430937,    -2.572867,    -0.013905,
  1643.150,    42.818650,     0.931624,    -0.013919,
  1643.200,    45.855997,     4.734468,    -0.013266,
  1643.250,    40.695047,     7.863014,    -0.020676,
  1643.300,    28.909500,     9.581584,    -0.016909,
  1643.350,    13.661008,     9.571676,    -0.011382,
  1643.400,    -1.829163,     7.899424,    -0.012299,
  1643.450,   -15.104229,     4.949290,    -0.021457,
  1643.500,   -24.557656,     1.389123,    -0.016660,
  1643.550,   -29.043120,    -1.934049,    -0.014251,
  1643.600,   -28.152550,    -4.311451,    -0.012739,
  1643.650,   -22.919881,    -5.354010,    -0.012089,
  1643.700,   -15.674636,    -5.268690,    -0.010105,
  1643.750,    -8.753290,    -4.557273,    -0.002424,
  1643.800,    -3.049274,    -3.695180,    -0.006022,
  1643.850,     1.799249,    -2.738433,    -0.010570,
  1643.900,     5.957037,    -1.598857,    -0.009798,
  1643.950,     8.619857,    -0.426964,    -0.003756,
  1644.000,     8.800484,     0.606600,     0.001234,
  1644.050,     6.726736,     1.409146,     0.002090,
  1644.100,     3.665319,     2.057791,     0.004329,
  1644.150,     0.857057,     2.602047,     0.002035,
  1644.200,    -1.046335,     3.052287,     0.000731,
  1644.250,    -2.050158,     3.248419,    -0.001461,
  1644.300,    -2.282803,     3.271796,     0.000816,
  1644.350,    -1.851220,     3.133470,     0.003997,
  1644.400,    -0.993874,     2.880073,     0.001373,
  1644.450,     0.126878,     2.369453,     0.001996,
  1644.500,     1.271332,     1.468208,     0.004165,
  1644.550,     2.032617,     0.140516,     0.005932,
  1644.600,     2.157582,    -1.456805,     0.004910,
  1644.650,     1.841604,    -3.080571,     0.008809,
  1644.700,     1.435955,    -4.479910,     0.005868,
  1644.750,     1.176468,    -5.262017,     0.010818,
  1644.800,     0.986866,    -5.094079,     0.004738,
  1644.850,     0.754058,    -3.856473,     0.009982,
  1644.900,     0.420912,    -1.698483,     0.011383,
  1644.950,     0.105913,     0.847717,     0.006586,
  1645.000,    -0.056019,     3.351845,     0.005451,
  1645.050,    -0.134112,     5.478878,     0.001797,
  1645.100,    -0.271089,     6.879348,     0.001790,
  1645.150,    -0.599304,     7.193092,    -0.000739,
  1645.200,    -0.910855,     6.209300,    -0.002209,
  1645.250,    -0.930748,     4.192611,    -0.006016,
  1645.300,    -0.609860,     1.729110,    -0.007922,
  1645.350,    -0.061321,    -0.502945,    -0.007701,
  1645.400,     0.662197,    -2.066343,    -0.007948,
  1645.450,     1.539007,    -2.800311,    -0.002968,
  1645.500,     2.436711,    -2.672023,    -0.005753,
  1645.550,     2.985394,    -1.756019,    -0.005216,
  1645.600,     2.944674,    -0.414681,    -0.001496,
  1645.650,     2.185911,     0.885057,    -0.002763,
  1645.700,     0.906536,     1.681047,    -0.005289,
  1645.750,    -0.443850,     1.914041,    -0.003822,
  1645.800,    -1.415453,     1.801556,    -0.005999,
  1645.850,    -1.969283,     1.604196,    -0.011184,
  1645.900,    -2.380435,     1.597945,    -0.004248,
  1645.950,    -2.527640,     1.796716,    -0.004808,
  1646.000,    -2.235074,     2.086455,    -0.006514,
  1646.050,    -1.659985,     2.404416,    -0.006314,
  1646.100,    -1.137409,     2.883028,    -0.007205,
  1646.150,    -0.840403,     3.470125,    -0.005725,
  1646.200,    -0.741046,     3.800494,    -0.008223,
  1646.250,    -0.760734,     3.519708,    -0.012084,
  1646.300,    -0.788106,     2.324408,    -0.005879,
  1646.350,    -0.641992,     0.377733,    -0.007370,
  1646.400,    -0.103401,    -1.639211,    -0.005624,
  1646.450,     0.798746,    -3.273408,    -0.003158,
  1646.500,     2.077325,    -4.368732,    -0.002787,
  1646.550,     3.412611,    -4.902630,    -0.002574,
  1646.600,     4.294377,    -4.539004,    -0.004634,
  1646.650,     4.403902,    -2.895854,    -0.002247,
  1646.700,     3.592177,    -0.051166,    -0.001342,
  1646.750,     1.940862,     3.371334,     0.001798,
  1646.800,    -0.113223,     6.374152,     0.001266,
  1646.850,    -2.009641,     8.159886,     0.000065,
  1646.900,    -3.329788,     8.407146,     0.001190,
  1646.950,    -3.935008,     7.260378,     0.001387,
  1647.000,    -3.923980,     5.100806,     0.002199,
  1647.050,    -3.390356,     2.369490,    -0.001314,
  1647.100,    -2.242767,    -0.467867,     0.003656,
  1647.150,    -0.477811,    -2.881076,     0.002199,
  1647.200,     1.592172,    -4.160517,    -0.000581,
  1647.250,     3.455410,    -4.009448,     0.000402,
  1647.300,     4.681664,    -2.728079,     0.002065,
  1647.350,     4.971696,    -0.931201,    -0.003974,
  1647.400,     4.272812,     0.907262,    -0.005235,
  1647.450,     2.702578,     2.466837,     0.006351,
  1647.500,     0.703384,     3.419829,     0.002082,
  1647.550,    -1.338538,     3.613173,    -0.002726,
  1647.600,    -2.974099,     2.940241,    -0.001320,
  1647.650,    -3.854574,     1.733533,    -0.005376,
  1647.700,    -3.839025,     0.600073,     0.004014,
  1647.750,    -3.135361,     0.106117,    -0.001108,
  1647.800,    -2.098169,     0.398465,    -0.004465,
  1647.850,    -1.165691,     1.138148,    -0.002513,
  1647.900,    -0.431500,     1.833618,    -0.005079,
  1647.950,     0.200031,     2.254569,    -0.002822,
  1648.000,     0.799883,     2.366573,    -0.004962,
  1648.050,     1.174345,     2.160168,    -0.004487,
  1648.100,     1.322299,     1.678289,    -0.000849,
  1648.150,     1.369050,     1.088022,    -0.001198,
  1648.200,     1.492067,     0.468325,     0.000772,
  1648.250,     1.637300,    -0.085080,    -0.000157,
  1648.300,     1.581371,    -0.424321,     0.002552,
  1648.350,     1.303960,    -0.445310,    -0.000022,
  1648.400,     0.914701,    -0.052121,    -0.007676,
  1648.450,     0.533388,     0.676347,    -0.004396,
  1648.500,     0.160529,     1.592305,    -0.003107,
  1648.550,    -0.290212,     2.568017,    -0.000116,
  1648.600,    -0.902178,     3.345554,     0.001219,
  1648.650,    -1.541376,     3.660376,     0.000810,
  1648.700,    -2.059588,     3.156357,    -0.002532,
  1648.750,    -2.356293,     1.812877,     0.002624,
  1648.800,    -2.365870,     0.100915,    -0.001659,
  1648.850,    -1.940060,    -1.311793,    -0.002137,
  1648.900,    -1.036112,    -1.930688,    -0.007913,
  1648.950,     0.208074,    -1.794235,    -0.005043,
  1649.000,     1.514132,    -1.199253,    -0.002846,
  1649.050,     2.565323,    -0.342031,    -0.001323,
  1649.100,     3.223239,     0.771827,     0.000802,
  1649.150,     3.422840,     1.928787,     0.000920,
  1649.200,     3.104397,     2.813558,    -0.003465,
  1649.250,     2.249782,     3.133130,    -0.011408,
  1649.300,     0.963480,     2.861016,    -0.008490,
  1649.350,    -0.450865,     2.236333,    -0.010009,
  1649.400,    -1.648610,     1.521251,    -0.009220,
  1649.450,    -2.316337,     0.906289,    -0.008790,
  1649.500,    -2.429832,     0.542241,    -0.009044,
  1649.550,    -1.981505,     0.529363,    -0.005628,
  1649.600,    -1.189447,     0.919639,    -0.005093,
  1649.650,    -0.280156,     1.593277,    -0.007373,
  1649.700,     0.523310,     2.286626,    -0.009135,
  1649.750,     1.028701,     2.769640,    -0.008276,
  1649.800,     1.172674,     2.829136,    -0.007749,
  1649.850,     0.999642,     2.390700,    -0.005988,
  1649.900,     0.689664,     1.623867,    -0.007112,
  1649.950,     0.522552,     0.734181,    -0.001333,
  1650.000,     0.549832,     0.053056,    -0.003492,
  1650.050,     0.695114,    -0.300182,    -0.001153,
  1650.100,     0.864101,    -0.330311,     0.000355,
  1650.150,     1.038785,     0.160527,    -0.000957,
  1650.200,     1.143294,     1.115636,     0.001719,
  1650.250,     1.103767,     2.248310,    -0.002098,
  1650.300,     0.788352,     3.317872,     0.004066,
  1650.350,     0.041020,     4.218050,     0.006202,
  1650.400,    -0.998762,     4.802698,     0.005363,
  1650.450,    -1.970552,     4.799560,     0.001240,
  1650.500,    -2.467402,     3.937437,     0.005053,
  1650.550,    -2.535286,     2.234988,     0.008759,
  1650.600,    -2.305517,     0.093360,     0.004535,
  1650.650,    -1.769817,    -1.962899,     0.003990,
  1650.700,    -0.710086,    -3.475688,     0.007105,
  1650.750,     0.840900,    -4.036231,     0.003273,
  1650.800,     2.563560,    -3.473809,     0.008052,
  1650.850,     3.942378,    -1.886582,     0.008181,
  1650.900,     4.450141,     0.126319,     0.007594,
  1650.950,     3.939398,     1.818449,     0.007985,
  1651.000,     2.620945,     2.693813,    -0.000554,
  1651.050,     0.916791,     2.733047,    -0.002203,
  1651.100,    -0.739901,     2.152289,     0.001438,
  1651.150,    -2.106256,     1.258361,    -0.001771,
  1651.200,    -3.004936,     0.158188,     0.000348,
  1651.250,    -3.214248,    -0.942973,    -0.002325,
  1651.300,    -2.631796,    -1.804075,    -0.003033,
  1651.350,    -1.430632,    -2.231281,    -0.002901,
  1651.400,    -0.089093,    -2.134919,    -0.001030,
  1651.450,     1.023958,    -1.592647,    -0.006120,
  1651.500,     1.765050,    -0.586536,    -0.004096,
  1651.550,     2.078622,     0.569924,    -0.007392,
  1651.600,     1.954323,     1.485851,    -0.009442,
  1651.650,     1.437143,     1.863712,    -0.014971,
  1651.700,     0.611167,     1.731539,    -0.008147,
  1651.750,    -0.224983,     1.275343,    -0.012320,
  1651.800,    -0.614244,     0.735871,    -0.015012,
  1651.850,    -0.456090,     0.323951,    -0.018143,
  1651.900,     0.015281,     0.344839,    -0.015924,
  1651.950,     0.412481,     0.881324,    -0.015282,
  1652.000,     0.557714,     1.640736,    -0.015411,
  1652.050,     0.467743,     2.277143,    -0.017430,
  1652.100,     0.276252,     2.580827,    -0.018874,
  1652.150,     0.004972,     2.568938,    -0.014571,
  1652.200,    -0.210823,     2.170394,    -0.018092,
  1652.250,    -0.364483,     1.352140,    -0.012428,
  1652.300,    -0.469741,     0.204674,    -0.009872,
  1652.350,    -0.521849,    -0.882404,    -0.010209,
  1652.400,    -0.422035,    -1.414204,    -0.002530,
  1652.450,    -0.141663,    -1.075575,    -0.010653,
  1652.500,     0.295733,     0.051595,    -0.003328,
  1652.550,     0.783559,     1.459865,    -0.000314,
  1652.600,     1.243546,     2.605237,     0.001009,
  1652.650,     1.580131,     3.283422,     0.002598,
  1652.700,     1.634169,     3.466495,     0.002340,
  1652.750,     1.252361,     3.142623,     0.006641,
  1652.800,     0.394605,     2.283277,     0.008289,
  1652.850,    -0.635997,     0.979266,     0.011350,
  1652.900,    -1.395508,    -0.404800,     0.005055,
  1652.950,    -1.562068,    -1.550247,     0.007832,
  1653.000,    -1.223357,    -2.182721,     0.006667,
  1653.050,    -0.638199,    -2.153554,     0.009749,
  1653.100,    -0.013422,    -1.634214,     0.009959,
  1653.150,     0.526573,    -0.797085,     0.009846,
  1653.200,     0.982909,     0.248118,     0.010250,
  1653.250,     1.227853,     1.459119,     0.009737,
  1653.300,     1.192145,     2.663853,     0.011948,
  1653.350,     0.876861,     3.522087,     0.008438,
  1653.400,     0.453960,     3.822955,     0.007553,
  1653.450,     0.076480,     3.637938,     0.003854,
  1653.500,    -0.151247,     3.161850,     0.006048,
  1653.550,    -0.211012,     2.520111,     0.000528,
  1653.600,    -0.063289,     1.814874,    -0.000258,
  1653.650,     0.203937,     1.234400,    -0.004459,
  1653.700,     0.551136,     0.964248,    -0.004979,
  1653.750,     0.920610,     1.153447,    -0.005029,
  1653.800,     1.098799,     1.694563,    -0.007201,
  1653.850,     0.994868,     2.303654,    -0.004744,
  1653.900,     0.624284,     2.495366,    -0.008550,
  1653.950,     0.103527,     2.154924,    -0.014424,
  1654.000,    -0.413966,     1.370564,    -0.008092,
  1654.050,    -0.739450,     0.382061,    -0.009252,
  1654.100,    -0.849333,    -0.531363,    -0.011528,
  1654.150,    -0.733226,    -1.062805,    -0.012399,
  1654.200,    -0.371594,    -1.035515,    -0.013802,
  1654.250,     0.220643,    -0.385731,    -0.014359,
  1654.300,     0.844219,     0.691815,    -0.009299,
  1654.350,     1.309719,     1.933382,    -0.014358,
  1654.400,     1.470095,     3.167818,    -0.014804,
  1654.450,     1.295319,     4.040509,    -0.012184,
  1654.500,     0.750303,     4.375167,    -0.014695,
  1654.550,    -0.198602,     4.107046,    -0.011309,
  1654.600,    -1.453154,     3.441271,    -0.010925,
  1654.650,    -2.728357,     2.591825,    -0.016727,
  1654.700,    -3.494172,     1.536290,    -0.011536,
  1654.750,    -3.353032,     0.339489,    -0.013624,
  1654.800,    -2.109795,    -0.839023,    -0.005101,
  1654.850,     0.214324,    -1.675263,    -0.006246,
  1654.900,     3.134940,    -1.996982,    -0.010380,
  1654.950,     5.797759,    -1.820432,    -0.008956,
  1655.000,     7.171777,    -1.270407,    -0.005556,
  1655.050,     6.678594,    -0.493290,    -0.002978,
  1655.100,     4.412069,     0.607018,     0.000721,
  1655.150,     1.062876,     1.841395,     0.005477,
  1655.200,    -2.357932,     2.976855,     0.006913,
  1655.250,    -4.998409,     3.762788,     0.003480,
  1655.300,    -6.496992,     4.141734,     0.002581,
  1655.350,    -6.737756,     4.145293,     0.002075,
  1655.400,    -5.845950,     3.864822,     0.009397,
  1655.450,    -3.985393,     3.244388,     0.005749,
  1655.500,    -1.563873,     2.195073,     0.003870,
  1655.550,     0.904551,     0.900733,     0.008573,
  1655.600,     2.831127,    -0.429988,     0.013412,
  1655.650,     3.763735,    -1.408666,     0.008111,
  1655.700,     3.801417,    -1.807847,     0.013734,
  1655.750,     3.251326,    -1.769096,     0.009061,
  1655.800,     2.481912,    -1.473016,     0.009185,
  1655.850,     1.483553,    -1.085380,     0.005493,
  1655.900,     0.347820,    -0.577102,     0.010495,
  1655.950,    -0.499913,     0.080463,     0.000996,
  1656.000,    -0.793069,     0.942668,     0.000397,
  1656.050,    -0.582750,     1.876642,     0.003150,
  1656.100,    -0.125648,     2.847501,     0.001845,
  1656.150,     0.254651,     3.721898,     0.000425,
  1656.200,     0.470301,     4.248206,    -0.004771,
  1656.250,     0.455220,     4.202214,    -0.005918,
  1656.300,     0.217241,     3.353246,    -0.006713,
  1656.350,    -0.206740,     1.916903,    -0.007218,
  1656.400,    -0.714905,     0.319465,    -0.007828,
  1656.450,    -0.998476,    -1.015867,    -0.004818,
  1656.500,    -0.856107,    -1.926385,    -0.004189,
  1656.550,    -0.214446,    -2.433142,    -0.009795,
  1656.600,     0.600528,    -2.618615,    -0.012104,
  1656.650,     1.231775,    -2.587156,    -0.009517,
  1656.700,     1.487394,    -2.401076,    -0.014629,
  1656.750,     1.371582,    -2.161640,    -0.011719,
  1656.800,     0.971432,    -1.677688,    -0.013568,
  1656.850,     0.379910,    -0.860168,    -0.009740,
  1656.900,    -0.365863,     0.249309,    -0.010339,
  1656.950,    -1.099564,     1.487038,    -0.009213,
  1657.000,    -1.610063,     2.530050,    -0.010431,
  1657.050,    -1.785600,     3.091155,    -0.009687,
  1657.100,    -1.530417,     3.094993,    -0.006176,
  1657.150,    -0.923585,     2.552871,    -0.010064,
  1657.200,    -0.202826,     1.766720,    -0.007246,
  1657.250,     0.532604,     0.884781,    -0.004976,
  1657.300,     1.232125,     0.133546,    -0.005727,
  1657.350,     1.824859,    -0.366438,     0.002108,
  1657.400,     2.137921,    -0.600281,    -0.006639,
  1657.450,     2.023851,    -0.555912,    -0.001119,
  1657.500,     1.513585,    -0.281646,     0.001170,
  1657.550,     0.786537,     0.095342,    -0.002417,
  1657.600,     0.097063,     0.421960,     0.004042,
  1657.650,    -0.467270,     0.527875,     0.003636,
  1657.700,    -0.728700,     0.364514,     0.003808,
  1657.750,    -0.745318,     0.217246,     0.010723,
  1657.800,    -0.471253,     0.330583,     0.009911,
  1657.850,     0.040180,     0.759865,     0.011106,
  1657.900,     0.604388,     1.271932,     0.005434,
  1657.950,     0.884887,     1.754661,     0.005203,
  1658.000,     0.748322,     2.053071,     0.005580,
  1658.050,     0.229845,     2.051475,     0.007208,
  1658.100,    -0.372529,     1.749968,     0.010905,
  1658.150,    -0.884445,     1.257728,     0.005569,
  1658.200,    -1.114178,     0.738166,     0.004291,
  1658.250,    -0.913865,     0.284834,     0.002027,
  1658.300,    -0.355214,    -0.112484,     0.002493,
  1658.350,     0.479274,    -0.434638,     0.004598,
  1658.400,     1.309666,    -0.599247,     0.003091,
  1658.450,     1.961361,    -0.513607,     0.005892,
  1658.500,     2.248192,    -0.238587,     0.000430,
  1658.550,     2.036249,     0.133237,    -0.001192,
  1658.600,     1.342393,     0.732043,     0.001402,
  1658.650,     0.468325,     1.685146,    -0.002522,
  1658.700,    -0.360924,     3.120261,    -0.001149,
  1658.750,    -1.005780,     4.878546,    -0.003471,
  1658.800,    -1.441422,     6.469332,    -0.008569,
  1658.850,    -1.718366,     7.482532,    -0.003942,
  1658.900,    -1.764953,     7.620730,    -0.009719,
  1658.950,    -1.481846,     6.938656,    -0.007902,
  1659.000,    -0.865343,     5.741972,    -0.011012,
  1659.050,    -0.119601,     4.359323,    -0.006700,
  1659.100,     0.603010,     2.981788,    -0.008369,
  1659.150,     1.242990,     1.775527,    -0.009610,
  1659.200,     1.712496,     0.980509,    -0.010839,
  1659.250,     1.962665,     0.699717,    -0.012733,
  1659.300,     1.836640,     0.885243,    -0.011436,
  1659.350,     1.434650,     1.351445,    -0.010935,
  1659.400,     0.937757,     1.931611,    -0.010073,
  1659.450,     0.451826,     2.507167,    -0.010189,
  1659.500,     0.032132,     3.134061,    -0.010245,
  1659.550,    -0.363268,     3.689834,    -0.004212,
  1659.600,    -0.814683,     3.875714,    -0.005518,
  1659.650,    -1.171976,     3.622396,    -0.012494,
  1659.700,    -1.303767,     3.076737,    -0.005052,
  1659.750,    -1.252964,     2.395314,     0.000181,
  1659.800,    -0.949381,     1.571273,    -0.010403,
  1659.850,    -0.554110,     0.503013,    -0.008193,
  1659.900,    -0.195794,    -0.738879,    -0.000429,
  1659.950,     0.092541,    -1.913048,     0.003438,
  1660.000,     0.413988,    -2.798245,     0.000039,
  1660.050,     0.758540,    -3.224781,     0.003230,
  1660.100,     1.155443,    -3.221053,    -0.001145,
  1660.150,     1.519182,    -2.804620,     0.001808,
  1660.200,     1.753746,    -2.148245,     0.007918,
  1660.250,     1.780431,    -1.410656,     0.002436,
  1660.300,     1.491514,    -0.797256,     0.008684,
  1660.350,     0.853600,    -0.388298,     0.005370,
  1660.400,    -0.052320,    -0.171309,     0.009855,
  1660.450,    -1.017462,    -0.143347,     0.007467,
  1660.500,    -1.684427,    -0.234229,     0.007371,
  1660.550,    -1.982044,    -0.228577,    -0.000002,
  1660.600,    -1.922106,     0.068801,    -0.000309,
  1660.650,    -1.639655,     0.701912,     0.003411,
  1660.700,    -1.245106,     1.453997,     0.002327,
  1660.750,    -0.783268,     1.984452,     0.002083,
  1660.800,    -0.340984,     2.009002,     0.002282,
  1660.850,     0.114281,     1.682645,     0.000742,
  1660.900,     0.587212,     1.189318,     0.002340,
  1660.950,     1.109840,     0.793602,     0.002944,
  1661.000,     1.572673,     0.557561,    -0.002138,
  1661.050,     1.854132,     0.544060,    -0.001884,
  1661.100,     1.766852,     0.916237,    -0.000542,
  1661.150,     1.323612,     1.670847,    -0.005420,
  1661.200,     0.621576,     2.608497,    -0.005295,
  1661.250,    -0.100100,     3.331257,    -0.011759,
  1661.300,    -0.688615,     3.644647,    -0.011924,
  1661.350,    -0.959919,     3.527449,    -0.010584,
  1661.400,    -0.975734,     3.179844,    -0.006870,
  1661.450,    -0.740167,     2.787319,    -0.014740,
  1661.500,    -0.393782,     2.367567,    -0.001387,
  1661.550,    -0.039271,     1.812792,    -0.006522,
  1661.600,     0.293524,     1.181724,    -0.013241,
  1661.650,     0.465873,     0.711117,    -0.008131,
  1661.700,     0.454368,     0.530947,    -0.009255,
  1661.750,     0.198688,     0.488361,    -0.008822,
  1661.800,    -0.054149,     0.321276,    -0.009769,
  1661.850,    -0.057418,    -0.099044,    -0.016639,
  1661.900,     0.200870,    -0.638216,    -0.008182,
  1661.950,     0.548951,    -1.168492,    -0.000895,
  1662.000,     0.791939,    -1.642323,    -0.006912,
  1662.050,     0.897080,    -2.128541,    -0.008083,
  1662.100,     0.807731,    -2.609287,    -0.008878,
  1662.150,     0.540812,    -2.854005,    -0.003669,
  1662.200,     0.081341,    -2.758244,    -0.000694,
  1662.250,    -0.375384,    -2.142191,    -0.004571,
  1662.300,    -0.710318,    -1.104436,    -0.001316,
  1662.350,    -0.864614,     0.149055,    -0.006490,
  1662.400,    -0.864110,     1.298726,     0.000875,
  1662.450,    -0.728153,     2.152069,    -0.000400,
  1662.500,    -0.481959,     2.652522,     0.000115,
  1662.550,    -0.121599,     2.712479,    -0.000319,
  1662.600,     0.301115,     2.335582,     0.004113,
  1662.650,     0.774952,     1.505367,     0.010062,
  1662.700,     1.318667,     0.331977,     0.004421,
  1662.750,     1.911553,    -0.850503,     0.000473,
  1662.800,     2.482120,    -1.663087,     0.007920,
  1662.850,     2.793305,    -1.851653,     0.002244,
  1662.900,     2.745161,    -1.462013,     0.005290,
  1662.950,     2.237186,    -0.657694,     0.005507,
  1663.000,     1.434701,     0.470056,     0.005732,
  1663.050,     0.543242,     1.611680,     0.005504,
  1663.100,    -0.254328,     2.417804,     0.001497,
  1663.150,    -0.762537,     2.618604,     0.000870,
  1663.200,    -0.986041,     2.236875,     0.000498,
  1663.250,    -0.928590,     1.566728,     0.002188,
  1663.300,    -0.685701,     0.909070,    -0.003326,
  1663.350,    -0.283247,     0.335290,    -0.000058,
  1663.400,     0.119493,    -0.128584,    -0.007280,
  1663.450,     0.465425,    -0.489109,    -0.006092,
  1663.500,     0.695153,    -0.683536,    -0.002948,
  1663.550,     0.846740,    -0.652590,    -0.002469,
  1663.600,     0.962665,    -0.385626,    -0.004891,
  1663.650,     0.963337,    -0.017839,    -0.006779,
  1663.700,     0.819266,     0.444444,    -0.009259,
  1663.750,     0.577697,     0.892524,    -0.012142,
  1663.800,     0.275881,     1.193859,    -0.011380,
  1663.850,    -0.033403,     1.264822,    -0.006277,
  1663.900,    -0.508748,     1.118718,    -0.007202,
  1663.950,    -1.057975,     0.847465,    -0.008185,
  1664.000,    -1.585830,     0.643507,    -0.008747,
  1664.050,    -1.855046,     0.751317,    -0.009530,
  1664.100,    -1.809722,     1.032894,    -0.009654,
  1664.150,    -1.502384,     1.532328,    -0.008439,
  1664.200,    -1.003517,     2.102100,    -0.010191,
  1664.250,    -0.441520,     2.741598,    -0.005622,
  1664.300,     0.064295,     3.404021,    -0.007650,
  1664.350,     0.490093,     3.894127,    -0.005394,
  1664.400,     0.679755,     4.234944,    -0.006717,
  1664.450,     0.724066,     4.445565,    -0.001453,
  1664.500,     0.623908,     4.695064,    -0.002782,
  1664.550,     0.425871,     4.922722,    -0.004283,
  1664.600,     0.199531,     5.032285,    -0.002806,
  1664.650,     0.107001,     5.117767,     0.000398,
  1664.700,     0.243010,     5.328032,     0.000471,
  1664.750,     0.483171,     5.959065,     0.003644,
  1664.800,     0.719916,     6.803674,     0.003316,
  1664.850,     0.775800,     7.490072,     0.003711,
  1664.900,     0.616350,     7.701104,     0.002490,
  1664.950,     0.364726,     7.466733,     0.006929,
  1665.000,     0.129262,     7.052562,     0.007932,
  1665.050,    -0.027564,     6.525639,     0.005669,
  1665.100,    -0.019902,     5.904659,     0.001546,
  1665.150,     0.128716,     5.249139,     0.002279,
  1665.200,     0.440307,     4.756499,     0.003608,
  1665.250,     0.855321,     4.576828,     0.008871,
  1665.300,     1.153265,     4.564673,     0.002950,
  1665.350,     1.222077,     4.464241,     0.002318,
  1665.400,     1.023010,     4.136214,    -0.002780,
  1665.450,     0.733336,     3.484737,    -0.001776,
  1665.500,     0.481017,     2.536612,     0.000355,
  1665.550,     0.311174,     1.379757,    -0.004142,
  1665.600,     0.106177,     0.066283,    -0.001355,
  1665.650,    -0.168801,    -1.190168,     0.005272,
  1665.700,    -0.376996,    -2.290469,    -0.002517,
  1665.750,    -0.450430,    -3.057807,    -0.004565,
  1665.800,    -0.391157,    -3.343942,     0.000156,
  1665.850,    -0.393684,    -3.233995,    -0.002168,
  1665.900,    -0.513356,    -2.801798,    -0.002992,
  1665.950,    -0.723133,    -2.240085,    -0.005974,
  1666.000,    -0.838491,    -1.840208,    -0.010879,
  1666.050,    -0.892841,    -1.816641,    -0.006558,
  1666.100,    -0.891453,    -2.159055,    -0.010540,
  1666.150,    -0.907675,    -2.810039,    -0.008673,
  1666.200,    -0.882288,    -3.625061,    -0.009617,
  1666.250,    -0.741122,    -4.496968,    -0.008667,
  1666.300,    -0.411243,    -5.200080,    -0.009337,
  1666.350,     0.102193,    -5.598534,    -0.005844,
  1666.400,     0.626196,    -5.491304,    -0.013402,
  1666.450,     1.000555,    -4.919563,    -0.008648,
  1666.500,     1.173190,    -4.049773,    -0.010928,
  1666.550,     1.117930,    -3.068452,    -0.008172,
  1666.600,     1.045119,    -2.156278,    -0.001663,
  1666.650,     0.867151,    -1.446474,    -0.009476,
  1666.700,     0.642063,    -1.194588,    -0.009335,
  1666.750,     0.334324,    -1.559614,    -0.002501,
  1666.800,     0.002175,    -2.610727,    -0.004691,
  1666.850,    -0.317619,    -4.017934,    -0.007616,
  1666.900,    -0.544738,    -5.278189,    -0.000280,
  1666.950,    -0.697395,    -5.879807,    -0.003290,
  1667.000,    -0.713654,    -5.673035,    -0.002252,
  1667.050,    -0.558918,    -4.734952,    -0.001392,
  1667.100,    -0.193081,    -3.323569,     0.000010,
  1667.150,     0.238315,    -1.801270,     0.005013,
  1667.200,     0.480243,    -0.609589,    -0.004463,
  1667.250,     0.526859,     0.036913,     0.005727,
  1667.300,     0.469719,     0.033841,    -0.000000,
  1667.350,     0.399491,    -0.348014,    -0.001293,
  1667.400,     0.393697,    -0.789643,     0.001811,
  1667.450,     0.333941,    -0.890134,     0.005545,
  1667.500,     0.164469,    -0.600818,     0.002436,
  1667.550,    -0.094681,    -0.031359,     0.004174,
  1667.600,    -0.288828,     0.591116,    -0.001764,
  1667.650,    -0.358858,     1.222721,     0.002146,
  1667.700,    -0.281717,     1.755580,     0.001257,
  1667.750,    -0.143717,     2.199291,     0.008155,
  1667.800,     0.012300,     2.543486,     0.001553,
  1667.850,     0.158575,     2.887557,    -0.000223,
  1667.900,     0.288490,     3.308350,     0.004069,
  1667.950,     0.349247,     3.920214,     0.000410,
  1668.000,     0.253399,     4.728247,     0.004165,
  1668.050,     0.139977,     5.719417,     0.001846,
  1668.100,     0.107877,     6.709065,    -0.001450,
  1668.150,     0.221280,     7.467423,    -0.000566,
  1668.200,     0.385888,     7.970446,    -0.003027,
  1668.250,     0.565318,     8.313012,    -0.006600,
  1668.300,     0.758065,     8.562235,    -0.004324,
  1668.350,     1.019169,     8.631434,    -0.009394,
  1668.400,     1.298819,     8.193162,    -0.011175,
  1668.450,     1.439880,     7.142518,    -0.008674,
  1668.500,     1.477550,     5.719724,    -0.006207,
  1668.550,     1.413247,     4.280513,    -0.011487,
  1668.600,     1.318319,     3.139489,    -0.008418,
  1668.650,     1.128336,     2.404705,    -0.011167,
  1668.700,     0.924048,     2.141270,    -0.012165,
  1668.750,     0.752851,     2.421571,    -0.007228,
  1668.800,     0.867175,     3.134096,    -0.006942,
  1668.850,     1.219029,     4.018293,    -0.009195,
  1668.900,     1.572779,     4.675298,    -0.013270,
  1668.950,     1.681359,     4.926007,    -0.012429,
  1669.000,     1.555689,     4.776860,    -0.012070,
  1669.050,     1.329240,     4.290919,    -0.016596,
  1669.100,     1.077657,     3.477075,    -0.008596,
  1669.150,     0.818088,     2.435359,    -0.011595,
  1669.200,     0.560128,     1.399322,    -0.012180,
  1669.250,     0.370600,     0.704683,    -0.004792,
  1669.300,     0.313816,     0.384288,    -0.010546,
  1669.350,     0.362730,     0.402077,    -0.004199,
  1669.400,     0.352330,     0.480567,    -0.000192,
  1669.450,     0.222201,     0.503144,    -0.001775,
  1669.500,    -0.033716,     0.467499,     0.005489,
  1669.550,    -0.351463,     0.427364,     0.003247,
  1669.600,    -0.755774,     0.342480,    -0.001378,
  1669.650,    -1.153393,     0.136505,     0.003394,
  1669.700,    -1.470546,    -0.118072,     0.004675,
  1669.750,    -1.664207,    -0.314044,     0.003774,
  1669.800,    -1.683796,    -0.345427,     0.007079,
  1669.850,    -1.526928,    -0.283695,     0.010315,
  1669.900,    -1.273282,    -0.104249,     0.011880,
  1669.950,    -0.908711,     0.193024,     0.014171,
  1670.000,    -0.527168,     0.620873,     0.013202,
  1670.050,    -0.185322,     1.022045,     0.006207,
  1670.100,    -0.073151,     1.255514,     0.011682,
  1670.150,    -0.156214,     1.085880,     0.008733,
  1670.200,    -0.387267,     0.484390,     0.007990,
  1670.250,    -0.702982,    -0.519557,     0.003905,
  1670.300,    -1.028140,    -1.744034,     0.002714,
  1670.350,    -1.353460,    -3.052837,     0.001111,
  1670.400,    -1.543756,    -4.192625,    -0.002793,
  1670.450,    -1.523231,    -4.871893,    -0.005005,
  1670.500,    -1.267641,    -4.825682,    -0.000262,
  1670.550,    -0.792792,    -4.000582,    -0.007432,
  1670.600,    -0.296829,    -2.658568,    -0.008547,
  1670.650,     0.160610,    -1.071755,    -0.008789,
  1670.700,     0.460164,     0.485978,    -0.008282,
  1670.750,     0.525099,     1.894552,    -0.010395,
  1670.800,     0.278112,     2.933516,    -0.012943,
  1670.850,    -0.308904,     3.411537,    -0.013303,
  1670.900,    -1.072061,     3.192661,    -0.018466,
  1670.950,    -1.671268,     2.448630,    -0.015628,
  1671.000,    -1.897773,     1.430026,    -0.015921,
  1671.050,    -1.612239,     0.408478,    -0.018519,
  1671.100,    -0.957538,    -0.451436,    -0.018056,
  1671.150,    -0.142931,    -0.960817,    -0.018085,
  1671.200,     0.573582,    -1.060193,    -0.015491,
  1671.250,     1.027297,    -0.663694,    -0.018755,
  1671.300,     1.108186,     0.062822,    -0.011096,
  1671.350,     0.806080,     0.883004,    -0.014396,
  1671.400,     0.315241,     1.683465,    -0.008631,
  1671.450,    -0.133734,     2.433776,    -0.010833,
  1671.500,    -0.358346,     3.137004,    -0.010814,
  1671.550,    -0.211921,     3.789860,    -0.011034,
  1671.600,     0.098298,     4.497620,    -0.002969,
  1671.650,     0.491623,     5.222535,    -0.001750,
  1671.700,     0.841240,     5.901816,     0.000679,
  1671.750,     1.034421,     6.195639,     0.004008,
  1671.800,     1.151130,     5.981187,     0.006310,
  1671.850,     1.147895,     5.335014,     0.007849,
  1671.900,     1.160065,     4.410735,     0.007511,
  1671.950,     1.207646,     3.321650,     0.008043,
  1672.000,     1.342472,     2.132569,     0.010294,
  1672.050,     1.635351,     0.935982,     0.010934,
  1672.100,     1.979219,    -0.097018,     0.012261,
  1672.150,     2.267389,    -0.778452,     0.011559,
  1672.200,     2.376372,    -1.038260,     0.011764,
  1672.250,     2.253656,    -0.783239,     0.012246,
  1672.300,     2.068096,     0.004783,     0.008337,
  1672.350,     1.898402,     1.387401,     0.007845,
  1672.400,     1.835768,     3.077046,     0.008149,
  1672.450,     1.644396,     4.595813,     0.007858,
  1672.500,     1.152377,     5.531017,     0.010745,
  1672.550,     0.460779,     5.600975,     0.004150,
  1672.600,    -0.169072,     4.902975,     0.000748,
  1672.650,    -0.561393,     3.582044,     0.002187,
  1672.700,    -0.624173,     1.961807,     0.000275,
  1672.750,    -0.428841,     0.388899,    -0.004339,
  1672.800,    -0.012942,    -0.792903,    -0.005143,
  1672.850,     0.628851,    -1.559035,    -0.011500,
  1672.900,     1.261892,    -1.835454,    -0.016231,
  1672.950,     1.611143,    -1.664866,    -0.011723,
  1673.000,     1.593611,    -1.176190,    -0.012981,
  1673.050,     1.268866,    -0.496011,    -0.012340,
  1673.100,     0.817649,     0.210725,    -0.014731,
  1673.150,     0.269772,     0.794993,    -0.018531,
  1673.200,    -0.269794,     1.214705,    -0.014062,
  1673.250,    -0.709812,     1.474065,    -0.020296,
  1673.300,    -0.884775,     1.639771,    -0.016987,
  1673.350,    -0.776585,     1.766697,    -0.014516,
  1673.400,    -0.471971,     1.904042,    -0.013480,
  1673.450,    -0.199198,     2.052326,    -0.010883,
  1673.500,    -0.044003,     2.186667,    -0.010395,
  1673.550,    -0.067076,     2.189667,    -0.006227,
  1673.600,    -0.101389,     2.027777,    -0.004839,
  1673.650,    -0.204566,     1.665004,    -0.010847,
  1673.700,    -0.304829,     1.127236,    -0.007749,
  1673.750,    -0.380937,     0.401514,    -0.005876,
  1673.800,    -0.440925,    -0.456556,    -0.000271,
  1673.850,    -0.406662,    -1.329903,    -0.000197,
  1673.900,    -0.352784,    -2.109243,    -0.000549,
  1673.950,    -0.334835,    -2.672158,     0.004954,
  1674.000,    -0.262843,    -2.853025,     0.006434,
  1674.050,    -0.196484,    -2.533091,     0.013624,
  1674.100,    -0.131476,    -1.651755,     0.012009,
  1674.150,    -0.126577,    -0.453523,     0.007737,
  1674.200,    -0.332430,     0.815121,     0.010849,
  1674.250,    -0.693915,     1.977493,     0.012980,
  1674.300,    -1.231949,     2.902698,     0.009681,
  1674.350,    -1.828835,     3.339133,     0.011316,
  1674.400,    -2.391183,     3.147577,     0.008239,
  1674.450,    -2.812759,     2.474950,     0.011279,
  1674.500,    -2.934584,     1.639727,     0.009899,
  1674.550,    -2.661983,     0.968594,     0.012111,
  1674.600,    -1.973091,     0.576112,     0.010288,
  1674.650,    -1.018874,     0.331323,     0.004005,
  1674.700,    -0.115349,     0.255601,     0.002021,
  1674.750,     0.630357,     0.251998,    -0.001201,
  1674.800,     1.115355,     0.431632,     0.000677,
  1674.850,     1.299227,     0.652575,    -0.005212,
  1674.900,     1.145793,     0.917843,    -0.005758,
  1674.950,     0.710243,     1.179706,    -0.010555,
  1675.000,     0.094757,     1.596654,    -0.011352,
  1675.050,    -0.540761,     2.116539,    -0.010709,
  1675.100,    -1.044561,     2.621316,    -0.017186,
  1675.150,    -1.302308,     2.884645,    -0.018260,
  1675.200,    -1.343897,     2.842668,    -0.013865,
  1675.250,    -1.143351,     2.499815,    -0.015781,
  1675.300,    -0.760272,     1.903486,    -0.013934,
  1675.350,    -0.260730,     1.192339,    -0.019344,
  1675.400,     0.208110,     0.383384,    -0.010336,
  1675.450,     0.542780,    -0.486416,    -0.017657,
  1675.500,     0.766875,    -1.358856,    -0.014633,
  1675.550,     0.895231,    -2.050295,    -0.013881,
  1675.600,     0.980548,    -2.544545,    -0.015818,
  1675.650,     1.098034,    -2.818688,    -0.012756,
  1675.700,     1.310876,    -2.911071,    -0.009955,
  1675.750,     1.538433,    -2.789953,    -0.006118,
  1675.800,     1.628480,    -2.338151,    -0.005152,
  1675.850,     1.486251,    -1.632665,    -0.003363,
  1675.900,     1.214615,    -0.815731,    -0.005160,
  1675.950,     0.992701,    -0.039722,    -0.006391,
  1676.000,     0.827822,     0.452451,    -0.002092,
  1676.050,     0.718651,     0.631833,     0.005267,
  1676.100,     0.670147,     0.429057,     0.004337,
  1676.150,     0.706302,     0.003875,    -0.000449,
  1676.200,     0.899583,    -0.524078,     0.006973,
  1676.250,     1.218071,    -0.917231,     0.013208,
  1676.300,     1.625580,    -1.026849,     0.017299,
  1676.350,     2.205778,    -0.739511,     0.009246,
  1676.400,     2.922663,     0.061564,     0.007740,
  1676.450,     3.617528,     1.136488,     0.006183,
  1676.500,     4.103208,     2.296843,     0.011109,
  1676.550,     4.118289,     3.266982,     0.008133,
  1676.600,     3.565930,     3.877250,     0.003515,
  1676.650,     2.591319,     4.110587,     0.008441,
  1676.700,     1.268713,     4.057056,     0.010104,
  1676.750,    -0.137244,     3.970703,     0.005750,
  1676.800,    -1.409249,     3.885809,     0.003852,
  1676.850,    -2.274474,     3.751709,     0.003642,
  1676.900,    -2.687031,     3.606453,     0.000349,
  1676.950,    -2.751489,     3.419206,    -0.003699,
  1677.000,    -2.463586,     3.220927,     0.001396,
  1677.050,    -1.987922,     2.897958,    -0.006140,
  1677.100,    -1.370824,     2.428987,    -0.009241,
  1677.150,    -0.797225,     1.723588,    -0.003828,
  1677.200,    -0.372917,     0.860726,    -0.008506,
  1677.250,    -0.099094,    -0.001927,    -0.016789,
  1677.300,     0.045103,    -0.804428,    -0.014717,
  1677.350,     0.150143,    -1.520904,    -0.012729,
  1677.400,     0.290938,    -2.226664,    -0.014009,
  1677.450,     0.442060,    -2.926704,    -0.016279,
  1677.500,     0.609771,    -3.610735,    -0.018071,
  1677.550,     0.714457,    -4.025894,    -0.016382,
  1677.600,     0.765998,    -4.085726,    -0.015689,
  1677.650,     0.714186,    -3.749417,    -0.017946,
  1677.700,     0.591215,    -3.089105,    -0.014682,
  1677.750,     0.329914,    -2.255187,    -0.018897,
  1677.800,    -0.063846,    -1.326156,    -0.011922,
  1677.850,    -0.455401,    -0.414525,    -0.018721,
  1677.900,    -0.855836,     0.452047,    -0.013300,
  1677.950,    -1.160141,     1.215503,    -0.007580,
  1678.000,    -1.309672,     1.867822,    -0.006543,
  1678.050,    -1.298134,     2.447132,    -0.002071,
  1678.100,    -0.995250,     2.946269,    -0.003069,
  1678.150,    -0.412023,     3.329762,     0.001849,
  1678.200,     0.293090,     3.461490,     0.007365,
  1678.250,     0.956163,     3.286942,     0.008292,
  1678.300,     1.445175,     2.820437,     0.005697,
  1678.350,     1.681436,     2.110837,     0.006614,
  1678.400,     1.562930,     1.350681,     0.007871,
  1678.450,     1.135516,     0.545600,     0.007401,
  1678.500,     0.447423,    -0.254601,     0.009589,
  1678.550,    -0.247882,    -0.950069,     0.011441,
  1678.600,    -0.728631,    -1.446930,     0.011058,
  1678.650,    -0.925464,    -1.623106,     0.008450,
  1678.700,    -0.960455,    -1.444168,     0.008873,
  1678.750,    -0.907491,    -1.059323,     0.012391,
  1678.800,    -0.773934,    -0.542013,     0.008550,
  1678.850,    -0.577800,    -0.018378,     0.008345,
  1678.900,    -0.344511,     0.425745,     0.006136,
  1678.950,    -0.089177,     0.790540,     0.005931,
  1679.000,     0.119327,     0.984693,     0.003394,
  1679.050,     0.336472,     1.013227,     0.000129,
  1679.100,     0.569413,     0.944345,     0.000637,
  1679.150,     0.751473,     0.879909,    -0.000125,
  1679.200,     0.803746,     0.987428,    -0.004072,
  1679.250,     0.702795,     1.153498,    -0.004883,
  1679.300,     0.470803,     1.336168,    -0.013123,
  1679.350,     0.141300,     1.444655,    -0.011641,
  1679.400,    -0.226366,     1.384619,    -0.009837,
  1679.450,    -0.595710,     1.276190,    -0.007218,
  1679.500,    -0.874202,     1.151998,    -0.019103,
  1679.550,    -1.094519,     1.036389,    -0.014774,
  1679.600,    -1.219736,     0.822260,    -0.016763,
  1679.650,    -1.206995,     0.489344,    -0.016311,
  1679.700,    -1.115917,     0.111605,    -0.009974,
  1679.750,    -0.920942,    -0.136383,    -0.010186,
  1679.800,    -0.709614,    -0.183329,    -0.016245,
  1679.850,    -0.418680,     0.089244,    -0.013058,
  1679.900,    -0.043246,     0.565430,    -0.012741,
  1679.950,     0.371514,     1.250601,    -0.009183,
  1680.000,     0.722641,     2.055370,    -0.006928,
  1680.050,     0.844980,     2.926242,    -0.008023,
  1680.100,     0.790997,     3.609281,    -0.008945,
  1680.150,     0.470830,     3.957772,    -0.005087,
  1680.200,     0.108674,     3.925172,    -0.005143,
  1680.250,    -0.300435,     3.677354,    -0.003128,
  1680.300,    -0.593411,     3.490739,     0.004043,
  1680.350,    -0.728312,     3.503816,     0.004703,
  1680.400,    -0.603743,     3.660714,     0.001849,
  1680.450,    -0.205458,     3.784592,     0.005668,
  1680.500,     0.344049,     3.824643,     0.008431,
  1680.550,     0.874146,     3.731541,     0.006670,
  1680.600,     1.268732,     3.510038,     0.005282,
  1680.650,     1.422482,     2.993122,     0.008686,
  1680.700,     1.371501,     2.112110,     0.013972,
  1680.750,     1.199392,     1.024903,     0.008952,
  1680.800,     0.984613,    -0.076396,     0.009802,
  1680.850,     0.794783,    -0.928485,     0.005127,
  1680.900,     0.618931,    -1.375108,     0.008255,
  1680.950,     0.469080,    -1.509035,     0.010297,
  1681.000,     0.368432,    -1.330337,     0.003166,
  1681.050,     0.299345,    -0.869043,     0.004390,
  1681.100,     0.186117,    -0.272924,     0.002920,
  1681.150,     0.053474,     0.316817,     0.001907,
  1681.200,    -0.187768,     0.762311,    -0.000317,
  1681.250,    -0.479397,     1.087771,     0.003214,
  1681.300,    -0.766992,     1.309974,     0.001418,
  1681.350,    -1.028423,     1.551823,    -0.004289,
  1681.400,    -1.223170,     1.865516,    -0.003937,
  1681.450,    -1.382732,     2.190166,    -0.000943,
  1681.500,    -1.529325,     2.495474,    -0.004880,
  1681.550,    -1.657247,     2.731245,    -0.012429,
  1681.600,    -1.668811,     2.832177,    -0.010478,
  1681.650,    -1.499164,     2.826116,    -0.011050,
  1681.700,    -1.121228,     2.733490,    -0.014303,
  1681.750,    -0.594538,     2.577436,    -0.015551,
  1681.800,    -0.081604,     2.285596,    -0.016125,
  1681.850,     0.413102,     1.884823,    -0.014974,
  1681.900,     0.786627,     1.385372,    -0.016414,
  1681.950,     1.037426,     0.872870,    -0.014065,
  1682.000,     1.160467,     0.476956,    -0.013659,
  1682.050,     1.203970,     0.241674,    -0.015230,
  1682.100,     1.175855,     0.182498,    -0.014304,
  1682.150,     1.147751,     0.282745,    -0.006514,
  1682.200,     1.106636,     0.487860,    -0.010171,
  1682.250,     1.018154,     0.765049,    -0.009630,
  1682.300,     0.850826,     1.076061,    -0.004273,
  1682.350,     0.551556,     1.345877,    -0.006594,
  1682.400,     0.212618,     1.614656,    -0.005590,
  1682.450,    -0.127483,     1.934996,    -0.001114,
  1682.500,    -0.402484,     2.317847,     0.006597,
  1682.550,    -0.657851,     2.571037,     0.002545,
  1682.600,    -0.878993,     2.715450,    -0.000559,
  1682.650,    -1.022007,     2.695597,     0.003313,
  1682.700,    -1.010283,     2.511846,     0.005921,
  1682.750,    -0.834529,     2.259730,     0.008736,
  1682.800,    -0.550989,     1.937984,     0.009478,
  1682.850,    -0.193622,     1.593883,     0.013637,
  1682.900,     0.175116,     1.197974,     0.013860,
  1682.950,     0.532081,     0.856578,     0.010199,
  1683.000,     0.777864,     0.591795,     0.007560,
  1683.050,     0.873455,     0.388310,     0.006804,
  1683.100,     0.774815,     0.239085,     0.004746,
  1683.150,     0.555204,     0.154335,     0.006763,
  1683.200,     0.334311,     0.169285,     0.006594,
  1683.250,     0.166532,     0.348151,     0.006097,
  1683.300,     0.132577,     0.705455,     0.008486,
  1683.350,     0.157562,     1.189040,     0.001701,
  1683.400,     0.252262,     1.704080,    -0.001700,
  1683.450,     0.311263,     2.117921,    -0.000557,
  1683.500,     0.326682,     2.352159,     0.000698,
  1683.550,     0.291791,     2.378809,    -0.006697,
  1683.600,     0.243216,     2.300817,    -0.004930,
  1683.650,     0.127419,     2.207273,    -0.004579,
  1683.700,    -0.064141,     2.084502,    -0.008848,
  1683.750,    -0.276284,     1.861927,    -0.006633,
  1683.800,    -0.424000,     1.496297,    -0.005438,
  1683.850,    -0.365054,     0.958744,    -0.009275,
  1683.900,    -0.166326,     0.295860,    -0.011419,
  1683.950,     0.171454,    -0.417423,    -0.011300,
  1684.000,     0.574801,    -1.076099,    -0.011139,
  1684.050,     0.919313,    -1.664791,    -0.015547,
  1684.100,     1.212982,    -1.881292,    -0.011007,
  1684.150,     1.368604,    -1.641991,    -0.011579,
  1684.200,     1.320234,    -0.908922,    -0.011467,
  1684.250,     1.074872,     0.057908,    -0.010926,
  1684.300,     0.732708,     1.052434,    -0.008702,
  1684.350,     0.433504,     1.909970,    -0.007443,
  1684.400,     0.254892,     2.528583,    -0.010347,
  1684.450,     0.221039,     2.910504,    -0.009247,
  1684.500,     0.287386,     3.039462,    -0.008820,
  1684.550,     0.380901,     2.959035,    -0.005937,
  1684.600,     0.430767,     2.770499,    -0.008787,
  1684.650,     0.473000,     2.537622,    -0.007378,
  1684.700,     0.370959,     2.230924,    -0.001428,
  1684.750,     0.113773,     1.831384,     0.000903,
  1684.800,    -0.324127,     1.285302,    -0.003667,
  1684.850,    -0.793600,     0.667263,     0.004101,
  1684.900,    -1.159534,     0.041377,     0.002422,
  1684.950,    -1.288788,    -0.428136,     0.007856,
  1685.000,    -1.203681,    -0.708761,     0.004660,
  1685.050,    -0.960111,    -0.672982,     0.003946,
  1685.100,    -0.629551,    -0.345578,     0.008134,
  1685.150,    -0.224449,     0.219219,     0.000188,
  1685.200,     0.158249,     0.930121,     0.008087,
  1685.250,     0.446113,     1.662913,     0.007928,
  1685.300,     0.592442,     2.336706,     0.005802,
  1685.350,     0.661844,     2.790813,     0.008316,
  1685.400,     0.676561,     2.837893,     0.008242,
  1685.450,     0.676962,     2.526431,     0.004876,
  1685.500,     0.749155,     1.958973,     0.012812,
  1685.550,     0.805350,     1.391149,     0.005323,
  1685.600,     0.855712,     0.930255,     0.003014,
  1685.650,     0.806336,     0.562372,     0.002097,
  1685.700,     0.705196,     0.322827,     0.002554,
  1685.750,     0.637698,     0.155830,     0.001225,
  1685.800,     0.517475,     0.091455,     0.000467,
  1685.850,     0.365553,     0.074935,     0.001199,
  1685.900,     0.171648,     0.001193,    -0.004700,
  1685.950,    -0.070928,    -0.119799,    -0.006885,
  1686.000,    -0.283435,    -0.162694,    -0.006145,
  1686.050,    -0.422546,    -0.039735,    -0.007560,
  1686.100,    -0.471935,     0.280877,    -0.007200,
  1686.150,    -0.442820,     0.692554,    -0.014547,
  1686.200,    -0.364941,     1.156741,    -0.007577,
  1686.250,    -0.210400,     1.552242,    -0.013196,
  1686.300,    -0.024873,     1.866623,    -0.007172,
  1686.350,     0.189437,     2.019688,    -0.013866,
  1686.400,     0.356299,     1.916365,    -0.013072,
  1686.450,     0.547921,     1.485783,    -0.013702,
  1686.500,     0.791518,     0.797933,    -0.014705,
  1686.550,     0.994616,     0.052865,    -0.007504,
  1686.600,     1.106585,    -0.647351,    -0.009262,
  1686.650,     1.049421,    -1.141138,    -0.005048,
  1686.700,     0.867122,    -1.368795,    -0.010755,
  1686.750,     0.579246,    -1.369090,    -0.007492,
  1686.800,     0.263244,    -1.112459,    -0.005322,
  1686.850,    -0.040464,    -0.498849,    -0.006624,
  1686.900,    -0.307671,     0.373076,    -0.006890,
  1686.950,    -0.473969,     1.343611,    -0.004344,
  1687.000,    -0.578449,     2.220433,    -0.003690,
  1687.050,    -0.589371,     2.790095,    -0.001182,
  1687.100,    -0.501592,     3.106945,    -0.000020,
  1687.150,    -0.371251,     3.106982,     0.000667,
  1687.200,    -0.216165,     2.837052,     0.002672,
  1687.250,    -0.047145,     2.304517,     0.006075,
  1687.300,     0.118866,     1.643385,     0.006159,
  1687.350,     0.317464,     0.972145,     0.001635,
  1687.400,     0.544788,     0.364439,     0.009233,
  1687.450,     0.762588,    -0.127680,     0.008429,
  1687.500,     0.914829,    -0.449573,     0.009689,
  1687.550,     0.936480,    -0.711068,     0.004176,
  1687.600,     0.838699,    -0.992829,     0.002134,
  1687.650,     0.656929,    -1.319799,     0.006556,
  1687.700,     0.453954,    -1.571145,     0.003040,
  1687.750,     0.261467,    -1.542420,     0.004585,
  1687.800,     0.025520,    -1.101569,     0.011106,
  1687.850,    -0.202086,    -0.308003,     0.005039,
  1687.900,    -0.486595,     0.731242,    -0.001346,
  1687.950,    -0.781134,     1.850057,     0.001014,
  1688.000,    -1.046478,     2.753399,     0.005545,
  1688.050,    -1.256521,     3.277598,    -0.003065,
  1688.100,    -1.317343,     3.297298,    -0.004107,
  1688.150,    -1.215332,     2.876221,    -0.008226,
  1688.200,    -0.856903,     2.170375,    -0.003509,
  1688.250,    -0.200088,     1.313024,    -0.001951,
  1688.300,     0.539143,     0.451004,    -0.007816,
  1688.350,     1.141402,    -0.335147,    -0.004698,
  1688.400,     1.526950,    -0.889231,    -0.006402,
  1688.450,     1.654286,    -1.064746,    -0.010862,
  1688.500,     1.509842,    -0.932000,    -0.011395,
  1688.550,     1.194937,    -0.535668,    -0.011423,
  1688.600,     0.830748,     0.061993,    -0.014500,
  1688.650,     0.484837,     0.744836,    -0.013457,
  1688.700,     0.246595,     1.357723,    -0.007978,
  1688.750,     0.097534,     1.764261,    -0.005618,
  1688.800,    -0.000282,     1.791242,    -0.011090,
  1688.850,    -0.150094,     1.478882,    -0.012856,
  1688.900,    -0.321295,     0.900863,    -0.009785,
  1688.950,    -0.487922,     0.198671,    -0.008830,
  1689.000,    -0.644152,    -0.468450,    -0.010886,
  1689.050,    -0.668389,    -0.949988,    -0.012295,
  1689.100,    -0.585375,    -1.127342,    -0.009847,
  1689.150,    -0.377729,    -0.955192,    -0.007412,
  1689.200,    -0.084773,    -0.573804,    -0.008816,
  1689.250,     0.262394,    -0.082558,    -0.005486,
  1689.300,     0.621238,     0.400849,    -0.003493,
  1689.350,     0.888515,     0.783911,    -0.002539,
  1689.400,     1.029101,     0.997937,    -0.005760,
  1689.450,     0.940633,     1.060174,    -0.002646,
  1689.500,     0.658860,     1.013047,     0.006947,
  1689.550,     0.251747,     0.894100,     0.001437,
  1689.600,    -0.127274,     0.862166,    -0.001323,
  1689.650,    -0.394058,     1.000874,    -0.000701,
  1689.700,    -0.514177,     1.370165,     0.000653,
  1689.750,    -0.575817,     1.888734,     0.007915,
  1689.800,    -0.528027,     2.335326,     0.008140,
  1689.850,    -0.440388,     2.624466,     0.002970,
  1689.900,    -0.327955,     2.627302,     0.005913,
  1689.950,    -0.205071,     2.330004,     0.004309,
  1690.000,    -0.127512,     1.838481,     0.008511,
  1690.050,    -0.046481,     1.136360,     0.005379,
  1690.100,     0.115849,     0.332646,     0.005204,
  1690.150,     0.295709,    -0.448915,     0.006404,
  1690.200,     0.507188,    -1.072448,     0.004873,
  1690.250,     0.636340,    -1.405867,     0.006898,
  1690.300,     0.691813,    -1.384308,     0.006366,
  1690.350,     0.655698,    -1.002613,     0.002386,
  1690.400,     0.568112,    -0.369327,     0.001504,
  1690.450,     0.392040,     0.414418,    -0.000706,
  1690.500,     0.121669,     1.264879,    -0.002777,
  1690.550,    -0.212904,     2.078002,    -0.005400,
  1690.600,    -0.560046,     2.690379,    -0.005147,
  1690.650,    -0.801163,     3.037519,    -0.005619,
  1690.700,    -0.944360,     3.023940,    -0.003916,
  1690.750,    -0.898359,     2.709839,    -0.002339,
  1690.800,    -0.745865,     2.242089,    -0.006723,
  1690.850,    -0.491104,     1.670260,    -0.002142,
  1690.900,    -0.097963,     1.163267,    -0.008480,
  1690.950,     0.357669,     0.768299,    -0.008303,
  1691.000,     0.835453,     0.473777,    -0.006310,
  1691.050,     1.207661,     0.285832,    -0.002240,
  1691.100,     1.333096,     0.203289,    -0.004936,
  1691.150,     1.238954,     0.125032,    -0.011587,
  1691.200,     1.017099,     0.156049,    -0.007767,
  1691.250,     0.626137,     0.241990,    -0.011377,
  1691.300,     0.206392,     0.509349,    -0.017432,
  1691.350,    -0.230369,     0.941554,    -0.007836,
  1691.400,    -0.572687,     1.529320,    -0.008304,
  1691.450,    -0.821100,     2.191168,    -0.009024,
  1691.500,    -0.908908,     2.827658,    -0.006613,
  1691.550,    -0.878790,     3.378861,    -0.009933,
  1691.600,    -0.800650,     3.692797,    -0.009115,
  1691.650,    -0.735413,     3.624742,    -0.010637,
  1691.700,    -0.745722,     3.149624,    -0.005300,
  1691.750,    -0.728270,     2.228937,    -0.007106,
  1691.800,    -0.577072,     1.063858,    -0.000653,
  1691.850,    -0.243592,    -0.152253,    -0.001670,
  1691.900,     0.208559,    -1.174209,    -0.002622,
  1691.950,     0.717666,    -1.791788,    -0.000215,
  1692.000,     1.169349,    -1.923481,    -0.002608,
  1692.050,     1.451793,    -1.494760,     0.001828,
  1692.100,     1.465413,    -0.672926,     0.007176,
  1692.150,     1.219809,     0.363339,     0.005310,
  1692.200,     0.813902,     1.363359,     0.002625,
  1692.250,     0.301930,     2.160327,     0.001026,
  1692.300,    -0.162942,     2.568445,     0.004588,
  1692.350,    -0.546715,     2.533085,     0.005960,
  1692.400,    -0.820010,     2.142730,     0.003329,
  1692.450,    -0.923462,     1.538134,     0.000995,
  1692.500,    -0.884280,     0.980385,     0.003508,
  1692.550,    -0.704982,     0.587184,     0.011302,
  1692.600,    -0.411719,     0.442132,     0.006091,
  1692.650,    -0.058700,     0.574560,     0.001710,
  1692.700,     0.313528,     0.747681,     0.003207,
  1692.750,     0.612712,     0.841796,     0.003047,
  1692.800,     0.769251,     0.932781,     0.003358,
  1692.850,     0.735181,     0.984177,     0.005586,
  1692.900,     0.490495,     1.003946,     0.000017,
  1692.950,     0.150711,     0.929122,    -0.000265,
  1693.000,    -0.245530,     0.783914,     0.000797,
  1693.050,    -0.632615,     0.672512,    -0.001820,
  1693.100,    -0.878127,     0.662233,    -0.004044,
  1693.150,    -0.891593,     0.801518,    -0.003118,
  1693.200,    -0.704422,     1.125919,    -0.001612,
  1693.250,    -0.418660,     1.556513,    -0.002255,
  1693.300,    -0.087451,     1.945138,    -0.008070,
  1693.350,     0.181283,     2.242532,    -0.000955,
  1693.400,     0.335433,     2.400666,    -0.005552,
  1693.450,     0.397340,     2.426737,    -0.004544,
  1693.500,     0.369016,     2.266734,    -0.006486,
  1693.550,     0.327065,     1.909553,    -0.007028,
  1693.600,     0.279670,     1.422311,    -0.014962,
  1693.650,     0.260107,     0.873087,    -0.010129,
  1693.700,     0.332799,     0.341281,    -0.006988,
  1693.750,     0.518674,    -0.081404,    -0.008910,
  1693.800,     0.721010,    -0.283392,    -0.016737,
  1693.850,     0.898396,    -0.165438,    -0.015853,
  1693.900,     0.905703,     0.235648,    -0.010489,
  1693.950,     0.765045,     0.712439,    -0.009198,
  1694.000,     0.504454,     1.100583,    -0.008437,
  1694.050,     0.153423,     1.220353,    -0.007463,
  1694.100,    -0.234678,     1.020043,    -0.007058,
  1694.150,    -0.631052,     0.663621,    -0.001233,
  1694.200,    -0.967007,     0.307127,    -0.006585,
  1694.250,    -1.218362,     0.061134,    -0.002486,
  1694.300,    -1.238511,     0.025835,     0.000794,
  1694.350,    -1.050289,     0.154167,    -0.007647,
  1694.400,    -0.700508,     0.422037,    -0.004896,
  1694.450,    -0.251626,     0.740911,    -0.000917,
  1694.500,     0.230429,     1.024193,    -0.000505,
  1694.550,     0.670462,     1.136833,     0.000138,
  1694.600,     1.048317,     1.020943,     0.003311,
  1694.650,     1.301626,     0.736161,    -0.000790,
  1694.700,     1.340876,     0.438248,     0.001404,
  1694.750,     1.222492,     0.248550,     0.004926,
  1694.800,     0.944792,     0.179645,     0.007671,
  1694.850,     0.564360,     0.195447,     0.002161,
  1694.900,     0.158880,     0.282804,     0.004785,
  1694.950,    -0.168302,     0.461654,    -0.001379,
  1695.000,    -0.374496,     0.742957,    -0.003131,
  1695.050,    -0.508651,     1.025701,     0.001449,
  1695.100,    -0.521773,     1.259097,    -0.004483,
  1695.150,    -0.459060,     1.238673,     0.002695,
  1695.200,    -0.372388,     0.976320,    -0.003069,
  1695.250,    -0.255765,     0.506294,    -0.001149,
  1695.300,    -0.147839,    -0.005801,     0.004423,
  1695.350,     0.031801,    -0.496504,    -0.000575,
  1695.400,     0.253889,    -0.819703,    -0.003429,
  1695.450,     0.525029,    -0.989628,    -0.002600,
  1695.500,     0.815806,    -0.954995,     0.001005,
  1695.550,     1.023579,    -0.679936,     0.000696,
  1695.600,     1.180114,    -0.241350,    -0.003261,
  1695.650,     1.181008,     0.298546,    -0.000660,
  1695.700,     1.047944,     0.761163,    -0.004189,
  1695.750,     0.705770,     1.142690,    -0.011522,
  1695.800,     0.241802,     1.287671,    -0.002057,
  1695.850,    -0.360665,     1.216640,    -0.000660,
  1695.900,    -0.889678,     0.942684,    -0.012232,
  1695.950,    -1.276457,     0.518857,     0.000087,
  1696.000,    -1.414577,     0.016242,    -0.003319,
  1696.050,    -1.258590,    -0.420836,    -0.010781,
  1696.100,    -0.874718,    -0.652076,    -0.008851,
  1696.150,    -0.337070,    -0.530327,    -0.007478,
  1696.200,     0.242859,    -0.100584,    -0.006659,
  1696.250,     0.777919,     0.537141,    -0.002653,
  1696.300,     1.095859,     1.170117,    -0.007954,
  1696.350,     1.217114,     1.612779,    -0.008225,
  1696.400,     1.069078,     1.746676,    -0.002950,
  1696.450,     0.698583,     1.612897,    -0.002438,
  1696.500,     0.251403,     1.228865,    -0.006826,
  1696.550,    -0.109426,     0.726397,    -0.001373,
  1696.600,    -0.356710,     0.259011,     0.000985,
  1696.650,    -0.403204,    -0.063428,    -0.008153,
  1696.700,    -0.292832,    -0.152744,    -0.009510,
  1696.750,    -0.139062,    -0.072411,    -0.003325,
  1696.800,    -0.044207,     0.120159,    -0.003790,
  1696.850,     0.071559,     0.423928,    -0.007018,
  1696.900,     0.170046,     0.709750,    -0.002111,
  1696.950,     0.240653,     1.026023,     0.002313,
  1697.000,     0.236026,     1.315422,    -0.006219,
  1697.050,     0.175482,     1.543624,    -0.003567,
  1697.100,     0.110344,     1.707006,    -0.003997,
  1697.150,     0.074492,     1.788889,    -0.002473,
  1697.200,     0.130956,     1.776160,    -0.003813,
  1697.250,     0.264536,     1.690371,    -0.000321,
  1697.300,     0.449983,     1.527791,    -0.002228,
  1697.350,     0.598685,     1.330025,     0.003517,
  1697.400,     0.698662,     1.178847,    -0.003631,
  1697.450,     0.730855,     1.114457,    -0.006091,
  1697.500,     0.667000,     1.147654,    -0.000630,
  1697.550,     0.501492,     1.260431,    -0.001111,
  1697.600,     0.235880,     1.396614,    -0.002446,
  1697.650,    -0.045254,     1.472952,    -0.000794,
  1697.700,    -0.312510,     1.368465,    -0.003782,
  1697.750,    -0.564640,     1.130898,    -0.002494,
  1697.800,    -0.666649,     0.844827,    -0.006403,
  1697.850,    -0.691531,     0.674545,    -0.003149,
  1697.900,    -0.540125,     0.771067,    -0.004660,
  1697.950,    -0.211534,     1.108862,    -0.000580,
  1698.000,     0.163655,     1.613853,    -0.001846,
  1698.050,     0.424383,     2.130295,    -0.002587,
  1698.100,     0.500638,     2.564848,     0.000433,
  1698.150,     0.384577,     2.775530,     0.000472,
  1698.200,     0.176574,     2.623393,    -0.000517,
  1698.250,    -0.028678,     2.157658,    -0.001364,
  1698.300,    -0.148747,     1.523636,    -0.002211,
  1698.350,    -0.127290,     0.982200,     0.000812,
  1698.400,    -0.003623,     0.644066,    -0.002929,
  1698.450,     0.183207,     0.527354,     0.001508,
  1698.500,     0.356332,     0.545730,    -0.000435,
  1698.550,     0.429862,     0.742787,    -0.002748,
  1698.600,     0.430093,     0.995847,     0.004759,
  1698.650,     0.282289,     1.265533,    -0.004274,
  1698.700,     0.051898,     1.474968,    -0.000990,
  1698.750,    -0.170635,     1.525778,     0.000566,
  1698.800,    -0.280623,     1.514488,    -0.003166,
  1698.850,    -0.264848,     1.456610,    -0.002935,
  1698.900,    -0.176972,     1.369822,    -0.004111,
  1698.950,    -0.073356,     1.291055,    -0.004627,
  1699.000,     0.082563,     1.147038,    -0.004897,
  1699.050,     0.268953,     0.943440,     0.001597,
  1699.100,     0.442156,     0.729823,    -0.005280,
  1699.150,     0.542318,     0.651807,    -0.000699,
  1699.200,     0.503973,     0.766728,    -0.005584,
  1699.250,     0.332853,     0.959094,    -0.004550,
  1699.300,     0.041510,     1.079285,    -0.001452,
  1699.350,    -0.241435,     1.017662,    -0.004847,
  1699.400,    -0.492855,     0.750040,    -0.010760,
  1699.450,    -0.654099,     0.296059,    -0.005148,
  1699.500,    -0.676871,    -0.227596,    -0.008901,
  1699.550,    -0.593296,    -0.738272,    -0.004967,
  1699.600,    -0.398019,    -1.066399,    -0.002916,
  1699.650,    -0.118657,    -1.086662,    -0.004912,
  1699.700,     0.158093,    -0.732967,    -0.008138,
  1699.750,     0.394837,    -0.047674,    -0.008527,
  1699.800,     0.538455,     0.839081,    -0.016005,
  1699.850,     0.515384,     1.752978,    -0.009353,
  1699.900,     0.381007,     2.450384,    -0.006393,
  1699.950,     0.211791,     2.840175,    -0.007770,
  1700.000,    -0.036808,     2.866925,    -0.011411,
  1700.050,    -0.274638,     2.536581,    -0.012227,
  1700.100,    -0.354009,     1.955277,    -0.015088,
  1700.150,    -0.341261,     1.258269,    -0.008764,
  1700.200,    -0.169152,     0.631063,    -0.000421,
  1700.250,     0.140041,     0.214407,    -0.002780,
  1700.300,     0.488745,     0.035360,    -0.001717,
  1700.350,     0.754486,     0.106097,    -0.002431,
  1700.400,     0.858088,     0.356125,    -0.002844,
  1700.450,     0.765790,     0.698159,    -0.000138,
  1700.500,     0.520378,     1.100381,     0.002137,
  1700.550,     0.215989,     1.486258,     0.009882,
  1700.600,    -0.096723,     1.795552,     0.007860,
  1700.650,    -0.330799,     1.998714,     0.006962,
  1700.700,    -0.458356,     2.124292,    -0.000677,
  1700.750,    -0.449083,     2.223595,     0.002246,
  1700.800,    -0.321000,     2.279434,     0.004877,
  1700.850,    -0.157582,     2.212552,     0.004855,
  1700.900,     0.056836,     1.975957,     0.005822,
  1700.950,     0.255311,     1.574126,     0.012072,
  1701.000,     0.429955,     1.078355,     0.008240,
  1701.050,     0.602422,     0.565921,     0.011340,
  1701.100,     0.724616,     0.105276,     0.010481,
  1701.150,     0.754981,    -0.195628,     0.003506,
  1701.200,     0.738726,    -0.379004,     0.001465,
  1701.250,     0.655901,    -0.398505,     0.002093,
  1701.300,     0.507417,    -0.296935,     0.002978,
  1701.350,     0.341124,    -0.112662,     0.002663,
  1701.400,     0.109547,     0.193048,    -0.005560,
  1701.450,    -0.047276,     0.542926,    -0.010824,
  1701.500,    -0.074581,     0.940374,    -0.008885,
  1701.550,    -0.041823,     1.319942,    -0.010445,
  1701.600,     0.083936,     1.636360,    -0.013156,
  1701.650,     0.214263,     1.862691,    -0.009754,
  1701.700,     0.302821,     1.914803,    -0.008116,
  1701.750,     0.299343,     1.812830,    -0.011352,
  1701.800,     0.190846,     1.497084,    -0.013831,
  1701.850,     0.004466,     1.093463,    -0.011774,
  1701.900,    -0.077784,     0.715838,    -0.012476,
  1701.950,    -0.001065,     0.412858,    -0.013810,
  1702.000,     0.233806,     0.207046,    -0.017803,
  1702.050,     0.537309,    -0.002225,    -0.021322,
  1702.100,     0.805447,    -0.152308,    -0.016396,
  1702.150,     0.972735,    -0.196308,    -0.017944,
  1702.200,     0.993674,    -0.144487,    -0.016768,
  1702.250,     0.805750,    -0.024069,    -0.013267,
  1702.300,     0.434030,     0.188871,    -0.014755,
  1702.350,    -0.004165,     0.432309,    -0.009892,
  1702.400,    -0.314234,     0.746406,    -0.006577,
  1702.450,    -0.467146,     1.113395,    -0.006943,
  1702.500,    -0.447887,     1.465388,    -0.005705,
  1702.550,    -0.318399,     1.738564,     0.000669,
  1702.600,    -0.080252,     1.847772,     0.002897,
  1702.650,     0.175051,     1.741479,    -0.002726,
  1702.700,     0.392448,     1.477008,     0.001126,
  1702.750,     0.556152,     1.112401,     0.004249,
  1702.800,     0.612080,     0.725569,     0.009542,
  1702.850,     0.606847,     0.264683,     0.005639,
  1702.900,     0.554548,    -0.083359,     0.003476,
  1702.950,     0.458795,    -0.329628,     0.007234,
  1703.000,     0.341846,    -0.467160,     0.006146,
  1703.050,     0.179577,    -0.516775,     0.008922,
  1703.100,     0.010106,    -0.552785,     0.010820,
  1703.150,    -0.131402,    -0.531802,     0.008169,
  1703.200,    -0.194814,    -0.392810,     0.004431,
  1703.250,    -0.119058,    -0.156744,     0.011005,
  1703.300,     0.033184,     0.229008,     0.009497,
  1703.350,     0.169582,     0.770950,     0.009075,
  1703.400,     0.195340,     1.354544,     0.007941,
  1703.450,     0.112715,     1.873694,     0.006521,
  1703.500,    -0.088512,     2.146879,     0.003022,
  1703.550,    -0.356479,     2.142156,    -0.000356,
  1703.600,    -0.570190,     1.924068,    -0.002389,
  1703.650,    -0.677484,     1.563748,    -0.004881,
  1703.700,    -0.569250,     1.072622,    -0.009392,
  1703.750,    -0.262439,     0.518133,    -0.003090,
  1703.800,     0.212846,     0.011478,    -0.004560,
  1703.850,     0.718718,    -0.299374,    -0.009402,
  1703.900,     1.180611,    -0.382060,    -0.017923,
  1703.950,     1.438423,    -0.316831,    -0.014749,
  1704.000,     1.401327,    -0.070874,    -0.013520,
  1704.050,     1.115910,     0.321376,    -0.015394,
  1704.100,     0.703515,     0.846238,    -0.010439,
  1704.150,     0.200262,     1.416767,    -0.020481,
  1704.200,    -0.270166,     1.969961,    -0.014083,
  1704.250,    -0.596228,     2.376415,    -0.011236,
  1704.300,    -0.750641,     2.539956,    -0.006732,
  1704.350,    -0.690347,     2.443849,    -0.010159,
  1704.400,    -0.470976,     2.187560,    -0.007476,
  1704.450,    -0.182828,     1.799463,    -0.012299,
  1704.500,     0.115540,     1.304165,    -0.011885,
  1704.550,     0.417182,     0.827102,    -0.010484,
  1704.600,     0.633784,     0.365469,    -0.001486,
  1704.650,     0.740600,     0.092568,    -0.004792,
  1704.700,     0.772711,     0.001743,    -0.008260,
  1704.750,     0.680662,     0.116562,    -0.003424,
  1704.800,     0.595531,     0.365459,    -0.001875,
  1704.850,     0.497488,     0.687396,    -0.000312,
  1704.900,     0.390615,     1.080751,     0.004257,
  1704.950,     0.244831,     1.547032,    -0.003704,
  1705.000,     0.033346,     2.028004,     0.003162,
  1705.050,    -0.171668,     2.429532,     0.006465,
  1705.100,    -0.315402,     2.701087,     0.003890,
  1705.150,    -0.438490,     2.786637,     0.006965,
  1705.200,    -0.454758,     2.728654,     0.006465,
  1705.250,    -0.429796,     2.588807,     0.000016,
  1705.300,    -0.332054,     2.410819,     0.001611,
  1705.350,    -0.218951,     2.126121,     0.003721,
  1705.400,    -0.085751,     1.815159,    -0.000031,
  1705.450,     0.078408,     1.533803,    -0.000701,
  1705.500,     0.261420,     1.343352,     0.000837,
  1705.550,     0.491638,     1.294895,     0.000825,
  1705.600,     0.640967,     1.230120,    -0.003585,
  1705.650,     0.749250,     1.093479,    -0.006262,
  1705.700,     0.822403,     0.922447,    -0.005821,
  1705.750,     0.755665,     0.741133,    -0.007201,
  1705.800,     0.605418,     0.618669,    -0.008624,
  1705.850,     0.349234,     0.557503,    -0.008442,
  1705.900,     0.022307,     0.585135,    -0.008907,
  1705.950,    -0.234005,     0.704118,    -0.008803,
  1706.000,    -0.370585,     0.924126,    -0.013480,
  1706.050,    -0.444488,     1.228105,    -0.010042,
  1706.100,    -0.454273,     1.440186,    -0.003760,
  1706.150,    -0.434369,     1.537056,    -0.006174,
  1706.200,    -0.307364,     1.431115,    -0.007260,
  1706.250,    -0.172768,     1.193729,    -0.011125,
  1706.300,     0.032808,     0.862866,    -0.006302,
  1706.350,     0.230575,     0.475642,    -0.003104,
  1706.400,     0.408203,     0.149753,    -0.002766,
  1706.450,     0.528589,    -0.050592,    -0.003078,
  1706.500,     0.652774,    -0.147607,    -0.009023,
  1706.550,     0.772426,    -0.136650,    -0.005184,
  1706.600,     0.789902,    -0.023186,    -0.001986,
  1706.650,     0.710429,     0.111666,    -0.000308,
  1706.700,     0.516205,     0.334724,     0.000502,
  1706.750,     0.276182,     0.646764,     0.006976,
  1706.800,     0.013041,     0.982969,     0.001906,
  1706.850,    -0.199200,     1.270086,     0.003973,
  1706.900,    -0.382974,     1.533274,     0.007251,
  1706.950,    -0.455668,     1.732812,     0.011430,
  1707.000,    -0.485730,     1.885977,     0.011537,
  1707.050,    -0.425510,     1.991964,     0.007691,
  1707.100,    -0.342738,     2.012803,     0.003584,
  1707.150,    -0.258702,     1.977728,     0.008265,
  1707.200,    -0.162944,     1.943583,     0.002886,
  1707.250,    -0.041776,     1.878060,    -0.002640,
  1707.300,     0.110019,     1.716188,    -0.001376,
  1707.350,     0.333390,     1.452515,    -0.000378,
  1707.400,     0.580293,     1.139832,     0.000042,
  1707.450,     0.848173,     0.851223,    -0.001487,
  1707.500,     1.021958,     0.639538,    -0.002770,
  1707.550,     1.048088,     0.604060,    -0.001455,
  1707.600,     0.849899,     0.813209,    -0.007061,
  1707.650,     0.528333,     1.263659,    -0.003933,
  1707.700,     0.199394,     1.836553,    -0.008774,
  1707.750,    -0.144092,     2.379872,    -0.006624,
  1707.800,    -0.437289,     2.806634,    -0.013418,
  1707.850,    -0.646636,     3.011721,    -0.014905,
  1707.900,    -0.693946,     2.980675,    -0.009904,
  1707.950,    -0.553377,     2.724464,    -0.010109,
  1708.000,    -0.299461,     2.294835,    -0.014590,
  1708.050,     0.008450,     1.783803,    -0.010241,
  1708.100,     0.295990,     1.269205,    -0.009950,
  1708.150,     0.606930,     0.851650,    -0.012133,
  1708.200,     0.832135,     0.570834,    -0.009617,
  1708.250,     0.993187,     0.472253,    -0.006436,
  1708.300,     1.023162,     0.513279,    -0.012347,
  1708.350,     0.910325,     0.688256,    -0.009903,
  1708.400,     0.684397,     0.913415,    -0.005050,
  1708.450,     0.455934,     1.097041,    -0.008427,
  1708.500,     0.195819,     1.167100,    -0.004072,
  1708.550,    -0.041845,     1.094580,    -0.000671,
  1708.600,    -0.239197,     0.988459,     0.002232,
  1708.650,    -0.377769,     0.890508,     0.005916,
  1708.700,    -0.438263,     0.825239,     0.004988,
  1708.750,    -0.364319,     0.834482,     0.002662,
  1708.800,    -0.211057,     0.937989,     0.002759,
  1708.850,    -0.000473,     1.132657,     0.001993,
  1708.900,     0.213854,     1.381238,     0.006609,
  1708.950,     0.417719,     1.550118,     0.016196,
  1709.000,     0.616600,     1.592862,     0.012870,
  1709.050,     0.803273,     1.496985,     0.004469,
  1709.100,     0.971943,     1.364264,     0.008047,
  1709.150,     1.051289,     1.220443,     0.002232,
  1709.200,     0.970512,     1.113766,     0.005885,
  1709.250,     0.847931,     1.030876,     0.008564,
  1709.300,     0.676054,     0.993686,     0.007251,
  1709.350,     0.507526,     1.015238,     0.002310,
  1709.400,     0.298799,     1.048356,     0.001144,
  1709.450,     0.095507,     1.140385,    -0.001875,
  1709.500,    -0.068721,     1.279681,    -0.001814,
  1709.550,    -0.149489,     1.419368,     0.000444,
  1709.600,    -0.139019,     1.520826,    -0.002855,
  1709.650,    -0.068763,     1.610550,    -0.007511,
  1709.700,    -0.034655,     1.662439,    -0.010535,
  1709.750,    -0.023959,     1.703517,    -0.008474,
  1709.800,    -0.037132,     1.703155,    -0.012589,
  1709.850,     0.005134,     1.587031,    -0.011502,
  1709.900,     0.053684,     1.316544,    -0.015610,
  1709.950,     0.106942,     0.990432,    -0.013253,
  1710.000,     0.158558,     0.662223,    -0.013705,
  1710.050,     0.215650,     0.439506,    -0.015360,
  1710.100,     0.324092,     0.304805,    -0.015028,
  1710.150,     0.420972,     0.298283,    -0.016508,
  1710.200,     0.440509,     0.349277,    -0.014521,
  1710.250,     0.392312,     0.399695,    -0.014094,
  1710.300,     0.251088,     0.466908,    -0.012262,
  1710.350,     0.064087,     0.427609,    -0.011273,
  1710.400,    -0.116652,     0.349779,    -0.010043,
  1710.450,    -0.265014,     0.249391,    -0.009062,
  1710.500,    -0.354196,     0.267603,    -0.005085,
  1710.550,    -0.350969,     0.425202,    -0.009615,
  1710.600,    -0.318966,     0.670064,    -0.003241,
  1710.650,    -0.238045,     0.961431,    -0.000949,
  1710.700,    -0.101319,     1.192651,    -0.004124,
  1710.750,     0.073669,     1.314931,     0.002412,
  1710.800,     0.253365,     1.339182,     0.000729,
  1710.850,     0.441588,     1.279172,     0.008438,
  1710.900,     0.581475,     1.094842,     0.004674,
  1710.950,     0.672748,     0.915425,     0.004447,
  1711.000,     0.689496,     0.741791,     0.006758,
  1711.050,     0.694072,     0.671570,     0.015610,
  1711.100,     0.641396,     0.663055,     0.005279,
  1711.150,     0.546482,     0.693004,     0.004896,
  1711.200,     0.423245,     0.829999,     0.012931,
  1711.250,     0.327573,     1.120037,     0.009710,
  1711.300,     0.253097,     1.462619,     0.004873,
  1711.350,     0.182242,     1.783571,     0.002155,
  1711.400,     0.082761,     1.975077,     0.004604,
  1711.450,    -0.011476,     1.983953,     0.000532,
  1711.500,    -0.105521,     1.791444,     0.000704,
  1711.550,    -0.112152,     1.416287,    -0.001706,
  1711.600,    -0.060433,     0.902035,     0.000007,
  1711.650,     0.122998,     0.412966,    -0.002768,
  1711.700,     0.359563,     0.053998,    -0.013241,
  1711.750,     0.620985,    -0.022020,    -0.003097,
  1711.800,     0.836154,     0.139481,    -0.008660,
  1711.850,     0.984519,     0.468412,    -0.008700,
  1711.900,     0.947027,     0.870126,    -0.010205,
  1711.950,     0.824822,     1.249804,    -0.008508,
  1712.000,     0.635694,     1.590034,    -0.013736,
  1712.050,     0.377731,     1.757380,    -0.011517,
  1712.100,     0.141808,     1.704202,    -0.011137,
  1712.150,    -0.065258,     1.456662,    -0.005271,
  1712.200,    -0.209406,     1.053388,    -0.010545,
  1712.250,    -0.252198,     0.622955,    -0.006723,
  1712.300,    -0.218294,     0.310986,    -0.012028,
  1712.350,    -0.157598,     0.108602,    -0.006018,
  1712.400,    -0.046189,     0.160012,    -0.007100,
  1712.450,     0.100776,     0.437557,    -0.003422,
  1712.500,     0.217571,     0.908591,    -0.005122,
  1712.550,     0.279116,     1.471358,    -0.002801,
  1712.600,     0.264314,     1.942300,    -0.002378,
  1712.650,     0.243146,     2.241039,     0.001652,
  1712.700,     0.196121,     2.315176,    -0.001431,
  1712.750,     0.212866,     2.166940,    -0.002546,
  1712.800,     0.246728,     1.869105,    -0.000245,
  1712.850,     0.321591,     1.530207,    -0.000959,
  1712.900,     0.416896,     1.262102,     0.004352,
  1712.950,     0.529740,     1.160561,     0.009004,
  1713.000,     0.602346,     1.214127,     0.005872,
  1713.050,     0.623303,     1.422144,     0.002003,
  1713.100,     0.498185,     1.647660,     0.002324,
  1713.150,     0.364447,     1.855765,     0.000638,
  1713.200,     0.225353,     1.931107,     0.001030,
  1713.250,     0.135813,     1.816466,     0.000463,
  1713.300,     0.100594,     1.621859,    -0.003291,
  1713.350,     0.118085,     1.351444,    -0.004741,
  1713.400,     0.168694,     1.063327,    -0.008746,
  1713.450,     0.232411,     0.848513,    -0.000239,
  1713.500,     0.331136,     0.704341,    -0.004133,
  1713.550,     0.381224,     0.688907,    -0.002424,
  1713.600,     0.429936,     0.819090,     0.001821,
  1713.650,     0.442274,     1.103136,    -0.004136,
  1713.700,     0.411705,     1.409114,    -0.008627,
  1713.750,     0.393037,     1.692225,    -0.004696,
  1713.800,     0.393887,     1.811971,    -0.009140,
  1713.850,     0.396432,     1.754821,    -0.003021,
  1713.900,     0.380974,     1.591743,    -0.007920,
  1713.950,     0.295891,     1.231281,    -0.009371,
  1714.000,     0.119148,     0.797407,    -0.006508,
  1714.050,    -0.039440,     0.365158,    -0.010878,
  1714.100,    -0.180666,     0.034516,    -0.007191,
  1714.150,    -0.257579,    -0.026658,    -0.004761,
  1714.200,    -0.276822,     0.184675,    -0.007679,
  1714.250,    -0.220402,     0.606210,     0.001757,
  1714.300,    -0.140540,     1.089649,     0.002969,
  1714.350,    -0.029832,     1.490815,    -0.008959,
  1714.400,     0.016088,     1.707233,    -0.006782,
  1714.450,     0.034015,     1.719465,    -0.002439,
  1714.500,     0.032734,     1.513489,    -0.001242,
  1714.550,     0.069621,     1.197705,    -0.002388,
  1714.600,     0.168899,     0.856871,    -0.002595,
  1714.650,     0.248350,     0.634544,     0.001351,
  1714.700,     0.374163,     0.617475,     0.006633,
  1714.750,     0.420744,     0.725275,     0.004445,
  1714.800,     0.438422,     0.924123,     0.000689,
  1714.850,     0.363224,     1.106387,     0.000726,
  1714.900,     0.249649,     1.103005,     0.002319,
  1714.950,     0.093231,     0.913411,     0.007511,
  1715.000,    -0.060590,     0.530180,     0.007570,
  1715.050,    -0.143133,     0.134683,     0.004249,
  1715.100,    -0.141598,    -0.269910,     0.001105,
  1715.150,    -0.091189,    -0.557224,    -0.003275,
  1715.200,    -0.000292,    -0.683033,    -0.005928,
  1715.250,     0.098236,    -0.571705,    -0.007352,
  1715.300,     0.209391,    -0.304670,    -0.007712,
  1715.350,     0.367757,     0.078485,    -0.009592,
  1715.400,     0.480447,     0.538393,    -0.005894,
  1715.450,     0.512774,     1.028427,    -0.002687,
  1715.500,     0.476160,     1.502242,    -0.003403,
  1715.550,     0.351062,     1.844738,    -0.003937,
  1715.600,     0.173465,     1.933996,    -0.007276,
  1715.650,    -0.023634,     1.728565,    -0.009736,
  1715.700,    -0.188042,     1.229859,    -0.007024,
  1715.750,    -0.287964,     0.540926,    -0.011547,
  1715.800,    -0.216258,    -0.165826,    -0.013198,
  1715.850,    -0.079369,    -0.740224,    -0.009386,
  1715.900,     0.124428,    -1.057480,    -0.014082,
  1715.950,     0.312672,    -1.035766,    -0.011912,
  1716.000,     0.457789,    -0.629646,    -0.012040,
  1716.050,     0.568227,     0.073212,    -0.006633,
  1716.100,     0.620404,     0.854730,    -0.005305,
  1716.150,     0.559890,     1.581930,    -0.005175,
  1716.200,     0.441162,     2.064901,    -0.008189,
  1716.250,     0.245774,     2.253151,    -0.004492,
  1716.300,     0.086108,     2.119534,     0.000307,
  1716.350,    -0.029126,     1.736978,     0.004911,
  1716.400,    -0.048302,     1.250300,     0.002818,
  1716.450,     0.006021,     0.746373,     0.007222,
  1716.500,     0.171875,     0.391037,     0.010082,
  1716.550,     0.411573,     0.223613,    -0.000374,
  1716.600,     0.663987,     0.227837,     0.006100,
  1716.650,     0.868974,     0.283777,     0.009443,
  1716.700,     0.914202,     0.363875,     0.007393,
  1716.750,     0.831706,     0.414411,     0.009517,
  1716.800,     0.635954,     0.382238,     0.001015,
  1716.850,     0.342440,     0.386000,     0.010978,
  1716.900,     0.119438,     0.413724,    -0.002916,
  1716.950,    -0.087837,     0.532464,     0.003448,
  1717.000,    -0.115886,     0.767610,    -0.003126,
  1717.050,    -0.056564,     1.103108,     0.003537,
  1717.100,     0.093741,     1.447134,    -0.010868,
  1717.150,     0.252273,     1.758704,    -0.004740,
  1717.200,     0.404925,     1.913312,    -0.009020,
  1717.250,     0.444758,     1.989301,    -0.008594,
  1717.300,     0.355198,     1.956454,    -0.011730,
  1717.350,     0.246205,     1.767766,    -0.013600,
  1717.400,     0.078233,     1.530295,    -0.014248,
  1717.450,    -0.039424,     1.168417,    -0.015439,
  1717.500,    -0.102125,     0.812636,    -0.012746,
  1717.550,    -0.178095,     0.407275,    -0.008452,
  1717.600,    -0.132501,     0.038021,    -0.012310,
  1717.650,    -0.036893,    -0.290806,    -0.010850,
  1717.700,     0.095067,    -0.475594,    -0.009286,
  1717.750,     0.249042,    -0.410213,    -0.006203,
  1717.800,     0.401180,    -0.052088,    -0.007470,
  1717.850,     0.421741,     0.457475,    -0.008103,
  1717.900,     0.369133,     0.988306,    -0.004625,
  1717.950,     0.285876,     1.415740,    -0.006084,
  1718.000,     0.069197,     1.668179,    -0.005084,
  1718.050,    -0.137692,     1.705765,     0.002007,
  1718.100,    -0.349233,     1.583977,     0.006927,
  1718.150,    -0.431355,     1.329943,     0.005070,
  1718.200,    -0.453244,     1.036802,     0.005001,
  1718.250,    -0.249856,     0.768220,     0.007157,
  1718.300,     0.026110,     0.553401,     0.004271,
  1718.350,     0.304824,     0.472896,     0.002140,
  1718.400,     0.503409,     0.491900,     0.010717,
  1718.450,     0.578732,     0.624468,     0.007818,
  1718.500,     0.518414,     0.761028,     0.006946,
  1718.550,     0.328810,     0.885877,    -0.000484,
  1718.600,     0.112916,     0.965360,     0.005151,
  1718.650,    -0.078266,     1.019752,    -0.000134,
  1718.700,    -0.143908,     1.055398,     0.000109,
  1718.750,    -0.055510,     1.122704,     0.002573,
  1718.800,     0.148785,     1.344286,    -0.000890,
  1718.850,     0.416733,     1.613377,    -0.001960,
  1718.900,     0.679579,     1.994283,    -0.009996,
  1718.950,     0.810083,     2.344918,    -0.007277,
  1719.000,     0.799181,     2.580013,    -0.012037,
  1719.050,     0.671693,     2.720220,    -0.015808,
  1719.100,     0.539269,     2.634843,    -0.013729,
  1719.150,     0.402710,     2.351094,    -0.013292,
  1719.200,     0.321849,     1.910511,    -0.009208,
  1719.250,     0.339847,     1.332618,    -0.013068,
  1719.300,     0.485738,     0.717710,    -0.009603,
  1719.350,     0.666952,     0.149211,    -0.012493,
  1719.400,     0.855197,    -0.231224,    -0.009850,
  1719.450,     0.969442,    -0.365955,    -0.004364,
  1719.500,     1.072476,    -0.252983,    -0.005054,
  1719.550,     1.120071,     0.065889,    -0.001707,
  1719.600,     1.057583,     0.584058,     0.000613,
  1719.650,     0.936576,     1.177586,     0.001091,
  1719.700,     0.651898,     1.803306,     0.008055,
  1719.750,     0.243918,     2.287425,     0.002692,
  1719.800,    -0.196540,     2.540220,     0.006783,
  1719.850,    -0.575662,     2.506058,     0.001390,
  1719.900,    -0.808623,     2.308830,     0.006305,
  1719.950,    -0.917489,     1.970036,     0.001569,
  1720.000,    -0.815659,     1.608460,     0.004644,

