Time_abs/ps, Signal 1/nA, Ref.signal 1/nA, Signal 2/nA, Ref.signal 2/nA
  1600.000,    -0.018938,     0.007615,    -0.000816,
  1600.050,     0.001326,    -0.004646,     0.003122,
  1600.100,     0.003290,     0.011497,    -0.006670,
  1600.150,     0.009578,    -0.005388,     0.005402,
  1600.200,     0.004743,    -0.009079,    -0.001038,
  1600.250,    -0.004762,    -0.022884,     0.002834,
  1600.300,     0.022736,    -0.011605,     0.002356,
  1600.350,     0.014672,     0.000561,     0.007847,
  1600.400,    -0.005828,     0.010459,     0.005342,
  1600.450,     0.024819,     0.008771,     0.004987,
  1600.500,    -0.007631,    -0.000034,     0.004307,
  1600.550,     0.010952,    -0.009125,     0.005232,
  1600.600,    -0.016890,    -0.021215,     0.004428,
  1600.650,    -0.000969,    -0.028924,     0.000774,
  1600.700,     0.007984,    -0.024922,     0.005414,
  1600.750,     0.014165,    -0.033412,     0.001116,
  1600.800,     0.002528,    -0.027306,     0.001917,
  1600.850,     0.008961,    -0.001638,     0.001478,
  1600.900,     0.012630,    -0.017430,     0.002622,
  1600.950,    -0.000720,    -0.006954,     0.002102,
  1601.000,     0.013640,    -0.025601,     0.001863,
  1601.050,     0.004716,    -0.025349,     0.000791,
  1601.100,     0.008350,    -0.009534,     0.009266,
  1601.150,    -0.009956,    -0.028449,     0.002889,
  1601.200,     0.004653,    -0.018410,    -0.000506,
  1601.250,    -0.000179,    -0.022588,     0.001722,
  1601.300,    -0.014326,    -0.037640,     0.004913,
  1601.350,    -0.002535,    -0.024145,     0.007816,
  1601.400,    -0.006777,    -0.019708,    -0.006269,
  1601.450,     0.012858,    -0.036830,     0.003280,
  1601.500,    -0.016074,    -0.020360,     0.004833,
  1601.550,     0.013487,    -0.021295,    -0.004328,
  1601.600,    -0.018240,    -0.019094,     0.000851,
  1601.650,    -0.011378,    -0.038961,     0.002163,
  1601.700,    -0.006451,    -0.039712,     0.004340,
  1601.750,     0.014625,    -0.046448,     0.001753,
  1601.800,     0.015529,    -0.049859,     0.000543,
  1601.850,     0.012321,    -0.056273,     0.006875,
  1601.900,    -0.006676,    -0.066449,     0.008514,
  1601.950,     0.022716,    -0.072077,     0.005369,
  1602.000,     0.006483,    -0.063971,     0.003791,
  1602.050,     0.008039,    -0.049452,     0.004359,
  1602.100,    -0.005480,    -0.059367,     0.000023,
  1602.150,     0.013959,    -0.063293,     0.002824,
  1602.200,    -0.007944,    -0.057947,     0.007022,
  1602.250,    -0.002964,    -0.047525,    -0.003528,
  1602.300,    -0.011878,    -0.066134,     0.000671,
  1602.350,     0.011631,    -0.074133,    -0.005647,
  1602.400,     0.005518,    -0.077379,     0.002387,
  1602.450,    -0.004728,    -0.060169,     0.006676,
  1602.500,     0.011037,    -0.080268,     0.001441,
  1602.550,    -0.002929,    -0.067907,     0.006636,
  1602.600,     0.008862,    -0.099132,     0.010745,
  1602.650,     0.016928,    -0.079462,     0.006256,
  1602.700,     0.019805,    -0.061615,     0.004830,
  1602.750,     0.006744,    -0.055587,     0.004088,
  1602.800,     0.005086,    -0.049285,    -0.000477,
  1602.850,    -0.003850,    -0.061351,     0.003608,
  1602.900,    -0.008692,    -0.051576,     0.006407,
  1602.950,     0.018400,    -0.030425,     0.003241,
  1603.000,     0.017259,    -0.045516,     0.003971,
  1603.050,     0.001288,    -0.046597,     0.005233,
  1603.100,     0.009065,    -0.041525,    -0.002333,
  1603.150,     0.014738,    -0.058770,    -0.005858,
  1603.200,    -0.007470,    -0.067038,    -0.001897,
  1603.250,    -0.007640,    -0.060943,     0.000456,
  1603.300,     0.000202,    -0.046130,    -0.000246,
  1603.350,     0.016069,    -0.044856,     0.000904,
  1603.400,    -0.008114,    -0.048941,     0.004449,
  1603.450,     0.000136,    -0.057768,     0.006267,
  1603.500,     0.004366,    -0.061647,     0.004123,
  1603.550,    -0.000917,    -0.072860,     0.004736,
  1603.600,    -0.002691,    -0.050958,     0.005955,
  1603.650,     0.005635,    -0.058043,     0.001031,
  1603.700,     0.002564,    -0.046480,     0.003139,
  1603.750,    -0.007260,    -0.039911,     0.006065,
  1603.800,     0.008451,    -0.055079,     0.004415,
  1603.850,    -0.007332,    -0.055890,     0.005990,
  1603.900,    -0.018205,    -0.060794,     0.004283,
  1603.950,    -0.032902,    -0.056321,     0.000363,
  1604.000,    -0.034277,    -0.053461,     0.001509,
  1604.050,    -0.009590,    -0.061511,    -0.002032,
  1604.100,    -0.034462,    -0.073083,     0.000780,
  1604.150,    -0.016010,    -0.058812,     0.002542,
  1604.200,    -0.010571,    -0.056921,     0.000676,
  1604.250,    -0.023865,    -0.052816,    -0.003427,
  1604.300,    -0.011418,    -0.051204,     0.006945,
  1604.350,    -0.007196,    -0.050098,     0.001553,
  1604.400,    -0.018041,    -0.051308,     0.005046,
  1604.450,    -0.008401,    -0.055452,     0.010554,
  1604.500,    -0.019156,    -0.068069,     0.010827,
  1604.550,    -0.032099,    -0.050001,     0.005044,
  1604.600,    -0.011042,    -0.060544,     0.009087,
  1604.650,    -0.014918,    -0.066102,     0.002456,
  1604.700,    -0.014680,    -0.067510,    -0.003172,
  1604.750,    -0.035190,    -0.069713,     0.000828,
  1604.800,     0.002309,    -0.075049,     0.004424,
  1604.850,    -0.010823,    -0.068252,     0.002667,
  1604.900,    -0.024875,    -0.068048,     0.001819,
  1604.950,    -0.016150,    -0.057182,    -0.006561,
  1605.000,     0.002629,    -0.074073,     0.000591,
  1605.050,     0.006586,    -0.073767,    -0.000882,
  1605.100,     0.024001,    -0.058804,    -0.000261,
  1605.150,     0.015852,    -0.074817,     0.003257,
  1605.200,     0.009634,    -0.054424,     0.008205,
  1605.250,     0.026042,    -0.059604,     0.005794,
  1605.300,     0.025670,    -0.073760,     0.006800,
  1605.350,     0.007025,    -0.080658,     0.012308,
  1605.400,     0.008837,    -0.064059,     0.010988,
  1605.450,     0.018893,    -0.066206,     0.009252,
  1605.500,     0.017124,    -0.061892,     0.009167,
  1605.550,     0.002810,    -0.056416,     0.004175,
  1605.600,     0.008451,    -0.060449,     0.003763,
  1605.650,     0.008902,    -0.062375,     0.004148,
  1605.700,     0.005293,    -0.064690,     0.005475,
  1605.750,     0.011320,    -0.067201,     0.004608,
  1605.800,     0.010569,    -0.053317,     0.001705,
  1605.850,    -0.009611,    -0.075328,     0.008590,
  1605.900,    -0.004038,    -0.081720,     0.001034,
  1605.950,     0.004560,    -0.084957,    -0.002097,
  1606.000,     0.011742,    -0.063255,    -0.001134,
  1606.050,    -0.007070,    -0.061329,     0.000797,
  1606.100,     0.005128,    -0.043735,    -0.001410,
  1606.150,     0.005897,    -0.050841,    -0.002710,
  1606.200,     0.000626,    -0.062682,    -0.001862,
  1606.250,     0.005634,    -0.048538,     0.003652,
  1606.300,    -0.005729,    -0.051206,     0.005811,
  1606.350,     0.004946,    -0.056931,     0.013006,
  1606.400,     0.023659,    -0.061721,     0.005426,
  1606.450,     0.005205,    -0.077838,     0.006193,
  1606.500,     0.005604,    -0.075351,     0.004529,
  1606.550,     0.019418,    -0.045355,     0.004584,
  1606.600,     0.023591,    -0.075436,     0.009971,
  1606.650,     0.022042,    -0.075216,     0.003571,
  1606.700,     0.023329,    -0.067222,     0.000589,
  1606.750,     0.027566,    -0.063340,     0.001495,
  1606.800,     0.017765,    -0.069187,     0.001160,
  1606.850,     0.009363,    -0.065506,     0.000011,
  1606.900,     0.012084,    -0.051772,     0.004716,
  1606.950,     0.019181,    -0.049198,    -0.000094,
  1607.000,     0.028955,    -0.044549,     0.001219,
  1607.050,     0.002950,    -0.057717,     0.002656,
  1607.100,     0.012887,    -0.057853,    -0.000348,
  1607.150,     0.017426,    -0.075347,    -0.003973,
  1607.200,     0.024180,    -0.075670,     0.005824,
  1607.250,     0.024033,    -0.067853,     0.006913,
  1607.300,     0.019276,    -0.065862,     0.003184,
  1607.350,     0.011042,    -0.091792,     0.005862,
  1607.400,     0.019545,    -0.095613,     0.003877,
  1607.450,     0.005373,    -0.089350,     0.002976,
  1607.500,     0.044868,    -0.075400,     0.006867,
  1607.550,     0.025064,    -0.104859,     0.011762,
  1607.600,     0.035972,    -0.098777,     0.005075,
  1607.650,     0.029751,    -0.092790,     0.005368,
  1607.700,     0.023081,    -0.102410,     0.003987,
  1607.750,     0.014995,    -0.103796,     0.003120,
  1607.800,     0.007784,    -0.101278,     0.001569,
  1607.850,     0.008770,    -0.124529,     0.001964,
  1607.900,     0.031933,    -0.136633,     0.004806,
  1607.950,     0.022521,    -0.124998,    -0.000867,
  1608.000,     0.031690,    -0.137278,     0.000265,
  1608.050,     0.036129,    -0.131250,     0.005624,
  1608.100,     0.028182,    -0.141260,    -0.002305,
  1608.150,     0.044281,    -0.161652,     0.002554,
  1608.200,     0.028391,    -0.162870,     0.000276,
  1608.250,     0.034359,    -0.156415,     0.004883,
  1608.300,     0.036106,    -0.147483,     0.002360,
  1608.350,     0.034930,    -0.147606,     0.001922,
  1608.400,     0.026323,    -0.157783,    -0.000245,
  1608.450,     0.029358,    -0.149063,     0.000477,
  1608.500,     0.024659,    -0.130967,     0.008064,
  1608.550,     0.038079,    -0.132564,     0.005628,
  1608.600,     0.037187,    -0.131408,     0.004745,
  1608.650,     0.027310,    -0.119437,     0.008850,
  1608.700,     0.043152,    -0.132012,     0.008677,
  1608.750,     0.036059,    -0.130531,     0.003146,
  1608.800,     0.025011,    -0.127366,     0.007770,
  1608.850,     0.048229,    -0.114349,     0.010676,
  1608.900,     0.042401,    -0.118084,    -0.003137,
  1608.950,     0.037288,    -0.108535,    -0.001263,
  1609.000,     0.062750,    -0.122791,     0.008773,
  1609.050,     0.041960,    -0.112637,     0.003644,
  1609.100,     0.029572,    -0.100752,    -0.003549,
  1609.150,     0.020550,    -0.101737,     0.001881,
  1609.200,     0.025835,    -0.083625,     0.001720,
  1609.250,     0.025184,    -0.090299,     0.005858,
  1609.300,     0.025496,    -0.092264,     0.006844,
  1609.350,     0.036070,    -0.063074,     0.000870,
  1609.400,     0.034201,    -0.072413,    -0.000292,
  1609.450,     0.031513,    -0.097468,     0.001979,
  1609.500,     0.025612,    -0.062004,     0.004055,
  1609.550,     0.027251,    -0.074665,     0.006282,
  1609.600,     0.032377,    -0.082541,     0.006907,
  1609.650,     0.051394,    -0.095405,     0.002023,
  1609.700,     0.021127,    -0.072481,     0.007254,
  1609.750,     0.034665,    -0.073364,     0.008896,
  1609.800,     0.035784,    -0.048757,     0.003193,
  1609.850,     0.025234,    -0.050317,     0.002162,
  1609.900,     0.040379,    -0.050132,     0.005999,
  1609.950,     0.053654,    -0.052159,     0.003232,
  1610.000,     0.021036,    -0.076507,     0.000300,
  1610.050,     0.033908,    -0.090168,     0.001124,
  1610.100,     0.042441,    -0.092489,    -0.001257,
  1610.150,     0.050548,    -0.092585,     0.000319,
  1610.200,     0.038259,    -0.087222,     0.001042,
  1610.250,     0.040810,    -0.102442,    -0.003975,
  1610.300,     0.047293,    -0.110517,    -0.002286,
  1610.350,     0.045090,    -0.117500,     0.009215,
  1610.400,     0.018360,    -0.123959,     0.009279,
  1610.450,     0.035192,    -0.132789,     0.007808,
  1610.500,     0.033308,    -0.137259,     0.007660,
  1610.550,     0.045237,    -0.141640,     0.008578,
  1610.600,     0.027710,    -0.131035,     0.004023,
  1610.650,     0.023901,    -0.137492,    -0.000855,
  1610.700,     0.028721,    -0.131505,     0.004938,
  1610.750,     0.011651,    -0.161033,     0.005825,
  1610.800,     0.037222,    -0.172221,     0.002168,
  1610.850,     0.040469,    -0.194941,     0.011889,
  1610.900,     0.032867,    -0.172747,     0.007392,
  1610.950,     0.021947,    -0.179672,     0.001104,
  1611.000,     0.019264,    -0.196484,    -0.002295,
  1611.050,     0.027317,    -0.217035,     0.003290,
  1611.100,     0.035781,    -0.213329,     0.002629,
  1611.150,     0.043655,    -0.239635,     0.005898,
  1611.200,     0.053087,    -0.240099,     0.003084,
  1611.250,     0.055254,    -0.215287,    -0.000671,
  1611.300,     0.042570,    -0.217257,     0.001160,
  1611.350,     0.028089,    -0.223915,     0.004046,
  1611.400,     0.024386,    -0.225158,     0.006931,
  1611.450,     0.012334,    -0.227445,    -0.000413,
  1611.500,     0.018997,    -0.219021,     0.002487,
  1611.550,     0.029767,    -0.196926,     0.010224,
  1611.600,     0.032857,    -0.221091,     0.009868,
  1611.650,     0.016873,    -0.212736,     0.003928,
  1611.700,     0.004240,    -0.199161,     0.008872,
  1611.750,    -0.003080,    -0.192209,     0.011141,
  1611.800,     0.003314,    -0.199529,     0.002515,
  1611.850,     0.004183,    -0.174264,    -0.000010,
  1611.900,    -0.001814,    -0.168421,     0.002743,
  1611.950,    -0.003633,    -0.185613,     0.000975,
  1612.000,     0.003775,    -0.193127,    -0.001287,
  1612.050,    -0.015842,    -0.202004,     0.001545,
  1612.100,    -0.019368,    -0.203686,     0.002697,
  1612.150,    -0.005659,    -0.192196,    -0.001056,
  1612.200,    -0.031523,    -0.228909,    -0.004286,
  1612.250,    -0.028652,    -0.217702,    -0.000635,
  1612.300,    -0.021902,    -0.218946,     0.004398,
  1612.350,    -0.028345,    -0.226065,    -0.002276,
  1612.400,    -0.032488,    -0.209106,    -0.005105,
  1612.450,    -0.023293,    -0.219318,     0.005144,
  1612.500,    -0.001119,    -0.206316,     0.006742,
  1612.550,     0.013251,    -0.213026,     0.006768,
  1612.600,    -0.003513,    -0.230964,     0.003303,
  1612.650,     0.012104,    -0.237960,     0.011327,
  1612.700,     0.021716,    -0.240506,     0.011049,
  1612.750,     0.014612,    -0.236160,     0.010717,
  1612.800,     0.004969,    -0.233167,     0.007046,
  1612.850,     0.023572,    -0.256656,     0.005448,
  1612.900,     0.017022,    -0.239617,     0.010189,
  1612.950,     0.006639,    -0.245471,     0.004546,
  1613.000,    -0.000435,    -0.262886,     0.002893,
  1613.050,    -0.001251,    -0.251333,    -0.002566,
  1613.100,     0.000142,    -0.256567,     0.001634,
  1613.150,     0.011882,    -0.244889,    -0.000552,
  1613.200,     0.008950,    -0.267568,     0.002372,
  1613.250,    -0.005575,    -0.263436,     0.003898,
  1613.300,     0.002474,    -0.261406,     0.003540,
  1613.350,     0.013658,    -0.262316,     0.002916,
  1613.400,     0.014383,    -0.263597,     0.000885,
  1613.450,     0.009975,    -0.263895,    -0.001898,
  1613.500,     0.017572,    -0.253962,     0.002688,
  1613.550,     0.020432,    -0.267384,     0.001793,
  1613.600,     0.017013,    -0.282852,     0.005539,
  1613.650,     0.012866,    -0.294390,     0.000790,
  1613.700,     0.019192,    -0.269291,     0.007371,
  1613.750,     0.032565,    -0.296063,     0.009742,
  1613.800,     0.037213,    -0.295676,     0.005039,
  1613.850,     0.038858,    -0.290447,     0.003357,
  1613.900,     0.028374,    -0.308364,     0.007258,
  1613.950,     0.024284,    -0.311033,     0.004790,
  1614.000,     0.019143,    -0.298176,     0.006975,
  1614.050,     0.022301,    -0.320096,     0.000016,
  1614.100,     0.016613,    -0.327092,    -0.001862,
  1614.150,     0.006052,    -0.336267,    -0.000200,
  1614.200,     0.028131,    -0.347295,     0.002055,
  1614.250,     0.027168,    -0.345886,    -0.001670,
  1614.300,     0.030299,    -0.330335,    -0.001626,
  1614.350,     0.025432,    -0.335595,     0.003563,
  1614.400,     0.017390,    -0.326397,    -0.000731,
  1614.450,     0.012491,    -0.335081,     0.003258,
  1614.500,     0.016675,    -0.341281,    -0.002253,
  1614.550,    -0.001418,    -0.341916,    -0.001439,
  1614.600,     0.005156,    -0.342900,     0.003684,
  1614.650,    -0.010186,    -0.342125,     0.006291,
  1614.700,     0.006172,    -0.318097,     0.007074,
  1614.750,    -0.002152,    -0.315540,     0.008230,
  1614.800,    -0.000459,    -0.298863,     0.002056,
  1614.850,     0.001592,    -0.298416,     0.004839,
  1614.900,    -0.009851,    -0.312369,     0.006993,
  1614.950,    -0.008454,    -0.298750,     0.003141,
  1615.000,    -0.023220,    -0.299329,     0.003321,
  1615.050,    -0.041848,    -0.316875,     0.009126,
  1615.100,    -0.025751,    -0.339941,     0.008048,
  1615.150,    -0.014968,    -0.354372,     0.001457,
  1615.200,    -0.027859,    -0.349586,    -0.002085,
  1615.250,    -0.030709,    -0.375272,    -0.002383,
  1615.300,    -0.024748,    -0.391255,    -0.003664,
  1615.350,    -0.035613,    -0.412063,     0.000400,
  1615.400,    -0.054712,    -0.422098,     0.001936,
  1615.450,    -0.053074,    -0.408363,     0.000691,
  1615.500,    -0.034866,    -0.404922,    -0.002390,
  1615.550,    -0.017211,    -0.411461,     0.002821,
  1615.600,    -0.023693,    -0.401083,     0.002287,
  1615.650,    -0.050022,    -0.408784,    -0.001594,
  1615.700,    -0.033009,    -0.415894,     0.005853,
  1615.750,    -0.030347,    -0.406058,     0.007323,
  1615.800,    -0.013988,    -0.429032,     0.003964,
  1615.850,    -0.014105,    -0.454615,     0.006700,
  1615.900,    -0.033054,    -0.455064,     0.004858,
  1615.950,    -0.024708,    -0.455368,     0.004872,
  1616.000,    -0.022471,    -0.466990,     0.005837,
  1616.050,    -0.023627,    -0.474880,     0.001171,
  1616.100,    -0.012858,    -0.480263,     0.000782,
  1616.150,    -0.020350,    -0.480738,     0.004497,
  1616.200,    -0.026582,    -0.476577,     0.003217,
  1616.250,    -0.032158,    -0.483261,    -0.001994,
  1616.300,    -0.039715,    -0.490949,    -0.000274,
  1616.350,    -0.022623,    -0.490765,     0.001626,
  1616.400,    -0.037396,    -0.495713,     0.005333,
  1616.450,    -0.052506,    -0.492477,     0.002349,
  1616.500,    -0.043555,    -0.503176,     0.002561,
  1616.550,    -0.037183,    -0.526755,     0.005859,
  1616.600,    -0.046579,    -0.506274,     0.005929,
  1616.650,    -0.050148,    -0.492097,    -0.002169,
  1616.700,    -0.036826,    -0.494707,     0.003749,
  1616.750,    -0.051211,    -0.491688,     0.006016,
  1616.800,    -0.066420,    -0.491173,     0.003207,
  1616.850,    -0.043478,    -0.493725,    -0.001119,
  1616.900,    -0.041824,    -0.487156,     0.002787,
  1616.950,    -0.052895,    -0.489569,     0.001491,
  1617.000,    -0.036815,    -0.506868,     0.002461,
  1617.050,    -0.048830,    -0.487291,     0.005255,
  1617.100,    -0.063663,    -0.474220,     0.002290,
  1617.150,    -0.049147,    -0.483483,    -0.000282,
  1617.200,    -0.063244,    -0.473541,     0.000146,
  1617.250,    -0.048463,    -0.474562,     0.007338,
  1617.300,    -0.058609,    -0.456456,     0.006502,
  1617.350,    -0.079617,    -0.446705,     0.004431,
  1617.400,    -0.083087,    -0.459078,     0.000921,
  1617.450,    -0.065011,    -0.445847,     0.002108,
  1617.500,    -0.063085,    -0.438835,     0.007454,
  1617.550,    -0.067388,    -0.433537,     0.010985,
  1617.600,    -0.079901,    -0.436497,     0.010476,
  1617.650,    -0.084521,    -0.418269,     0.007643,
  1617.700,    -0.076071,    -0.416141,     0.004015,
  1617.750,    -0.080757,    -0.407228,     0.005324,
  1617.800,    -0.092976,    -0.401720,     0.004516,
  1617.850,    -0.083707,    -0.380863,     0.001062,
  1617.900,    -0.098877,    -0.371745,    -0.000677,
  1617.950,    -0.111160,    -0.338327,     0.001380,
  1618.000,    -0.117826,    -0.281234,    -0.000268,
  1618.050,    -0.116510,    -0.232384,    -0.000266,
  1618.100,    -0.115490,    -0.193871,     0.002375,
  1618.150,    -0.120067,    -0.161821,    -0.001211,
  1618.200,    -0.144959,    -0.119875,    -0.003236,
  1618.250,    -0.123909,    -0.077524,    -0.002887,
  1618.300,    -0.134501,    -0.071774,    -0.001311,
  1618.350,    -0.124552,    -0.087374,     0.001213,
  1618.400,    -0.132421,    -0.196099,     0.005025,
  1618.450,    -0.133464,    -0.348139,     0.005704,
  1618.500,    -0.119729,    -0.610612,     0.006521,
  1618.550,    -0.105379,    -0.952923,     0.004351,
  1618.600,    -0.120086,    -1.333053,     0.005291,
  1618.650,    -0.110206,    -1.743931,     0.005149,
  1618.700,    -0.116716,    -2.126887,     0.001640,
  1618.750,    -0.121926,    -2.394161,     0.010964,
  1618.800,    -0.114184,    -2.457728,     0.007098,
  1618.850,    -0.126055,    -2.309845,     0.006028,
  1618.900,    -0.115741,    -1.995652,     0.008251,
  1618.950,    -0.101521,    -1.602009,     0.008910,
  1619.000,    -0.109590,    -1.184876,     0.006171,
  1619.050,    -0.112408,    -0.797805,     0.000885,
  1619.100,    -0.106888,    -0.520714,    -0.000058,
  1619.150,    -0.121154,    -0.297820,    -0.001521,
  1619.200,    -0.132435,    -0.164513,    -0.000346,
  1619.250,    -0.143506,    -0.133796,    -0.001452,
  1619.300,    -0.135931,    -0.141140,     0.000019,
  1619.350,    -0.147198,    -0.189173,     0.000712,
  1619.400,    -0.156548,    -0.272831,    -0.004598,
  1619.450,    -0.163913,    -0.366149,    -0.002305,
  1619.500,    -0.177257,    -0.414662,    -0.000723,
  1619.550,    -0.171833,    -0.486669,    -0.006929,
  1619.600,    -0.170003,    -0.532702,    -0.003794,
  1619.650,    -0.155591,    -0.559336,     0.003055,
  1619.700,    -0.165473,    -0.580338,     0.005406,
  1619.750,    -0.166342,    -0.589772,     0.005075,
  1619.800,    -0.152065,    -0.591029,     0.003951,
  1619.850,    -0.150540,    -0.607447,     0.004849,
  1619.900,    -0.158357,    -0.624791,     0.008646,
  1619.950,    -0.155897,    -0.651564,     0.011078,
  1620.000,    -0.157029,    -0.699427,     0.003365,
  1620.050,    -0.167286,    -0.712156,     0.006294,
  1620.100,    -0.181626,    -0.740053,     0.009731,
  1620.150,    -0.186012,    -0.779035,     0.010546,
  1620.200,    -0.205573,    -0.777557,     0.007960,
  1620.250,    -0.186240,    -0.783301,     0.004384,
  1620.300,    -0.190355,    -0.795376,     0.002305,
  1620.350,    -0.176280,    -0.762885,     0.002270,
  1620.400,    -0.169292,    -0.756703,     0.002982,
  1620.450,    -0.198295,    -0.755122,     0.007616,
  1620.500,    -0.189764,    -0.759587,     0.001294,
  1620.550,    -0.191367,    -0.770126,    -0.003753,
  1620.600,    -0.224184,    -0.762379,     0.003509,
  1620.650,    -0.205524,    -0.799293,    -0.003704,
  1620.700,    -0.186896,    -0.826538,    -0.002809,
  1620.750,    -0.207794,    -0.825007,    -0.001091,
  1620.800,    -0.185405,    -0.836559,     0.002851,
  1620.850,    -0.181238,    -0.864981,     0.001023,
  1620.900,    -0.188131,    -0.872562,     0.000497,
  1620.950,    -0.178371,    -0.863349,     0.006697,
  1621.000,    -0.197016,    -0.892779,     0.004386,
  1621.050,    -0.190344,    -0.900679,     0.000163,
  1621.100,    -0.188112,    -0.903279,     0.009833,
  1621.150,    -0.176951,    -0.929399,     0.008188,
  1621.200,    -0.161169,    -0.946151,     0.004478,
  1621.250,    -0.162124,    -0.973433,     0.006968,
  1621.300,    -0.180443,    -1.002156,     0.006614,
  1621.350,    -0.169626,    -1.031033,     0.006242,
  1621.400,    -0.168439,    -1.055723,     0.006478,
  1621.450,    -0.162699,    -1.082439,     0.011702,
  1621.500,    -0.150691,    -1.040745,     0.009976,
  1621.550,    -0.159342,    -1.007067,     0.007844,
  1621.600,    -0.174140,    -0.969472,     0.005806,
  1621.650,    -0.175399,    -0.923275,     0.000488,
  1621.700,    -0.149165,    -0.868363,     0.003493,
  1621.750,    -0.137324,    -0.839668,     0.002383,
  1621.800,    -0.152106,    -0.839075,    -0.001809,
  1621.850,    -0.151326,    -0.835832,    -0.004534,
  1621.900,    -0.141617,    -0.868083,    -0.003221,
  1621.950,    -0.141221,    -0.905803,     0.002566,
  1622.000,    -0.138336,    -0.925178,    -0.002803,
  1622.050,    -0.109432,    -0.925425,    -0.008078,
  1622.100,    -0.104242,    -0.933014,    -0.001891,
  1622.150,    -0.092897,    -0.943333,    -0.002159,
  1622.200,    -0.079039,    -0.946160,    -0.000322,
  1622.250,    -0.047792,    -0.947706,     0.007386,
  1622.300,    -0.017453,    -0.936598,     0.004132,
  1622.350,    -0.010085,    -0.911204,     0.002672,
  1622.400,     0.009297,    -0.902913,     0.002866,
  1622.450,     0.013652,    -0.885350,     0.007608,
  1622.500,    -0.001614,    -0.852988,     0.005625,
  1622.550,    -0.027975,    -0.809969,     0.005884,
  1622.600,    -0.120856,    -0.785377,     0.009847,
  1622.650,    -0.274979,    -0.742969,     0.012937,
  1622.700,    -0.434886,    -0.686576,     0.009976,
  1622.750,    -0.649668,    -0.613374,     0.009364,
  1622.800,    -0.893661,    -0.510101,     0.009671,
  1622.850,    -1.094548,    -0.403846,     0.006760,
  1622.900,    -1.204777,    -0.275957,     0.006382,
  1622.950,    -1.208845,    -0.136301,     0.006850,
  1623.000,    -1.129533,    -0.013895,     0.003005,
  1623.050,    -0.911470,     0.097326,    -0.000547,
  1623.100,    -0.626670,     0.115637,    -0.001089,
  1623.150,    -0.381138,     0.008123,    -0.001102,
  1623.200,    -0.170982,    -0.326249,    -0.007524,
  1623.250,    -0.000486,    -1.001347,    -0.002284,
  1623.300,     0.106378,    -2.122518,    -0.000340,
  1623.350,     0.143804,    -3.843026,    -0.001575,
  1623.400,     0.157005,    -6.190226,     0.000648,
  1623.450,     0.117017,    -9.079033,     0.000142,
  1623.500,     0.048139,   -12.222148,    -0.004914,
  1623.550,    -0.013909,   -15.132563,     0.002224,
  1623.600,    -0.071731,   -17.125555,     0.009293,
  1623.650,    -0.131722,   -17.493563,     0.006343,
  1623.700,    -0.160892,   -15.827166,     0.002873,
  1623.750,    -0.205851,   -12.123533,     0.007188,
  1623.800,    -0.233180,    -6.997025,     0.013448,
  1623.850,    -0.219426,    -1.427215,     0.010627,
  1623.900,    -0.210625,     3.484423,     0.009293,
  1623.950,    -0.222608,     6.934489,     0.010163,
  1624.000,    -0.231100,     8.513791,     0.014888,
  1624.050,    -0.245675,     8.337132,     0.008588,
  1624.100,    -0.248998,     6.748450,     0.006055,
  1624.150,    -0.266078,     4.178412,     0.006838,
  1624.200,    -0.286071,     1.205607,     0.006221,
  1624.250,    -0.306325,    -1.618595,     0.006915,
  1624.300,    -0.325908,    -3.847212,    -0.000875,
  1624.350,    -0.324631,    -5.274983,    -0.004864,
  1624.400,    -0.313692,    -5.999073,     0.000779,
  1624.450,    -0.311211,    -6.210488,     0.000793,
  1624.500,    -0.286159,    -6.037645,    -0.001227,
  1624.550,    -0.285614,    -5.448199,    -0.001946,
  1624.600,    -0.275682,    -4.513717,    -0.005587,
  1624.650,    -0.285087,    -3.507028,    -0.005503,
  1624.700,    -0.283549,    -2.713990,    -0.000452,
  1624.750,    -0.280617,    -2.169706,    -0.005253,
  1624.800,    -0.304266,    -1.805950,    -0.002773,
  1624.850,    -0.308703,    -1.469886,     0.000398,
  1624.900,    -0.306333,    -1.140785,     0.000801,
  1624.950,    -0.313020,    -0.812284,    -0.002923,
  1625.000,    -0.306593,    -0.407357,     0.002032,
  1625.050,    -0.313738,     0.132472,     0.013510,
  1625.100,    -0.319545,     0.838794,     0.007363,
  1625.150,    -0.321800,     1.727241,     0.007372,
  1625.200,    -0.305939,     2.765705,     0.011685,
  1625.250,    -0.320940,     3.889177,     0.010502,
  1625.300,    -0.337173,     5.077292,     0.006900,
  1625.350,    -0.330867,     6.273234,     0.008966,
  1625.400,    -0.354114,     7.478472,     0.003285,
  1625.450,    -0.370127,     8.746009,     0.004395,
  1625.500,    -0.397321,    10.060120,     0.003050,
  1625.550,    -0.418603,    11.467869,     0.005446,
  1625.600,    -0.399058,    13.071246,     0.000351,
  1625.650,    -0.374558,    14.898890,     0.004443,
  1625.700,    -0.349444,    17.010325,     0.006274,
  1625.750,    -0.321714,    19.501218,    -0.003473,
  1625.800,    -0.300655,    22.428147,    -0.007286,
  1625.850,    -0.284746,    25.822997,    -0.001687,
  1625.900,    -0.245059,    29.700968,    -0.002224,
  1625.950,    -0.266397,    34.164119,    -0.006696,
  1626.000,    -0.273192,    39.328189,    -0.008318,
  1626.050,    -0.282458,    45.320874,    -0.003697,
  1626.100,    -0.282965,    52.213222,    -0.001678,
  1626.150,    -0.313708,    60.173804,     0.001394,
  1626.200,    -0.328381,    69.234329,    -0.000950,
  1626.250,    -0.342964,    79.317423,    -0.001474,
  1626.300,    -0.321346,    90.147328,     0.004359,
  1626.350,    -0.312784,   101.149397,     0.004829,
  1626.400,    -0.325714,   111.240914,     0.007624,
  1626.450,    -0.317356,   118.577158,     0.009352,
  1626.500,    -0.304370,   120.330037,     0.012785,
  1626.550,    -0.290345,   112.301036,     0.010678,
  1626.600,    -0.277520,    88.936240,     0.010476,
  1626.650,    -0.259418,    43.654300,     0.010261,
  1626.700,    -0.242166,   -30.080523,     0.008468,
  1626.750,    -0.252631,  -136.599317,     0.010271,
  1626.800,    -0.229733,  -275.383844,     0.007633,
  1626.850,    -0.185449,  -438.202199,     0.001965,
  1626.900,    -0.159624,  -607.466873,     0.003089,
  1626.950,    -0.117736,  -756.832510,    -0.001973,
  1627.000,    -0.037654,  -853.304042,    -0.001620,
  1627.050,     0.016192,  -863.652525,     0.000580,
  1627.100,     0.080255,  -767.964910,    -0.002637,
  1627.150,     0.140825,  -573.556554,    -0.004862,
  1627.200,     0.174020,  -314.836492,    -0.010521,
  1627.250,     0.194298,   -38.717001,    -0.007561,
  1627.300,     0.116840,   213.204124,    -0.006538,
  1627.350,    -0.042013,   414.370761,    -0.007026,
  1627.400,    -0.381309,   551.418659,    -0.003722,
  1627.450,    -0.974478,   618.154752,    -0.006585,
  1627.500,    -1.866221,   615.650001,     0.001098,
  1627.550,    -3.098012,   555.920794,     0.003053,
  1627.600,    -4.606873,   461.606808,     0.003848,
  1627.650,    -6.239751,   358.092630,     0.006174,
  1627.700,    -7.730777,   262.795631,     0.007939,
  1627.750,    -8.639996,   181.288099,     0.009419,
  1627.800,    -8.627807,   113.143369,     0.007834,
  1627.850,    -7.424393,    59.884677,     0.011777,
  1627.900,    -5.057435,    26.164406,     0.009374,
  1627.950,    -1.888113,    13.388737,     0.009181,
  1628.000,     1.449391,    14.807836,     0.010118,
  1628.050,     4.268915,    19.605023,     0.006502,
  1628.100,     6.036329,    20.976186,     0.008208,
  1628.150,     6.608522,    18.573325,     0.005736,
  1628.200,     6.048409,    13.737354,     0.001087,
  1628.250,     4.654176,     6.294082,    -0.003198,
  1628.300,     2.791089,    -3.942722,    -0.000866,
  1628.350,     0.769970,   -15.291041,    -0.007485,
  1628.400,    -1.064176,   -25.115936,    -0.005852,
  1628.450,    -2.426062,   -31.509963,    -0.001752,
  1628.500,    -3.184168,   -33.304194,    -0.006569,
  1628.550,    -3.413779,   -29.992888,    -0.008271,
  1628.600,    -3.297962,   -22.742302,    -0.003151,
  1628.650,    -3.006728,   -14.414926,    -0.004133,
  1628.700,    -2.482749,    -7.483234,    -0.005868,
  1628.750,    -1.785239,    -2.984859,    -0.001953,
  1628.800,    -1.089297,    -1.164252,     0.004668,
  1628.850,    -0.555182,    -2.118112,     0.009568,
  1628.900,    -0.213599,    -5.174189,     0.007413,
  1628.950,    -0.041994,    -9.286403,     0.007917,
  1629.000,     0.102530,   -13.634145,     0.009310,
  1629.050,     0.237170,   -17.083424,     0.010453,
  1629.100,     0.371273,   -18.429742,     0.009851,
  1629.150,     0.512524,   -17.405915,     0.005314,
  1629.200,     0.739955,   -14.983355,     0.007267,
  1629.250,     1.051057,   -11.998510,     0.010823,
  1629.300,     1.448803,    -8.593464,     0.006684,
  1629.350,     1.928570,    -5.354663,     0.006908,
  1629.400,     2.464631,    -3.324842,     0.007044,
  1629.450,     3.044092,    -2.418323,     0.000490,
  1629.500,     3.576349,    -1.744800,    -0.000061,
  1629.550,     4.071704,    -1.435813,     0.002592,
  1629.600,     4.582960,    -2.146204,    -0.001643,
  1629.650,     5.070760,    -3.579164,    -0.002178,
  1629.700,     5.635585,    -5.007354,    -0.001594,
  1629.750,     6.261477,    -6.289650,    -0.001541,
  1629.800,     7.017308,    -7.321848,    -0.000101,
  1629.850,     7.880038,    -7.916487,    -0.000112,
  1629.900,     8.937290,    -8.401538,    -0.003730,
  1629.950,    10.238309,    -9.063405,    -0.000579,
  1630.000,    11.746082,    -9.528301,    -0.000877,
  1630.050,    13.444361,    -9.995554,    -0.002912,
  1630.100,    15.451180,   -11.552468,    -0.000457,
  1630.150,    17.760804,   -14.581446,    -0.006682,
  1630.200,    20.450493,   -18.110098,    -0.005645,
  1630.250,    23.568692,   -21.159664,    -0.005023,
  1630.300,    27.182807,   -23.552278,     0.004555,
  1630.350,    31.360132,   -25.200944,     0.003109,
  1630.400,    36.005701,   -25.526302,     0.005431,
  1630.450,    41.004309,   -23.619052,     0.004791,
  1630.500,    46.074249,   -18.819349,     0.002595,
  1630.550,    50.659923,   -11.499617,     0.005281,
  1630.600,    53.828181,    -3.149112,     0.012565,
  1630.650,    54.167275,     4.452853,     0.011535,
  1630.700,    49.536171,    10.046533,     0.009135,
  1630.750,    37.115323,    13.060233,     0.015581,
  1630.800,    13.530392,    13.620158,     0.016260,
  1630.850,   -24.785642,    12.157680,     0.015649,
  1630.900,   -80.334804,     9.274574,     0.018733,
  1630.950,  -152.996177,     5.856123,     0.017342,
  1631.000,  -238.395109,     2.993944,     0.018427,
  1631.050,  -326.513688,     1.406954,     0.020483,
  1631.100,  -401.491357,     1.309775,     0.008886,
  1631.150,  -443.837702,     2.395546,     0.007121,
  1631.200,  -435.513824,     3.763499,     0.003446,
  1631.250,  -367.384153,     4.322650,     0.002114,
  1631.300,  -245.368732,     3.926636,     0.007180,
  1631.350,   -89.993791,     3.166550,     0.010350,
  1631.400,    71.045272,     2.265575,     0.007023,
  1631.450,   212.471114,     1.160862,     0.006302,
  1631.500,   317.278230,     0.170592,     0.001043,
  1631.550,   377.337711,    -0.376537,    -0.006002,
  1631.600,   391.603342,    -0.448203,    -0.005202,
  1631.650,   364.699786,    -0.184167,    -0.008572,
  1631.700,   306.689161,     0.207198,    -0.008039,
  1631.750,   232.178238,     0.439720,    -0.005507,
  1631.800,   156.980312,     0.576219,    -0.003116,
  1631.850,    92.335707,     0.828175,     0.000390,
  1631.900,    41.548180,     1.151283,     0.002954,
  1631.950,     2.943874,     1.302174,    -0.000273,
  1632.000,   -24.505654,     1.393799,     0.002744,
  1632.050,   -39.128973,     1.363982,     0.003071,
  1632.100,   -40.087280,     0.892051,     0.002965,
  1632.150,   -31.526364,    -0.002850,     0.003842,
  1632.200,   -21.012981,    -0.749953,     0.006257,
  1632.250,   -13.895289,    -0.775002,     0.011405,
  1632.300,   -10.793361,    -0.086435,     0.003471,
  1632.350,   -10.223701,     0.719788,    -0.000049,
  1632.400,   -11.665593,     0.976297,    -0.000207,
  1632.450,   -15.159714,     0.479779,    -0.002946,
  1632.500,   -19.728613,    -0.447088,    -0.003899,
  1632.550,   -23.563913,    -1.509570,    -0.002516,
  1632.600,   -25.438315,    -2.620741,    -0.001323,
  1632.650,   -24.665781,    -3.634282,    -0.006853,
  1632.700,   -20.947410,    -4.182021,    -0.002640,
  1632.750,   -14.901693,    -3.906807,     0.004364,
  1632.800,    -8.349943,    -2.793900,    -0.000952,
  1632.850,    -3.078066,    -1.227206,     0.005148,
  1632.900,     0.172772,     0.409447,     0.003896,
  1632.950,     1.442073,     1.757836,     0.005420,
  1633.000,     0.789027,     2.638111,     0.004853,
  1633.050,    -1.289093,     3.037544,     0.003719,
  1633.100,    -4.005649,     2.807701,     0.010085,
  1633.150,    -6.758369,     1.846147,     0.010325,
  1633.200,    -8.989088,     0.418482,     0.009933,
  1633.250,    -9.883563,    -0.781082,     0.007425,
  1633.300,    -9.042428,    -1.114038,     0.010790,
  1633.350,    -7.176774,    -0.548134,     0.009823,
  1633.400,    -5.050201,     0.372960,     0.005205,
  1633.450,    -2.757659,     1.093779,     0.004778,
  1633.500,    -0.637113,     1.532629,     0.005704,
  1633.550,     0.635077,     1.931117,     0.008918,
  1633.600,     0.975993,     2.205702,     0.003620,
  1633.650,     1.084986,     2.028786,     0.001252,
  1633.700,     1.076547,     1.294591,     0.000402,
  1633.750,     0.473813,     0.509281,    -0.001085,
  1633.800,    -0.665293,     0.259539,    -0.003959,
  1633.850,    -1.761295,     0.637703,    -0.004071,
  1633.900,    -2.600795,     1.288410,    -0.005048,
  1633.950,    -3.240046,     1.735328,    -0.008023,
  1634.000,    -3.546609,     2.004661,    -0.004714,
  1634.050,    -3.671351,     2.524687,    -0.001569,
  1634.100,    -3.914413,     3.538086,     0.000943,
  1634.150,    -4.135529,     4.817174,     0.003201,
  1634.200,    -4.202541,     5.771806,     0.000002,
  1634.250,    -4.781096,     5.894634,     0.002038,
  1634.300,    -6.348598,     5.019867,     0.008480,
  1634.350,    -8.357784,     3.374413,     0.008919,
  1634.400,   -10.051089,     1.468931,     0.016826,
  1634.450,   -11.198740,    -0.234864,     0.007384,
  1634.500,   -11.783576,    -1.331142,     0.009918,
  1634.550,   -11.580963,    -1.620024,     0.016141,
  1634.600,   -10.169010,    -1.193751,     0.004159,
  1634.650,    -7.222930,    -0.221375,     0.009038,
  1634.700,    -2.933913,     0.944310,     0.010412,
  1634.750,     1.806532,     1.802740,     0.004801,
  1634.800,     5.938030,     2.103127,     0.001951,
  1634.850,     8.804985,     1.980898,     0.005837,
  1634.900,    10.015313,     1.834150,     0.000685,
  1634.950,     9.551127,     1.554471,    -0.006463,
  1635.000,     7.813455,     0.849765,    -0.004652,
  1635.050,     5.386559,    -0.364628,    -0.005381,
  1635.100,     2.797967,    -1.647068,    -0.004752,
  1635.150,     0.751894,    -2.463542,    -0.010862,
  1635.200,    -0.320937,    -2.393592,    -0.007651,
  1635.250,    -0.352406,    -1.539666,    -0.005052,
  1635.300,     0.473029,    -0.367061,    -0.009487,
  1635.350,     1.532639,     0.786164,    -0.002987,
  1635.400,     2.079559,     1.800347,     0.005876,
  1635.450,     1.855001,     2.567745,     0.010030,
  1635.500,     1.287020,     2.857418,     0.007886,
  1635.550,     0.643440,     2.729597,     0.007671,
  1635.600,    -0.075707,     2.507415,     0.004427,
  1635.650,    -0.723792,     2.725166,     0.010090,
  1635.700,    -1.073101,     3.536522,     0.006330,
  1635.750,    -1.085299,     4.719953,     0.002735,
  1635.800,    -0.824078,     5.978758,     0.009933,
  1635.850,    -0.470991,     7.139484,     0.005464,
  1635.900,    -0.214592,     8.018270,     0.006703,
  1635.950,    -0.075707,     8.408722,     0.005940,
  1636.000,     0.115271,     8.099335,     0.004053,
  1636.050,     0.366617,     6.992960,     0.004991,
  1636.100,     0.506877,     5.083596,     0.003284,
  1636.150,     0.545679,     2.715300,    -0.003463,
  1636.200,     0.525543,     0.553834,    -0.002962,
  1636.250,     0.286177,    -0.974464,    -0.000752,
  1636.300,    -0.256035,    -1.866223,     0.003884,
  1636.350,    -0.771339,    -2.360050,    -0.003387,
  1636.400,    -0.784230,    -2.625182,    -0.001707,
  1636.450,    -0.287047,    -2.683920,    -0.001421,
  1636.500,     0.352612,    -2.569406,     0.002270,
  1636.550,     0.633500,    -2.462354,    -0.002505,
  1636.600,     0.357206,    -2.381856,    -0.001028,
  1636.650,    -0.278887,    -2.249739,     0.001948,
  1636.700,    -0.990812,    -1.943175,     0.004147,
  1636.750,    -1.639683,    -1.563875,     0.004964,
  1636.800,    -2.228868,    -1.173989,     0.003773,
  1636.850,    -2.535722,    -0.740138,     0.006407,
  1636.900,    -2.338987,    -0.124872,     0.008356,
  1636.950,    -1.588535,     0.609759,     0.009775,
  1637.000,    -0.559620,     1.406203,     0.004780,
  1637.050,     0.480879,     2.317221,     0.010903,
  1637.100,     1.304659,     3.254949,     0.008844,
  1637.150,     1.790830,     4.003688,     0.005770,
  1637.200,     1.893269,     4.135708,     0.008001,
  1637.250,     1.662640,     3.405202,     0.006166,
  1637.300,     0.989087,     1.985505,     0.000332,
  1637.350,     0.023348,     0.434592,    -0.001941,
  1637.400,    -0.866546,    -0.822254,     0.000966,
  1637.450,    -1.115107,    -1.575648,    -0.001594,
  1637.500,    -0.697444,    -1.729813,    -0.002949,
  1637.550,    -0.023532,    -1.255113,     0.005701,
  1637.600,     0.555044,    -0.338612,    -0.001824,
  1637.650,     0.817780,     0.763632,    -0.003476,
  1637.700,     0.988156,     1.740224,    -0.001579,
  1637.750,     1.108409,     2.460679,    -0.000927,
  1637.800,     0.994037,     2.958997,    -0.000270,
  1637.850,     0.527828,     3.299934,     0.000473,
  1637.900,    -0.089950,     3.385711,    -0.000132,
  1637.950,    -0.341850,     3.162409,     0.002873,
  1638.000,    -0.093882,     2.824086,     0.002290,
  1638.050,     0.372072,     2.523193,     0.009652,
  1638.100,     0.755058,     2.167881,     0.006788,
  1638.150,     0.911228,     1.673464,     0.003968,
  1638.200,     1.103094,     1.097867,     0.010219,
  1638.250,     1.624100,     0.595649,     0.011549,
  1638.300,     2.367032,     0.267708,     0.009461,
  1638.350,     2.954675,     0.215812,     0.009917,
  1638.400,     2.985102,     0.300757,     0.007519,
  1638.450,     2.367232,     0.210374,     0.006258,
  1638.500,     1.248588,    -0.234144,     0.002409,
  1638.550,    -0.025747,    -0.859218,    -0.001699,
  1638.600,    -1.089292,    -1.345800,    -0.000654,
  1638.650,    -1.726857,    -1.384178,    -0.002991,
  1638.700,    -1.824990,    -1.020408,    -0.003537,
  1638.750,    -1.409218,    -0.342018,     0.001168,
  1638.800,    -0.649345,     0.725234,    -0.003169,
  1638.850,     0.217539,     2.078701,    -0.006264,
  1638.900,     0.890874,     3.398893,     0.000373,
  1638.950,     1.111113,     4.392974,    -0.000812,
  1639.000,     1.021399,     4.958612,    -0.004569,
  1639.050,     0.861139,     5.103479,    -0.005863,
  1639.100,     0.648414,     4.824185,     0.002541,
  1639.150,     0.208733,     3.945542,     0.003567,
  1639.200,    -0.597466,     2.410317,     0.004454,
  1639.250,    -1.549391,     0.343592,     0.008460,
  1639.300,    -2.256845,    -1.854028,     0.008989,
  1639.350,    -2.409320,    -3.661547,     0.009073,
  1639.400,    -2.038186,    -4.850082,     0.008758,
  1639.450,    -1.437927,    -5.255514,     0.009524,
  1639.500,    -0.809221,    -4.758078,     0.006747,
  1639.550,    -0.236874,    -3.317165,     0.006944,
  1639.600,     0.390443,    -1.240698,     0.010553,
  1639.650,     0.964128,     1.045305,     0.005166,
  1639.700,     1.392758,     2.943423,     0.001901,
  1639.750,     1.797950,     4.244858,     0.002103,
  1639.800,     2.304388,     5.100088,    -0.004386,
  1639.850,     3.029754,     5.546860,    -0.004360,
  1639.900,     3.750224,     5.334418,    -0.005309,
  1639.950,     4.190776,     4.304736,    -0.007239,
  1640.000,     4.342906,     2.511987,    -0.007595,
  1640.050,     4.229359,     0.352506,    -0.006496,
  1640.100,     3.882459,    -1.575325,    -0.003318,
  1640.150,     3.197654,    -2.746470,    -0.005117,
  1640.200,     2.189039,    -3.031769,     0.002735,
  1640.250,     0.917387,    -2.697153,     0.007539,
  1640.300,    -0.470739,    -2.044046,     0.008425,
  1640.350,    -1.620926,    -1.309203,     0.005651,
  1640.400,    -2.275051,    -0.531349,     0.010634,
  1640.450,    -2.473423,     0.062713,     0.014548,
  1640.500,    -2.382128,     0.293488,     0.014853,
  1640.550,    -2.158430,     0.269254,     0.015916,
  1640.600,    -1.921344,     0.404838,     0.014472,
  1640.650,    -1.633410,     1.032106,     0.014749,
  1640.700,    -1.409441,     2.062719,     0.013799,
  1640.750,    -1.286851,     3.106748,     0.005505,
  1640.800,    -1.156796,     3.840306,     0.002448,
  1640.850,    -0.931743,     4.170689,     0.003907,
  1640.900,    -0.626674,     4.128747,    -0.000986,
  1640.950,    -0.348133,     3.825790,    -0.001352,
  1641.000,    -0.034936,     3.105605,    -0.000369,
  1641.050,     0.375911,     1.919317,    -0.001857,
  1641.100,     0.862760,     0.499471,     0.001143,
  1641.150,     1.350677,    -0.655401,    -0.002434,
  1641.200,     1.905510,    -1.180790,    -0.001626,
  1641.250,     2.467080,    -0.932680,    -0.005001,
  1641.300,     2.912075,     0.065962,     0.002352,
  1641.350,     3.018749,     1.640657,     0.004063,
  1641.400,     2.563913,     3.587384,     0.003162,
  1641.450,     1.646502,     5.627009,     0.004104,
  1641.500,     0.669780,     7.283995,     0.010369,
  1641.550,    -0.030753,     7.929273,     0.012231,
  1641.600,    -0.357908,     7.229707,     0.005980,
  1641.650,    -0.241711,     5.437746,     0.012040,
  1641.700,     0.302410,     3.255428,     0.015943,
  1641.750,     1.152992,     1.287893,     0.013106,
  1641.800,     2.142291,    -0.430065,     0.009567,
  1641.850,     3.021801,    -1.912394,     0.011822,
  1641.900,     3.761448,    -2.921142,     0.008026,
  1641.950,     4.336218,    -3.164518,     0.002390,
  1642.000,     4.841048,    -2.711609,    -0.000044,
  1642.050,     5.295879,    -2.023525,    -0.000933,
  1642.100,     5.618215,    -1.612473,    -0.004066,
  1642.150,     5.912715,    -1.626222,    -0.000429,
  1642.200,     6.341480,    -1.895577,     0.000532,
  1642.250,     6.783505,    -2.231396,    -0.002670,
  1642.300,     7.091180,    -2.317654,    -0.005488,
  1642.350,     7.164001,    -1.902629,    -0.003944,
  1642.400,     6.924072,    -0.786280,     0.002394,
  1642.450,     6.120043,     1.129492,     0.005341,
  1642.500,     4.404803,     3.499094,     0.000573,
  1642.550,     1.203839,     5.749574,     0.001659,
  1642.600,    -4.255891,     7.199591,     0.012601,
  1642.650,   -12.628974,     7.364164,     0.010079,
  1642.700,   -24.044579,     6.108811,     0.008145,
  1642.750,   -37.755141,     3.760737,     0.004339,
  1642.800,   -52.034762,     1.035424,     0.011850,
  1642.850,   -64.337228,    -1.500944,     0.012525,
  1642.900,   -71.257370,    -3.580921,     0.009354,
  1642.950,   -69.230535,    -5.075783,     0.004551,
  1643.000,   -55.898149,    -5.654107,     0.007653,
  1643.050,   -31.607345,    -4.892246,     0.006146,
  1643.100,     0.178107,    -2.572867,     0.001808,
  1643.150,    33.651297,     0.931624,     0.001545,
  1643.200,    62.370638,     4.734468,    -0.003311,
  1643.250,    81.341978,     7.863014,    -0.002079,
  1643.300,    88.302323,     9.581584,     0.001449,
  1643.350,    83.685833,     9.571676,     0.000870,
  1643.400,    69.821648,     7.899424,    -0.000775,
  1643.450,    49.900917,     4.949290,    -0.003233,
  1643.500,    27.556887,     1.389123,     0.000395,
  1643.550,     6.602148,    -1.934049,    -0.002183,
  1643.600,    -9.776381,    -4.311451,    -0.000396,
  1643.650,   -20.039191,    -5.354010,    -0.000793,
  1643.700,   -24.658246,    -5.268690,     0.004192,
  1643.750,   -25.281461,    -4.557273,    -0.000379,
  1643.800,   -23.287372,    -3.695180,    -0.000145,
  1643.850,   -19.125812,    -2.738433,     0.001330,
  1643.900,   -13.261930,    -1.598857,     0.004909,
  1643.950,    -6.982969,    -0.426964,     0.008777,
  1644.000,    -2.044533,     0.606600,     0.011134,
  1644.050,     0.504080,     1.409146,     0.014708,
  1644.100,     0.894717,     2.057791,     0.009360,
  1644.150,    -0.069351,     2.602047,     0.007314,
  1644.200,    -1.803538,     3.052287,     0.008449,
  1644.250,    -3.782095,     3.248419,     0.007963,
  1644.300,    -5.310495,     3.271796,     0.007654,
  1644.350,    -5.840286,     3.133470,     0.013667,
  1644.400,    -5.332160,     2.880073,     0.009844,
  1644.450,    -4.080020,     2.369453,     0.001669,
  1644.500,    -2.244329,     1.468208,     0.005882,
  1644.550,    -0.159767,     0.140516,     0.001681,
  1644.600,     1.578335,    -1.456805,     0.003438,
  1644.650,     2.477273,    -3.080571,    -0.000675,
  1644.700,     2.522601,    -4.479910,    -0.001741,
  1644.750,     2.191883,    -5.262017,    -0.003558,
  1644.800,     1.796633,    -5.094079,    -0.003095,
  1644.850,     1.507364,    -3.856473,    -0.002354,
  1644.900,     1.322808,    -1.698483,     0.000212,
  1644.950,     1.085767,     0.847717,    -0.002640,
  1645.000,     0.829639,     3.351845,     0.003054,
  1645.050,     0.716457,     5.478878,     0.004359,
  1645.100,     0.866894,     6.879348,     0.006358,
  1645.150,     0.932875,     7.193092,     0.008841,
  1645.200,     0.670158,     6.209300,     0.010180,
  1645.250,     0.162883,     4.192611,     0.009913,
  1645.300,    -0.301908,     1.729110,     0.010397,
  1645.350,    -0.537036,    -0.502945,     0.015995,
  1645.400,    -0.464058,    -2.066343,     0.011553,
  1645.450,     0.074990,    -2.800311,     0.007780,
  1645.500,     0.975418,    -2.672023,     0.008091,
  1645.550,     1.930833,    -1.756019,     0.000834,
  1645.600,     2.872233,    -0.414681,     0.000483,
  1645.650,     3.625558,     0.885057,     0.002548,
  1645.700,     3.850836,     1.681047,    -0.007216,
  1645.750,     3.213164,     1.914041,    -0.006998,
  1645.800,     1.936052,     1.801556,    -0.003179,
  1645.850,     0.450243,     1.604196,    -0.004375,
  1645.900,    -0.856912,     1.597945,    -0.005308,
  1645.950,    -1.822491,     1.796716,    -0.002235,
  1646.000,    -2.580737,     2.086455,    -0.000525,
  1646.050,    -3.210532,     2.404416,    -0.003645,
  1646.100,    -3.546461,     2.883028,     0.000230,
  1646.150,    -3.425505,     3.470125,    -0.000844,
  1646.200,    -2.982181,     3.800494,     0.005095,
  1646.250,    -2.591795,     3.519708,     0.003602,
  1646.300,    -2.380325,     2.324408,     0.004379,
  1646.350,    -2.256610,     0.377733,     0.009129,
  1646.400,    -1.939636,    -1.639211,     0.014038,
  1646.450,    -1.298131,    -3.273408,     0.014060,
  1646.500,    -0.146618,    -4.368732,     0.005687,
  1646.550,     1.329003,    -4.902630,     0.003594,
  1646.600,     2.992818,    -4.539004,     0.000334,
  1646.650,     4.594913,    -2.895854,     0.001155,
  1646.700,     5.679871,    -0.051166,    -0.003740,
  1646.750,     5.939130,     3.371334,     0.003609,
  1646.800,     5.176480,     6.374152,    -0.000959,
  1646.850,     3.459568,     8.159886,    -0.003578,
  1646.900,     1.253407,     8.407146,     0.001782,
  1646.950,    -0.897143,     7.260378,    -0.000355,
  1647.000,    -2.560798,     5.100806,     0.000970,
  1647.050,    -3.539022,     2.369490,    -0.001588,
  1647.100,    -3.932303,    -0.467867,     0.003424,
  1647.150,    -3.824191,    -2.881076,     0.002926,
  1647.200,    -3.087526,    -4.160517,     0.000703,
  1647.250,    -1.582797,    -4.009448,    -0.001751,
  1647.300,     0.586701,    -2.728079,     0.000319,
  1647.350,     2.875774,    -0.931201,     0.004487,
  1647.400,     4.660807,     0.907262,     0.005602,
  1647.450,     5.530055,     2.466837,     0.010665,
  1647.500,     5.279967,     3.419829,     0.005584,
  1647.550,     4.024810,     3.613173,     0.003069,
  1647.600,     2.064935,     2.940241,     0.004899,
  1647.650,    -0.187182,     1.733533,     0.006524,
  1647.700,    -2.279053,     0.600073,     0.006615,
  1647.750,    -3.688080,     0.106117,     0.002419,
  1647.800,    -4.131707,     0.398465,     0.005081,
  1647.850,    -3.740713,     1.138148,     0.011165,
  1647.900,    -2.982757,     1.833618,     0.006581,
  1647.950,    -2.179649,     2.254569,     0.003663,
  1648.000,    -1.427717,     2.366573,     0.001133,
  1648.050,    -0.726367,     2.160168,     0.002414,
  1648.100,    -0.064196,     1.678289,     0.003997,
  1648.150,     0.495195,     1.088022,    -0.002684,
  1648.200,     0.990909,     0.468325,    -0.002786,
  1648.250,     1.424425,    -0.085080,     0.001489,
  1648.300,     1.816201,    -0.424321,     0.002296,
  1648.350,     1.992786,    -0.445310,    -0.006122,
  1648.400,     1.900322,    -0.052121,    -0.005519,
  1648.450,     1.614376,     0.676347,     0.000267,
  1648.500,     1.285446,     1.592305,    -0.000554,
  1648.550,     0.920673,     2.568017,     0.000702,
  1648.600,     0.521384,     3.345554,     0.010796,
  1648.650,    -0.021716,     3.660376,     0.010226,
  1648.700,    -0.709535,     3.156357,     0.009763,
  1648.750,    -1.403466,     1.812877,     0.015027,
  1648.800,    -2.074130,     0.100915,     0.013761,
  1648.850,    -2.638221,    -1.311793,     0.012581,
  1648.900,    -2.908511,    -1.930688,     0.011617,
  1648.950,    -2.698931,    -1.794235,     0.012049,
  1649.000,    -1.852246,    -1.199253,     0.004026,
  1649.050,    -0.559030,    -0.342031,     0.009886,
  1649.100,     0.871841,     0.771827,     0.005765,
  1649.150,     2.154456,     1.928787,     0.000260,
  1649.200,     3.217945,     2.813558,    -0.000410,
  1649.250,     3.978404,     3.133130,    -0.006939,
  1649.300,     4.146033,     2.861016,    -0.003826,
  1649.350,     3.558527,     2.236333,    -0.003528,
  1649.400,     2.212216,     1.521251,    -0.008983,
  1649.450,     0.551775,     0.906289,    -0.006541,
  1649.500,    -0.934040,     0.542241,    -0.004572,
  1649.550,    -1.919660,     0.529363,    -0.000375,
  1649.600,    -2.329329,     0.919639,     0.001890,
  1649.650,    -2.239528,     1.593277,     0.005061,
  1649.700,    -1.647363,     2.286626,     0.009038,
  1649.750,    -0.657519,     2.769640,     0.010713,
  1649.800,     0.352643,     2.829136,     0.012688,
  1649.850,     1.049054,     2.390700,     0.011373,
  1649.900,     1.269843,     1.623867,     0.010461,
  1649.950,     1.147734,     0.734181,     0.011388,
  1650.000,     0.941375,     0.053056,     0.013264,
  1650.050,     0.974408,    -0.300182,     0.007057,
  1650.100,     1.180630,    -0.330311,     0.001612,
  1650.150,     1.383905,     0.160527,     0.001293,
  1650.200,     1.469311,     1.115636,    -0.006054,
  1650.250,     1.490151,     2.248310,    -0.004550,
  1650.300,     1.516278,     3.317872,    -0.007907,
  1650.350,     1.472725,     4.218050,    -0.010370,
  1650.400,     1.164688,     4.802698,    -0.010031,
  1650.450,     0.410286,     4.799560,    -0.007292,
  1650.500,    -0.689855,     3.937437,    -0.000280,
  1650.550,    -1.795061,     2.234988,    -0.003155,
  1650.600,    -2.534712,     0.093360,     0.000847,
  1650.650,    -2.879190,    -1.962899,     0.001737,
  1650.700,    -2.933656,    -3.475688,     0.007612,
  1650.750,    -2.591810,    -4.036231,     0.011462,
  1650.800,    -1.610087,    -3.473809,     0.016856,
  1650.850,     0.150726,    -1.886582,     0.015855,
  1650.900,     2.239690,     0.126319,     0.017321,
  1650.950,     4.003211,     1.818449,     0.008820,
  1651.000,     4.850201,     2.693813,     0.011219,
  1651.050,     4.627087,     2.733047,     0.010307,
  1651.100,     3.550728,     2.152289,     0.008276,
  1651.150,     2.030831,     1.258361,    -0.000179,
  1651.200,     0.339176,     0.158188,    -0.006886,
  1651.250,    -1.334599,    -0.942973,    -0.001740,
  1651.300,    -2.693014,    -1.804075,    -0.008091,
  1651.350,    -3.299549,    -2.231281,    -0.003628,
  1651.400,    -2.952179,    -2.134919,    -0.005301,
  1651.450,    -1.844869,    -1.592647,    -0.001966,
  1651.500,    -0.447136,    -0.586536,    -0.003131,
  1651.550,     0.848247,     0.569924,    -0.000105,
  1651.600,     1.925077,     1.485851,     0.003426,
  1651.650,     2.624446,     1.863712,     0.006268,
  1651.700,     2.770262,     1.731539,     0.007345,
  1651.750,     2.284483,     1.275343,     0.009665,
  1651.800,     1.373711,     0.735871,     0.008159,
  1651.850,     0.423187,     0.323951,     0.006440,
  1651.900,    -0.111246,     0.344839,     0.007782,
  1651.950,    -0.129387,     0.881324,     0.004295,
  1652.000,     0.168654,     1.640736,     0.008261,
  1652.050,     0.403150,     2.277143,     0.001347,
  1652.100,     0.449461,     2.580827,     0.005590,
  1652.150,     0.384186,     2.568938,     0.001492,
  1652.200,     0.267662,     2.170394,     0.003839,
  1652.250,     0.070097,     1.352140,     0.005566,
  1652.300,    -0.189148,     0.204674,    -0.001217,
  1652.350,    -0.432731,    -0.882404,     0.004019,
  1652.400,    -0.636023,    -1.414204,     0.002086,
  1652.450,    -0.744834,    -1.075575,    -0.001790,
  1652.500,    -0.676608,     0.051595,    -0.001081,
  1652.550,    -0.398647,     1.459865,     0.001630,
  1652.600,     0.110310,     2.605237,    -0.002244,
  1652.650,     0.747059,     3.283422,    -0.000090,
  1652.700,     1.383424,     3.466495,     0.001038,
  1652.750,     1.875077,     3.142623,     0.000654,
  1652.800,     2.107769,     2.283277,     0.004739,
  1652.850,     1.851567,     0.979266,    -0.003195,
  1652.900,     1.057936,    -0.404800,     0.000999,
  1652.950,    -0.010821,    -1.550247,     0.003712,
  1653.000,    -0.924355,    -2.182721,     0.004223,
  1653.050,    -1.204926,    -2.153554,     0.007418,
  1653.100,    -1.030041,    -1.634214,     0.008443,
  1653.150,    -0.604983,    -0.797085,     0.008851,
  1653.200,    -0.157458,     0.248118,     0.000698,
  1653.250,     0.300143,     1.459119,     0.008392,
  1653.300,     0.822112,     2.663853,     0.007182,
  1653.350,     1.267743,     3.522087,     0.012366,
  1653.400,     1.461563,     3.822955,     0.005260,
  1653.450,     1.327234,     3.637938,     0.006109,
  1653.500,     1.057195,     3.161850,     0.002498,
  1653.550,     0.755078,     2.520111,    -0.001562,
  1653.600,     0.524965,     1.814874,    -0.002032,
  1653.650,     0.448580,     1.234400,    -0.008272,
  1653.700,     0.504489,     0.964248,    -0.006559,
  1653.750,     0.809675,     1.153447,    -0.005541,
  1653.800,     1.289044,     1.694563,    -0.005620,
  1653.850,     1.758159,     2.303654,    -0.003493,
  1653.900,     2.082796,     2.495366,    -0.004923,
  1653.950,     2.085073,     2.154924,    -0.004293,
  1654.000,     1.848576,     1.370564,     0.003302,
  1654.050,     1.370648,     0.382061,     0.005060,
  1654.100,     0.803127,    -0.531363,     0.007810,
  1654.150,     0.317247,    -1.062805,     0.012491,
  1654.200,    -0.044110,    -1.035515,     0.015797,
  1654.250,    -0.264393,    -0.385731,     0.013733,
  1654.300,    -0.382665,     0.691815,     0.015002,
  1654.350,    -0.549015,     1.933382,     0.012805,
  1654.400,    -1.002711,     3.167818,     0.008194,
  1654.450,    -2.032418,     4.040509,     0.006741,
  1654.500,    -3.697628,     4.375167,     0.004005,
  1654.550,    -5.731495,     4.107046,    -0.004633,
  1654.600,    -7.859830,     3.441271,    -0.007015,
  1654.650,    -9.638899,     2.591825,    -0.002739,
  1654.700,   -10.411648,     1.536290,    -0.003868,
  1654.750,    -9.459379,     0.339489,    -0.004209,
  1654.800,    -6.153695,    -0.839023,    -0.004435,
  1654.850,    -0.768093,    -1.675263,    -0.005912,
  1654.900,     5.762141,    -1.996982,    -0.002643,
  1654.950,    12.108008,    -1.820432,     0.000244,
  1655.000,    16.850190,    -1.270407,     0.002881,
  1655.050,    18.966169,    -0.493290,     0.012276,
  1655.100,    18.039654,     0.607018,     0.013277,
  1655.150,    14.392386,     1.841395,     0.013173,
  1655.200,     8.965486,     2.976855,     0.016152,
  1655.250,     2.905125,     3.762788,     0.010877,
  1655.300,    -2.708276,     4.141734,     0.010311,
  1655.350,    -7.038442,     4.145293,     0.008274,
  1655.400,    -9.625800,     3.864822,     0.010197,
  1655.450,   -10.292155,     3.244388,     0.001769,
  1655.500,    -9.473543,     2.195073,     0.001618,
  1655.550,    -7.747426,     0.900733,    -0.006439,
  1655.600,    -5.535944,    -0.429988,    -0.002120,
  1655.650,    -3.020156,    -1.408666,    -0.006192,
  1655.700,    -0.426534,    -1.807847,    -0.007113,
  1655.750,     1.646215,    -1.769096,    -0.004456,
  1655.800,     2.705230,    -1.473016,     0.000712,
  1655.850,     2.690977,    -1.085380,    -0.005494,
  1655.900,     1.917156,    -0.577102,     0.001978,
  1655.950,     0.909799,     0.080463,     0.002993,
  1656.000,    -0.017767,     0.942668,     0.007410,
  1656.050,    -0.574848,     1.876642,     0.012802,
  1656.100,    -0.610600,     2.847501,     0.011034,
  1656.150,    -0.099990,     3.721898,     0.014918,
  1656.200,     0.556544,     4.248206,     0.009826,
  1656.250,     1.105112,     4.202214,     0.009544,
  1656.300,     1.492634,     3.353246,     0.008428,
  1656.350,     1.625885,     1.916903,     0.010284,
  1656.400,     1.343905,     0.319465,     0.007684,
  1656.450,     0.598918,    -1.015867,     0.000060,
  1656.500,    -0.295695,    -1.926385,    -0.000886,
  1656.550,    -0.904809,    -2.433142,    -0.000047,
  1656.600,    -0.862834,    -2.618615,    -0.001065,
  1656.650,    -0.198750,    -2.587156,    -0.006468,
  1656.700,     0.715449,    -2.401076,    -0.005034,
  1656.750,     1.424711,    -2.161640,    -0.008713,
  1656.800,     1.781638,    -1.677688,    -0.005048,
  1656.850,     1.822674,    -0.860168,    -0.002394,
  1656.900,     1.593004,     0.249309,     0.002287,
  1656.950,     1.043984,     1.487038,     0.002600,
  1657.000,     0.143841,     2.530050,     0.009711,
  1657.050,    -0.872132,     3.091155,     0.006504,
  1657.100,    -1.663931,     3.094993,     0.009556,
  1657.150,    -1.984417,     2.552871,     0.013255,
  1657.200,    -1.861092,     1.766720,     0.009257,
  1657.250,    -1.239727,     0.884781,     0.004494,
  1657.300,    -0.381587,     0.133546,     0.003040,
  1657.350,     0.501757,    -0.366438,     0.007982,
  1657.400,     1.405550,    -0.600281,     0.004165,
  1657.450,     2.212253,    -0.555912,    -0.001768,
  1657.500,     2.609152,    -0.281646,    -0.004387,
  1657.550,     2.479357,     0.095342,    -0.001462,
  1657.600,     1.932324,     0.421960,    -0.005246,
  1657.650,     1.162104,     0.527875,    -0.002186,
  1657.700,     0.459698,     0.364514,    -0.000933,
  1657.750,    -0.118488,     0.217246,    -0.000517,
  1657.800,    -0.565550,     0.330583,     0.000754,
  1657.850,    -0.758098,     0.759865,     0.004028,
  1657.900,    -0.603890,     1.271932,     0.002616,
  1657.950,    -0.060218,     1.754661,    -0.000357,
  1658.000,     0.537761,     2.053071,     0.003654,
  1658.050,     0.863974,     2.051475,     0.004484,
  1658.100,     0.721894,     1.749968,     0.008132,
  1658.150,     0.247421,     1.257728,     0.011177,
  1658.200,    -0.308808,     0.738166,     0.009963,
  1658.250,    -0.750206,     0.284834,    -0.000489,
  1658.300,    -0.820047,    -0.112484,     0.007263,
  1658.350,    -0.490099,    -0.434638,     0.003395,
  1658.400,     0.237783,    -0.599247,    -0.000111,
  1658.450,     1.184026,    -0.513607,     0.002240,
  1658.500,     2.018704,    -0.238587,     0.003651,
  1658.550,     2.632415,     0.133237,     0.006469,
  1658.600,     2.812494,     0.732043,    -0.000536,
  1658.650,     2.459300,     1.685146,     0.007830,
  1658.700,     1.666956,     3.120261,     0.012421,
  1658.750,     0.763247,     4.878546,     0.005292,
  1658.800,    -0.045980,     6.469332,     0.000171,
  1658.850,    -0.721665,     7.482532,     0.006077,
  1658.900,    -1.308692,     7.620730,    -0.000091,
  1658.950,    -1.793698,     6.938656,    -0.003592,
  1659.000,    -1.969239,     5.741972,    -0.001253,
  1659.050,    -1.660147,     4.359323,    -0.001569,
  1659.100,    -0.948453,     2.981788,    -0.003315,
  1659.150,    -0.068375,     1.775527,    -0.002348,
  1659.200,     0.744502,     0.980509,     0.006012,
  1659.250,     1.375120,     0.699717,     0.005394,
  1659.300,     1.879222,     0.885243,     0.000958,
  1659.350,     2.108546,     1.351445,     0.008354,
  1659.400,     2.009495,     1.931611,     0.008620,
  1659.450,     1.655883,     2.507167,     0.006800,
  1659.500,     1.226048,     3.134061,     0.008934,
  1659.550,     0.838797,     3.689834,     0.013018,
  1659.600,     0.524718,     3.875714,     0.004909,
  1659.650,     0.113162,     3.622396,     0.012203,
  1659.700,    -0.422885,     3.076737,     0.005336,
  1659.750,    -1.004036,     2.395314,    -0.002330,
  1659.800,    -1.417982,     1.571273,    -0.000369,
  1659.850,    -1.469940,     0.503013,    -0.002394,
  1659.900,    -1.233222,    -0.738879,    -0.000644,
  1659.950,    -0.854056,    -1.913048,    -0.007044,
  1660.000,    -0.480840,    -2.798245,    -0.007207,
  1660.050,    -0.066507,    -3.224781,     0.000140,
  1660.100,     0.391882,    -3.221053,     0.000139,
  1660.150,     0.892272,    -2.804620,     0.001119,
  1660.200,     1.350754,    -2.148245,     0.007903,
  1660.250,     1.790676,    -1.410656,     0.007552,
  1660.300,     2.152423,    -0.797256,     0.010474,
  1660.350,     2.345196,    -0.388298,     0.014874,
  1660.400,     2.140040,    -0.171309,     0.013796,
  1660.450,     1.463357,    -0.143347,     0.011069,
  1660.500,     0.374801,    -0.234229,     0.008617,
  1660.550,    -0.801147,    -0.228577,     0.011685,
  1660.600,    -1.753645,     0.068801,     0.003811,
  1660.650,    -2.259203,     0.701912,     0.002478,
  1660.700,    -2.411456,     1.453997,     0.002295,
  1660.750,    -2.259397,     1.984452,    -0.003941,
  1660.800,    -1.832203,     2.009002,    -0.008687,
  1660.850,    -1.294504,     1.682645,    -0.005953,
  1660.900,    -0.753932,     1.189318,    -0.008542,
  1660.950,    -0.200518,     0.793602,    -0.005989,
  1661.000,     0.425859,     0.557561,     0.000668,
  1661.050,     1.125536,     0.544060,     0.002574,
  1661.100,     1.752798,     0.916237,    -0.002927,
  1661.150,     2.096862,     1.670847,     0.004225,
  1661.200,     2.024964,     2.608497,     0.009963,
  1661.250,     1.552849,     3.331257,     0.007558,
  1661.300,     0.864495,     3.644647,     0.013924,
  1661.350,     0.175829,     3.527449,     0.011328,
  1661.400,    -0.381767,     3.179844,     0.009025,
  1661.450,    -0.726623,     2.787319,     0.008324,
  1661.500,    -0.813368,     2.367567,     0.005137,
  1661.550,    -0.664377,     1.812792,     0.008330,
  1661.600,    -0.341976,     1.181724,     0.001035,
  1661.650,    -0.032272,     0.711117,    -0.001316,
  1661.700,     0.221855,     0.530947,    -0.004436,
  1661.750,     0.391229,     0.488361,    -0.008283,
  1661.800,     0.385946,     0.321276,    -0.006372,
  1661.850,     0.256165,    -0.099044,    -0.002026,
  1661.900,     0.179877,    -0.638216,    -0.002874,
  1661.950,     0.241240,    -1.168492,     0.005644,
  1662.000,     0.475069,    -1.642323,     0.008829,
  1662.050,     0.805555,    -2.128541,     0.007367,
  1662.100,     1.086889,    -2.609287,     0.011780,
  1662.150,     1.226801,    -2.854005,     0.009064,
  1662.200,     1.121869,    -2.758244,     0.008327,
  1662.250,     0.700817,    -2.142191,     0.009987,
  1662.300,     0.097156,    -1.104436,     0.007361,
  1662.350,    -0.448035,     0.149055,     0.003809,
  1662.400,    -0.782901,     1.298726,     0.005686,
  1662.450,    -0.987257,     2.152069,     0.005044,
  1662.500,    -1.083299,     2.652522,    -0.000516,
  1662.550,    -0.997919,     2.712479,     0.001664,
  1662.600,    -0.609549,     2.335582,     0.001715,
  1662.650,     0.009559,     1.505367,    -0.000838,
  1662.700,     0.702851,     0.331977,    -0.003344,
  1662.750,     1.308726,    -0.850503,    -0.000319,
  1662.800,     1.824949,    -1.663087,     0.003429,
  1662.850,     2.385648,    -1.851653,     0.001381,
  1662.900,     3.014714,    -1.462013,     0.008549,
  1662.950,     3.492069,    -0.657694,     0.009599,
  1663.000,     3.660868,     0.470056,     0.011163,
  1663.050,     3.301787,     1.611680,     0.005760,
  1663.100,     2.569886,     2.417804,     0.006056,
  1663.150,     1.707391,     2.618604,     0.002068,
  1663.200,     0.982605,     2.236875,     0.007939,
  1663.250,     0.437083,     1.566728,     0.001206,
  1663.300,     0.078528,     0.909070,     0.005108,
  1663.350,    -0.101276,     0.335290,     0.002598,
  1663.400,    -0.040710,    -0.128584,     0.005167,
  1663.450,     0.188094,    -0.489109,    -0.000488,
  1663.500,     0.534376,    -0.683536,    -0.000182,
  1663.550,     0.738318,    -0.652590,     0.005131,
  1663.600,     0.885569,    -0.385626,     0.005637,
  1663.650,     1.093213,    -0.017839,     0.004591,
  1663.700,     1.368798,     0.444444,     0.009670,
  1663.750,     1.566836,     0.892524,     0.005772,
  1663.800,     1.534912,     1.193859,     0.006897,
  1663.850,     1.224501,     1.264822,     0.003146,
  1663.900,     0.799191,     1.118718,    -0.001198,
  1663.950,     0.294390,     0.847465,     0.002065,
  1664.000,    -0.316802,     0.643507,     0.000136,
  1664.050,    -1.065450,     0.751317,    -0.000817,
  1664.100,    -1.772683,     1.032894,    -0.002464,
  1664.150,    -2.245806,     1.532328,    -0.000882,
  1664.200,    -2.412391,     2.102100,    -0.000864,
  1664.250,    -2.242436,     2.741598,     0.001194,
  1664.300,    -1.767167,     3.404021,     0.000930,
  1664.350,    -1.158780,     3.894127,     0.003042,
  1664.400,    -0.507261,     4.234944,     0.005619,
  1664.450,     0.083256,     4.445565,     0.008846,
  1664.500,     0.465574,     4.695064,     0.010313,
  1664.550,     0.630907,     4.922722,     0.004493,
  1664.600,     0.586048,     5.032285,     0.004828,
  1664.650,     0.328299,     5.117767,     0.008119,
  1664.700,    -0.003107,     5.328032,     0.005787,
  1664.750,    -0.124295,     5.959065,     0.000683,
  1664.800,     0.077155,     6.803674,    -0.004209,
  1664.850,     0.547818,     7.490072,     0.003311,
  1664.900,     0.975235,     7.701104,     0.003044,
  1664.950,     1.141455,     7.466733,     0.001770,
  1665.000,     0.987565,     7.052562,     0.001554,
  1665.050,     0.690589,     6.525639,     0.003112,
  1665.100,     0.464833,     5.904659,    -0.006223,
  1665.150,     0.322421,     5.249139,    -0.002371,
  1665.200,     0.259669,     4.756499,     0.005190,
  1665.250,     0.401890,     4.576828,     0.008947,
  1665.300,     0.731898,     4.564673,     0.012401,
  1665.350,     1.245330,     4.464241,     0.006557,
  1665.400,     1.677862,     4.136214,     0.010907,
  1665.450,     1.827667,     3.484737,     0.006884,
  1665.500,     1.711829,     2.536612,     0.007472,
  1665.550,     1.516019,     1.379757,     0.005508,
  1665.600,     1.345951,     0.066283,     0.005055,
  1665.650,     1.123113,    -1.190168,    -0.004009,
  1665.700,     0.814825,    -2.290469,    -0.002733,
  1665.750,     0.402123,    -3.057807,    -0.003274,
  1665.800,     0.001954,    -3.343942,    -0.001420,
  1665.850,    -0.226722,    -3.233995,    -0.005377,
  1665.900,    -0.266583,    -2.801798,    -0.003168,
  1665.950,    -0.367171,    -2.240085,     0.001410,
  1666.000,    -0.581898,    -1.840208,    -0.001851,
  1666.050,    -0.855623,    -1.816641,    -0.003102,
  1666.100,    -1.119236,    -2.159055,    -0.000047,
  1666.150,    -1.318550,    -2.810039,     0.002115,
  1666.200,    -1.617163,    -3.625061,     0.008230,
  1666.250,    -2.048286,    -4.496968,     0.011166,
  1666.300,    -2.472893,    -5.200080,     0.013844,
  1666.350,    -2.726772,    -5.598534,     0.010165,
  1666.400,    -2.645142,    -5.491304,     0.008236,
  1666.450,    -2.143400,    -4.919563,     0.004971,
  1666.500,    -1.270968,    -4.049773,     0.004633,
  1666.550,    -0.039881,    -3.068452,    -0.001297,
  1666.600,     1.378148,    -2.156278,    -0.003304,
  1666.650,     2.893838,    -1.446474,    -0.007084,
  1666.700,     4.129405,    -1.194588,    -0.008702,
  1666.750,     4.801850,    -1.559614,    -0.005116,
  1666.800,     4.694072,    -2.610727,    -0.002597,
  1666.850,     3.638254,    -4.017934,    -0.003721,
  1666.900,     1.995734,    -5.278189,     0.003157,
  1666.950,     0.121342,    -5.879807,     0.004440,
  1667.000,    -1.434193,    -5.673035,     0.003605,
  1667.050,    -2.452563,    -4.734952,     0.004660,
  1667.100,    -2.825045,    -3.323569,     0.008533,
  1667.150,    -2.538916,    -1.801270,     0.006518,
  1667.200,    -1.790511,    -0.609589,     0.005800,
  1667.250,    -0.851574,     0.036913,     0.003309,
  1667.300,    -0.072846,     0.033841,     0.012116,
  1667.350,     0.333166,    -0.348014,     0.009142,
  1667.400,     0.494789,    -0.789643,     0.000177,
  1667.450,     0.571481,    -0.890134,    -0.001333,
  1667.500,     0.686562,    -0.600818,    -0.000179,
  1667.550,     0.667462,    -0.031359,    -0.000455,
  1667.600,     0.449823,     0.591116,     0.005133,
  1667.650,     0.095108,     1.222721,    -0.004848,
  1667.700,    -0.220204,     1.755580,    -0.003125,
  1667.750,    -0.377609,     2.199291,     0.005479,
  1667.800,    -0.325681,     2.543486,     0.005874,
  1667.850,    -0.100651,     2.887557,     0.005251,
  1667.900,     0.251871,     3.308350,     0.002272,
  1667.950,     0.592841,     3.920214,     0.004371,
  1668.000,     0.823783,     4.728247,     0.005563,
  1668.050,     0.816326,     5.719417,     0.006731,
  1668.100,     0.655142,     6.709065,     0.010137,
  1668.150,     0.471538,     7.467423,     0.010617,
  1668.200,     0.350498,     7.970446,     0.013069,
  1668.250,     0.304026,     8.313012,     0.002852,
  1668.300,     0.399106,     8.562235,     0.003866,
  1668.350,     0.641038,     8.631434,     0.002317,
  1668.400,     1.072499,     8.193162,    -0.003192,
  1668.450,     1.624310,     7.142518,    -0.000875,
  1668.500,     2.126122,     5.719724,     0.000466,
  1668.550,     2.387460,     4.280513,    -0.000270,
  1668.600,     2.427723,     3.139489,    -0.001833,
  1668.650,     2.397670,     2.404705,    -0.001812,
  1668.700,     2.345819,     2.141270,     0.004527,
  1668.750,     2.153462,     2.421571,     0.005981,
  1668.800,     1.870320,     3.134096,     0.001413,
  1668.850,     1.683549,     4.018293,     0.004894,
  1668.900,     1.847340,     4.675298,     0.007244,
  1668.950,     2.298544,     4.926007,     0.006328,
  1669.000,     2.844106,     4.776860,     0.006005,
  1669.050,     3.148864,     4.290919,     0.005304,
  1669.100,     3.144851,     3.477075,     0.007498,
  1669.150,     2.958466,     2.435359,     0.004514,
  1669.200,     2.737664,     1.399322,     0.003942,
  1669.250,     2.460084,     0.704683,     0.004692,
  1669.300,     2.048117,     0.384288,    -0.000220,
  1669.350,     1.625815,     0.402077,    -0.002421,
  1669.400,     1.345446,     0.480567,    -0.003031,
  1669.450,     1.207872,     0.503144,     0.000647,
  1669.500,     1.110885,     0.467499,    -0.000920,
  1669.550,     0.900228,     0.427364,     0.003396,
  1669.600,     0.567202,     0.342480,     0.002594,
  1669.650,     0.110694,     0.136505,     0.003627,
  1669.700,    -0.427989,    -0.118072,    -0.004075,
  1669.750,    -0.966664,    -0.314044,     0.002858,
  1669.800,    -1.479909,    -0.345427,     0.003966,
  1669.850,    -1.946022,    -0.283695,     0.007710,
  1669.900,    -2.322773,    -0.104249,     0.007297,
  1669.950,    -2.479784,     0.193024,     0.008256,
  1670.000,    -2.347080,     0.620873,     0.004435,
  1670.050,    -1.958392,     1.022045,     0.009865,
  1670.100,    -1.454991,     1.255514,     0.010105,
  1670.150,    -0.944403,     1.085880,     0.003152,
  1670.200,    -0.637795,     0.484390,     0.004596,
  1670.250,    -0.607796,    -0.519557,     0.002144,
  1670.300,    -0.830190,    -1.744034,     0.001462,
  1670.350,    -1.265932,    -3.052837,    -0.000001,
  1670.400,    -1.825701,    -4.192625,    -0.002251,
  1670.450,    -2.390656,    -4.871893,     0.005232,
  1670.500,    -2.821841,    -4.825682,     0.000093,
  1670.550,    -2.932460,    -4.000582,     0.000054,
  1670.600,    -2.627706,    -2.658568,     0.004384,
  1670.650,    -2.118870,    -1.071755,     0.006458,
  1670.700,    -1.518721,     0.485978,     0.003889,
  1670.750,    -0.931896,     1.894552,     0.011943,
  1670.800,    -0.445654,     2.933516,     0.006529,
  1670.850,    -0.165479,     3.411537,     0.002080,
  1670.900,    -0.204134,     3.192661,     0.006473,
  1670.950,    -0.690058,     2.448630,     0.003764,
  1671.000,    -1.472457,     1.430026,     0.002331,
  1671.050,    -2.216881,     0.408478,     0.008109,
  1671.100,    -2.575885,    -0.451436,     0.006377,
  1671.150,    -2.448277,    -0.960817,     0.002714,
  1671.200,    -1.884059,    -1.060193,    -0.002460,
  1671.250,    -1.070768,    -0.663694,    -0.000610,
  1671.300,    -0.186053,     0.062822,    -0.000822,
  1671.350,     0.473139,     0.883004,     0.003011,
  1671.400,     0.784062,     1.683465,     0.001757,
  1671.450,     0.602012,     2.433776,     0.001135,
  1671.500,     0.156963,     3.137004,     0.001746,
  1671.550,    -0.305559,     3.789860,     0.003231,
  1671.600,    -0.490164,     4.497620,     0.002124,
  1671.650,    -0.295369,     5.222535,     0.003459,
  1671.700,     0.122976,     5.901816,     0.004682,
  1671.750,     0.624338,     6.195639,     0.009234,
  1671.800,     1.056857,     5.981187,     0.006353,
  1671.850,     1.410253,     5.335014,     0.000644,
  1671.900,     1.672382,     4.410735,     0.004301,
  1671.950,     1.876933,     3.321650,     0.003953,
  1672.000,     2.042326,     2.132569,     0.006745,
  1672.050,     2.242050,     0.935982,     0.002752,
  1672.100,     2.504985,    -0.097018,     0.007470,
  1672.150,     2.875463,    -0.778452,     0.001788,
  1672.200,     3.287389,    -1.038260,     0.000306,
  1672.250,     3.607664,    -0.783239,     0.005718,
  1672.300,     3.743363,     0.004783,     0.004077,
  1672.350,     3.673462,     1.387401,     0.002579,
  1672.400,     3.615341,     3.077046,     0.004310,
  1672.450,     3.649771,     4.595813,     0.001431,
  1672.500,     3.666607,     5.531017,     0.002509,
  1672.550,     3.493998,     5.600975,     0.004775,
  1672.600,     3.002278,     4.902975,     0.008161,
  1672.650,     2.204517,     3.582044,     0.001875,
  1672.700,     1.434255,     1.961807,    -0.000217,
  1672.750,     0.869613,     0.388899,     0.000990,
  1672.800,     0.626206,    -0.792903,    -0.000023,
  1672.850,     0.697100,    -1.559035,    -0.002096,
  1672.900,     1.042731,    -1.835454,     0.002527,
  1672.950,     1.566360,    -1.664866,     0.005965,
  1673.000,     2.087468,    -1.176190,     0.003904,
  1673.050,     2.399352,    -0.496011,     0.004126,
  1673.100,     2.345957,     0.210725,     0.006807,
  1673.150,     2.060861,     0.794993,     0.006210,
  1673.200,     1.649721,     1.214705,     0.000518,
  1673.250,     1.110939,     1.474065,     0.005874,
  1673.300,     0.459578,     1.639771,     0.002600,
  1673.350,    -0.102317,     1.766697,     0.003699,
  1673.400,    -0.443950,     1.904042,     0.004333,
  1673.450,    -0.525308,     2.052326,     0.008524,
  1673.500,    -0.365776,     2.186667,     0.012997,
  1673.550,    -0.224417,     2.189667,     0.003652,
  1673.600,    -0.188478,     2.027777,     0.007006,
  1673.650,    -0.226947,     1.665004,     0.005796,
  1673.700,    -0.283179,     1.127236,     0.001346,
  1673.750,    -0.307545,     0.401514,    -0.000860,
  1673.800,    -0.401797,    -0.456556,     0.001192,
  1673.850,    -0.536367,    -1.329903,     0.001725,
  1673.900,    -0.679487,    -2.109243,     0.005835,
  1673.950,    -0.773473,    -2.672158,     0.002915,
  1674.000,    -0.888150,    -2.853025,     0.001750,
  1674.050,    -0.972191,    -2.533091,     0.003507,
  1674.100,    -1.014221,    -1.651755,     0.004596,
  1674.150,    -0.961309,    -0.453523,     0.007705,
  1674.200,    -0.861373,     0.815121,     0.000323,
  1674.250,    -0.813373,     1.977493,     0.003765,
  1674.300,    -0.996101,     2.902698,     0.006631,
  1674.350,    -1.415286,     3.339133,     0.003960,
  1674.400,    -2.009062,     3.147577,     0.003144,
  1674.450,    -2.684536,     2.474950,     0.005766,
  1674.500,    -3.370790,     1.639727,     0.005318,
  1674.550,    -3.986821,     0.968594,    -0.000766,
  1674.600,    -4.279108,     0.576112,     0.004529,
  1674.650,    -4.133081,     0.331323,     0.004219,
  1674.700,    -3.430300,     0.255601,     0.008744,
  1674.750,    -2.393297,     0.251998,     0.004196,
  1674.800,    -1.363017,     0.431632,     0.004607,
  1674.850,    -0.470243,     0.652575,     0.002612,
  1674.900,     0.239072,     0.917843,     0.002159,
  1674.950,     0.675109,     1.179706,     0.000796,
  1675.000,     0.848641,     1.596654,     0.006051,
  1675.050,     0.653180,     2.116539,     0.007929,
  1675.100,     0.151919,     2.621316,     0.004945,
  1675.150,    -0.466510,     2.884645,     0.010861,
  1675.200,    -1.016670,     2.842668,     0.011128,
  1675.250,    -1.417738,     2.499815,     0.003021,
  1675.300,    -1.573967,     1.903486,     0.006760,
  1675.350,    -1.524480,     1.192339,     0.007498,
  1675.400,    -1.218194,     0.383384,     0.004602,
  1675.450,    -0.710681,    -0.486416,    -0.000612,
  1675.500,    -0.145548,    -1.358856,     0.001025,
  1675.550,     0.357585,    -2.050295,    -0.000868,
  1675.600,     0.722391,    -2.544545,    -0.000902,
  1675.650,     0.977355,    -2.818688,     0.001677,
  1675.700,     1.230423,    -2.911071,     0.003749,
  1675.750,     1.522357,    -2.789953,     0.002776,
  1675.800,     1.921874,    -2.338151,     0.008013,
  1675.850,     2.371967,    -1.632665,     0.006227,
  1675.900,     2.715238,    -0.815731,     0.007682,
  1675.950,     2.855403,    -0.039722,     0.002464,
  1676.000,     2.885186,     0.452451,     0.006792,
  1676.050,     2.866373,     0.631833,     0.010599,
  1676.100,     2.851309,     0.429057,     0.004717,
  1676.150,     2.809185,     0.003875,    -0.001421,
  1676.200,     2.768018,    -0.524078,     0.000934,
  1676.250,     2.725833,    -0.917231,    -0.000983,
  1676.300,     2.765647,    -1.026849,     0.000215,
  1676.350,     2.942689,    -0.739511,    -0.003313,
  1676.400,     3.273027,     0.061564,     0.000659,
  1676.450,     3.758022,     1.136488,     0.000273,
  1676.500,     4.440227,     2.296843,    -0.006466,
  1676.550,     5.229618,     3.266982,     0.000686,
  1676.600,     5.886401,     3.877250,     0.001945,
  1676.650,     6.072149,     4.110587,     0.009205,
  1676.700,     5.599525,     4.057056,     0.013080,
  1676.750,     4.461918,     3.970703,     0.007903,
  1676.800,     2.854160,     3.885809,     0.006506,
  1676.850,     1.119705,     3.751709,     0.007579,
  1676.900,    -0.508064,     3.606453,     0.007031,
  1676.950,    -1.761418,     3.419206,     0.006327,
  1677.000,    -2.538105,     3.220927,     0.006192,
  1677.050,    -2.868935,     2.897958,     0.001136,
  1677.100,    -2.805536,     2.428987,     0.002902,
  1677.150,    -2.392710,     1.723588,    -0.002016,
  1677.200,    -1.805506,     0.860726,    -0.003423,
  1677.250,    -1.244990,    -0.001927,     0.000884,
  1677.300,    -0.789387,    -0.804428,    -0.004008,
  1677.350,    -0.430430,    -1.520904,    -0.002239,
  1677.400,    -0.146378,    -2.226664,    -0.002060,
  1677.450,     0.088865,    -2.926704,     0.004652,
  1677.500,     0.270736,    -3.610735,     0.001748,
  1677.550,     0.430976,    -4.025894,     0.011818,
  1677.600,     0.615522,    -4.085726,     0.008334,
  1677.650,     0.814296,    -3.749417,     0.006215,
  1677.700,     0.928193,    -3.089105,     0.012598,
  1677.750,     0.887290,    -2.255187,     0.013178,
  1677.800,     0.707738,    -1.326156,     0.013524,
  1677.850,     0.348604,    -0.414525,     0.011783,
  1677.900,    -0.117188,     0.452047,     0.005055,
  1677.950,    -0.639889,     1.215503,     0.002256,
  1678.000,    -1.238527,     1.867822,    -0.000586,
  1678.050,    -1.760169,     2.447132,    -0.000238,
  1678.100,    -2.135836,     2.946269,    -0.006413,
  1678.150,    -2.271477,     3.329762,    -0.008114,
  1678.200,    -1.970032,     3.461490,    -0.005683,
  1678.250,    -1.280433,     3.286942,    -0.010577,
  1678.300,    -0.305196,     2.820437,    -0.008418,
  1678.350,     0.677291,     2.110837,     0.006986,
  1678.400,     1.549553,     1.350681,     0.002914,
  1678.450,     2.248864,     0.545600,     0.006404,
  1678.500,     2.505874,    -0.254601,     0.007723,
  1678.550,     2.196107,    -0.950069,     0.012968,
  1678.600,     1.414304,    -1.446930,     0.012869,
  1678.650,     0.394310,    -1.623106,     0.010331,
  1678.700,    -0.598653,    -1.444168,     0.011792,
  1678.750,    -1.295637,    -1.059323,     0.006461,
  1678.800,    -1.668040,    -0.542013,     0.007812,
  1678.850,    -1.755690,    -0.018378,    -0.001949,
  1678.900,    -1.635331,     0.425745,    -0.003637,
  1678.950,    -1.287619,     0.790540,    -0.005271,
  1679.000,    -0.796297,     0.984693,    -0.003371,
  1679.050,    -0.348078,     1.013227,    -0.011967,
  1679.100,    -0.024725,     0.944345,    -0.008970,
  1679.150,     0.282059,     0.879909,    -0.005256,
  1679.200,     0.594738,     0.987428,    -0.005111,
  1679.250,     0.925815,     1.153498,    -0.005264,
  1679.300,     1.129682,     1.336168,     0.001591,
  1679.350,     1.108419,     1.444655,     0.009851,
  1679.400,     0.841534,     1.384619,     0.008956,
  1679.450,     0.464206,     1.276190,     0.011118,
  1679.500,     0.043050,     1.151998,     0.016047,
  1679.550,    -0.361001,     1.036389,     0.012322,
  1679.600,    -0.743442,     0.822260,     0.014312,
  1679.650,    -1.073395,     0.489344,     0.007796,
  1679.700,    -1.283949,     0.111605,     0.002892,
  1679.750,    -1.396307,    -0.136383,     0.006530,
  1679.800,    -1.417693,    -0.183329,    -0.001292,
  1679.850,    -1.401233,     0.089244,    -0.003809,
  1679.900,    -1.294883,     0.565430,    -0.008733,
  1679.950,    -1.039600,     1.250601,    -0.013240,
  1680.000,    -0.613743,     2.055370,    -0.009171,
  1680.050,    -0.096837,     2.926242,    -0.010484,
  1680.100,     0.392123,     3.609281,    -0.004221,
  1680.150,     0.708242,     3.957772,    -0.000396,
  1680.200,     0.788450,     3.925172,     0.005970,
  1680.250,     0.685106,     3.677354,     0.008834,
  1680.300,     0.362300,     3.490739,     0.012892,
  1680.350,    -0.059293,     3.503816,     0.014392,
  1680.400,    -0.451467,     3.660714,     0.016888,
  1680.450,    -0.662245,     3.784592,     0.009322,
  1680.500,    -0.580558,     3.824643,     0.005587,
  1680.550,    -0.216383,     3.731541,     0.015980,
  1680.600,     0.395488,     3.510038,     0.007869,
  1680.650,     1.076108,     2.993122,     0.003253,
  1680.700,     1.674822,     2.112110,     0.000660,
  1680.750,     2.108891,     1.024903,    -0.005210,
  1680.800,     2.264507,    -0.076396,    -0.008976,
  1680.850,     2.172998,    -0.928485,    -0.007365,
  1680.900,     1.989903,    -1.375108,    -0.011539,
  1680.950,     1.801024,    -1.509035,    -0.009397,
  1681.000,     1.616681,    -1.330337,    -0.005288,
  1681.050,     1.441066,    -0.869043,    -0.002881,
  1681.100,     1.251204,    -0.272924,     0.001813,
  1681.150,     1.089685,     0.316817,     0.005388,
  1681.200,     0.910802,     0.762311,     0.011011,
  1681.250,     0.684516,     1.087771,     0.016364,
  1681.300,     0.337035,     1.309974,     0.017416,
  1681.350,    -0.141198,     1.551823,     0.017154,
  1681.400,    -0.639723,     1.865516,     0.016447,
  1681.450,    -1.118862,     2.190166,     0.013793,
  1681.500,    -1.525201,     2.495474,     0.011420,
  1681.550,    -1.873015,     2.731245,     0.004867,
  1681.600,    -2.242664,     2.832177,    -0.003738,
  1681.650,    -2.566930,     2.826116,    -0.005784,
  1681.700,    -2.726711,     2.733490,    -0.009106,
  1681.750,    -2.633566,     2.577436,    -0.007732,
  1681.800,    -2.258690,     2.285596,    -0.003275,
  1681.850,    -1.650064,     1.884823,    -0.008383,
  1681.900,    -0.945988,     1.385372,    -0.004193,
  1681.950,    -0.275685,     0.872870,    -0.005063,
  1682.000,     0.299000,     0.476956,    -0.000303,
  1682.050,     0.723537,     0.241674,     0.007052,
  1682.100,     0.993289,     0.182498,     0.010283,
  1682.150,     1.189727,     0.282745,     0.006934,
  1682.200,     1.266699,     0.487860,     0.016743,
  1682.250,     1.346490,     0.765049,     0.018598,
  1682.300,     1.433754,     1.076061,     0.014980,
  1682.350,     1.444804,     1.345877,     0.014351,
  1682.400,     1.389366,     1.614656,     0.013489,
  1682.450,     1.194153,     1.934996,     0.001859,
  1682.500,     0.852779,     2.317847,    -0.000106,
  1682.550,     0.458858,     2.571037,     0.001028,
  1682.600,     0.074735,     2.715450,     0.001513,
  1682.650,    -0.363776,     2.695597,    -0.012466,
  1682.700,    -0.819276,     2.511846,    -0.006584,
  1682.750,    -1.216847,     2.259730,    -0.005662,
  1682.800,    -1.393457,     1.937984,    -0.006528,
  1682.850,    -1.323241,     1.593883,    -0.005857,
  1682.900,    -1.002429,     1.197974,    -0.002310,
  1682.950,    -0.526628,     0.856578,     0.008937,
  1683.000,    -0.009142,     0.591795,     0.005992,
  1683.050,     0.496677,     0.388310,     0.010979,
  1683.100,     0.851671,     0.239085,     0.013640,
  1683.150,     1.033083,     0.154335,     0.007548,
  1683.200,     0.954382,     0.169285,     0.010209,
  1683.250,     0.730902,     0.348151,     0.015331,
  1683.300,     0.473541,     0.705455,     0.013146,
  1683.350,     0.342979,     1.189040,     0.004874,
  1683.400,     0.400774,     1.704080,     0.004654,
  1683.450,     0.547324,     2.117921,    -0.002646,
  1683.500,     0.714590,     2.352159,     0.002337,
  1683.550,     0.781591,     2.378809,    -0.003569,
  1683.600,     0.768156,     2.300817,    -0.004124,
  1683.650,     0.724853,     2.207273,    -0.005407,
  1683.700,     0.676530,     2.084502,    -0.009680,
  1683.750,     0.538316,     1.861927,    -0.009262,
  1683.800,     0.344236,     1.496297,    -0.008581,
  1683.850,     0.109014,     0.958744,    -0.000688,
  1683.900,    -0.029960,     0.295860,    -0.000419,
  1683.950,    -0.008065,    -0.417423,     0.006438,
  1684.000,     0.200000,    -1.076099,     0.008644,
  1684.050,     0.533877,    -1.664791,     0.013089,
  1684.100,     0.908293,    -1.881292,     0.013185,
  1684.150,     1.319656,    -1.641991,     0.012102,
  1684.200,     1.701369,    -0.908922,     0.015074,
  1684.250,     2.029825,     0.057908,     0.010896,
  1684.300,     2.145484,     1.052434,     0.007919,
  1684.350,     1.942875,     1.909970,     0.002162,
  1684.400,     1.522108,     2.528583,    -0.002632,
  1684.450,     1.106686,     2.910504,    -0.003830,
  1684.500,     0.849109,     3.039462,    -0.004687,
  1684.550,     0.835337,     2.959035,    -0.007120,
  1684.600,     0.916863,     2.770499,    -0.007993,
  1684.650,     1.036072,     2.537622,    -0.006649,
  1684.700,     1.114915,     2.230924,    -0.002228,
  1684.750,     1.162587,     1.831384,    -0.000351,
  1684.800,     1.004538,     1.285302,     0.000160,
  1684.850,     0.597525,     0.667263,    -0.000099,
  1684.900,    -0.040208,     0.041377,     0.001604,
  1684.950,    -0.745793,    -0.428136,     0.011713,
  1685.000,    -1.267619,    -0.708761,     0.021693,
  1685.050,    -1.555991,    -0.672982,     0.010230,
  1685.100,    -1.611803,    -0.345578,     0.009835,
  1685.150,    -1.450126,     0.219219,     0.007317,
  1685.200,    -1.091517,     0.930121,     0.003130,
  1685.250,    -0.612325,     1.662913,     0.005767,
  1685.300,    -0.121614,     2.336706,     0.004741,
  1685.350,     0.244562,     2.790813,    -0.001038,
  1685.400,     0.425756,     2.837893,     0.001260,
  1685.450,     0.551492,     2.526431,    -0.001787,
  1685.500,     0.681984,     1.958973,     0.001738,
  1685.550,     0.801154,     1.391149,    -0.007637,
  1685.600,     0.980336,     0.930255,    -0.006779,
  1685.650,     1.132936,     0.562372,    -0.003706,
  1685.700,     1.266627,     0.322827,     0.001909,
  1685.750,     1.293286,     0.155830,     0.000107,
  1685.800,     1.268635,     0.091455,     0.002140,
  1685.850,     1.221010,     0.074935,     0.007099,
  1685.900,     1.139438,     0.001193,     0.007279,
  1685.950,     1.038443,    -0.119799,     0.008789,
  1686.000,     0.845211,    -0.162694,     0.010061,
  1686.050,     0.569641,    -0.039735,     0.010266,
  1686.100,     0.250936,     0.280877,     0.013930,
  1686.150,    -0.054318,     0.692554,     0.007095,
  1686.200,    -0.253348,     1.156741,     0.004564,
  1686.250,    -0.361430,     1.552242,     0.000688,
  1686.300,    -0.365449,     1.866623,     0.004795,
  1686.350,    -0.261021,     2.019688,     0.001568,
  1686.400,    -0.019991,     1.916365,     0.003817,
  1686.450,     0.262341,     1.485783,    -0.000885,
  1686.500,     0.630158,     0.797933,    -0.001244,
  1686.550,     1.007693,     0.052865,    -0.002531,
  1686.600,     1.299187,    -0.647351,    -0.001177,
  1686.650,     1.553498,    -1.141138,     0.001273,
  1686.700,     1.704331,    -1.368795,     0.000394,
  1686.750,     1.695233,    -1.369090,    -0.000430,
  1686.800,     1.488203,    -1.112459,     0.008855,
  1686.850,     1.172637,    -0.498849,     0.007913,
  1686.900,     0.801566,     0.373076,    -0.002792,
  1686.950,     0.381958,     1.343611,    -0.001084,
  1687.000,     0.038193,     2.220433,     0.007896,
  1687.050,    -0.214425,     2.790095,     0.006718,
  1687.100,    -0.357710,     3.106945,     0.005814,
  1687.150,    -0.429215,     3.106982,     0.000551,
  1687.200,    -0.378132,     2.837052,    -0.000391,
  1687.250,    -0.240657,     2.304517,     0.003706,
  1687.300,    -0.076423,     1.643385,     0.004943,
  1687.350,     0.083777,     0.972145,     0.006234,
  1687.400,     0.246103,     0.364439,     0.003634,
  1687.450,     0.467570,    -0.127680,     0.007323,
  1687.500,     0.785662,    -0.449573,     0.004279,
  1687.550,     1.090529,    -0.711068,     0.000166,
  1687.600,     1.287492,    -0.992829,     0.004306,
  1687.650,     1.324497,    -1.319799,     0.003877,
  1687.700,     1.198147,    -1.571145,     0.007502,
  1687.750,     0.902017,    -1.542420,    -0.001059,
  1687.800,     0.580248,    -1.101569,     0.006987,
  1687.850,     0.277943,    -0.308003,     0.002871,
  1687.900,    -0.058669,     0.731242,     0.000949,
  1687.950,    -0.442715,     1.850057,    -0.001640,
  1688.000,    -0.894230,     2.753399,     0.002472,
  1688.050,    -1.361267,     3.277598,     0.003818,
  1688.100,    -1.754206,     3.297298,     0.004932,
  1688.150,    -2.048195,     2.876221,     0.000298,
  1688.200,    -2.162222,     2.170375,     0.005171,
  1688.250,    -2.022528,     1.313024,     0.007156,
  1688.300,    -1.510327,     0.451004,     0.004497,
  1688.350,    -0.662296,    -0.335147,     0.002764,
  1688.400,     0.307748,    -0.889231,     0.003791,
  1688.450,     1.148700,    -1.064746,     0.004998,
  1688.500,     1.690154,    -0.932000,     0.004842,
  1688.550,     1.935280,    -0.535668,     0.001293,
  1688.600,     1.910696,     0.061993,     0.002225,
  1688.650,     1.707605,     0.744836,     0.003228,
  1688.700,     1.466623,     1.357723,    -0.001041,
  1688.750,     1.233944,     1.764261,     0.003937,
  1688.800,     1.065660,     1.791242,     0.000519,
  1688.850,     0.944691,     1.478882,     0.000276,
  1688.900,     0.800657,     0.900863,     0.000812,
  1688.950,     0.600801,     0.198671,     0.000753,
  1689.000,     0.323661,    -0.468450,    -0.005711,
  1689.050,    -0.010699,    -0.949988,     0.000639,
  1689.100,    -0.306368,    -1.127342,     0.001537,
  1689.150,    -0.505200,    -0.955192,     0.004346,
  1689.200,    -0.512628,    -0.573804,     0.003756,
  1689.250,    -0.341937,    -0.082558,     0.009690,
  1689.300,    -0.043412,     0.400849,     0.010790,
  1689.350,     0.373853,     0.783911,     0.005801,
  1689.400,     0.794251,     0.997937,     0.002129,
  1689.450,     1.151439,     1.060174,     0.010627,
  1689.500,     1.352998,     1.013047,     0.007595,
  1689.550,     1.326382,     0.894100,     0.008699,
  1689.600,     1.040562,     0.862166,     0.003462,
  1689.650,     0.561600,     1.000874,     0.004766,
  1689.700,     0.084549,     1.370165,     0.001806,
  1689.750,    -0.273921,     1.888734,    -0.002197,
  1689.800,    -0.544807,     2.335326,    -0.009685,
  1689.850,    -0.715092,     2.624466,    -0.006354,
  1689.900,    -0.768433,     2.627302,    -0.007519,
  1689.950,    -0.669990,     2.330004,    -0.013970,
  1690.000,    -0.489597,     1.838481,    -0.005935,
  1690.050,    -0.242568,     1.136360,    -0.001046,
  1690.100,    -0.021971,     0.332646,    -0.002489,
  1690.150,     0.164549,    -0.448915,     0.004259,
  1690.200,     0.407467,    -1.072448,     0.000508,
  1690.250,     0.670884,    -1.405867,     0.003655,
  1690.300,     0.913660,    -1.384308,     0.009497,
  1690.350,     1.020769,    -1.002613,     0.012145,
  1690.400,     1.002256,    -0.369327,     0.011146,
  1690.450,     0.934482,     0.414418,     0.007399,
  1690.500,     0.809407,     1.264879,     0.007252,
  1690.550,     0.606232,     2.078002,     0.011817,
  1690.600,     0.333793,     2.690379,     0.000218,
  1690.650,    -0.032081,     3.037519,     0.000462,
  1690.700,    -0.439928,     3.023940,    -0.003561,
  1690.750,    -0.767776,     2.709839,    -0.004954,
  1690.800,    -0.907553,     2.242089,    -0.005889,
  1690.850,    -0.926144,     1.670260,    -0.008579,
  1690.900,    -0.821289,     1.163267,    -0.010390,
  1690.950,    -0.588102,     0.768299,    -0.009424,
  1691.000,    -0.170383,     0.473777,    -0.003284,
  1691.050,     0.386419,     0.285832,    -0.002336,
  1691.100,     0.959606,     0.203289,     0.005679,
  1691.150,     1.380912,     0.125032,     0.007047,
  1691.200,     1.578941,     0.156049,     0.008252,
  1691.250,     1.534850,     0.241990,     0.011201,
  1691.300,     1.332637,     0.509349,     0.011726,
  1691.350,     0.968970,     0.941554,     0.014391,
  1691.400,     0.540127,     1.529320,     0.012536,
  1691.450,     0.051131,     2.191168,     0.012601,
  1691.500,    -0.402089,     2.827658,     0.015576,
  1691.550,    -0.756030,     3.378861,     0.008623,
  1691.600,    -0.984143,     3.692797,     0.006288,
  1691.650,    -1.082524,     3.624742,     0.001852,
  1691.700,    -1.095120,     3.149624,    -0.001903,
  1691.750,    -1.086022,     2.228937,    -0.000273,
  1691.800,    -1.105063,     1.063858,    -0.008352,
  1691.850,    -1.071051,    -0.152253,    -0.005137,
  1691.900,    -0.903365,    -1.174209,    -0.012673,
  1691.950,    -0.553071,    -1.791788,    -0.005241,
  1692.000,    -0.036973,    -1.923481,     0.001238,
  1692.050,     0.575639,    -1.494760,     0.000084,
  1692.100,     1.148693,    -0.672926,     0.002442,
  1692.150,     1.575860,     0.363339,     0.007466,
  1692.200,     1.762024,     1.363359,     0.013746,
  1692.250,     1.678787,     2.160327,     0.010029,
  1692.300,     1.395425,     2.568445,     0.013238,
  1692.350,     0.993689,     2.533085,     0.012732,
  1692.400,     0.543753,     2.142730,     0.009131,
  1692.450,     0.096627,     1.538134,     0.005998,
  1692.500,    -0.315406,     0.980385,     0.008910,
  1692.550,    -0.592631,     0.587184,     0.002522,
  1692.600,    -0.695340,     0.442132,     0.004894,
  1692.650,    -0.657868,     0.574560,    -0.003465,
  1692.700,    -0.446512,     0.747681,    -0.005282,
  1692.750,    -0.098694,     0.841796,    -0.003511,
  1692.800,     0.292707,     0.932781,    -0.006565,
  1692.850,     0.649305,     0.984177,    -0.002242,
  1692.900,     0.870752,     1.003946,    -0.000641,
  1692.950,     0.867492,     0.929122,    -0.001743,
  1693.000,     0.627447,     0.783914,    -0.002435,
  1693.050,     0.243456,     0.672512,     0.004396,
  1693.100,    -0.269645,     0.662233,     0.006981,
  1693.150,    -0.792232,     0.801518,     0.003193,
  1693.200,    -1.152267,     1.125919,     0.014329,
  1693.250,    -1.261408,     1.556513,     0.011572,
  1693.300,    -1.162730,     1.945138,     0.008768,
  1693.350,    -0.892065,     2.242532,     0.004264,
  1693.400,    -0.603914,     2.400666,     0.004023,
  1693.450,    -0.292902,     2.426737,     0.010377,
  1693.500,    -0.045346,     2.266734,     0.004005,
  1693.550,     0.165573,     1.909553,     0.002099,
  1693.600,     0.305835,     1.422311,    -0.000994,
  1693.650,     0.399310,     0.873087,     0.005216,
  1693.700,     0.453322,     0.341281,     0.008664,
  1693.750,     0.518566,    -0.081404,     0.003963,
  1693.800,     0.629148,    -0.283392,     0.003131,
  1693.850,     0.869731,    -0.165438,     0.004073,
  1693.900,     1.166366,     0.235648,     0.005650,
  1693.950,     1.399534,     0.712439,     0.006131,
  1694.000,     1.491374,     1.100583,     0.001127,
  1694.050,     1.442747,     1.220353,     0.005731,
  1694.100,     1.222789,     1.020043,     0.001453,
  1694.150,     0.820613,     0.663621,     0.000728,
  1694.200,     0.325979,     0.307127,     0.002112,
  1694.250,    -0.227283,     0.061134,    -0.004352,
  1694.300,    -0.761618,     0.025835,    -0.005352,
  1694.350,    -1.219289,     0.154167,    -0.004288,
  1694.400,    -1.431241,     0.422037,    -0.004339,
  1694.450,    -1.396621,     0.740911,     0.000128,
  1694.500,    -1.141160,     1.024193,    -0.004404,
  1694.550,    -0.719466,     1.136833,     0.010010,
  1694.600,    -0.184649,     1.020943,     0.004400,
  1694.650,     0.416036,     0.736161,     0.009078,
  1694.700,     1.014186,     0.438248,     0.015935,
  1694.750,     1.456516,     0.248550,     0.012454,
  1694.800,     1.733932,     0.179645,     0.009732,
  1694.850,     1.744367,     0.195447,     0.011154,
  1694.900,     1.511409,     0.282804,     0.007996,
  1694.950,     1.139407,     0.461654,     0.008834,
  1695.000,     0.686035,     0.742957,     0.004736,
  1695.050,     0.232150,     1.025701,     0.000521,
  1695.100,    -0.083025,     1.259097,    -0.006691,
  1695.150,    -0.233936,     1.238673,    -0.009085,
  1695.200,    -0.288043,     0.976320,    -0.009768,
  1695.250,    -0.291904,     0.506294,    -0.004985,
  1695.300,    -0.249525,    -0.005801,    -0.007468,
  1695.350,    -0.207960,    -0.496504,    -0.008748,
  1695.400,    -0.124033,    -0.819703,    -0.009747,
  1695.450,     0.031214,    -0.989628,    -0.000381,
  1695.500,     0.289659,    -0.954995,    -0.001269,
  1695.550,     0.624979,    -0.679936,     0.002674,
  1695.600,     0.979822,    -0.241350,     0.015938,
  1695.650,     1.280714,     0.298546,     0.008206,
  1695.700,     1.544073,     0.761163,     0.010685,
  1695.750,     1.715562,     1.142690,     0.017832,
  1695.800,     1.710824,     1.287671,     0.016920,
  1695.850,     1.450570,     1.216640,     0.015514,
  1695.900,     0.933559,     0.942684,     0.005947,
  1695.950,     0.258371,     0.518857,     0.004023,
  1696.000,    -0.426648,     0.016242,     0.000620,
  1696.050,    -1.003906,    -0.420836,     0.001044,
  1696.100,    -1.343486,    -0.652076,    -0.009863,
  1696.150,    -1.421986,    -0.530327,    -0.007149,
  1696.200,    -1.191851,    -0.100584,    -0.009248,
  1696.250,    -0.685420,     0.537141,    -0.013444,
  1696.300,     0.005447,     1.170117,    -0.010889,
  1696.350,     0.711224,     1.612779,    -0.009099,
  1696.400,     1.233388,     1.746676,    -0.003458,
  1696.450,     1.471578,     1.612897,     0.007153,
  1696.500,     1.440082,     1.228865,     0.011312,
  1696.550,     1.122376,     0.726397,     0.005007,
  1696.600,     0.683158,     0.259011,     0.009421,
  1696.650,     0.160697,    -0.063428,     0.017510,
  1696.700,    -0.251424,    -0.152744,     0.010140,
  1696.750,    -0.418253,    -0.072411,     0.009062,
  1696.800,    -0.367072,     0.120159,     0.012031,
  1696.850,    -0.214513,     0.423928,     0.000164,
  1696.900,    -0.057260,     0.709750,     0.000455,
  1696.950,     0.077537,     1.026023,     0.005447,
  1697.000,     0.222022,     1.315422,     0.002304,
  1697.050,     0.355882,     1.543624,    -0.000296,
  1697.100,     0.403122,     1.707006,    -0.005308,
  1697.150,     0.363226,     1.788889,    -0.002002,
  1697.200,     0.276179,     1.776160,    -0.005451,
  1697.250,     0.228665,     1.690371,    -0.010060,
  1697.300,     0.332423,     1.527791,    -0.001393,
  1697.350,     0.529164,     1.330025,     0.006117,
  1697.400,     0.769383,     1.178847,     0.003679,
  1697.450,     1.008375,     1.114457,     0.003791,
  1697.500,     1.170670,     1.147654,     0.006603,
  1697.550,     1.242156,     1.260431,     0.008801,
  1697.600,     1.186849,     1.396614,     0.011692,
  1697.650,     1.034570,     1.472952,     0.000596,
  1697.700,     0.753825,     1.368465,    -0.001087,
  1697.750,     0.400400,     1.130898,     0.006344,
  1697.800,     0.022759,     0.844827,    -0.000058,
  1697.850,    -0.362121,     0.674545,    -0.000849,
  1697.900,    -0.658628,     0.771067,     0.001101,
  1697.950,    -0.760235,     1.108862,     0.004066,
  1698.000,    -0.653043,     1.613853,     0.005119,
  1698.050,    -0.350597,     2.130295,     0.000499,
  1698.100,     0.052985,     2.564848,    -0.003254,
  1698.150,     0.402391,     2.775530,     0.005421,
  1698.200,     0.561157,     2.623393,     0.009432,
  1698.250,     0.509369,     2.157658,     0.005321,
  1698.300,     0.340489,     1.523636,     0.008669,
  1698.350,     0.157416,     0.982200,     0.005400,
  1698.400,     0.053781,     0.644066,     0.004143,
  1698.450,     0.068707,     0.527354,     0.010045,
  1698.500,     0.150526,     0.545730,     0.006079,
  1698.550,     0.273632,     0.742787,    -0.002642,
  1698.600,     0.404685,     0.995847,    -0.001361,
  1698.650,     0.468728,     1.265533,     0.002799,
  1698.700,     0.475477,     1.474968,     0.000786,
  1698.750,     0.305543,     1.525778,    -0.002069,
  1698.800,     0.056898,     1.514488,     0.001386,
  1698.850,    -0.158589,     1.456610,    -0.004347,
  1698.900,    -0.301452,     1.369822,    -0.000568,
  1698.950,    -0.324339,     1.291055,     0.002789,
  1699.000,    -0.228709,     1.147038,     0.009237,
  1699.050,    -0.102033,     0.943440,     0.008481,
  1699.100,     0.058784,     0.729823,     0.008781,
  1699.150,     0.276866,     0.651807,     0.012188,
  1699.200,     0.509476,     0.766728,     0.012534,
  1699.250,     0.699391,     0.959094,     0.014035,
  1699.300,     0.715301,     1.079285,     0.010543,
  1699.350,     0.567833,     1.017662,     0.008025,
  1699.400,     0.268287,     0.750040,     0.006015,
  1699.450,    -0.132688,     0.296059,    -0.002136,
  1699.500,    -0.525078,    -0.227596,    -0.001689,
  1699.550,    -0.831929,    -0.738272,    -0.005494,
  1699.600,    -1.014112,    -1.066399,    -0.004984,
  1699.650,    -0.990343,    -1.086662,    -0.008621,
  1699.700,    -0.866514,    -0.732967,    -0.007522,
  1699.750,    -0.637889,    -0.047674,    -0.007465,
  1699.800,    -0.340123,     0.839081,    -0.008689,
  1699.850,    -0.074152,     1.752978,     0.000034,
  1699.900,     0.119635,     2.450384,    -0.000552,
  1699.950,     0.216026,     2.840175,     0.008954,
  1700.000,     0.206395,     2.866925,     0.008188,
  1700.050,     0.159855,     2.536581,     0.010087,
  1700.100,     0.053857,     1.955277,     0.008892,
  1700.150,    -0.032725,     1.258269,     0.010859,
  1700.200,    -0.074215,     0.631063,     0.020225,
  1700.250,    -0.042820,     0.214407,     0.015628,
  1700.300,     0.101995,     0.035360,     0.009509,
  1700.350,     0.349508,     0.106097,     0.007951,
  1700.400,     0.693951,     0.356125,     0.009047,
  1700.450,     1.023656,     0.698159,     0.002653,
  1700.500,     1.202438,     1.100381,    -0.004398,
  1700.550,     1.186787,     1.486258,    -0.008619,
  1700.600,     1.009456,     1.795552,    -0.006301,
  1700.650,     0.695765,     1.998714,    -0.010259,
  1700.700,     0.292934,     2.124292,    -0.003969,
  1700.750,    -0.103148,     2.223595,    -0.003923,
  1700.800,    -0.372547,     2.279434,    -0.003553,
  1700.850,    -0.509489,     2.212552,     0.002825,
  1700.900,    -0.480173,     1.975957,     0.007076,
  1700.950,    -0.336292,     1.574126,     0.005935,
  1701.000,    -0.114775,     1.078355,     0.008771,
  1701.050,     0.150480,     0.565921,     0.010049,
  1701.100,     0.409060,     0.105276,     0.006400,
  1701.150,     0.646801,    -0.195628,     0.006104,
  1701.200,     0.882717,    -0.379004,     0.007823,
  1701.250,     1.023495,    -0.398505,     0.010173,
  1701.300,     1.035997,    -0.296935,     0.007831,
  1701.350,     0.967530,    -0.112662,     0.006758,
  1701.400,     0.776520,     0.193048,    -0.000685,
  1701.450,     0.541510,     0.542926,     0.004111,
  1701.500,     0.300194,     0.940374,     0.004657,
  1701.550,     0.126630,     1.319942,     0.000706,
  1701.600,     0.088899,     1.636360,    -0.004335,
  1701.650,     0.112854,     1.862691,    -0.001377,
  1701.700,     0.222711,     1.914803,    -0.002088,
  1701.750,     0.385756,     1.812830,    -0.000131,
  1701.800,     0.518210,     1.497084,     0.002950,
  1701.850,     0.536319,     1.093463,     0.000621,
  1701.900,     0.439502,     0.715838,     0.007695,
  1701.950,     0.279665,     0.412858,     0.007714,
  1702.000,     0.207461,     0.207046,     0.002340,
  1702.050,     0.332566,    -0.002225,     0.005525,
  1702.100,     0.564841,    -0.152308,     0.007882,
  1702.150,     0.861760,    -0.196308,     0.007226,
  1702.200,     1.169298,    -0.144487,     0.001450,
  1702.250,     1.386616,    -0.024069,    -0.000973,
  1702.300,     1.429606,     0.188871,     0.005382,
  1702.350,     1.267621,     0.432309,     0.005004,
  1702.400,     0.888695,     0.746406,    -0.002594,
  1702.450,     0.411999,     1.113395,    -0.001469,
  1702.500,    -0.014661,     1.465388,     0.000998,
  1702.550,    -0.246537,     1.738564,     0.001229,
  1702.600,    -0.292258,     1.847772,     0.008764,
  1702.650,    -0.187073,     1.741479,     0.012554,
  1702.700,    -0.000074,     1.477008,     0.009765,
  1702.750,     0.253557,     1.112401,     0.005015,
  1702.800,     0.554063,     0.725569,     0.007095,
  1702.850,     0.794324,     0.264683,     0.001905,
  1702.900,     0.971799,    -0.083359,     0.004412,
  1702.950,     0.977882,    -0.329628,     0.001135,
  1703.000,     0.877336,    -0.467160,     0.001452,
  1703.050,     0.756894,    -0.516775,    -0.002191,
  1703.100,     0.599277,    -0.552785,    -0.003465,
  1703.150,     0.399515,    -0.531802,    -0.005897,
  1703.200,     0.158617,    -0.392810,    -0.006424,
  1703.250,    -0.047687,    -0.156744,    -0.001789,
  1703.300,    -0.133926,     0.229008,    -0.001493,
  1703.350,    -0.112976,     0.770950,    -0.002897,
  1703.400,     0.045177,     1.354544,    -0.000286,
  1703.450,     0.206761,     1.873694,     0.004002,
  1703.500,     0.207507,     2.146879,     0.006969,
  1703.550,     0.094542,     2.142156,     0.007178,
  1703.600,    -0.155548,     1.924068,     0.010302,
  1703.650,    -0.424836,     1.563748,     0.012279,
  1703.700,    -0.660101,     1.072622,     0.006466,
  1703.750,    -0.748972,     0.518133,     0.010938,
  1703.800,    -0.626180,     0.011478,     0.012060,
  1703.850,    -0.282121,    -0.299374,     0.002061,
  1703.900,     0.258976,    -0.382060,     0.002767,
  1703.950,     0.841282,    -0.316831,     0.001363,
  1704.000,     1.332987,    -0.070874,     0.000698,
  1704.050,     1.669943,     0.321376,     0.002934,
  1704.100,     1.737616,     0.846238,     0.002457,
  1704.150,     1.543317,     1.416767,    -0.000513,
  1704.200,     1.172837,     1.969961,    -0.010881,
  1704.250,     0.663858,     2.376415,    -0.007775,
  1704.300,     0.096341,     2.539956,    -0.001710,
  1704.350,    -0.347803,     2.443849,    -0.001528,
  1704.400,    -0.605459,     2.187560,     0.000543,
  1704.450,    -0.648304,     1.799463,     0.010754,
  1704.500,    -0.460718,     1.304165,     0.005515,
  1704.550,    -0.197401,     0.827102,     0.005099,
  1704.600,     0.158910,     0.365469,     0.005103,
  1704.650,     0.505584,     0.092568,     0.006284,
  1704.700,     0.740675,     0.001743,     0.011705,
  1704.750,     0.917629,     0.116562,     0.010458,
  1704.800,     0.950376,     0.365459,     0.004732,
  1704.850,     0.857928,     0.687396,     0.002702,
  1704.900,     0.758905,     1.080751,     0.003336,
  1704.950,     0.678493,     1.547032,     0.003822,
  1705.000,     0.570210,     2.028004,     0.000391,
  1705.050,     0.466629,     2.429532,    -0.008057,
  1705.100,     0.287999,     2.701087,    -0.001898,
  1705.150,     0.054103,     2.786637,     0.001850,
  1705.200,    -0.168209,     2.728654,    -0.003752,
  1705.250,    -0.330175,     2.588807,     0.001018,
  1705.300,    -0.453244,     2.410819,     0.007767,
  1705.350,    -0.473174,     2.126121,     0.004489,
  1705.400,    -0.428037,     1.815159,     0.006442,
  1705.450,    -0.312967,     1.533803,    -0.000591,
  1705.500,    -0.161287,     1.343352,     0.007589,
  1705.550,     0.028217,     1.294895,     0.007206,
  1705.600,     0.296328,     1.230120,     0.007750,
  1705.650,     0.602402,     1.093479,     0.009016,
  1705.700,     0.876068,     0.922447,     0.001222,
  1705.750,     1.086315,     0.741133,    -0.000116,
  1705.800,     1.168536,     0.618669,     0.006118,
  1705.850,     1.125966,     0.557503,     0.001438,
  1705.900,     0.965809,     0.585135,    -0.003490,
  1705.950,     0.664840,     0.704118,     0.002941,
  1706.000,     0.278989,     0.924126,     0.002822,
  1706.050,    -0.050045,     1.228105,    -0.001243,
  1706.100,    -0.303817,     1.440186,     0.000835,
  1706.150,    -0.452956,     1.537056,     0.005139,
  1706.200,    -0.529207,     1.431115,     0.007249,
  1706.250,    -0.511936,     1.193729,     0.003725,
  1706.300,    -0.415566,     0.862866,    -0.001751,
  1706.350,    -0.238950,     0.475642,     0.006070,
  1706.400,     0.000217,     0.149753,     0.003823,
  1706.450,     0.270076,    -0.050592,     0.006690,
  1706.500,     0.533407,    -0.147607,     0.004713,
  1706.550,     0.752110,    -0.136650,    -0.002580,
  1706.600,     0.965243,    -0.023186,    -0.000462,
  1706.650,     1.085705,     0.111666,     0.001931,
  1706.700,     1.131808,     0.334724,     0.000790,
  1706.750,     1.041223,     0.646764,    -0.003104,
  1706.800,     0.861189,     0.982969,    -0.001395,
  1706.850,     0.583545,     1.270086,     0.004023,
  1706.900,     0.290468,     1.533274,     0.007438,
  1706.950,     0.038975,     1.732812,     0.008293,
  1707.000,    -0.204497,     1.885977,     0.001746,
  1707.050,    -0.362817,     1.991964,     0.010595,
  1707.100,    -0.446243,     2.012803,     0.005253,
  1707.150,    -0.478897,     1.977728,     0.006327,
  1707.200,    -0.429768,     1.943583,     0.011171,
  1707.250,    -0.361875,     1.878060,     0.005168,
  1707.300,    -0.251493,     1.716188,     0.007936,
  1707.350,    -0.104979,     1.452515,     0.004310,
  1707.400,     0.110676,     1.139832,     0.003234,
  1707.450,     0.383188,     0.851223,    -0.000632,
  1707.500,     0.708805,     0.639538,    -0.004598,
  1707.550,     1.083965,     0.604060,     0.002864,
  1707.600,     1.337717,     0.813209,    -0.001544,
  1707.650,     1.395866,     1.263659,    -0.004652,
  1707.700,     1.204550,     1.836553,     0.000082,
  1707.750,     0.848704,     2.379872,    -0.000162,
  1707.800,     0.454077,     2.806634,     0.003316,
  1707.850,     0.024051,     3.011721,     0.003580,
  1707.900,    -0.332057,     2.980675,     0.005806,
  1707.950,    -0.576466,     2.724464,     0.007521,
  1708.000,    -0.693530,     2.294835,     0.013082,
  1708.050,    -0.534634,     1.783803,     0.007512,
  1708.100,    -0.275779,     1.269205,     0.009670,
  1708.150,     0.040436,     0.851650,     0.010185,
  1708.200,     0.358026,     0.570834,     0.009132,
  1708.250,     0.694308,     0.472253,     0.014495,
  1708.300,     0.962687,     0.513279,     0.005637,
  1708.350,     1.163361,     0.688256,     0.000026,
  1708.400,     1.234947,     0.913415,     0.000849,
  1708.450,     1.162020,     1.097041,     0.002100,
  1708.500,     1.021533,     1.167100,     0.001305,
  1708.550,     0.792148,     1.094580,     0.001861,
  1708.600,     0.577098,     0.988459,    -0.000145,
  1708.650,     0.316014,     0.890508,     0.004119,
  1708.700,     0.028272,     0.825239,     0.000873,
  1708.750,    -0.189239,     0.834482,    -0.000068,
  1708.800,    -0.312347,     0.937989,     0.001907,
  1708.850,    -0.285826,     1.132657,     0.004685,
  1708.900,    -0.198639,     1.381238,     0.008440,
  1708.950,    -0.013824,     1.550118,     0.009672,
  1709.000,     0.178921,     1.592862,     0.004418,
  1709.050,     0.434745,     1.496985,     0.005644,
  1709.100,     0.738139,     1.364264,     0.005723,
  1709.150,     1.056834,     1.220443,    -0.001936,
  1709.200,     1.336407,     1.113766,    -0.005981,
  1709.250,     1.487388,     1.030876,     0.001301,
  1709.300,     1.521948,     0.993686,     0.003059,
  1709.350,     1.431739,     1.015238,     0.001256,
  1709.400,     1.261382,     1.048356,     0.007104,
  1709.450,     1.034924,     1.140385,     0.003944,
  1709.500,     0.798400,     1.279681,     0.002853,
  1709.550,     0.504577,     1.419368,    -0.001492,
  1709.600,     0.240478,     1.520826,     0.005119,
  1709.650,     0.079828,     1.610550,     0.008779,
  1709.700,     0.049298,     1.662439,     0.009602,
  1709.750,     0.059174,     1.703517,     0.004399,
  1709.800,     0.077477,     1.703155,     0.004218,
  1709.850,     0.117836,     1.587031,     0.004421,
  1709.900,     0.114834,     1.316544,     0.010332,
  1709.950,     0.139529,     0.990432,     0.005482,
  1710.000,     0.114238,     0.662223,    -0.001917,
  1710.050,     0.112602,     0.439506,    -0.000158,
  1710.100,     0.134333,     0.304805,    -0.002222,
  1710.150,     0.225886,     0.298283,    -0.001275,
  1710.200,     0.379416,     0.349277,     0.002416,
  1710.250,     0.546896,     0.399695,     0.002062,
  1710.300,     0.645711,     0.466908,    -0.001290,
  1710.350,     0.591225,     0.427609,     0.000925,
  1710.400,     0.465620,     0.349779,     0.002105,
  1710.450,     0.246295,     0.249391,    -0.000978,
  1710.500,    -0.031346,     0.267603,     0.002590,
  1710.550,    -0.265772,     0.425202,     0.005368,
  1710.600,    -0.440705,     0.670064,     0.007401,
  1710.650,    -0.515884,     0.961431,     0.005213,
  1710.700,    -0.459134,     1.192651,     0.003407,
  1710.750,    -0.363912,     1.314931,     0.006798,
  1710.800,    -0.197901,     1.339182,     0.001920,
  1710.850,    -0.020300,     1.279172,     0.000872,
  1710.900,     0.221680,     1.094842,     0.001516,
  1710.950,     0.474991,     0.915425,    -0.000144,
  1711.000,     0.673121,     0.741791,     0.001624,
  1711.050,     0.819302,     0.671570,    -0.000895,
  1711.100,     0.876428,     0.663055,     0.000425,
  1711.150,     0.883769,     0.693004,     0.003398,
  1711.200,     0.864919,     0.829999,    -0.000086,
  1711.250,     0.760706,     1.120037,     0.006471,
  1711.300,     0.638919,     1.462619,     0.007644,
  1711.350,     0.551637,     1.783571,     0.008095,
  1711.400,     0.448850,     1.975077,     0.003598,
  1711.450,     0.400414,     1.983953,     0.003964,
  1711.500,     0.310648,     1.791444,     0.004400,
  1711.550,     0.149812,     1.416287,    -0.001155,
  1711.600,     0.051604,     0.902035,     0.001472,
  1711.650,     0.016258,     0.412966,     0.005887,
  1711.700,     0.055944,     0.053998,    -0.005757,
  1711.750,     0.223889,    -0.022020,     0.000186,
  1711.800,     0.475787,     0.139481,     0.002656,
  1711.850,     0.832010,     0.468412,     0.002816,
  1711.900,     1.135893,     0.870126,    -0.004487,
  1711.950,     1.373553,     1.249804,    -0.002748,
  1712.000,     1.472255,     1.590034,     0.002331,
  1712.050,     1.420594,     1.757380,     0.000141,
  1712.100,     1.294676,     1.704202,     0.006306,
  1712.150,     1.063264,     1.456662,     0.001303,
  1712.200,     0.776811,     1.053388,     0.010038,
  1712.250,     0.502680,     0.622955,     0.009888,
  1712.300,     0.278644,     0.310986,     0.005540,
  1712.350,     0.100005,     0.108602,     0.002708,
  1712.400,     0.002456,     0.160012,    -0.001798,
  1712.450,    -0.032999,     0.437557,     0.003393,
  1712.500,     0.024312,     0.908591,    -0.003406,
  1712.550,     0.145815,     1.471358,    -0.000443,
  1712.600,     0.270936,     1.942300,     0.000456,
  1712.650,     0.348852,     2.241039,    -0.001050,
  1712.700,     0.353342,     2.315176,     0.001542,
  1712.750,     0.307436,     2.166940,     0.000769,
  1712.800,     0.324386,     1.869105,     0.002630,
  1712.850,     0.360458,     1.530207,     0.005569,
  1712.900,     0.419821,     1.262102,     0.008435,
  1712.950,     0.523307,     1.160561,     0.007898,
  1713.000,     0.668360,     1.214127,     0.009279,
  1713.050,     0.832377,     1.422144,     0.009216,
  1713.100,     0.909513,     1.647660,     0.001162,
  1713.150,     0.948060,     1.855765,     0.009763,
  1713.200,     0.802333,     1.931107,     0.008536,
  1713.250,     0.635789,     1.816466,     0.006581,
  1713.300,     0.439822,     1.621859,    -0.005440,
  1713.350,     0.380250,     1.351444,    -0.001860,
  1713.400,     0.322607,     1.063327,    -0.002690,
  1713.450,     0.334335,     0.848513,     0.000526,
  1713.500,     0.404342,     0.704341,     0.002266,
  1713.550,     0.456973,     0.688907,    -0.000942,
  1713.600,     0.523324,     0.819090,     0.006602,
  1713.650,     0.578096,     1.103136,     0.002487,
  1713.700,     0.630409,     1.409114,     0.008188,
  1713.750,     0.654798,     1.692225,     0.007752,
  1713.800,     0.661097,     1.811971,     0.009662,
  1713.850,     0.712554,     1.754821,     0.010865,
  1713.900,     0.788536,     1.591743,     0.004101,
  1713.950,     0.828185,     1.231281,     0.001049,
  1714.000,     0.792819,     0.797407,     0.005285,
  1714.050,     0.655449,     0.365158,     0.002065,
  1714.100,     0.415465,     0.034516,    -0.001111,
  1714.150,     0.121173,    -0.026658,     0.007952,
  1714.200,    -0.116227,     0.184675,     0.004576,
  1714.250,    -0.298400,     0.606210,     0.002384,
  1714.300,    -0.341813,     1.089649,     0.002962,
  1714.350,    -0.314618,     1.490815,     0.001481,
  1714.400,    -0.210872,     1.707233,    -0.000603,
  1714.450,    -0.093707,     1.719465,     0.004651,
  1714.500,    -0.054962,     1.513489,     0.006082,
  1714.550,    -0.024153,     1.197705,     0.005303,
  1714.600,    -0.008575,     0.856871,     0.002335,
  1714.650,     0.027042,     0.634544,     0.007033,
  1714.700,     0.095814,     0.617475,     0.005978,
  1714.750,     0.193630,     0.725275,     0.004917,
  1714.800,     0.357346,     0.924123,     0.003694,
  1714.850,     0.427164,     1.106387,    -0.004689,
  1714.900,     0.417603,     1.103005,     0.001921,
  1714.950,     0.393572,     0.913411,     0.002431,
  1715.000,     0.284968,     0.530180,     0.004856,
  1715.050,     0.143624,     0.134683,    -0.002508,
  1715.100,    -0.025751,    -0.269910,     0.004421,
  1715.150,    -0.079407,    -0.557224,    -0.000973,
  1715.200,    -0.074351,    -0.683033,     0.000224,
  1715.250,    -0.038208,    -0.571705,     0.008474,
  1715.300,    -0.023303,    -0.304670,     0.008217,
  1715.350,     0.036749,     0.078485,     0.006318,
  1715.400,     0.163239,     0.538393,     0.007601,
  1715.450,     0.311794,     1.028427,     0.009855,
  1715.500,     0.498706,     1.502242,     0.006305,
  1715.550,     0.617754,     1.844738,    -0.000506,
  1715.600,     0.678793,     1.933996,     0.002073,
  1715.650,     0.668425,     1.728565,     0.006169,
  1715.700,     0.574561,     1.229859,     0.002597,
  1715.750,     0.393289,     0.540926,     0.002337,
  1715.800,     0.183286,    -0.165826,     0.000870,
  1715.850,     0.014874,    -0.740224,     0.002488,
  1715.900,    -0.033931,    -1.057480,     0.007323,
  1715.950,     0.023963,    -1.035766,     0.006148,
  1716.000,     0.158763,    -0.629646,     0.011995,
  1716.050,     0.342361,     0.073212,     0.000858,
  1716.100,     0.529703,     0.854730,    -0.000515,
  1716.150,     0.688116,     1.581930,     0.004440,
  1716.200,     0.786822,     2.064901,     0.008740,
  1716.250,     0.800685,     2.253151,     0.005071,
  1716.300,     0.706943,     2.119534,    -0.002283,
  1716.350,     0.530315,     1.736978,    -0.002469,
  1716.400,     0.340539,     1.250300,     0.003866,
  1716.450,     0.199687,     0.746373,     0.002840,
  1716.500,     0.095258,     0.391037,    -0.002669,
  1716.550,     0.101762,     0.223613,     0.000481,
  1716.600,     0.225531,     0.227837,     0.003483,
  1716.650,     0.502164,     0.283777,     0.000351,
  1716.700,     0.782435,     0.363875,     0.009065,
  1716.750,     1.042867,     0.414411,     0.008133,
  1716.800,     1.168644,     0.382238,     0.009920,
  1716.850,     1.130803,     0.386000,     0.008433,
  1716.900,     0.936908,     0.413724,     0.003789,
  1716.950,     0.622571,     0.532464,     0.009459,
  1717.000,     0.323816,     0.767610,    -0.003993,
  1717.050,     0.097950,     1.103108,     0.002872,
  1717.100,    -0.017695,     1.447134,    -0.005452,
  1717.150,     0.026988,     1.758704,     0.000480,
  1717.200,     0.155630,     1.913312,     0.003624,
  1717.250,     0.372793,     1.989301,     0.000161,
  1717.300,     0.573209,     1.956454,     0.007655,
  1717.350,     0.657314,     1.767766,     0.010397,
  1717.400,     0.658894,     1.530295,     0.005745,
  1717.450,     0.573028,     1.168417,     0.000187,
  1717.500,     0.448653,     0.812636,     0.005893,
  1717.550,     0.323022,     0.407275,     0.006556,
  1717.600,     0.186665,     0.038021,     0.009820,
  1717.650,     0.077422,    -0.290806,     0.002345,
  1717.700,     0.016049,    -0.475594,     0.003944,
  1717.750,     0.034874,    -0.410213,     0.002961,
  1717.800,     0.114068,    -0.052088,     0.007495,
  1717.850,     0.263602,     0.457475,     0.004237,
  1717.900,     0.410733,     0.988306,     0.000487,
  1717.950,     0.497621,     1.415740,     0.001313,
  1718.000,     0.467517,     1.668179,    -0.001047,
  1718.050,     0.349781,     1.705765,     0.008726,
  1718.100,     0.131436,     1.583977,     0.008249,
  1718.150,    -0.082285,     1.329943,     0.001376,
  1718.200,    -0.354012,     1.036802,     0.005403,
  1718.250,    -0.496608,     0.768220,     0.007885,
  1718.300,    -0.508842,     0.553401,     0.004263,
  1718.350,    -0.337940,     0.472896,     0.003694,
  1718.400,    -0.016320,     0.491900,     0.003930,
  1718.450,     0.338081,     0.624468,     0.002244,
  1718.500,     0.623772,     0.761028,     0.000973,
  1718.550,     0.808247,     0.885877,    -0.000238,
  1718.600,     0.817236,     0.965360,     0.002118,
  1718.650,     0.710979,     1.019752,     0.000005,
  1718.700,     0.545541,     1.055398,    -0.001348,
  1718.750,     0.389050,     1.122704,     0.004590,
  1718.800,     0.354762,     1.344286,     0.006999,
  1718.850,     0.451834,     1.613377,     0.000827,
  1718.900,     0.703683,     1.994283,     0.002350,
  1718.950,     1.014630,     2.344918,     0.004213,
  1719.000,     1.280698,     2.580013,     0.002576,
  1719.050,     1.473105,     2.720220,     0.009103,
  1719.100,     1.472041,     2.634843,     0.005691,
  1719.150,     1.366133,     2.351094,     0.005968,
  1719.200,     1.197156,     1.910511,    -0.002573,
  1719.250,     0.996984,     1.332618,     0.006323,
  1719.300,     0.871798,     0.717710,    -0.003373,
  1719.350,     0.806949,     0.149211,     0.002373,
  1719.400,     0.842638,    -0.231224,     0.004400,
  1719.450,     0.886303,    -0.365955,     0.007474,
  1719.500,     0.968165,    -0.252983,     0.004485,
  1719.550,     1.017006,     0.065889,     0.003071,
  1719.600,     1.056153,     0.584058,     0.009632,
  1719.650,     1.102237,     1.177586,     0.001448,
  1719.700,     1.075274,     1.803306,     0.004907,
  1719.750,     0.969263,     2.287425,     0.002636,
  1719.800,     0.732071,     2.540220,    -0.002429,
  1719.850,     0.347051,     2.506058,    -0.002196,
  1719.900,    -0.098272,     2.308830,    -0.004108,
  1719.950,    -0.513532,     1.970036,     0.002531,
  1720.000,    -0.851587,     1.608460,     0.004036,

