Time_abs/ps, Signal 1/nA, Ref.signal 1/nA, Signal 2/nA, Ref.signal 2/nA
  1600.000,     0.006572,     0.007615,     0.003326,
  1600.050,    -0.004411,    -0.004646,     0.004126,
  1600.100,     0.011171,     0.011497,     0.005388,
  1600.150,    -0.012687,    -0.005388,    -0.007606,
  1600.200,    -0.000644,    -0.009079,    -0.005233,
  1600.250,    -0.008611,    -0.022884,    -0.004607,
  1600.300,    -0.007862,    -0.011605,    -0.011939,
  1600.350,    -0.021310,     0.000561,    -0.005541,
  1600.400,    -0.011696,     0.010459,    -0.006451,
  1600.450,    -0.005088,     0.008771,    -0.006938,
  1600.500,    -0.004939,    -0.000034,    -0.002649,
  1600.550,    -0.005635,    -0.009125,    -0.000030,
  1600.600,    -0.002144,    -0.021215,     0.004349,
  1600.650,    -0.007835,    -0.028924,     0.004117,
  1600.700,    -0.015114,    -0.024922,     0.004326,
  1600.750,    -0.002031,    -0.033412,    -0.005523,
  1600.800,    -0.019237,    -0.027306,    -0.003266,
  1600.850,    -0.016429,    -0.001638,    -0.007541,
  1600.900,    -0.016130,    -0.017430,    -0.009879,
  1600.950,    -0.031998,    -0.006954,    -0.000730,
  1601.000,    -0.034714,    -0.025601,    -0.011352,
  1601.050,    -0.042086,    -0.025349,    -0.004227,
  1601.100,    -0.050322,    -0.009534,     0.001142,
  1601.150,    -0.018576,    -0.028449,    -0.008119,
  1601.200,    -0.016008,    -0.018410,     0.002676,
  1601.250,    -0.028968,    -0.022588,     0.000263,
  1601.300,    -0.033782,    -0.037640,     0.000797,
  1601.350,    -0.029486,    -0.024145,     0.001913,
  1601.400,    -0.026795,    -0.019708,     0.002567,
  1601.450,    -0.029614,    -0.036830,     0.001124,
  1601.500,    -0.037584,    -0.020360,    -0.001640,
  1601.550,    -0.049274,    -0.021295,    -0.003424,
  1601.600,    -0.055832,    -0.019094,    -0.011531,
  1601.650,    -0.069164,    -0.038961,    -0.007017,
  1601.700,    -0.050689,    -0.039712,    -0.006799,
  1601.750,    -0.053485,    -0.046448,    -0.007712,
  1601.800,    -0.045579,    -0.049859,    -0.003145,
  1601.850,    -0.030496,    -0.056273,     0.001133,
  1601.900,    -0.031186,    -0.066449,    -0.002208,
  1601.950,    -0.036430,    -0.072077,     0.003924,
  1602.000,    -0.018427,    -0.063971,     0.002058,
  1602.050,    -0.034311,    -0.049452,     0.002178,
  1602.100,    -0.038192,    -0.059367,     0.000329,
  1602.150,    -0.035666,    -0.063293,    -0.001269,
  1602.200,    -0.021488,    -0.057947,    -0.004455,
  1602.250,    -0.042230,    -0.047525,    -0.004983,
  1602.300,    -0.042933,    -0.066134,    -0.010953,
  1602.350,    -0.046696,    -0.074133,    -0.011580,
  1602.400,    -0.009106,    -0.077379,    -0.013707,
  1602.450,    -0.026516,    -0.060169,    -0.013763,
  1602.500,    -0.039250,    -0.080268,    -0.006183,
  1602.550,    -0.051500,    -0.067907,    -0.001191,
  1602.600,    -0.022726,    -0.099132,    -0.000398,
  1602.650,    -0.035408,    -0.079462,    -0.000284,
  1602.700,    -0.036813,    -0.061615,     0.005866,
  1602.750,    -0.006264,    -0.055587,     0.003289,
  1602.800,    -0.030702,    -0.049285,     0.003431,
  1602.850,    -0.035080,    -0.061351,    -0.000968,
  1602.900,    -0.041970,    -0.051576,     0.001409,
  1602.950,    -0.022090,    -0.030425,    -0.006875,
  1603.000,    -0.023669,    -0.045516,    -0.007377,
  1603.050,    -0.021611,    -0.046597,    -0.006639,
  1603.100,    -0.034946,    -0.041525,    -0.011322,
  1603.150,    -0.033947,    -0.058770,    -0.007946,
  1603.200,    -0.030581,    -0.067038,    -0.009836,
  1603.250,    -0.042892,    -0.060943,    -0.002839,
  1603.300,    -0.047342,    -0.046130,    -0.000434,
  1603.350,    -0.070726,    -0.044856,     0.001564,
  1603.400,    -0.022610,    -0.048941,     0.001723,
  1603.450,    -0.013499,    -0.057768,    -0.001903,
  1603.500,    -0.033410,    -0.061647,     0.000689,
  1603.550,    -0.015952,    -0.072860,    -0.000328,
  1603.600,    -0.029833,    -0.050958,     0.004068,
  1603.650,    -0.026207,    -0.058043,    -0.006362,
  1603.700,    -0.026053,    -0.046480,    -0.003997,
  1603.750,    -0.036242,    -0.039911,    -0.011381,
  1603.800,    -0.034674,    -0.055079,    -0.014064,
  1603.850,    -0.028433,    -0.055890,    -0.014054,
  1603.900,    -0.023972,    -0.060794,    -0.010072,
  1603.950,    -0.048248,    -0.056321,    -0.014145,
  1604.000,    -0.042322,    -0.053461,    -0.005730,
  1604.050,    -0.036378,    -0.061511,    -0.004376,
  1604.100,    -0.031883,    -0.073083,    -0.005603,
  1604.150,    -0.026068,    -0.058812,    -0.004891,
  1604.200,    -0.032395,    -0.056921,    -0.007255,
  1604.250,    -0.056610,    -0.052816,     0.003921,
  1604.300,    -0.024624,    -0.051204,    -0.001605,
  1604.350,    -0.040781,    -0.050098,     0.003040,
  1604.400,    -0.036570,    -0.051308,    -0.003122,
  1604.450,    -0.016688,    -0.055452,    -0.003419,
  1604.500,    -0.037483,    -0.068069,    -0.001997,
  1604.550,    -0.028781,    -0.050001,    -0.007560,
  1604.600,    -0.049528,    -0.060544,    -0.007795,
  1604.650,    -0.051915,    -0.066102,    -0.008950,
  1604.700,    -0.030427,    -0.067510,    -0.007064,
  1604.750,    -0.052584,    -0.069713,    -0.006929,
  1604.800,    -0.055830,    -0.075049,    -0.010112,
  1604.850,    -0.042932,    -0.068252,    -0.005889,
  1604.900,    -0.047361,    -0.068048,    -0.003053,
  1604.950,    -0.019352,    -0.057182,    -0.002403,
  1605.000,    -0.016444,    -0.074073,     0.000388,
  1605.050,    -0.033501,    -0.073767,     0.002486,
  1605.100,    -0.030580,    -0.058804,     0.001206,
  1605.150,    -0.000253,    -0.074817,     0.001963,
  1605.200,    -0.022030,    -0.054424,    -0.001546,
  1605.250,    -0.008876,    -0.059604,     0.003103,
  1605.300,    -0.027095,    -0.073760,    -0.003436,
  1605.350,    -0.019721,    -0.080658,    -0.004586,
  1605.400,     0.003205,    -0.064059,    -0.006913,
  1605.450,     0.007735,    -0.066206,    -0.008068,
  1605.500,    -0.015738,    -0.061892,    -0.010109,
  1605.550,    -0.027304,    -0.056416,    -0.009724,
  1605.600,    -0.030836,    -0.060449,    -0.009130,
  1605.650,    -0.029310,    -0.062375,    -0.010082,
  1605.700,    -0.010870,    -0.064690,    -0.007363,
  1605.750,    -0.007728,    -0.067201,    -0.008868,
  1605.800,    -0.011070,    -0.053317,     0.000961,
  1605.850,    -0.001159,    -0.075328,    -0.004074,
  1605.900,    -0.031342,    -0.081720,    -0.004655,
  1605.950,     0.001759,    -0.084957,     0.002471,
  1606.000,     0.013445,    -0.063255,     0.003968,
  1606.050,     0.008339,    -0.061329,    -0.002480,
  1606.100,    -0.004987,    -0.043735,    -0.001754,
  1606.150,    -0.004206,    -0.050841,     0.000615,
  1606.200,    -0.000750,    -0.062682,     0.001543,
  1606.250,    -0.023518,    -0.048538,     0.000598,
  1606.300,    -0.015366,    -0.051206,    -0.007231,
  1606.350,     0.002863,    -0.056931,    -0.009344,
  1606.400,     0.002448,    -0.061721,    -0.005407,
  1606.450,    -0.014990,    -0.077838,    -0.008543,
  1606.500,    -0.003476,    -0.075351,    -0.006237,
  1606.550,    -0.010325,    -0.045355,    -0.003169,
  1606.600,    -0.017127,    -0.075436,    -0.002303,
  1606.650,     0.008594,    -0.075216,    -0.001983,
  1606.700,     0.015536,    -0.067222,    -0.003372,
  1606.750,     0.013843,    -0.063340,    -0.008255,
  1606.800,     0.002250,    -0.069187,    -0.001028,
  1606.850,     0.015685,    -0.065506,     0.000169,
  1606.900,     0.028488,    -0.051772,    -0.003640,
  1606.950,     0.005550,    -0.049198,    -0.000568,
  1607.000,     0.012592,    -0.044549,    -0.000091,
  1607.050,     0.003351,    -0.057717,    -0.003768,
  1607.100,    -0.003426,    -0.057853,    -0.002801,
  1607.150,     0.025048,    -0.075347,    -0.000714,
  1607.200,     0.021435,    -0.075670,    -0.004786,
  1607.250,     0.002603,    -0.067853,    -0.004224,
  1607.300,    -0.003430,    -0.065862,    -0.006948,
  1607.350,     0.018339,    -0.091792,    -0.004897,
  1607.400,    -0.005389,    -0.095613,    -0.003394,
  1607.450,     0.006260,    -0.089350,    -0.003651,
  1607.500,     0.023657,    -0.075400,     0.001175,
  1607.550,     0.015984,    -0.104859,    -0.005592,
  1607.600,     0.020892,    -0.098777,    -0.008675,
  1607.650,     0.019685,    -0.092790,    -0.004716,
  1607.700,     0.028730,    -0.102410,    -0.004072,
  1607.750,     0.045020,    -0.103796,     0.000886,
  1607.800,     0.022918,    -0.101278,    -0.007915,
  1607.850,     0.026465,    -0.124529,    -0.006835,
  1607.900,     0.023941,    -0.136633,    -0.001974,
  1607.950,     0.015088,    -0.124998,    -0.006007,
  1608.000,     0.028213,    -0.137278,    -0.002006,
  1608.050,     0.017924,    -0.131250,     0.004984,
  1608.100,     0.027307,    -0.141260,     0.002099,
  1608.150,     0.037986,    -0.161652,    -0.003743,
  1608.200,     0.014061,    -0.162870,    -0.004519,
  1608.250,     0.030077,    -0.156415,    -0.005253,
  1608.300,     0.040278,    -0.147483,    -0.002585,
  1608.350,     0.036392,    -0.147606,    -0.005638,
  1608.400,     0.048997,    -0.157783,    -0.001205,
  1608.450,     0.040814,    -0.149063,     0.004611,
  1608.500,     0.050810,    -0.130967,    -0.001898,
  1608.550,     0.047843,    -0.132564,    -0.006675,
  1608.600,     0.025512,    -0.131408,    -0.010656,
  1608.650,     0.050250,    -0.119437,    -0.010114,
  1608.700,     0.033650,    -0.132012,    -0.009334,
  1608.750,     0.045810,    -0.130531,    -0.003891,
  1608.800,     0.059066,    -0.127366,    -0.007260,
  1608.850,     0.051402,    -0.114349,    -0.007005,
  1608.900,     0.054122,    -0.118084,    -0.003779,
  1608.950,     0.055344,    -0.108535,    -0.007140,
  1609.000,     0.040262,    -0.122791,    -0.007553,
  1609.050,     0.049874,    -0.112637,     0.005537,
  1609.100,     0.060041,    -0.100752,     0.006240,
  1609.150,     0.066172,    -0.101737,     0.001834,
  1609.200,     0.047128,    -0.083625,     0.001062,
  1609.250,     0.039332,    -0.090299,    -0.000633,
  1609.300,     0.043199,    -0.092264,    -0.001240,
  1609.350,     0.045570,    -0.063074,     0.001658,
  1609.400,     0.022973,    -0.072413,    -0.001361,
  1609.450,     0.022546,    -0.097468,    -0.005963,
  1609.500,     0.006530,    -0.062004,    -0.009997,
  1609.550,     0.016322,    -0.074665,    -0.010680,
  1609.600,     0.004499,    -0.082541,    -0.011353,
  1609.650,     0.008151,    -0.095405,    -0.008536,
  1609.700,     0.015598,    -0.072481,    -0.009069,
  1609.750,     0.027061,    -0.073364,    -0.010586,
  1609.800,     0.025579,    -0.048757,    -0.006096,
  1609.850,     0.045651,    -0.050317,    -0.003546,
  1609.900,     0.046829,    -0.050132,     0.000043,
  1609.950,     0.032839,    -0.052159,    -0.000725,
  1610.000,     0.027314,    -0.076507,     0.007831,
  1610.050,     0.029923,    -0.090168,     0.002951,
  1610.100,     0.035850,    -0.092489,    -0.000547,
  1610.150,     0.027195,    -0.092585,     0.008320,
  1610.200,     0.021284,    -0.087222,     0.006838,
  1610.250,     0.022462,    -0.102442,     0.006265,
  1610.300,     0.030691,    -0.110517,     0.007878,
  1610.350,     0.016434,    -0.117500,     0.002753,
  1610.400,     0.029943,    -0.123959,    -0.003575,
  1610.450,     0.024112,    -0.132789,    -0.001582,
  1610.500,     0.017825,    -0.137259,    -0.004507,
  1610.550,     0.002970,    -0.141640,    -0.010775,
  1610.600,     0.005569,    -0.131035,    -0.013201,
  1610.650,    -0.004378,    -0.137492,    -0.011723,
  1610.700,    -0.008200,    -0.131505,    -0.009884,
  1610.750,     0.000231,    -0.161033,    -0.009111,
  1610.800,     0.013200,    -0.172221,    -0.007285,
  1610.850,     0.003175,    -0.194941,    -0.010171,
  1610.900,     0.003425,    -0.172747,    -0.005287,
  1610.950,     0.001417,    -0.179672,    -0.003652,
  1611.000,     0.028572,    -0.196484,    -0.000220,
  1611.050,     0.022036,    -0.217035,     0.005572,
  1611.100,     0.002515,    -0.213329,     0.001147,
  1611.150,     0.009453,    -0.239635,    -0.004967,
  1611.200,     0.015506,    -0.240099,     0.002092,
  1611.250,     0.020120,    -0.215287,     0.007063,
  1611.300,     0.029799,    -0.217257,     0.009529,
  1611.350,     0.012802,    -0.223915,     0.006688,
  1611.400,     0.001332,    -0.225158,    -0.003149,
  1611.450,    -0.001696,    -0.227445,     0.005375,
  1611.500,     0.008992,    -0.219021,    -0.003043,
  1611.550,     0.022025,    -0.196926,    -0.011209,
  1611.600,     0.002667,    -0.221091,    -0.015122,
  1611.650,    -0.016494,    -0.212736,    -0.014370,
  1611.700,     0.005512,    -0.199161,    -0.007852,
  1611.750,     0.003841,    -0.192209,    -0.011875,
  1611.800,    -0.017316,    -0.199529,    -0.011807,
  1611.850,    -0.015581,    -0.174264,    -0.007836,
  1611.900,    -0.012085,    -0.168421,    -0.011891,
  1611.950,    -0.006585,    -0.185613,    -0.010766,
  1612.000,     0.002842,    -0.193127,    -0.001848,
  1612.050,    -0.001232,    -0.202004,     0.000687,
  1612.100,     0.005621,    -0.203686,    -0.001812,
  1612.150,    -0.004935,    -0.192196,     0.005432,
  1612.200,    -0.007294,    -0.228909,     0.003066,
  1612.250,     0.005759,    -0.217702,     0.008221,
  1612.300,    -0.019613,    -0.218946,     0.007494,
  1612.350,    -0.008183,    -0.226065,     0.011539,
  1612.400,    -0.006298,    -0.209106,     0.005762,
  1612.450,    -0.016306,    -0.219318,    -0.003169,
  1612.500,    -0.003648,    -0.206316,     0.000362,
  1612.550,    -0.009385,    -0.213026,    -0.007357,
  1612.600,    -0.022571,    -0.230964,    -0.009965,
  1612.650,    -0.020700,    -0.237960,    -0.012863,
  1612.700,    -0.018095,    -0.240506,    -0.013294,
  1612.750,    -0.003294,    -0.236160,    -0.012030,
  1612.800,    -0.023510,    -0.233167,    -0.016916,
  1612.850,    -0.008672,    -0.256656,    -0.010325,
  1612.900,    -0.005545,    -0.239617,    -0.006456,
  1612.950,    -0.010267,    -0.245471,    -0.008171,
  1613.000,    -0.031520,    -0.262886,    -0.008788,
  1613.050,    -0.010164,    -0.251333,    -0.006439,
  1613.100,     0.002422,    -0.256567,    -0.007877,
  1613.150,    -0.006389,    -0.244889,    -0.004718,
  1613.200,     0.000426,    -0.267568,     0.001180,
  1613.250,     0.020701,    -0.263436,     0.004874,
  1613.300,     0.007926,    -0.261406,     0.006344,
  1613.350,     0.016329,    -0.262316,     0.004108,
  1613.400,     0.014778,    -0.263597,     0.003280,
  1613.450,     0.003445,    -0.263895,     0.001679,
  1613.500,    -0.010094,    -0.253962,     0.002411,
  1613.550,    -0.016723,    -0.267384,    -0.004600,
  1613.600,     0.004872,    -0.282852,    -0.007510,
  1613.650,     0.013720,    -0.294390,    -0.007838,
  1613.700,     0.000306,    -0.269291,    -0.008008,
  1613.750,    -0.013418,    -0.296063,    -0.009094,
  1613.800,    -0.012167,    -0.295676,    -0.007216,
  1613.850,    -0.011906,    -0.290447,    -0.008397,
  1613.900,    -0.018324,    -0.308364,    -0.005338,
  1613.950,    -0.002863,    -0.311033,    -0.006059,
  1614.000,    -0.003861,    -0.298176,    -0.004171,
  1614.050,     0.001359,    -0.320096,    -0.009437,
  1614.100,    -0.003993,    -0.327092,    -0.009468,
  1614.150,    -0.013287,    -0.336267,    -0.003645,
  1614.200,    -0.006807,    -0.347295,    -0.004893,
  1614.250,    -0.001580,    -0.345886,    -0.002434,
  1614.300,     0.004694,    -0.330335,    -0.000747,
  1614.350,     0.016745,    -0.335595,    -0.000934,
  1614.400,     0.010145,    -0.326397,    -0.001716,
  1614.450,     0.011295,    -0.335081,    -0.004384,
  1614.500,     0.010216,    -0.341281,    -0.001499,
  1614.550,     0.002775,    -0.341916,    -0.001107,
  1614.600,     0.004292,    -0.342900,    -0.005819,
  1614.650,     0.007021,    -0.342125,    -0.000590,
  1614.700,    -0.002964,    -0.318097,    -0.004810,
  1614.750,    -0.013360,    -0.315540,    -0.007570,
  1614.800,    -0.023696,    -0.298863,    -0.005716,
  1614.850,    -0.017786,    -0.298416,    -0.009101,
  1614.900,    -0.017419,    -0.312369,    -0.005442,
  1614.950,    -0.024168,    -0.298750,    -0.003055,
  1615.000,    -0.036096,    -0.299329,    -0.010364,
  1615.050,    -0.038903,    -0.316875,    -0.007860,
  1615.100,    -0.038136,    -0.339941,    -0.009060,
  1615.150,    -0.026758,    -0.354372,    -0.005623,
  1615.200,    -0.038752,    -0.349586,    -0.002499,
  1615.250,    -0.035761,    -0.375272,    -0.005978,
  1615.300,    -0.033801,    -0.391255,    -0.006887,
  1615.350,    -0.041632,    -0.412063,    -0.012502,
  1615.400,    -0.032430,    -0.422098,    -0.008651,
  1615.450,    -0.037005,    -0.408363,    -0.004837,
  1615.500,    -0.038028,    -0.404922,    -0.001551,
  1615.550,    -0.037406,    -0.411461,    -0.004061,
  1615.600,    -0.034577,    -0.401083,    -0.002274,
  1615.650,    -0.024022,    -0.408784,     0.000674,
  1615.700,    -0.035604,    -0.415894,     0.002936,
  1615.750,    -0.024354,    -0.406058,     0.006141,
  1615.800,    -0.002010,    -0.429032,     0.003329,
  1615.850,    -0.031449,    -0.454615,    -0.002488,
  1615.900,    -0.035742,    -0.455064,    -0.001892,
  1615.950,    -0.018261,    -0.455368,    -0.000463,
  1616.000,    -0.017177,    -0.466990,    -0.002205,
  1616.050,    -0.016657,    -0.474880,    -0.006932,
  1616.100,    -0.042657,    -0.480263,    -0.011638,
  1616.150,    -0.039817,    -0.480738,    -0.009931,
  1616.200,    -0.042769,    -0.476577,    -0.010338,
  1616.250,    -0.039101,    -0.483261,    -0.014502,
  1616.300,    -0.022790,    -0.490949,    -0.011641,
  1616.350,    -0.034740,    -0.490765,    -0.014900,
  1616.400,    -0.036157,    -0.495713,    -0.014999,
  1616.450,    -0.041844,    -0.492477,    -0.010449,
  1616.500,    -0.026607,    -0.503176,    -0.009593,
  1616.550,    -0.033264,    -0.526755,    -0.004943,
  1616.600,    -0.019106,    -0.506274,     0.001134,
  1616.650,    -0.019883,    -0.492097,     0.001899,
  1616.700,    -0.039648,    -0.494707,     0.002583,
  1616.750,    -0.023367,    -0.491688,     0.002766,
  1616.800,    -0.020949,    -0.491173,     0.007415,
  1616.850,    -0.011561,    -0.493725,     0.008665,
  1616.900,    -0.029848,    -0.487156,     0.006592,
  1616.950,    -0.048521,    -0.489569,     0.006845,
  1617.000,    -0.044951,    -0.506868,     0.002895,
  1617.050,    -0.024477,    -0.487291,    -0.003057,
  1617.100,    -0.017240,    -0.474220,    -0.009466,
  1617.150,    -0.033633,    -0.483483,    -0.015813,
  1617.200,    -0.040565,    -0.473541,    -0.013541,
  1617.250,    -0.037892,    -0.474562,    -0.010647,
  1617.300,    -0.040740,    -0.456456,    -0.013845,
  1617.350,    -0.073515,    -0.446705,    -0.014309,
  1617.400,    -0.079238,    -0.459078,    -0.011939,
  1617.450,    -0.065454,    -0.445847,    -0.007292,
  1617.500,    -0.073600,    -0.438835,    -0.009911,
  1617.550,    -0.067139,    -0.433537,    -0.013692,
  1617.600,    -0.055569,    -0.436497,    -0.009619,
  1617.650,    -0.063430,    -0.418269,    -0.001841,
  1617.700,    -0.061524,    -0.416141,    -0.002479,
  1617.750,    -0.056869,    -0.407228,    -0.001134,
  1617.800,    -0.066153,    -0.401720,     0.001323,
  1617.850,    -0.054119,    -0.380863,     0.003331,
  1617.900,    -0.055752,    -0.371745,     0.006336,
  1617.950,    -0.052799,    -0.338327,     0.004745,
  1618.000,    -0.046397,    -0.281234,     0.006665,
  1618.050,    -0.058985,    -0.232384,     0.006005,
  1618.100,    -0.059045,    -0.193871,     0.000912,
  1618.150,    -0.070992,    -0.161821,    -0.003965,
  1618.200,    -0.079194,    -0.119875,    -0.007160,
  1618.250,    -0.072173,    -0.077524,    -0.009189,
  1618.300,    -0.078052,    -0.071774,    -0.008949,
  1618.350,    -0.090972,    -0.087374,    -0.009882,
  1618.400,    -0.080968,    -0.196099,    -0.012918,
  1618.450,    -0.079317,    -0.348139,    -0.009106,
  1618.500,    -0.084458,    -0.610612,    -0.007162,
  1618.550,    -0.069180,    -0.952923,    -0.005609,
  1618.600,    -0.093883,    -1.333053,    -0.003628,
  1618.650,    -0.094032,    -1.743931,    -0.007544,
  1618.700,    -0.083593,    -2.126887,    -0.010974,
  1618.750,    -0.077434,    -2.394161,    -0.003553,
  1618.800,    -0.082847,    -2.457728,     0.003541,
  1618.850,    -0.069860,    -2.309845,    -0.000142,
  1618.900,    -0.067565,    -1.995652,    -0.001766,
  1618.950,    -0.089538,    -1.602009,     0.004359,
  1619.000,    -0.079685,    -1.184876,     0.003252,
  1619.050,    -0.071743,    -0.797805,    -0.002261,
  1619.100,    -0.080542,    -0.520714,    -0.006373,
  1619.150,    -0.099622,    -0.297820,    -0.004419,
  1619.200,    -0.097748,    -0.164513,    -0.002630,
  1619.250,    -0.095456,    -0.133796,     0.001709,
  1619.300,    -0.111471,    -0.141140,    -0.003578,
  1619.350,    -0.124368,    -0.189173,    -0.006895,
  1619.400,    -0.121936,    -0.272831,    -0.005389,
  1619.450,    -0.123873,    -0.366149,    -0.003105,
  1619.500,    -0.123039,    -0.414662,    -0.005243,
  1619.550,    -0.133747,    -0.486669,    -0.011334,
  1619.600,    -0.134123,    -0.532702,    -0.011143,
  1619.650,    -0.128354,    -0.559336,    -0.012854,
  1619.700,    -0.123768,    -0.580338,    -0.007002,
  1619.750,    -0.120438,    -0.589772,    -0.006191,
  1619.800,    -0.104654,    -0.591029,    -0.007602,
  1619.850,    -0.094467,    -0.607447,    -0.007835,
  1619.900,    -0.110696,    -0.624791,    -0.007819,
  1619.950,    -0.108191,    -0.651564,    -0.004043,
  1620.000,    -0.110397,    -0.699427,    -0.003926,
  1620.050,    -0.121654,    -0.712156,    -0.000748,
  1620.100,    -0.144594,    -0.740053,    -0.000409,
  1620.150,    -0.126243,    -0.779035,    -0.001948,
  1620.200,    -0.127672,    -0.777557,    -0.003507,
  1620.250,    -0.149614,    -0.783301,    -0.000477,
  1620.300,    -0.141466,    -0.795376,     0.004746,
  1620.350,    -0.153159,    -0.762885,     0.002466,
  1620.400,    -0.159729,    -0.756703,    -0.001683,
  1620.450,    -0.160383,    -0.755122,    -0.002798,
  1620.500,    -0.174208,    -0.759587,    -0.004051,
  1620.550,    -0.167664,    -0.770126,    -0.011641,
  1620.600,    -0.163137,    -0.762379,    -0.006484,
  1620.650,    -0.170793,    -0.799293,    -0.003362,
  1620.700,    -0.174469,    -0.826538,    -0.014046,
  1620.750,    -0.166364,    -0.825007,    -0.012754,
  1620.800,    -0.173515,    -0.836559,    -0.008928,
  1620.850,    -0.153477,    -0.864981,    -0.011877,
  1620.900,    -0.170511,    -0.872562,    -0.010910,
  1620.950,    -0.157559,    -0.863349,    -0.011097,
  1621.000,    -0.148780,    -0.892779,    -0.007354,
  1621.050,    -0.149895,    -0.900679,    -0.004809,
  1621.100,    -0.158092,    -0.903279,    -0.006834,
  1621.150,    -0.148424,    -0.929399,    -0.010532,
  1621.200,    -0.144118,    -0.946151,    -0.002431,
  1621.250,    -0.139831,    -0.973433,     0.006706,
  1621.300,    -0.124156,    -1.002156,     0.007242,
  1621.350,    -0.127912,    -1.031033,     0.006884,
  1621.400,    -0.128421,    -1.055723,     0.002349,
  1621.450,    -0.125548,    -1.082439,     0.001995,
  1621.500,    -0.121202,    -1.040745,     0.007072,
  1621.550,    -0.131537,    -1.007067,     0.001604,
  1621.600,    -0.134708,    -0.969472,     0.000213,
  1621.650,    -0.146668,    -0.923275,     0.000014,
  1621.700,    -0.147496,    -0.868363,    -0.004665,
  1621.750,    -0.150172,    -0.839668,    -0.007503,
  1621.800,    -0.147094,    -0.839075,    -0.009308,
  1621.850,    -0.141681,    -0.835832,    -0.011652,
  1621.900,    -0.132102,    -0.868083,    -0.009210,
  1621.950,    -0.137254,    -0.905803,    -0.003264,
  1622.000,    -0.118378,    -0.925178,    -0.009597,
  1622.050,    -0.126438,    -0.925425,    -0.014417,
  1622.100,    -0.122613,    -0.933014,    -0.007849,
  1622.150,    -0.086330,    -0.943333,    -0.006642,
  1622.200,    -0.071613,    -0.946160,    -0.007026,
  1622.250,    -0.045605,    -0.947706,    -0.006895,
  1622.300,    -0.026481,    -0.936598,    -0.001774,
  1622.350,    -0.005140,    -0.911204,     0.001831,
  1622.400,     0.017003,    -0.902913,     0.002043,
  1622.450,     0.016725,    -0.885350,     0.000007,
  1622.500,     0.009210,    -0.852988,     0.002504,
  1622.550,    -0.005237,    -0.809969,     0.003128,
  1622.600,    -0.079064,    -0.785377,    -0.000562,
  1622.650,    -0.181151,    -0.742969,    -0.002406,
  1622.700,    -0.327168,    -0.686576,    -0.001725,
  1622.750,    -0.505148,    -0.613374,     0.003635,
  1622.800,    -0.703119,    -0.510101,    -0.000082,
  1622.850,    -0.882939,    -0.403846,    -0.007117,
  1622.900,    -0.970781,    -0.275957,    -0.003676,
  1622.950,    -0.997828,    -0.136301,    -0.006228,
  1623.000,    -0.930953,    -0.013895,    -0.004469,
  1623.050,    -0.742679,     0.097326,    -0.005755,
  1623.100,    -0.521706,     0.115637,    -0.008245,
  1623.150,    -0.265001,     0.008123,    -0.011854,
  1623.200,    -0.060535,    -0.326249,    -0.008023,
  1623.250,     0.097660,    -1.001347,    -0.006991,
  1623.300,     0.188373,    -2.122518,    -0.001439,
  1623.350,     0.222591,    -3.843026,    -0.008293,
  1623.400,     0.185186,    -6.190226,    -0.004841,
  1623.450,     0.144616,    -9.079033,    -0.003496,
  1623.500,     0.090208,   -12.222148,    -0.004195,
  1623.550,     0.019817,   -15.132563,    -0.002555,
  1623.600,    -0.052717,   -17.125555,    -0.003803,
  1623.650,    -0.111051,   -17.493563,    -0.001611,
  1623.700,    -0.160333,   -15.827166,     0.002292,
  1623.750,    -0.185191,   -12.123533,     0.001780,
  1623.800,    -0.190586,    -6.997025,     0.005132,
  1623.850,    -0.205971,    -1.427215,     0.003109,
  1623.900,    -0.205869,     3.484423,     0.002295,
  1623.950,    -0.198262,     6.934489,    -0.001813,
  1624.000,    -0.208084,     8.513791,    -0.002482,
  1624.050,    -0.223714,     8.337132,    -0.004957,
  1624.100,    -0.218163,     6.748450,    -0.004019,
  1624.150,    -0.212294,     4.178412,    -0.004023,
  1624.200,    -0.220602,     1.205607,    -0.007225,
  1624.250,    -0.245457,    -1.618595,    -0.008853,
  1624.300,    -0.229608,    -3.847212,    -0.008724,
  1624.350,    -0.251213,    -5.274983,    -0.007834,
  1624.400,    -0.241149,    -5.999073,    -0.012696,
  1624.450,    -0.235222,    -6.210488,    -0.013500,
  1624.500,    -0.218485,    -6.037645,    -0.010893,
  1624.550,    -0.209517,    -5.448199,    -0.007053,
  1624.600,    -0.218928,    -4.513717,    -0.003731,
  1624.650,    -0.213247,    -3.507028,    -0.008748,
  1624.700,    -0.213142,    -2.713990,    -0.008666,
  1624.750,    -0.214595,    -2.169706,    -0.004002,
  1624.800,    -0.225689,    -1.805950,    -0.003564,
  1624.850,    -0.234000,    -1.469886,     0.003917,
  1624.900,    -0.219437,    -1.140785,     0.004373,
  1624.950,    -0.230586,    -0.812284,     0.000669,
  1625.000,    -0.231775,    -0.407357,    -0.002450,
  1625.050,    -0.227974,     0.132472,     0.003728,
  1625.100,    -0.244721,     0.838794,     0.005844,
  1625.150,    -0.259426,     1.727241,     0.001868,
  1625.200,    -0.236422,     2.765705,    -0.001234,
  1625.250,    -0.232947,     3.889177,    -0.003278,
  1625.300,    -0.242961,     5.077292,    -0.004264,
  1625.350,    -0.251597,     6.273234,    -0.006974,
  1625.400,    -0.260642,     7.478472,    -0.011986,
  1625.450,    -0.293398,     8.746009,    -0.006161,
  1625.500,    -0.303481,    10.060120,    -0.010315,
  1625.550,    -0.303522,    11.467869,    -0.016916,
  1625.600,    -0.300753,    13.071246,    -0.012237,
  1625.650,    -0.294740,    14.898890,    -0.005439,
  1625.700,    -0.285379,    17.010325,    -0.007202,
  1625.750,    -0.243788,    19.501218,    -0.004710,
  1625.800,    -0.222710,    22.428147,    -0.000387,
  1625.850,    -0.209331,    25.822997,    -0.003549,
  1625.900,    -0.170289,    29.700968,    -0.002750,
  1625.950,    -0.162512,    34.164119,    -0.000755,
  1626.000,    -0.179946,    39.328189,    -0.000726,
  1626.050,    -0.186048,    45.320874,     0.000724,
  1626.100,    -0.208876,    52.213222,     0.002863,
  1626.150,    -0.235664,    60.173804,     0.002989,
  1626.200,    -0.244412,    69.234329,    -0.000135,
  1626.250,    -0.239128,    79.317423,     0.005450,
  1626.300,    -0.254645,    90.147328,     0.005596,
  1626.350,    -0.259545,   101.149397,    -0.001795,
  1626.400,    -0.253644,   111.240914,    -0.004283,
  1626.450,    -0.240026,   118.577158,    -0.008394,
  1626.500,    -0.240104,   120.330037,    -0.015560,
  1626.550,    -0.233287,   112.301036,    -0.012038,
  1626.600,    -0.213563,    88.936240,    -0.009037,
  1626.650,    -0.193658,    43.654300,    -0.010923,
  1626.700,    -0.193644,   -30.080523,    -0.009991,
  1626.750,    -0.180487,  -136.599317,    -0.010739,
  1626.800,    -0.165938,  -275.383844,    -0.012839,
  1626.850,    -0.138707,  -438.202199,    -0.007463,
  1626.900,    -0.122867,  -607.466873,    -0.005765,
  1626.950,    -0.094676,  -756.832510,    -0.007018,
  1627.000,    -0.023243,  -853.304042,    -0.002457,
  1627.050,     0.015384,  -863.652525,     0.003716,
  1627.100,     0.052589,  -767.964910,    -0.001764,
  1627.150,     0.114943,  -573.556554,    -0.000743,
  1627.200,     0.154956,  -314.836492,    -0.001495,
  1627.250,     0.176300,   -38.717001,    -0.000953,
  1627.300,     0.140720,   213.204124,     0.000507,
  1627.350,     0.047466,   414.370761,    -0.006162,
  1627.400,    -0.209023,   551.418659,    -0.001228,
  1627.450,    -0.621535,   618.154752,    -0.000725,
  1627.500,    -1.285674,   615.650001,    -0.001483,
  1627.550,    -2.216238,   555.920794,    -0.004486,
  1627.600,    -3.394364,   461.606808,    -0.009031,
  1627.650,    -4.746327,   358.092630,    -0.006894,
  1627.700,    -6.042141,   262.795631,    -0.002556,
  1627.750,    -6.937843,   181.288099,    -0.005032,
  1627.800,    -7.108640,   113.143369,    -0.009464,
  1627.850,    -6.275739,    59.884677,    -0.007605,
  1627.900,    -4.352301,    26.164406,    -0.008283,
  1627.950,    -1.637707,    13.388737,    -0.007189,
  1628.000,     1.388584,    14.807836,    -0.007049,
  1628.050,     4.045431,    19.605023,    -0.007796,
  1628.100,     5.783694,    20.976186,    -0.007192,
  1628.150,     6.413479,    18.573325,    -0.004164,
  1628.200,     5.914223,    13.737354,    -0.002992,
  1628.250,     4.607849,     6.294082,    -0.002147,
  1628.300,     2.808582,    -3.942722,    -0.007081,
  1628.350,     0.847267,   -15.291041,    -0.003551,
  1628.400,    -0.965104,   -25.115936,    -0.004669,
  1628.450,    -2.306925,   -31.509963,    -0.000691,
  1628.500,    -3.043843,   -33.304194,    -0.000087,
  1628.550,    -3.249790,   -29.992888,    -0.007610,
  1628.600,    -3.079513,   -22.742302,    -0.002060,
  1628.650,    -2.705231,   -14.414926,    -0.006342,
  1628.700,    -2.206282,    -7.483234,    -0.008973,
  1628.750,    -1.555553,    -2.984859,     0.001944,
  1628.800,    -0.844136,    -1.164252,     0.000262,
  1628.850,    -0.276445,    -2.118112,    -0.003400,
  1628.900,     0.094271,    -5.174189,    -0.003740,
  1628.950,     0.230919,    -9.286403,    -0.010823,
  1629.000,     0.273959,   -13.634145,    -0.007100,
  1629.050,     0.341448,   -17.083424,    -0.007212,
  1629.100,     0.403140,   -18.429742,    -0.009149,
  1629.150,     0.478961,   -17.405915,    -0.010327,
  1629.200,     0.600971,   -14.983355,    -0.005357,
  1629.250,     0.812369,   -11.998510,    -0.007056,
  1629.300,     1.070586,    -8.593464,    -0.008195,
  1629.350,     1.465982,    -5.354663,    -0.006640,
  1629.400,     1.873151,    -3.324842,    -0.000175,
  1629.450,     2.294675,    -2.418323,    -0.007159,
  1629.500,     2.707993,    -1.744800,    -0.007008,
  1629.550,     3.043041,    -1.435813,    -0.003891,
  1629.600,     3.387303,    -2.146204,     0.000489,
  1629.650,     3.751931,    -3.579164,     0.005163,
  1629.700,     4.121960,    -5.007354,     0.001013,
  1629.750,     4.519391,    -6.289650,     0.001042,
  1629.800,     5.021050,    -7.321848,     0.001861,
  1629.850,     5.644380,    -7.916487,    -0.003017,
  1629.900,     6.397882,    -8.401538,    -0.004119,
  1629.950,     7.276064,    -9.063405,    -0.000957,
  1630.000,     8.352000,    -9.528301,    -0.003670,
  1630.050,     9.592497,    -9.995554,    -0.005261,
  1630.100,    11.028914,   -11.552468,    -0.011046,
  1630.150,    12.708633,   -14.581446,    -0.015490,
  1630.200,    14.657440,   -18.110098,    -0.016206,
  1630.250,    16.903477,   -21.159664,    -0.016756,
  1630.300,    19.529713,   -23.552278,    -0.013015,
  1630.350,    22.606334,   -25.200944,    -0.014274,
  1630.400,    26.067446,   -25.526302,    -0.019866,
  1630.450,    29.811204,   -23.619052,    -0.009057,
  1630.500,    33.687697,   -18.819349,    -0.005564,
  1630.550,    37.329961,   -11.499617,    -0.005744,
  1630.600,    40.093547,    -3.149112,     0.000023,
  1630.650,    40.932240,     4.452853,     0.003687,
  1630.700,    38.324835,    10.046533,     0.005122,
  1630.750,    30.139677,    13.060233,     0.011024,
  1630.800,    13.704592,    13.620158,     0.016689,
  1630.850,   -13.917203,    12.157680,     0.020752,
  1630.900,   -55.212732,     9.274574,     0.016950,
  1630.950,  -110.941890,     5.856123,     0.013409,
  1631.000,  -178.624168,     2.993944,     0.010035,
  1631.050,  -251.109640,     1.406954,     0.008736,
  1631.100,  -316.176567,     1.309775,     0.005257,
  1631.150,  -357.458705,     2.395546,    -0.002421,
  1631.200,  -358.451781,     3.763499,    -0.007707,
  1631.250,  -308.437800,     4.322650,    -0.013348,
  1631.300,  -208.821370,     3.926636,    -0.004637,
  1631.350,   -74.837097,     3.166550,    -0.001350,
  1631.400,    69.213471,     2.265575,    -0.006515,
  1631.450,   198.476702,     1.160862,    -0.007500,
  1631.500,   294.425889,     0.170592,    -0.005625,
  1631.550,   347.800828,    -0.376537,    -0.014501,
  1631.600,   357.566363,    -0.448203,    -0.014839,
  1631.650,   328.731529,    -0.184167,    -0.015002,
  1631.700,   270.745948,     0.207198,    -0.019015,
  1631.750,   196.506258,     0.439720,    -0.013587,
  1631.800,   120.731033,     0.576219,    -0.009175,
  1631.850,    55.670852,     0.828175,    -0.011767,
  1631.900,     6.723282,     1.151283,    -0.008429,
  1631.950,   -27.483857,     1.302174,    -0.005245,
  1632.000,   -50.075685,     1.393799,     0.000182,
  1632.050,   -61.506189,     1.363982,    -0.001711,
  1632.100,   -60.569499,     0.892051,     0.000364,
  1632.150,   -49.315262,    -0.002850,     0.002277,
  1632.200,   -34.300870,    -0.749953,    -0.000238,
  1632.250,   -22.279236,    -0.775002,    -0.002399,
  1632.300,   -15.567689,    -0.086435,    -0.002736,
  1632.350,   -12.656368,     0.719788,    -0.007982,
  1632.400,   -12.050934,     0.976297,    -0.008666,
  1632.450,   -13.520662,     0.479779,    -0.005973,
  1632.500,   -16.583234,    -0.447088,    -0.004075,
  1632.550,   -19.740262,    -1.509570,    -0.005334,
  1632.600,   -21.427157,    -2.620741,    -0.002762,
  1632.650,   -20.893565,    -3.634282,    -0.003367,
  1632.700,   -17.852160,    -4.182021,    -0.006454,
  1632.750,   -12.521459,    -3.906807,    -0.007829,
  1632.800,    -6.211398,    -2.793900,    -0.004785,
  1632.850,    -0.837616,    -1.227206,    -0.003828,
  1632.900,     2.571555,     0.409447,    -0.005437,
  1632.950,     3.945844,     1.757836,    -0.006875,
  1633.000,     3.502142,     2.638111,     0.000435,
  1633.050,     1.623131,     3.037544,     0.002024,
  1633.100,    -1.010939,     2.807701,     0.002071,
  1633.150,    -3.669350,     1.846147,    -0.001070,
  1633.200,    -5.894248,     0.418482,    -0.000122,
  1633.250,    -7.103541,    -0.781082,    -0.002596,
  1633.300,    -6.776257,    -1.114038,     0.001942,
  1633.350,    -5.198332,    -0.548134,     0.004181,
  1633.400,    -3.231095,     0.372960,     0.002571,
  1633.450,    -1.323110,     1.093779,    -0.000857,
  1633.500,     0.541330,     1.532629,     0.001662,
  1633.550,     1.837988,     1.931117,     0.004473,
  1633.600,     2.126620,     2.205702,    -0.002036,
  1633.650,     1.915511,     2.028786,    -0.002758,
  1633.700,     1.725143,     1.294591,    -0.004297,
  1633.750,     1.287262,     0.509281,    -0.013386,
  1633.800,     0.308467,     0.259539,    -0.020052,
  1633.850,    -0.824901,     0.637703,    -0.018969,
  1633.900,    -1.691404,     1.288410,    -0.014905,
  1633.950,    -2.295682,     1.735328,    -0.015218,
  1634.000,    -2.646245,     2.004661,    -0.009846,
  1634.050,    -2.697643,     2.524687,    -0.008444,
  1634.100,    -2.758512,     3.538086,    -0.006824,
  1634.150,    -2.935339,     4.817174,    -0.002311,
  1634.200,    -2.957112,     5.771806,     0.001475,
  1634.250,    -3.067113,     5.894634,     0.002044,
  1634.300,    -3.990204,     5.019867,     0.000262,
  1634.350,    -5.639859,     3.374413,     0.005980,
  1634.400,    -7.210638,     1.468931,     0.000962,
  1634.450,    -8.227309,    -0.234864,     0.002012,
  1634.500,    -8.762957,    -1.331142,     0.007123,
  1634.550,    -8.707984,    -1.620024,     0.005229,
  1634.600,    -7.789285,    -1.193751,     0.000394,
  1634.650,    -5.621165,    -0.221375,    -0.000023,
  1634.700,    -2.259980,     0.944310,    -0.004505,
  1634.750,     1.735057,     1.802740,    -0.012785,
  1634.800,     5.501001,     2.103127,    -0.016949,
  1634.850,     8.192662,     1.980898,    -0.016001,
  1634.900,     9.470859,     1.834150,    -0.015329,
  1634.950,     9.169979,     1.554471,    -0.016419,
  1635.000,     7.590121,     0.849765,    -0.017834,
  1635.050,     5.283518,    -0.364628,    -0.013948,
  1635.100,     2.739611,    -1.647068,    -0.010616,
  1635.150,     0.485987,    -2.463542,    -0.009204,
  1635.200,    -0.861192,    -2.393592,    -0.004972,
  1635.250,    -1.204967,    -1.539666,     0.000480,
  1635.300,    -0.684413,    -0.367061,     0.006544,
  1635.350,     0.362544,     0.786164,     0.006133,
  1635.400,     1.188964,     1.800347,     0.009226,
  1635.450,     1.272360,     2.567745,     0.006736,
  1635.500,     0.837554,     2.857418,     0.003950,
  1635.550,     0.311247,     2.729597,     0.001466,
  1635.600,    -0.232321,     2.507415,     0.005233,
  1635.650,    -0.783856,     2.725166,     0.002417,
  1635.700,    -1.130284,     3.536522,    -0.000195,
  1635.750,    -1.148288,     4.719953,    -0.003370,
  1635.800,    -0.903962,     5.978758,    -0.004559,
  1635.850,    -0.542021,     7.139484,    -0.014922,
  1635.900,    -0.238413,     8.018270,    -0.017496,
  1635.950,    -0.098020,     8.408722,    -0.018935,
  1636.000,     0.012697,     8.099335,    -0.015866,
  1636.050,     0.196045,     6.992960,    -0.011402,
  1636.100,     0.343752,     5.083596,    -0.007603,
  1636.150,     0.383762,     2.715300,    -0.004352,
  1636.200,     0.400940,     0.553834,    -0.005060,
  1636.250,     0.313305,    -0.974464,    -0.002546,
  1636.300,    -0.089122,    -1.866223,    -0.003680,
  1636.350,    -0.631194,    -2.360050,    -0.002684,
  1636.400,    -0.857973,    -2.625182,    -0.002358,
  1636.450,    -0.575024,    -2.683920,     0.001151,
  1636.500,     0.032421,    -2.569406,     0.004045,
  1636.550,     0.490947,    -2.462354,     0.002732,
  1636.600,     0.449256,    -2.381856,    -0.001091,
  1636.650,    -0.044441,    -2.249739,    -0.003876,
  1636.700,    -0.652443,    -1.943175,    -0.004174,
  1636.750,    -1.216218,    -1.563875,    -0.004597,
  1636.800,    -1.710396,    -1.173989,    -0.003940,
  1636.850,    -2.030109,    -0.740138,    -0.006664,
  1636.900,    -1.981977,    -0.124872,    -0.007136,
  1636.950,    -1.441489,     0.609759,    -0.009671,
  1637.000,    -0.575111,     1.406203,    -0.016375,
  1637.050,     0.407627,     2.317221,    -0.005333,
  1637.100,     1.187220,     3.254949,    -0.006446,
  1637.150,     1.642950,     4.003688,    -0.006133,
  1637.200,     1.806941,     4.135708,    -0.007198,
  1637.250,     1.638718,     3.405202,    -0.009037,
  1637.300,     1.118610,     1.985505,    -0.011934,
  1637.350,     0.283085,     0.434592,    -0.005459,
  1637.400,    -0.624959,    -0.822254,    -0.005795,
  1637.450,    -1.133798,    -1.575648,    -0.008896,
  1637.500,    -0.968423,    -1.729813,    -0.004919,
  1637.550,    -0.337939,    -1.255113,     0.000508,
  1637.600,     0.284006,    -0.338612,    -0.001395,
  1637.650,     0.605449,     0.763632,    -0.005656,
  1637.700,     0.749041,     1.740224,    -0.005397,
  1637.750,     0.861807,     2.460679,    -0.000445,
  1637.800,     0.866194,     2.958997,     0.001555,
  1637.850,     0.566176,     3.299934,     0.000293,
  1637.900,     0.006512,     3.385711,     0.000803,
  1637.950,    -0.381484,     3.162409,     0.005323,
  1638.000,    -0.327141,     2.824086,     0.002296,
  1638.050,     0.066833,     2.523193,     0.003272,
  1638.100,     0.476104,     2.167881,    -0.000492,
  1638.150,     0.664163,     1.673464,    -0.005378,
  1638.200,     0.759217,     1.097867,    -0.008111,
  1638.250,     1.031698,     0.595649,    -0.012500,
  1638.300,     1.576623,     0.267708,    -0.012998,
  1638.350,     2.161820,     0.215812,    -0.007998,
  1638.400,     2.376107,     0.300757,    -0.008328,
  1638.450,     2.016668,     0.210374,    -0.018123,
  1638.500,     1.155679,    -0.234144,    -0.015399,
  1638.550,     0.037932,    -0.859218,    -0.014402,
  1638.600,    -1.027979,    -1.345800,    -0.010957,
  1638.650,    -1.676503,    -1.384178,    -0.001482,
  1638.700,    -1.833221,    -1.020408,    -0.003438,
  1638.750,    -1.545959,    -0.342018,    -0.000435,
  1638.800,    -0.898151,     0.725234,     0.002510,
  1638.850,    -0.084071,     2.078701,     0.001342,
  1638.900,     0.629790,     3.398893,     0.005424,
  1638.950,     0.964267,     4.392974,     0.009403,
  1639.000,     0.909896,     4.958612,     0.008168,
  1639.050,     0.707014,     5.103479,    -0.000678,
  1639.100,     0.541825,     4.824185,    -0.000743,
  1639.150,     0.269071,     3.945542,    -0.000827,
  1639.200,    -0.278686,     2.410317,    -0.007416,
  1639.250,    -1.034360,     0.343592,    -0.008239,
  1639.300,    -1.691125,    -1.854028,    -0.009172,
  1639.350,    -1.921835,    -3.661547,    -0.011907,
  1639.400,    -1.586490,    -4.850082,    -0.016587,
  1639.450,    -0.972938,    -5.255514,    -0.017839,
  1639.500,    -0.347195,    -4.758078,    -0.016180,
  1639.550,     0.147434,    -3.317165,    -0.014213,
  1639.600,     0.578098,    -1.240698,    -0.009697,
  1639.650,     0.912252,     1.045305,    -0.008412,
  1639.700,     1.117147,     2.943423,    -0.002690,
  1639.750,     1.236948,     4.244858,     0.003713,
  1639.800,     1.504979,     5.100088,     0.004865,
  1639.850,     2.037295,     5.546860,     0.006673,
  1639.900,     2.693425,     5.334418,     0.007303,
  1639.950,     3.215556,     4.304736,     0.009190,
  1640.000,     3.439228,     2.511987,     0.002369,
  1640.050,     3.377691,     0.352506,    -0.001588,
  1640.100,     3.070558,    -1.575325,    -0.001085,
  1640.150,     2.491444,    -2.746470,    -0.001554,
  1640.200,     1.654035,    -3.031769,    -0.010526,
  1640.250,     0.554890,    -2.697153,    -0.012507,
  1640.300,    -0.692894,    -2.044046,    -0.008095,
  1640.350,    -1.786578,    -1.309203,    -0.009577,
  1640.400,    -2.423950,    -0.531349,    -0.012678,
  1640.450,    -2.539439,     0.062713,    -0.010837,
  1640.500,    -2.317095,     0.293488,    -0.009792,
  1640.550,    -2.019797,     0.269254,    -0.009826,
  1640.600,    -1.681107,     0.404838,    -0.010666,
  1640.650,    -1.334459,     1.032106,    -0.004329,
  1640.700,    -1.002297,     2.062719,     0.002066,
  1640.750,    -0.810064,     3.106748,     0.000660,
  1640.800,    -0.739402,     3.840306,     0.003392,
  1640.850,    -0.612722,     4.170689,     0.002369,
  1640.900,    -0.397628,     4.128747,    -0.000712,
  1640.950,    -0.159836,     3.825790,     0.001349,
  1641.000,     0.001767,     3.105605,     0.000296,
  1641.050,     0.260537,     1.919317,    -0.006583,
  1641.100,     0.588153,     0.499471,    -0.008140,
  1641.150,     0.943859,    -0.655401,    -0.005853,
  1641.200,     1.329272,    -1.180790,    -0.006115,
  1641.250,     1.734467,    -0.932680,    -0.007545,
  1641.300,     2.094551,     0.065962,    -0.007203,
  1641.350,     2.226225,     1.640657,    -0.004887,
  1641.400,     1.948024,     3.587384,    -0.004990,
  1641.450,     1.173777,     5.627009,    -0.007355,
  1641.500,     0.194816,     7.283995,    -0.007219,
  1641.550,    -0.604325,     7.929273,    -0.004522,
  1641.600,    -1.047578,     7.229707,    -0.001126,
  1641.650,    -1.080260,     5.437746,    -0.003484,
  1641.700,    -0.757766,     3.255428,    -0.003060,
  1641.750,    -0.112372,     1.287893,    -0.001696,
  1641.800,     0.682704,    -0.430065,    -0.003034,
  1641.850,     1.428313,    -1.912394,    -0.006296,
  1641.900,     1.972668,    -2.921142,    -0.007631,
  1641.950,     2.312773,    -3.164518,    -0.007999,
  1642.000,     2.558260,    -2.711609,    -0.003740,
  1642.050,     2.738226,    -2.023525,    -0.004866,
  1642.100,     2.773859,    -1.612473,    -0.007488,
  1642.150,     2.716582,    -1.626222,     0.001214,
  1642.200,     2.732838,    -1.895577,     0.003594,
  1642.250,     2.822764,    -2.231396,    -0.003023,
  1642.300,     2.917446,    -2.317654,     0.000845,
  1642.350,     2.931808,    -1.902629,     0.002917,
  1642.400,     2.819294,    -0.786280,    -0.000255,
  1642.450,     2.574264,     1.129492,     0.002286,
  1642.500,     2.147652,     3.499094,    -0.002301,
  1642.550,     1.238130,     5.749574,    -0.001207,
  1642.600,    -0.532027,     7.199591,     0.001941,
  1642.650,    -3.691097,     7.364164,    -0.004165,
  1642.700,    -8.526242,     6.108811,    -0.006893,
  1642.750,   -15.028013,     3.760737,    -0.012246,
  1642.800,   -22.587060,     1.035424,    -0.010355,
  1642.850,   -30.226723,    -1.500944,    -0.005618,
  1642.900,   -36.479829,    -3.580921,    -0.003267,
  1642.950,   -39.178596,    -5.075783,    -0.009096,
  1643.000,   -35.919598,    -5.654107,    -0.007108,
  1643.050,   -25.321621,    -4.892246,    -0.006580,
  1643.100,    -7.683844,    -2.572867,    -0.000059,
  1643.150,    14.491055,     0.931624,     0.005908,
  1643.200,    36.783016,     4.734468,     0.002372,
  1643.250,    54.205501,     7.863014,     0.002562,
  1643.300,    62.979905,     9.581584,     0.004000,
  1643.350,    61.627337,     9.571676,     0.001842,
  1643.400,    51.442125,     7.899424,     0.004517,
  1643.450,    35.365982,     4.949290,     0.000634,
  1643.500,    16.743710,     1.389123,    -0.006925,
  1643.550,    -1.414952,    -1.934049,    -0.010524,
  1643.600,   -16.493053,    -4.311451,    -0.011910,
  1643.650,   -26.436444,    -5.354010,    -0.014370,
  1643.700,   -30.213959,    -5.268690,    -0.014856,
  1643.750,   -28.649956,    -4.557273,    -0.013345,
  1643.800,   -23.952506,    -3.695180,    -0.009671,
  1643.850,   -18.202192,    -2.738433,    -0.008595,
  1643.900,   -12.289579,    -1.598857,    -0.007212,
  1643.950,    -6.148141,    -0.426964,    -0.004814,
  1644.000,    -0.191533,     0.606600,    -0.005979,
  1644.050,     4.205457,     1.409146,     0.003168,
  1644.100,     5.931079,     2.057791,     0.002045,
  1644.150,     5.230399,     2.602047,     0.000824,
  1644.200,     3.210312,     3.052287,    -0.000702,
  1644.250,     0.984114,     3.248419,    -0.000560,
  1644.300,    -0.948312,     3.271796,     0.000344,
  1644.350,    -2.240626,     3.133470,     0.003919,
  1644.400,    -2.663377,     2.880073,     0.000094,
  1644.450,    -2.306715,     2.369453,    -0.002865,
  1644.500,    -1.384219,     1.468208,    -0.010716,
  1644.550,    -0.084001,     0.140516,    -0.009332,
  1644.600,     1.324217,    -1.456805,    -0.014505,
  1644.650,     2.428889,    -3.080571,    -0.011550,
  1644.700,     2.795908,    -4.479910,    -0.010579,
  1644.750,     2.528866,    -5.262017,    -0.007763,
  1644.800,     2.051822,    -5.094079,    -0.006866,
  1644.850,     1.689968,    -3.856473,    -0.005779,
  1644.900,     1.422583,    -1.698483,    -0.008310,
  1644.950,     1.146781,     0.847717,    -0.001648,
  1645.000,     0.843645,     3.351845,     0.001305,
  1645.050,     0.539369,     5.478878,     0.001332,
  1645.100,     0.355800,     6.879348,    -0.000247,
  1645.150,     0.364944,     7.193092,     0.004478,
  1645.200,     0.329775,     6.209300,    -0.001705,
  1645.250,    -0.034284,     4.192611,    -0.004914,
  1645.300,    -0.465030,     1.729110,    -0.001142,
  1645.350,    -0.671462,    -0.502945,    -0.002851,
  1645.400,    -0.594567,    -2.066343,    -0.008124,
  1645.450,    -0.249891,    -2.800311,    -0.008304,
  1645.500,     0.347251,    -2.672023,    -0.010016,
  1645.550,     1.204608,    -1.756019,    -0.007986,
  1645.600,     2.136253,    -0.414681,    -0.004954,
  1645.650,     2.834750,     0.885057,    -0.005074,
  1645.700,     3.140340,     1.681047,    -0.007065,
  1645.750,     2.791681,     1.914041,    -0.003201,
  1645.800,     1.807543,     1.801556,     0.000797,
  1645.850,     0.453802,     1.604196,    -0.006918,
  1645.900,    -0.706718,     1.597945,    -0.004858,
  1645.950,    -1.527692,     1.796716,    -0.002842,
  1646.000,    -2.132108,     2.086455,    -0.007471,
  1646.050,    -2.503200,     2.404416,    -0.002104,
  1646.100,    -2.595804,     2.883028,    -0.000805,
  1646.150,    -2.355517,     3.470125,     0.001234,
  1646.200,    -1.946953,     3.800494,    -0.000544,
  1646.250,    -1.560798,     3.519708,    -0.006359,
  1646.300,    -1.293840,     2.324408,    -0.004116,
  1646.350,    -1.236895,     0.377733,    -0.005806,
  1646.400,    -1.231406,    -1.639211,    -0.002505,
  1646.450,    -1.055693,    -3.273408,    -0.000863,
  1646.500,    -0.513006,    -4.368732,    -0.004062,
  1646.550,     0.463937,    -4.902630,     0.001864,
  1646.600,     1.790738,    -4.539004,     0.000052,
  1646.650,     3.230716,    -2.895854,     0.001103,
  1646.700,     4.402537,    -0.051166,    -0.000533,
  1646.750,     4.927968,     3.371334,    -0.004452,
  1646.800,     4.530615,     6.374152,    -0.008337,
  1646.850,     3.249980,     8.159886,    -0.009342,
  1646.900,     1.349841,     8.407146,    -0.013336,
  1646.950,    -0.740377,     7.260378,    -0.007919,
  1647.000,    -2.427962,     5.100806,    -0.005866,
  1647.050,    -3.480826,     2.369490,    -0.008368,
  1647.100,    -3.886278,    -0.467867,    -0.010116,
  1647.150,    -3.726393,    -2.881076,    -0.011406,
  1647.200,    -3.040102,    -4.160517,    -0.011363,
  1647.250,    -1.716461,    -4.009448,    -0.003138,
  1647.300,     0.141134,    -2.728079,     0.001823,
  1647.350,     2.174590,    -0.931201,     0.004649,
  1647.400,     3.853606,     0.907262,     0.004981,
  1647.450,     4.820065,     2.466837,     0.002697,
  1647.500,     4.769425,     3.419829,     0.005645,
  1647.550,     3.770065,     3.613173,     0.009709,
  1647.600,     2.074689,     2.940241,     0.003901,
  1647.650,     0.095832,     1.733533,    -0.002695,
  1647.700,    -1.815640,     0.600073,    -0.003686,
  1647.750,    -3.199120,     0.106117,    -0.004189,
  1647.800,    -3.780228,     0.398465,    -0.003817,
  1647.850,    -3.542694,     1.138148,    -0.012127,
  1647.900,    -2.752827,     1.833618,    -0.014300,
  1647.950,    -1.876778,     2.254569,    -0.008479,
  1648.000,    -1.130341,     2.366573,    -0.007838,
  1648.050,    -0.447654,     2.160168,    -0.004179,
  1648.100,     0.173324,     1.678289,    -0.005088,
  1648.150,     0.673168,     1.088022,    -0.005236,
  1648.200,     0.979904,     0.468325,     0.000578,
  1648.250,     1.183658,    -0.085080,    -0.001251,
  1648.300,     1.424784,    -0.424321,    -0.001048,
  1648.350,     1.666021,    -0.445310,     0.004532,
  1648.400,     1.700737,    -0.052121,     0.003114,
  1648.450,     1.506738,     0.676347,    -0.003009,
  1648.500,     1.184625,     1.592305,    -0.002380,
  1648.550,     0.835825,     2.568017,    -0.000618,
  1648.600,     0.488717,     3.345554,    -0.005861,
  1648.650,     0.059387,     3.660376,    -0.007834,
  1648.700,    -0.514507,     3.156357,    -0.006223,
  1648.750,    -1.172215,     1.812877,    -0.011987,
  1648.800,    -1.786177,     0.100915,    -0.017914,
  1648.850,    -2.253388,    -1.311793,    -0.018573,
  1648.900,    -2.480086,    -1.930688,    -0.012346,
  1648.950,    -2.372991,    -1.794235,    -0.016774,
  1649.000,    -1.731755,    -1.199253,    -0.010899,
  1649.050,    -0.656742,    -0.342031,    -0.009002,
  1649.100,     0.656129,     0.771827,    -0.001907,
  1649.150,     1.870463,     1.928787,     0.000167,
  1649.200,     2.793152,     2.813558,     0.000332,
  1649.250,     3.332133,     3.133130,     0.006669,
  1649.300,     3.449661,     2.861016,     0.001487,
  1649.350,     3.050954,     2.236333,     0.000419,
  1649.400,     2.055928,     1.521251,     0.009234,
  1649.450,     0.652552,     0.906289,     0.003328,
  1649.500,    -0.741686,     0.542241,    -0.000319,
  1649.550,    -1.751764,     0.529363,    -0.005169,
  1649.600,    -2.191945,     0.919639,    -0.011765,
  1649.650,    -2.091162,     1.593277,    -0.010645,
  1649.700,    -1.591089,     2.286626,    -0.009920,
  1649.750,    -0.797017,     2.769640,    -0.020022,
  1649.800,     0.045137,     2.829136,    -0.009996,
  1649.850,     0.758590,     2.390700,    -0.011095,
  1649.900,     1.138459,     1.623867,    -0.004157,
  1649.950,     1.108157,     0.734181,    -0.008871,
  1650.000,     0.859602,     0.053056,    -0.009182,
  1650.050,     0.649985,    -0.300182,    -0.009061,
  1650.100,     0.678359,    -0.330311,    -0.000626,
  1650.150,     0.853213,     0.160527,     0.005241,
  1650.200,     1.045319,     1.115636,    -0.001802,
  1650.250,     1.169498,     2.248310,    -0.002677,
  1650.300,     1.241372,     3.317872,     0.000519,
  1650.350,     1.227749,     4.218050,     0.004957,
  1650.400,     1.076029,     4.802698,     0.000848,
  1650.450,     0.531786,     4.799560,    -0.000660,
  1650.500,    -0.394721,     3.937437,    -0.007447,
  1650.550,    -1.436595,     2.234988,    -0.003493,
  1650.600,    -2.231761,     0.093360,    -0.003591,
  1650.650,    -2.536738,    -1.962899,    -0.000944,
  1650.700,    -2.518830,    -3.475688,    -0.007598,
  1650.750,    -2.240927,    -4.036231,    -0.006985,
  1650.800,    -1.545922,    -3.473809,    -0.006125,
  1650.850,    -0.228559,    -1.886582,    -0.006709,
  1650.900,     1.511226,     0.126319,    -0.006940,
  1650.950,     3.221513,     1.818449,    -0.003055,
  1651.000,     4.264974,     2.693813,    -0.003330,
  1651.050,     4.321803,     2.733047,    -0.009706,
  1651.100,     3.459942,     2.152289,    -0.007222,
  1651.150,     2.055522,     1.258361,    -0.002362,
  1651.200,     0.451046,     0.158188,     0.002559,
  1651.250,    -1.037419,    -0.942973,    -0.002339,
  1651.300,    -2.289578,    -1.804075,    -0.002783,
  1651.350,    -2.982178,    -2.231281,     0.000713,
  1651.400,    -2.910698,    -2.134919,    -0.002751,
  1651.450,    -2.044102,    -1.592647,    -0.005235,
  1651.500,    -0.810058,    -0.586536,    -0.000066,
  1651.550,     0.401397,     0.569924,     0.003711,
  1651.600,     1.376586,     1.485851,    -0.002360,
  1651.650,     2.016756,     1.863712,    -0.007374,
  1651.700,     2.240227,     1.731539,    -0.007754,
  1651.750,     1.971126,     1.275343,    -0.002682,
  1651.800,     1.237052,     0.735871,    -0.005174,
  1651.850,     0.352733,     0.323951,    -0.004883,
  1651.900,    -0.318492,     0.344839,    -0.011574,
  1651.950,    -0.447512,     0.881324,    -0.005551,
  1652.000,    -0.107475,     1.640736,    -0.010900,
  1652.050,     0.242588,     2.277143,    -0.013637,
  1652.100,     0.446833,     2.580827,    -0.010167,
  1652.150,     0.433520,     2.568938,    -0.005843,
  1652.200,     0.292269,     2.170394,    -0.004673,
  1652.250,     0.099036,     1.352140,     0.002618,
  1652.300,    -0.111297,     0.204674,     0.005369,
  1652.350,    -0.270439,    -0.882404,     0.012610,
  1652.400,    -0.438475,    -1.414204,     0.008187,
  1652.450,    -0.555675,    -1.075575,     0.005412,
  1652.500,    -0.542047,     0.051595,     0.004579,
  1652.550,    -0.332549,     1.459865,    -0.000708,
  1652.600,     0.025465,     2.605237,     0.000310,
  1652.650,     0.496104,     3.283422,    -0.003750,
  1652.700,     0.994563,     3.466495,    -0.010799,
  1652.750,     1.474556,     3.142623,    -0.016866,
  1652.800,     1.717071,     2.283277,    -0.018898,
  1652.850,     1.588406,     0.979266,    -0.014930,
  1652.900,     0.980450,    -0.404800,    -0.015696,
  1652.950,     0.040468,    -1.550247,    -0.007854,
  1653.000,    -0.901452,    -2.182721,    -0.010627,
  1653.050,    -1.378157,    -2.153554,    -0.011334,
  1653.100,    -1.290075,    -1.634214,    -0.001723,
  1653.150,    -0.845188,    -0.797085,     0.002914,
  1653.200,    -0.293501,     0.248118,     0.009228,
  1653.250,     0.208860,     1.459119,     0.010656,
  1653.300,     0.688571,     2.663853,     0.009086,
  1653.350,     1.060542,     3.522087,     0.008315,
  1653.400,     1.237052,     3.822955,     0.003675,
  1653.450,     1.114022,     3.637938,     0.004816,
  1653.500,     0.802525,     3.161850,    -0.000127,
  1653.550,     0.434902,     2.520111,    -0.007257,
  1653.600,     0.146044,     1.814874,    -0.012401,
  1653.650,     0.011869,     1.234400,    -0.015819,
  1653.700,     0.007770,     0.964248,    -0.014929,
  1653.750,     0.193137,     1.153447,    -0.019570,
  1653.800,     0.524067,     1.694563,    -0.013856,
  1653.850,     0.913949,     2.303654,    -0.012530,
  1653.900,     1.230394,     2.495366,    -0.011422,
  1653.950,     1.308148,     2.154924,    -0.005882,
  1654.000,     1.094235,     1.370564,    -0.002181,
  1654.050,     0.648295,     0.382061,    -0.001407,
  1654.100,     0.156772,    -0.531363,     0.007375,
  1654.150,    -0.284100,    -1.062805,     0.007232,
  1654.200,    -0.537980,    -1.035515,     0.010747,
  1654.250,    -0.604557,    -0.385731,     0.006086,
  1654.300,    -0.440051,     0.691815,     0.000681,
  1654.350,    -0.055921,     1.933382,    -0.006494,
  1654.400,     0.423506,     3.167818,    -0.008894,
  1654.450,     0.723852,     4.040509,    -0.008485,
  1654.500,     0.672469,     4.375167,    -0.012281,
  1654.550,     0.216475,     4.107046,    -0.010586,
  1654.600,    -0.614335,     3.441271,    -0.007252,
  1654.650,    -1.787364,     2.591825,    -0.009815,
  1654.700,    -3.217693,     1.536290,    -0.015148,
  1654.750,    -4.505990,     0.339489,    -0.008327,
  1654.800,    -5.007851,    -0.839023,    -0.003756,
  1654.850,    -4.110302,    -1.675263,    -0.001105,
  1654.900,    -1.735587,    -1.996982,    -0.003544,
  1654.950,     1.909961,    -1.820432,    -0.006132,
  1655.000,     6.029815,    -1.270407,    -0.002330,
  1655.050,     9.553003,    -0.493290,     0.002977,
  1655.100,    11.233810,     0.607018,     0.000330,
  1655.150,    10.425618,     1.841395,    -0.003306,
  1655.200,     7.408729,     2.976855,    -0.005617,
  1655.250,     3.076311,     3.762788,    -0.004341,
  1655.300,    -1.412111,     4.141734,    -0.008104,
  1655.350,    -5.169827,     4.145293,    -0.006371,
  1655.400,    -7.736219,     3.864822,    -0.007287,
  1655.450,    -8.893565,     3.244388,    -0.004214,
  1655.500,    -8.502569,     2.195073,    -0.003919,
  1655.550,    -6.738763,     0.900733,    -0.003888,
  1655.600,    -4.148833,    -0.429988,    -0.007012,
  1655.650,    -1.494612,    -1.408666,    -0.003689,
  1655.700,     0.776865,    -1.807847,    -0.000653,
  1655.750,     2.432367,    -1.769096,    -0.002017,
  1655.800,     3.440603,    -1.473016,    -0.006422,
  1655.850,     3.804080,    -1.085380,    -0.003985,
  1655.900,     3.430602,    -0.577102,    -0.004601,
  1655.950,     2.431569,     0.080463,    -0.005817,
  1656.000,     1.144609,     0.942668,    -0.006280,
  1656.050,     0.105018,     1.876642,     0.001850,
  1656.100,    -0.344349,     2.847501,    -0.001344,
  1656.150,    -0.285924,     3.721898,    -0.007698,
  1656.200,     0.027964,     4.248206,     0.000246,
  1656.250,     0.430162,     4.202214,     0.003258,
  1656.300,     0.708562,     3.353246,     0.004252,
  1656.350,     0.826342,     1.916903,     0.003196,
  1656.400,     0.728304,     0.319465,     0.006999,
  1656.450,     0.384298,    -1.015867,     0.003036,
  1656.500,    -0.198001,    -1.926385,     0.001250,
  1656.550,    -0.761371,    -2.433142,    -0.003897,
  1656.600,    -0.948068,    -2.618615,    -0.005227,
  1656.650,    -0.568612,    -2.587156,    -0.011958,
  1656.700,     0.197698,    -2.401076,    -0.015318,
  1656.750,     0.953165,    -2.161640,    -0.012486,
  1656.800,     1.407446,    -1.677688,    -0.012318,
  1656.850,     1.489604,    -0.860168,    -0.016765,
  1656.900,     1.277428,     0.249309,    -0.013536,
  1656.950,     0.843554,     1.487038,    -0.006238,
  1657.000,     0.223451,     2.530050,     0.004354,
  1657.050,    -0.543254,     3.091155,    -0.001702,
  1657.100,    -1.261071,     3.094993,    -0.002085,
  1657.150,    -1.715853,     2.552871,     0.004451,
  1657.200,    -1.713396,     1.766720,     0.004099,
  1657.250,    -1.278373,     0.884781,     0.004917,
  1657.300,    -0.619198,     0.133546,     0.001194,
  1657.350,     0.110802,    -0.366438,     0.000768,
  1657.400,     0.887398,    -0.600281,    -0.000514,
  1657.450,     1.617013,    -0.555912,    -0.010279,
  1657.500,     2.146036,    -0.281646,    -0.012373,
  1657.550,     2.236454,     0.095342,    -0.009887,
  1657.600,     1.875536,     0.421960,    -0.017186,
  1657.650,     1.226004,     0.527875,    -0.012316,
  1657.700,     0.519051,     0.364514,    -0.016216,
  1657.750,    -0.052461,     0.217246,    -0.013909,
  1657.800,    -0.458340,     0.330583,    -0.010393,
  1657.850,    -0.671087,     0.759865,    -0.000211,
  1657.900,    -0.590155,     1.271932,     0.004009,
  1657.950,    -0.196315,     1.754661,     0.000192,
  1658.000,     0.378893,     2.053071,     0.003404,
  1658.050,     0.799590,     2.051475,     0.002356,
  1658.100,     0.854254,     1.749968,     0.000221,
  1658.150,     0.514539,     1.257728,     0.002538,
  1658.200,    -0.052521,     0.738166,     0.000207,
  1658.250,    -0.606637,     0.284834,    -0.004145,
  1658.300,    -0.946723,    -0.112484,    -0.010106,
  1658.350,    -0.913565,    -0.434638,    -0.012496,
  1658.400,    -0.472795,    -0.599247,    -0.011445,
  1658.450,     0.330152,    -0.513607,    -0.013032,
  1658.500,     1.161339,    -0.238587,    -0.015975,
  1658.550,     1.907800,     0.133237,    -0.014008,
  1658.600,     2.328537,     0.732043,    -0.010741,
  1658.650,     2.289523,     1.685146,    -0.003236,
  1658.700,     1.767012,     3.120261,     0.007008,
  1658.750,     0.923928,     4.878546,     0.001647,
  1658.800,     0.089681,     6.469332,     0.001734,
  1658.850,    -0.596040,     7.482532,    -0.000249,
  1658.900,    -1.143220,     7.620730,     0.001338,
  1658.950,    -1.541621,     6.938656,     0.000346,
  1659.000,    -1.777868,     5.741972,    -0.002744,
  1659.050,    -1.672830,     4.359323,    -0.002814,
  1659.100,    -1.161840,     2.981788,    -0.004078,
  1659.150,    -0.451139,     1.775527,    -0.005881,
  1659.200,     0.317747,     0.980509,    -0.012450,
  1659.250,     0.990367,     0.699717,    -0.003608,
  1659.300,     1.564921,     0.885243,    -0.007926,
  1659.350,     1.894894,     1.351445,    -0.007313,
  1659.400,     1.934375,     1.931611,    -0.009399,
  1659.450,     1.690647,     2.507167,    -0.007225,
  1659.500,     1.242402,     3.134061,    -0.001258,
  1659.550,     0.759117,     3.689834,    -0.001226,
  1659.600,     0.352334,     3.875714,     0.005419,
  1659.650,    -0.012132,     3.622396,    -0.002113,
  1659.700,    -0.429637,     3.076737,     0.000169,
  1659.750,    -0.839825,     2.395314,     0.000778,
  1659.800,    -1.186337,     1.571273,    -0.002841,
  1659.850,    -1.315079,     0.503013,    -0.003478,
  1659.900,    -1.120892,    -0.738879,    -0.003111,
  1659.950,    -0.771720,    -1.913048,    -0.003911,
  1660.000,    -0.430054,    -2.798245,    -0.007554,
  1660.050,    -0.114342,    -3.224781,    -0.002561,
  1660.100,     0.190509,    -3.221053,    -0.002842,
  1660.150,     0.578119,    -2.804620,    -0.002882,
  1660.200,     1.014486,    -2.148245,    -0.004366,
  1660.250,     1.427906,    -1.410656,    -0.009516,
  1660.300,     1.725701,    -0.797256,    -0.003836,
  1660.350,     1.882947,    -0.388298,    -0.004430,
  1660.400,     1.814303,    -0.171309,     0.002287,
  1660.450,     1.374094,    -0.143347,    -0.001530,
  1660.500,     0.563328,    -0.234229,    -0.005194,
  1660.550,    -0.450671,    -0.228577,    -0.002437,
  1660.600,    -1.322988,     0.068801,    -0.000226,
  1660.650,    -1.860997,     0.701912,    -0.004504,
  1660.700,    -2.037733,     1.453997,    -0.009508,
  1660.750,    -1.920009,     1.984452,    -0.003520,
  1660.800,    -1.619159,     2.009002,    -0.008973,
  1660.850,    -1.182826,     1.682645,    -0.003928,
  1660.900,    -0.700521,     1.189318,    -0.003005,
  1660.950,    -0.207000,     0.793602,    -0.004679,
  1661.000,     0.275754,     0.557561,    -0.006961,
  1661.050,     0.795491,     0.544060,    -0.000861,
  1661.100,     1.357252,     0.916237,    -0.004062,
  1661.150,     1.783457,     1.670847,    -0.001140,
  1661.200,     1.912566,     2.608497,    -0.001757,
  1661.250,     1.611253,     3.331257,    -0.010019,
  1661.300,     1.027896,     3.644647,    -0.002485,
  1661.350,     0.301676,     3.527449,    -0.004549,
  1661.400,    -0.337498,     3.179844,    -0.010852,
  1661.450,    -0.729022,     2.787319,    -0.009815,
  1661.500,    -0.887707,     2.367567,    -0.006692,
  1661.550,    -0.775868,     1.812792,    -0.003966,
  1661.600,    -0.521638,     1.181724,    -0.003289,
  1661.650,    -0.163550,     0.711117,    -0.006317,
  1661.700,     0.151267,     0.530947,    -0.002150,
  1661.750,     0.402764,     0.488361,    -0.003309,
  1661.800,     0.473573,     0.321276,    -0.001995,
  1661.850,     0.316972,    -0.099044,    -0.004013,
  1661.900,     0.081708,    -0.638216,     0.000536,
  1661.950,     0.033844,    -1.168492,     0.000660,
  1662.000,     0.194223,    -1.642323,    -0.005455,
  1662.050,     0.498665,    -2.128541,    -0.010749,
  1662.100,     0.777994,    -2.609287,    -0.007567,
  1662.150,     0.935581,    -2.854005,    -0.009205,
  1662.200,     0.971696,    -2.758244,    -0.007848,
  1662.250,     0.765138,    -2.142191,    -0.005603,
  1662.300,     0.330296,    -1.104436,    -0.008090,
  1662.350,    -0.159085,     0.149055,    -0.006267,
  1662.400,    -0.565155,     1.298726,    -0.003711,
  1662.450,    -0.799535,     2.152069,    -0.003405,
  1662.500,    -0.852910,     2.652522,    -0.000484,
  1662.550,    -0.818751,     2.712479,    -0.000045,
  1662.600,    -0.618107,     2.335582,    -0.002536,
  1662.650,    -0.270168,     1.505367,    -0.005947,
  1662.700,     0.197540,     0.331977,     0.000283,
  1662.750,     0.734738,    -0.850503,    -0.006516,
  1662.800,     1.288301,    -1.663087,    -0.006740,
  1662.850,     1.846830,    -1.851653,    -0.006785,
  1662.900,     2.393049,    -1.462013,    -0.007225,
  1662.950,     2.843944,    -0.657694,    -0.011526,
  1663.000,     3.049064,     0.470056,    -0.011138,
  1663.050,     2.823980,     1.611680,    -0.008020,
  1663.100,     2.227324,     2.417804,    -0.003537,
  1663.150,     1.368851,     2.618604,    -0.005856,
  1663.200,     0.531116,     2.236875,    -0.003334,
  1663.250,    -0.109204,     1.566728,    -0.003503,
  1663.300,    -0.438448,     0.909070,    -0.004029,
  1663.350,    -0.569768,     0.335290,     0.002356,
  1663.400,    -0.531366,    -0.128584,     0.005895,
  1663.450,    -0.258241,    -0.489109,    -0.002289,
  1663.500,     0.123888,    -0.683536,    -0.000758,
  1663.550,     0.446627,    -0.652590,    -0.008957,
  1663.600,     0.696432,    -0.385626,    -0.007152,
  1663.650,     0.826190,    -0.017839,     0.003231,
  1663.700,     0.961461,     0.444444,    -0.006770,
  1663.750,     1.093999,     0.892524,    -0.011726,
  1663.800,     1.075189,     1.193859,    -0.007260,
  1663.850,     0.891911,     1.264822,    -0.008086,
  1663.900,     0.618506,     1.118718,    -0.008960,
  1663.950,     0.255916,     0.847465,    -0.007740,
  1664.000,    -0.211713,     0.643507,     0.001246,
  1664.050,    -0.795728,     0.751317,     0.003396,
  1664.100,    -1.381387,     1.032894,     0.001306,
  1664.150,    -1.827782,     1.532328,     0.006172,
  1664.200,    -1.996907,     2.102100,     0.005853,
  1664.250,    -1.863577,     2.741598,    -0.000806,
  1664.300,    -1.520971,     3.404021,    -0.002043,
  1664.350,    -1.009839,     3.894127,    -0.003051,
  1664.400,    -0.424700,     4.234944,    -0.007368,
  1664.450,     0.080899,     4.445565,    -0.008039,
  1664.500,     0.441949,     4.695064,    -0.001687,
  1664.550,     0.604429,     4.922722,    -0.009838,
  1664.600,     0.643436,     5.032285,    -0.010864,
  1664.650,     0.485745,     5.117767,    -0.010043,
  1664.700,     0.280753,     5.328032,    -0.006174,
  1664.750,     0.094921,     5.959065,    -0.011615,
  1664.800,     0.116269,     6.803674,    -0.005965,
  1664.850,     0.351430,     7.490072,     0.004494,
  1664.900,     0.689111,     7.701104,    -0.002138,
  1664.950,     0.931183,     7.466733,     0.004794,
  1665.000,     0.915028,     7.052562,    -0.002740,
  1665.050,     0.669968,     6.525639,    -0.000534,
  1665.100,     0.411742,     5.904659,    -0.001345,
  1665.150,     0.223815,     5.249139,    -0.006372,
  1665.200,     0.152150,     4.756499,    -0.008222,
  1665.250,     0.219518,     4.576828,    -0.007199,
  1665.300,     0.443770,     4.564673,    -0.003924,
  1665.350,     0.828536,     4.464241,    -0.004465,
  1665.400,     1.234579,     4.136214,    -0.004615,
  1665.450,     1.441953,     3.484737,    -0.005112,
  1665.500,     1.370530,     2.536612,    -0.001591,
  1665.550,     1.115787,     1.379757,    -0.000439,
  1665.600,     0.882451,     0.066283,     0.001089,
  1665.650,     0.692456,    -1.190168,     0.000871,
  1665.700,     0.495518,    -2.290469,    -0.005230,
  1665.750,     0.205858,    -3.057807,    -0.003188,
  1665.800,    -0.110182,    -3.343942,    -0.003722,
  1665.850,    -0.313386,    -3.233995,    -0.006257,
  1665.900,    -0.354329,    -2.801798,    -0.010573,
  1665.950,    -0.336952,    -2.240085,    -0.006081,
  1666.000,    -0.432045,    -1.840208,    -0.008622,
  1666.050,    -0.625206,    -1.816641,    -0.003256,
  1666.100,    -0.817995,    -2.159055,    -0.004217,
  1666.150,    -0.906411,    -2.810039,     0.003230,
  1666.200,    -0.923439,    -3.625061,    -0.006129,
  1666.250,    -1.004022,    -4.496968,    -0.007201,
  1666.300,    -1.073974,    -5.200080,    -0.006509,
  1666.350,    -1.084300,    -5.598534,    -0.002851,
  1666.400,    -0.940869,    -5.491304,     0.002171,
  1666.450,    -0.606835,    -4.919563,    -0.001918,
  1666.500,    -0.097753,    -4.049773,    -0.002029,
  1666.550,     0.362479,    -3.068452,    -0.003505,
  1666.600,     0.735943,    -2.156278,    -0.002266,
  1666.650,     1.030461,    -1.446474,    -0.004931,
  1666.700,     1.354927,    -1.194588,    -0.006466,
  1666.750,     1.683825,    -1.559614,    -0.007021,
  1666.800,     1.882482,    -2.610727,    -0.010194,
  1666.850,     1.782873,    -4.017934,    -0.005085,
  1666.900,     1.323592,    -5.278189,    -0.005943,
  1666.950,     0.543401,    -5.879807,    -0.003276,
  1667.000,    -0.326662,    -5.673035,    -0.008712,
  1667.050,    -1.063147,    -4.734952,    -0.001962,
  1667.100,    -1.503480,    -3.323569,     0.000229,
  1667.150,    -1.508531,    -1.801270,    -0.007718,
  1667.200,    -1.111105,    -0.609589,    -0.008413,
  1667.250,    -0.504104,     0.036913,    -0.001807,
  1667.300,     0.059574,     0.033841,    -0.004312,
  1667.350,     0.407296,    -0.348014,    -0.003368,
  1667.400,     0.610950,    -0.789643,    -0.007746,
  1667.450,     0.682724,    -0.890134,    -0.003807,
  1667.500,     0.729499,    -0.600818,    -0.006276,
  1667.550,     0.655522,    -0.031359,    -0.008641,
  1667.600,     0.496250,     0.591116,    -0.007316,
  1667.650,     0.264931,     1.222721,    -0.005767,
  1667.700,     0.075964,     1.755580,     0.000427,
  1667.750,    -0.072433,     2.199291,     0.001253,
  1667.800,    -0.166114,     2.543486,     0.007450,
  1667.850,    -0.174581,     2.887557,    -0.002582,
  1667.900,    -0.056999,     3.308350,     0.001852,
  1667.950,     0.206588,     3.920214,     0.000818,
  1668.000,     0.406103,     4.728247,    -0.000109,
  1668.050,     0.495694,     5.719417,    -0.005133,
  1668.100,     0.431901,     6.709065,    -0.006705,
  1668.150,     0.278815,     7.467423,    -0.004797,
  1668.200,     0.189726,     7.970446,    -0.008476,
  1668.250,     0.264694,     8.313012,    -0.010597,
  1668.300,     0.377685,     8.562235,    -0.014763,
  1668.350,     0.523548,     8.631434,    -0.005401,
  1668.400,     0.740232,     8.193162,    -0.007000,
  1668.450,     1.076749,     7.142518,     0.000054,
  1668.500,     1.433386,     5.719724,     0.003010,
  1668.550,     1.720364,     4.280513,     0.004643,
  1668.600,     1.851841,     3.139489,     0.007215,
  1668.650,     1.854757,     2.404705,    -0.001728,
  1668.700,     1.791813,     2.141270,     0.001772,
  1668.750,     1.664246,     2.421571,    -0.001654,
  1668.800,     1.468288,     3.134096,    -0.005021,
  1668.850,     1.285016,     4.018293,    -0.010650,
  1668.900,     1.295051,     4.675298,    -0.012037,
  1668.950,     1.552055,     4.926007,    -0.008596,
  1669.000,     1.964344,     4.776860,    -0.009972,
  1669.050,     2.249678,     4.290919,    -0.015914,
  1669.100,     2.262601,     3.477075,    -0.012338,
  1669.150,     2.081636,     2.435359,    -0.002310,
  1669.200,     1.834699,     1.399322,    -0.004738,
  1669.250,     1.581106,     0.704683,    -0.003627,
  1669.300,     1.283285,     0.384288,    -0.000426,
  1669.350,     0.981983,     0.402077,     0.003960,
  1669.400,     0.771243,     0.480567,     0.005177,
  1669.450,     0.676831,     0.503144,     0.001615,
  1669.500,     0.605786,     0.467499,     0.006971,
  1669.550,     0.469120,     0.427364,     0.001019,
  1669.600,     0.245439,     0.342480,    -0.007348,
  1669.650,    -0.088113,     0.136505,    -0.004744,
  1669.700,    -0.522206,    -0.118072,    -0.008310,
  1669.750,    -0.971177,    -0.314044,    -0.010621,
  1669.800,    -1.387487,    -0.345427,    -0.010255,
  1669.850,    -1.705843,    -0.283695,    -0.015580,
  1669.900,    -1.890899,    -0.104249,    -0.009131,
  1669.950,    -1.950444,     0.193024,    -0.007282,
  1670.000,    -1.855991,     0.620873,    -0.000636,
  1670.050,    -1.540470,     1.022045,    -0.001924,
  1670.100,    -1.170553,     1.255514,     0.003895,
  1670.150,    -0.736885,     1.085880,     0.005017,
  1670.200,    -0.477046,     0.484390,     0.005786,
  1670.250,    -0.375268,    -0.519557,     0.012388,
  1670.300,    -0.498570,    -1.744034,    -0.001205,
  1670.350,    -0.786771,    -3.052837,    -0.003930,
  1670.400,    -1.165241,    -4.192625,     0.001358,
  1670.450,    -1.539850,    -4.871893,    -0.005625,
  1670.500,    -1.896855,    -4.825682,    -0.008680,
  1670.550,    -2.051603,    -4.000582,    -0.009379,
  1670.600,    -1.931403,    -2.658568,    -0.013710,
  1670.650,    -1.533952,    -1.071755,    -0.010939,
  1670.700,    -1.001378,     0.485978,    -0.012195,
  1670.750,    -0.460230,     1.894552,    -0.007085,
  1670.800,    -0.029038,     2.933516,    -0.005244,
  1670.850,     0.201009,     3.411537,     0.001748,
  1670.900,     0.162146,     3.192661,     0.008605,
  1670.950,    -0.198883,     2.448630,     0.001970,
  1671.000,    -0.837987,     1.430026,     0.006820,
  1671.050,    -1.530848,     0.408478,     0.006962,
  1671.100,    -1.997015,    -0.451436,     0.002450,
  1671.150,    -1.960830,    -0.960817,    -0.003347,
  1671.200,    -1.532531,    -1.060193,    -0.007930,
  1671.250,    -0.825854,    -0.663694,    -0.007941,
  1671.300,    -0.040990,     0.062822,    -0.010007,
  1671.350,     0.578427,     0.883004,    -0.008403,
  1671.400,     0.884099,     1.683465,    -0.008115,
  1671.450,     0.857438,     2.433776,    -0.014257,
  1671.500,     0.510679,     3.137004,    -0.015582,
  1671.550,     0.045617,     3.789860,    -0.005872,
  1671.600,    -0.284572,     4.497620,    -0.006258,
  1671.650,    -0.265283,     5.222535,    -0.001168,
  1671.700,     0.000204,     5.901816,     0.007933,
  1671.750,     0.397525,     6.195639,    -0.001387,
  1671.800,     0.799528,     5.981187,    -0.000891,
  1671.850,     1.110456,     5.335014,     0.003123,
  1671.900,     1.292201,     4.410735,    -0.003697,
  1671.950,     1.417525,     3.321650,     0.001859,
  1672.000,     1.485644,     2.132569,    -0.001670,
  1672.050,     1.576016,     0.935982,    -0.005245,
  1672.100,     1.745122,    -0.097018,    -0.013108,
  1672.150,     1.983578,    -0.778452,    -0.014061,
  1672.200,     2.317101,    -1.038260,    -0.012740,
  1672.250,     2.674010,    -0.783239,    -0.008023,
  1672.300,     2.872704,     0.004783,    -0.007518,
  1672.350,     2.833196,     1.387401,    -0.004995,
  1672.400,     2.688293,     3.077046,    -0.003544,
  1672.450,     2.544644,     4.595813,     0.004620,
  1672.500,     2.529232,     5.531017,     0.001332,
  1672.550,     2.426284,     5.600975,     0.000759,
  1672.600,     2.095025,     4.902975,     0.001799,
  1672.650,     1.449994,     3.582044,     0.001048,
  1672.700,     0.738537,     1.961807,     0.000841,
  1672.750,     0.203906,     0.388899,    -0.002323,
  1672.800,    -0.083556,    -0.792903,     0.001156,
  1672.850,    -0.069608,    -1.559035,    -0.008751,
  1672.900,     0.194607,    -1.835454,    -0.005052,
  1672.950,     0.676402,    -1.664866,    -0.013094,
  1673.000,     1.295908,    -1.176190,    -0.013207,
  1673.050,     1.743943,    -0.496011,    -0.009850,
  1673.100,     1.890809,     0.210725,    -0.007023,
  1673.150,     1.696932,     0.794993,    -0.002503,
  1673.200,     1.294081,     1.214705,     0.004326,
  1673.250,     0.843709,     1.474065,    -0.005855,
  1673.300,     0.292968,     1.639771,     0.001065,
  1673.350,    -0.225255,     1.766697,     0.003112,
  1673.400,    -0.596711,     1.904042,     0.001678,
  1673.450,    -0.681607,     2.052326,     0.001609,
  1673.500,    -0.528071,     2.186667,    -0.003049,
  1673.550,    -0.272589,     2.189667,     0.000236,
  1673.600,    -0.114104,     2.027777,    -0.009782,
  1673.650,    -0.085456,     1.665004,    -0.003090,
  1673.700,    -0.156024,     1.127236,    -0.010316,
  1673.750,    -0.189022,     0.401514,    -0.007906,
  1673.800,    -0.266962,    -0.456556,    -0.009937,
  1673.850,    -0.344503,    -1.329903,    -0.008333,
  1673.900,    -0.425801,    -2.109243,    -0.004513,
  1673.950,    -0.464741,    -2.672158,    -0.005015,
  1674.000,    -0.471749,    -2.853025,     0.001218,
  1674.050,    -0.477303,    -2.533091,    -0.004744,
  1674.100,    -0.461424,    -1.651755,    -0.001410,
  1674.150,    -0.435032,    -0.453523,     0.000755,
  1674.200,    -0.370005,     0.815121,    -0.001910,
  1674.250,    -0.313660,     1.977493,    -0.001235,
  1674.300,    -0.394077,     2.902698,     0.002792,
  1674.350,    -0.690594,     3.339133,    -0.000129,
  1674.400,    -1.182999,     3.147577,    -0.004969,
  1674.450,    -1.788176,     2.474950,    -0.009889,
  1674.500,    -2.435544,     1.639727,    -0.007041,
  1674.550,    -3.004239,     0.968594,    -0.013848,
  1674.600,    -3.345534,     0.576112,    -0.014069,
  1674.650,    -3.338672,     0.331323,    -0.009773,
  1674.700,    -2.882568,     0.255601,    -0.005478,
  1674.750,    -2.046951,     0.251998,    -0.003779,
  1674.800,    -1.140038,     0.431632,    -0.002436,
  1674.850,    -0.302793,     0.652575,    -0.002018,
  1674.900,     0.354937,     0.917843,     0.002065,
  1674.950,     0.737386,     1.179706,     0.006104,
  1675.000,     0.849945,     1.596654,     0.000144,
  1675.050,     0.646053,     2.116539,    -0.001596,
  1675.100,     0.195240,     2.621316,    -0.003465,
  1675.150,    -0.370295,     2.884645,    -0.004945,
  1675.200,    -0.896855,     2.842668,    -0.005404,
  1675.250,    -1.265497,     2.499815,    -0.003391,
  1675.300,    -1.408786,     1.903486,    -0.012459,
  1675.350,    -1.312454,     1.192339,    -0.010078,
  1675.400,    -1.007724,     0.383384,    -0.013036,
  1675.450,    -0.571322,    -0.486416,    -0.005535,
  1675.500,    -0.035908,    -1.358856,    -0.006756,
  1675.550,     0.420214,    -2.050295,    -0.003302,
  1675.600,     0.741401,    -2.544545,    -0.004724,
  1675.650,     0.958435,    -2.818688,    -0.008187,
  1675.700,     1.080761,    -2.911071,     0.000867,
  1675.750,     1.151405,    -2.789953,     0.000621,
  1675.800,     1.341696,    -2.338151,    -0.000322,
  1675.850,     1.557948,    -1.632665,    -0.002843,
  1675.900,     1.705820,    -0.815731,    -0.005073,
  1675.950,     1.686483,    -0.039722,    -0.003259,
  1676.000,     1.508659,     0.452451,    -0.001877,
  1676.050,     1.308379,     0.631833,    -0.009538,
  1676.100,     1.136112,     0.429057,    -0.003731,
  1676.150,     1.043602,     0.003875,    -0.006641,
  1676.200,     1.043548,    -0.524078,    -0.000986,
  1676.250,     1.069571,    -0.917231,    -0.003682,
  1676.300,     1.206134,    -1.026849,    -0.009248,
  1676.350,     1.511101,    -0.739511,    -0.008260,
  1676.400,     1.955585,     0.061564,    -0.003192,
  1676.450,     2.561647,     1.136488,    -0.000828,
  1676.500,     3.311474,     2.296843,    -0.006163,
  1676.550,     4.175992,     3.266982,    -0.003898,
  1676.600,     4.914304,     3.877250,    -0.002277,
  1676.650,     5.310736,     4.110587,    -0.001494,
  1676.700,     5.169568,     4.057056,     0.001133,
  1676.750,     4.453238,     3.970703,    -0.007868,
  1676.800,     3.253436,     3.885809,    -0.005719,
  1676.850,     1.785601,     3.751709,    -0.006939,
  1676.900,     0.288198,     3.606453,    -0.002361,
  1676.950,    -0.995724,     3.419206,    -0.006480,
  1677.000,    -1.829961,     3.220927,    -0.000944,
  1677.050,    -2.298907,     2.897958,    -0.002400,
  1677.100,    -2.410509,     2.428987,    -0.005511,
  1677.150,    -2.214093,     1.723588,    -0.001378,
  1677.200,    -1.806918,     0.860726,    -0.004332,
  1677.250,    -1.341408,    -0.001927,    -0.008877,
  1677.300,    -0.954264,    -0.804428,    -0.002129,
  1677.350,    -0.694419,    -1.520904,    -0.004157,
  1677.400,    -0.518663,    -2.226664,    -0.004012,
  1677.450,    -0.375112,    -2.926704,    -0.003880,
  1677.500,    -0.185047,    -3.610735,    -0.000251,
  1677.550,     0.015632,    -4.025894,    -0.003171,
  1677.600,     0.202541,    -4.085726,     0.002994,
  1677.650,     0.418618,    -3.749417,    -0.003733,
  1677.700,     0.553639,    -3.089105,    -0.004690,
  1677.750,     0.660233,    -2.255187,    -0.007768,
  1677.800,     0.653815,    -1.326156,    -0.005615,
  1677.850,     0.473949,    -0.414525,     0.000302,
  1677.900,     0.172369,     0.452047,    -0.006923,
  1677.950,    -0.218367,     1.215503,    -0.009610,
  1678.000,    -0.648586,     1.867822,    -0.006144,
  1678.050,    -0.989617,     2.447132,    -0.001892,
  1678.100,    -1.263980,     2.946269,    -0.006175,
  1678.150,    -1.416810,     3.329762,    -0.002484,
  1678.200,    -1.305085,     3.461490,     0.000923,
  1678.250,    -0.839355,     3.286942,    -0.002012,
  1678.300,    -0.149788,     2.820437,    -0.007097,
  1678.350,     0.541786,     2.110837,    -0.000934,
  1678.400,     1.158196,     1.350681,     0.000152,
  1678.450,     1.552451,     0.545600,    -0.004509,
  1678.500,     1.710081,    -0.254601,    -0.001223,
  1678.550,     1.566283,    -0.950069,    -0.006600,
  1678.600,     1.064042,    -1.446930,    -0.003201,
  1678.650,     0.419472,    -1.623106,    -0.002079,
  1678.700,    -0.234458,    -1.444168,    -0.006316,
  1678.750,    -0.694656,    -1.059323,    -0.004101,
  1678.800,    -0.971674,    -0.542013,    -0.007249,
  1678.850,    -1.103511,    -0.018378,    -0.006949,
  1678.900,    -1.114566,     0.425745,    -0.008574,
  1678.950,    -0.964489,     0.790540,    -0.002780,
  1679.000,    -0.652747,     0.984693,    -0.007523,
  1679.050,    -0.308564,     1.013227,    -0.005581,
  1679.100,    -0.032227,     0.944345,    -0.001867,
  1679.150,     0.227203,     0.879909,    -0.002085,
  1679.200,     0.492686,     0.987428,    -0.003343,
  1679.250,     0.736394,     1.153498,    -0.004028,
  1679.300,     0.896475,     1.336168,    -0.002624,
  1679.350,     0.883120,     1.444655,     0.000075,
  1679.400,     0.685813,     1.384619,    -0.002589,
  1679.450,     0.364203,     1.276190,    -0.002993,
  1679.500,    -0.012484,     1.151998,    -0.000702,
  1679.550,    -0.392228,     1.036389,    -0.002348,
  1679.600,    -0.733433,     0.822260,    -0.003889,
  1679.650,    -1.024179,     0.489344,    -0.006685,
  1679.700,    -1.233996,     0.111605,     0.000917,
  1679.750,    -1.303792,    -0.136383,    -0.006872,
  1679.800,    -1.233209,    -0.183329,    -0.007023,
  1679.850,    -1.119097,     0.089244,    -0.005801,
  1679.900,    -0.963233,     0.565430,    -0.006573,
  1679.950,    -0.738296,     1.250601,    -0.006310,
  1680.000,    -0.400657,     2.055370,    -0.001046,
  1680.050,     0.044903,     2.926242,    -0.001365,
  1680.100,     0.472436,     3.609281,    -0.006036,
  1680.150,     0.775314,     3.957772,    -0.000282,
  1680.200,     0.824111,     3.925172,    -0.002280,
  1680.250,     0.694484,     3.677354,    -0.001843,
  1680.300,     0.405940,     3.490739,    -0.004137,
  1680.350,     0.035880,     3.503816,    -0.003379,
  1680.400,    -0.298259,     3.660714,    -0.005289,
  1680.450,    -0.541711,     3.784592,    -0.004596,
  1680.500,    -0.593256,     3.824643,    -0.005738,
  1680.550,    -0.313582,     3.731541,    -0.004474,
  1680.600,     0.177457,     3.510038,    -0.007198,
  1680.650,     0.722481,     2.993122,    -0.005933,
  1680.700,     1.232721,     2.112110,    -0.004834,
  1680.750,     1.562149,     1.024903,    -0.002723,
  1680.800,     1.695866,    -0.076396,    -0.003730,
  1680.850,     1.643068,    -0.928485,    -0.004767,
  1680.900,     1.462843,    -1.375108,    -0.002387,
  1680.950,     1.253332,    -1.509035,    -0.000370,
  1681.000,     1.061191,    -1.330337,    -0.000183,
  1681.050,     0.886798,    -0.869043,    -0.001974,
  1681.100,     0.750801,    -0.272924,    -0.000944,
  1681.150,     0.610436,     0.316817,    -0.003207,
  1681.200,     0.476281,     0.762311,    -0.003439,
  1681.250,     0.323004,     1.087771,    -0.004684,
  1681.300,     0.086144,     1.309974,    -0.005552,
  1681.350,    -0.250591,     1.551823,    -0.005517,
  1681.400,    -0.618929,     1.865516,    -0.005522,
  1681.450,    -0.989343,     2.190166,    -0.010118,
  1681.500,    -1.257668,     2.495474,    -0.002459,
  1681.550,    -1.487022,     2.731245,    -0.002603,
  1681.600,    -1.727173,     2.832177,    -0.002628,
  1681.650,    -1.935381,     2.826116,    -0.004323,
  1681.700,    -2.061505,     2.733490,     0.004205,
  1681.750,    -2.003422,     2.577436,    -0.007079,
  1681.800,    -1.719867,     2.285596,    -0.005337,
  1681.850,    -1.252596,     1.884823,    -0.005615,
  1681.900,    -0.648194,     1.385372,    -0.002117,
  1681.950,    -0.035585,     0.872870,    -0.005441,
  1682.000,     0.465525,     0.476956,    -0.010760,
  1682.050,     0.836446,     0.241674,    -0.006508,
  1682.100,     1.145411,     0.182498,    -0.003942,
  1682.150,     1.288761,     0.282745,    -0.008713,
  1682.200,     1.347505,     0.487860,    -0.007567,
  1682.250,     1.374319,     0.765049,    -0.004927,
  1682.300,     1.353740,     1.076061,     0.000040,
  1682.350,     1.316780,     1.345877,    -0.004000,
  1682.400,     1.201486,     1.614656,    -0.005495,
  1682.450,     0.957340,     1.934996,    -0.005714,
  1682.500,     0.660012,     2.317847,    -0.000717,
  1682.550,     0.317401,     2.571037,    -0.001351,
  1682.600,    -0.060522,     2.715450,     0.002302,
  1682.650,    -0.377052,     2.695597,    -0.004325,
  1682.700,    -0.734965,     2.511846,    -0.003388,
  1682.750,    -1.004791,     2.259730,    -0.002927,
  1682.800,    -1.164572,     1.937984,    -0.004606,
  1682.850,    -1.133416,     1.593883,    -0.002441,
  1682.900,    -0.952045,     1.197974,    -0.005871,
  1682.950,    -0.605725,     0.856578,    -0.008451,
  1683.000,    -0.158461,     0.591795,    -0.005986,
  1683.050,     0.283329,     0.388310,    -0.007577,
  1683.100,     0.630325,     0.239085,    -0.000787,
  1683.150,     0.873453,     0.154335,    -0.001827,
  1683.200,     0.897370,     0.169285,    -0.004306,
  1683.250,     0.766461,     0.348151,     0.001060,
  1683.300,     0.530502,     0.705455,    -0.008400,
  1683.350,     0.348099,     1.189040,    -0.004149,
  1683.400,     0.274959,     1.704080,     0.000908,
  1683.450,     0.322396,     2.117921,    -0.008266,
  1683.500,     0.412861,     2.352159,    -0.003491,
  1683.550,     0.478754,     2.378809,     0.001833,
  1683.600,     0.500256,     2.300817,    -0.000164,
  1683.650,     0.476430,     2.207273,    -0.002824,
  1683.700,     0.415976,     2.084502,    -0.011673,
  1683.750,     0.344642,     1.861927,    -0.008355,
  1683.800,     0.185345,     1.496297,    -0.001364,
  1683.850,    -0.027289,     0.958744,    -0.007798,
  1683.900,    -0.199564,     0.295860,    -0.007285,
  1683.950,    -0.235466,    -0.417423,    -0.002506,
  1684.000,    -0.104402,    -1.076099,    -0.002567,
  1684.050,     0.167179,    -1.664791,    -0.003444,
  1684.100,     0.539986,    -1.881292,    -0.004792,
  1684.150,     0.899226,    -1.641991,    -0.002035,
  1684.200,     1.245935,    -0.908922,    -0.004673,
  1684.250,     1.518662,     0.057908,    -0.001968,
  1684.300,     1.635654,     1.052434,    -0.003201,
  1684.350,     1.568167,     1.909970,    -0.000055,
  1684.400,     1.277387,     2.528583,    -0.005023,
  1684.450,     0.913772,     2.910504,    -0.011872,
  1684.500,     0.638033,     3.039462,    -0.011074,
  1684.550,     0.531917,     2.959035,    -0.008458,
  1684.600,     0.556116,     2.770499,    -0.005979,
  1684.650,     0.615637,     2.537622,    -0.009271,
  1684.700,     0.675427,     2.230924,    -0.006173,
  1684.750,     0.702716,     1.831384,    -0.005267,
  1684.800,     0.638372,     1.285302,    -0.005238,
  1684.850,     0.400739,     0.667263,    -0.002728,
  1684.900,    -0.048227,     0.041377,    -0.000179,
  1684.950,    -0.630572,    -0.428136,    -0.002301,
  1685.000,    -1.144913,    -0.708761,     0.001441,
  1685.050,    -1.441095,    -0.672982,    -0.001548,
  1685.100,    -1.469723,    -0.345578,    -0.000690,
  1685.150,    -1.315443,     0.219219,    -0.001122,
  1685.200,    -1.005688,     0.930121,     0.000799,
  1685.250,    -0.594855,     1.662913,    -0.003201,
  1685.300,    -0.119315,     2.336706,    -0.004362,
  1685.350,     0.278393,     2.790813,    -0.005332,
  1685.400,     0.549362,     2.837893,    -0.008427,
  1685.450,     0.656206,     2.526431,    -0.008491,
  1685.500,     0.688677,     1.958973,    -0.003970,
  1685.550,     0.731643,     1.391149,    -0.005441,
  1685.600,     0.781018,     0.930255,     0.000562,
  1685.650,     0.885324,     0.562372,    -0.002029,
  1685.700,     0.945650,     0.322827,    -0.002284,
  1685.750,     0.957961,     0.155830,    -0.004010,
  1685.800,     0.926747,     0.091455,    -0.000813,
  1685.850,     0.848710,     0.074935,    -0.003330,
  1685.900,     0.754532,     0.001193,    -0.002453,
  1685.950,     0.621627,    -0.119799,     0.001994,
  1686.000,     0.477245,    -0.162694,    -0.006755,
  1686.050,     0.248960,    -0.039735,    -0.005305,
  1686.100,     0.019427,     0.280877,    -0.003482,
  1686.150,    -0.196659,     0.692554,    -0.009774,
  1686.200,    -0.332586,     1.156741,    -0.005631,
  1686.250,    -0.400138,     1.552242,    -0.008119,
  1686.300,    -0.391768,     1.866623,    -0.007212,
  1686.350,    -0.294172,     2.019688,    -0.003932,
  1686.400,    -0.105821,     1.916365,    -0.004332,
  1686.450,     0.081510,     1.485783,    -0.006533,
  1686.500,     0.340653,     0.797933,    -0.003324,
  1686.550,     0.586719,     0.052865,    -0.001924,
  1686.600,     0.865349,    -0.647351,    -0.001099,
  1686.650,     1.117397,    -1.141138,    -0.008884,
  1686.700,     1.272659,    -1.368795,    -0.004686,
  1686.750,     1.336908,    -1.369090,    -0.006725,
  1686.800,     1.196831,    -1.112459,    -0.000588,
  1686.850,     0.939608,    -0.498849,    -0.006094,
  1686.900,     0.633902,     0.373076,    -0.003431,
  1686.950,     0.284929,     1.343611,    -0.006369,
  1687.000,    -0.014526,     2.220433,    -0.008124,
  1687.050,    -0.269853,     2.790095,    -0.005242,
  1687.100,    -0.457592,     3.106945,    -0.002850,
  1687.150,    -0.537290,     3.106982,    -0.007596,
  1687.200,    -0.533930,     2.837052,    -0.007870,
  1687.250,    -0.412559,     2.304517,    -0.001944,
  1687.300,    -0.266744,     1.643385,    -0.004303,
  1687.350,    -0.111774,     0.972145,     0.001999,
  1687.400,     0.064753,     0.364439,    -0.000409,
  1687.450,     0.253464,    -0.127680,    -0.005062,
  1687.500,     0.514718,    -0.449573,     0.001747,
  1687.550,     0.768244,    -0.711068,     0.000664,
  1687.600,     1.007370,    -0.992829,    -0.006936,
  1687.650,     1.117712,    -1.319799,    -0.008783,
  1687.700,     1.088214,    -1.571145,    -0.006082,
  1687.750,     0.951929,    -1.542420,    -0.003901,
  1687.800,     0.714470,    -1.101569,    -0.002769,
  1687.850,     0.466607,    -0.308003,    -0.006900,
  1687.900,     0.225403,     0.731242,    -0.004407,
  1687.950,    -0.048303,     1.850057,    -0.009280,
  1688.000,    -0.385050,     2.753399,    -0.008632,
  1688.050,    -0.747486,     3.277598,    -0.001076,
  1688.100,    -1.094389,     3.297298,    -0.005511,
  1688.150,    -1.386594,     2.876221,    -0.006247,
  1688.200,    -1.579592,     2.170375,     0.000736,
  1688.250,    -1.607231,     1.313024,     0.000373,
  1688.300,    -1.338979,     0.451004,    -0.003075,
  1688.350,    -0.778987,    -0.335147,     0.002733,
  1688.400,    -0.017943,    -0.889231,    -0.003071,
  1688.450,     0.721210,    -1.064746,    -0.004224,
  1688.500,     1.291312,    -0.932000,    -0.007269,
  1688.550,     1.578993,    -0.535668,    -0.008671,
  1688.600,     1.639832,     0.061993,    -0.015379,
  1688.650,     1.466549,     0.744836,    -0.010010,
  1688.700,     1.187315,     1.357723,    -0.007046,
  1688.750,     0.914913,     1.764261,    -0.007646,
  1688.800,     0.681743,     1.791242,    -0.010071,
  1688.850,     0.585062,     1.478882,    -0.006877,
  1688.900,     0.480601,     0.900863,    -0.007510,
  1688.950,     0.347417,     0.198671,     0.003509,
  1689.000,     0.154393,    -0.468450,     0.000178,
  1689.050,    -0.076599,    -0.949988,    -0.000475,
  1689.100,    -0.294626,    -1.127342,     0.008496,
  1689.150,    -0.460565,    -0.955192,     0.001627,
  1689.200,    -0.528369,    -0.573804,    -0.001208,
  1689.250,    -0.427726,    -0.082558,    -0.000537,
  1689.300,    -0.203469,     0.400849,    -0.001414,
  1689.350,     0.114548,     0.783911,    -0.002222,
  1689.400,     0.491377,     0.997937,    -0.000873,
  1689.450,     0.825923,     1.060174,    -0.007496,
  1689.500,     1.057828,     1.013047,    -0.008239,
  1689.550,     1.104726,     0.894100,    -0.003733,
  1689.600,     0.891695,     0.862166,    -0.013530,
  1689.650,     0.516763,     1.000874,    -0.008795,
  1689.700,     0.115582,     1.370165,    -0.005436,
  1689.750,    -0.233137,     1.888734,    -0.001139,
  1689.800,    -0.466130,     2.335326,    -0.001997,
  1689.850,    -0.568607,     2.624466,     0.004692,
  1689.900,    -0.605915,     2.627302,     0.000421,
  1689.950,    -0.599635,     2.330004,     0.000542,
  1690.000,    -0.462743,     1.838481,    -0.002407,
  1690.050,    -0.303549,     1.136360,     0.000692,
  1690.100,    -0.184646,     0.332646,     0.001029,
  1690.150,    -0.058655,    -0.448915,    -0.002920,
  1690.200,     0.091040,    -1.072448,    -0.003339,
  1690.250,     0.286054,    -1.405867,    -0.004103,
  1690.300,     0.492709,    -1.384308,    -0.005971,
  1690.350,     0.679141,    -1.002613,    -0.002207,
  1690.400,     0.771930,    -0.369327,    -0.006930,
  1690.450,     0.757440,     0.414418,    -0.009189,
  1690.500,     0.702571,     1.264879,    -0.004589,
  1690.550,     0.566356,     2.078002,     0.002293,
  1690.600,     0.345064,     2.690379,    -0.004265,
  1690.650,     0.028248,     3.037519,    -0.005425,
  1690.700,    -0.359902,     3.023940,    -0.001570,
  1690.750,    -0.723330,     2.709839,     0.003312,
  1690.800,    -0.908260,     2.242089,     0.000350,
  1690.850,    -0.916766,     1.670260,     0.002007,
  1690.900,    -0.812454,     1.163267,    -0.001179,
  1690.950,    -0.616094,     0.768299,    -0.005684,
  1691.000,    -0.311752,     0.473777,    -0.006702,
  1691.050,     0.153655,     0.285832,    -0.002421,
  1691.100,     0.659963,     0.203289,    -0.003323,
  1691.150,     1.114233,     0.125032,    -0.009502,
  1691.200,     1.382508,     0.156049,    -0.008307,
  1691.250,     1.395185,     0.241990,    -0.008271,
  1691.300,     1.221038,     0.509349,    -0.010388,
  1691.350,     0.922698,     0.941554,    -0.005672,
  1691.400,     0.539279,     1.529320,    -0.007270,
  1691.450,     0.090692,     2.191168,    -0.004836,
  1691.500,    -0.314261,     2.827658,    -0.001992,
  1691.550,    -0.622355,     3.378861,    -0.001305,
  1691.600,    -0.832040,     3.692797,    -0.000993,
  1691.650,    -0.909611,     3.624742,    -0.004680,
  1691.700,    -0.885270,     3.149624,    -0.004195,
  1691.750,    -0.852861,     2.228937,    -0.003311,
  1691.800,    -0.848642,     1.063858,    -0.000552,
  1691.850,    -0.854537,    -0.152253,    -0.002976,
  1691.900,    -0.808377,    -1.174209,    -0.007214,
  1691.950,    -0.570393,    -1.791788,    -0.006613,
  1692.000,    -0.166144,    -1.923481,    -0.007978,
  1692.050,     0.351968,    -1.494760,    -0.010176,
  1692.100,     0.881104,    -0.672926,    -0.004676,
  1692.150,     1.283767,     0.363339,    -0.000966,
  1692.200,     1.500227,     1.363359,    -0.003759,
  1692.250,     1.457154,     2.160327,    -0.002738,
  1692.300,     1.164849,     2.568445,    -0.003417,
  1692.350,     0.743300,     2.533085,    -0.003621,
  1692.400,     0.326473,     2.142730,    -0.003673,
  1692.450,    -0.078386,     1.538134,    -0.003530,
  1692.500,    -0.412832,     0.980385,    -0.006265,
  1692.550,    -0.668654,     0.587184,    -0.004069,
  1692.600,    -0.779659,     0.442132,    -0.003213,
  1692.650,    -0.721145,     0.574560,    -0.004271,
  1692.700,    -0.535488,     0.747681,    -0.005518,
  1692.750,    -0.218588,     0.841796,    -0.008628,
  1692.800,     0.115749,     0.932781,    -0.008686,
  1692.850,     0.458592,     0.984177,    -0.005314,
  1692.900,     0.681228,     1.003946,    -0.001690,
  1692.950,     0.731196,     0.929122,    -0.003824,
  1693.000,     0.601839,     0.783914,    -0.001925,
  1693.050,     0.288264,     0.672512,     0.002562,
  1693.100,    -0.141954,     0.662233,     0.000084,
  1693.150,    -0.546774,     0.801518,     0.000408,
  1693.200,    -0.878048,     1.125919,     0.000342,
  1693.250,    -1.004105,     1.556513,    -0.007181,
  1693.300,    -0.929163,     1.945138,    -0.008911,
  1693.350,    -0.708574,     2.242532,     0.000186,
  1693.400,    -0.394355,     2.400666,    -0.001643,
  1693.450,    -0.072888,     2.426737,    -0.007874,
  1693.500,     0.181654,     2.266734,    -0.006088,
  1693.550,     0.311066,     1.909553,    -0.009665,
  1693.600,     0.373799,     1.422311,    -0.012404,
  1693.650,     0.382348,     0.873087,    -0.004491,
  1693.700,     0.393016,     0.341281,    -0.002988,
  1693.750,     0.369744,    -0.081404,    -0.001415,
  1693.800,     0.398106,    -0.283392,    -0.002088,
  1693.850,     0.560149,    -0.165438,    -0.004861,
  1693.900,     0.766951,     0.235648,    -0.002368,
  1693.950,     0.967361,     0.712439,     0.004287,
  1694.000,     1.106350,     1.100583,     0.002504,
  1694.050,     1.045361,     1.220353,    -0.004177,
  1694.100,     0.866939,     1.020043,    -0.000914,
  1694.150,     0.549754,     0.663621,     0.005230,
  1694.200,     0.160314,     0.307127,     0.001393,
  1694.250,    -0.278853,     0.061134,    -0.005452,
  1694.300,    -0.720315,     0.025835,    -0.006384,
  1694.350,    -1.068381,     0.154167,    -0.002871,
  1694.400,    -1.268191,     0.422037,    -0.013219,
  1694.450,    -1.250312,     0.740911,    -0.002908,
  1694.500,    -1.041628,     1.024193,    -0.007449,
  1694.550,    -0.639519,     1.136833,    -0.008038,
  1694.600,    -0.190201,     1.020943,    -0.004141,
  1694.650,     0.319944,     0.736161,    -0.003381,
  1694.700,     0.781918,     0.438248,     0.001048,
  1694.750,     1.139776,     0.248550,    -0.001520,
  1694.800,     1.376940,     0.179645,    -0.003221,
  1694.850,     1.438046,     0.195447,    -0.007035,
  1694.900,     1.250375,     0.282804,     0.005876,
  1694.950,     0.906991,     0.461654,     0.005581,
  1695.000,     0.506434,     0.742957,     0.002709,
  1695.050,     0.152398,     1.025701,     0.004460,
  1695.100,    -0.151350,     1.259097,    -0.002925,
  1695.150,    -0.350322,     1.238673,     0.000327,
  1695.200,    -0.428102,     0.976320,    -0.008890,
  1695.250,    -0.414967,     0.506294,    -0.006959,
  1695.300,    -0.343046,    -0.005801,    -0.007816,
  1695.350,    -0.279746,    -0.496504,    -0.008827,
  1695.400,    -0.186687,    -0.819703,    -0.008305,
  1695.450,    -0.079147,    -0.989628,    -0.003864,
  1695.500,     0.136331,    -0.954995,    -0.007955,
  1695.550,     0.402568,    -0.679936,     0.000591,
  1695.600,     0.683243,    -0.241350,    -0.000577,
  1695.650,     0.954697,     0.298546,    -0.005852,
  1695.700,     1.160394,     0.761163,     0.000592,
  1695.750,     1.277040,     1.142690,     0.001706,
  1695.800,     1.269566,     1.287671,    -0.002108,
  1695.850,     1.084105,     1.216640,    -0.002083,
  1695.900,     0.681647,     0.942684,    -0.007888,
  1695.950,     0.141308,     0.518857,    -0.002325,
  1696.000,    -0.470279,     0.016242,    -0.004803,
  1696.050,    -0.998174,    -0.420836,    -0.006933,
  1696.100,    -1.312140,    -0.652076,    -0.006621,
  1696.150,    -1.369569,    -0.530327,     0.000207,
  1696.200,    -1.162106,    -0.100584,    -0.012575,
  1696.250,    -0.743720,     0.537141,    -0.006821,
  1696.300,    -0.176070,     1.170117,    -0.004624,
  1696.350,     0.422878,     1.612779,    -0.004633,
  1696.400,     0.906154,     1.746676,    -0.004773,
  1696.450,     1.197364,     1.612897,    -0.000492,
  1696.500,     1.214561,     1.228865,     0.000347,
  1696.550,     0.990707,     0.726397,    -0.001149,
  1696.600,     0.593382,     0.259011,    -0.000264,
  1696.650,     0.176849,    -0.063428,     0.001469,
  1696.700,    -0.172139,    -0.152744,    -0.000107,
  1696.750,    -0.387491,    -0.072411,    -0.004776,
  1696.800,    -0.397352,     0.120159,    -0.003986,
  1696.850,    -0.315428,     0.423928,    -0.003255,
  1696.900,    -0.138255,     0.709750,    -0.007668,
  1696.950,     0.002147,     1.026023,    -0.006232,
  1697.000,     0.106681,     1.315422,    -0.001873,
  1697.050,     0.208480,     1.543624,    -0.002509,
  1697.100,     0.287944,     1.707006,    -0.004839,
  1697.150,     0.306951,     1.788889,    -0.004651,
  1697.200,     0.230279,     1.776160,    -0.004352,
  1697.250,     0.154869,     1.690371,    -0.009507,
  1697.300,     0.144500,     1.527791,    -0.008897,
  1697.350,     0.227204,     1.330025,    -0.002763,
  1697.400,     0.396481,     1.178847,    -0.003479,
  1697.450,     0.631245,     1.114457,    -0.005554,
  1697.500,     0.784407,     1.147654,    -0.005742,
  1697.550,     0.829613,     1.260431,    -0.008258,
  1697.600,     0.814191,     1.396614,    -0.003255,
  1697.650,     0.692144,     1.472952,     0.000821,
  1697.700,     0.474207,     1.368465,    -0.009954,
  1697.750,     0.208128,     1.130898,    -0.007349,
  1697.800,    -0.114465,     0.844827,     0.000321,
  1697.850,    -0.403837,     0.674545,    -0.000864,
  1697.900,    -0.638457,     0.771067,    -0.001056,
  1697.950,    -0.762484,     1.108862,    -0.001970,
  1698.000,    -0.699736,     1.613853,     0.000969,
  1698.050,    -0.476692,     2.130295,    -0.003921,
  1698.100,    -0.123709,     2.564848,    -0.002234,
  1698.150,     0.227143,     2.775530,     0.001780,
  1698.200,     0.404365,     2.623393,    -0.003729,
  1698.250,     0.413750,     2.157658,    -0.004572,
  1698.300,     0.269986,     1.523636,    -0.003689,
  1698.350,     0.056787,     0.982200,    -0.009066,
  1698.400,    -0.084562,     0.644066,    -0.004245,
  1698.450,    -0.128078,     0.527354,    -0.006628,
  1698.500,    -0.037885,     0.545730,    -0.007599,
  1698.550,     0.101017,     0.742787,    -0.009311,
  1698.600,     0.245141,     0.995847,    -0.007059,
  1698.650,     0.367293,     1.265533,    -0.007462,
  1698.700,     0.399801,     1.474968,    -0.006508,
  1698.750,     0.333978,     1.525778,    -0.000032,
  1698.800,     0.138582,     1.514488,    -0.000629,
  1698.850,    -0.108763,     1.456610,    -0.000833,
  1698.900,    -0.279557,     1.369822,    -0.000594,
  1698.950,    -0.321297,     1.291055,     0.002384,
  1699.000,    -0.263723,     1.147038,     0.004777,
  1699.050,    -0.196590,     0.943440,     0.003821,
  1699.100,    -0.055366,     0.729823,    -0.009195,
  1699.150,     0.152330,     0.651807,    -0.010232,
  1699.200,     0.332596,     0.766728,    -0.010158,
  1699.250,     0.479996,     0.959094,    -0.007817,
  1699.300,     0.546468,     1.079285,    -0.006965,
  1699.350,     0.465714,     1.017662,    -0.004425,
  1699.400,     0.248957,     0.750040,    -0.009559,
  1699.450,    -0.046867,     0.296059,    -0.011922,
  1699.500,    -0.347328,    -0.227596,    -0.009820,
  1699.550,    -0.566795,    -0.738272,    -0.003677,
  1699.600,    -0.694661,    -1.066399,     0.002385,
  1699.650,    -0.727912,    -1.086662,     0.004494,
  1699.700,    -0.626018,    -0.732967,     0.003415,
  1699.750,    -0.400858,    -0.047674,    -0.002143,
  1699.800,    -0.122425,     0.839081,    -0.001056,
  1699.850,     0.148434,     1.752978,    -0.003771,
  1699.900,     0.326947,     2.450384,     0.001419,
  1699.950,     0.379690,     2.840175,     0.002015,
  1700.000,     0.346748,     2.866925,     0.000826,
  1700.050,     0.227877,     2.536581,    -0.006138,
  1700.100,     0.035517,     1.955277,    -0.005309,
  1700.150,    -0.138967,     1.258269,    -0.004916,
  1700.200,    -0.269905,     0.631063,    -0.009554,
  1700.250,    -0.310909,     0.214407,    -0.002771,
  1700.300,    -0.186737,     0.035360,    -0.008123,
  1700.350,     0.054235,     0.106097,    -0.003871,
  1700.400,     0.377654,     0.356125,    -0.000580,
  1700.450,     0.689675,     0.698159,    -0.007568,
  1700.500,     0.886622,     1.100381,    -0.008727,
  1700.550,     0.920747,     1.486258,    -0.008600,
  1700.600,     0.758140,     1.795552,    -0.004423,
  1700.650,     0.507982,     1.998714,    -0.006386,
  1700.700,     0.190506,     2.124292,    -0.005508,
  1700.750,    -0.117308,     2.223595,    -0.005665,
  1700.800,    -0.370605,     2.279434,    -0.009692,
  1700.850,    -0.471393,     2.212552,    -0.004547,
  1700.900,    -0.425221,     1.975957,    -0.000711,
  1700.950,    -0.310352,     1.574126,     0.001441,
  1701.000,    -0.120498,     1.078355,    -0.002555,
  1701.050,     0.056692,     0.565921,     0.001937,
  1701.100,     0.256463,     0.105276,     0.000205,
  1701.150,     0.452975,    -0.195628,    -0.001403,
  1701.200,     0.649581,    -0.379004,     0.002437,
  1701.250,     0.756907,    -0.398505,    -0.004226,
  1701.300,     0.804879,    -0.296935,     0.000020,
  1701.350,     0.765746,    -0.112662,    -0.002886,
  1701.400,     0.677834,     0.193048,    -0.008545,
  1701.450,     0.484033,     0.542926,    -0.008046,
  1701.500,     0.265974,     0.940374,    -0.011117,
  1701.550,     0.089052,     1.319942,    -0.010056,
  1701.600,    -0.005784,     1.636360,    -0.008853,
  1701.650,     0.023189,     1.862691,    -0.009376,
  1701.700,     0.107803,     1.914803,    -0.001857,
  1701.750,     0.232373,     1.812830,    -0.003409,
  1701.800,     0.350230,     1.497084,    -0.005144,
  1701.850,     0.406262,     1.093463,    -0.001550,
  1701.900,     0.342914,     0.715838,     0.000075,
  1701.950,     0.199506,     0.412858,     0.004482,
  1702.000,     0.071092,     0.207046,     0.000840,
  1702.050,     0.087612,    -0.002225,     0.000611,
  1702.100,     0.241689,    -0.152308,     0.004801,
  1702.150,     0.508594,    -0.196308,    -0.001017,
  1702.200,     0.789702,    -0.144487,    -0.003686,
  1702.250,     1.011327,    -0.024069,    -0.009229,
  1702.300,     1.144612,     0.188871,    -0.010065,
  1702.350,     1.069738,     0.432309,    -0.005292,
  1702.400,     0.771113,     0.746406,    -0.011893,
  1702.450,     0.360319,     1.113395,    -0.008473,
  1702.500,    -0.037375,     1.465388,    -0.009455,
  1702.550,    -0.296050,     1.738564,    -0.007664,
  1702.600,    -0.388106,     1.847772,    -0.004838,
  1702.650,    -0.330040,     1.741479,    -0.002977,
  1702.700,    -0.155280,     1.477008,    -0.002220,
  1702.750,     0.098691,     1.112401,    -0.000452,
  1702.800,     0.333375,     0.725569,    -0.001328,
  1702.850,     0.536870,     0.264683,     0.001167,
  1702.900,     0.701116,    -0.083359,    -0.000430,
  1702.950,     0.732622,    -0.329628,    -0.000149,
  1703.000,     0.691811,    -0.467160,    -0.004599,
  1703.050,     0.590302,    -0.516775,    -0.002605,
  1703.100,     0.470147,    -0.552785,    -0.000125,
  1703.150,     0.336304,    -0.531802,    -0.003319,
  1703.200,     0.181359,    -0.392810,    -0.012594,
  1703.250,    -0.015262,    -0.156744,    -0.002462,
  1703.300,    -0.138371,     0.229008,    -0.001607,
  1703.350,    -0.129005,     0.770950,    -0.007416,
  1703.400,    -0.026483,     1.354544,    -0.011411,
  1703.450,     0.116212,     1.873694,    -0.012497,
  1703.500,     0.212396,     2.146879,    -0.003233,
  1703.550,     0.178090,     2.142156,     0.000525,
  1703.600,     0.018843,     1.924068,     0.002030,
  1703.650,    -0.248357,     1.563748,    -0.001573,
  1703.700,    -0.523622,     1.072622,    -0.003856,
  1703.750,    -0.671396,     0.518133,    -0.012202,
  1703.800,    -0.653005,     0.011478,    -0.007574,
  1703.850,    -0.405482,    -0.299374,    -0.009672,
  1703.900,    -0.017997,    -0.382060,    -0.009149,
  1703.950,     0.520776,    -0.316831,    -0.008384,
  1704.000,     1.019623,    -0.070874,    -0.004668,
  1704.050,     1.385035,     0.321376,    -0.006082,
  1704.100,     1.503053,     0.846238,    -0.003083,
  1704.150,     1.354699,     1.416767,    -0.001172,
  1704.200,     1.043911,     1.969961,     0.011009,
  1704.250,     0.615290,     2.376415,     0.003875,
  1704.300,     0.133460,     2.539956,     0.000961,
  1704.350,    -0.311576,     2.443849,    -0.000228,
  1704.400,    -0.584631,     2.187560,     0.002575,
  1704.450,    -0.626819,     1.799463,    -0.005287,
  1704.500,    -0.512978,     1.304165,    -0.010462,
  1704.550,    -0.319924,     0.827102,    -0.010539,
  1704.600,    -0.013447,     0.365469,    -0.013388,
  1704.650,     0.301518,     0.092568,    -0.009514,
  1704.700,     0.560877,     0.001743,    -0.004554,
  1704.750,     0.739038,     0.116562,    -0.001032,
  1704.800,     0.810246,     0.365459,    -0.002283,
  1704.850,     0.783036,     0.687396,    -0.002351,
  1704.900,     0.668687,     1.080751,    -0.002592,
  1704.950,     0.600200,     1.547032,     0.007484,
  1705.000,     0.526264,     2.028004,     0.007951,
  1705.050,     0.395322,     2.429532,     0.002699,
  1705.100,     0.215933,     2.701087,     0.000736,
  1705.150,     0.039598,     2.786637,     0.000893,
  1705.200,    -0.146304,     2.728654,     0.001000,
  1705.250,    -0.305758,     2.588807,    -0.003654,
  1705.300,    -0.418540,     2.410819,    -0.009238,
  1705.350,    -0.430841,     2.126121,    -0.007746,
  1705.400,    -0.386544,     1.815159,    -0.010980,
  1705.450,    -0.315674,     1.533803,    -0.010395,
  1705.500,    -0.196027,     1.343352,    -0.010231,
  1705.550,    -0.019494,     1.294895,    -0.009401,
  1705.600,     0.187971,     1.230120,    -0.007998,
  1705.650,     0.412114,     1.093479,    -0.004069,
  1705.700,     0.618395,     0.922447,     0.003946,
  1705.750,     0.805416,     0.741133,     0.000549,
  1705.800,     0.909955,     0.618669,    -0.005284,
  1705.850,     0.937589,     0.557503,     0.000353,
  1705.900,     0.828181,     0.585135,     0.002844,
  1705.950,     0.602621,     0.704118,     0.005597,
  1706.000,     0.291634,     0.924126,     0.002578,
  1706.050,    -0.012061,     1.228105,     0.002397,
  1706.100,    -0.254562,     1.440186,    -0.000745,
  1706.150,    -0.360132,     1.537056,    -0.007591,
  1706.200,    -0.428004,     1.431115,    -0.003715,
  1706.250,    -0.448230,     1.193729,    -0.003643,
  1706.300,    -0.376078,     0.862866,    -0.008413,
  1706.350,    -0.228844,     0.475642,    -0.006685,
  1706.400,    -0.034097,     0.149753,    -0.007610,
  1706.450,     0.178872,    -0.050592,    -0.006826,
  1706.500,     0.365439,    -0.147607,    -0.009544,
  1706.550,     0.538796,    -0.136650,    -0.003952,
  1706.600,     0.707118,    -0.023186,    -0.003037,
  1706.650,     0.831798,     0.111666,    -0.004341,
  1706.700,     0.921396,     0.334724,    -0.004244,
  1706.750,     0.885527,     0.646764,    -0.005324,
  1706.800,     0.740165,     0.982969,    -0.003114,
  1706.850,     0.523281,     1.270086,    -0.007301,
  1706.900,     0.251842,     1.533274,    -0.000839,
  1706.950,    -0.025442,     1.732812,     0.000404,
  1707.000,    -0.233487,     1.885977,    -0.001016,
  1707.050,    -0.365608,     1.991964,    -0.003545,
  1707.100,    -0.448431,     2.012803,    -0.002530,
  1707.150,    -0.464783,     1.977728,    -0.000173,
  1707.200,    -0.389772,     1.943583,    -0.006071,
  1707.250,    -0.299069,     1.878060,     0.002362,
  1707.300,    -0.237455,     1.716188,     0.000537,
  1707.350,    -0.121828,     1.452515,    -0.004017,
  1707.400,     0.043278,     1.139832,    -0.003688,
  1707.450,     0.246610,     0.851223,    -0.010823,
  1707.500,     0.503660,     0.639538,    -0.009765,
  1707.550,     0.785750,     0.604060,    -0.007659,
  1707.600,     1.036662,     0.813209,    -0.011608,
  1707.650,     1.162686,     1.263659,    -0.010167,
  1707.700,     1.064845,     1.836553,    -0.005936,
  1707.750,     0.796887,     2.379872,    -0.008566,
  1707.800,     0.482860,     2.806634,    -0.002749,
  1707.850,     0.129972,     3.011721,     0.000368,
  1707.900,    -0.222164,     2.980675,     0.000108,
  1707.950,    -0.503022,     2.724464,    -0.008080,
  1708.000,    -0.631687,     2.294835,     0.000843,
  1708.050,    -0.574096,     1.783803,     0.003460,
  1708.100,    -0.384730,     1.269205,     0.001604,
  1708.150,    -0.129011,     0.851650,    -0.003439,
  1708.200,     0.180574,     0.570834,    -0.002034,
  1708.250,     0.462960,     0.472253,    -0.001941,
  1708.300,     0.753011,     0.513279,    -0.001706,
  1708.350,     0.950918,     0.688256,    -0.006611,
  1708.400,     1.041576,     0.913415,    -0.006483,
  1708.450,     1.031466,     1.097041,    -0.010380,
  1708.500,     0.897724,     1.167100,    -0.008580,
  1708.550,     0.682056,     1.094580,    -0.007026,
  1708.600,     0.438455,     0.988459,    -0.008718,
  1708.650,     0.181864,     0.890508,    -0.009440,
  1708.700,    -0.036672,     0.825239,    -0.006129,
  1708.750,    -0.189169,     0.834482,    -0.001751,
  1708.800,    -0.336190,     0.937989,    -0.000784,
  1708.850,    -0.352701,     1.132657,    -0.001436,
  1708.900,    -0.271880,     1.381238,    -0.000357,
  1708.950,    -0.096834,     1.550118,    -0.000523,
  1709.000,     0.120983,     1.592862,    -0.005087,
  1709.050,     0.299309,     1.496985,    -0.000632,
  1709.100,     0.535863,     1.364264,    -0.002267,
  1709.150,     0.746143,     1.220443,    -0.005248,
  1709.200,     0.960706,     1.113766,    -0.000964,
  1709.250,     1.129238,     1.030876,    -0.002645,
  1709.300,     1.166284,     0.993686,    -0.006377,
  1709.350,     1.090744,     1.015238,    -0.005063,
  1709.400,     0.945292,     1.048356,    -0.001979,
  1709.450,     0.784463,     1.140385,    -0.002630,
  1709.500,     0.564952,     1.279681,    -0.002303,
  1709.550,     0.370829,     1.419368,    -0.000539,
  1709.600,     0.145210,     1.520826,    -0.009339,
  1709.650,    -0.011132,     1.610550,    -0.001916,
  1709.700,    -0.068048,     1.662439,    -0.004200,
  1709.750,    -0.041485,     1.703517,    -0.003118,
  1709.800,     0.008800,     1.703155,    -0.003324,
  1709.850,    -0.001146,     1.587031,    -0.004334,
  1709.900,     0.005051,     1.316544,    -0.004715,
  1709.950,     0.062618,     0.990432,    -0.007123,
  1710.000,     0.064530,     0.662223,    -0.002527,
  1710.050,     0.082383,     0.439506,    -0.001827,
  1710.100,     0.124113,     0.304805,    -0.001203,
  1710.150,     0.166291,     0.298283,    -0.002949,
  1710.200,     0.255489,     0.349277,    -0.003303,
  1710.250,     0.391079,     0.399695,     0.001525,
  1710.300,     0.463643,     0.466908,    -0.001743,
  1710.350,     0.472032,     0.427609,     0.003570,
  1710.400,     0.384349,     0.349779,    -0.005685,
  1710.450,     0.220614,     0.249391,    -0.008543,
  1710.500,     0.008483,     0.267603,    -0.006825,
  1710.550,    -0.177575,     0.425202,    -0.008054,
  1710.600,    -0.343944,     0.670064,    -0.005015,
  1710.650,    -0.400767,     0.961431,    -0.010337,
  1710.700,    -0.416127,     1.192651,    -0.006476,
  1710.750,    -0.323871,     1.314931,    -0.001654,
  1710.800,    -0.210467,     1.339182,    -0.001107,
  1710.850,    -0.055163,     1.279172,     0.001585,
  1710.900,     0.128449,     1.094842,     0.002822,
  1710.950,     0.335223,     0.915425,    -0.000338,
  1711.000,     0.546346,     0.741791,    -0.005097,
  1711.050,     0.657223,     0.671570,     0.000086,
  1711.100,     0.730413,     0.663055,    -0.002130,
  1711.150,     0.757961,     0.693004,    -0.004111,
  1711.200,     0.720139,     0.829999,    -0.006555,
  1711.250,     0.646547,     1.120037,    -0.001098,
  1711.300,     0.545529,     1.462619,    -0.006129,
  1711.350,     0.462014,     1.783571,    -0.010754,
  1711.400,     0.398075,     1.975077,    -0.011173,
  1711.450,     0.310404,     1.983953,    -0.011318,
  1711.500,     0.223093,     1.791444,     0.000486,
  1711.550,     0.102594,     1.416287,     0.000368,
  1711.600,     0.012304,     0.902035,     0.000600,
  1711.650,    -0.049799,     0.412966,     0.002705,
  1711.700,    -0.038708,     0.053998,    -0.000973,
  1711.750,     0.059056,    -0.022020,    -0.003930,
  1711.800,     0.262021,     0.139481,    -0.002115,
  1711.850,     0.533972,     0.468412,    -0.000647,
  1711.900,     0.827687,     0.870126,    -0.003908,
  1711.950,     1.023933,     1.249804,    -0.005433,
  1712.000,     1.107554,     1.590034,    -0.008628,
  1712.050,     1.064202,     1.757380,     0.000709,
  1712.100,     0.924817,     1.704202,    -0.007544,
  1712.150,     0.720778,     1.456662,    -0.006068,
  1712.200,     0.497539,     1.053388,    -0.006041,
  1712.250,     0.240217,     0.622955,    -0.005645,
  1712.300,     0.038634,     0.310986,    -0.002396,
  1712.350,    -0.108640,     0.108602,    -0.001077,
  1712.400,    -0.160713,     0.160012,    -0.001890,
  1712.450,    -0.133455,     0.437557,    -0.004558,
  1712.500,    -0.060643,     0.908591,    -0.005984,
  1712.550,     0.058379,     1.471358,    -0.001119,
  1712.600,     0.185021,     1.942300,    -0.004300,
  1712.650,     0.270016,     2.241039,     0.000882,
  1712.700,     0.309798,     2.315176,    -0.006492,
  1712.750,     0.279098,     2.166940,    -0.003528,
  1712.800,     0.251103,     1.869105,    -0.003163,
  1712.850,     0.245379,     1.530207,    -0.004468,
  1712.900,     0.275260,     1.262102,    -0.010027,
  1712.950,     0.339108,     1.160561,    -0.002017,
  1713.000,     0.446783,     1.214127,    -0.007126,
  1713.050,     0.579039,     1.422144,     0.000893,
  1713.100,     0.700733,     1.647660,    -0.007415,
  1713.150,     0.731522,     1.855765,    -0.005794,
  1713.200,     0.656161,     1.931107,    -0.007182,
  1713.250,     0.525232,     1.816466,    -0.003400,
  1713.300,     0.385913,     1.621859,     0.002070,
  1713.350,     0.276313,     1.351444,     0.000287,
  1713.400,     0.206819,     1.063327,    -0.002080,
  1713.450,     0.216087,     0.848513,    -0.007512,
  1713.500,     0.227641,     0.704341,    -0.000553,
  1713.550,     0.286627,     0.688907,    -0.006869,
  1713.600,     0.362348,     0.819090,    -0.001633,
  1713.650,     0.448473,     1.103136,    -0.003642,
  1713.700,     0.514473,     1.409114,    -0.002495,
  1713.750,     0.535572,     1.692225,     0.004380,
  1713.800,     0.511597,     1.811971,    -0.005961,
  1713.850,     0.482684,     1.754821,    -0.001320,
  1713.900,     0.508340,     1.591743,    -0.000704,
  1713.950,     0.551490,     1.231281,    -0.006448,
  1714.000,     0.546071,     0.797407,    -0.001398,
  1714.050,     0.498461,     0.365158,    -0.005916,
  1714.100,     0.324450,     0.034516,    -0.011387,
  1714.150,     0.149586,    -0.026658,    -0.003723,
  1714.200,    -0.037783,     0.184675,    -0.005476,
  1714.250,    -0.207194,     0.606210,    -0.014180,
  1714.300,    -0.261056,     1.089649,    -0.006742,
  1714.350,    -0.264100,     1.490815,    -0.004908,
  1714.400,    -0.161789,     1.707233,    -0.009417,
  1714.450,    -0.089538,     1.719465,    -0.000381,
  1714.500,     0.000239,     1.513489,    -0.000424,
  1714.550,     0.060334,     1.197705,    -0.003028,
  1714.600,     0.039436,     0.856871,    -0.002476,
  1714.650,     0.051838,     0.634544,     0.000126,
  1714.700,     0.107051,     0.617475,    -0.000413,
  1714.750,     0.236521,     0.725275,     0.001227,
  1714.800,     0.326757,     0.924123,     0.000233,
  1714.850,     0.430378,     1.106387,    -0.002802,
  1714.900,     0.445822,     1.103005,    -0.006813,
  1714.950,     0.413784,     0.913411,    -0.005521,
  1715.000,     0.347626,     0.530180,    -0.002424,
  1715.050,     0.202467,     0.134683,    -0.000573,
  1715.100,     0.063754,    -0.269910,    -0.001348,
  1715.150,    -0.046399,    -0.557224,     0.004506,
  1715.200,    -0.077442,    -0.683033,    -0.005310,
  1715.250,    -0.041211,    -0.571705,    -0.000492,
  1715.300,     0.011657,    -0.304670,    -0.001953,
  1715.350,     0.081793,     0.078485,    -0.005562,
  1715.400,     0.175317,     0.538393,    -0.005224,
  1715.450,     0.326529,     1.028427,    -0.005998,
  1715.500,     0.445037,     1.502242,    -0.004711,
  1715.550,     0.554560,     1.844738,    -0.004276,
  1715.600,     0.588944,     1.933996,    -0.009202,
  1715.650,     0.524701,     1.728565,    -0.009495,
  1715.700,     0.410232,     1.229859,    -0.008404,
  1715.750,     0.254276,     0.540926,    -0.006395,
  1715.800,     0.060494,    -0.165826,    -0.005147,
  1715.850,    -0.083108,    -0.740224,    -0.001106,
  1715.900,    -0.163164,    -1.057480,    -0.002680,
  1715.950,    -0.086099,    -1.035766,    -0.001706,
  1716.000,     0.058586,    -0.629646,    -0.001781,
  1716.050,     0.238570,     0.073212,     0.004847,
  1716.100,     0.411838,     0.854730,     0.002434,
  1716.150,     0.555446,     1.581930,     0.001721,
  1716.200,     0.660722,     2.064901,    -0.002760,
  1716.250,     0.657431,     2.253151,    -0.002425,
  1716.300,     0.600229,     2.119534,    -0.005903,
  1716.350,     0.472292,     1.736978,    -0.008215,
  1716.400,     0.314684,     1.250300,    -0.006361,
  1716.450,     0.146611,     0.746373,    -0.007191,
  1716.500,     0.072171,     0.391037,    -0.008070,
  1716.550,     0.093295,     0.223613,    -0.008074,
  1716.600,     0.218037,     0.227837,    -0.009461,
  1716.650,     0.421077,     0.283777,    -0.002986,
  1716.700,     0.660137,     0.363875,    -0.003783,
  1716.750,     0.914288,     0.414411,     0.004698,
  1716.800,     1.077865,     0.382238,     0.003965,
  1716.850,     1.093637,     0.386000,    -0.001052,
  1716.900,     0.942781,     0.413724,    -0.000632,
  1716.950,     0.688959,     0.532464,     0.001796,
  1717.000,     0.396542,     0.767610,    -0.004694,
  1717.050,     0.169412,     1.103108,    -0.003729,
  1717.100,     0.037305,     1.447134,    -0.010677,
  1717.150,     0.009316,     1.758704,    -0.007010,
  1717.200,     0.102801,     1.913312,    -0.012147,
  1717.250,     0.247579,     1.989301,    -0.017119,
  1717.300,     0.410792,     1.956454,    -0.006655,
  1717.350,     0.501515,     1.767766,     0.002261,
  1717.400,     0.492299,     1.530295,    -0.002910,
  1717.450,     0.397530,     1.168417,     0.001811,
  1717.500,     0.256600,     0.812636,     0.004003,
  1717.550,     0.128983,     0.407275,     0.004780,
  1717.600,     0.028347,     0.038021,     0.005419,
  1717.650,    -0.070848,    -0.290806,    -0.004253,
  1717.700,    -0.086390,    -0.475594,    -0.002581,
  1717.750,    -0.075237,    -0.410213,    -0.006404,
  1717.800,     0.024010,    -0.052088,    -0.010460,
  1717.850,     0.175786,     0.457475,    -0.012231,
  1717.900,     0.331252,     0.988306,    -0.006610,
  1717.950,     0.426704,     1.415740,    -0.004613,
  1718.000,     0.427972,     1.668179,    -0.002017,
  1718.050,     0.386976,     1.705765,    -0.002895,
  1718.100,     0.218522,     1.583977,     0.004844,
  1718.150,     0.035139,     1.329943,     0.006343,
  1718.200,    -0.194357,     1.036802,    -0.005801,
  1718.250,    -0.375251,     0.768220,     0.003558,
  1718.300,    -0.419823,     0.553401,    -0.002549,
  1718.350,    -0.337452,     0.472896,    -0.006570,
  1718.400,    -0.100859,     0.491900,    -0.005506,
  1718.450,     0.171014,     0.624468,    -0.006515,
  1718.500,     0.416685,     0.761028,    -0.002666,
  1718.550,     0.568051,     0.885877,    -0.008454,
  1718.600,     0.567511,     0.965360,    -0.005808,
  1718.650,     0.413779,     1.019752,    -0.003296,
  1718.700,     0.199872,     1.055398,     0.002208,
  1718.750,    -0.038589,     1.122704,     0.003109,
  1718.800,    -0.173545,     1.344286,     0.005318,
  1718.850,    -0.199090,     1.613377,     0.000159,
  1718.900,    -0.037587,     1.994283,    -0.012150,
  1718.950,     0.200739,     2.344918,    -0.003229,
  1719.000,     0.480703,     2.580013,    -0.005580,
  1719.050,     0.701437,     2.720220,    -0.007921,
  1719.100,     0.809021,     2.634843,    -0.010106,
  1719.150,     0.773055,     2.351094,    -0.006591,
  1719.200,     0.686288,     1.910511,    -0.005945,
  1719.250,     0.603249,     1.332618,    -0.009914,
  1719.300,     0.552418,     0.717710,     0.004378,
  1719.350,     0.593985,     0.149211,     0.001622,
  1719.400,     0.724631,    -0.231224,    -0.002171,
  1719.450,     0.925175,    -0.365955,     0.000395,
  1719.500,     1.136340,    -0.252983,    -0.004803,
  1719.550,     1.325540,     0.065889,    -0.001734,
  1719.600,     1.424419,     0.584058,    -0.005573,
  1719.650,     1.518263,     1.177586,    -0.001220,
  1719.700,     1.555199,     1.803306,    -0.003765,
  1719.750,     1.471741,     2.287425,    -0.005191,
  1719.800,     1.273934,     2.540220,    -0.002556,
  1719.850,     0.946243,     2.506058,    -0.003520,
  1719.900,     0.459597,     2.308830,    -0.002188,
  1719.950,    -0.004098,     1.970036,    -0.002335,
  1720.000,    -0.425304,     1.608460,    -0.001297,

