Time_abs/ps, Signal 1/nA, Ref.signal 1/nA, Signal 2/nA, Ref.signal 2/nA
  1600.000,     0.004700,     0.007615,    -0.003886,
  1600.050,     0.007981,    -0.004646,     0.000236,
  1600.100,     0.000996,     0.011497,    -0.003265,
  1600.150,     0.001075,    -0.005388,     0.003252,
  1600.200,    -0.014753,    -0.009079,     0.003663,
  1600.250,     0.000847,    -0.022884,    -0.003067,
  1600.300,    -0.001232,    -0.011605,    -0.001268,
  1600.350,    -0.016611,     0.000561,     0.003694,
  1600.400,    -0.000643,     0.010459,     0.005090,
  1600.450,    -0.009560,     0.008771,     0.007297,
  1600.500,    -0.003334,    -0.000034,     0.002934,
  1600.550,     0.002603,    -0.009125,     0.004020,
  1600.600,    -0.001769,    -0.021215,     0.009269,
  1600.650,     0.000705,    -0.028924,     0.004857,
  1600.700,    -0.025476,    -0.024922,     0.009242,
  1600.750,     0.005179,    -0.033412,     0.007851,
  1600.800,    -0.010688,    -0.027306,     0.000388,
  1600.850,    -0.014651,    -0.001638,    -0.000002,
  1600.900,     0.002365,    -0.017430,     0.001706,
  1600.950,    -0.020939,    -0.006954,     0.002438,
  1601.000,    -0.006480,    -0.025601,    -0.002869,
  1601.050,    -0.025195,    -0.025349,     0.006262,
  1601.100,    -0.019166,    -0.009534,    -0.005141,
  1601.150,    -0.038755,    -0.028449,    -0.001134,
  1601.200,    -0.024633,    -0.018410,     0.000814,
  1601.250,    -0.042262,    -0.022588,     0.004565,
  1601.300,    -0.021439,    -0.037640,     0.005072,
  1601.350,    -0.026560,    -0.024145,    -0.001804,
  1601.400,    -0.017884,    -0.019708,    -0.001892,
  1601.450,    -0.012022,    -0.036830,    -0.001722,
  1601.500,    -0.018021,    -0.020360,     0.002729,
  1601.550,     0.001476,    -0.021295,     0.004283,
  1601.600,    -0.017850,    -0.019094,     0.009445,
  1601.650,    -0.024409,    -0.038961,     0.001931,
  1601.700,     0.003574,    -0.039712,     0.010672,
  1601.750,     0.001926,    -0.046448,     0.006297,
  1601.800,    -0.016898,    -0.049859,     0.008880,
  1601.850,    -0.021696,    -0.056273,     0.001857,
  1601.900,     0.001955,    -0.066449,     0.002950,
  1601.950,    -0.023767,    -0.072077,     0.000042,
  1602.000,     0.002814,    -0.063971,     0.001446,
  1602.050,    -0.013894,    -0.049452,     0.002506,
  1602.100,     0.014233,    -0.059367,    -0.000608,
  1602.150,    -0.005293,    -0.063293,     0.000145,
  1602.200,    -0.004655,    -0.057947,    -0.001988,
  1602.250,    -0.008820,    -0.047525,    -0.002920,
  1602.300,     0.009073,    -0.066134,    -0.005954,
  1602.350,    -0.016880,    -0.074133,    -0.000197,
  1602.400,     0.000803,    -0.077379,    -0.003365,
  1602.450,    -0.021165,    -0.060169,     0.005329,
  1602.500,     0.004804,    -0.080268,     0.002091,
  1602.550,    -0.006648,    -0.067907,    -0.001396,
  1602.600,    -0.003525,    -0.099132,     0.002574,
  1602.650,    -0.030118,    -0.079462,     0.009179,
  1602.700,    -0.018181,    -0.061615,     0.002931,
  1602.750,    -0.010398,    -0.055587,     0.004428,
  1602.800,    -0.021348,    -0.049285,     0.014187,
  1602.850,    -0.012958,    -0.061351,     0.003936,
  1602.900,    -0.015492,    -0.051576,     0.006343,
  1602.950,    -0.014161,    -0.030425,     0.003991,
  1603.000,    -0.022547,    -0.045516,     0.005863,
  1603.050,    -0.041662,    -0.046597,     0.006273,
  1603.100,    -0.034688,    -0.041525,     0.002584,
  1603.150,    -0.025770,    -0.058770,     0.001150,
  1603.200,    -0.010951,    -0.067038,     0.000789,
  1603.250,    -0.009176,    -0.060943,    -0.000277,
  1603.300,    -0.027191,    -0.046130,    -0.001581,
  1603.350,    -0.031861,    -0.044856,    -0.001263,
  1603.400,    -0.046359,    -0.048941,    -0.001904,
  1603.450,    -0.033771,    -0.057768,    -0.001398,
  1603.500,    -0.039737,    -0.061647,    -0.002370,
  1603.550,    -0.029572,    -0.072860,    -0.005628,
  1603.600,    -0.024254,    -0.050958,    -0.007510,
  1603.650,    -0.033183,    -0.058043,    -0.001152,
  1603.700,    -0.025198,    -0.046480,     0.001636,
  1603.750,    -0.028599,    -0.039911,     0.000316,
  1603.800,    -0.023140,    -0.055079,     0.003609,
  1603.850,    -0.022899,    -0.055890,     0.004404,
  1603.900,    -0.030815,    -0.060794,     0.005221,
  1603.950,    -0.029941,    -0.056321,     0.007478,
  1604.000,    -0.027236,    -0.053461,     0.003879,
  1604.050,    -0.008926,    -0.061511,     0.009874,
  1604.100,    -0.025292,    -0.073083,     0.010663,
  1604.150,    -0.017779,    -0.058812,     0.009471,
  1604.200,    -0.028889,    -0.056921,     0.012712,
  1604.250,    -0.022123,    -0.052816,     0.010690,
  1604.300,    -0.029591,    -0.051204,     0.008854,
  1604.350,    -0.019245,    -0.050098,     0.008588,
  1604.400,    -0.022891,    -0.051308,     0.003801,
  1604.450,    -0.030902,    -0.055452,     0.003320,
  1604.500,    -0.004061,    -0.068069,     0.001513,
  1604.550,    -0.021472,    -0.050001,     0.001515,
  1604.600,    -0.020304,    -0.060544,    -0.000554,
  1604.650,    -0.010916,    -0.066102,    -0.001036,
  1604.700,    -0.033363,    -0.067510,    -0.003364,
  1604.750,    -0.039553,    -0.069713,    -0.006331,
  1604.800,    -0.021653,    -0.075049,    -0.002836,
  1604.850,    -0.039416,    -0.068252,    -0.003449,
  1604.900,    -0.037463,    -0.068048,    -0.001672,
  1604.950,    -0.019619,    -0.057182,    -0.004522,
  1605.000,    -0.021676,    -0.074073,    -0.000128,
  1605.050,    -0.025980,    -0.073767,    -0.000064,
  1605.100,    -0.024373,    -0.058804,     0.002765,
  1605.150,    -0.031510,    -0.074817,     0.004964,
  1605.200,    -0.028050,    -0.054424,     0.006484,
  1605.250,    -0.016351,    -0.059604,     0.004593,
  1605.300,     0.011058,    -0.073760,     0.004469,
  1605.350,    -0.004837,    -0.080658,     0.007901,
  1605.400,    -0.025101,    -0.064059,     0.004938,
  1605.450,    -0.004705,    -0.066206,     0.009169,
  1605.500,    -0.001832,    -0.061892,     0.007022,
  1605.550,    -0.000357,    -0.056416,     0.007238,
  1605.600,    -0.022776,    -0.060449,     0.007592,
  1605.650,    -0.004448,    -0.062375,     0.002204,
  1605.700,    -0.013396,    -0.064690,     0.001840,
  1605.750,     0.003659,    -0.067201,     0.001325,
  1605.800,    -0.025691,    -0.053317,    -0.000748,
  1605.850,    -0.031145,    -0.075328,     0.000885,
  1605.900,    -0.017372,    -0.081720,     0.002130,
  1605.950,    -0.015474,    -0.084957,     0.001860,
  1606.000,    -0.012385,    -0.063255,     0.000067,
  1606.050,    -0.010484,    -0.061329,    -0.001148,
  1606.100,    -0.013453,    -0.043735,    -0.011477,
  1606.150,    -0.016530,    -0.050841,    -0.009866,
  1606.200,    -0.006346,    -0.062682,    -0.009011,
  1606.250,    -0.012254,    -0.048538,    -0.005185,
  1606.300,     0.022289,    -0.051206,    -0.000324,
  1606.350,     0.002627,    -0.056931,     0.000020,
  1606.400,     0.007081,    -0.061721,     0.001504,
  1606.450,    -0.001840,    -0.077838,     0.001910,
  1606.500,     0.018822,    -0.075351,     0.002961,
  1606.550,     0.017901,    -0.045355,     0.004142,
  1606.600,     0.028163,    -0.075436,     0.004046,
  1606.650,     0.002160,    -0.075216,     0.004821,
  1606.700,    -0.005658,    -0.067222,     0.012262,
  1606.750,     0.009378,    -0.063340,     0.006493,
  1606.800,    -0.010869,    -0.069187,     0.004406,
  1606.850,     0.012948,    -0.065506,     0.011943,
  1606.900,     0.030235,    -0.051772,     0.012077,
  1606.950,     0.022467,    -0.049198,     0.005756,
  1607.000,     0.022291,    -0.044549,     0.003667,
  1607.050,     0.011792,    -0.057717,     0.006834,
  1607.100,     0.030189,    -0.057853,     0.000220,
  1607.150,     0.012632,    -0.075347,     0.001189,
  1607.200,     0.008127,    -0.075670,     0.004584,
  1607.250,     0.011965,    -0.067853,     0.000617,
  1607.300,     0.032828,    -0.065862,    -0.005621,
  1607.350,     0.024692,    -0.091792,    -0.007111,
  1607.400,     0.019067,    -0.095613,    -0.010393,
  1607.450,     0.011532,    -0.089350,    -0.006196,
  1607.500,     0.004866,    -0.075400,    -0.003200,
  1607.550,     0.025744,    -0.104859,    -0.006787,
  1607.600,     0.022074,    -0.098777,    -0.007454,
  1607.650,     0.012883,    -0.092790,    -0.003307,
  1607.700,     0.002450,    -0.102410,    -0.004057,
  1607.750,     0.002777,    -0.103796,    -0.000450,
  1607.800,     0.009366,    -0.101278,     0.004079,
  1607.850,     0.014792,    -0.124529,     0.001228,
  1607.900,     0.029153,    -0.136633,     0.003527,
  1607.950,    -0.003162,    -0.124998,     0.011289,
  1608.000,     0.008907,    -0.137278,     0.006488,
  1608.050,     0.023104,    -0.131250,     0.005677,
  1608.100,     0.015205,    -0.141260,     0.000649,
  1608.150,     0.016123,    -0.161652,     0.007795,
  1608.200,     0.026114,    -0.162870,     0.015496,
  1608.250,     0.052644,    -0.156415,     0.012206,
  1608.300,     0.029712,    -0.147483,     0.007638,
  1608.350,     0.039481,    -0.147606,     0.011762,
  1608.400,     0.066410,    -0.157783,     0.011677,
  1608.450,     0.028986,    -0.149063,     0.005958,
  1608.500,     0.025877,    -0.130967,     0.003883,
  1608.550,     0.019375,    -0.132564,     0.006691,
  1608.600,     0.025168,    -0.131408,     0.003980,
  1608.650,     0.018097,    -0.119437,     0.002355,
  1608.700,     0.032464,    -0.132012,     0.002416,
  1608.750,     0.032975,    -0.130531,     0.001253,
  1608.800,     0.036369,    -0.127366,    -0.006369,
  1608.850,     0.019567,    -0.114349,    -0.005570,
  1608.900,     0.039167,    -0.118084,    -0.007135,
  1608.950,     0.032898,    -0.108535,    -0.011979,
  1609.000,     0.008468,    -0.122791,    -0.005607,
  1609.050,     0.039150,    -0.112637,     0.000415,
  1609.100,     0.028602,    -0.100752,    -0.002878,
  1609.150,     0.026287,    -0.101737,    -0.000094,
  1609.200,     0.034793,    -0.083625,    -0.001843,
  1609.250,     0.024841,    -0.090299,    -0.002701,
  1609.300,     0.038836,    -0.092264,     0.002968,
  1609.350,     0.052950,    -0.063074,     0.003600,
  1609.400,     0.033534,    -0.072413,     0.001275,
  1609.450,     0.042627,    -0.097468,     0.004344,
  1609.500,     0.031448,    -0.062004,     0.003887,
  1609.550,     0.027757,    -0.074665,     0.000651,
  1609.600,     0.046309,    -0.082541,     0.005514,
  1609.650,     0.049565,    -0.095405,     0.012005,
  1609.700,     0.057876,    -0.072481,     0.014620,
  1609.750,     0.042233,    -0.073364,     0.010472,
  1609.800,     0.045458,    -0.048757,     0.007066,
  1609.850,     0.036035,    -0.050317,     0.008318,
  1609.900,     0.039045,    -0.050132,     0.008979,
  1609.950,     0.045766,    -0.052159,     0.005694,
  1610.000,     0.040955,    -0.076507,     0.005083,
  1610.050,     0.035827,    -0.090168,     0.005060,
  1610.100,     0.030045,    -0.092489,     0.006723,
  1610.150,     0.029945,    -0.092585,     0.005619,
  1610.200,     0.018285,    -0.087222,     0.002169,
  1610.250,     0.010424,    -0.102442,     0.005305,
  1610.300,     0.023268,    -0.110517,     0.003216,
  1610.350,     0.048350,    -0.117500,     0.000017,
  1610.400,     0.045218,    -0.123959,    -0.004968,
  1610.450,     0.035705,    -0.132789,    -0.007185,
  1610.500,     0.024191,    -0.137259,    -0.005877,
  1610.550,     0.024639,    -0.141640,    -0.005933,
  1610.600,     0.013597,    -0.131035,    -0.005972,
  1610.650,     0.014684,    -0.137492,    -0.005639,
  1610.700,     0.026543,    -0.131505,    -0.007240,
  1610.750,     0.035108,    -0.161033,     0.001349,
  1610.800,     0.034909,    -0.172221,     0.003962,
  1610.850,     0.029933,    -0.194941,     0.005829,
  1610.900,     0.043834,    -0.172747,     0.001668,
  1610.950,     0.056226,    -0.179672,    -0.000515,
  1611.000,     0.025738,    -0.196484,    -0.000937,
  1611.050,     0.025690,    -0.217035,     0.006966,
  1611.100,     0.031203,    -0.213329,     0.010777,
  1611.150,     0.032620,    -0.239635,     0.008646,
  1611.200,     0.033013,    -0.240099,     0.006134,
  1611.250,     0.022464,    -0.215287,     0.002967,
  1611.300,     0.032869,    -0.217257,     0.010751,
  1611.350,     0.033887,    -0.223915,     0.010131,
  1611.400,     0.030721,    -0.225158,     0.002939,
  1611.450,     0.045945,    -0.227445,     0.004904,
  1611.500,     0.041472,    -0.219021,     0.004957,
  1611.550,     0.037010,    -0.196926,     0.008372,
  1611.600,     0.045311,    -0.221091,     0.001627,
  1611.650,     0.029731,    -0.212736,    -0.007927,
  1611.700,     0.031104,    -0.199161,     0.001130,
  1611.750,     0.034545,    -0.192209,     0.000057,
  1611.800,     0.020726,    -0.199529,    -0.006216,
  1611.850,     0.006341,    -0.174264,    -0.000612,
  1611.900,     0.001572,    -0.168421,     0.003584,
  1611.950,    -0.013943,    -0.185613,    -0.005599,
  1612.000,    -0.003769,    -0.193127,    -0.005882,
  1612.050,    -0.003843,    -0.202004,     0.001277,
  1612.100,     0.006097,    -0.203686,    -0.000197,
  1612.150,    -0.005723,    -0.192196,    -0.000599,
  1612.200,    -0.005717,    -0.228909,     0.002642,
  1612.250,    -0.008742,    -0.217702,     0.001727,
  1612.300,     0.011555,    -0.218946,     0.000199,
  1612.350,     0.006377,    -0.226065,    -0.002792,
  1612.400,     0.000440,    -0.209106,    -0.001318,
  1612.450,    -0.018818,    -0.219318,     0.000066,
  1612.500,    -0.015960,    -0.206316,     0.006583,
  1612.550,    -0.002918,    -0.213026,     0.007910,
  1612.600,     0.005354,    -0.230964,     0.004351,
  1612.650,     0.007494,    -0.237960,     0.007664,
  1612.700,     0.006751,    -0.240506,     0.008396,
  1612.750,    -0.002654,    -0.236160,     0.005478,
  1612.800,    -0.005634,    -0.233167,     0.003408,
  1612.850,     0.004565,    -0.256656,     0.002584,
  1612.900,     0.025101,    -0.239617,     0.001565,
  1612.950,     0.021205,    -0.245471,     0.002420,
  1613.000,     0.027204,    -0.262886,    -0.000175,
  1613.050,     0.023446,    -0.251333,    -0.000024,
  1613.100,     0.017030,    -0.256567,     0.000096,
  1613.150,     0.023227,    -0.244889,     0.000674,
  1613.200,     0.028535,    -0.267568,     0.002569,
  1613.250,     0.025155,    -0.263436,    -0.003784,
  1613.300,     0.029858,    -0.261406,    -0.004290,
  1613.350,     0.026332,    -0.262316,    -0.001758,
  1613.400,     0.022371,    -0.263597,    -0.001088,
  1613.450,     0.020624,    -0.263895,    -0.000941,
  1613.500,     0.016246,    -0.253962,     0.003785,
  1613.550,     0.008521,    -0.267384,     0.002872,
  1613.600,     0.006640,    -0.282852,     0.002020,
  1613.650,     0.032682,    -0.294390,     0.002837,
  1613.700,     0.016062,    -0.269291,    -0.001023,
  1613.750,     0.010025,    -0.296063,     0.000460,
  1613.800,     0.024224,    -0.295676,     0.004812,
  1613.850,     0.024856,    -0.290447,     0.006833,
  1613.900,     0.020357,    -0.308364,     0.007275,
  1613.950,     0.008288,    -0.311033,     0.003203,
  1614.000,     0.012500,    -0.298176,     0.004873,
  1614.050,     0.022513,    -0.320096,     0.004965,
  1614.100,     0.007123,    -0.327092,     0.002441,
  1614.150,     0.000525,    -0.336267,     0.007696,
  1614.200,     0.014097,    -0.347295,     0.006051,
  1614.250,     0.004046,    -0.345886,     0.007928,
  1614.300,    -0.006783,    -0.330335,     0.003900,
  1614.350,    -0.011412,    -0.335595,     0.000521,
  1614.400,    -0.021104,    -0.326397,    -0.002149,
  1614.450,    -0.033819,    -0.335081,    -0.002815,
  1614.500,    -0.020361,    -0.341281,     0.001660,
  1614.550,    -0.029806,    -0.341916,    -0.000430,
  1614.600,    -0.037894,    -0.342900,    -0.004532,
  1614.650,    -0.026415,    -0.342125,    -0.004734,
  1614.700,    -0.027129,    -0.318097,    -0.001896,
  1614.750,    -0.022080,    -0.315540,    -0.000502,
  1614.800,    -0.022383,    -0.298863,     0.000294,
  1614.850,    -0.034123,    -0.298416,     0.003243,
  1614.900,    -0.055551,    -0.312369,     0.005002,
  1614.950,    -0.051915,    -0.298750,     0.003138,
  1615.000,    -0.061172,    -0.299329,     0.002927,
  1615.050,    -0.048851,    -0.316875,     0.007757,
  1615.100,    -0.025875,    -0.339941,     0.007929,
  1615.150,    -0.041591,    -0.354372,     0.001655,
  1615.200,    -0.067492,    -0.349586,     0.001865,
  1615.250,    -0.052187,    -0.375272,     0.002065,
  1615.300,    -0.048111,    -0.391255,     0.006967,
  1615.350,    -0.048221,    -0.412063,     0.009775,
  1615.400,    -0.075039,    -0.422098,     0.007501,
  1615.450,    -0.083867,    -0.408363,     0.008007,
  1615.500,    -0.054275,    -0.404922,     0.007285,
  1615.550,    -0.037303,    -0.411461,     0.004793,
  1615.600,    -0.030434,    -0.401083,     0.009274,
  1615.650,    -0.057167,    -0.408784,     0.003331,
  1615.700,    -0.040829,    -0.415894,    -0.002524,
  1615.750,    -0.044767,    -0.406058,    -0.001383,
  1615.800,    -0.080660,    -0.429032,     0.000470,
  1615.850,    -0.072913,    -0.454615,     0.004697,
  1615.900,    -0.045611,    -0.455064,    -0.000241,
  1615.950,    -0.058351,    -0.455368,     0.003944,
  1616.000,    -0.068434,    -0.466990,    -0.001122,
  1616.050,    -0.065008,    -0.474880,    -0.000632,
  1616.100,    -0.061452,    -0.480263,    -0.001192,
  1616.150,    -0.061828,    -0.480738,     0.001374,
  1616.200,    -0.042264,    -0.476577,    -0.002570,
  1616.250,    -0.062955,    -0.483261,    -0.007568,
  1616.300,    -0.058601,    -0.490949,     0.001476,
  1616.350,    -0.044132,    -0.490765,     0.001197,
  1616.400,    -0.059765,    -0.495713,    -0.005748,
  1616.450,    -0.051354,    -0.492477,     0.002210,
  1616.500,    -0.073910,    -0.503176,     0.007787,
  1616.550,    -0.080583,    -0.526755,     0.002672,
  1616.600,    -0.066103,    -0.506274,     0.001335,
  1616.650,    -0.066177,    -0.492097,     0.008398,
  1616.700,    -0.073753,    -0.494707,     0.012599,
  1616.750,    -0.086502,    -0.491688,     0.003635,
  1616.800,    -0.073223,    -0.491173,     0.002146,
  1616.850,    -0.054969,    -0.493725,     0.009897,
  1616.900,    -0.075214,    -0.487156,     0.008507,
  1616.950,    -0.076681,    -0.489569,     0.008201,
  1617.000,    -0.064217,    -0.506868,     0.004340,
  1617.050,    -0.057827,    -0.487291,     0.004740,
  1617.100,    -0.069867,    -0.474220,     0.004665,
  1617.150,    -0.080882,    -0.483483,     0.004557,
  1617.200,    -0.082168,    -0.473541,     0.001418,
  1617.250,    -0.076658,    -0.474562,     0.003658,
  1617.300,    -0.092356,    -0.456456,     0.002290,
  1617.350,    -0.084852,    -0.446705,    -0.000444,
  1617.400,    -0.085586,    -0.459078,    -0.000367,
  1617.450,    -0.091012,    -0.445847,    -0.000337,
  1617.500,    -0.098011,    -0.438835,     0.000978,
  1617.550,    -0.098770,    -0.433537,     0.003182,
  1617.600,    -0.089556,    -0.436497,    -0.002131,
  1617.650,    -0.067980,    -0.418269,    -0.000520,
  1617.700,    -0.101351,    -0.416141,    -0.001803,
  1617.750,    -0.104024,    -0.407228,    -0.003359,
  1617.800,    -0.102214,    -0.401720,    -0.003594,
  1617.850,    -0.089345,    -0.380863,     0.002708,
  1617.900,    -0.108172,    -0.371745,     0.007105,
  1617.950,    -0.108398,    -0.338327,     0.001352,
  1618.000,    -0.096328,    -0.281234,     0.001716,
  1618.050,    -0.114028,    -0.232384,     0.006323,
  1618.100,    -0.119496,    -0.193871,     0.004279,
  1618.150,    -0.118980,    -0.161821,     0.005298,
  1618.200,    -0.134366,    -0.119875,     0.006770,
  1618.250,    -0.126784,    -0.077524,     0.002182,
  1618.300,    -0.112576,    -0.071774,     0.004513,
  1618.350,    -0.110520,    -0.087374,     0.008107,
  1618.400,    -0.133466,    -0.196099,     0.003203,
  1618.450,    -0.109987,    -0.348139,    -0.002622,
  1618.500,    -0.117263,    -0.610612,     0.000964,
  1618.550,    -0.111647,    -0.952923,    -0.002023,
  1618.600,    -0.116184,    -1.333053,    -0.001098,
  1618.650,    -0.124260,    -1.743931,     0.003904,
  1618.700,    -0.116643,    -2.126887,     0.002548,
  1618.750,    -0.126552,    -2.394161,     0.005393,
  1618.800,    -0.118223,    -2.457728,     0.004072,
  1618.850,    -0.117664,    -2.309845,    -0.003610,
  1618.900,    -0.115103,    -1.995652,    -0.003004,
  1618.950,    -0.124913,    -1.602009,     0.000331,
  1619.000,    -0.106216,    -1.184876,     0.001474,
  1619.050,    -0.125487,    -0.797805,    -0.002546,
  1619.100,    -0.128197,    -0.520714,     0.006827,
  1619.150,    -0.113978,    -0.297820,     0.005210,
  1619.200,    -0.113931,    -0.164513,     0.004615,
  1619.250,    -0.125754,    -0.133796,     0.001459,
  1619.300,    -0.123693,    -0.141140,    -0.002336,
  1619.350,    -0.144393,    -0.189173,     0.003500,
  1619.400,    -0.159193,    -0.272831,     0.003173,
  1619.450,    -0.139731,    -0.366149,     0.003443,
  1619.500,    -0.142658,    -0.414662,     0.002029,
  1619.550,    -0.149660,    -0.486669,     0.006136,
  1619.600,    -0.133922,    -0.532702,    -0.001012,
  1619.650,    -0.133311,    -0.559336,     0.001200,
  1619.700,    -0.112892,    -0.580338,     0.001144,
  1619.750,    -0.101816,    -0.589772,     0.001900,
  1619.800,    -0.132943,    -0.591029,     0.006963,
  1619.850,    -0.136631,    -0.607447,     0.006453,
  1619.900,    -0.132817,    -0.624791,     0.006022,
  1619.950,    -0.135097,    -0.651564,     0.004945,
  1620.000,    -0.122951,    -0.699427,     0.002419,
  1620.050,    -0.147038,    -0.712156,    -0.000623,
  1620.100,    -0.159381,    -0.740053,    -0.003705,
  1620.150,    -0.155261,    -0.779035,     0.007143,
  1620.200,    -0.156357,    -0.777557,     0.004697,
  1620.250,    -0.156225,    -0.783301,     0.001203,
  1620.300,    -0.155328,    -0.795376,    -0.000646,
  1620.350,    -0.155147,    -0.762885,     0.002418,
  1620.400,    -0.150689,    -0.756703,     0.001121,
  1620.450,    -0.150470,    -0.755122,     0.001202,
  1620.500,    -0.149177,    -0.759587,    -0.000203,
  1620.550,    -0.162042,    -0.770126,    -0.000068,
  1620.600,    -0.172934,    -0.762379,     0.001769,
  1620.650,    -0.170428,    -0.799293,    -0.004662,
  1620.700,    -0.169099,    -0.826538,     0.000781,
  1620.750,    -0.150700,    -0.825007,     0.001639,
  1620.800,    -0.162731,    -0.836559,     0.001747,
  1620.850,    -0.165391,    -0.864981,     0.002880,
  1620.900,    -0.166724,    -0.872562,     0.000541,
  1620.950,    -0.152679,    -0.863349,    -0.003549,
  1621.000,    -0.148003,    -0.892779,    -0.004837,
  1621.050,    -0.164482,    -0.900679,    -0.001295,
  1621.100,    -0.153580,    -0.903279,     0.004009,
  1621.150,    -0.157360,    -0.929399,     0.005355,
  1621.200,    -0.159479,    -0.946151,     0.000213,
  1621.250,    -0.156140,    -0.973433,    -0.005150,
  1621.300,    -0.156719,    -1.002156,    -0.006419,
  1621.350,    -0.136086,    -1.031033,    -0.000892,
  1621.400,    -0.142949,    -1.055723,    -0.002774,
  1621.450,    -0.146980,    -1.082439,    -0.010537,
  1621.500,    -0.135838,    -1.040745,    -0.004066,
  1621.550,    -0.137261,    -1.007067,    -0.000813,
  1621.600,    -0.140083,    -0.969472,     0.002345,
  1621.650,    -0.134299,    -0.923275,     0.007318,
  1621.700,    -0.130953,    -0.868363,     0.006461,
  1621.750,    -0.114806,    -0.839668,     0.006998,
  1621.800,    -0.094955,    -0.839075,    -0.000253,
  1621.850,    -0.098558,    -0.835832,     0.001146,
  1621.900,    -0.119264,    -0.868083,     0.001277,
  1621.950,    -0.106717,    -0.905803,     0.001153,
  1622.000,    -0.091112,    -0.925178,     0.000823,
  1622.050,    -0.095849,    -0.925425,     0.001014,
  1622.100,    -0.075292,    -0.933014,     0.002255,
  1622.150,    -0.044445,    -0.943333,     0.001563,
  1622.200,    -0.031088,    -0.946160,    -0.003609,
  1622.250,    -0.013986,    -0.947706,     0.000478,
  1622.300,     0.012908,    -0.936598,     0.009059,
  1622.350,     0.050666,    -0.911204,     0.004652,
  1622.400,     0.054399,    -0.902913,     0.001680,
  1622.450,     0.036107,    -0.885350,     0.005615,
  1622.500,     0.004919,    -0.852988,     0.006108,
  1622.550,    -0.082456,    -0.809969,     0.001341,
  1622.600,    -0.233880,    -0.785377,     0.005488,
  1622.650,    -0.395492,    -0.742969,     0.008838,
  1622.700,    -0.589034,    -0.686576,     0.001837,
  1622.750,    -0.810178,    -0.613374,     0.003021,
  1622.800,    -1.016756,    -0.510101,     0.001608,
  1622.850,    -1.126542,    -0.403846,     0.004459,
  1622.900,    -1.179591,    -0.275957,     0.000236,
  1622.950,    -1.071288,    -0.136301,    -0.002184,
  1623.000,    -0.868565,    -0.013895,    -0.001594,
  1623.050,    -0.600028,     0.097326,    -0.000689,
  1623.100,    -0.350491,     0.115637,    -0.001664,
  1623.150,    -0.162969,     0.008123,    -0.002686,
  1623.200,     0.017266,    -0.326249,    -0.000659,
  1623.250,     0.127693,    -1.001347,     0.002496,
  1623.300,     0.177094,    -2.122518,     0.004000,
  1623.350,     0.204417,    -3.843026,    -0.001015,
  1623.400,     0.146140,    -6.190226,    -0.002464,
  1623.450,     0.076197,    -9.079033,     0.000067,
  1623.500,     0.007893,   -12.222148,    -0.001571,
  1623.550,    -0.058438,   -15.132563,    -0.001565,
  1623.600,    -0.112625,   -17.125555,     0.001344,
  1623.650,    -0.175804,   -17.493563,    -0.002776,
  1623.700,    -0.225346,   -15.827166,    -0.000130,
  1623.750,    -0.231222,   -12.123533,     0.005566,
  1623.800,    -0.238365,    -6.997025,     0.006265,
  1623.850,    -0.232996,    -1.427215,     0.004027,
  1623.900,    -0.225619,     3.484423,     0.008486,
  1623.950,    -0.208154,     6.934489,     0.009461,
  1624.000,    -0.211920,     8.513791,     0.006415,
  1624.050,    -0.232093,     8.337132,     0.010483,
  1624.100,    -0.243229,     6.748450,     0.006061,
  1624.150,    -0.266150,     4.178412,     0.006624,
  1624.200,    -0.258901,     1.205607,     0.011609,
  1624.250,    -0.282567,    -1.618595,     0.007144,
  1624.300,    -0.286545,    -3.847212,     0.001695,
  1624.350,    -0.272090,    -5.274983,     0.004543,
  1624.400,    -0.285309,    -5.999073,     0.004952,
  1624.450,    -0.282550,    -6.210488,    -0.000232,
  1624.500,    -0.275634,    -6.037645,     0.005471,
  1624.550,    -0.265480,    -5.448199,     0.008491,
  1624.600,    -0.277025,    -4.513717,     0.000236,
  1624.650,    -0.290493,    -3.507028,    -0.000702,
  1624.700,    -0.263759,    -2.713990,    -0.000346,
  1624.750,    -0.260333,    -2.169706,    -0.004640,
  1624.800,    -0.281133,    -1.805950,    -0.001328,
  1624.850,    -0.285323,    -1.469886,    -0.003765,
  1624.900,    -0.294441,    -1.140785,    -0.004631,
  1624.950,    -0.299684,    -0.812284,     0.002402,
  1625.000,    -0.287673,    -0.407357,    -0.001660,
  1625.050,    -0.294721,     0.132472,     0.001189,
  1625.100,    -0.310027,     0.838794,     0.002492,
  1625.150,    -0.306745,     1.727241,     0.004250,
  1625.200,    -0.302837,     2.765705,    -0.000994,
  1625.250,    -0.289967,     3.889177,     0.000925,
  1625.300,    -0.307542,     5.077292,     0.006199,
  1625.350,    -0.325407,     6.273234,     0.000693,
  1625.400,    -0.350906,     7.478472,     0.004147,
  1625.450,    -0.365184,     8.746009,     0.007861,
  1625.500,    -0.363160,    10.060120,     0.004774,
  1625.550,    -0.378463,    11.467869,     0.003868,
  1625.600,    -0.372673,    13.071246,     0.010849,
  1625.650,    -0.334735,    14.898890,     0.012048,
  1625.700,    -0.294663,    17.010325,     0.008002,
  1625.750,    -0.260282,    19.501218,     0.005833,
  1625.800,    -0.244173,    22.428147,     0.009050,
  1625.850,    -0.247541,    25.822997,     0.008676,
  1625.900,    -0.228184,    29.700968,     0.009294,
  1625.950,    -0.229850,    34.164119,     0.010457,
  1626.000,    -0.251116,    39.328189,     0.005394,
  1626.050,    -0.266700,    45.320874,     0.001440,
  1626.100,    -0.298846,    52.213222,    -0.001153,
  1626.150,    -0.323998,    60.173804,     0.005990,
  1626.200,    -0.332001,    69.234329,     0.003312,
  1626.250,    -0.338331,    79.317423,    -0.004914,
  1626.300,    -0.335833,    90.147328,     0.000133,
  1626.350,    -0.343559,   101.149397,    -0.002566,
  1626.400,    -0.305765,   111.240914,    -0.001082,
  1626.450,    -0.299880,   118.577158,     0.001769,
  1626.500,    -0.304880,   120.330037,    -0.002955,
  1626.550,    -0.301920,   112.301036,    -0.004946,
  1626.600,    -0.266984,    88.936240,    -0.001598,
  1626.650,    -0.247591,    43.654300,    -0.002168,
  1626.700,    -0.239078,   -30.080523,    -0.004605,
  1626.750,    -0.220184,  -136.599317,    -0.004165,
  1626.800,    -0.173412,  -275.383844,     0.000136,
  1626.850,    -0.149382,  -438.202199,    -0.000780,
  1626.900,    -0.109200,  -607.466873,     0.001963,
  1626.950,    -0.059960,  -756.832510,     0.003948,
  1627.000,     0.007353,  -853.304042,     0.007567,
  1627.050,     0.075887,  -863.652525,     0.008723,
  1627.100,     0.138104,  -767.964910,     0.007744,
  1627.150,     0.208704,  -573.556554,     0.007941,
  1627.200,     0.212105,  -314.836492,     0.004140,
  1627.250,     0.154528,   -38.717001,     0.005522,
  1627.300,     0.014125,   213.204124,     0.004628,
  1627.350,    -0.290950,   414.370761,     0.004194,
  1627.400,    -0.824248,   551.418659,     0.008748,
  1627.450,    -1.622624,   618.154752,     0.011201,
  1627.500,    -2.755361,   615.650001,     0.009816,
  1627.550,    -4.194031,   555.920794,     0.009671,
  1627.600,    -5.779575,   461.606808,     0.004171,
  1627.650,    -7.252234,   358.092630,     0.002697,
  1627.700,    -8.268703,   262.795631,     0.010608,
  1627.750,    -8.446634,   181.288099,     0.005362,
  1627.800,    -7.457570,   113.143369,    -0.004613,
  1627.850,    -5.283968,    59.884677,    -0.006854,
  1627.900,    -2.271538,    26.164406,    -0.001736,
  1627.950,     1.028012,    13.388737,    -0.002906,
  1628.000,     3.925405,    14.807836,    -0.004835,
  1628.050,     5.867550,    19.605023,    -0.005460,
  1628.100,     6.577484,    20.976186,    -0.009296,
  1628.150,     6.160836,    18.573325,    -0.003692,
  1628.200,     4.881712,    13.737354,     0.004182,
  1628.250,     3.045570,     6.294082,     0.000049,
  1628.300,     1.036236,    -3.942722,    -0.002342,
  1628.350,    -0.829816,   -15.291041,    -0.001396,
  1628.400,    -2.258001,   -25.115936,     0.000617,
  1628.450,    -3.070850,   -31.509963,     0.002659,
  1628.500,    -3.369703,   -33.304194,     0.006854,
  1628.550,    -3.296962,   -29.992888,     0.003470,
  1628.600,    -3.004262,   -22.742302,     0.001539,
  1628.650,    -2.521796,   -14.414926,     0.003884,
  1628.700,    -1.857527,    -7.483234,     0.007326,
  1628.750,    -1.141274,    -2.984859,     0.006735,
  1628.800,    -0.558576,    -1.164252,     0.005163,
  1628.850,    -0.198873,    -2.118112,     0.004564,
  1628.900,    -0.015793,    -5.174189,     0.011405,
  1628.950,     0.115678,    -9.286403,     0.005739,
  1629.000,     0.219616,   -13.634145,    -0.001877,
  1629.050,     0.327324,   -17.083424,     0.000332,
  1629.100,     0.461317,   -18.429742,     0.003687,
  1629.150,     0.653798,   -17.405915,     0.004658,
  1629.200,     0.942982,   -14.983355,     0.001665,
  1629.250,     1.310465,   -11.998510,     0.001716,
  1629.300,     1.781516,    -8.593464,     0.000771,
  1629.350,     2.283725,    -5.354663,    -0.004092,
  1629.400,     2.794604,    -3.324842,     0.000616,
  1629.450,     3.285496,    -2.418323,     0.001671,
  1629.500,     3.752103,    -1.744800,     0.000397,
  1629.550,     4.241631,    -1.435813,    -0.000378,
  1629.600,     4.700265,    -2.146204,    -0.000995,
  1629.650,     5.237963,    -3.579164,     0.000610,
  1629.700,     5.842517,    -5.007354,    -0.002705,
  1629.750,     6.549142,    -6.289650,    -0.001643,
  1629.800,     7.352830,    -7.321848,     0.004988,
  1629.850,     8.339515,    -7.916487,     0.002829,
  1629.900,     9.513475,    -8.401538,     0.000890,
  1629.950,    10.862013,    -9.063405,     0.006658,
  1630.000,    12.449538,    -9.528301,     0.003965,
  1630.050,    14.293989,    -9.995554,    -0.000952,
  1630.100,    16.436145,   -11.552468,     0.001457,
  1630.150,    18.920446,   -14.581446,     0.002705,
  1630.200,    21.817112,   -18.110098,    -0.002081,
  1630.250,    25.204946,   -21.159664,    -0.004005,
  1630.300,    29.100836,   -23.552278,    -0.005479,
  1630.350,    33.468381,   -25.200944,    -0.005748,
  1630.400,    38.188361,   -25.526302,    -0.005956,
  1630.450,    43.067531,   -23.619052,    -0.004008,
  1630.500,    47.587123,   -18.819349,    -0.003494,
  1630.550,    50.952246,   -11.499617,    -0.004362,
  1630.600,    51.874532,    -3.149112,    -0.000241,
  1630.650,    48.456965,     4.452853,    -0.004753,
  1630.700,    38.043487,    10.046533,    -0.003625,
  1630.750,    17.441027,    13.060233,     0.009383,
  1630.800,   -16.829507,    13.620158,     0.013106,
  1630.850,   -67.540340,    12.157680,     0.010476,
  1630.900,  -135.278567,     9.274574,     0.018660,
  1630.950,  -216.608290,     5.856123,     0.022943,
  1631.000,  -302.668147,     2.993944,     0.023499,
  1631.050,  -378.876359,     1.406954,     0.016997,
  1631.100,  -426.504069,     1.309775,     0.010517,
  1631.150,  -427.087008,     2.395546,     0.007337,
  1631.200,  -369.592687,     3.763499,     0.007317,
  1631.250,  -257.084154,     4.322650,     0.013108,
  1631.300,  -107.673292,     3.926636,     0.018756,
  1631.350,    51.732293,     3.166550,     0.014161,
  1631.400,   195.087872,     2.265575,     0.011859,
  1631.450,   303.831143,     1.160862,     0.004250,
  1631.500,   368.590183,     0.170592,     0.001657,
  1631.550,   387.602249,    -0.376537,    -0.003425,
  1631.600,   364.968417,    -0.448203,    -0.001557,
  1631.650,   309.869618,    -0.184167,    -0.003942,
  1631.700,   236.235984,     0.207198,    -0.003832,
  1631.750,   159.843949,     0.439720,    -0.001339,
  1631.800,    93.115414,     0.576219,    -0.003072,
  1631.850,    40.750143,     0.828175,    -0.005887,
  1631.900,     1.434900,     1.151283,    -0.003870,
  1631.950,   -26.719702,     1.302174,    -0.005867,
  1632.000,   -42.617759,     1.393799,    -0.006402,
  1632.050,   -44.867877,     1.363982,    -0.005111,
  1632.100,   -36.537213,     0.892051,    -0.000298,
  1632.150,   -24.994901,    -0.002850,    -0.000207,
  1632.200,   -16.419323,    -0.749953,    -0.005021,
  1632.250,   -12.263506,    -0.775002,    -0.005704,
  1632.300,   -11.024485,    -0.086435,    -0.004963,
  1632.350,   -11.726621,     0.719788,    -0.000500,
  1632.400,   -14.486865,     0.976297,    -0.005054,
  1632.450,   -18.609275,     0.479779,    -0.006080,
  1632.500,   -22.382798,    -0.447088,    -0.007599,
  1632.550,   -24.374199,    -1.509570,    -0.001094,
  1632.600,   -23.941754,    -2.620741,    -0.000968,
  1632.650,   -20.794227,    -3.634282,     0.002410,
  1632.700,   -15.326854,    -4.182021,    -0.001594,
  1632.750,    -9.130762,    -3.906807,    -0.001776,
  1632.800,    -3.985660,    -2.793900,     0.004561,
  1632.850,    -0.759733,    -1.227206,     0.005075,
  1632.900,     0.612889,     0.409447,     0.004757,
  1632.950,     0.274856,     1.757836,     0.005999,
  1633.000,    -1.391378,     2.638111,     0.010834,
  1633.050,    -3.664902,     3.037544,     0.010985,
  1633.100,    -5.895538,     2.807701,     0.007674,
  1633.150,    -7.631720,     1.846147,     0.006490,
  1633.200,    -8.304652,     0.418482,     0.007749,
  1633.250,    -7.546731,    -0.781082,     0.008796,
  1633.300,    -5.893525,    -1.114038,     0.010780,
  1633.350,    -4.095076,    -0.548134,     0.006613,
  1633.400,    -2.265668,     0.372960,     0.002058,
  1633.450,    -0.523598,     1.093779,    -0.001448,
  1633.500,     0.552382,     1.532629,     0.002761,
  1633.550,     0.748278,     1.931117,     0.008188,
  1633.600,     0.676924,     2.205702,     0.003439,
  1633.650,     0.680761,     2.028786,     0.004680,
  1633.700,     0.298921,     1.294591,     0.003001,
  1633.750,    -0.608992,     0.509281,     0.000432,
  1633.800,    -1.594489,     0.259539,     0.002925,
  1633.850,    -2.335528,     0.637703,     0.004093,
  1633.900,    -2.889905,     1.288410,    -0.001009,
  1633.950,    -3.205431,     1.735328,    -0.006808,
  1634.000,    -3.300668,     2.004661,    -0.006970,
  1634.050,    -3.453195,     2.524687,     0.002115,
  1634.100,    -3.656415,     3.538086,     0.001823,
  1634.150,    -3.726975,     4.817174,    -0.003502,
  1634.200,    -4.082707,     5.771806,    -0.002260,
  1634.250,    -5.328414,     5.894634,    -0.001729,
  1634.300,    -7.161055,     5.019867,    -0.002831,
  1634.350,    -8.840582,     3.374413,     0.001142,
  1634.400,   -10.076477,     1.468931,     0.004123,
  1634.450,   -10.874895,    -0.234864,     0.005740,
  1634.500,   -11.065125,    -1.331142,     0.007120,
  1634.550,   -10.200181,    -1.620024,     0.002467,
  1634.600,    -7.884529,    -1.193751,     0.008319,
  1634.650,    -4.158327,    -0.221375,     0.007664,
  1634.700,     0.281591,     0.944310,     0.004747,
  1634.750,     4.493730,     1.802740,     0.001522,
  1634.800,     7.698524,     2.103127,     0.004861,
  1634.850,     9.448785,     1.980898,     0.007565,
  1634.900,     9.652549,     1.834150,     0.007768,
  1634.950,     8.557231,     1.554471,     0.004594,
  1635.000,     6.610244,     0.849765,    -0.000607,
  1635.050,     4.193794,    -0.364628,     0.004082,
  1635.100,     1.923944,    -1.647068,     0.002331,
  1635.150,     0.427209,    -2.463542,    -0.000493,
  1635.200,    -0.167766,    -2.393592,     0.002484,
  1635.250,     0.043401,    -1.539666,     0.001803,
  1635.300,     0.724046,    -0.367061,    -0.001483,
  1635.350,     1.180761,     0.786164,     0.001213,
  1635.400,     1.070447,     1.800347,     0.003465,
  1635.450,     0.725402,     2.567745,    -0.002107,
  1635.500,     0.382216,     2.857418,     0.000677,
  1635.550,    -0.019845,     2.729597,    -0.000717,
  1635.600,    -0.419448,     2.507415,    -0.001065,
  1635.650,    -0.630109,     2.725166,     0.006686,
  1635.700,    -0.594254,     3.536522,     0.000112,
  1635.750,    -0.404653,     4.719953,    -0.003922,
  1635.800,    -0.158564,     5.978758,    -0.003524,
  1635.850,    -0.015832,     7.139484,     0.000981,
  1635.900,     0.035872,     8.018270,     0.003197,
  1635.950,     0.081756,     8.408722,     0.005485,
  1636.000,     0.194364,     8.099335,     0.003351,
  1636.050,     0.273644,     6.992960,     0.002234,
  1636.100,     0.314531,     5.083596,     0.004206,
  1636.150,     0.358168,     2.715300,     0.003161,
  1636.200,     0.218097,     0.553834,     0.003748,
  1636.250,    -0.236282,    -0.974464,    -0.000437,
  1636.300,    -0.731028,    -1.866223,     0.006482,
  1636.350,    -0.921165,    -2.360050,     0.001887,
  1636.400,    -0.655646,    -2.625182,     0.006580,
  1636.450,    -0.151569,    -2.683920,     0.006237,
  1636.500,     0.151261,    -2.569406,     0.004518,
  1636.550,     0.031505,    -2.462354,     0.007631,
  1636.600,    -0.386342,    -2.381856,     0.000373,
  1636.650,    -0.853536,    -2.249739,     0.003266,
  1636.700,    -1.303937,    -1.943175,     0.008340,
  1636.750,    -1.714500,    -1.563875,     0.001116,
  1636.800,    -1.954911,    -1.173989,    -0.001506,
  1636.850,    -1.851645,    -0.740138,     0.000832,
  1636.900,    -1.309420,    -0.124872,     0.003313,
  1636.950,    -0.455260,     0.609759,     0.006016,
  1637.000,     0.462956,     1.406203,     0.007579,
  1637.050,     1.217763,     2.317221,     0.001603,
  1637.100,     1.672939,     3.254949,     0.001576,
  1637.150,     1.853273,     4.003688,     0.005935,
  1637.200,     1.671635,     4.135708,     0.004354,
  1637.250,     1.103023,     3.405202,     0.007437,
  1637.300,     0.230845,     1.985505,     0.003267,
  1637.350,    -0.600542,     0.434592,    -0.000153,
  1637.400,    -0.993077,    -0.822254,     0.000836,
  1637.450,    -0.771498,    -1.575648,     0.002075,
  1637.500,    -0.248068,    -1.729813,    -0.005150,
  1637.550,     0.243259,    -1.255113,    -0.004767,
  1637.600,     0.518526,    -0.338612,    -0.006606,
  1637.650,     0.685574,     0.763632,    -0.004598,
  1637.700,     0.882061,     1.740224,    -0.003841,
  1637.750,     0.929385,     2.460679,     0.000335,
  1637.800,     0.627034,     2.958997,     0.001344,
  1637.850,     0.189516,     3.299934,    -0.004811,
  1637.900,    -0.064826,     3.385711,    -0.010514,
  1637.950,     0.030194,     3.162409,    -0.008508,
  1638.000,     0.381638,     2.824086,    -0.004164,
  1638.050,     0.651559,     2.523193,     0.002017,
  1638.100,     0.746805,     2.167881,     0.002365,
  1638.150,     0.862130,     1.673464,    -0.000549,
  1638.200,     1.226349,     1.097867,    -0.000688,
  1638.250,     1.805934,     0.595649,     0.005137,
  1638.300,     2.352990,     0.267708,     0.000912,
  1638.350,     2.530074,     0.215812,     0.007436,
  1638.400,     2.150975,     0.300757,     0.008144,
  1638.450,     1.322656,     0.210374,     0.005604,
  1638.500,     0.277342,    -0.234144,     0.005287,
  1638.550,    -0.672130,    -0.859218,    -0.000618,
  1638.600,    -1.297307,    -1.345800,     0.009398,
  1638.650,    -1.443693,    -1.384178,     0.006222,
  1638.700,    -1.188209,    -1.020408,     0.006145,
  1638.750,    -0.634744,    -0.342018,     0.006983,
  1638.800,     0.091601,     0.725234,     0.006488,
  1638.850,     0.653468,     2.078701,     0.006148,
  1638.900,     0.906501,     3.398893,     0.004073,
  1638.950,     0.833763,     4.392974,    -0.000823,
  1639.000,     0.669317,     4.958612,     0.000558,
  1639.050,     0.520762,     5.103479,    -0.000327,
  1639.100,     0.224125,     4.824185,    -0.000689,
  1639.150,    -0.351847,     3.945542,    -0.002826,
  1639.200,    -1.060114,     2.410317,    -0.000968,
  1639.250,    -1.622422,     0.343592,    -0.004244,
  1639.300,    -1.749249,    -1.854028,    -0.002931,
  1639.350,    -1.465871,    -3.661547,     0.001873,
  1639.400,    -0.948888,    -4.850082,    -0.003283,
  1639.450,    -0.501810,    -5.255514,    -0.001550,
  1639.500,    -0.181451,    -4.758078,    -0.004908,
  1639.550,     0.024663,    -3.317165,    -0.001478,
  1639.600,     0.165915,    -1.240698,     0.002498,
  1639.650,     0.252199,     1.045305,    -0.006894,
  1639.700,     0.416125,     2.943423,     0.000075,
  1639.750,     0.910994,     4.244858,     0.000925,
  1639.800,     1.847823,     5.100088,     0.002134,
  1639.850,     3.045224,     5.546860,     0.001437,
  1639.900,     4.146562,     5.334418,     0.000757,
  1639.950,     4.862144,     4.304736,     0.001298,
  1640.000,     5.092793,     2.511987,     0.005958,
  1640.050,     4.830220,     0.352506,     0.006484,
  1640.100,     4.071147,    -1.575325,     0.007685,
  1640.150,     2.849366,    -2.746470,     0.006738,
  1640.200,     1.255802,    -3.031769,     0.002763,
  1640.250,    -0.488835,    -2.697153,     0.006632,
  1640.300,    -1.968805,    -2.044046,     0.005811,
  1640.350,    -2.844150,    -1.309203,     0.005447,
  1640.400,    -3.051988,    -0.531349,     0.004963,
  1640.450,    -2.891364,     0.062713,     0.000782,
  1640.500,    -2.541703,     0.293488,     0.003962,
  1640.550,    -2.123873,     0.269254,     0.003909,
  1640.600,    -1.660982,     0.404838,     0.001098,
  1640.650,    -1.198086,     1.032106,     0.001179,
  1640.700,    -0.894800,     2.062719,    -0.000452,
  1640.750,    -0.729781,     3.106748,     0.003656,
  1640.800,    -0.570827,     3.840306,    -0.006697,
  1640.850,    -0.395150,     4.170689,    -0.006518,
  1640.900,    -0.216910,     4.128747,     0.000931,
  1640.950,    -0.057340,     3.825790,    -0.004196,
  1641.000,     0.197112,     3.105605,    -0.001372,
  1641.050,     0.538914,     1.919317,     0.002849,
  1641.100,     0.937578,     0.499471,    -0.002850,
  1641.150,     1.411128,    -0.655401,     0.002084,
  1641.200,     1.892110,    -1.180790,     0.000909,
  1641.250,     2.305545,    -0.932680,    -0.004396,
  1641.300,     2.480939,     0.065962,    -0.002549,
  1641.350,     2.161134,     1.640657,    -0.001368,
  1641.400,     1.459626,     3.587384,    -0.000317,
  1641.450,     0.576283,     5.627009,     0.004742,
  1641.500,    -0.138732,     7.283995,     0.002972,
  1641.550,    -0.519567,     7.929273,    -0.000812,
  1641.600,    -0.540729,     7.229707,     0.005289,
  1641.650,    -0.216825,     5.437746,     0.008886,
  1641.700,     0.388173,     3.255428,     0.001847,
  1641.750,     1.162018,     1.287893,    -0.000479,
  1641.800,     1.909592,    -0.430065,     0.006401,
  1641.850,     2.529007,    -1.912394,     0.006244,
  1641.900,     2.993189,    -2.921142,    -0.002391,
  1641.950,     3.391181,    -3.164518,     0.004264,
  1642.000,     3.685595,    -2.711609,     0.003286,
  1642.050,     3.867151,    -2.023525,     0.002835,
  1642.100,     4.007487,    -1.612473,     0.002528,
  1642.150,     4.192873,    -1.626222,    -0.001081,
  1642.200,     4.529310,    -1.895577,    -0.000629,
  1642.250,     4.849840,    -2.231396,    -0.000829,
  1642.300,     5.164734,    -2.317654,     0.002785,
  1642.350,     5.455418,    -1.902629,     0.006612,
  1642.400,     5.748581,    -0.786280,     0.001175,
  1642.450,     5.955965,     1.129492,    -0.005026,
  1642.500,     5.862545,     3.499094,     0.001677,
  1642.550,     4.954298,     5.749574,     0.005307,
  1642.600,     2.661177,     7.199591,     0.000525,
  1642.650,    -1.475439,     7.364164,     0.003587,
  1642.700,    -7.863567,     6.108811,     0.007371,
  1642.750,   -16.629314,     3.760737,     0.007200,
  1642.800,   -27.682426,     1.035424,     0.005841,
  1642.850,   -40.192852,    -1.500944,     0.004798,
  1642.900,   -52.347592,    -3.580921,     0.003069,
  1642.950,   -61.301639,    -5.075783,     0.007880,
  1643.000,   -63.707855,    -5.654107,     0.002676,
  1643.050,   -56.769445,    -4.892246,    -0.000376,
  1643.100,   -39.326334,    -2.572867,     0.000760,
  1643.150,   -12.923876,     0.931624,    -0.004255,
  1643.200,    18.118485,     4.734468,    -0.001278,
  1643.250,    47.576148,     7.863014,    -0.000298,
  1643.300,    69.567771,     9.581584,    -0.005466,
  1643.350,    80.558562,     9.571676,    -0.006196,
  1643.400,    80.089323,     7.899424,    -0.003381,
  1643.450,    70.044498,     4.949290,     0.000727,
  1643.500,    53.349126,     1.389123,     0.004176,
  1643.550,    33.072792,    -1.934049,     0.002200,
  1643.600,    12.661200,    -4.311451,     0.000999,
  1643.650,    -4.570972,    -5.354010,    -0.004749,
  1643.700,   -16.285300,    -5.268690,    -0.001925,
  1643.750,   -22.216772,    -4.557273,     0.002211,
  1643.800,   -23.912349,    -3.695180,     0.005748,
  1643.850,   -23.159966,    -2.738433,     0.005385,
  1643.900,   -20.507187,    -1.598857,     0.007546,
  1643.950,   -15.869277,    -0.426964,     0.009926,
  1644.000,   -10.002022,     0.606600,     0.009114,
  1644.050,    -4.758701,     1.409146,     0.004954,
  1644.100,    -1.681018,     2.057791,     0.010994,
  1644.150,    -0.932266,     2.602047,     0.013417,
  1644.200,    -1.439824,     3.052287,     0.007309,
  1644.250,    -2.217233,     3.248419,     0.004657,
  1644.300,    -2.916346,     3.271796,     0.005962,
  1644.350,    -3.464468,     3.133470,     0.007212,
  1644.400,    -3.742156,     2.880073,     0.001837,
  1644.450,    -3.527092,     2.369453,     0.006683,
  1644.500,    -2.767875,     1.468208,     0.006315,
  1644.550,    -1.516730,     0.140516,    -0.002895,
  1644.600,    -0.055193,    -1.456805,    -0.001158,
  1644.650,     1.245318,    -3.080571,     0.001942,
  1644.700,     2.141927,    -4.479910,     0.002984,
  1644.750,     2.672738,    -5.262017,    -0.001338,
  1644.800,     2.915615,    -5.094079,    -0.002279,
  1644.850,     2.928300,    -3.856473,    -0.007503,
  1644.900,     2.573402,    -1.698483,    -0.002283,
  1644.950,     1.937304,     0.847717,    -0.002552,
  1645.000,     1.241926,     3.351845,    -0.002969,
  1645.050,     0.640613,     5.478878,    -0.001802,
  1645.100,     0.207920,     6.879348,    -0.009375,
  1645.150,    -0.119044,     7.193092,    -0.002616,
  1645.200,    -0.400485,     6.209300,    -0.002077,
  1645.250,    -0.600318,     4.192611,    -0.002137,
  1645.300,    -0.568903,     1.729110,     0.000391,
  1645.350,    -0.191706,    -0.502945,     0.000105,
  1645.400,     0.443603,    -2.066343,     0.008307,
  1645.450,     1.101655,    -2.800311,     0.004373,
  1645.500,     1.861054,    -2.672023,     0.011249,
  1645.550,     2.694999,    -1.756019,     0.007243,
  1645.600,     3.391912,    -0.414681,     0.007486,
  1645.650,     3.514635,     0.885057,     0.010105,
  1645.700,     2.938631,     1.681047,     0.009485,
  1645.750,     1.788611,     1.914041,     0.015636,
  1645.800,     0.467177,     1.801556,     0.013063,
  1645.850,    -0.668315,     1.604196,     0.004599,
  1645.900,    -1.429090,     1.597945,     0.002692,
  1645.950,    -2.041282,     1.796716,     0.002654,
  1646.000,    -2.494749,     2.086455,     0.002546,
  1646.050,    -2.523762,     2.404416,    -0.003321,
  1646.100,    -2.181716,     2.883028,    -0.006523,
  1646.150,    -1.818652,     3.470125,    -0.002748,
  1646.200,    -1.723794,     3.800494,     0.000250,
  1646.250,    -1.872380,     3.519708,    -0.001730,
  1646.300,    -2.099984,     2.324408,    -0.006600,
  1646.350,    -2.265030,     0.377733,    -0.008908,
  1646.400,    -2.248440,    -1.639211,    -0.004508,
  1646.450,    -1.819471,    -3.273408,    -0.003864,
  1646.500,    -0.827287,    -4.368732,    -0.008072,
  1646.550,     0.777605,    -4.902630,    -0.009071,
  1646.600,     2.721533,    -4.539004,    -0.003455,
  1646.650,     4.526333,    -2.895854,    -0.000357,
  1646.700,     5.673933,    -0.051166,    -0.004098,
  1646.750,     5.786889,     3.371334,     0.000475,
  1646.800,     4.811766,     6.374152,    -0.001658,
  1646.850,     2.982094,     8.159886,     0.002077,
  1646.900,     0.839655,     8.407146,     0.004894,
  1646.950,    -1.135164,     7.260378,     0.006589,
  1647.000,    -2.642595,     5.100806,     0.005259,
  1647.050,    -3.545958,     2.369490,     0.008489,
  1647.100,    -3.784789,    -0.467867,     0.015565,
  1647.150,    -3.233310,    -2.881076,     0.008791,
  1647.200,    -1.779858,    -4.160517,     0.013263,
  1647.250,     0.219599,    -4.009448,     0.010608,
  1647.300,     2.261022,    -2.728079,     0.008335,
  1647.350,     3.823643,    -0.931201,     0.007903,
  1647.400,     4.630992,     0.907262,     0.000940,
  1647.450,     4.515548,     2.466837,     0.001330,
  1647.500,     3.514216,     3.419829,     0.001460,
  1647.550,     1.869427,     3.613173,     0.000115,
  1647.600,     0.012008,     2.940241,     0.001744,
  1647.650,    -1.692317,     1.733533,    -0.000521,
  1647.700,    -2.891572,     0.600073,    -0.002111,
  1647.750,    -3.303525,     0.106117,    -0.004982,
  1647.800,    -3.072121,     0.398465,    -0.004375,
  1647.850,    -2.487193,     1.138148,    -0.001069,
  1647.900,    -1.784423,     1.833618,    -0.004311,
  1647.950,    -1.155952,     2.254569,    -0.003483,
  1648.000,    -0.533368,     2.366573,     0.001496,
  1648.050,     0.089932,     2.160168,     0.000911,
  1648.100,     0.595719,     1.678289,    -0.003867,
  1648.150,     0.858725,     1.088022,    -0.002912,
  1648.200,     0.956169,     0.468325,     0.003732,
  1648.250,     1.112664,    -0.085080,     0.005303,
  1648.300,     1.323147,    -0.424321,     0.003303,
  1648.350,     1.486235,    -0.445310,     0.007215,
  1648.400,     1.496455,    -0.052121,     0.013375,
  1648.450,     1.329913,     0.676347,     0.004682,
  1648.500,     1.030164,     1.592305,     0.006315,
  1648.550,     0.695085,     2.568017,     0.009462,
  1648.600,     0.190074,     3.345554,     0.010725,
  1648.650,    -0.466653,     3.660376,     0.001435,
  1648.700,    -1.225754,     3.156357,     0.002489,
  1648.750,    -1.966380,     1.812877,     0.009917,
  1648.800,    -2.474261,     0.100915,     0.002302,
  1648.850,    -2.626150,    -1.311793,     0.004077,
  1648.900,    -2.371881,    -1.930688,     0.007822,
  1648.950,    -1.604296,    -1.794235,    -0.000848,
  1649.000,    -0.403612,    -1.199253,     0.006238,
  1649.050,     0.909266,    -0.342031,     0.001040,
  1649.100,     2.073564,     0.771827,    -0.003194,
  1649.150,     2.978780,     1.928787,    -0.001950,
  1649.200,     3.413974,     2.813558,     0.001915,
  1649.250,     3.339888,     3.133130,     0.000405,
  1649.300,     2.748648,     2.861016,     0.001947,
  1649.350,     1.703094,     2.236333,     0.007805,
  1649.400,     0.470106,     1.521251,     0.001220,
  1649.450,    -0.625023,     0.906289,     0.006872,
  1649.500,    -1.395139,     0.542241,    -0.000849,
  1649.550,    -1.723687,     0.529363,     0.003719,
  1649.600,    -1.572984,     0.919639,     0.000446,
  1649.650,    -1.030175,     1.593277,    -0.003079,
  1649.700,    -0.298870,     2.286626,     0.003871,
  1649.750,     0.359866,     2.769640,     0.003259,
  1649.800,     0.788688,     2.829136,    -0.000523,
  1649.850,     0.995006,     2.390700,     0.001315,
  1649.900,     0.964660,     1.623867,     0.003731,
  1649.950,     0.823015,     0.734181,     0.003244,
  1650.000,     0.763587,     0.053056,    -0.000368,
  1650.050,     0.804282,    -0.300182,     0.001265,
  1650.100,     0.951609,    -0.330311,     0.001402,
  1650.150,     1.166413,     0.160527,     0.006412,
  1650.200,     1.426704,     1.115636,     0.007749,
  1650.250,     1.639222,     2.248310,    -0.002111,
  1650.300,     1.714173,     3.317872,     0.001498,
  1650.350,     1.459070,     4.218050,    -0.000428,
  1650.400,     0.724044,     4.802698,     0.003315,
  1650.450,    -0.434064,     4.799560,     0.002188,
  1650.500,    -1.581663,     3.937437,     0.003128,
  1650.550,    -2.388589,     2.234988,     0.008660,
  1650.600,    -2.728610,     0.093360,     0.003870,
  1650.650,    -2.704166,    -1.962899,     0.007328,
  1650.700,    -2.339604,    -3.475688,     0.008627,
  1650.750,    -1.457632,    -4.036231,     0.007089,
  1650.800,    -0.035135,    -3.473809,     0.007082,
  1650.850,     1.666037,    -1.886582,     0.007606,
  1650.900,     3.201220,     0.126319,     0.007624,
  1650.950,     4.097553,     1.818449,     0.007688,
  1651.000,     4.151348,     2.693813,     0.009729,
  1651.050,     3.379841,     2.733047,     0.006654,
  1651.100,     2.030121,     2.152289,     0.010491,
  1651.150,     0.462054,     1.258361,     0.008182,
  1651.200,    -1.024541,     0.158188,     0.004306,
  1651.250,    -2.179043,    -0.942973,     0.003578,
  1651.300,    -2.764422,    -1.804075,    -0.002186,
  1651.350,    -2.564446,    -2.231281,    -0.000206,
  1651.400,    -1.727440,    -2.134919,    -0.005150,
  1651.450,    -0.607232,    -1.592647,    -0.005812,
  1651.500,     0.459106,    -0.586536,    -0.003265,
  1651.550,     1.320292,     0.569924,    -0.000282,
  1651.600,     1.861802,     1.485851,    -0.004324,
  1651.650,     2.037786,     1.863712,    -0.002037,
  1651.700,     1.862967,     1.731539,    -0.002101,
  1651.750,     1.377382,     1.275343,    -0.002145,
  1651.800,     0.790216,     0.735871,    -0.004955,
  1651.850,     0.440803,     0.323951,    -0.006386,
  1651.900,     0.489110,     0.344839,    -0.001909,
  1651.950,     0.766284,     0.881324,     0.009231,
  1652.000,     0.983248,     1.640736,     0.009576,
  1652.050,     0.980895,     2.277143,     0.012770,
  1652.100,     0.727059,     2.580827,     0.010494,
  1652.150,     0.320024,     2.568938,     0.011145,
  1652.200,    -0.165419,     2.170394,     0.008456,
  1652.250,    -0.583926,     1.352140,     0.004298,
  1652.300,    -0.829961,     0.204674,     0.012631,
  1652.350,    -0.923439,    -0.882404,     0.012899,
  1652.400,    -0.948927,    -1.414204,     0.013433,
  1652.450,    -0.795464,    -1.075575,     0.008906,
  1652.500,    -0.477368,     0.051595,     0.006574,
  1652.550,     0.013628,     1.459865,     0.006052,
  1652.600,     0.573920,     2.605237,     0.004270,
  1652.650,     1.078498,     3.283422,     0.001661,
  1652.700,     1.518135,     3.466495,    -0.003032,
  1652.750,     1.738101,     3.142623,    -0.002896,
  1652.800,     1.569906,     2.283277,    -0.003984,
  1652.850,     0.931143,     0.979266,    -0.004284,
  1652.900,     0.020393,    -0.404800,    -0.004244,
  1652.950,    -0.769248,    -1.550247,    -0.006162,
  1653.000,    -1.108695,    -2.182721,    -0.006261,
  1653.050,    -0.934589,    -2.153554,    -0.011281,
  1653.100,    -0.473842,    -1.634214,    -0.005129,
  1653.150,     0.060233,    -0.797085,     0.000485,
  1653.200,     0.635964,     0.248118,    -0.002421,
  1653.250,     1.138101,     1.459119,     0.001759,
  1653.300,     1.458316,     2.663853,     0.003733,
  1653.350,     1.468147,     3.522087,     0.007304,
  1653.400,     1.199022,     3.822955,     0.002960,
  1653.450,     0.763593,     3.637938,     0.005181,
  1653.500,     0.354926,     3.161850,     0.007388,
  1653.550,     0.077014,     2.520111,     0.010662,
  1653.600,    -0.022091,     1.814874,     0.009050,
  1653.650,     0.098537,     1.234400,     0.012419,
  1653.700,     0.402443,     0.964248,     0.010170,
  1653.750,     0.818035,     1.153447,     0.010099,
  1653.800,     1.228528,     1.694563,     0.010485,
  1653.850,     1.546160,     2.303654,     0.011230,
  1653.900,     1.636405,     2.495366,     0.007535,
  1653.950,     1.438239,     2.154924,     0.004864,
  1654.000,     1.048491,     1.370564,     0.007893,
  1654.050,     0.570807,     0.382061,     0.005919,
  1654.100,     0.227470,    -0.531363,    -0.000194,
  1654.150,     0.075632,    -1.062805,    -0.003651,
  1654.200,     0.102844,    -1.035515,    -0.005280,
  1654.250,     0.328494,    -0.385731,    -0.011306,
  1654.300,     0.814891,     0.691815,    -0.008169,
  1654.350,     1.413886,     1.933382,    -0.004793,
  1654.400,     1.916110,     3.167818,    -0.005486,
  1654.450,     2.150517,     4.040509,    -0.009872,
  1654.500,     1.973450,     4.375167,    -0.004680,
  1654.550,     1.226697,     4.107046,    -0.001848,
  1654.600,    -0.289557,     3.441271,    -0.004067,
  1654.650,    -2.605732,     2.591825,    -0.004186,
  1654.700,    -5.534266,     1.536290,     0.002949,
  1654.750,    -8.539805,     0.339489,     0.006252,
  1654.800,   -10.972377,    -0.839023,     0.010494,
  1654.850,   -12.177252,    -1.675263,     0.003150,
  1654.900,   -11.362633,    -1.996982,     0.001203,
  1654.950,    -8.143528,    -1.820432,     0.008537,
  1655.000,    -2.728069,    -1.270407,     0.003387,
  1655.050,     3.979229,    -0.493290,     0.007098,
  1655.100,    10.515621,     0.607018,     0.003868,
  1655.150,    15.458433,     1.841395,     0.010890,
  1655.200,    17.821712,     2.976855,     0.012192,
  1655.250,    17.207699,     3.762788,     0.009424,
  1655.300,    13.999574,     4.141734,     0.004658,
  1655.350,     9.095270,     4.145293,     0.003803,
  1655.400,     3.538791,     3.864822,     0.002419,
  1655.450,    -1.630579,     3.244388,    -0.000841,
  1655.500,    -5.747760,     2.195073,     0.001181,
  1655.550,    -8.258333,     0.900733,     0.000650,
  1655.600,    -8.864169,    -0.429988,    -0.002719,
  1655.650,    -7.823964,    -1.408666,    -0.006522,
  1655.700,    -5.988893,    -1.807847,    -0.001433,
  1655.750,    -4.140551,    -1.769096,     0.000703,
  1655.800,    -2.658825,    -1.473016,    -0.000520,
  1655.850,    -1.286167,    -1.085380,    -0.003473,
  1655.900,    -0.026831,    -0.577102,    -0.003215,
  1655.950,     0.921681,     0.080463,     0.003766,
  1656.000,     1.380788,     0.942668,     0.000413,
  1656.050,     1.459370,     1.876642,     0.003674,
  1656.100,     1.359497,     2.847501,     0.003339,
  1656.150,     1.242724,     3.721898,     0.002829,
  1656.200,     1.101546,     4.248206,    -0.000028,
  1656.250,     0.872888,     4.202214,    -0.000507,
  1656.300,     0.582828,     3.353246,    -0.001038,
  1656.350,     0.229482,     1.916903,     0.010965,
  1656.400,    -0.167787,     0.319465,     0.002051,
  1656.450,    -0.503548,    -1.015867,     0.001207,
  1656.500,    -0.628013,    -1.926385,     0.004943,
  1656.550,    -0.346879,    -2.433142,     0.005286,
  1656.600,     0.305579,    -2.618615,     0.000826,
  1656.650,     1.067316,    -2.587156,    -0.003048,
  1656.700,     1.685515,    -2.401076,     0.001307,
  1656.750,     1.977261,    -2.161640,     0.005491,
  1656.800,     1.897894,    -1.677688,     0.006101,
  1656.850,     1.563290,    -0.860168,     0.000621,
  1656.900,     0.976058,     0.249309,    -0.001647,
  1656.950,     0.186560,     1.487038,     0.003026,
  1657.000,    -0.603684,     2.530050,     0.006455,
  1657.050,    -1.233402,     3.091155,    -0.002695,
  1657.100,    -1.592530,     3.094993,     0.004987,
  1657.150,    -1.593701,     2.552871,    -0.000223,
  1657.200,    -1.234911,     1.766720,     0.004642,
  1657.250,    -0.629773,     0.884781,     0.009686,
  1657.300,     0.073670,     0.133546,     0.002604,
  1657.350,     0.825928,    -0.366438,     0.007000,
  1657.400,     1.563216,    -0.600281,     0.002649,
  1657.450,     2.151551,    -0.555912,     0.008358,
  1657.500,     2.393156,    -0.281646,     0.005844,
  1657.550,     2.197445,     0.095342,     0.002008,
  1657.600,     1.719620,     0.421960,     0.001366,
  1657.650,     1.033937,     0.527875,     0.000811,
  1657.700,     0.305349,     0.364514,    -0.000461,
  1657.750,    -0.262139,     0.217246,    -0.002029,
  1657.800,    -0.552175,     0.330583,    -0.002625,
  1657.850,    -0.559586,     0.759865,    -0.003649,
  1657.900,    -0.263986,     1.271932,    -0.002664,
  1657.950,     0.195466,     1.754661,    -0.006930,
  1658.000,     0.575569,     2.053071,    -0.007457,
  1658.050,     0.665722,     2.051475,    -0.006950,
  1658.100,     0.350455,     1.749968,    -0.004808,
  1658.150,    -0.179444,     1.257728,     0.000476,
  1658.200,    -0.700857,     0.738166,     0.001968,
  1658.250,    -1.033045,     0.284834,     0.002948,
  1658.300,    -1.053617,    -0.112484,     0.003161,
  1658.350,    -0.659938,    -0.434638,     0.007461,
  1658.400,     0.097502,    -0.599247,     0.005685,
  1658.450,     1.055599,    -0.513607,     0.006429,
  1658.500,     2.030129,    -0.238587,     0.005805,
  1658.550,     2.831786,     0.133237,     0.007468,
  1658.600,     3.130465,     0.732043,     0.010333,
  1658.650,     2.850732,     1.685146,     0.011883,
  1658.700,     2.127303,     3.120261,     0.007067,
  1658.750,     1.150846,     4.878546,     0.007494,
  1658.800,     0.101003,     6.469332,     0.007288,
  1658.850,    -0.857211,     7.482532,     0.003835,
  1658.900,    -1.674272,     7.620730,     0.001855,
  1658.950,    -2.145120,     6.938656,     0.001092,
  1659.000,    -2.197698,     5.741972,    -0.000579,
  1659.050,    -1.799617,     4.359323,    -0.001690,
  1659.100,    -1.052082,     2.981788,    -0.004783,
  1659.150,    -0.135840,     1.775527,    -0.010212,
  1659.200,     0.836853,     0.980509,    -0.009850,
  1659.250,     1.707033,     0.699717,    -0.013979,
  1659.300,     2.348492,     0.885243,    -0.008054,
  1659.350,     2.573782,     1.351445,    -0.006446,
  1659.400,     2.359429,     1.931611,    -0.006195,
  1659.450,     1.884912,     2.507167,    -0.004618,
  1659.500,     1.226058,     3.134061,    -0.006378,
  1659.550,     0.553651,     3.689834,    -0.001879,
  1659.600,    -0.097339,     3.875714,    -0.001664,
  1659.650,    -0.715667,     3.622396,     0.002507,
  1659.700,    -1.231079,     3.076737,     0.003719,
  1659.750,    -1.475890,     2.395314,     0.010201,
  1659.800,    -1.430812,     1.571273,     0.012916,
  1659.850,    -1.145745,     0.503013,     0.011706,
  1659.900,    -0.775034,    -0.738879,     0.013486,
  1659.950,    -0.377374,    -1.913048,     0.012734,
  1660.000,    -0.019888,    -2.798245,     0.018316,
  1660.050,     0.309440,    -3.224781,     0.013014,
  1660.100,     0.645049,    -3.221053,     0.007621,
  1660.150,     1.054287,    -2.804620,     0.009142,
  1660.200,     1.500806,    -2.148245,     0.006934,
  1660.250,     1.877530,    -1.410656,     0.005040,
  1660.300,     2.093622,    -0.797256,     0.001568,
  1660.350,     2.032055,    -0.388298,    -0.001466,
  1660.400,     1.552419,    -0.171309,    -0.007436,
  1660.450,     0.704284,    -0.143347,    -0.007237,
  1660.500,    -0.266973,    -0.234229,    -0.007839,
  1660.550,    -1.093261,    -0.228577,    -0.011536,
  1660.600,    -1.663572,     0.068801,    -0.009242,
  1660.650,    -1.962254,     0.701912,    -0.012893,
  1660.700,    -1.987479,     1.453997,    -0.014779,
  1660.750,    -1.848363,     1.984452,    -0.004565,
  1660.800,    -1.549340,     2.009002,    -0.004893,
  1660.850,    -1.140757,     1.682645,     0.004396,
  1660.900,    -0.628741,     1.189318,    -0.000856,
  1660.950,     0.038100,     0.793602,     0.000578,
  1661.000,     0.806516,     0.557561,     0.007495,
  1661.050,     1.516518,     0.544060,     0.007212,
  1661.100,     2.023381,     0.916237,     0.008975,
  1661.150,     2.220187,     1.670847,     0.013624,
  1661.200,     1.976383,     2.608497,     0.014533,
  1661.250,     1.368743,     3.331257,     0.011315,
  1661.300,     0.619774,     3.644647,     0.019816,
  1661.350,    -0.093971,     3.527449,     0.011648,
  1661.400,    -0.665594,     3.179844,     0.006265,
  1661.450,    -0.919633,     2.787319,     0.011072,
  1661.500,    -0.940452,     2.367567,     0.009445,
  1661.550,    -0.703861,     1.812792,     0.007063,
  1661.600,    -0.312330,     1.181724,    -0.003954,
  1661.650,     0.082854,     0.711117,    -0.007538,
  1661.700,     0.403133,     0.530947,    -0.004157,
  1661.750,     0.514610,     0.488361,    -0.008774,
  1661.800,     0.410734,     0.321276,    -0.008444,
  1661.850,     0.208483,    -0.099044,    -0.007830,
  1661.900,     0.123952,    -0.638216,    -0.008364,
  1661.950,     0.286964,    -1.168492,    -0.007135,
  1662.000,     0.563963,    -1.642323,    -0.002199,
  1662.050,     0.835920,    -2.128541,    -0.006011,
  1662.100,     1.056132,    -2.609287,    -0.001546,
  1662.150,     1.127848,    -2.854005,    -0.002475,
  1662.200,     0.977253,    -2.758244,    -0.004397,
  1662.250,     0.640481,    -2.142191,     0.007055,
  1662.300,     0.187898,    -1.104436,     0.007694,
  1662.350,    -0.272888,     0.149055,     0.014079,
  1662.400,    -0.665178,     1.298726,     0.011334,
  1662.450,    -0.917853,     2.152069,     0.008658,
  1662.500,    -0.957301,     2.652522,     0.011405,
  1662.550,    -0.812111,     2.712479,     0.007565,
  1662.600,    -0.494103,     2.335582,     0.008596,
  1662.650,    -0.013360,     1.505367,     0.010886,
  1662.700,     0.546315,     0.331977,     0.012447,
  1662.750,     1.261839,    -0.850503,     0.005641,
  1662.800,     2.157663,    -1.663087,     0.003199,
  1662.850,     3.073637,    -1.851653,     0.005886,
  1662.900,     3.743328,    -1.462013,     0.003284,
  1662.950,     3.971801,    -0.657694,    -0.000629,
  1663.000,     3.614685,     0.470056,    -0.003899,
  1663.050,     2.831117,     1.611680,    -0.003435,
  1663.100,     1.808849,     2.417804,    -0.002113,
  1663.150,     0.804706,     2.618604,    -0.004761,
  1663.200,     0.015132,     2.236875,    -0.003713,
  1663.250,    -0.438989,     1.566728,    -0.003742,
  1663.300,    -0.560126,     0.909070,    -0.001848,
  1663.350,    -0.402546,     0.335290,    -0.001084,
  1663.400,     0.009873,    -0.128584,    -0.002182,
  1663.450,     0.485453,    -0.489109,     0.001652,
  1663.500,     0.891671,    -0.683536,     0.004223,
  1663.550,     1.215857,    -0.652590,     0.006935,
  1663.600,     1.409808,    -0.385626,     0.004839,
  1663.650,     1.531275,    -0.017839,     0.005753,
  1663.700,     1.489345,     0.444444,     0.005060,
  1663.750,     1.277370,     0.892524,     0.003074,
  1663.800,     0.956447,     1.193859,     0.005102,
  1663.850,     0.651154,     1.264822,    -0.000592,
  1663.900,     0.318479,     1.118718,     0.002068,
  1663.950,    -0.125165,     0.847465,     0.003944,
  1664.000,    -0.743845,     0.643507,     0.002857,
  1664.050,    -1.390261,     0.751317,     0.002157,
  1664.100,    -1.887957,     1.032894,    -0.002133,
  1664.150,    -2.140134,     1.532328,    -0.001645,
  1664.200,    -2.089648,     2.102100,     0.002158,
  1664.250,    -1.753822,     2.741598,    -0.002789,
  1664.300,    -1.296229,     3.404021,    -0.001912,
  1664.350,    -0.806447,     3.894127,     0.002673,
  1664.400,    -0.344502,     4.234944,     0.001299,
  1664.450,    -0.001504,     4.445565,     0.001539,
  1664.500,     0.246184,     4.695064,    -0.002134,
  1664.550,     0.371175,     4.922722,     0.004636,
  1664.600,     0.381102,     5.032285,     0.003190,
  1664.650,     0.315425,     5.117767,    -0.001801,
  1664.700,     0.319159,     5.328032,    -0.000826,
  1664.750,     0.424157,     5.959065,    -0.000124,
  1664.800,     0.599731,     6.803674,    -0.002948,
  1664.850,     0.735216,     7.490072,     0.001984,
  1664.900,     0.760259,     7.701104,     0.003754,
  1664.950,     0.620885,     7.466733,    -0.000059,
  1665.000,     0.474732,     7.052562,    -0.002925,
  1665.050,     0.362846,     6.525639,    -0.003135,
  1665.100,     0.330667,     5.904659,    -0.000892,
  1665.150,     0.376686,     5.249139,    -0.001786,
  1665.200,     0.523819,     4.756499,    -0.001482,
  1665.250,     0.848896,     4.576828,    -0.001191,
  1665.300,     1.217747,     4.564673,     0.001372,
  1665.350,     1.507643,     4.464241,     0.006166,
  1665.400,     1.599033,     4.136214,     0.001976,
  1665.450,     1.425433,     3.484737,    -0.000067,
  1665.500,     1.156981,     2.536612,    -0.000424,
  1665.550,     0.920184,     1.379757,     0.006015,
  1665.600,     0.768727,     0.066283,     0.007838,
  1665.650,     0.588552,    -1.190168,     0.005467,
  1665.700,     0.332489,    -2.290469,     0.006693,
  1665.750,     0.117681,    -3.057807,     0.008236,
  1665.800,    -0.017283,    -3.343942,     0.011965,
  1665.850,    -0.042776,    -3.233995,     0.006922,
  1665.900,    -0.114960,    -2.801798,     0.006724,
  1665.950,    -0.341590,    -2.240085,     0.006031,
  1666.000,    -0.646967,    -1.840208,     0.000338,
  1666.050,    -0.909617,    -1.816641,     0.004212,
  1666.100,    -1.065559,    -2.159055,     0.005153,
  1666.150,    -1.188287,    -2.810039,    -0.000293,
  1666.200,    -1.220842,    -3.625061,     0.004662,
  1666.250,    -1.202006,    -4.496968,     0.003944,
  1666.300,    -1.036924,    -5.200080,    -0.001237,
  1666.350,    -0.693850,    -5.598534,    -0.005929,
  1666.400,    -0.250712,    -5.491304,    -0.004122,
  1666.450,     0.237532,    -4.919563,    -0.004994,
  1666.500,     0.540786,    -4.049773,    -0.006336,
  1666.550,     0.540153,    -3.068452,    -0.004709,
  1666.600,     0.225944,    -2.156278,    -0.001023,
  1666.650,    -0.260309,    -1.446474,    -0.004835,
  1666.700,    -0.810741,    -1.194588,    -0.000558,
  1666.750,    -1.278604,    -1.559614,    -0.000694,
  1666.800,    -1.520602,    -2.610727,     0.001274,
  1666.850,    -1.337216,    -4.017934,     0.005167,
  1666.900,    -0.623292,    -5.278189,     0.003749,
  1666.950,     0.577800,    -5.879807,     0.004601,
  1667.000,     1.971717,    -5.673035,     0.006698,
  1667.050,     3.113633,    -4.734952,     0.009535,
  1667.100,     3.737300,    -3.323569,     0.013685,
  1667.150,     3.745647,    -1.801270,     0.015337,
  1667.200,     3.084086,    -0.609589,     0.007442,
  1667.250,     1.864344,     0.036913,     0.006939,
  1667.300,     0.384518,     0.033841,     0.007119,
  1667.350,    -1.029347,    -0.348014,     0.009232,
  1667.400,    -2.082515,    -0.789643,     0.005961,
  1667.450,    -2.562154,    -0.890134,     0.003557,
  1667.500,    -2.484256,    -0.600818,    -0.006029,
  1667.550,    -2.068229,    -0.031359,     0.000500,
  1667.600,    -1.432668,     0.591116,     0.000596,
  1667.650,    -0.783321,     1.222721,     0.000194,
  1667.700,    -0.234282,     1.755580,    -0.004635,
  1667.750,     0.262954,     2.199291,    -0.007215,
  1667.800,     0.681841,     2.543486,    -0.007918,
  1667.850,     1.015529,     2.887557,    -0.005717,
  1667.900,     1.208415,     3.308350,    -0.008023,
  1667.950,     1.135880,     3.920214,    -0.004125,
  1668.000,     0.896961,     4.728247,     0.002006,
  1668.050,     0.645063,     5.719417,     0.004584,
  1668.100,     0.391084,     6.709065,     0.000589,
  1668.150,     0.293583,     7.467423,     0.004209,
  1668.200,     0.358724,     7.970446,     0.005968,
  1668.250,     0.525841,     8.313012,     0.007393,
  1668.300,     0.710089,     8.562235,     0.013355,
  1668.350,     0.972257,     8.631434,     0.012922,
  1668.400,     1.243671,     8.193162,     0.013448,
  1668.450,     1.549247,     7.142518,     0.008508,
  1668.500,     1.853907,     5.719724,     0.003863,
  1668.550,     2.090133,     4.280513,     0.004877,
  1668.600,     2.239169,     3.139489,     0.003798,
  1668.650,     2.373381,     2.404705,     0.002027,
  1668.700,     2.365935,     2.141270,     0.003301,
  1668.750,     2.232234,     2.421571,     0.003283,
  1668.800,     2.118492,     3.134096,    -0.001059,
  1668.850,     2.151622,     4.018293,    -0.002210,
  1668.900,     2.385014,     4.675298,    -0.003700,
  1668.950,     2.668952,     4.926007,     0.001081,
  1669.000,     2.769055,     4.776860,     0.000215,
  1669.050,     2.648466,     4.290919,    -0.006614,
  1669.100,     2.416336,     3.477075,    -0.006288,
  1669.150,     2.204642,     2.435359,    -0.001146,
  1669.200,     2.011568,     1.399322,    -0.006699,
  1669.250,     1.762544,     0.704683,    -0.005454,
  1669.300,     1.562134,     0.384288,    -0.005947,
  1669.350,     1.510814,     0.402077,    -0.001432,
  1669.400,     1.508297,     0.480567,    -0.002428,
  1669.450,     1.456616,     0.503144,     0.003035,
  1669.500,     1.209646,     0.467499,     0.002998,
  1669.550,     0.748687,     0.427364,     0.004537,
  1669.600,     0.185491,     0.342480,     0.008375,
  1669.650,    -0.466568,     0.136505,     0.004546,
  1669.700,    -1.073000,    -0.118072,     0.008877,
  1669.750,    -1.588466,    -0.314044,     0.004573,
  1669.800,    -1.949896,    -0.345427,     0.008973,
  1669.850,    -2.134527,    -0.283695,     0.001054,
  1669.900,    -2.101000,    -0.104249,     0.004623,
  1669.950,    -1.900148,     0.193024,     0.004284,
  1670.000,    -1.665637,     0.620873,    -0.000042,
  1670.050,    -1.391972,     1.022045,     0.002137,
  1670.100,    -1.151927,     1.255514,     0.002719,
  1670.150,    -1.072219,     1.085880,    -0.002864,
  1670.200,    -1.171904,     0.484390,    -0.005724,
  1670.250,    -1.346732,    -0.519557,     0.000240,
  1670.300,    -1.570120,    -1.744034,    -0.006490,
  1670.350,    -1.787182,    -3.052837,    -0.003266,
  1670.400,    -1.965891,    -4.192625,    -0.005018,
  1670.450,    -2.046270,    -4.871893,     0.000459,
  1670.500,    -1.960467,    -4.825682,    -0.002581,
  1670.550,    -1.755677,    -4.000582,    -0.001344,
  1670.600,    -1.498062,    -2.658568,    -0.003660,
  1670.650,    -1.178691,    -1.071755,     0.001278,
  1670.700,    -0.877118,     0.485978,     0.004047,
  1670.750,    -0.678843,     1.894552,     0.001894,
  1670.800,    -0.595018,     2.933516,     0.004114,
  1670.850,    -0.742104,     3.411537,     0.002535,
  1670.900,    -1.155128,     3.192661,     0.002934,
  1670.950,    -1.765006,     2.448630,    -0.000910,
  1671.000,    -2.244659,     1.430026,    -0.000319,
  1671.050,    -2.409869,     0.408478,     0.005226,
  1671.100,    -2.151429,    -0.451436,     0.008857,
  1671.150,    -1.520455,    -0.960817,     0.007725,
  1671.200,    -0.661798,    -1.060193,     0.004807,
  1671.250,     0.141172,    -0.663694,     0.003359,
  1671.300,     0.705716,     0.062822,     0.000377,
  1671.350,     0.948695,     0.883004,     0.002750,
  1671.400,     0.768404,     1.683465,     0.007011,
  1671.450,     0.346767,     2.433776,     0.000802,
  1671.500,    -0.091574,     3.137004,     0.000527,
  1671.550,    -0.331586,     3.789860,    -0.002014,
  1671.600,    -0.301298,     4.497620,     0.000224,
  1671.650,    -0.028480,     5.222535,     0.000505,
  1671.700,     0.368610,     5.901816,    -0.004556,
  1671.750,     0.776987,     6.195639,     0.000442,
  1671.800,     1.160702,     5.981187,    -0.000527,
  1671.850,     1.474840,     5.335014,     0.001484,
  1671.900,     1.685498,     4.410735,    -0.002956,
  1671.950,     1.871715,     3.321650,    -0.002878,
  1672.000,     2.058106,     2.132569,    -0.004794,
  1672.050,     2.331160,     0.935982,    -0.002198,
  1672.100,     2.670948,    -0.097018,    -0.001497,
  1672.150,     3.143934,    -0.778452,     0.000061,
  1672.200,     3.560708,    -1.038260,    -0.005878,
  1672.250,     3.840343,    -0.783239,     0.000878,
  1672.300,     3.870114,     0.004783,     0.006258,
  1672.350,     3.706548,     1.387401,     0.003100,
  1672.400,     3.530675,     3.077046,     0.008826,
  1672.450,     3.373474,     4.595813,     0.007299,
  1672.500,     3.113612,     5.531017,     0.005598,
  1672.550,     2.627155,     5.600975,     0.006461,
  1672.600,     1.927554,     4.902975,     0.009370,
  1672.650,     1.238183,     3.582044,     0.006366,
  1672.700,     0.760605,     1.961807,     0.005002,
  1672.750,     0.541267,     0.388899,    -0.002840,
  1672.800,     0.535345,    -0.792903,     0.001189,
  1672.850,     0.813692,    -1.559035,     0.000397,
  1672.900,     1.367086,    -1.835454,    -0.000011,
  1672.950,     1.974188,    -1.664866,    -0.004454,
  1673.000,     2.444939,    -1.176190,    -0.000955,
  1673.050,     2.555136,    -0.496011,    -0.000425,
  1673.100,     2.351956,     0.210725,    -0.002827,
  1673.150,     1.897478,     0.794993,    -0.002521,
  1673.200,     1.273296,     1.214705,    -0.001959,
  1673.250,     0.564298,     1.474065,    -0.000670,
  1673.300,    -0.128425,     1.639771,     0.000578,
  1673.350,    -0.605672,     1.766697,    -0.005324,
  1673.400,    -0.741412,     1.904042,    -0.004264,
  1673.450,    -0.593714,     2.052326,    -0.002137,
  1673.500,    -0.356859,     2.186667,     0.003477,
  1673.550,    -0.161785,     2.189667,     0.000551,
  1673.600,    -0.103379,     2.027777,     0.002095,
  1673.650,    -0.080707,     1.665004,     0.007096,
  1673.700,    -0.177778,     1.127236,     0.007004,
  1673.750,    -0.345464,     0.401514,     0.006692,
  1673.800,    -0.546741,    -0.456556,     0.012026,
  1673.850,    -0.689345,    -1.329903,     0.012322,
  1673.900,    -0.750955,    -2.109243,     0.005295,
  1673.950,    -0.730226,    -2.672158,     0.007349,
  1674.000,    -0.728219,    -2.853025,     0.002960,
  1674.050,    -0.700573,    -2.533091,     0.000201,
  1674.100,    -0.630883,    -1.651755,     0.002586,
  1674.150,    -0.586333,    -0.453523,     0.000294,
  1674.200,    -0.672184,     0.815121,     0.008438,
  1674.250,    -0.914143,     1.977493,     0.005157,
  1674.300,    -1.327933,     2.902698,     0.001000,
  1674.350,    -1.913505,     3.339133,    -0.003489,
  1674.400,    -2.574913,     3.147577,    -0.000615,
  1674.450,    -3.223327,     2.474950,    -0.007737,
  1674.500,    -3.734316,     1.639727,    -0.004066,
  1674.550,    -4.048864,     0.968594,    -0.002275,
  1674.600,    -3.902586,     0.576112,    -0.003408,
  1674.650,    -3.351721,     0.331323,    -0.003566,
  1674.700,    -2.443100,     0.255601,    -0.002930,
  1674.750,    -1.401920,     0.251998,     0.001241,
  1674.800,    -0.440403,     0.431632,     0.004844,
  1674.850,     0.330987,     0.652575,     0.002702,
  1674.900,     0.776533,     0.917843,     0.001812,
  1674.950,     0.853046,     1.179706,     0.002196,
  1675.000,     0.576005,     1.596654,     0.001968,
  1675.050,     0.046569,     2.116539,     0.006506,
  1675.100,    -0.583513,     2.621316,     0.010812,
  1675.150,    -1.093033,     2.884645,     0.011759,
  1675.200,    -1.421873,     2.842668,     0.013972,
  1675.250,    -1.482101,     2.499815,     0.009853,
  1675.300,    -1.345912,     1.903486,     0.009862,
  1675.350,    -0.964888,     1.192339,     0.008124,
  1675.400,    -0.430575,     0.383384,     0.000804,
  1675.450,     0.073335,    -0.486416,    -0.002301,
  1675.500,     0.492252,    -1.358856,     0.001102,
  1675.550,     0.776266,    -2.050295,     0.002089,
  1675.600,     0.994607,    -2.544545,     0.000024,
  1675.650,     1.164384,    -2.818688,    -0.001550,
  1675.700,     1.331863,    -2.911071,    -0.002694,
  1675.750,     1.608321,    -2.789953,    -0.006199,
  1675.800,     1.974327,    -2.338151,    -0.007510,
  1675.850,     2.259229,    -1.632665,    -0.005805,
  1675.900,     2.358381,    -0.815731,    -0.010383,
  1675.950,     2.280816,    -0.039722,    -0.006519,
  1676.000,     2.136679,     0.452451,    -0.002362,
  1676.050,     2.091618,     0.631833,    -0.005949,
  1676.100,     2.113419,     0.429057,    -0.002364,
  1676.150,     2.172982,     0.003875,     0.007023,
  1676.200,     2.297937,    -0.524078,     0.002589,
  1676.250,     2.512866,    -0.917231,    -0.002005,
  1676.300,     2.851402,    -1.026849,     0.002474,
  1676.350,     3.283154,    -0.739511,     0.006160,
  1676.400,     3.801797,     0.061564,     0.009186,
  1676.450,     4.446820,     1.136488,     0.004321,
  1676.500,     5.138226,     2.296843,     0.009445,
  1676.550,     5.658321,     3.266982,     0.012317,
  1676.600,     5.766969,     3.877250,     0.008402,
  1676.650,     5.367853,     4.110587,    -0.000092,
  1676.700,     4.473713,     4.057056,     0.006398,
  1676.750,     3.225903,     3.970703,     0.009485,
  1676.800,     1.706302,     3.885809,     0.006298,
  1676.850,     0.250984,     3.751709,     0.003281,
  1676.900,    -0.959205,     3.606453,     0.006137,
  1676.950,    -1.833503,     3.419206,     0.003473,
  1677.000,    -2.342561,     3.220927,     0.002525,
  1677.050,    -2.482201,     2.897958,     0.000318,
  1677.100,    -2.318901,     2.428987,    -0.003859,
  1677.150,    -1.927913,     1.723588,     0.001980,
  1677.200,    -1.438313,     0.860726,    -0.004032,
  1677.250,    -0.982339,    -0.001927,    -0.004886,
  1677.300,    -0.646080,    -0.804428,    -0.003930,
  1677.350,    -0.397934,    -1.520904,    -0.007330,
  1677.400,    -0.237699,    -2.226664,    -0.001758,
  1677.450,    -0.062810,    -2.926704,     0.003389,
  1677.500,     0.139522,    -3.610735,    -0.001980,
  1677.550,     0.332254,    -4.025894,     0.001203,
  1677.600,     0.543865,    -4.085726,     0.001102,
  1677.650,     0.655891,    -3.749417,     0.004489,
  1677.700,     0.703337,    -3.089105,     0.005943,
  1677.750,     0.624539,    -2.255187,     0.005084,
  1677.800,     0.463060,    -1.326156,     0.008714,
  1677.850,     0.134273,    -0.414525,     0.009253,
  1677.900,    -0.314367,     0.452047,     0.013328,
  1677.950,    -0.780725,     1.215503,     0.004316,
  1678.000,    -1.173281,     1.867822,     0.005379,
  1678.050,    -1.476022,     2.447132,     0.004774,
  1678.100,    -1.616498,     2.946269,     0.004246,
  1678.150,    -1.496737,     3.329762,     0.005513,
  1678.200,    -1.041386,     3.461490,     0.003893,
  1678.250,    -0.374479,     3.286942,    -0.001129,
  1678.300,     0.281535,     2.820437,    -0.002629,
  1678.350,     0.892659,     2.110837,    -0.003453,
  1678.400,     1.311612,     1.350681,    -0.004276,
  1678.450,     1.446383,     0.545600,    -0.004824,
  1678.500,     1.208048,    -0.254601,    -0.005951,
  1678.550,     0.650410,    -0.950069,    -0.003195,
  1678.600,    -0.072807,    -1.446930,    -0.000752,
  1678.650,    -0.645743,    -1.623106,    -0.004409,
  1678.700,    -0.935430,    -1.444168,    -0.003137,
  1678.750,    -0.993520,    -1.059323,     0.001479,
  1678.800,    -0.831961,    -0.542013,     0.004332,
  1678.850,    -0.537359,    -0.018378,     0.005026,
  1678.900,    -0.153538,     0.425745,     0.006934,
  1678.950,     0.207282,     0.790540,     0.006608,
  1679.000,     0.436724,     0.984693,     0.001946,
  1679.050,     0.457725,     1.013227,     0.014201,
  1679.100,     0.404624,     0.944345,     0.011178,
  1679.150,     0.332064,     0.879909,     0.010745,
  1679.200,     0.258996,     0.987428,     0.008489,
  1679.250,     0.141861,     1.153498,     0.006737,
  1679.300,     0.015959,     1.336168,     0.008810,
  1679.350,    -0.132571,     1.444655,     0.009867,
  1679.400,    -0.262595,     1.384619,     0.002884,
  1679.450,    -0.372296,     1.276190,    -0.001327,
  1679.500,    -0.464198,     1.151998,    -0.000187,
  1679.550,    -0.597923,     1.036389,     0.006686,
  1679.600,    -0.780411,     0.822260,    -0.002897,
  1679.650,    -0.955171,     0.489344,    -0.002137,
  1679.700,    -1.066971,     0.111605,    -0.003224,
  1679.750,    -1.074889,    -0.136383,    -0.000931,
  1679.800,    -1.034652,    -0.183329,     0.004560,
  1679.850,    -0.972242,     0.089244,    -0.005318,
  1679.900,    -0.832361,     0.565430,    -0.009417,
  1679.950,    -0.555783,     1.250601,    -0.004200,
  1680.000,    -0.206686,     2.055370,    -0.005861,
  1680.050,     0.154419,     2.926242,     0.001212,
  1680.100,     0.407039,     3.609281,     0.001846,
  1680.150,     0.494541,     3.957772,     0.000873,
  1680.200,     0.400932,     3.925172,     0.004833,
  1680.250,     0.171267,     3.677354,     0.000969,
  1680.300,    -0.122659,     3.490739,     0.010294,
  1680.350,    -0.363438,     3.503816,     0.007365,
  1680.400,    -0.461878,     3.660714,     0.008524,
  1680.450,    -0.344670,     3.784592,     0.005916,
  1680.500,     0.010200,     3.824643,     0.007021,
  1680.550,     0.541205,     3.731541,     0.013184,
  1680.600,     1.115925,     3.510038,     0.006554,
  1680.650,     1.589709,     2.993122,     0.003299,
  1680.700,     1.871769,     2.112110,     0.005156,
  1680.750,     1.963608,     1.024903,     0.003433,
  1680.800,     1.917773,    -0.076396,     0.005649,
  1680.850,     1.831568,    -0.928485,    -0.000731,
  1680.900,     1.758544,    -1.375108,    -0.002101,
  1680.950,     1.608439,    -1.509035,    -0.007912,
  1681.000,     1.419434,    -1.330337,    -0.009000,
  1681.050,     1.248114,    -0.869043,    -0.008001,
  1681.100,     1.091484,    -0.272924,    -0.008602,
  1681.150,     0.897572,     0.316817,    -0.004326,
  1681.200,     0.657291,     0.762311,    -0.002764,
  1681.250,     0.320709,     1.087771,    -0.005559,
  1681.300,    -0.084443,     1.309974,    -0.002087,
  1681.350,    -0.506432,     1.551823,    -0.005182,
  1681.400,    -0.913102,     1.865516,    -0.002746,
  1681.450,    -1.290601,     2.190166,     0.001849,
  1681.500,    -1.671250,     2.495474,     0.003600,
  1681.550,    -2.016192,     2.731245,     0.007581,
  1681.600,    -2.353350,     2.832177,     0.004178,
  1681.650,    -2.567370,     2.826116,     0.008992,
  1681.700,    -2.551749,     2.733490,     0.004406,
  1681.750,    -2.265224,     2.577436,     0.008303,
  1681.800,    -1.724668,     2.285596,     0.012310,
  1681.850,    -1.072357,     1.884823,     0.005928,
  1681.900,    -0.430989,     1.385372,     0.008938,
  1681.950,     0.154105,     0.872870,     0.008010,
  1682.000,     0.671771,     0.476956,     0.011955,
  1682.050,     1.070048,     0.241674,     0.005236,
  1682.100,     1.326710,     0.182498,     0.001481,
  1682.150,     1.472613,     0.282745,     0.004643,
  1682.200,     1.570083,     0.487860,    -0.001348,
  1682.250,     1.623886,     0.765049,     0.002097,
  1682.300,     1.572458,     1.076061,    -0.002083,
  1682.350,     1.387352,     1.345877,     0.000417,
  1682.400,     1.091033,     1.614656,    -0.005311,
  1682.450,     0.710669,     1.934996,    -0.002541,
  1682.500,     0.325221,     2.317847,    -0.004417,
  1682.550,    -0.069064,     2.571037,     0.001448,
  1682.600,    -0.435079,     2.715450,    -0.000540,
  1682.650,    -0.759001,     2.695597,    -0.005615,
  1682.700,    -1.016999,     2.511846,    -0.000517,
  1682.750,    -1.129547,     2.259730,     0.005481,
  1682.800,    -1.101467,     1.937984,    -0.004052,
  1682.850,    -0.966631,     1.593883,     0.000407,
  1682.900,    -0.739291,     1.197974,     0.004836,
  1682.950,    -0.420373,     0.856578,     0.002288,
  1683.000,    -0.032165,     0.591795,     0.003179,
  1683.050,     0.353691,     0.388310,     0.010358,
  1683.100,     0.686030,     0.239085,     0.010125,
  1683.150,     0.888833,     0.154335,     0.001729,
  1683.200,     0.908566,     0.169285,     0.004958,
  1683.250,     0.867266,     0.348151,     0.006016,
  1683.300,     0.751785,     0.705455,     0.007245,
  1683.350,     0.666166,     1.189040,     0.001167,
  1683.400,     0.621216,     1.704080,     0.006343,
  1683.450,     0.559632,     2.117921,     0.008288,
  1683.500,     0.530377,     2.352159,     0.005416,
  1683.550,     0.512765,     2.378809,     0.000373,
  1683.600,     0.485280,     2.300817,     0.003587,
  1683.650,     0.497809,     2.207273,    -0.000823,
  1683.700,     0.463379,     2.084502,     0.001226,
  1683.750,     0.374326,     1.861927,     0.000437,
  1683.800,     0.175780,     1.496297,     0.000273,
  1683.850,    -0.009770,     0.958744,    -0.003359,
  1683.900,    -0.068675,     0.295860,    -0.007056,
  1683.950,     0.071930,    -0.417423,    -0.001272,
  1684.000,     0.327397,    -1.076099,     0.004465,
  1684.050,     0.732665,    -1.664791,     0.002012,
  1684.100,     1.175958,    -1.881292,     0.005461,
  1684.150,     1.612500,    -1.641991,    -0.001150,
  1684.200,     1.930927,    -0.908922,     0.001353,
  1684.250,     2.042839,     0.057908,    -0.002999,
  1684.300,     1.926595,     1.052434,     0.002331,
  1684.350,     1.650131,     1.909970,    -0.000304,
  1684.400,     1.393670,     2.528583,    -0.003283,
  1684.450,     1.239925,     2.910504,     0.001602,
  1684.500,     1.134476,     3.039462,    -0.004223,
  1684.550,     1.054460,     2.959035,     0.003210,
  1684.600,     0.967981,     2.770499,     0.003120,
  1684.650,     0.845661,     2.537622,     0.006364,
  1684.700,     0.730984,     2.230924,     0.007419,
  1684.750,     0.520803,     1.831384,     0.006530,
  1684.800,     0.232553,     1.285302,     0.005161,
  1684.850,    -0.211999,     0.667263,     0.004805,
  1684.900,    -0.703144,     0.041377,     0.003220,
  1684.950,    -1.113175,    -0.428136,     0.001786,
  1685.000,    -1.332803,    -0.708761,     0.004685,
  1685.050,    -1.386749,    -0.672982,    -0.000463,
  1685.100,    -1.273285,    -0.345578,     0.004409,
  1685.150,    -1.021859,     0.219219,     0.003343,
  1685.200,    -0.653808,     0.930121,     0.004003,
  1685.250,    -0.256819,     1.662913,     0.003281,
  1685.300,     0.117204,     2.336706,     0.004328,
  1685.350,     0.419197,     2.790813,     0.004754,
  1685.400,     0.635086,     2.837893,     0.002315,
  1685.450,     0.763673,     2.526431,     0.004355,
  1685.500,     0.874237,     1.958973,    -0.003359,
  1685.550,     0.974350,     1.391149,    -0.009409,
  1685.600,     1.047428,     0.930255,    -0.000658,
  1685.650,     1.091593,     0.562372,    -0.004466,
  1685.700,     1.035281,     0.322827,    -0.000853,
  1685.750,     0.998251,     0.155830,     0.000415,
  1685.800,     0.953164,     0.091455,    -0.003268,
  1685.850,     0.915795,     0.074935,     0.001599,
  1685.900,     0.835901,     0.001193,    -0.000460,
  1685.950,     0.715363,    -0.119799,     0.001767,
  1686.000,     0.535347,    -0.162694,     0.004326,
  1686.050,     0.319863,    -0.039735,     0.012859,
  1686.100,     0.159858,     0.280877,     0.002660,
  1686.150,     0.035774,     0.692554,     0.002447,
  1686.200,    -0.036162,     1.156741,     0.004891,
  1686.250,    -0.060541,     1.552242,     0.001037,
  1686.300,    -0.026395,     1.866623,     0.005600,
  1686.350,     0.045333,     2.019688,     0.000404,
  1686.400,     0.147051,     1.916365,     0.007526,
  1686.450,     0.273949,     1.485783,     0.010412,
  1686.500,     0.449483,     0.797933,     0.005143,
  1686.550,     0.720372,     0.052865,     0.009160,
  1686.600,     1.060320,    -0.647351,     0.001983,
  1686.650,     1.376793,    -1.141138,    -0.000551,
  1686.700,     1.569573,    -1.368795,     0.007823,
  1686.750,     1.580265,    -1.369090,     0.002971,
  1686.800,     1.425568,    -1.112459,    -0.004966,
  1686.850,     1.143906,    -0.498849,    -0.000642,
  1686.900,     0.790793,     0.373076,     0.000556,
  1686.950,     0.420434,     1.343611,    -0.000836,
  1687.000,     0.028732,     2.220433,    -0.003289,
  1687.050,    -0.269247,     2.790095,    -0.002419,
  1687.100,    -0.474386,     3.106945,    -0.004713,
  1687.150,    -0.512691,     3.106982,    -0.009951,
  1687.200,    -0.448609,     2.837052,     0.001130,
  1687.250,    -0.317941,     2.304517,    -0.003160,
  1687.300,    -0.105929,     1.643385,    -0.003115,
  1687.350,     0.125718,     0.972145,     0.002452,
  1687.400,     0.439608,     0.364439,     0.003328,
  1687.450,     0.766281,    -0.127680,     0.000683,
  1687.500,     1.068422,    -0.449573,     0.008463,
  1687.550,     1.315114,    -0.711068,     0.006656,
  1687.600,     1.415959,    -0.992829,     0.000143,
  1687.650,     1.380536,    -1.319799,     0.002837,
  1687.700,     1.236011,    -1.571145,     0.013589,
  1687.750,     1.060437,    -1.542420,     0.014910,
  1687.800,     0.808473,    -1.101569,     0.007735,
  1687.850,     0.450589,    -0.308003,     0.012338,
  1687.900,     0.058171,     0.731242,     0.017278,
  1687.950,    -0.419476,     1.850057,     0.006859,
  1688.000,    -0.910660,     2.753399,     0.006846,
  1688.050,    -1.343099,     3.277598,     0.006995,
  1688.100,    -1.741718,     3.297298,     0.006598,
  1688.150,    -2.019667,     2.876221,     0.006026,
  1688.200,    -2.075410,     2.170375,     0.000408,
  1688.250,    -1.856209,     1.313024,    -0.005754,
  1688.300,    -1.322052,     0.451004,    -0.004432,
  1688.350,    -0.560555,    -0.335147,    -0.005036,
  1688.400,     0.251635,    -0.889231,    -0.005565,
  1688.450,     0.976290,    -1.064746,    -0.002573,
  1688.500,     1.467011,    -0.932000,    -0.004811,
  1688.550,     1.717182,    -0.535668,    -0.003164,
  1688.600,     1.741930,     0.061993,    -0.007844,
  1688.650,     1.580169,     0.744836,    -0.012237,
  1688.700,     1.377216,     1.357723,    -0.003283,
  1688.750,     1.146357,     1.764261,    -0.005460,
  1688.800,     0.949273,     1.791242,    -0.001772,
  1688.850,     0.772996,     1.478882,     0.002791,
  1688.900,     0.563591,     0.900863,     0.003012,
  1688.950,     0.315856,     0.198671,     0.004909,
  1689.000,     0.092791,    -0.468450,     0.014962,
  1689.050,    -0.090174,    -0.949988,     0.013968,
  1689.100,    -0.198277,    -1.127342,     0.005954,
  1689.150,    -0.164420,    -0.955192,     0.012819,
  1689.200,    -0.067847,    -0.573804,     0.013404,
  1689.250,     0.147080,    -0.082558,     0.010916,
  1689.300,     0.435403,     0.400849,     0.006341,
  1689.350,     0.731090,     0.783911,     0.011548,
  1689.400,     1.029227,     0.997937,     0.008744,
  1689.450,     1.228706,     1.060174,     0.007234,
  1689.500,     1.240900,     1.013047,     0.005070,
  1689.550,     1.017057,     0.894100,     0.004759,
  1689.600,     0.658058,     0.862166,     0.003033,
  1689.650,     0.263422,     1.000874,     0.001250,
  1689.700,    -0.034266,     1.370165,    -0.001335,
  1689.750,    -0.295475,     1.888734,     0.000814,
  1689.800,    -0.458131,     2.335326,    -0.001846,
  1689.850,    -0.582779,     2.624466,    -0.009584,
  1689.900,    -0.649371,     2.627302,    -0.009229,
  1689.950,    -0.600914,     2.330004,    -0.002129,
  1690.000,    -0.535169,     1.838481,    -0.002341,
  1690.050,    -0.459169,     1.136360,    -0.008917,
  1690.100,    -0.329766,     0.332646,    -0.012021,
  1690.150,    -0.086415,    -0.448915,    -0.009458,
  1690.200,     0.239080,    -1.072448,    -0.012203,
  1690.250,     0.603681,    -1.405867,    -0.008845,
  1690.300,     0.888438,    -1.384308,    -0.002251,
  1690.350,     1.071455,    -1.002613,    -0.001187,
  1690.400,     1.109744,    -0.369327,     0.000668,
  1690.450,     1.021576,     0.414418,     0.005440,
  1690.500,     0.799401,     1.264879,     0.007676,
  1690.550,     0.478098,     2.078002,     0.013985,
  1690.600,     0.076695,     2.690379,     0.010233,
  1690.650,    -0.305395,     3.037519,     0.008988,
  1690.700,    -0.609752,     3.023940,     0.013813,
  1690.750,    -0.771022,     2.709839,     0.012910,
  1690.800,    -0.756811,     2.242089,     0.013142,
  1690.850,    -0.627054,     1.670260,     0.014776,
  1690.900,    -0.415614,     1.163267,     0.013177,
  1690.950,    -0.125966,     0.768299,     0.008434,
  1691.000,     0.274700,     0.473777,     0.009086,
  1691.050,     0.718645,     0.285832,     0.006668,
  1691.100,     1.129800,     0.203289,     0.004035,
  1691.150,     1.355990,     0.125032,     0.004482,
  1691.200,     1.374282,     0.156049,    -0.001426,
  1691.250,     1.280394,     0.241990,    -0.001247,
  1691.300,     1.015925,     0.509349,     0.000117,
  1691.350,     0.645066,     0.941554,    -0.004460,
  1691.400,     0.234531,     1.529320,    -0.004653,
  1691.450,    -0.192947,     2.191168,    -0.006569,
  1691.500,    -0.576310,     2.827658,    -0.008423,
  1691.550,    -0.836106,     3.378861,    -0.004694,
  1691.600,    -0.970109,     3.692797,    -0.004215,
  1691.650,    -1.009380,     3.624742,    -0.009054,
  1691.700,    -1.065366,     3.149624,    -0.008321,
  1691.750,    -1.115375,     2.228937,     0.000822,
  1691.800,    -1.150397,     1.063858,     0.004596,
  1691.850,    -1.077566,    -0.152253,     0.006643,
  1691.900,    -0.801535,    -1.174209,     0.008597,
  1691.950,    -0.339941,    -1.791788,     0.008185,
  1692.000,     0.277888,    -1.923481,     0.009830,
  1692.050,     0.846480,    -1.494760,     0.006079,
  1692.100,     1.321905,    -0.672926,     0.002237,
  1692.150,     1.542135,     0.363339,     0.010610,
  1692.200,     1.471742,     1.363359,     0.010532,
  1692.250,     1.168858,     2.160327,     0.009546,
  1692.300,     0.785921,     2.568445,     0.011668,
  1692.350,     0.368190,     2.533085,     0.013280,
  1692.400,     0.005091,     2.142730,     0.009409,
  1692.450,    -0.285122,     1.538134,     0.007553,
  1692.500,    -0.435008,     0.980385,     0.009438,
  1692.550,    -0.453312,     0.587184,     0.003679,
  1692.600,    -0.341209,     0.442132,     0.007995,
  1692.650,    -0.150259,     0.574560,     0.000250,
  1692.700,     0.106514,     0.747681,     0.000549,
  1692.750,     0.386966,     0.841796,    -0.004069,
  1692.800,     0.630562,     0.932781,    -0.008215,
  1692.850,     0.795156,     0.984177,    -0.006536,
  1692.900,     0.762619,     1.003946,    -0.005098,
  1692.950,     0.510115,     0.929122,    -0.003119,
  1693.000,     0.162382,     0.783914,    -0.003860,
  1693.050,    -0.258745,     0.672512,    -0.006141,
  1693.100,    -0.690091,     0.662233,    -0.004007,
  1693.150,    -0.979584,     0.801518,    -0.007614,
  1693.200,    -1.092019,     1.125919,    -0.000964,
  1693.250,    -1.006924,     1.556513,    -0.002284,
  1693.300,    -0.803169,     1.945138,    -0.003581,
  1693.350,    -0.500828,     2.242532,    -0.005834,
  1693.400,    -0.211050,     2.400666,    -0.000322,
  1693.450,     0.010745,     2.426737,     0.002779,
  1693.500,     0.120344,     2.266734,     0.005402,
  1693.550,     0.118216,     1.909553,     0.004649,
  1693.600,     0.102733,     1.422311,     0.009312,
  1693.650,     0.055098,     0.873087,     0.010231,
  1693.700,     0.086787,     0.341281,     0.005755,
  1693.750,     0.209713,    -0.081404,     0.005328,
  1693.800,     0.485134,    -0.283392,     0.007980,
  1693.850,     0.784558,    -0.165438,     0.010340,
  1693.900,     1.065845,     0.235648,     0.010339,
  1693.950,     1.248103,     0.712439,     0.009079,
  1694.000,     1.256316,     1.100583,     0.010452,
  1694.050,     1.120795,     1.220353,     0.007805,
  1694.100,     0.803278,     1.020043,     0.005602,
  1694.150,     0.429949,     0.663621,     0.001424,
  1694.200,     0.025442,     0.307127,    -0.002335,
  1694.250,    -0.441481,     0.061134,     0.005007,
  1694.300,    -0.834690,     0.025835,     0.003828,
  1694.350,    -1.045961,     0.154167,     0.003735,
  1694.400,    -1.089254,     0.422037,     0.000130,
  1694.450,    -0.938976,     0.740911,    -0.004314,
  1694.500,    -0.609422,     1.024193,    -0.007749,
  1694.550,    -0.227221,     1.136833,    -0.002956,
  1694.600,     0.203501,     1.020943,     0.002205,
  1694.650,     0.629811,     0.736161,    -0.005032,
  1694.700,     0.940458,     0.438248,    -0.009204,
  1694.750,     1.147633,     0.248550,    -0.002955,
  1694.800,     1.195003,     0.179645,    -0.000653,
  1694.850,     1.060891,     0.195447,    -0.003652,
  1694.900,     0.824379,     0.282804,    -0.005745,
  1694.950,     0.569670,     0.461654,     0.000560,
  1695.000,     0.354629,     0.742957,    -0.003292,
  1695.050,     0.172968,     1.025701,    -0.002691,
  1695.100,     0.043414,     1.259097,     0.000674,
  1695.150,    -0.070528,     1.238673,    -0.006430,
  1695.200,    -0.117754,     0.976320,     0.002530,
  1695.250,    -0.135853,     0.506294,     0.009414,
  1695.300,    -0.142391,    -0.005801,     0.009326,
  1695.350,    -0.100152,    -0.496504,     0.005652,
  1695.400,     0.003539,    -0.819703,     0.004592,
  1695.450,     0.210024,    -0.989628,     0.009848,
  1695.500,     0.482768,    -0.954995,     0.006408,
  1695.550,     0.802517,    -0.679936,     0.009959,
  1695.600,     1.091910,    -0.241350,     0.016032,
  1695.650,     1.311327,     0.298546,     0.008822,
  1695.700,     1.408647,     0.761163,     0.008669,
  1695.750,     1.356129,     1.142690,     0.011886,
  1695.800,     1.112341,     1.287671,     0.001539,
  1695.850,     0.671976,     1.216640,     0.008360,
  1695.900,     0.123553,     0.942684,     0.008052,
  1695.950,    -0.427025,     0.518857,     0.003632,
  1696.000,    -0.879658,     0.016242,     0.003003,
  1696.050,    -1.117270,    -0.420836,     0.000318,
  1696.100,    -1.086840,    -0.652076,    -0.007783,
  1696.150,    -0.875823,    -0.530327,    -0.003282,
  1696.200,    -0.450048,    -0.100584,    -0.002417,
  1696.250,     0.084567,     0.537141,    -0.007982,
  1696.300,     0.601988,     1.170117,    -0.005823,
  1696.350,     1.045353,     1.612779,    -0.000774,
  1696.400,     1.232773,     1.746676,    -0.008384,
  1696.450,     1.255695,     1.612897,    -0.011577,
  1696.500,     1.004328,     1.228865,    -0.002875,
  1696.550,     0.646462,     0.726397,     0.000240,
  1696.600,     0.294109,     0.259011,    -0.004278,
  1696.650,    -0.001402,    -0.063428,    -0.001959,
  1696.700,    -0.150243,    -0.152744,     0.002970,
  1696.750,    -0.155040,    -0.072411,    -0.003934,
  1696.800,    -0.099092,     0.120159,     0.004671,
  1696.850,    -0.061775,     0.423928,     0.007687,
  1696.900,    -0.040467,     0.709750,     0.000424,
  1696.950,     0.032900,     1.026023,    -0.001594,
  1697.000,     0.114830,     1.315422,     0.008042,
  1697.050,     0.201898,     1.543624,     0.012150,
  1697.100,     0.212857,     1.707006,     0.006841,
  1697.150,     0.235597,     1.788889,     0.006724,
  1697.200,     0.252235,     1.776160,     0.017845,
  1697.250,     0.320226,     1.690371,     0.014982,
  1697.300,     0.471807,     1.527791,     0.014497,
  1697.350,     0.701471,     1.330025,     0.006285,
  1697.400,     0.875072,     1.178847,     0.009228,
  1697.450,     1.005092,     1.114457,     0.004603,
  1697.500,     1.070027,     1.147654,     0.001133,
  1697.550,     1.055505,     1.260431,     0.002660,
  1697.600,     0.935187,     1.396614,     0.004171,
  1697.650,     0.694262,     1.472952,    -0.000112,
  1697.700,     0.413759,     1.368465,    -0.008036,
  1697.750,     0.115484,     1.130898,    -0.007889,
  1697.800,    -0.168486,     0.844827,    -0.002397,
  1697.850,    -0.405841,     0.674545,    -0.007589,
  1697.900,    -0.546725,     0.771067,    -0.007508,
  1697.950,    -0.492899,     1.108862,    -0.001189,
  1698.000,    -0.289905,     1.613853,    -0.005530,
  1698.050,     0.008812,     2.130295,    -0.005218,
  1698.100,     0.291200,     2.564848,    -0.002897,
  1698.150,     0.433892,     2.775530,    -0.005276,
  1698.200,     0.388301,     2.623393,     0.001681,
  1698.250,     0.248634,     2.157658,    -0.000547,
  1698.300,     0.032642,     1.523636,    -0.001135,
  1698.350,    -0.097510,     0.982200,     0.000462,
  1698.400,    -0.096602,     0.644066,     0.007116,
  1698.450,     0.010518,     0.527354,     0.004457,
  1698.500,     0.208353,     0.545730,     0.012046,
  1698.550,     0.411345,     0.742787,     0.011293,
  1698.600,     0.580984,     0.995847,     0.006449,
  1698.650,     0.648848,     1.265533,     0.010162,
  1698.700,     0.573245,     1.474968,     0.008281,
  1698.750,     0.350175,     1.525778,     0.008766,
  1698.800,     0.050370,     1.514488,     0.006291,
  1698.850,    -0.162518,     1.456610,     0.007819,
  1698.900,    -0.267161,     1.369822,     0.002679,
  1698.950,    -0.311407,     1.291055,     0.008119,
  1699.000,    -0.277740,     1.147038,     0.012039,
  1699.050,    -0.195553,     0.943440,     0.003631,
  1699.100,    -0.031759,     0.729823,     0.000479,
  1699.150,     0.196919,     0.651807,     0.001670,
  1699.200,     0.382071,     0.766728,     0.004005,
  1699.250,     0.463163,     0.959094,     0.002370,
  1699.300,     0.427217,     1.079285,     0.003662,
  1699.350,     0.257934,     1.017662,     0.011034,
  1699.400,     0.015038,     0.750040,    -0.003540,
  1699.450,    -0.227715,     0.296059,    -0.007861,
  1699.500,    -0.415106,    -0.227596,    -0.001953,
  1699.550,    -0.523113,    -0.738272,     0.000808,
  1699.600,    -0.555611,    -1.066399,    -0.004484,
  1699.650,    -0.470067,    -1.086662,    -0.001608,
  1699.700,    -0.327608,    -0.732967,    -0.002774,
  1699.750,    -0.107098,    -0.047674,    -0.004316,
  1699.800,     0.079873,     0.839081,    -0.003157,
  1699.850,     0.185829,     1.752978,     0.000977,
  1699.900,     0.202378,     2.450384,     0.004135,
  1699.950,     0.084015,     2.840175,     0.004932,
  1700.000,    -0.088096,     2.866925,     0.001976,
  1700.050,    -0.322051,     2.536581,    -0.000964,
  1700.100,    -0.574381,     1.955277,     0.003423,
  1700.150,    -0.710033,     1.258269,     0.000104,
  1700.200,    -0.678751,     0.631063,     0.000984,
  1700.250,    -0.453873,     0.214407,    -0.001371,
  1700.300,    -0.035225,     0.035360,     0.003616,
  1700.350,     0.449767,     0.106097,     0.001687,
  1700.400,     0.904450,     0.356125,     0.002819,
  1700.450,     1.177048,     0.698159,     0.003740,
  1700.500,     1.230641,     1.100381,     0.001836,
  1700.550,     1.062279,     1.486258,     0.006869,
  1700.600,     0.783502,     1.795552,     0.015029,
  1700.650,     0.460180,     1.998714,     0.012367,
  1700.700,     0.118251,     2.124292,     0.007785,
  1700.750,    -0.103053,     2.223595,     0.007122,
  1700.800,    -0.198384,     2.279434,     0.002145,
  1700.850,    -0.197889,     2.212552,     0.004059,
  1700.900,    -0.111109,     1.975957,     0.001614,
  1700.950,    -0.032671,     1.574126,     0.000157,
  1701.000,     0.098162,     1.078355,     0.002922,
  1701.050,     0.274189,     0.565921,     0.000642,
  1701.100,     0.443074,     0.105276,    -0.002019,
  1701.150,     0.589143,    -0.195628,     0.001908,
  1701.200,     0.688188,    -0.379004,     0.002628,
  1701.250,     0.752711,    -0.398505,    -0.004049,
  1701.300,     0.769765,    -0.296935,    -0.004759,
  1701.350,     0.731982,    -0.112662,    -0.006372,
  1701.400,     0.623850,     0.193048,    -0.004014,
  1701.450,     0.459626,     0.542926,    -0.003235,
  1701.500,     0.289395,     0.940374,    -0.000166,
  1701.550,     0.176017,     1.319942,    -0.001064,
  1701.600,     0.155251,     1.636360,    -0.002903,
  1701.650,     0.196474,     1.862691,    -0.003983,
  1701.700,     0.295551,     1.914803,    -0.006544,
  1701.750,     0.353295,     1.812830,     0.001720,
  1701.800,     0.369910,     1.497084,     0.006384,
  1701.850,     0.302095,     1.093463,     0.004503,
  1701.900,     0.158973,     0.715838,     0.003810,
  1701.950,     0.100752,     0.412858,     0.003021,
  1702.000,     0.134851,     0.207046,     0.009740,
  1702.050,     0.363733,    -0.002225,     0.006907,
  1702.100,     0.675577,    -0.152308,     0.009638,
  1702.150,     1.006017,    -0.196308,     0.003182,
  1702.200,     1.287598,    -0.144487,     0.006826,
  1702.250,     1.430006,    -0.024069,     0.012867,
  1702.300,     1.321222,     0.188871,     0.010877,
  1702.350,     1.017017,     0.432309,     0.010345,
  1702.400,     0.606554,     0.746406,     0.008504,
  1702.450,     0.221940,     1.113395,     0.005560,
  1702.500,    -0.065202,     1.465388,     0.004471,
  1702.550,    -0.203469,     1.738564,     0.003613,
  1702.600,    -0.200937,     1.847772,     0.001757,
  1702.650,    -0.106246,     1.741479,    -0.002707,
  1702.700,     0.062465,     1.477008,    -0.002105,
  1702.750,     0.295305,     1.112401,    -0.002422,
  1702.800,     0.470572,     0.725569,    -0.002737,
  1702.850,     0.590249,     0.264683,    -0.006034,
  1702.900,     0.655350,    -0.083359,    -0.002322,
  1702.950,     0.674397,    -0.329628,    -0.005063,
  1703.000,     0.660283,    -0.467160,    -0.003471,
  1703.050,     0.639785,    -0.516775,    -0.002424,
  1703.100,     0.557901,    -0.552785,    -0.006169,
  1703.150,     0.392188,    -0.531802,    -0.002591,
  1703.200,     0.211264,    -0.392810,    -0.002396,
  1703.250,     0.072730,    -0.156744,    -0.002135,
  1703.300,     0.045999,     0.229008,    -0.000249,
  1703.350,     0.092492,     0.770950,     0.002909,
  1703.400,     0.150878,     1.354544,     0.009113,
  1703.450,     0.158876,     1.873694,     0.006226,
  1703.500,     0.072789,     2.146879,     0.004955,
  1703.550,    -0.118763,     2.142156,     0.009670,
  1703.600,    -0.350038,     1.924068,     0.009003,
  1703.650,    -0.568247,     1.563748,     0.001322,
  1703.700,    -0.730875,     1.072622,     0.009781,
  1703.750,    -0.746435,     0.518133,     0.007365,
  1703.800,    -0.514296,     0.011478,     0.007396,
  1703.850,    -0.070698,    -0.299374,     0.008031,
  1703.900,     0.497451,    -0.382060,     0.005481,
  1703.950,     1.052721,    -0.316831,    -0.002947,
  1704.000,     1.499243,    -0.070874,    -0.001301,
  1704.050,     1.667962,     0.321376,     0.000806,
  1704.100,     1.581250,     0.846238,     0.009289,
  1704.150,     1.314343,     1.416767,     0.000586,
  1704.200,     0.875952,     1.969961,    -0.005327,
  1704.250,     0.356242,     2.376415,    -0.002321,
  1704.300,    -0.096286,     2.539956,     0.002096,
  1704.350,    -0.394612,     2.443849,     0.000481,
  1704.400,    -0.482782,     2.187560,     0.002022,
  1704.450,    -0.396100,     1.799463,    -0.000429,
  1704.500,    -0.202118,     1.304165,     0.000038,
  1704.550,     0.051591,     0.827102,     0.000610,
  1704.600,     0.323689,     0.365469,     0.004304,
  1704.650,     0.589533,     0.092568,     0.001197,
  1704.700,     0.783540,     0.001743,     0.007175,
  1704.750,     0.887394,     0.116562,    -0.001445,
  1704.800,     0.890041,     0.365459,    -0.003219,
  1704.850,     0.826800,     0.687396,     0.001777,
  1704.900,     0.734668,     1.080751,     0.006230,
  1704.950,     0.633329,     1.547032,     0.000218,
  1705.000,     0.460810,     2.028004,    -0.002110,
  1705.050,     0.254958,     2.429532,    -0.001228,
  1705.100,     0.004213,     2.701087,     0.003679,
  1705.150,    -0.213433,     2.786637,     0.005115,
  1705.200,    -0.346078,     2.728654,     0.002099,
  1705.250,    -0.405087,     2.588807,     0.000335,
  1705.300,    -0.378474,     2.410819,     0.002133,
  1705.350,    -0.314028,     2.126121,     0.006270,
  1705.400,    -0.200058,     1.815159,    -0.001804,
  1705.450,    -0.112061,     1.533803,    -0.003441,
  1705.500,     0.023235,     1.343352,    -0.000258,
  1705.550,     0.213436,     1.294895,     0.003521,
  1705.600,     0.414312,     1.230120,     0.004042,
  1705.650,     0.623064,     1.093479,     0.001498,
  1705.700,     0.811366,     0.922447,     0.006442,
  1705.750,     0.971590,     0.741133,     0.008516,
  1705.800,     1.038730,     0.618669,     0.008794,
  1705.850,     0.996961,     0.557503,     0.003231,
  1705.900,     0.836195,     0.585135,     0.007375,
  1705.950,     0.533588,     0.704118,     0.003410,
  1706.000,     0.233750,     0.924126,     0.003283,
  1706.050,     0.014874,     1.228105,    -0.002061,
  1706.100,    -0.140919,     1.440186,    -0.001147,
  1706.150,    -0.301950,     1.537056,    -0.002351,
  1706.200,    -0.421587,     1.431115,    -0.003208,
  1706.250,    -0.438383,     1.193729,     0.000732,
  1706.300,    -0.357112,     0.862866,     0.001133,
  1706.350,    -0.193214,     0.475642,    -0.005947,
  1706.400,     0.024940,     0.149753,    -0.001873,
  1706.450,     0.254230,    -0.050592,    -0.001992,
  1706.500,     0.479781,    -0.147607,    -0.009166,
  1706.550,     0.694539,    -0.136650,    -0.011939,
  1706.600,     0.898264,    -0.023186,     0.002714,
  1706.650,     1.052323,     0.111666,     0.001098,
  1706.700,     1.050084,     0.334724,    -0.001605,
  1706.750,     0.937876,     0.646764,     0.007016,
  1706.800,     0.740090,     0.982969,     0.006537,
  1706.850,     0.462067,     1.270086,     0.002796,
  1706.900,     0.185053,     1.533274,     0.008823,
  1706.950,    -0.040049,     1.732812,     0.010412,
  1707.000,    -0.243858,     1.885977,     0.006847,
  1707.050,    -0.343136,     1.991964,     0.014859,
  1707.100,    -0.363023,     2.012803,     0.011572,
  1707.150,    -0.354164,     1.977728,     0.008727,
  1707.200,    -0.287988,     1.943583,     0.014267,
  1707.250,    -0.232911,     1.878060,     0.011792,
  1707.300,    -0.124757,     1.716188,     0.012560,
  1707.350,     0.026227,     1.452515,     0.013583,
  1707.400,     0.248921,     1.139832,     0.002265,
  1707.450,     0.564435,     0.851223,     0.005891,
  1707.500,     0.896001,     0.639538,     0.000678,
  1707.550,     1.183063,     0.604060,    -0.000446,
  1707.600,     1.301785,     0.813209,     0.001580,
  1707.650,     1.237298,     1.263659,    -0.001912,
  1707.700,     1.017057,     1.836553,    -0.004154,
  1707.750,     0.683435,     2.379872,    -0.009651,
  1707.800,     0.323604,     2.806634,    -0.004661,
  1707.850,    -0.094363,     3.011721,    -0.006780,
  1707.900,    -0.428684,     2.980675,    -0.002510,
  1707.950,    -0.612349,     2.724464,    -0.004978,
  1708.000,    -0.630150,     2.294835,    -0.007334,
  1708.050,    -0.480544,     1.783803,    -0.005326,
  1708.100,    -0.214118,     1.269205,    -0.006825,
  1708.150,     0.105921,     0.851650,    -0.001604,
  1708.200,     0.467369,     0.570834,    -0.000813,
  1708.250,     0.817156,     0.472253,     0.003608,
  1708.300,     1.114039,     0.513279,     0.002929,
  1708.350,     1.259825,     0.688256,     0.005016,
  1708.400,     1.256222,     0.913415,     0.008252,
  1708.450,     1.110207,     1.097041,     0.013197,
  1708.500,     0.862259,     1.167100,     0.009332,
  1708.550,     0.575168,     1.094580,     0.002020,
  1708.600,     0.313472,     0.988459,     0.008062,
  1708.650,     0.068683,     0.890508,     0.007635,
  1708.700,    -0.126502,     0.825239,     0.016657,
  1708.750,    -0.242953,     0.834482,     0.010119,
  1708.800,    -0.241579,     0.937989,     0.010224,
  1708.850,    -0.143794,     1.132657,     0.004661,
  1708.900,     0.033708,     1.381238,     0.003588,
  1708.950,     0.227016,     1.550118,     0.007524,
  1709.000,     0.430974,     1.592862,     0.008528,
  1709.050,     0.667901,     1.496985,    -0.003899,
  1709.100,     0.899823,     1.364264,    -0.001366,
  1709.150,     1.126021,     1.220443,     0.004402,
  1709.200,     1.274203,     1.113766,     0.000385,
  1709.250,     1.320309,     1.030876,    -0.002757,
  1709.300,     1.262675,     0.993686,    -0.004871,
  1709.350,     1.187240,     1.015238,    -0.004162,
  1709.400,     1.040503,     1.048356,    -0.004323,
  1709.450,     0.891682,     1.140385,    -0.001975,
  1709.500,     0.692797,     1.279681,    -0.006413,
  1709.550,     0.454868,     1.419368,    -0.007200,
  1709.600,     0.295948,     1.520826,    -0.005231,
  1709.650,     0.218807,     1.610550,    -0.000483,
  1709.700,     0.170240,     1.662439,    -0.000758,
  1709.750,     0.100449,     1.703517,     0.003440,
  1709.800,     0.041492,     1.703155,     0.005648,
  1709.850,    -0.031541,     1.587031,     0.006043,
  1709.900,    -0.039261,     1.316544,     0.005386,
  1709.950,     0.027547,     0.990432,     0.002693,
  1710.000,     0.116943,     0.662223,     0.005314,
  1710.050,     0.199074,     0.439506,     0.010976,
  1710.100,     0.296031,     0.304805,     0.007458,
  1710.150,     0.383837,     0.298283,     0.004637,
  1710.200,     0.465781,     0.349277,     0.006308,
  1710.250,     0.511448,     0.399695,     0.008318,
  1710.300,     0.472021,     0.466908,     0.004041,
  1710.350,     0.363148,     0.427609,     0.007333,
  1710.400,     0.213005,     0.349779,     0.001499,
  1710.450,     0.070293,     0.249391,     0.007063,
  1710.500,    -0.052129,     0.267603,    -0.001234,
  1710.550,    -0.167034,     0.425202,     0.004473,
  1710.600,    -0.223708,     0.670064,    -0.001787,
  1710.650,    -0.245944,     0.961431,    -0.000391,
  1710.700,    -0.224841,     1.192651,     0.002366,
  1710.750,    -0.181723,     1.314931,     0.005015,
  1710.800,    -0.075117,     1.339182,     0.000510,
  1710.850,     0.101398,     1.279172,    -0.004720,
  1710.900,     0.295821,     1.094842,     0.002343,
  1710.950,     0.477603,     0.915425,     0.003308,
  1711.000,     0.646027,     0.741791,    -0.002627,
  1711.050,     0.768828,     0.671570,     0.001142,
  1711.100,     0.869470,     0.663055,     0.004686,
  1711.150,     0.893592,     0.693004,     0.004690,
  1711.200,     0.849311,     0.829999,     0.002444,
  1711.250,     0.773321,     1.120037,     0.000750,
  1711.300,     0.692753,     1.462619,     0.001463,
  1711.350,     0.604684,     1.783571,     0.003082,
  1711.400,     0.504337,     1.975077,    -0.004113,
  1711.450,     0.386678,     1.983953,    -0.000765,
  1711.500,     0.217349,     1.791444,     0.000574,
  1711.550,     0.103718,     1.416287,     0.001845,
  1711.600,     0.017992,     0.902035,     0.008544,
  1711.650,     0.062010,     0.412966,     0.004646,
  1711.700,     0.200493,     0.053998,     0.001832,
  1711.750,     0.415832,    -0.022020,     0.003366,
  1711.800,     0.685717,     0.139481,     0.009136,
  1711.850,     0.997162,     0.468412,     0.004123,
  1711.900,     1.161182,     0.870126,     0.006434,
  1711.950,     1.219537,     1.249804,     0.004348,
  1712.000,     1.149151,     1.590034,     0.005757,
  1712.050,     1.008378,     1.757380,     0.004065,
  1712.100,     0.784294,     1.704202,     0.007698,
  1712.150,     0.577747,     1.456662,     0.004811,
  1712.200,     0.380504,     1.053388,     0.000160,
  1712.250,     0.284179,     0.622955,    -0.002378,
  1712.300,     0.222909,     0.310986,     0.002925,
  1712.350,     0.216551,     0.108602,    -0.001725,
  1712.400,     0.263285,     0.160012,    -0.003609,
  1712.450,     0.335647,     0.437557,    -0.000433,
  1712.500,     0.390810,     0.908591,     0.000513,
  1712.550,     0.450272,     1.471358,    -0.000738,
  1712.600,     0.440116,     1.942300,    -0.003321,
  1712.650,     0.392355,     2.241039,    -0.001543,
  1712.700,     0.345781,     2.315176,    -0.002318,
  1712.750,     0.265281,     2.166940,    -0.003464,
  1712.800,     0.263498,     1.869105,    -0.002266,
  1712.850,     0.310452,     1.530207,     0.000525,
  1712.900,     0.383295,     1.262102,     0.000588,
  1712.950,     0.495986,     1.160561,    -0.000053,
  1713.000,     0.654475,     1.214127,     0.000025,
  1713.050,     0.794780,     1.422144,     0.003790,
  1713.100,     0.839861,     1.647660,     0.006621,
  1713.150,     0.808214,     1.855765,     0.008216,
  1713.200,     0.706515,     1.931107,     0.012873,
  1713.250,     0.608257,     1.816466,     0.007066,
  1713.300,     0.510742,     1.621859,     0.005742,
  1713.350,     0.426539,     1.351444,     0.006127,
  1713.400,     0.350941,     1.063327,     0.014284,
  1713.450,     0.335914,     0.848513,     0.017107,
  1713.500,     0.364946,     0.704341,     0.003497,
  1713.550,     0.411938,     0.688907,     0.006431,
  1713.600,     0.505933,     0.819090,     0.006750,
  1713.650,     0.602344,     1.103136,     0.004450,
  1713.700,     0.657248,     1.409114,     0.004488,
  1713.750,     0.688444,     1.692225,    -0.005455,
  1713.800,     0.672189,     1.811971,    -0.005944,
  1713.850,     0.615204,     1.754821,     0.000322,
  1713.900,     0.614356,     1.591743,    -0.010361,
  1713.950,     0.598195,     1.231281,    -0.001787,
  1714.000,     0.551872,     0.797407,     0.002503,
  1714.050,     0.426722,     0.365158,    -0.003880,
  1714.100,     0.288544,     0.034516,    -0.004846,
  1714.150,     0.152000,    -0.026658,    -0.006984,
  1714.200,     0.071556,     0.184675,    -0.002569,
  1714.250,    -0.032872,     0.606210,    -0.000694,
  1714.300,    -0.071783,     1.089649,    -0.002204,
  1714.350,    -0.082119,     1.490815,     0.003217,
  1714.400,    -0.089347,     1.707233,     0.008401,
  1714.450,    -0.100600,     1.719465,     0.004615,
  1714.500,    -0.113159,     1.513489,     0.009320,
  1714.550,    -0.138149,     1.197705,     0.002577,
  1714.600,    -0.096543,     0.856871,     0.008951,
  1714.650,    -0.006374,     0.634544,     0.011694,
  1714.700,     0.169160,     0.617475,     0.005715,
  1714.750,     0.337757,     0.725275,     0.002993,
  1714.800,     0.415518,     0.924123,     0.007805,
  1714.850,     0.497115,     1.106387,     0.007624,
  1714.900,     0.462763,     1.103005,     0.007931,
  1714.950,     0.431441,     0.913411,     0.001546,
  1715.000,     0.321852,     0.530180,    -0.001039,
  1715.050,     0.153620,     0.134683,    -0.002586,
  1715.100,     0.022897,    -0.269910,    -0.000889,
  1715.150,    -0.057754,    -0.557224,    -0.004857,
  1715.200,    -0.042581,    -0.683033,    -0.000314,
  1715.250,    -0.003148,    -0.571705,    -0.005023,
  1715.300,     0.058580,    -0.304670,    -0.001129,
  1715.350,     0.190896,     0.078485,    -0.003625,
  1715.400,     0.385022,     0.538393,    -0.007285,
  1715.450,     0.538082,     1.028427,    -0.007148,
  1715.500,     0.628732,     1.502242,     0.001988,
  1715.550,     0.617001,     1.844738,     0.003115,
  1715.600,     0.506758,     1.933996,    -0.000934,
  1715.650,     0.379268,     1.728565,     0.004236,
  1715.700,     0.188325,     1.229859,     0.004017,
  1715.750,    -0.004348,     0.540926,     0.004240,
  1715.800,    -0.028884,    -0.165826,     0.010228,
  1715.850,     0.032269,    -0.740224,     0.011116,
  1715.900,     0.193987,    -1.057480,     0.009012,
  1715.950,     0.411737,    -1.035766,     0.007574,
  1716.000,     0.638794,    -0.629646,     0.014256,
  1716.050,     0.756823,     0.073212,     0.005349,
  1716.100,     0.839997,     0.854730,    -0.000664,
  1716.150,     0.849123,     1.581930,    -0.003633,
  1716.200,     0.792222,     2.064901,    -0.001251,
  1716.250,     0.622328,     2.253151,    -0.001200,
  1716.300,     0.447643,     2.119534,     0.005563,
  1716.350,     0.253659,     1.736978,    -0.006135,
  1716.400,     0.157731,     1.250300,    -0.002123,
  1716.450,     0.116828,     0.746373,    -0.001801,
  1716.500,     0.181350,     0.391037,    -0.002854,
  1716.550,     0.377421,     0.223613,    -0.003910,
  1716.600,     0.628683,     0.227837,     0.004425,
  1716.650,     0.908504,     0.283777,    -0.002219,
  1716.700,     1.138813,     0.363875,     0.004279,
  1716.750,     1.257199,     0.414411,     0.003342,
  1716.800,     1.223274,     0.382238,     0.000823,
  1716.850,     1.054172,     0.386000,     0.012446,
  1716.900,     0.793938,     0.413724,     0.001040,
  1716.950,     0.491216,     0.532464,     0.012225,
  1717.000,     0.257326,     0.767610,     0.003504,
  1717.050,     0.079029,     1.103108,     0.009556,
  1717.100,     0.065916,     1.447134,    -0.006553,
  1717.150,     0.141891,     1.758704,     0.005129,
  1717.200,     0.281616,     1.913312,     0.000717,
  1717.250,     0.431022,     1.989301,     0.007545,
  1717.300,     0.531651,     1.956454,     0.005341,
  1717.350,     0.526016,     1.767766,    -0.001298,
  1717.400,     0.443213,     1.530295,    -0.002453,
  1717.450,     0.333885,     1.168417,     0.004918,
  1717.500,     0.219348,     0.812636,     0.006683,
  1717.550,     0.151422,     0.407275,     0.005028,
  1717.600,     0.128298,     0.038021,    -0.003274,
  1717.650,     0.135152,    -0.290806,    -0.001823,
  1717.700,     0.209596,    -0.475594,    -0.007494,
  1717.750,     0.333782,    -0.410213,     0.003658,
  1717.800,     0.463768,    -0.052088,     0.002426,
  1717.850,     0.567683,     0.457475,    -0.002895,
  1717.900,     0.563295,     0.988306,     0.005597,
  1717.950,     0.476518,     1.415740,     0.010552,
  1718.000,     0.371787,     1.668179,     0.004781,
  1718.050,     0.175599,     1.705765,     0.004187,
  1718.100,    -0.084927,     1.583977,     0.001276,
  1718.150,    -0.335480,     1.329943,     0.001899,
  1718.200,    -0.488105,     1.036802,     0.000944,
  1718.250,    -0.529977,     0.768220,     0.003971,
  1718.300,    -0.382421,     0.553401,    -0.000010,
  1718.350,    -0.141453,     0.472896,     0.004123,
  1718.400,     0.177774,     0.491900,    -0.000107,
  1718.450,     0.484342,     0.624468,     0.004719,
  1718.500,     0.644879,     0.761028,     0.001956,
  1718.550,     0.735580,     0.885877,     0.002171,
  1718.600,     0.680427,     0.965360,     0.004476,
  1718.650,     0.538603,     1.019752,     0.006640,
  1718.700,     0.346472,     1.055398,     0.006338,
  1718.750,     0.245945,     1.122704,     0.006227,
  1718.800,     0.258220,     1.344286,    -0.000702,
  1718.850,     0.424930,     1.613377,     0.004174,
  1718.900,     0.666154,     1.994283,    -0.006515,
  1718.950,     0.907847,     2.344918,     0.000110,
  1719.000,     1.111321,     2.580013,    -0.002342,
  1719.050,     1.203116,     2.720220,    -0.001871,
  1719.100,     1.155625,     2.634843,    -0.000485,
  1719.150,     1.055893,     2.351094,    -0.000168,
  1719.200,     0.948020,     1.910511,    -0.002508,
  1719.250,     0.861690,     1.332618,     0.002180,
  1719.300,     0.868350,     0.717710,     0.001817,
  1719.350,     0.943431,     0.149211,     0.006515,
  1719.400,     1.101681,    -0.231224,     0.006008,
  1719.450,     1.282179,    -0.365955,     0.003457,
  1719.500,     1.445217,    -0.252983,     0.003900,
  1719.550,     1.500611,     0.065889,     0.002278,
  1719.600,     1.520407,     0.584058,     0.001716,
  1719.650,     1.449149,     1.177586,    -0.000015,
  1719.700,     1.291957,     1.803306,     0.004569,
  1719.750,     0.975210,     2.287425,     0.006030,
  1719.800,     0.536216,     2.540220,     0.003098,
  1719.850,     0.024943,     2.506058,     0.000388,
  1719.900,    -0.462693,     2.308830,     0.001013,
  1719.950,    -0.787878,     1.970036,     0.000623,
  1720.000,    -0.949795,     1.608460,    -0.007153,

