Time_abs/ps, Signal 1/nA, Ref.signal 1/nA, Signal 2/nA, Ref.signal 2/nA
  1600.000,     0.016791,     0.007615,    -0.006348,
  1600.050,    -0.007433,    -0.004646,     0.001326,
  1600.100,     0.005045,     0.011497,     0.002172,
  1600.150,     0.003839,    -0.005388,     0.000602,
  1600.200,    -0.018241,    -0.009079,     0.002248,
  1600.250,    -0.019565,    -0.022884,    -0.002944,
  1600.300,     0.003283,    -0.011605,     0.004588,
  1600.350,    -0.008499,     0.000561,     0.001288,
  1600.400,    -0.011571,     0.010459,     0.000087,
  1600.450,    -0.018105,     0.008771,     0.003467,
  1600.500,     0.015984,    -0.000034,     0.001748,
  1600.550,     0.017902,    -0.009125,     0.009793,
  1600.600,     0.010485,    -0.021215,     0.005638,
  1600.650,    -0.006533,    -0.028924,     0.007584,
  1600.700,    -0.013418,    -0.024922,     0.003051,
  1600.750,     0.006871,    -0.033412,    -0.000501,
  1600.800,    -0.014797,    -0.027306,     0.006409,
  1600.850,    -0.011907,    -0.001638,     0.000483,
  1600.900,    -0.007107,    -0.017430,     0.000357,
  1600.950,    -0.007890,    -0.006954,     0.007533,
  1601.000,    -0.033726,    -0.025601,    -0.003922,
  1601.050,    -0.011835,    -0.025349,     0.000068,
  1601.100,    -0.021472,    -0.009534,     0.005085,
  1601.150,    -0.008178,    -0.028449,    -0.006595,
  1601.200,    -0.025979,    -0.018410,    -0.002896,
  1601.250,    -0.046465,    -0.022588,     0.001008,
  1601.300,    -0.014131,    -0.037640,     0.001523,
  1601.350,    -0.015244,    -0.024145,    -0.005845,
  1601.400,    -0.002465,    -0.019708,    -0.001967,
  1601.450,    -0.021218,    -0.036830,    -0.004255,
  1601.500,    -0.010642,    -0.020360,     0.000749,
  1601.550,    -0.020364,    -0.021295,    -0.002977,
  1601.600,    -0.006420,    -0.019094,     0.001307,
  1601.650,     0.004900,    -0.038961,     0.000723,
  1601.700,     0.006912,    -0.039712,     0.007356,
  1601.750,    -0.006986,    -0.046448,     0.006730,
  1601.800,    -0.000781,    -0.049859,     0.007119,
  1601.850,    -0.018558,    -0.056273,     0.008845,
  1601.900,    -0.022431,    -0.066449,     0.003478,
  1601.950,    -0.009496,    -0.072077,    -0.000617,
  1602.000,    -0.011147,    -0.063971,     0.008839,
  1602.050,    -0.007351,    -0.049452,     0.001020,
  1602.100,    -0.005317,    -0.059367,     0.005807,
  1602.150,    -0.016648,    -0.063293,    -0.001203,
  1602.200,    -0.005305,    -0.057947,     0.006541,
  1602.250,    -0.002929,    -0.047525,     0.003397,
  1602.300,    -0.028235,    -0.066134,     0.000448,
  1602.350,    -0.016066,    -0.074133,     0.002748,
  1602.400,    -0.016036,    -0.077379,     0.008861,
  1602.450,     0.002542,    -0.060169,    -0.001850,
  1602.500,    -0.011176,    -0.080268,     0.000718,
  1602.550,    -0.016577,    -0.067907,     0.004071,
  1602.600,    -0.011521,    -0.099132,    -0.003157,
  1602.650,    -0.015773,    -0.079462,    -0.001458,
  1602.700,    -0.023772,    -0.061615,    -0.000903,
  1602.750,    -0.015686,    -0.055587,    -0.000186,
  1602.800,    -0.023526,    -0.049285,    -0.000130,
  1602.850,     0.001771,    -0.061351,    -0.005346,
  1602.900,    -0.009265,    -0.051576,    -0.003088,
  1602.950,    -0.006751,    -0.030425,     0.003225,
  1603.000,    -0.026988,    -0.045516,     0.000885,
  1603.050,    -0.015996,    -0.046597,     0.004419,
  1603.100,    -0.027982,    -0.041525,     0.004027,
  1603.150,     0.002848,    -0.058770,     0.005126,
  1603.200,    -0.017877,    -0.067038,     0.003666,
  1603.250,     0.003886,    -0.060943,     0.005285,
  1603.300,    -0.014501,    -0.046130,     0.005471,
  1603.350,    -0.007042,    -0.044856,     0.008356,
  1603.400,     0.012545,    -0.048941,     0.002888,
  1603.450,    -0.001460,    -0.057768,     0.005592,
  1603.500,     0.000724,    -0.061647,     0.009246,
  1603.550,    -0.008306,    -0.072860,     0.008400,
  1603.600,    -0.004656,    -0.050958,     0.004064,
  1603.650,     0.010315,    -0.058043,     0.003498,
  1603.700,    -0.010980,    -0.046480,     0.008733,
  1603.750,     0.000690,    -0.039911,     0.005695,
  1603.800,     0.012512,    -0.055079,     0.006569,
  1603.850,    -0.005312,    -0.055890,     0.004922,
  1603.900,     0.012826,    -0.060794,     0.004863,
  1603.950,    -0.010835,    -0.056321,     0.002062,
  1604.000,    -0.006046,    -0.053461,     0.001723,
  1604.050,     0.010961,    -0.061511,     0.003893,
  1604.100,    -0.011835,    -0.073083,     0.003279,
  1604.150,    -0.002280,    -0.058812,     0.004997,
  1604.200,    -0.008868,    -0.056921,    -0.000023,
  1604.250,    -0.021912,    -0.052816,     0.000339,
  1604.300,    -0.004710,    -0.051204,     0.003496,
  1604.350,    -0.008205,    -0.050098,    -0.009565,
  1604.400,    -0.003180,    -0.051308,    -0.004132,
  1604.450,     0.003134,    -0.055452,    -0.001453,
  1604.500,     0.000347,    -0.068069,    -0.002751,
  1604.550,     0.001873,    -0.050001,    -0.000640,
  1604.600,    -0.013165,    -0.060544,     0.002634,
  1604.650,     0.001024,    -0.066102,    -0.000321,
  1604.700,    -0.000623,    -0.067510,     0.002149,
  1604.750,     0.020479,    -0.069713,     0.000804,
  1604.800,     0.014872,    -0.075049,     0.005413,
  1604.850,     0.003951,    -0.068252,    -0.000818,
  1604.900,    -0.002191,    -0.068048,     0.004571,
  1604.950,     0.021819,    -0.057182,     0.002748,
  1605.000,     0.004076,    -0.074073,     0.002528,
  1605.050,     0.015110,    -0.073767,     0.004842,
  1605.100,     0.016033,    -0.058804,     0.006986,
  1605.150,     0.014636,    -0.074817,     0.002692,
  1605.200,     0.014088,    -0.054424,     0.004858,
  1605.250,     0.004350,    -0.059604,     0.003477,
  1605.300,     0.001194,    -0.073760,     0.004540,
  1605.350,     0.014322,    -0.080658,     0.003053,
  1605.400,     0.015296,    -0.064059,     0.000768,
  1605.450,     0.012839,    -0.066206,     0.004568,
  1605.500,     0.014746,    -0.061892,    -0.000114,
  1605.550,     0.010612,    -0.056416,     0.003303,
  1605.600,     0.008413,    -0.060449,     0.005766,
  1605.650,    -0.003084,    -0.062375,     0.005211,
  1605.700,     0.009128,    -0.064690,     0.009302,
  1605.750,     0.015801,    -0.067201,     0.011252,
  1605.800,    -0.006025,    -0.053317,     0.005630,
  1605.850,     0.006360,    -0.075328,     0.004085,
  1605.900,     0.004812,    -0.081720,     0.001668,
  1605.950,     0.000531,    -0.084957,     0.007379,
  1606.000,     0.002227,    -0.063255,     0.003855,
  1606.050,     0.017617,    -0.061329,     0.002716,
  1606.100,     0.013437,    -0.043735,     0.004381,
  1606.150,     0.009619,    -0.050841,     0.003697,
  1606.200,     0.025264,    -0.062682,     0.002800,
  1606.250,     0.009645,    -0.048538,    -0.001025,
  1606.300,     0.010079,    -0.051206,    -0.003202,
  1606.350,    -0.001468,    -0.056931,     0.003348,
  1606.400,    -0.002267,    -0.061721,     0.002747,
  1606.450,     0.000971,    -0.077838,    -0.002569,
  1606.500,    -0.001392,    -0.075351,    -0.002269,
  1606.550,     0.007780,    -0.045355,     0.006544,
  1606.600,     0.019170,    -0.075436,     0.002458,
  1606.650,     0.026363,    -0.075216,    -0.000397,
  1606.700,     0.027076,    -0.067222,    -0.001303,
  1606.750,     0.044308,    -0.063340,    -0.000274,
  1606.800,     0.027074,    -0.069187,     0.001403,
  1606.850,     0.026080,    -0.065506,     0.004676,
  1606.900,     0.046817,    -0.051772,     0.002434,
  1606.950,     0.027909,    -0.049198,    -0.000188,
  1607.000,     0.027256,    -0.044549,    -0.003934,
  1607.050,     0.043722,    -0.057717,     0.003825,
  1607.100,     0.032573,    -0.057853,     0.005786,
  1607.150,     0.012930,    -0.075347,     0.003984,
  1607.200,     0.017393,    -0.075670,     0.001312,
  1607.250,     0.024025,    -0.067853,     0.003180,
  1607.300,     0.047395,    -0.065862,     0.004191,
  1607.350,     0.041864,    -0.091792,     0.005521,
  1607.400,     0.034528,    -0.095613,     0.000132,
  1607.450,     0.020677,    -0.089350,     0.004501,
  1607.500,     0.025195,    -0.075400,    -0.000213,
  1607.550,     0.042210,    -0.104859,    -0.001050,
  1607.600,     0.043057,    -0.098777,     0.001462,
  1607.650,     0.014278,    -0.092790,     0.002658,
  1607.700,     0.033253,    -0.102410,     0.006577,
  1607.750,     0.021948,    -0.103796,     0.002460,
  1607.800,     0.015534,    -0.101278,     0.003329,
  1607.850,     0.027801,    -0.124529,     0.001326,
  1607.900,     0.016241,    -0.136633,    -0.001337,
  1607.950,     0.029442,    -0.124998,     0.000603,
  1608.000,     0.020881,    -0.137278,     0.000551,
  1608.050,     0.031220,    -0.131250,     0.004497,
  1608.100,     0.014584,    -0.141260,     0.004358,
  1608.150,     0.021702,    -0.161652,     0.002830,
  1608.200,    -0.005817,    -0.162870,     0.004515,
  1608.250,     0.028666,    -0.156415,     0.003069,
  1608.300,     0.047437,    -0.147483,     0.002732,
  1608.350,     0.041414,    -0.147606,     0.002020,
  1608.400,     0.031416,    -0.157783,     0.002531,
  1608.450,     0.021167,    -0.149063,     0.001539,
  1608.500,     0.030401,    -0.130967,    -0.002244,
  1608.550,     0.019871,    -0.132564,     0.001135,
  1608.600,     0.023533,    -0.131408,     0.005333,
  1608.650,     0.022216,    -0.119437,     0.000299,
  1608.700,     0.041960,    -0.132012,    -0.001274,
  1608.750,     0.026238,    -0.130531,    -0.001228,
  1608.800,     0.009737,    -0.127366,    -0.003151,
  1608.850,     0.029939,    -0.114349,    -0.003697,
  1608.900,     0.034732,    -0.118084,    -0.001939,
  1608.950,     0.030260,    -0.108535,     0.002651,
  1609.000,     0.026798,    -0.122791,     0.004364,
  1609.050,     0.023705,    -0.112637,     0.003642,
  1609.100,     0.014094,    -0.100752,     0.004489,
  1609.150,     0.004997,    -0.101737,    -0.000442,
  1609.200,     0.011761,    -0.083625,    -0.001023,
  1609.250,     0.017667,    -0.090299,    -0.000299,
  1609.300,     0.016559,    -0.092264,     0.004091,
  1609.350,     0.011286,    -0.063074,     0.005286,
  1609.400,     0.007460,    -0.072413,     0.007726,
  1609.450,     0.006534,    -0.097468,     0.008205,
  1609.500,     0.006216,    -0.062004,     0.001764,
  1609.550,     0.012861,    -0.074665,     0.002389,
  1609.600,     0.023847,    -0.082541,     0.007923,
  1609.650,     0.021221,    -0.095405,     0.005021,
  1609.700,     0.019798,    -0.072481,     0.001739,
  1609.750,    -0.002246,    -0.073364,     0.005845,
  1609.800,     0.011430,    -0.048757,     0.006521,
  1609.850,     0.015284,    -0.050317,     0.004880,
  1609.900,     0.001586,    -0.050132,     0.006931,
  1609.950,    -0.011182,    -0.052159,     0.007007,
  1610.000,    -0.015946,    -0.076507,     0.001482,
  1610.050,    -0.006325,    -0.090168,    -0.003545,
  1610.100,    -0.009215,    -0.092489,    -0.000213,
  1610.150,    -0.001997,    -0.092585,     0.007222,
  1610.200,     0.001007,    -0.087222,     0.002126,
  1610.250,    -0.024126,    -0.102442,     0.000848,
  1610.300,    -0.011630,    -0.110517,     0.000897,
  1610.350,    -0.028166,    -0.117500,     0.000267,
  1610.400,    -0.017566,    -0.123959,     0.001154,
  1610.450,     0.010673,    -0.132789,     0.006392,
  1610.500,     0.002279,    -0.137259,     0.010719,
  1610.550,    -0.005014,    -0.141640,     0.001957,
  1610.600,    -0.013076,    -0.131035,    -0.002340,
  1610.650,     0.019564,    -0.137492,     0.004451,
  1610.700,     0.000871,    -0.131505,     0.002367,
  1610.750,    -0.001936,    -0.161033,     0.004711,
  1610.800,     0.015280,    -0.172221,     0.000775,
  1610.850,     0.017045,    -0.194941,    -0.004233,
  1610.900,     0.011899,    -0.172747,    -0.003186,
  1610.950,     0.006282,    -0.179672,     0.000392,
  1611.000,     0.013650,    -0.196484,     0.003880,
  1611.050,     0.017820,    -0.217035,     0.002378,
  1611.100,     0.031912,    -0.213329,    -0.001438,
  1611.150,     0.022049,    -0.239635,     0.000986,
  1611.200,     0.024296,    -0.240099,     0.002149,
  1611.250,     0.035583,    -0.215287,     0.005044,
  1611.300,     0.027236,    -0.217257,     0.006333,
  1611.350,     0.030521,    -0.223915,     0.002361,
  1611.400,     0.033999,    -0.225158,    -0.003100,
  1611.450,     0.013188,    -0.227445,     0.006012,
  1611.500,     0.016689,    -0.219021,     0.011682,
  1611.550,     0.011843,    -0.196926,     0.006867,
  1611.600,     0.000911,    -0.221091,     0.007376,
  1611.650,    -0.008341,    -0.212736,     0.006049,
  1611.700,    -0.002266,    -0.199161,     0.003700,
  1611.750,     0.001262,    -0.192209,    -0.000566,
  1611.800,     0.000804,    -0.199529,     0.002666,
  1611.850,     0.032158,    -0.174264,     0.009216,
  1611.900,    -0.002844,    -0.168421,     0.001758,
  1611.950,    -0.013068,    -0.185613,     0.000669,
  1612.000,    -0.000255,    -0.193127,     0.001196,
  1612.050,    -0.011484,    -0.202004,     0.005867,
  1612.100,    -0.015464,    -0.203686,     0.005843,
  1612.150,    -0.021785,    -0.192196,     0.004869,
  1612.200,    -0.007137,    -0.228909,     0.000412,
  1612.250,     0.001015,    -0.217702,     0.007032,
  1612.300,    -0.012123,    -0.218946,     0.007178,
  1612.350,    -0.001716,    -0.226065,    -0.004383,
  1612.400,    -0.002599,    -0.209106,     0.002060,
  1612.450,    -0.006909,    -0.219318,     0.003772,
  1612.500,     0.001716,    -0.206316,    -0.000731,
  1612.550,     0.015445,    -0.213026,     0.002185,
  1612.600,    -0.014646,    -0.230964,    -0.000080,
  1612.650,    -0.015970,    -0.237960,     0.001705,
  1612.700,     0.004766,    -0.240506,     0.005863,
  1612.750,    -0.013647,    -0.236160,     0.002041,
  1612.800,    -0.017319,    -0.233167,    -0.006044,
  1612.850,    -0.020135,    -0.256656,    -0.002701,
  1612.900,    -0.013266,    -0.239617,     0.001190,
  1612.950,    -0.029729,    -0.245471,    -0.002712,
  1613.000,    -0.024482,    -0.262886,    -0.002384,
  1613.050,    -0.000945,    -0.251333,     0.002376,
  1613.100,     0.000948,    -0.256567,     0.000255,
  1613.150,    -0.004507,    -0.244889,     0.000594,
  1613.200,     0.008284,    -0.267568,     0.004990,
  1613.250,     0.017285,    -0.263436,     0.000892,
  1613.300,     0.017993,    -0.261406,     0.000234,
  1613.350,     0.005648,    -0.262316,    -0.000539,
  1613.400,     0.003502,    -0.263597,     0.003767,
  1613.450,     0.001700,    -0.263895,     0.004578,
  1613.500,    -0.002320,    -0.253962,     0.006714,
  1613.550,     0.037118,    -0.267384,     0.009493,
  1613.600,     0.019820,    -0.282852,     0.006652,
  1613.650,    -0.011621,    -0.294390,     0.007272,
  1613.700,    -0.008105,    -0.269291,     0.005044,
  1613.750,     0.008233,    -0.296063,     0.000230,
  1613.800,     0.017053,    -0.295676,     0.004549,
  1613.850,     0.009098,    -0.290447,     0.006702,
  1613.900,     0.006533,    -0.308364,     0.003969,
  1613.950,     0.001840,    -0.311033,     0.007314,
  1614.000,    -0.004306,    -0.298176,     0.004592,
  1614.050,    -0.007742,    -0.320096,     0.005419,
  1614.100,     0.009535,    -0.327092,     0.003143,
  1614.150,    -0.020053,    -0.336267,     0.003111,
  1614.200,    -0.019146,    -0.347295,     0.004150,
  1614.250,    -0.017651,    -0.345886,     0.004565,
  1614.300,    -0.021770,    -0.330335,     0.003505,
  1614.350,    -0.037378,    -0.335595,     0.001646,
  1614.400,    -0.025815,    -0.326397,     0.004846,
  1614.450,    -0.033604,    -0.335081,     0.002411,
  1614.500,    -0.047175,    -0.341281,     0.007420,
  1614.550,    -0.043899,    -0.341916,     0.000901,
  1614.600,    -0.030371,    -0.342900,     0.003213,
  1614.650,    -0.051595,    -0.342125,     0.002093,
  1614.700,    -0.043135,    -0.318097,    -0.000210,
  1614.750,    -0.052133,    -0.315540,     0.002954,
  1614.800,    -0.044059,    -0.298863,    -0.001510,
  1614.850,    -0.061866,    -0.298416,     0.000445,
  1614.900,    -0.047177,    -0.312369,    -0.002089,
  1614.950,    -0.068538,    -0.298750,    -0.001178,
  1615.000,    -0.077613,    -0.299329,     0.003538,
  1615.050,    -0.067317,    -0.316875,     0.000906,
  1615.100,    -0.071002,    -0.339941,     0.000709,
  1615.150,    -0.082707,    -0.354372,     0.001836,
  1615.200,    -0.074222,    -0.349586,     0.000184,
  1615.250,    -0.063363,    -0.375272,    -0.004199,
  1615.300,    -0.056361,    -0.391255,    -0.004058,
  1615.350,    -0.073047,    -0.412063,    -0.000491,
  1615.400,    -0.055638,    -0.422098,    -0.005277,
  1615.450,    -0.059940,    -0.408363,     0.001143,
  1615.500,    -0.076887,    -0.404922,     0.007584,
  1615.550,    -0.063699,    -0.411461,    -0.003068,
  1615.600,    -0.083655,    -0.401083,    -0.000766,
  1615.650,    -0.095115,    -0.408784,    -0.001267,
  1615.700,    -0.085901,    -0.415894,     0.003362,
  1615.750,    -0.087435,    -0.406058,     0.001095,
  1615.800,    -0.071470,    -0.429032,    -0.002646,
  1615.850,    -0.049825,    -0.454615,     0.003647,
  1615.900,    -0.058156,    -0.455064,     0.003207,
  1615.950,    -0.047471,    -0.455368,     0.003047,
  1616.000,    -0.053463,    -0.466990,     0.003550,
  1616.050,    -0.066385,    -0.474880,     0.002352,
  1616.100,    -0.066843,    -0.480263,     0.002091,
  1616.150,    -0.076122,    -0.480738,     0.003504,
  1616.200,    -0.080187,    -0.476577,     0.003259,
  1616.250,    -0.076216,    -0.483261,     0.006732,
  1616.300,    -0.079506,    -0.490949,     0.002858,
  1616.350,    -0.073729,    -0.490765,     0.008103,
  1616.400,    -0.078808,    -0.495713,     0.010007,
  1616.450,    -0.065753,    -0.492477,     0.005975,
  1616.500,    -0.081318,    -0.503176,     0.004907,
  1616.550,    -0.101674,    -0.526755,     0.004951,
  1616.600,    -0.079895,    -0.506274,     0.006900,
  1616.650,    -0.072160,    -0.492097,     0.007268,
  1616.700,    -0.075304,    -0.494707,     0.006782,
  1616.750,    -0.092029,    -0.491688,     0.004590,
  1616.800,    -0.082808,    -0.491173,     0.001407,
  1616.850,    -0.089171,    -0.493725,     0.000322,
  1616.900,    -0.087802,    -0.487156,     0.005815,
  1616.950,    -0.076187,    -0.489569,     0.003025,
  1617.000,    -0.075119,    -0.506868,     0.000729,
  1617.050,    -0.078754,    -0.487291,     0.003411,
  1617.100,    -0.087308,    -0.474220,     0.006471,
  1617.150,    -0.079275,    -0.483483,    -0.000120,
  1617.200,    -0.086062,    -0.473541,     0.004387,
  1617.250,    -0.099145,    -0.474562,     0.003399,
  1617.300,    -0.097702,    -0.456456,    -0.000556,
  1617.350,    -0.101226,    -0.446705,    -0.000795,
  1617.400,    -0.086439,    -0.459078,     0.001564,
  1617.450,    -0.087234,    -0.445847,    -0.005313,
  1617.500,    -0.110075,    -0.438835,    -0.003377,
  1617.550,    -0.109208,    -0.433537,     0.005999,
  1617.600,    -0.093682,    -0.436497,     0.007523,
  1617.650,    -0.103853,    -0.418269,    -0.000811,
  1617.700,    -0.125923,    -0.416141,    -0.002479,
  1617.750,    -0.111087,    -0.407228,    -0.000759,
  1617.800,    -0.120671,    -0.401720,     0.001502,
  1617.850,    -0.121504,    -0.380863,     0.002704,
  1617.900,    -0.119596,    -0.371745,     0.000506,
  1617.950,    -0.117665,    -0.338327,     0.006905,
  1618.000,    -0.121031,    -0.281234,     0.006491,
  1618.050,    -0.146273,    -0.232384,     0.005012,
  1618.100,    -0.139588,    -0.193871,    -0.000447,
  1618.150,    -0.128578,    -0.161821,    -0.002495,
  1618.200,    -0.132529,    -0.119875,    -0.002880,
  1618.250,    -0.138357,    -0.077524,    -0.001234,
  1618.300,    -0.148152,    -0.071774,    -0.000204,
  1618.350,    -0.155762,    -0.087374,     0.002314,
  1618.400,    -0.149078,    -0.196099,     0.005883,
  1618.450,    -0.156694,    -0.348139,    -0.001714,
  1618.500,    -0.147470,    -0.610612,    -0.002776,
  1618.550,    -0.153839,    -0.952923,     0.003686,
  1618.600,    -0.146501,    -1.333053,     0.004314,
  1618.650,    -0.155949,    -1.743931,     0.001285,
  1618.700,    -0.138600,    -2.126887,     0.000738,
  1618.750,    -0.137284,    -2.394161,     0.002337,
  1618.800,    -0.141673,    -2.457728,     0.004913,
  1618.850,    -0.150177,    -2.309845,     0.006013,
  1618.900,    -0.151985,    -1.995652,     0.008195,
  1618.950,    -0.154847,    -1.602009,     0.002501,
  1619.000,    -0.161296,    -1.184876,    -0.002969,
  1619.050,    -0.150668,    -0.797805,     0.002170,
  1619.100,    -0.151056,    -0.520714,     0.006514,
  1619.150,    -0.185512,    -0.297820,     0.007347,
  1619.200,    -0.190472,    -0.164513,    -0.000767,
  1619.250,    -0.193835,    -0.133796,     0.001578,
  1619.300,    -0.194663,    -0.141140,     0.002485,
  1619.350,    -0.179335,    -0.189173,     0.005857,
  1619.400,    -0.191454,    -0.272831,     0.006900,
  1619.450,    -0.187158,    -0.366149,     0.007116,
  1619.500,    -0.173943,    -0.414662,     0.005105,
  1619.550,    -0.184435,    -0.486669,     0.005739,
  1619.600,    -0.189450,    -0.532702,     0.003453,
  1619.650,    -0.197094,    -0.559336,     0.004321,
  1619.700,    -0.198342,    -0.580338,     0.011752,
  1619.750,    -0.195713,    -0.589772,     0.006442,
  1619.800,    -0.180577,    -0.591029,     0.006820,
  1619.850,    -0.180439,    -0.607447,     0.004080,
  1619.900,    -0.191849,    -0.624791,     0.003230,
  1619.950,    -0.205609,    -0.651564,     0.004834,
  1620.000,    -0.198465,    -0.699427,     0.000946,
  1620.050,    -0.200684,    -0.712156,     0.003203,
  1620.100,    -0.212081,    -0.740053,     0.007768,
  1620.150,    -0.205702,    -0.779035,     0.006738,
  1620.200,    -0.216633,    -0.777557,     0.004136,
  1620.250,    -0.212896,    -0.783301,     0.002498,
  1620.300,    -0.197504,    -0.795376,     0.002528,
  1620.350,    -0.206008,    -0.762885,     0.002949,
  1620.400,    -0.201276,    -0.756703,    -0.000027,
  1620.450,    -0.198315,    -0.755122,    -0.001169,
  1620.500,    -0.214749,    -0.759587,    -0.000878,
  1620.550,    -0.217499,    -0.770126,    -0.003796,
  1620.600,    -0.216257,    -0.762379,    -0.002800,
  1620.650,    -0.230692,    -0.799293,     0.001035,
  1620.700,    -0.218535,    -0.826538,     0.001857,
  1620.750,    -0.219777,    -0.825007,    -0.000650,
  1620.800,    -0.217126,    -0.836559,     0.002695,
  1620.850,    -0.226606,    -0.864981,     0.004093,
  1620.900,    -0.218215,    -0.872562,     0.000838,
  1620.950,    -0.224914,    -0.863349,    -0.001310,
  1621.000,    -0.196850,    -0.892779,    -0.001952,
  1621.050,    -0.174344,    -0.900679,    -0.000775,
  1621.100,    -0.191722,    -0.903279,     0.002458,
  1621.150,    -0.211772,    -0.929399,     0.003996,
  1621.200,    -0.192426,    -0.946151,     0.000933,
  1621.250,    -0.181444,    -0.973433,     0.004413,
  1621.300,    -0.199073,    -1.002156,     0.004019,
  1621.350,    -0.185041,    -1.031033,     0.005267,
  1621.400,    -0.176445,    -1.055723,     0.001158,
  1621.450,    -0.170239,    -1.082439,     0.001219,
  1621.500,    -0.168949,    -1.040745,     0.003437,
  1621.550,    -0.159038,    -1.007067,     0.001697,
  1621.600,    -0.144399,    -0.969472,     0.004701,
  1621.650,    -0.152545,    -0.923275,     0.006359,
  1621.700,    -0.144525,    -0.868363,     0.003527,
  1621.750,    -0.134377,    -0.839668,     0.003478,
  1621.800,    -0.122574,    -0.839075,     0.007278,
  1621.850,    -0.118501,    -0.835832,     0.005899,
  1621.900,    -0.090806,    -0.868083,     0.008814,
  1621.950,    -0.091076,    -0.905803,     0.016078,
  1622.000,    -0.085328,    -0.925178,     0.011000,
  1622.050,    -0.072450,    -0.925425,     0.004494,
  1622.100,    -0.036007,    -0.933014,     0.005496,
  1622.150,    -0.007878,    -0.943333,     0.005996,
  1622.200,    -0.003315,    -0.946160,     0.006000,
  1622.250,     0.003864,    -0.947706,     0.003880,
  1622.300,    -0.025149,    -0.936598,     0.008639,
  1622.350,    -0.086876,    -0.911204,     0.011114,
  1622.400,    -0.174853,    -0.902913,     0.009885,
  1622.450,    -0.318065,    -0.885350,     0.002581,
  1622.500,    -0.499201,    -0.852988,    -0.003746,
  1622.550,    -0.719203,    -0.809969,     0.005105,
  1622.600,    -0.947920,    -0.785377,     0.007137,
  1622.650,    -1.107419,    -0.742969,     0.001825,
  1622.700,    -1.170321,    -0.686576,     0.000992,
  1622.750,    -1.126157,    -0.613374,     0.000241,
  1622.800,    -0.981621,    -0.510101,    -0.000003,
  1622.850,    -0.734752,    -0.403846,     0.002028,
  1622.900,    -0.457818,    -0.275957,    -0.001233,
  1622.950,    -0.216094,    -0.136301,     0.000352,
  1623.000,    -0.040663,    -0.013895,     0.003078,
  1623.050,     0.083293,     0.097326,     0.004790,
  1623.100,     0.149909,     0.115637,     0.000619,
  1623.150,     0.174111,     0.008123,    -0.000049,
  1623.200,     0.147780,    -0.326249,    -0.000815,
  1623.250,     0.092679,    -1.001347,    -0.000876,
  1623.300,     0.033935,    -2.122518,    -0.004963,
  1623.350,    -0.041820,    -3.843026,    -0.010639,
  1623.400,    -0.133952,    -6.190226,    -0.003906,
  1623.450,    -0.172476,    -9.079033,    -0.000995,
  1623.500,    -0.202484,   -12.222148,    -0.006265,
  1623.550,    -0.238968,   -15.132563,    -0.008661,
  1623.600,    -0.256092,   -17.125555,    -0.007465,
  1623.650,    -0.245924,   -17.493563,    -0.002267,
  1623.700,    -0.243714,   -15.827166,    -0.004573,
  1623.750,    -0.258405,   -12.123533,    -0.003661,
  1623.800,    -0.243451,    -6.997025,     0.000844,
  1623.850,    -0.241807,    -1.427215,     0.001599,
  1623.900,    -0.266027,     3.484423,    -0.001907,
  1623.950,    -0.265238,     6.934489,    -0.001557,
  1624.000,    -0.281532,     8.513791,     0.010229,
  1624.050,    -0.290435,     8.337132,     0.008239,
  1624.100,    -0.304509,     6.748450,     0.005395,
  1624.150,    -0.311597,     4.178412,     0.007708,
  1624.200,    -0.317930,     1.205607,     0.003189,
  1624.250,    -0.327854,    -1.618595,     0.005030,
  1624.300,    -0.304657,    -3.847212,     0.007499,
  1624.350,    -0.277637,    -5.274983,     0.005831,
  1624.400,    -0.267432,    -5.999073,     0.006097,
  1624.450,    -0.275710,    -6.210488,     0.007231,
  1624.500,    -0.270308,    -6.037645,     0.009653,
  1624.550,    -0.256793,    -5.448199,     0.005693,
  1624.600,    -0.277028,    -4.513717,     0.006693,
  1624.650,    -0.306526,    -3.507028,     0.003915,
  1624.700,    -0.281637,    -2.713990,     0.003046,
  1624.750,    -0.299294,    -2.169706,     0.009545,
  1624.800,    -0.316199,    -1.805950,     0.004292,
  1624.850,    -0.290758,    -1.469886,     0.001915,
  1624.900,    -0.301258,    -1.140785,     0.004403,
  1624.950,    -0.310420,    -0.812284,     0.003819,
  1625.000,    -0.315428,    -0.407357,     0.002809,
  1625.050,    -0.310933,     0.132472,     0.004273,
  1625.100,    -0.306529,     0.838794,     0.002038,
  1625.150,    -0.327212,     1.727241,     0.000962,
  1625.200,    -0.356499,     2.765705,     0.003881,
  1625.250,    -0.359909,     3.889177,     0.000704,
  1625.300,    -0.354513,     5.077292,     0.000205,
  1625.350,    -0.379388,     6.273234,     0.003861,
  1625.400,    -0.369429,     7.478472,    -0.000049,
  1625.450,    -0.360071,     8.746009,     0.003151,
  1625.500,    -0.324774,    10.060120,     0.002847,
  1625.550,    -0.283789,    11.467869,    -0.000611,
  1625.600,    -0.253903,    13.071246,     0.003279,
  1625.650,    -0.231890,    14.898890,     0.006419,
  1625.700,    -0.216062,    17.010325,    -0.005493,
  1625.750,    -0.257970,    19.501218,    -0.002215,
  1625.800,    -0.269954,    22.428147,     0.003619,
  1625.850,    -0.285922,    25.822997,     0.001210,
  1625.900,    -0.296426,    29.700968,     0.003951,
  1625.950,    -0.319600,    34.164119,     0.002964,
  1626.000,    -0.314347,    39.328189,     0.003912,
  1626.050,    -0.324081,    45.320874,    -0.000114,
  1626.100,    -0.325823,    52.213222,    -0.002621,
  1626.150,    -0.319367,    60.173804,    -0.002846,
  1626.200,    -0.305705,    69.234329,    -0.001608,
  1626.250,    -0.309893,    79.317423,    -0.001154,
  1626.300,    -0.288378,    90.147328,     0.002173,
  1626.350,    -0.260492,   101.149397,     0.000137,
  1626.400,    -0.252329,   111.240914,     0.005430,
  1626.450,    -0.249727,   118.577158,     0.005946,
  1626.500,    -0.230600,   120.330037,     0.001314,
  1626.550,    -0.220696,   112.301036,    -0.004396,
  1626.600,    -0.209681,    88.936240,    -0.001809,
  1626.650,    -0.179957,    43.654300,     0.002656,
  1626.700,    -0.152931,   -30.080523,     0.000308,
  1626.750,    -0.110369,  -136.599317,     0.002924,
  1626.800,    -0.050764,  -275.383844,     0.002215,
  1626.850,     0.018965,  -438.202199,     0.001243,
  1626.900,     0.072770,  -607.466873,    -0.007923,
  1626.950,     0.119060,  -756.832510,     0.000541,
  1627.000,     0.158896,  -853.304042,     0.002815,
  1627.050,     0.153531,  -863.652525,     0.001509,
  1627.100,     0.067425,  -767.964910,     0.002040,
  1627.150,    -0.149815,  -573.556554,     0.004468,
  1627.200,    -0.528983,  -314.836492,     0.007346,
  1627.250,    -1.148096,   -38.717001,     0.006098,
  1627.300,    -2.069267,   213.204124,     0.006106,
  1627.350,    -3.303194,   414.370761,     0.006923,
  1627.400,    -4.778790,   551.418659,     0.007657,
  1627.450,    -6.259023,   618.154752,     0.011294,
  1627.500,    -7.482406,   615.650001,     0.008613,
  1627.550,    -8.082091,   555.920794,    -0.000255,
  1627.600,    -7.697909,   461.606808,     0.003165,
  1627.650,    -6.120589,   358.092630,     0.009301,
  1627.700,    -3.521325,   262.795631,     0.007944,
  1627.750,    -0.341128,   181.288099,     0.006047,
  1627.800,     2.773976,   113.143369,     0.006960,
  1627.850,     5.159615,    59.884677,     0.010360,
  1627.900,     6.378076,    26.164406,     0.008971,
  1627.950,     6.429201,    13.388737,     0.007070,
  1628.000,     5.476792,    14.807836,     0.003355,
  1628.050,     3.845883,    19.605023,     0.008364,
  1628.100,     1.904496,    20.976186,     0.007382,
  1628.150,    -0.066399,    18.573325,     0.000212,
  1628.200,    -1.720025,    13.737354,    -0.002045,
  1628.250,    -2.802377,     6.294082,    -0.004335,
  1628.300,    -3.304889,    -3.942722,     0.001665,
  1628.350,    -3.326046,   -15.291041,    -0.002288,
  1628.400,    -3.095654,   -25.115936,    -0.003500,
  1628.450,    -2.711350,   -31.509963,    -0.001610,
  1628.500,    -2.115758,   -33.304194,    -0.005124,
  1628.550,    -1.398529,   -29.992888,    -0.007044,
  1628.600,    -0.732429,   -22.742302,    -0.004237,
  1628.650,    -0.241186,   -14.414926,     0.000765,
  1628.700,    -0.013840,    -7.483234,    -0.005623,
  1628.750,     0.096298,    -2.984859,    -0.004418,
  1628.800,     0.188239,    -1.164252,    -0.009075,
  1628.850,     0.283480,    -2.118112,    -0.006374,
  1628.900,     0.386974,    -5.174189,    -0.004196,
  1628.950,     0.508895,    -9.286403,    -0.006290,
  1629.000,     0.742912,   -13.634145,    -0.000400,
  1629.050,     1.034990,   -17.083424,     0.003274,
  1629.100,     1.434726,   -18.429742,    -0.002443,
  1629.150,     1.913422,   -17.405915,    -0.002753,
  1629.200,     2.414791,   -14.983355,     0.001494,
  1629.250,     2.941088,   -11.998510,     0.000697,
  1629.300,     3.405174,    -8.593464,     0.006076,
  1629.350,     3.818102,    -5.354663,     0.006190,
  1629.400,     4.248185,    -3.324842,     0.006018,
  1629.450,     4.689230,    -2.418323,     0.005115,
  1629.500,     5.166199,    -1.744800,     0.002350,
  1629.550,     5.724055,    -1.435813,     0.011133,
  1629.600,     6.404685,    -2.146204,     0.010276,
  1629.650,     7.221157,    -3.579164,     0.001379,
  1629.700,     8.201053,    -5.007354,     0.000495,
  1629.750,     9.401014,    -6.289650,     0.006680,
  1629.800,    10.799804,    -7.321848,     0.007336,
  1629.850,    12.378892,    -7.916487,     0.007358,
  1629.900,    14.251305,    -8.401538,     0.006244,
  1629.950,    16.415946,    -9.063405,     0.008791,
  1630.000,    18.903973,    -9.528301,     0.007012,
  1630.050,    21.824890,    -9.995554,     0.002140,
  1630.100,    25.185429,   -11.552468,     0.006348,
  1630.150,    29.069132,   -14.581446,     0.007219,
  1630.200,    33.357819,   -18.110098,     0.003410,
  1630.250,    37.859142,   -21.159664,     0.003037,
  1630.300,    42.320340,   -23.552278,     0.002593,
  1630.350,    46.123722,   -25.200944,    -0.000567,
  1630.400,    48.293665,   -25.526302,    -0.002013,
  1630.450,    47.330537,   -23.619052,    -0.001431,
  1630.500,    41.068863,   -18.819349,     0.001669,
  1630.550,    26.681586,   -11.499617,     0.007328,
  1630.600,     0.912423,    -3.149112,     0.009568,
  1630.650,   -39.410648,     4.452853,     0.008980,
  1630.700,   -96.082096,    10.046533,     0.012047,
  1630.750,  -167.935308,    13.060233,     0.012014,
  1630.800,  -249.236479,    13.620158,     0.012833,
  1630.850,  -328.575461,    12.157680,     0.012251,
  1630.900,  -389.387470,     9.274574,     0.008125,
  1630.950,  -412.751334,     5.856123,     0.005170,
  1631.000,  -383.455981,     2.993944,    -0.002365,
  1631.050,  -297.251880,     1.406954,     0.000986,
  1631.100,  -165.179910,     1.309775,     0.009063,
  1631.150,   -10.657527,     2.395546,     0.004711,
  1631.200,   138.925316,     3.763499,    -0.000046,
  1631.250,   261.107599,     4.322650,     0.001080,
  1631.300,   342.429012,     3.926636,    -0.001275,
  1631.350,   378.206875,     3.166550,    -0.008530,
  1631.400,   370.501478,     2.265575,    -0.013154,
  1631.450,   326.525043,     1.160862,    -0.011776,
  1631.500,   258.092080,     0.170592,    -0.010915,
  1631.550,   180.494172,    -0.376537,    -0.010019,
  1631.600,   108.417501,    -0.448203,    -0.010971,
  1631.650,    50.344245,    -0.184167,    -0.006627,
  1631.700,     7.102791,     0.207198,    -0.004763,
  1631.750,   -24.246850,     0.439720,    -0.002143,
  1631.800,   -44.579108,     0.576219,    -0.001332,
  1631.850,   -51.947306,     0.828175,     0.000645,
  1631.900,   -46.563721,     1.151283,     0.006107,
  1631.950,   -34.057617,     1.302174,     0.009025,
  1632.000,   -22.188148,     1.393799,     0.010062,
  1632.050,   -15.113157,     1.363982,     0.010684,
  1632.100,   -12.218408,     0.892051,     0.013803,
  1632.150,   -11.682492,    -0.002850,     0.008800,
  1632.200,   -13.197224,    -0.749953,     0.006240,
  1632.250,   -16.751359,    -0.775002,     0.008456,
  1632.300,   -20.975656,    -0.086435,     0.005060,
  1632.350,   -24.044122,     0.719788,     0.006017,
  1632.400,   -24.827632,     0.976297,     0.004689,
  1632.450,   -22.815613,     0.479779,     0.007737,
  1632.500,   -17.834589,    -0.447088,     0.002978,
  1632.550,   -10.898150,    -1.509570,     0.002564,
  1632.600,    -4.090091,    -2.620741,     0.004469,
  1632.650,     0.868457,    -3.634282,     0.004282,
  1632.700,     3.582391,    -4.182021,    -0.002715,
  1632.750,     4.111666,    -3.906807,    -0.003209,
  1632.800,     2.598820,    -2.793900,    -0.001137,
  1632.850,    -0.299509,    -1.227206,    -0.000249,
  1632.900,    -3.731651,     0.409447,    -0.003662,
  1632.950,    -7.097018,     1.757836,    -0.001944,
  1633.000,    -9.633458,     2.638111,     0.001844,
  1633.050,   -10.365560,     3.037544,    -0.000236,
  1633.100,    -9.111713,     2.807701,    -0.001675,
  1633.150,    -6.754862,     1.846147,    -0.002145,
  1633.200,    -4.137562,     0.418482,     0.000439,
  1633.250,    -1.428445,    -0.781082,     0.001407,
  1633.300,     0.888971,    -1.114038,     0.002430,
  1633.350,     2.091377,    -0.548134,    -0.002124,
  1633.400,     2.353730,     0.372960,    -0.003226,
  1633.450,     2.374052,     1.093779,     0.002244,
  1633.500,     2.097713,     1.532629,     0.004171,
  1633.550,     1.130072,     1.931117,     0.001954,
  1633.600,    -0.275929,     2.205702,     0.001333,
  1633.650,    -1.483238,     2.028786,     0.004339,
  1633.700,    -2.384861,     1.294591,     0.001842,
  1633.750,    -2.997280,     0.509281,     0.007825,
  1633.800,    -3.244004,     0.259539,     0.009942,
  1633.850,    -3.375965,     0.637703,     0.004800,
  1633.900,    -3.639711,     1.288410,     0.003023,
  1633.950,    -3.745663,     1.735328,     0.006496,
  1634.000,    -3.845839,     2.004661,     0.012409,
  1634.050,    -4.729926,     2.524687,     0.006240,
  1634.100,    -6.650223,     3.538086,     0.004850,
  1634.150,    -8.681529,     4.817174,     0.004869,
  1634.200,   -10.084566,     5.771806,     0.003250,
  1634.250,   -10.752068,     5.894634,     0.004972,
  1634.300,   -10.766344,     5.019867,     0.002505,
  1634.350,    -9.798945,     3.374413,     0.005178,
  1634.400,    -7.516134,     1.468931,     0.006255,
  1634.450,    -3.809802,    -0.234864,     0.002363,
  1634.500,     0.784985,    -1.331142,     0.003287,
  1634.550,     5.278520,    -1.620024,     0.006042,
  1634.600,     8.654279,    -1.193751,     0.000424,
  1634.650,    10.339122,    -0.221375,     0.002008,
  1634.700,    10.186611,     0.944310,    -0.003224,
  1634.750,     8.409633,     1.802740,    -0.003618,
  1634.800,     5.680446,     2.103127,    -0.002189,
  1634.850,     2.713400,     1.980898,    -0.000590,
  1634.900,     0.187807,     1.834150,    -0.003050,
  1634.950,    -1.371245,     1.554471,    -0.001953,
  1635.000,    -1.638884,     0.849765,    -0.000857,
  1635.050,    -0.701071,    -0.364628,    -0.006533,
  1635.100,     0.967083,    -1.647068,    -0.000763,
  1635.150,     2.481299,    -2.463542,     0.002292,
  1635.200,     2.948705,    -2.393592,     0.001080,
  1635.250,     2.380466,    -1.539666,    -0.002647,
  1635.300,     1.404080,    -0.367061,    -0.004185,
  1635.350,     0.401762,     0.786164,    -0.003740,
  1635.400,    -0.651997,     1.800347,     0.000549,
  1635.450,    -1.484918,     2.567745,    -0.005146,
  1635.500,    -1.891561,     2.857418,    -0.003386,
  1635.550,    -1.782895,     2.729597,     0.000588,
  1635.600,    -1.297675,     2.507415,     0.002284,
  1635.650,    -0.741631,     2.725166,     0.001128,
  1635.700,    -0.374193,     3.536522,     0.003437,
  1635.750,    -0.099037,     4.719953,     0.006534,
  1635.800,     0.278729,     5.978758,     0.006105,
  1635.850,     0.611788,     7.139484,     0.006284,
  1635.900,     0.761862,     8.018270,     0.004444,
  1635.950,     0.830300,     8.408722,     0.007988,
  1636.000,     0.730268,     8.099335,     0.008554,
  1636.050,     0.320383,     6.992960,     0.005647,
  1636.100,    -0.384182,     5.083596,     0.007686,
  1636.150,    -0.794217,     2.715300,     0.007457,
  1636.200,    -0.536515,     0.553834,     0.006606,
  1636.250,     0.295843,    -0.974464,     0.004842,
  1636.300,     1.065561,    -1.866223,     0.007490,
  1636.350,     1.231277,    -2.360050,     0.007661,
  1636.400,     0.651563,    -2.625182,     0.001654,
  1636.450,    -0.312562,    -2.683920,     0.005533,
  1636.500,    -1.262458,    -2.569406,    -0.001663,
  1636.550,    -2.061561,    -2.462354,     0.002595,
  1636.600,    -2.689917,    -2.381856,     0.003187,
  1636.650,    -2.922956,    -2.249739,    -0.002931,
  1636.700,    -2.495235,    -1.943175,    -0.000048,
  1636.750,    -1.488522,    -1.563875,    -0.003074,
  1636.800,    -0.235293,    -1.173989,    -0.000909,
  1636.850,     0.886889,    -0.740138,    -0.000776,
  1636.900,     1.624755,    -0.124872,    -0.000562,
  1636.950,     1.955056,     0.609759,    -0.000590,
  1637.000,     1.928518,     1.406203,    -0.001972,
  1637.050,     1.537007,     2.317221,    -0.002146,
  1637.100,     0.633254,     3.254949,    -0.001458,
  1637.150,    -0.499187,     4.003688,    -0.002659,
  1637.200,    -1.271930,     4.135708,    -0.003281,
  1637.250,    -1.221585,     3.405202,    -0.003204,
  1637.300,    -0.460529,     1.985505,    -0.003515,
  1637.350,     0.414501,     0.434592,    -0.003121,
  1637.400,     0.918370,    -0.822254,     0.001331,
  1637.450,     1.068179,    -1.575648,     0.004377,
  1637.500,     1.133128,    -1.729813,     0.003572,
  1637.550,     1.171816,    -1.255113,     0.003966,
  1637.600,     0.844273,    -0.338612,     0.007209,
  1637.650,     0.059264,     0.763632,     0.002944,
  1637.700,    -0.639508,     1.740224,     0.001743,
  1637.750,    -0.770631,     2.460679,     0.005752,
  1637.800,    -0.271869,     2.958997,     0.008281,
  1637.850,     0.415335,     3.299934,     0.006868,
  1637.900,     0.847699,     3.385711,     0.006567,
  1637.950,     1.013199,     3.162409,     0.006057,
  1638.000,     1.292814,     2.824086,     0.001852,
  1638.050,     2.007131,     2.523193,     0.002885,
  1638.100,     2.878241,     2.167881,     0.011524,
  1638.150,     3.346620,     1.673464,     0.001222,
  1638.200,     3.108550,     1.097867,     0.004729,
  1638.250,     2.069611,     0.595649,     0.003458,
  1638.300,     0.611866,     0.267708,    -0.004144,
  1638.350,    -0.836424,     0.215812,    -0.002209,
  1638.400,    -1.940589,     0.300757,     0.001700,
  1638.450,    -2.422472,     0.210374,     0.004142,
  1638.500,    -2.251369,    -0.234144,     0.001491,
  1638.550,    -1.551920,    -0.859218,     0.001922,
  1638.600,    -0.549698,    -1.345800,    -0.001802,
  1638.650,     0.466390,    -1.384178,     0.005719,
  1638.700,     1.070503,    -1.020408,     0.001426,
  1638.750,     1.115392,    -0.342018,     0.002133,
  1638.800,     0.844067,     0.725234,     0.003280,
  1638.850,     0.510314,     2.078701,     0.002867,
  1638.900,     0.119330,     3.398893,     0.003849,
  1638.950,    -0.607671,     4.392974,     0.003935,
  1639.000,    -1.738334,     4.958612,     0.004161,
  1639.050,    -2.763609,     5.103479,     0.002345,
  1639.100,    -3.126465,     4.824185,     0.006639,
  1639.150,    -2.541011,     3.945542,     0.005507,
  1639.200,    -1.216952,     2.410317,     0.006081,
  1639.250,     0.369491,     0.343592,     0.006941,
  1639.300,     1.751033,    -1.854028,     0.009190,
  1639.350,     2.783071,    -3.661547,     0.005375,
  1639.400,     3.309709,    -4.850082,     0.004384,
  1639.450,     3.147350,    -5.255514,     0.007585,
  1639.500,     2.413938,    -4.758078,     0.009891,
  1639.550,     1.493097,    -3.317165,     0.006336,
  1639.600,     0.919338,    -1.240698,     0.002236,
  1639.650,     0.893845,     1.045305,     0.007757,
  1639.700,     1.248069,     2.943423,     0.006798,
  1639.750,     1.719693,     4.244858,     0.000186,
  1639.800,     2.247995,     5.100088,     0.001613,
  1639.850,     2.754682,     5.546860,     0.003471,
  1639.900,     3.047108,     5.334418,     0.003842,
  1639.950,     2.982998,     4.304736,     0.001759,
  1640.000,     2.449825,     2.511987,     0.000892,
  1640.050,     1.408539,     0.352506,     0.003496,
  1640.100,     0.134057,    -1.575325,     0.000195,
  1640.150,    -0.926040,    -2.746470,     0.000119,
  1640.200,    -1.539694,    -3.031769,     0.000845,
  1640.250,    -1.845790,    -2.697153,    -0.002971,
  1640.300,    -1.959779,    -2.044046,    -0.005561,
  1640.350,    -2.029030,    -1.309203,    -0.000505,
  1640.400,    -2.016300,    -0.531349,     0.001396,
  1640.450,    -1.883717,     0.062713,    -0.003767,
  1640.500,    -1.720565,     0.293488,     0.000760,
  1640.550,    -1.573182,     0.269254,    -0.000427,
  1640.600,    -1.314664,     0.404838,    -0.000997,
  1640.650,    -0.907995,     1.032106,     0.000162,
  1640.700,    -0.449789,     2.062719,     0.004447,
  1640.750,    -0.004036,     3.106748,     0.005149,
  1640.800,     0.412469,     3.840306,     0.003370,
  1640.850,     0.865984,     4.170689,    -0.000102,
  1640.900,     1.339767,     4.128747,     0.001388,
  1640.950,     1.804058,     3.825790,     0.004127,
  1641.000,     2.301693,     3.105605,     0.003671,
  1641.050,     2.820023,     1.919317,     0.003206,
  1641.100,     3.231463,     0.499471,     0.003823,
  1641.150,     3.152532,    -0.655401,     0.004895,
  1641.200,     2.449893,    -1.180790,     0.005713,
  1641.250,     1.348378,    -0.932680,     0.003002,
  1641.300,     0.330272,     0.065962,     0.004879,
  1641.350,    -0.252507,     1.640657,     0.011182,
  1641.400,    -0.318660,     3.587384,     0.006952,
  1641.450,     0.106163,     5.627009,     0.003290,
  1641.500,     0.981950,     7.283995,     0.004560,
  1641.550,     2.117825,     7.929273,     0.007561,
  1641.600,     3.300949,     7.229707,     0.006360,
  1641.650,     4.322962,     5.437746,     0.008145,
  1641.700,     5.091003,     3.255428,     0.007076,
  1641.750,     5.706436,     1.287893,     0.001825,
  1641.800,     6.229831,    -0.430065,     0.004086,
  1641.850,     6.499417,    -1.912394,     0.000286,
  1641.900,     6.396524,    -2.921142,     0.003595,
  1641.950,     5.936542,    -3.164518,     0.005043,
  1642.000,     4.985260,    -2.711609,     0.005103,
  1642.050,     3.119121,    -2.023525,     0.002673,
  1642.100,    -0.079593,    -1.612473,     0.010384,
  1642.150,    -5.097342,    -1.626222,     0.004225,
  1642.200,   -12.107181,    -1.895577,     0.005937,
  1642.250,   -21.054565,    -2.231396,     0.005443,
  1642.300,   -31.384854,    -2.317654,     0.003791,
  1642.350,   -41.963434,    -1.902629,     0.002718,
  1642.400,   -50.793060,    -0.786280,     0.001851,
  1642.450,   -55.250253,     1.129492,     0.003262,
  1642.500,   -52.411885,     3.499094,     0.002966,
  1642.550,   -40.297980,     5.749574,     0.001277,
  1642.600,   -19.158742,     7.199591,    -0.000662,
  1642.650,     7.813902,     7.364164,    -0.000547,
  1642.700,    35.534854,     6.108811,    -0.001667,
  1642.750,    58.655841,     3.760737,    -0.000251,
  1642.800,    72.919244,     1.035424,    -0.003268,
  1642.850,    76.490034,    -1.500944,    -0.003062,
  1642.900,    70.009814,    -3.580921,    -0.004053,
  1642.950,    55.945131,    -5.075783,    -0.003329,
  1643.000,    37.390955,    -5.654107,    -0.000165,
  1643.050,    17.511746,    -4.892246,    -0.001757,
  1643.100,    -0.831412,    -2.572867,    -0.004357,
  1643.150,   -15.276425,     0.931624,    -0.001628,
  1643.200,   -24.598567,     4.734468,     0.001404,
  1643.250,   -28.964688,     7.863014,     0.005994,
  1643.300,   -29.492235,     9.581584,    -0.002113,
  1643.350,   -27.285990,     9.571676,     0.003269,
  1643.400,   -22.819100,     7.899424,     0.005174,
  1643.450,   -16.383917,     4.949290,     0.002297,
  1643.500,    -9.042502,     1.389123,     0.005559,
  1643.550,    -2.485162,    -1.934049,     0.004622,
  1643.600,     1.923288,    -4.311451,     0.003135,
  1643.650,     3.991810,    -5.354010,     0.002612,
  1643.700,     4.451581,    -5.268690,     0.001765,
  1643.750,     4.045117,    -4.557273,     0.004595,
  1643.800,     3.087011,    -3.695180,     0.005874,
  1643.850,     1.637735,    -2.738433,     0.008560,
  1643.900,    -0.081984,    -1.598857,     0.011804,
  1643.950,    -1.672091,    -0.426964,     0.008581,
  1644.000,    -2.745493,     0.606600,     0.005747,
  1644.050,    -2.930617,     1.409146,     0.003574,
  1644.100,    -2.106967,     2.057791,     0.002578,
  1644.150,    -0.709461,     2.602047,     0.004912,
  1644.200,     0.551047,     3.052287,     0.001322,
  1644.250,     1.296680,     3.248419,     0.004413,
  1644.300,     1.535522,     3.271796,     0.006970,
  1644.350,     1.348044,     3.133470,     0.003275,
  1644.400,     0.825299,     2.880073,     0.005123,
  1644.450,     0.011064,     2.369453,     0.002136,
  1644.500,    -0.840396,     1.468208,    -0.000321,
  1644.550,    -1.208529,     0.140516,    -0.000060,
  1644.600,    -0.763558,    -1.456805,    -0.004373,
  1644.650,     0.365801,    -3.080571,    -0.005040,
  1644.700,     1.656866,    -4.479910,     0.003371,
  1644.750,     2.625770,    -5.262017,     0.003199,
  1644.800,     3.072906,    -5.094079,     0.000240,
  1644.850,     3.078945,    -3.856473,     0.004258,
  1644.900,     2.685107,    -1.698483,    -0.000293,
  1644.950,     1.794248,     0.847717,    -0.002499,
  1645.000,     0.530169,     3.351845,     0.000829,
  1645.050,    -0.778988,     5.478878,     0.004327,
  1645.100,    -1.835604,     6.879348,     0.001783,
  1645.150,    -2.254893,     7.193092,     0.002715,
  1645.200,    -1.992167,     6.209300,     0.008581,
  1645.250,    -1.074692,     4.192611,     0.007177,
  1645.300,     0.278740,     1.729110,     0.002826,
  1645.350,     1.846910,    -0.502945,     0.003239,
  1645.400,     3.355868,    -2.066343,     0.005126,
  1645.450,     4.410875,    -2.800311,     0.005868,
  1645.500,     4.546039,    -2.672023,     0.002129,
  1645.550,     3.542209,    -1.756019,     0.003773,
  1645.600,     1.688461,    -0.414681,     0.004241,
  1645.650,    -0.402542,     0.885057,     0.000191,
  1645.700,    -2.135827,     1.681047,     0.001771,
  1645.750,    -3.340691,     1.914041,     0.005885,
  1645.800,    -4.085270,     1.801556,     0.005188,
  1645.850,    -4.254689,     1.604196,    -0.001598,
  1645.900,    -3.665957,     1.597945,     0.000393,
  1645.950,    -2.384868,     1.796716,     0.009706,
  1646.000,    -0.910852,     2.086455,     0.004428,
  1646.050,     0.275952,     2.404416,    -0.003579,
  1646.100,     0.939315,     2.883028,     0.004442,
  1646.150,     1.040018,     3.470125,     0.001494,
  1646.200,     0.739706,     3.800494,     0.004367,
  1646.250,     0.317948,     3.519708,     0.004703,
  1646.300,     0.064742,     2.324408,    -0.004779,
  1646.350,     0.258033,     0.377733,     0.000045,
  1646.400,     1.039598,    -1.639211,     0.005486,
  1646.450,     2.279230,    -3.273408,     0.001474,
  1646.500,     3.542243,    -4.368732,     0.001690,
  1646.550,     4.320341,    -4.902630,     0.004123,
  1646.600,     4.245339,    -4.539004,     0.001759,
  1646.650,     3.161867,    -2.895854,     0.004423,
  1646.700,     1.336035,    -0.051166,     0.005324,
  1646.750,    -0.705989,     3.371334,     0.002090,
  1646.800,    -2.595977,     6.374152,    -0.001517,
  1646.850,    -4.055397,     8.159886,    -0.000065,
  1646.900,    -4.940546,     8.407146,     0.007557,
  1646.950,    -5.023981,     7.260378,     0.001532,
  1647.000,    -3.956175,     5.100806,     0.003886,
  1647.050,    -1.679377,     2.369490,     0.005654,
  1647.100,     1.370150,    -0.467867,     0.008106,
  1647.150,     4.364963,    -2.881076,     0.008773,
  1647.200,     6.449755,    -4.160517,     0.002488,
  1647.250,     7.167976,    -4.009448,     0.005293,
  1647.300,     6.381305,    -2.728079,     0.000684,
  1647.350,     4.435677,    -0.931201,     0.002769,
  1647.400,     1.729334,     0.907262,     0.005150,
  1647.450,    -1.121701,     2.466837,     0.006700,
  1647.500,    -3.511409,     3.419829,     0.005607,
  1647.550,    -4.882317,     3.613173,     0.006675,
  1647.600,    -5.100733,     2.940241,     0.011313,
  1647.650,    -4.467962,     1.733533,     0.008823,
  1647.700,    -3.472727,     0.600073,     0.005515,
  1647.750,    -2.386359,     0.106117,     0.006544,
  1647.800,    -1.264069,     0.398465,    -0.002718,
  1647.850,    -0.160410,     1.138148,     0.001010,
  1647.900,     0.766658,     1.833618,    -0.000783,
  1647.950,     1.344631,     2.254569,    -0.005709,
  1648.000,     1.529309,     2.366573,    -0.004497,
  1648.050,     1.615508,     2.160168,    -0.001494,
  1648.100,     1.729085,     1.678289,    -0.001111,
  1648.150,     1.778388,     1.088022,    -0.000383,
  1648.200,     1.745220,     0.468325,    -0.007304,
  1648.250,     1.667816,    -0.085080,    -0.005735,
  1648.300,     1.613976,    -0.424321,     0.002241,
  1648.350,     1.542274,    -0.445310,     0.000779,
  1648.400,     1.242492,    -0.052121,    -0.000367,
  1648.450,     0.595065,     0.676347,    -0.003575,
  1648.500,    -0.376541,     1.592305,     0.005535,
  1648.550,    -1.570622,     2.568017,     0.003478,
  1648.600,    -2.722388,     3.345554,    -0.001400,
  1648.650,    -3.637624,     3.660376,     0.008345,
  1648.700,    -4.042251,     3.156357,     0.006012,
  1648.750,    -3.648285,     1.812877,     0.003192,
  1648.800,    -2.298318,     0.100915,     0.006585,
  1648.850,    -0.285372,    -1.311793,     0.006679,
  1648.900,     1.866686,    -1.930688,     0.005732,
  1648.950,     3.645650,    -1.794235,     0.006766,
  1649.000,     4.844515,    -1.199253,     0.011952,
  1649.050,     5.335738,    -0.342031,     0.004075,
  1649.100,     4.960335,     0.771827,     0.005775,
  1649.150,     3.544209,     1.928787,     0.007295,
  1649.200,     1.458118,     2.813558,    -0.000501,
  1649.250,    -0.688095,     3.133130,     0.007740,
  1649.300,    -2.286657,     2.861016,     0.007679,
  1649.350,    -3.044789,     2.236333,     0.007746,
  1649.400,    -3.040653,     1.521251,     0.011225,
  1649.450,    -2.415644,     0.906289,     0.005604,
  1649.500,    -1.374025,     0.542241,     0.008569,
  1649.550,    -0.123630,     0.529363,     0.006986,
  1649.600,     0.993108,     0.919639,     0.000811,
  1649.650,     1.596330,     1.593277,     0.001636,
  1649.700,     1.647615,     2.286626,    -0.002050,
  1649.750,     1.302587,     2.769640,    -0.002404,
  1649.800,     0.825059,     2.829136,    -0.002172,
  1649.850,     0.468458,     2.390700,    -0.004790,
  1649.900,     0.326385,     1.623867,     0.004426,
  1649.950,     0.359351,     0.734181,    -0.001346,
  1650.000,     0.600398,     0.053056,    -0.007655,
  1650.050,     1.068269,    -0.300182,    -0.002623,
  1650.100,     1.695497,    -0.330311,     0.000559,
  1650.150,     2.128951,     0.160527,    -0.002723,
  1650.200,     1.990696,     1.115636,    -0.003384,
  1650.250,     0.993921,     2.248310,     0.000219,
  1650.300,    -0.566936,     3.317872,     0.000870,
  1650.350,    -2.140120,     4.218050,     0.001333,
  1650.400,    -3.207430,     4.802698,    -0.000856,
  1650.450,    -3.753149,     4.799560,     0.002633,
  1650.500,    -3.865174,     3.937437,     0.001951,
  1650.550,    -3.365414,     2.234988,     0.002493,
  1650.600,    -1.925935,     0.093360,     0.000334,
  1650.650,     0.441055,    -1.962899,     0.004769,
  1650.700,     3.202083,    -3.475688,     0.004589,
  1650.750,     5.440585,    -4.036231,     0.005923,
  1650.800,     6.508547,    -3.473809,     0.006494,
  1650.850,     6.182588,    -1.886582,     0.009383,
  1650.900,     4.722882,     0.126319,     0.004225,
  1650.950,     2.565257,     1.818449,     0.004483,
  1651.000,     0.156752,     2.693813,     0.005114,
  1651.050,    -2.189167,     2.733047,     0.007444,
  1651.100,    -3.939476,     2.152289,     0.002438,
  1651.150,    -4.504483,     1.258361,     0.002277,
  1651.200,    -3.774658,     0.158188,     0.000933,
  1651.250,    -2.194901,    -0.942973,     0.005267,
  1651.300,    -0.368412,    -1.804075,     0.004197,
  1651.350,     1.194003,    -2.231281,     0.000824,
  1651.400,     2.314814,    -2.134919,     0.004798,
  1651.450,     2.853740,    -1.592647,     0.002049,
  1651.500,     2.594389,    -0.586536,     0.006424,
  1651.550,     1.686382,     0.569924,     0.002140,
  1651.600,     0.401668,     1.485851,    -0.003226,
  1651.650,    -0.738208,     1.863712,     0.000035,
  1651.700,    -1.142359,     1.731539,    -0.004869,
  1651.750,    -0.789156,     1.275343,    -0.002617,
  1651.800,    -0.089641,     0.735871,    -0.000960,
  1651.850,     0.517985,     0.323951,     0.000298,
  1651.900,     0.838169,     0.344839,     0.004457,
  1651.950,     0.901281,     0.881324,    -0.003919,
  1652.000,     0.748576,     1.640736,    -0.001105,
  1652.050,     0.438451,     2.277143,     0.007946,
  1652.100,     0.047095,     2.580827,     0.000139,
  1652.150,    -0.282774,     2.568938,     0.003545,
  1652.200,    -0.495173,     2.170394,     0.005398,
  1652.250,    -0.583149,     1.352140,     0.005623,
  1652.300,    -0.402915,     0.204674,     0.001254,
  1652.350,     0.018911,    -0.882404,     0.002235,
  1652.400,     0.678431,    -1.414204,     0.006269,
  1652.450,     1.391028,    -1.075575,     0.005977,
  1652.500,     2.068360,     0.051595,     0.005749,
  1652.550,     2.549912,     1.459865,     0.003269,
  1652.600,     2.572966,     2.605237,     0.002749,
  1652.650,     1.972240,     3.283422,     0.001950,
  1652.700,     0.713901,     3.466495,    -0.001061,
  1652.750,    -0.824232,     3.142623,     0.002563,
  1652.800,    -1.991807,     2.283277,     0.001825,
  1652.850,    -2.396568,     0.979266,     0.003464,
  1652.900,    -2.069528,    -0.404800,     0.003797,
  1652.950,    -1.335383,    -1.550247,     0.002539,
  1653.000,    -0.418690,    -2.182721,    -0.000771,
  1653.050,     0.643149,    -2.153554,    -0.002910,
  1653.100,     1.673284,    -1.634214,     0.005503,
  1653.150,     2.385780,    -0.797085,     0.001044,
  1653.200,     2.537285,     0.248118,     0.002226,
  1653.250,     2.139833,     1.459119,     0.001710,
  1653.300,     1.522586,     2.663853,     0.001153,
  1653.350,     0.904494,     3.522087,    -0.000561,
  1653.400,     0.433584,     3.822955,     0.001568,
  1653.450,     0.217635,     3.637938,     0.004753,
  1653.500,     0.211927,     3.161850,     0.005661,
  1653.550,     0.403986,     2.520111,     0.003120,
  1653.600,     0.630916,     1.814874,     0.000971,
  1653.650,     0.561541,     1.234400,     0.006590,
  1653.700,    -0.051155,     0.964248,     0.005442,
  1653.750,    -1.262152,     1.153447,     0.001350,
  1653.800,    -3.033427,     1.694563,     0.003925,
  1653.850,    -5.145223,     2.303654,     0.002189,
  1653.900,    -7.025084,     2.495366,    -0.000473,
  1653.950,    -8.146372,     2.154924,     0.004395,
  1654.000,    -8.065561,     1.370564,     0.003687,
  1654.050,    -6.325222,     0.382061,     0.002011,
  1654.100,    -2.701986,    -0.531363,    -0.000882,
  1654.150,     2.454177,    -1.062805,     0.000949,
  1654.200,     8.129690,    -1.035515,     0.004895,
  1654.250,    13.070109,    -0.385731,     0.002374,
  1654.300,    16.182478,     0.691815,     0.005763,
  1654.350,    16.850753,     1.933382,     0.003341,
  1654.400,    14.805832,     3.167818,     0.001981,
  1654.450,    10.423392,     4.040509,     0.002233,
  1654.500,     4.601088,     4.375167,    -0.001688,
  1654.550,    -1.461847,     4.107046,     0.001656,
  1654.600,    -6.633215,     3.441271,     0.001726,
  1654.650,   -10.124816,     2.591825,     0.006850,
  1654.700,   -11.501720,     1.536290,    -0.001629,
  1654.750,   -10.710665,     0.339489,    -0.002882,
  1654.800,    -8.240741,    -0.839023,     0.004707,
  1654.850,    -5.018460,    -1.675263,    -0.003626,
  1654.900,    -2.036631,    -1.996982,     0.000352,
  1654.950,     0.130905,    -1.820432,     0.002943,
  1655.000,     1.574106,    -1.270407,    -0.000681,
  1655.050,     2.378370,    -0.493290,    -0.000906,
  1655.100,     2.574529,     0.607018,    -0.001178,
  1655.150,     2.165925,     1.841395,     0.002189,
  1655.200,     1.222395,     2.976855,     0.004237,
  1655.250,     0.175367,     3.762788,     0.001539,
  1655.300,    -0.572068,     4.141734,    -0.003209,
  1655.350,    -0.848592,     4.145293,    -0.001942,
  1655.400,    -0.739976,     3.864822,    -0.005363,
  1655.450,    -0.321849,     3.244388,     0.002275,
  1655.500,     0.240275,     2.195073,     0.007753,
  1655.550,     0.678805,     0.900733,     0.003436,
  1655.600,     0.851646,    -0.429988,     0.004297,
  1655.650,     0.800939,    -1.408666,     0.004164,
  1655.700,     0.665064,    -1.807847,     0.002483,
  1655.750,     0.456268,    -1.769096,     0.002115,
  1655.800,     0.286650,    -1.473016,     0.002376,
  1655.850,     0.355327,    -1.085380,     0.005011,
  1655.900,     0.702453,    -0.577102,     0.006728,
  1655.950,     1.100435,     0.080463,     0.000513,
  1656.000,     1.293153,     0.942668,     0.000250,
  1656.050,     1.242615,     1.876642,     0.001201,
  1656.100,     1.027140,     2.847501,    -0.001445,
  1656.150,     0.668492,     3.721898,     0.003408,
  1656.200,     0.190665,     4.248206,     0.003019,
  1656.250,    -0.432323,     4.202214,     0.004787,
  1656.300,    -1.027768,     3.353246,     0.004138,
  1656.350,    -1.178688,     1.916903,     0.005645,
  1656.400,    -0.730931,     0.319465,     0.004647,
  1656.450,     0.182148,    -1.015867,     0.009083,
  1656.500,     1.146279,    -1.926385,     0.000351,
  1656.550,     1.688203,    -2.433142,     0.003122,
  1656.600,     1.747587,    -2.618615,     0.001442,
  1656.650,     1.448731,    -2.587156,     0.005071,
  1656.700,     0.955363,    -2.401076,     0.008191,
  1656.750,     0.256722,    -2.161640,     0.004063,
  1656.800,    -0.537650,    -1.677688,     0.000377,
  1656.850,    -1.238246,    -0.860168,    -0.002196,
  1656.900,    -1.619191,     0.249309,    -0.002887,
  1656.950,    -1.564874,     1.487038,     0.002041,
  1657.000,    -1.132905,     2.530050,     0.002161,
  1657.050,    -0.567590,     3.091155,     0.003503,
  1657.100,    -0.053991,     3.094993,     0.002715,
  1657.150,     0.365523,     2.552871,    -0.000055,
  1657.200,     0.804752,     1.766720,     0.002478,
  1657.250,     1.239503,     0.884781,     0.006442,
  1657.300,     1.577052,     0.133546,     0.000395,
  1657.350,     1.539607,    -0.366438,     0.001558,
  1657.400,     1.289816,    -0.600281,     0.001913,
  1657.450,     0.981794,    -0.555912,     0.002474,
  1657.500,     0.688820,    -0.281646,     0.002793,
  1657.550,     0.444432,     0.095342,    -0.001797,
  1657.600,     0.253444,     0.421960,     0.003037,
  1657.650,     0.215655,     0.527875,    -0.003533,
  1657.700,     0.419016,     0.364514,     0.001651,
  1657.750,     0.797516,     0.217246,     0.000159,
  1657.800,     1.095106,     0.330583,    -0.001762,
  1657.850,     1.089598,     0.759865,    -0.003110,
  1657.900,     0.727666,     1.271932,     0.002581,
  1657.950,     0.173365,     1.754661,    -0.000557,
  1658.000,    -0.371213,     2.053071,     0.001543,
  1658.050,    -0.748764,     2.051475,     0.004139,
  1658.100,    -0.917587,     1.749968,     0.001819,
  1658.150,    -0.787459,     1.257728,     0.002470,
  1658.200,    -0.357519,     0.738166,     0.002556,
  1658.250,     0.163470,     0.284834,     0.003829,
  1658.300,     0.743062,    -0.112484,     0.004544,
  1658.350,     1.241589,    -0.434638,     0.003429,
  1658.400,     1.574251,    -0.599247,     0.003033,
  1658.450,     1.554585,    -0.513607,     0.002932,
  1658.500,     1.273307,    -0.238587,     0.005129,
  1658.550,     0.905472,     0.133237,     0.004054,
  1658.600,     0.660378,     0.732043,    -0.000678,
  1658.650,     0.441016,     1.685146,     0.003162,
  1658.700,     0.149904,     3.120261,     0.005795,
  1658.750,    -0.300426,     4.878546,     0.001379,
  1658.800,    -0.770382,     6.469332,     0.006370,
  1658.850,    -1.098653,     7.482532,     0.004942,
  1658.900,    -1.268080,     7.620730,     0.001795,
  1658.950,    -1.283176,     6.938656,     0.006392,
  1659.000,    -1.080330,     5.741972,     0.005898,
  1659.050,    -0.560983,     4.359323,     0.005649,
  1659.100,     0.242397,     2.981788,     0.003319,
  1659.150,     1.131582,     1.775527,     0.001402,
  1659.200,     1.853987,     0.980509,     0.004299,
  1659.250,     2.262841,     0.699717,     0.001657,
  1659.300,     2.358998,     0.885243,     0.000243,
  1659.350,     2.175780,     1.351445,    -0.001648,
  1659.400,     1.698825,     1.931611,    -0.001020,
  1659.450,     0.925963,     2.507167,    -0.002575,
  1659.500,    -0.077887,     3.134061,    -0.002897,
  1659.550,    -1.052593,     3.689834,     0.001883,
  1659.600,    -1.664447,     3.875714,    -0.000084,
  1659.650,    -1.774536,     3.622396,     0.000329,
  1659.700,    -1.502849,     3.076737,    -0.003473,
  1659.750,    -1.155153,     2.395314,     0.000132,
  1659.800,    -0.742372,     1.571273,     0.000611,
  1659.850,    -0.272380,     0.503013,    -0.001656,
  1659.900,     0.282880,    -0.738879,    -0.002779,
  1659.950,     0.870050,    -1.913048,    -0.001496,
  1660.000,     1.414365,    -2.798245,     0.004489,
  1660.050,     1.842389,    -3.224781,    -0.000236,
  1660.100,     2.119508,    -3.221053,     0.004253,
  1660.150,     2.105127,    -2.804620,     0.003987,
  1660.200,     1.687490,    -2.148245,     0.000620,
  1660.250,     0.826832,    -1.410656,     0.005676,
  1660.300,    -0.241682,    -0.797256,     0.006237,
  1660.350,    -1.128356,    -0.388298,     0.003230,
  1660.400,    -1.573427,    -0.171309,     0.003779,
  1660.450,    -1.563726,    -0.143347,     0.006188,
  1660.500,    -1.384988,    -0.234229,     0.006677,
  1660.550,    -1.158713,    -0.228577,     0.004466,
  1660.600,    -0.951478,     0.068801,     0.006515,
  1660.650,    -0.851545,     0.701912,     0.004005,
  1660.700,    -0.878115,     1.453997,     0.003775,
  1660.750,    -0.892819,     1.984452,     0.011047,
  1660.800,    -0.654912,     2.009002,     0.011161,
  1660.850,    -0.053950,     1.682645,     0.002446,
  1660.900,     0.763003,     1.189318,     0.004591,
  1660.950,     1.534057,     0.793602,     0.006730,
  1661.000,     1.997616,     0.557561,     0.005302,
  1661.050,     1.988009,     0.544060,     0.004148,
  1661.100,     1.657916,     0.916237,     0.005153,
  1661.150,     1.079571,     1.670847,     0.003455,
  1661.200,     0.448869,     2.608497,    -0.002184,
  1661.250,    -0.160404,     3.331257,    -0.001458,
  1661.300,    -0.586738,     3.644647,    -0.000781,
  1661.350,    -0.774237,     3.527449,    -0.000263,
  1661.400,    -0.701270,     3.179844,    -0.003328,
  1661.450,    -0.420816,     2.787319,    -0.002738,
  1661.500,    -0.027322,     2.367567,    -0.006524,
  1661.550,     0.264767,     1.812792,    -0.001823,
  1661.600,     0.388391,     1.181724,    -0.004878,
  1661.650,     0.298612,     0.711117,    -0.002206,
  1661.700,     0.194831,     0.530947,    -0.004957,
  1661.750,     0.269484,     0.488361,    -0.002293,
  1661.800,     0.416467,     0.321276,     0.000974,
  1661.850,     0.516920,    -0.099044,     0.004571,
  1661.900,     0.554212,    -0.638216,     0.001827,
  1661.950,     0.486639,    -1.168492,     0.002929,
  1662.000,     0.342886,    -1.642323,    -0.002591,
  1662.050,     0.109086,    -2.128541,     0.002046,
  1662.100,    -0.145554,    -2.609287,     0.005964,
  1662.150,    -0.223152,    -2.854005,     0.002277,
  1662.200,    -0.080155,    -2.758244,     0.007105,
  1662.250,     0.176367,    -2.142191,     0.004247,
  1662.300,     0.309686,    -1.104436,     0.006148,
  1662.350,     0.316668,     0.149055,     0.007298,
  1662.400,     0.185622,     1.298726,     0.007800,
  1662.450,    -0.020207,     2.152069,     0.005834,
  1662.500,    -0.255176,     2.652522,     0.008434,
  1662.550,    -0.318475,     2.712479,     0.011296,
  1662.600,     0.002195,     2.335582,     0.005579,
  1662.650,     0.839895,     1.505367,     0.008085,
  1662.700,     2.081092,     0.331977,     0.008257,
  1662.750,     3.333268,    -0.850503,     0.009826,
  1662.800,     4.149182,    -1.663087,     0.001656,
  1662.850,     4.301046,    -1.851653,     0.002791,
  1662.900,     3.738565,    -1.462013,     0.001273,
  1662.950,     2.731189,    -0.657694,     0.001380,
  1663.000,     1.539575,     0.470056,     0.003180,
  1663.050,     0.338072,     1.611680,    -0.003111,
  1663.100,    -0.656056,     2.417804,     0.000989,
  1663.150,    -1.332892,     2.618604,     0.001605,
  1663.200,    -1.485206,     2.236875,     0.000375,
  1663.250,    -1.128181,     1.566728,    -0.002286,
  1663.300,    -0.450399,     0.909070,    -0.000065,
  1663.350,     0.309895,     0.335290,    -0.000955,
  1663.400,     0.999055,    -0.128584,    -0.000661,
  1663.450,     1.591689,    -0.489109,     0.000478,
  1663.500,     1.941800,    -0.683536,    -0.004471,
  1663.550,     1.950684,    -0.652590,     0.000998,
  1663.600,     1.605173,    -0.385626,    -0.008660,
  1663.650,     1.055583,    -0.017839,    -0.004562,
  1663.700,     0.505279,     0.444444,     0.000111,
  1663.750,    -0.060747,     0.892524,    -0.000635,
  1663.800,    -0.737902,     1.193859,     0.002728,
  1663.850,    -1.482469,     1.264822,     0.002123,
  1663.900,    -2.055903,     1.118718,     0.005022,
  1663.950,    -2.306536,     0.847465,     0.006518,
  1664.000,    -2.178465,     0.643507,     0.004094,
  1664.050,    -1.722406,     0.751317,     0.004794,
  1664.100,    -1.133075,     1.032894,     0.005964,
  1664.150,    -0.486598,     1.532328,     0.004853,
  1664.200,    -0.017646,     2.102100,     0.002549,
  1664.250,     0.157031,     2.741598,     0.004057,
  1664.300,     0.099326,     3.404021,     0.010484,
  1664.350,    -0.090896,     3.894127,     0.008130,
  1664.400,    -0.240541,     4.234944,     0.002764,
  1664.450,    -0.298266,     4.445565,     0.003633,
  1664.500,    -0.159675,     4.695064,     0.001523,
  1664.550,     0.222879,     4.922722,     0.003294,
  1664.600,     0.889536,     5.032285,     0.005740,
  1664.650,     1.532024,     5.117767,     0.000222,
  1664.700,     1.866768,     5.328032,     0.002107,
  1664.750,     1.669395,     5.959065,     0.001657,
  1664.800,     1.090562,     6.803674,     0.000558,
  1664.850,     0.426442,     7.490072,    -0.001654,
  1664.900,    -0.129422,     7.701104,    -0.000352,
  1664.950,    -0.398049,     7.466733,    -0.000076,
  1665.000,    -0.397212,     7.052562,     0.000580,
  1665.050,    -0.058809,     6.525639,    -0.002280,
  1665.100,     0.580528,     5.904659,    -0.001675,
  1665.150,     1.334957,     5.249139,    -0.001806,
  1665.200,     1.817329,     4.756499,    -0.003065,
  1665.250,     1.808471,     4.576828,     0.000383,
  1665.300,     1.348259,     4.564673,     0.000949,
  1665.350,     0.687164,     4.464241,    -0.003058,
  1665.400,     0.040203,     4.136214,    -0.002134,
  1665.450,    -0.501243,     3.484737,     0.004778,
  1665.500,    -0.923993,     2.536612,     0.008061,
  1665.550,    -1.134338,     1.379757,     0.006634,
  1665.600,    -0.857054,     0.066283,     0.003836,
  1665.650,    -0.094583,    -1.190168,     0.005430,
  1665.700,     0.953598,    -2.290469,     0.007202,
  1665.750,     1.813276,    -3.057807,     0.004654,
  1665.800,     2.237599,    -3.343942,     0.007748,
  1665.850,     2.072451,    -3.233995,     0.006560,
  1665.900,     1.445235,    -2.801798,     0.006886,
  1665.950,     0.401361,    -2.240085,     0.003168,
  1666.000,    -0.960007,    -1.840208,     0.003525,
  1666.050,    -2.402068,    -1.816641,     0.003040,
  1666.100,    -3.533993,    -2.159055,     0.007236,
  1666.150,    -4.032427,    -2.810039,     0.004865,
  1666.200,    -3.686650,    -3.625061,     0.002408,
  1666.250,    -2.582072,    -4.496968,     0.001275,
  1666.300,    -1.010108,    -5.200080,     0.002616,
  1666.350,     0.599402,    -5.598534,     0.002434,
  1666.400,     1.903848,    -5.491304,    -0.000358,
  1666.450,     2.680474,    -4.919563,     0.007212,
  1666.500,     2.855152,    -4.049773,     0.004689,
  1666.550,     2.436688,    -3.068452,     0.000371,
  1666.600,     1.574911,    -2.156278,    -0.002320,
  1666.650,     0.445930,    -1.446474,    -0.003206,
  1666.700,    -0.681149,    -1.194588,    -0.006541,
  1666.750,    -1.481420,    -1.559614,    -0.003772,
  1666.800,    -1.720673,    -2.610727,    -0.003104,
  1666.850,    -1.395508,    -4.017934,    -0.005505,
  1666.900,    -0.679884,    -5.278189,    -0.004413,
  1666.950,     0.256156,    -5.879807,    -0.000814,
  1667.000,     1.152287,    -5.673035,     0.000921,
  1667.050,     1.761976,    -4.734952,     0.003101,
  1667.100,     1.853649,    -3.323569,    -0.001100,
  1667.150,     1.411150,    -1.801270,     0.010020,
  1667.200,     0.786324,    -0.609589,     0.003273,
  1667.250,     0.161990,     0.036913,     0.009609,
  1667.300,    -0.312229,     0.033841,     0.007458,
  1667.350,    -0.625919,    -0.348014,     0.004116,
  1667.400,    -0.840054,    -0.789643,     0.006830,
  1667.450,    -0.850894,    -0.890134,     0.010467,
  1667.500,    -0.649735,    -0.600818,     0.009379,
  1667.550,    -0.343101,    -0.031359,     0.006953,
  1667.600,    -0.037289,     0.591116,     0.004853,
  1667.650,     0.237537,     1.222721,     0.006228,
  1667.700,     0.461497,     1.755580,     0.003249,
  1667.750,     0.537987,     2.199291,     0.001917,
  1667.800,     0.428998,     2.543486,     0.008066,
  1667.850,     0.207077,     2.887557,     0.010599,
  1667.900,    -0.012317,     3.308350,     0.005565,
  1667.950,    -0.063152,     3.920214,     0.005704,
  1668.000,     0.175232,     4.728247,     0.003360,
  1668.050,     0.590306,     5.719417,    -0.000487,
  1668.100,     1.008944,     6.709065,    -0.000623,
  1668.150,     1.346804,     7.467423,    -0.004095,
  1668.200,     1.606310,     7.970446,    -0.005330,
  1668.250,     1.819456,     8.313012,    -0.005889,
  1668.300,     1.880218,     8.562235,    -0.004264,
  1668.350,     1.796705,     8.631434,    -0.006055,
  1668.400,     1.644139,     8.193162,    -0.003884,
  1668.450,     1.580383,     7.142518,     0.002084,
  1668.500,     1.619947,     5.719724,     0.000794,
  1668.550,     1.630479,     4.280513,    -0.003875,
  1668.600,     1.615323,     3.139489,    -0.000355,
  1668.650,     1.739284,     2.404705,    -0.003299,
  1668.700,     2.139796,     2.141270,     0.002670,
  1668.750,     2.686680,     2.421571,     0.008344,
  1668.800,     3.078004,     3.134096,     0.003132,
  1668.850,     3.077027,     4.018293,     0.008966,
  1668.900,     2.716634,     4.675298,     0.007640,
  1668.950,     2.267921,     4.926007,     0.008389,
  1669.000,     1.798740,     4.776860,     0.006660,
  1669.050,     1.350735,     4.290919,     0.011559,
  1669.100,     0.936849,     3.477075,     0.007614,
  1669.150,     0.725245,     2.435359,     0.008601,
  1669.200,     0.804448,     1.399322,     0.005773,
  1669.250,     1.033821,     0.704683,     0.004245,
  1669.300,     1.174532,     0.384288,     0.003018,
  1669.350,     1.132998,     0.402077,     0.008148,
  1669.400,     0.791659,     0.480567,     0.004481,
  1669.450,     0.173572,     0.503144,     0.006059,
  1669.500,    -0.661041,     0.467499,     0.000802,
  1669.550,    -1.475908,     0.427364,     0.001665,
  1669.600,    -2.173287,     0.342480,    -0.000793,
  1669.650,    -2.621493,     0.136505,     0.000085,
  1669.700,    -2.723251,    -0.118072,     0.003666,
  1669.750,    -2.439584,    -0.314044,    -0.000142,
  1669.800,    -1.859442,    -0.345427,    -0.008548,
  1669.850,    -1.162629,    -0.283695,    -0.007461,
  1669.900,    -0.523022,    -0.104249,    -0.002946,
  1669.950,    -0.139554,     0.193024,    -0.004989,
  1670.000,    -0.158205,     0.620873,    -0.004991,
  1670.050,    -0.511749,     1.022045,    -0.004556,
  1670.100,    -1.102840,     1.255514,    -0.005007,
  1670.150,    -1.740017,     1.085880,    -0.005428,
  1670.200,    -2.285975,     0.484390,    -0.009672,
  1670.250,    -2.691339,    -0.519557,    -0.002273,
  1670.300,    -2.840864,    -1.744034,    -0.002238,
  1670.350,    -2.678236,    -3.052837,     0.000595,
  1670.400,    -2.153513,    -4.192625,     0.005152,
  1670.450,    -1.398465,    -4.871893,     0.006775,
  1670.500,    -0.599685,    -4.825682,     0.005001,
  1670.550,     0.113180,    -4.000582,     0.007703,
  1670.600,     0.577436,    -2.658568,     0.012131,
  1670.650,     0.711749,    -1.071755,     0.006630,
  1670.700,     0.337240,     0.485978,     0.006938,
  1670.750,    -0.510477,     1.894552,     0.005285,
  1670.800,    -1.626714,     2.933516,     0.001334,
  1670.850,    -2.538300,     3.411537,     0.006340,
  1670.900,    -2.912357,     3.192661,     0.006240,
  1670.950,    -2.644854,     2.448630,     0.007041,
  1671.000,    -1.915029,     1.430026,     0.010900,
  1671.050,    -0.939435,     0.408478,     0.007733,
  1671.100,    -0.024247,    -0.451436,     0.002592,
  1671.150,     0.618471,    -0.960817,     0.004431,
  1671.200,     0.847516,    -1.060193,     0.008887,
  1671.250,     0.638978,    -0.663694,     0.003279,
  1671.300,     0.222712,     0.062822,    -0.002452,
  1671.350,    -0.113712,     0.883004,    -0.002618,
  1671.400,    -0.149791,     1.683465,    -0.001981,
  1671.450,     0.152191,     2.433776,    -0.003995,
  1671.500,     0.584494,     3.137004,    -0.003392,
  1671.550,     1.032039,     3.789860,    -0.000970,
  1671.600,     1.378456,     4.497620,    -0.000598,
  1671.650,     1.584777,     5.222535,    -0.000750,
  1671.700,     1.617683,     5.901816,     0.004036,
  1671.750,     1.505414,     6.195639,    -0.002448,
  1671.800,     1.388478,     5.981187,    -0.000393,
  1671.850,     1.329524,     5.335014,     0.002578,
  1671.900,     1.501245,     4.410735,     0.003659,
  1671.950,     1.957030,     3.321650,     0.000952,
  1672.000,     2.621479,     2.132569,     0.006169,
  1672.050,     3.294045,     0.935982,     0.005204,
  1672.100,     3.741685,    -0.097018,     0.006056,
  1672.150,     3.892109,    -0.778452,     0.005763,
  1672.200,     3.923228,    -1.038260,     0.005694,
  1672.250,     3.860653,    -0.783239,     0.001208,
  1672.300,     3.696827,     0.004783,     0.001745,
  1672.350,     3.229999,     1.387401,     0.008542,
  1672.400,     2.443315,     3.077046,     0.006583,
  1672.450,     1.494988,     4.595813,     0.006140,
  1672.500,     0.654974,     5.531017,     0.005893,
  1672.550,     0.127219,     5.600975,    -0.000094,
  1672.600,    -0.115130,     4.902975,    -0.000172,
  1672.650,    -0.073242,     3.582044,     0.000216,
  1672.700,     0.302978,     1.961807,     0.002140,
  1672.750,     0.943458,     0.388899,     0.002171,
  1672.800,     1.627989,    -0.792903,    -0.003933,
  1672.850,     2.057408,    -1.559035,     0.001351,
  1672.900,     2.146553,    -1.835454,    -0.002419,
  1672.950,     2.015151,    -1.664866,     0.002256,
  1673.000,     1.644120,    -1.176190,     0.000000,
  1673.050,     1.070087,    -0.496011,    -0.002727,
  1673.100,     0.403492,     0.210725,     0.005339,
  1673.150,    -0.233231,     0.794993,     0.001910,
  1673.200,    -0.575293,     1.214705,    -0.000225,
  1673.250,    -0.615237,     1.474065,     0.001401,
  1673.300,    -0.411493,     1.639771,    -0.000423,
  1673.350,    -0.210048,     1.766697,    -0.000096,
  1673.400,    -0.144110,     1.904042,     0.003961,
  1673.450,    -0.151400,     2.052326,     0.001929,
  1673.500,    -0.157752,     2.186667,     0.000150,
  1673.550,    -0.260263,     2.189667,     0.004398,
  1673.600,    -0.447479,     2.027777,     0.002334,
  1673.650,    -0.660249,     1.665004,     0.006847,
  1673.700,    -0.812485,     1.127236,     0.005619,
  1673.750,    -0.789533,     0.401514,     0.006377,
  1673.800,    -0.645115,    -0.456556,     0.009083,
  1673.850,    -0.478697,    -1.329903,     0.007201,
  1673.900,    -0.327656,    -2.109243,     0.005091,
  1673.950,    -0.158198,    -2.672158,     0.005077,
  1674.000,    -0.012844,    -2.853025,     0.006563,
  1674.050,    -0.109618,    -2.533091,     0.002145,
  1674.100,    -0.437737,    -1.651755,     0.002175,
  1674.150,    -1.027244,    -0.453523,     0.001876,
  1674.200,    -1.739123,     0.815121,     0.004472,
  1674.250,    -2.486282,     1.977493,     0.004614,
  1674.300,    -3.171062,     2.902698,    -0.001869,
  1674.350,    -3.766525,     3.339133,     0.002734,
  1674.400,    -4.112622,     3.147577,     0.003627,
  1674.450,    -3.972957,     2.474950,     0.000696,
  1674.500,    -3.369677,     1.639727,     0.000797,
  1674.550,    -2.471289,     0.968594,     0.000120,
  1674.600,    -1.476724,     0.576112,     0.003688,
  1674.650,    -0.519078,     0.331323,     0.001049,
  1674.700,     0.307283,     0.255601,    -0.001881,
  1674.750,     0.893781,     0.251998,    -0.003306,
  1674.800,     1.107946,     0.431632,    -0.002694,
  1674.850,     0.882941,     0.652575,    -0.005340,
  1674.900,     0.338383,     0.917843,    -0.000277,
  1674.950,    -0.394131,     1.179706,    -0.002052,
  1675.000,    -1.042181,     1.596654,    -0.000942,
  1675.050,    -1.532794,     2.116539,     0.000901,
  1675.100,    -1.734755,     2.621316,    -0.000856,
  1675.150,    -1.719331,     2.884645,     0.005524,
  1675.200,    -1.414074,     2.842668,     0.011638,
  1675.250,    -0.916627,     2.499815,     0.004139,
  1675.300,    -0.398611,     1.903486,     0.006970,
  1675.350,     0.049706,     1.192339,     0.009344,
  1675.400,     0.410274,     0.383384,     0.007958,
  1675.450,     0.741031,    -0.486416,     0.003198,
  1675.500,     1.088949,    -1.358856,     0.005245,
  1675.550,     1.554308,    -2.050295,     0.015200,
  1675.600,     2.146634,    -2.544545,     0.008706,
  1675.650,     2.673879,    -2.818688,     0.005944,
  1675.700,     2.972670,    -2.911071,     0.007508,
  1675.750,     2.865543,    -2.789953,     0.007392,
  1675.800,     2.510742,    -2.338151,     0.007187,
  1675.850,     2.043644,    -1.632665,     0.007391,
  1675.900,     1.590058,    -0.815731,     0.002618,
  1675.950,     1.186713,    -0.039722,     0.004880,
  1676.000,     0.917222,     0.452451,     0.007067,
  1676.050,     0.894920,     0.631833,     0.001881,
  1676.100,     1.168607,     0.429057,     0.000181,
  1676.150,     1.774096,     0.003875,     0.000851,
  1676.200,     2.639298,    -0.524078,     0.000138,
  1676.250,     3.690419,    -0.917231,    -0.004203,
  1676.300,     4.825173,    -1.026849,    -0.004676,
  1676.350,     5.819021,    -0.739511,    -0.002445,
  1676.400,     6.445398,     0.061564,    -0.000499,
  1676.450,     6.390864,     1.136488,     0.005383,
  1676.500,     5.677856,     2.296843,    -0.001551,
  1676.550,     4.441966,     3.266982,    -0.000070,
  1676.600,     2.819829,     3.877250,    -0.004597,
  1676.650,     1.136544,     4.110587,    -0.001707,
  1676.700,    -0.367729,     4.057056,    -0.004635,
  1676.750,    -1.501333,     3.970703,    -0.003278,
  1676.800,    -2.275193,     3.885809,    -0.003103,
  1676.850,    -2.731366,     3.751709,    -0.000581,
  1676.900,    -2.796505,     3.606453,    -0.005277,
  1676.950,    -2.581179,     3.419206,     0.002210,
  1677.000,    -2.145190,     3.220927,     0.000120,
  1677.050,    -1.658231,     2.897958,    -0.000852,
  1677.100,    -1.161940,     2.428987,     0.003601,
  1677.150,    -0.710159,     1.723588,     0.007590,
  1677.200,    -0.248427,     0.860726,     0.004245,
  1677.250,     0.190967,    -0.001927,     0.004457,
  1677.300,     0.628675,    -0.804428,    -0.000775,
  1677.350,     0.929818,    -1.520904,     0.007438,
  1677.400,     1.133327,    -2.226664,     0.007330,
  1677.450,     1.124035,    -2.926704,     0.006788,
  1677.500,     0.956528,    -3.610735,     0.007046,
  1677.550,     0.613973,    -4.025894,     0.006584,
  1677.600,     0.190082,    -4.085726,     0.004692,
  1677.650,    -0.312159,    -3.749417,     0.004326,
  1677.700,    -0.796212,    -3.089105,     0.002654,
  1677.750,    -1.184277,    -2.255187,     0.008348,
  1677.800,    -1.421954,    -1.326156,     0.008251,
  1677.850,    -1.503040,    -0.414525,     0.008189,
  1677.900,    -1.502901,     0.452047,     0.003265,
  1677.950,    -1.287430,     1.215503,     0.004643,
  1678.000,    -0.836906,     1.867822,     0.004992,
  1678.050,    -0.171321,     2.447132,    -0.000457,
  1678.100,     0.515005,     2.946269,    -0.000304,
  1678.150,     1.048960,     3.329762,    -0.001328,
  1678.200,     1.444867,     3.461490,    -0.002916,
  1678.250,     1.599291,     3.286942,     0.001641,
  1678.300,     1.448666,     2.820437,    -0.000547,
  1678.350,     0.950246,     2.110837,    -0.001430,
  1678.400,     0.308849,     1.350681,    -0.000236,
  1678.450,    -0.236773,     0.545600,    -0.005821,
  1678.500,    -0.578918,    -0.254601,    -0.003958,
  1678.550,    -0.712781,    -0.950069,    -0.004334,
  1678.600,    -0.704858,    -1.446930,    -0.003897,
  1678.650,    -0.755938,    -1.623106,    -0.005859,
  1678.700,    -0.801759,    -1.444168,     0.000793,
  1678.750,    -0.773532,    -1.059323,     0.004245,
  1678.800,    -0.711760,    -0.542013,    -0.002184,
  1678.850,    -0.570072,    -0.018378,     0.003148,
  1678.900,    -0.379258,     0.425745,     0.005363,
  1678.950,    -0.037345,     0.790540,     0.005034,
  1679.000,     0.424624,     0.984693,     0.007571,
  1679.050,     0.859391,     1.013227,     0.003458,
  1679.100,     1.126887,     0.944345,     0.008058,
  1679.150,     1.107069,     0.879909,     0.009416,
  1679.200,     0.880980,     0.987428,     0.008932,
  1679.250,     0.503738,     1.153498,     0.005581,
  1679.300,     0.032503,     1.336168,     0.006537,
  1679.350,    -0.486547,     1.444655,     0.008920,
  1679.400,    -1.028649,     1.384619,     0.005733,
  1679.450,    -1.491283,     1.276190,     0.010961,
  1679.500,    -1.740450,     1.151998,     0.010276,
  1679.550,    -1.776195,     1.036389,     0.004220,
  1679.600,    -1.618316,     0.822260,     0.005749,
  1679.650,    -1.380695,     0.489344,     0.004594,
  1679.700,    -1.047285,     0.111605,     0.003884,
  1679.750,    -0.565916,    -0.136383,     0.008635,
  1679.800,     0.032627,    -0.183329,     0.003515,
  1679.850,     0.612275,     0.089244,     0.003718,
  1679.900,     1.018965,     0.565430,     0.002019,
  1679.950,     1.147506,     1.250601,    -0.003571,
  1680.000,     0.961815,     2.055370,     0.001633,
  1680.050,     0.569192,     2.926242,    -0.001417,
  1680.100,     0.050490,     3.609281,    -0.004267,
  1680.150,    -0.468810,     3.957772,    -0.003775,
  1680.200,    -0.870162,     3.925172,    -0.002117,
  1680.250,    -0.931775,     3.677354,    -0.003484,
  1680.300,    -0.636811,     3.490739,     0.000468,
  1680.350,     0.006765,     3.503816,    -0.001075,
  1680.400,     0.751706,     3.660714,    -0.002910,
  1680.450,     1.400975,     3.784592,    -0.004486,
  1680.500,     1.793496,     3.824643,    -0.001998,
  1680.550,     1.847772,     3.731541,     0.001473,
  1680.600,     1.676700,     3.510038,    -0.000355,
  1680.650,     1.388389,     2.993122,    -0.004025,
  1680.700,     1.173654,     2.112110,     0.002529,
  1680.750,     1.071675,     1.024903,    -0.002050,
  1680.800,     1.053545,    -0.076396,     0.004892,
  1680.850,     1.038485,    -0.928485,     0.000354,
  1680.900,     0.986935,    -1.375108,     0.009007,
  1680.950,     0.867765,    -1.509035,     0.006966,
  1681.000,     0.642509,    -1.330337,     0.002654,
  1681.050,     0.251366,    -0.869043,     0.006140,
  1681.100,    -0.247563,    -0.272924,     0.009192,
  1681.150,    -0.742251,     0.316817,     0.009205,
  1681.200,    -1.185620,     0.762311,     0.009858,
  1681.250,    -1.441034,     1.087771,     0.007621,
  1681.300,    -1.564430,     1.309974,     0.008034,
  1681.350,    -1.677648,     1.551823,     0.002551,
  1681.400,    -1.796838,     1.865516,     0.008847,
  1681.450,    -1.923139,     2.190166,     0.011369,
  1681.500,    -1.974219,     2.495474,     0.000458,
  1681.550,    -1.875601,     2.731245,    -0.000107,
  1681.600,    -1.602226,     2.832177,     0.005810,
  1681.650,    -1.219737,     2.826116,     0.004391,
  1681.700,    -0.818874,     2.733490,     0.000352,
  1681.750,    -0.399878,     2.577436,     0.001581,
  1681.800,     0.042129,     2.285596,    -0.003093,
  1681.850,     0.451043,     1.884823,    -0.002476,
  1681.900,     0.829163,     1.385372,    -0.001339,
  1681.950,     1.189693,     0.872870,     0.003587,
  1682.000,     1.525028,     0.476956,    -0.003557,
  1682.050,     1.802083,     0.241674,    -0.008855,
  1682.100,     1.975601,     0.182498,    -0.007494,
  1682.150,     1.970896,     0.282745,    -0.004453,
  1682.200,     1.662983,     0.487860,     0.001766,
  1682.250,     1.140416,     0.765049,    -0.001431,
  1682.300,     0.440888,     1.076061,     0.001246,
  1682.350,    -0.272214,     1.345877,     0.005302,
  1682.400,    -0.888827,     1.614656,     0.001047,
  1682.450,    -1.316588,     1.934996,    -0.000314,
  1682.500,    -1.528581,     2.317847,     0.000623,
  1682.550,    -1.451695,     2.571037,     0.002654,
  1682.600,    -1.069816,     2.715450,     0.008437,
  1682.650,    -0.540415,     2.695597,     0.008125,
  1682.700,    -0.019430,     2.511846,     0.010796,
  1682.750,     0.388681,     2.259730,     0.010887,
  1682.800,     0.624522,     1.937984,     0.006032,
  1682.850,     0.733373,     1.593883,     0.007470,
  1682.900,     0.763641,     1.197974,     0.004945,
  1682.950,     0.696171,     0.856578,     0.005826,
  1683.000,     0.581230,     0.591795,     0.010251,
  1683.050,     0.472488,     0.388310,     0.008058,
  1683.100,     0.410191,     0.239085,     0.004290,
  1683.150,     0.470172,     0.154335,     0.002377,
  1683.200,     0.567693,     0.169285,     0.005732,
  1683.250,     0.644849,     0.348151,     0.001359,
  1683.300,     0.651880,     0.705455,     0.004308,
  1683.350,     0.580816,     1.189040,     0.002918,
  1683.400,     0.519972,     1.704080,     0.005302,
  1683.450,     0.464176,     2.117921,     0.000184,
  1683.500,     0.450498,     2.352159,    -0.002250,
  1683.550,     0.413080,     2.378809,     0.003548,
  1683.600,     0.258675,     2.300817,     0.003019,
  1683.650,     0.061621,     2.207273,    -0.006852,
  1683.700,    -0.072723,     2.084502,    -0.003162,
  1683.750,    -0.055523,     1.861927,    -0.001631,
  1683.800,     0.146653,     1.496297,    -0.004081,
  1683.850,     0.456271,     0.958744,     0.001319,
  1683.900,     0.846461,     0.295860,     0.000595,
  1683.950,     1.204898,    -0.417423,     0.001047,
  1684.000,     1.478640,    -1.076099,     0.000525,
  1684.050,     1.624082,    -1.664791,     0.004746,
  1684.100,     1.536291,    -1.881292,     0.003497,
  1684.150,     1.262729,    -1.641991,     0.001185,
  1684.200,     0.940237,    -0.908922,     0.002510,
  1684.250,     0.750175,     0.057908,     0.001707,
  1684.300,     0.788844,     1.052434,     0.003367,
  1684.350,     0.976321,     1.909970,     0.003795,
  1684.400,     1.146369,     2.528583,     0.001272,
  1684.450,     1.263772,     2.910504,     0.010074,
  1684.500,     1.237826,     3.039462,     0.002332,
  1684.550,     1.047570,     2.959035,     0.008376,
  1684.600,     0.701028,     2.770499,     0.006407,
  1684.650,     0.123812,     2.537622,     0.003650,
  1684.700,    -0.567551,     2.230924,     0.006744,
  1684.750,    -1.156188,     1.831384,    -0.000810,
  1684.800,    -1.464884,     1.285302,     0.000564,
  1684.850,    -1.466489,     0.667263,     0.004307,
  1684.900,    -1.291248,     0.041377,     0.007438,
  1684.950,    -0.994423,    -0.428136,     0.001961,
  1685.000,    -0.641170,    -0.708761,     0.000616,
  1685.050,    -0.259649,    -0.672982,    -0.001264,
  1685.100,     0.034746,    -0.345578,     0.006149,
  1685.150,     0.194175,     0.219219,     0.003133,
  1685.200,     0.312072,     0.930121,     0.004513,
  1685.250,     0.416844,     1.662913,     0.003576,
  1685.300,     0.604277,     2.336706,     0.000987,
  1685.350,     0.830420,     2.790813,    -0.000604,
  1685.400,     1.109184,     2.837893,    -0.002829,
  1685.450,     1.365320,     2.526431,    -0.000717,
  1685.500,     1.548154,     1.958973,    -0.001932,
  1685.550,     1.592191,     1.391149,    -0.004926,
  1685.600,     1.483085,     0.930255,    -0.003593,
  1685.650,     1.258682,     0.562372,     0.004093,
  1685.700,     0.977572,     0.322827,     0.002257,
  1685.750,     0.629969,     0.155830,    -0.002479,
  1685.800,     0.214114,     0.091455,     0.004520,
  1685.850,    -0.219352,     0.074935,    -0.000863,
  1685.900,    -0.591898,     0.001193,    -0.002583,
  1685.950,    -0.774748,    -0.119799,     0.002258,
  1686.000,    -0.730118,    -0.162694,     0.002680,
  1686.050,    -0.464491,    -0.039735,    -0.000873,
  1686.100,    -0.090699,     0.280877,     0.002096,
  1686.150,     0.342874,     0.692554,     0.003967,
  1686.200,     0.698237,     1.156741,     0.001453,
  1686.250,     0.978233,     1.552242,     0.003504,
  1686.300,     1.133547,     1.866623,     0.006505,
  1686.350,     1.221965,     2.019688,     0.008850,
  1686.400,     1.240214,     1.916365,     0.002822,
  1686.450,     1.218075,     1.485783,     0.005516,
  1686.500,     1.110511,     0.797933,     0.003868,
  1686.550,     0.970307,     0.052865,     0.007304,
  1686.600,     0.758950,    -0.647351,     0.003996,
  1686.650,     0.542305,    -1.141138,     0.006173,
  1686.700,     0.344369,    -1.368795,     0.002173,
  1686.750,     0.202006,    -1.369090,     0.004890,
  1686.800,     0.131723,    -1.112459,     0.000965,
  1686.850,     0.023716,    -0.498849,     0.003884,
  1686.900,    -0.048474,     0.373076,     0.004070,
  1686.950,    -0.109658,     1.343611,     0.004078,
  1687.000,    -0.147645,     2.220433,     0.003698,
  1687.050,    -0.121423,     2.790095,     0.002595,
  1687.100,    -0.069905,     3.106945,    -0.002906,
  1687.150,     0.037790,     3.106982,     0.003788,
  1687.200,     0.213941,     2.837052,    -0.000812,
  1687.250,     0.405213,     2.304517,    -0.002542,
  1687.300,     0.572644,     1.643385,    -0.004658,
  1687.350,     0.681394,     0.972145,     0.002426,
  1687.400,     0.654532,     0.364439,     0.001887,
  1687.450,     0.501494,    -0.127680,     0.002038,
  1687.500,     0.259676,    -0.449573,     0.004826,
  1687.550,     0.031251,    -0.711068,     0.000432,
  1687.600,    -0.094326,    -0.992829,    -0.002645,
  1687.650,    -0.140489,    -1.319799,     0.004454,
  1687.700,    -0.170737,    -1.571145,     0.001049,
  1687.750,    -0.213155,    -1.542420,     0.002113,
  1687.800,    -0.347527,    -1.101569,    -0.003475,
  1687.850,    -0.535661,    -0.308003,     0.003262,
  1687.900,    -0.740730,     0.731242,     0.000730,
  1687.950,    -0.964225,     1.850057,     0.000654,
  1688.000,    -1.153412,     2.753399,    -0.000257,
  1688.050,    -1.169292,     3.277598,    -0.001644,
  1688.100,    -0.909970,     3.297298,     0.000626,
  1688.150,    -0.383743,     2.876221,     0.007248,
  1688.200,     0.307245,     2.170375,     0.006506,
  1688.250,     0.956301,     1.313024,     0.004165,
  1688.300,     1.469530,     0.451004,     0.003790,
  1688.350,     1.795150,    -0.335147,     0.006882,
  1688.400,     1.927512,    -0.889231,     0.004236,
  1688.450,     1.872701,    -1.064746,     0.004472,
  1688.500,     1.684158,    -0.932000,     0.002806,
  1688.550,     1.453624,    -0.535668,     0.004759,
  1688.600,     1.192237,     0.061993,     0.006565,
  1688.650,     0.913097,     0.744836,     0.002755,
  1688.700,     0.558110,     1.357723,     0.003266,
  1688.750,     0.157298,     1.764261,     0.003630,
  1688.800,    -0.260015,     1.791242,     0.004533,
  1688.850,    -0.623926,     1.478882,     0.003048,
  1688.900,    -0.859741,     0.900863,     0.000130,
  1688.950,    -0.936052,     0.198671,     0.004329,
  1689.000,    -0.845653,    -0.468450,     0.000068,
  1689.050,    -0.537013,    -0.949988,    -0.003785,
  1689.100,    -0.169128,    -1.127342,    -0.000219,
  1689.150,     0.277320,    -0.955192,    -0.002876,
  1689.200,     0.697642,    -0.573804,     0.001443,
  1689.250,     1.017955,    -0.082558,     0.000605,
  1689.300,     1.168301,     0.400849,     0.006313,
  1689.350,     1.084414,     0.783911,     0.004656,
  1689.400,     0.771877,     0.997937,     0.003162,
  1689.450,     0.388007,     1.060174,     0.004974,
  1689.500,     0.055403,     1.013047,    -0.001563,
  1689.550,    -0.110755,     0.894100,     0.004244,
  1689.600,    -0.155931,     0.862166,    -0.000386,
  1689.650,    -0.099277,     1.000874,    -0.000385,
  1689.700,    -0.045244,     1.370165,    -0.001304,
  1689.750,     0.042566,     1.888734,     0.004909,
  1689.800,     0.084620,     2.335326,     0.001862,
  1689.850,    -0.009735,     2.624466,     0.003408,
  1689.900,    -0.179875,     2.627302,     0.005775,
  1689.950,    -0.317043,     2.330004,     0.007457,
  1690.000,    -0.299734,     1.838481,    -0.002192,
  1690.050,    -0.072741,     1.136360,     0.003253,
  1690.100,     0.223978,     0.332646,     0.000109,
  1690.150,     0.585891,    -0.448915,     0.003598,
  1690.200,     0.900310,    -1.072448,     0.005866,
  1690.250,     1.106925,    -1.405867,     0.000155,
  1690.300,     1.118734,    -1.384308,     0.002605,
  1690.350,     0.958049,    -1.002613,     0.007071,
  1690.400,     0.594063,    -0.369327,     0.010934,
  1690.450,     0.090770,     0.414418,     0.007605,
  1690.500,    -0.400749,     1.264879,     0.001168,
  1690.550,    -0.773007,     2.078002,     0.001362,
  1690.600,    -0.972950,     2.690379,     0.000307,
  1690.650,    -1.013478,     3.037519,     0.004024,
  1690.700,    -0.957439,     3.023940,     0.001526,
  1690.750,    -0.777592,     2.709839,     0.001479,
  1690.800,    -0.413089,     2.242089,     0.001274,
  1690.850,     0.103316,     1.670260,    -0.001573,
  1690.900,     0.620950,     1.163267,    -0.004901,
  1690.950,     1.063774,     0.768299,     0.002006,
  1691.000,     1.326519,     0.473777,     0.004472,
  1691.050,     1.353787,     0.285832,    -0.003089,
  1691.100,     1.198601,     0.203289,     0.001736,
  1691.150,     0.915674,     0.125032,    -0.001807,
  1691.200,     0.536972,     0.156049,    -0.000772,
  1691.250,     0.127074,     0.241990,     0.001658,
  1691.300,    -0.219326,     0.509349,     0.005533,
  1691.350,    -0.475587,     0.941554,    -0.000711,
  1691.400,    -0.637319,     1.529320,     0.000978,
  1691.450,    -0.694787,     2.191168,     0.009019,
  1691.500,    -0.745667,     2.827658,     0.008270,
  1691.550,    -0.899228,     3.378861,     0.005696,
  1691.600,    -1.097011,     3.692797,     0.007631,
  1691.650,    -1.245632,     3.624742,     0.001033,
  1691.700,    -1.147356,     3.149624,     0.003494,
  1691.750,    -0.718857,     2.228937,     0.000208,
  1691.800,    -0.019851,     1.063858,     0.008785,
  1691.850,     0.847236,    -0.152253,     0.002987,
  1691.900,     1.703314,    -1.174209,    -0.000197,
  1691.950,     2.313852,    -1.791788,     0.006289,
  1692.000,     2.505363,    -1.923481,     0.002075,
  1692.050,     2.270489,    -1.494760,     0.002058,
  1692.100,     1.667035,    -0.672926,     0.006478,
  1692.150,     0.893803,     0.363339,     0.000718,
  1692.200,     0.057378,     1.363359,     0.001526,
  1692.250,    -0.704036,     2.160327,     0.005412,
  1692.300,    -1.237421,     2.568445,     0.005659,
  1692.350,    -1.453341,     2.533085,     0.008304,
  1692.400,    -1.376674,     2.142730,     0.004699,
  1692.450,    -1.080046,     1.538134,     0.004331,
  1692.500,    -0.643705,     0.980385,     0.002496,
  1692.550,    -0.147624,     0.587184,    -0.001320,
  1692.600,     0.337778,     0.442132,    -0.000584,
  1692.650,     0.724451,     0.574560,     0.000227,
  1692.700,     0.905791,     0.747681,    -0.001553,
  1692.750,     0.828843,     0.841796,    -0.003531,
  1692.800,     0.546715,     0.932781,     0.007003,
  1692.850,     0.111565,     0.984177,     0.003566,
  1692.900,    -0.388828,     1.003946,     0.007098,
  1692.950,    -0.832546,     0.929122,     0.008601,
  1693.000,    -1.094211,     0.783914,     0.004890,
  1693.050,    -1.099222,     0.672512,     0.003494,
  1693.100,    -0.903661,     0.662233,     0.004445,
  1693.150,    -0.540677,     0.801518,     0.000114,
  1693.200,    -0.091489,     1.125919,    -0.000722,
  1693.250,     0.256515,     1.556513,     0.002195,
  1693.300,     0.500821,     1.945138,     0.002990,
  1693.350,     0.621570,     2.242532,     0.006030,
  1693.400,     0.638376,     2.400666,     0.002662,
  1693.450,     0.611229,     2.426737,     0.003597,
  1693.500,     0.562515,     2.266734,     0.005519,
  1693.550,     0.574642,     1.909553,     0.001999,
  1693.600,     0.714959,     1.422311,    -0.000523,
  1693.650,     0.995158,     0.873087,     0.003107,
  1693.700,     1.269812,     0.341281,     0.000873,
  1693.750,     1.471331,    -0.081404,     0.001796,
  1693.800,     1.396766,    -0.283392,     0.004592,
  1693.850,     1.083404,    -0.165438,    -0.000261,
  1693.900,     0.622907,     0.235648,     0.000170,
  1693.950,     0.079832,     0.712439,     0.002304,
  1694.000,    -0.480605,     1.100583,    -0.003895,
  1694.050,    -1.016229,     1.220353,     0.000938,
  1694.100,    -1.419364,     1.020043,     0.005689,
  1694.150,    -1.613807,     0.663621,     0.001730,
  1694.200,    -1.552743,     0.307127,    -0.007459,
  1694.250,    -1.233728,     0.061134,    -0.001969,
  1694.300,    -0.726242,     0.025835,    -0.004436,
  1694.350,    -0.124890,     0.154167,     0.005901,
  1694.400,     0.489962,     0.422037,     0.004317,
  1694.450,     1.047310,     0.740911,     0.000345,
  1694.500,     1.469959,     1.024193,     0.002207,
  1694.550,     1.742068,     1.136833,     0.005794,
  1694.600,     1.796175,     1.020943,    -0.002910,
  1694.650,     1.619058,     0.736161,     0.005966,
  1694.700,     1.232042,     0.438248,     0.004862,
  1694.750,     0.777521,     0.248550,     0.005794,
  1694.800,     0.349398,     0.179645,     0.005434,
  1694.850,    -0.014281,     0.195447,     0.004771,
  1694.900,    -0.282161,     0.282804,     0.003607,
  1694.950,    -0.467793,     0.461654,     0.003427,
  1695.000,    -0.527060,     0.742957,     0.013967,
  1695.050,    -0.528215,     1.025701,     0.006572,
  1695.100,    -0.478235,     1.259097,     0.003383,
  1695.150,    -0.412191,     1.238673,     0.004866,
  1695.200,    -0.284471,     0.976320,     0.001166,
  1695.250,    -0.066575,     0.506294,     0.006349,
  1695.300,     0.301582,    -0.005801,     0.007599,
  1695.350,     0.798728,    -0.496504,     0.009098,
  1695.400,     1.292278,    -0.819703,     0.003310,
  1695.450,     1.743660,    -0.989628,    -0.005888,
  1695.500,     2.053812,    -0.954995,    -0.000996,
  1695.550,     2.146957,    -0.679936,     0.003893,
  1695.600,     1.922868,    -0.241350,     0.003610,
  1695.650,     1.356544,     0.298546,     0.002163,
  1695.700,     0.540102,     0.761163,    -0.003369,
  1695.750,    -0.347654,     1.142690,    -0.003818,
  1695.800,    -1.194933,     1.287671,    -0.003365,
  1695.850,    -1.750774,     1.216640,    -0.003442,
  1695.900,    -1.865944,     0.942684,    -0.001925,
  1695.950,    -1.609833,     0.518857,    -0.005058,
  1696.000,    -1.032381,     0.016242,     0.000580,
  1696.050,    -0.292945,    -0.420836,     0.000444,
  1696.100,     0.460610,    -0.652076,    -0.005578,
  1696.150,     1.064494,    -0.530327,    -0.002957,
  1696.200,     1.359463,    -0.100584,     0.006173,
  1696.250,     1.331941,     0.537141,    -0.003044,
  1696.300,     1.037355,     1.170117,    -0.000681,
  1696.350,     0.549661,     1.612779,     0.007817,
  1696.400,     0.063783,     1.746676,     0.003713,
  1696.450,    -0.258551,     1.612897,     0.001389,
  1696.500,    -0.359461,     1.228865,     0.003110,
  1696.550,    -0.233216,     0.726397,     0.007051,
  1696.600,     0.009415,     0.259011,     0.001775,
  1696.650,     0.236599,    -0.063428,     0.004738,
  1696.700,     0.358658,    -0.152744,     0.010933,
  1696.750,     0.406365,    -0.072411,     0.007840,
  1696.800,     0.436374,     0.120159,     0.006455,
  1696.850,     0.413323,     0.423928,     0.008298,
  1696.900,     0.357699,     0.709750,     0.007654,
  1696.950,     0.290077,     1.026023,     0.005937,
  1697.000,     0.239954,     1.315422,     0.004092,
  1697.050,     0.283691,     1.543624,     0.004521,
  1697.100,     0.404795,     1.707006,     0.009530,
  1697.150,     0.586908,     1.788889,     0.003299,
  1697.200,     0.797582,     1.776160,     0.010158,
  1697.250,     0.924289,     1.690371,     0.003911,
  1697.300,     0.973793,     1.527791,     0.002543,
  1697.350,     0.953618,     1.330025,     0.004468,
  1697.400,     0.835119,     1.178847,     0.005049,
  1697.450,     0.611250,     1.114457,    -0.000120,
  1697.500,     0.313044,     1.147654,    -0.001782,
  1697.550,    -0.012895,     1.260431,    -0.004955,
  1697.600,    -0.303601,     1.396614,     0.000076,
  1697.650,    -0.530673,     1.472952,     0.000198,
  1697.700,    -0.650339,     1.368465,    -0.004116,
  1697.750,    -0.601318,     1.130898,    -0.009702,
  1697.800,    -0.350377,     0.844827,     0.004202,
  1697.850,     0.060923,     0.674545,     0.002335,
  1697.900,     0.429257,     0.771067,    -0.003259,
  1697.950,     0.630157,     1.108862,    -0.004816,
  1698.000,     0.592398,     1.613853,    -0.000356,
  1698.050,     0.386840,     2.130295,    -0.000799,
  1698.100,     0.076522,     2.564848,    -0.003033,
  1698.150,    -0.184154,     2.775530,     0.001310,
  1698.200,    -0.300921,     2.623393,    -0.006762,
  1698.250,    -0.306167,     2.157658,     0.000830,
  1698.300,    -0.119154,     1.523636,     0.008380,
  1698.350,     0.136368,     0.982200,     0.003105,
  1698.400,     0.392121,     0.644066,     0.001740,
  1698.450,     0.575360,     0.527354,     0.002075,
  1698.500,     0.580470,     0.545730,     0.004744,
  1698.550,     0.450673,     0.742787,     0.008746,
  1698.600,     0.173825,     0.995847,    -0.002227,
  1698.650,    -0.072107,     1.265533,     0.002119,
  1698.700,    -0.167245,     1.474968,     0.007801,
  1698.750,    -0.167294,     1.525778,     0.007418,
  1698.800,    -0.084999,     1.514488,     0.005756,
  1698.850,     0.019396,     1.456610,     0.009801,
  1698.900,     0.197949,     1.369822,     0.001615,
  1698.950,     0.411238,     1.291055,     0.006992,
  1699.000,     0.540857,     1.147038,     0.003348,
  1699.050,     0.594276,     0.943440,     0.006703,
  1699.100,     0.458346,     0.729823,     0.007947,
  1699.150,     0.142089,     0.651807,     0.002357,
  1699.200,    -0.212066,     0.766728,     0.000695,
  1699.250,    -0.542854,     0.959094,    -0.004986,
  1699.300,    -0.828864,     1.079285,     0.001409,
  1699.350,    -0.983324,     1.017662,     0.005770,
  1699.400,    -0.962341,     0.750040,     0.002424,
  1699.450,    -0.849844,     0.296059,    -0.003746,
  1699.500,    -0.558642,    -0.227596,    -0.004926,
  1699.550,    -0.143173,    -0.738272,    -0.006309,
  1699.600,     0.272178,    -1.066399,    -0.002854,
  1699.650,     0.681859,    -1.086662,     0.006141,
  1699.700,     0.958757,    -0.732967,     0.000745,
  1699.750,     1.078631,    -0.047674,    -0.000318,
  1699.800,     1.022902,     0.839081,    -0.001189,
  1699.850,     0.780209,     1.752978,     0.000405,
  1699.900,     0.387702,     2.450384,    -0.003536,
  1699.950,    -0.020280,     2.840175,     0.008262,
  1700.000,    -0.336601,     2.866925,     0.007304,
  1700.050,    -0.476638,     2.536581,     0.004612,
  1700.100,    -0.408570,     1.955277,     0.007560,
  1700.150,    -0.100149,     1.258269,     0.003180,
  1700.200,     0.349913,     0.631063,     0.001068,
  1700.250,     0.730324,     0.214407,     0.008884,
  1700.300,     0.920203,     0.035360,     0.008239,
  1700.350,     0.842922,     0.106097,     0.009396,
  1700.400,     0.583142,     0.356125,     0.008428,
  1700.450,     0.195999,     0.698159,     0.005275,
  1700.500,    -0.186318,     1.100381,    -0.001983,
  1700.550,    -0.467411,     1.486258,    -0.002277,
  1700.600,    -0.541506,     1.795552,     0.002447,
  1700.650,    -0.451577,     1.998714,     0.005141,
  1700.700,    -0.213452,     2.124292,     0.010018,
  1700.750,     0.086688,     2.223595,     0.008134,
  1700.800,     0.366943,     2.279434,    -0.000309,
  1700.850,     0.583287,     2.212552,     0.002213,
  1700.900,     0.727201,     1.975957,     0.001479,
  1700.950,     0.803878,     1.574126,    -0.001215,
  1701.000,     0.854983,     1.078355,    -0.004642,
  1701.050,     0.840968,     0.565921,     0.000590,
  1701.100,     0.817079,     0.105276,    -0.001077,
  1701.150,     0.755260,    -0.195628,    -0.005352,
  1701.200,     0.654435,    -0.379004,    -0.002647,
  1701.250,     0.510238,    -0.398505,    -0.001668,
  1701.300,     0.345743,    -0.296935,    -0.002548,
  1701.350,     0.243931,    -0.112662,    -0.002424,
  1701.400,     0.182042,     0.193048,    -0.001984,
  1701.450,     0.190910,     0.542926,    -0.001392,
  1701.500,     0.250282,     0.940374,    -0.000283,
  1701.550,     0.364821,     1.319942,    -0.001559,
  1701.600,     0.451283,     1.636360,    -0.001453,
  1701.650,     0.445749,     1.862691,    -0.002519,
  1701.700,     0.327090,     1.914803,    -0.000941,
  1701.750,     0.162660,     1.812830,     0.002224,
  1701.800,     0.112492,     1.497084,     0.007614,
  1701.850,     0.216060,     1.093463,     0.004030,
  1701.900,     0.498021,     0.715838,     0.005898,
  1701.950,     0.780573,     0.412858,     0.008158,
  1702.000,     1.046924,     0.207046,     0.011256,
  1702.050,     1.206244,    -0.002225,     0.004698,
  1702.100,     1.191461,    -0.152308,     0.004258,
  1702.150,     0.926040,    -0.196308,     0.004389,
  1702.200,     0.546535,    -0.144487,     0.005249,
  1702.250,     0.105479,    -0.024069,     0.009046,
  1702.300,    -0.166608,     0.188871,     0.006474,
  1702.350,    -0.256472,     0.432309,     0.001241,
  1702.400,    -0.148229,     0.746406,     0.010016,
  1702.450,     0.058770,     1.113395,     0.013703,
  1702.500,     0.342497,     1.465388,     0.003061,
  1702.550,     0.564239,     1.738564,     0.004489,
  1702.600,     0.745018,     1.847772,     0.003330,
  1702.650,     0.828039,     1.741479,     0.002080,
  1702.700,     0.771559,     1.477008,     0.003997,
  1702.750,     0.648510,     1.112401,     0.004115,
  1702.800,     0.494679,     0.725569,     0.005790,
  1702.850,     0.378261,     0.264683,    -0.001114,
  1702.900,     0.280815,    -0.083359,    -0.002970,
  1702.950,     0.159364,    -0.329628,    -0.000102,
  1703.000,     0.018220,    -0.467160,    -0.003594,
  1703.050,    -0.081389,    -0.516775,     0.000359,
  1703.100,    -0.082663,    -0.552785,     0.000586,
  1703.150,     0.026409,    -0.531802,    -0.002350,
  1703.200,     0.163998,    -0.392810,    -0.000122,
  1703.250,     0.271832,    -0.156744,     0.000937,
  1703.300,     0.283178,     0.229008,    -0.002750,
  1703.350,     0.189633,     0.770950,     0.003662,
  1703.400,     0.031451,     1.354544,     0.004723,
  1703.450,    -0.195065,     1.873694,     0.004299,
  1703.500,    -0.438879,     2.146879,     0.003789,
  1703.550,    -0.596492,     2.142156,     0.003551,
  1703.600,    -0.569461,     1.924068,    -0.003124,
  1703.650,    -0.371291,     1.563748,     0.001917,
  1703.700,     0.032381,     1.072622,     0.008744,
  1703.750,     0.553741,     0.518133,     0.008034,
  1703.800,     1.041211,     0.011478,     0.011065,
  1703.850,     1.381045,    -0.299374,     0.015336,
  1703.900,     1.488987,    -0.382060,     0.007721,
  1703.950,     1.375809,    -0.316831,     0.004708,
  1704.000,     1.026212,    -0.070874,     0.004789,
  1704.050,     0.580440,     0.321376,     0.003844,
  1704.100,     0.098597,     0.846238,     0.006321,
  1704.150,    -0.270498,     1.416767,     0.006430,
  1704.200,    -0.471304,     1.969961,    -0.000825,
  1704.250,    -0.478577,     2.376415,     0.001483,
  1704.300,    -0.405455,     2.539956,     0.001482,
  1704.350,    -0.226045,     2.443849,    -0.000339,
  1704.400,    -0.012733,     2.187560,     0.000210,
  1704.450,     0.229900,     1.799463,     0.001129,
  1704.500,     0.436231,     1.304165,    -0.002922,
  1704.550,     0.605523,     0.827102,    -0.007460,
  1704.600,     0.735855,     0.365469,    -0.003083,
  1704.650,     0.832316,     0.092568,     0.003011,
  1704.700,     0.972306,     0.001743,     0.002342,
  1704.750,     1.048338,     0.116562,    -0.006969,
  1704.800,     0.987075,     0.365459,    -0.001826,
  1704.850,     0.774833,     0.687396,     0.002705,
  1704.900,     0.447496,     1.080751,     0.001826,
  1704.950,     0.065807,     1.547032,     0.002458,
  1705.000,    -0.275902,     2.028004,     0.000570,
  1705.050,    -0.547976,     2.429532,     0.002393,
  1705.100,    -0.679106,     2.701087,     0.005427,
  1705.150,    -0.678638,     2.786637,     0.004248,
  1705.200,    -0.527799,     2.728654,     0.000659,
  1705.250,    -0.320336,     2.588807,     0.002821,
  1705.300,    -0.077408,     2.410819,     0.007110,
  1705.350,     0.146118,     2.126121,     0.007624,
  1705.400,     0.349939,     1.815159,     0.004704,
  1705.450,     0.531884,     1.533803,     0.004540,
  1705.500,     0.690282,     1.343352,     0.004647,
  1705.550,     0.763305,     1.294895,     0.007428,
  1705.600,     0.763462,     1.230120,     0.012781,
  1705.650,     0.711139,     1.093479,     0.008168,
  1705.700,     0.577828,     0.922447,     0.005541,
  1705.750,     0.343762,     0.741133,     0.007356,
  1705.800,     0.130142,     0.618669,     0.003317,
  1705.850,     0.004880,     0.557503,     0.000101,
  1705.900,    -0.055291,     0.585135,     0.005294,
  1705.950,    -0.091785,     0.704118,     0.005121,
  1706.000,    -0.094732,     0.924126,     0.001001,
  1706.050,    -0.058716,     1.228105,    -0.003075,
  1706.100,    -0.039628,     1.440186,     0.001520,
  1706.150,     0.027691,     1.537056,    -0.003258,
  1706.200,     0.069872,     1.431115,    -0.006791,
  1706.250,     0.142817,     1.193729,     0.000526,
  1706.300,     0.243097,     0.862866,    -0.002772,
  1706.350,     0.402741,     0.475642,    -0.007294,
  1706.400,     0.607277,     0.149753,    -0.001786,
  1706.450,     0.803527,    -0.050592,     0.002958,
  1706.500,     0.949681,    -0.147607,    -0.002573,
  1706.550,     0.954415,    -0.136650,    -0.000019,
  1706.600,     0.803490,    -0.023186,     0.000998,
  1706.650,     0.573865,     0.111666,     0.002823,
  1706.700,     0.271405,     0.334724,     0.000346,
  1706.750,    -0.000176,     0.646764,     0.001050,
  1706.800,    -0.228443,     0.982969,     0.000672,
  1706.850,    -0.352970,     1.270086,     0.000720,
  1706.900,    -0.372386,     1.533274,     0.004523,
  1706.950,    -0.314530,     1.732812,     0.000122,
  1707.000,    -0.248743,     1.885977,     0.010463,
  1707.050,    -0.165296,     1.991964,     0.009707,
  1707.100,    -0.104229,     2.012803,     0.003540,
  1707.150,    -0.056527,     1.977728,     0.002485,
  1707.200,     0.017580,     1.943583,     0.007534,
  1707.250,     0.156216,     1.878060,     0.006562,
  1707.300,     0.381468,     1.716188,     0.009723,
  1707.350,     0.626184,     1.452515,     0.009010,
  1707.400,     0.904349,     1.139832,     0.007029,
  1707.450,     1.028127,     0.851223,     0.009107,
  1707.500,     1.013670,     0.639538,     0.005591,
  1707.550,     0.894765,     0.604060,     0.009902,
  1707.600,     0.672127,     0.813209,     0.005606,
  1707.650,     0.435992,     1.263659,     0.005698,
  1707.700,     0.093158,     1.836553,     0.009034,
  1707.750,    -0.209170,     2.379872,     0.002162,
  1707.800,    -0.433139,     2.806634,     0.001559,
  1707.850,    -0.523846,     3.011721,     0.003550,
  1707.900,    -0.475367,     2.980675,     0.005603,
  1707.950,    -0.290676,     2.724464,     0.002807,
  1708.000,    -0.004973,     2.294835,     0.001090,
  1708.050,     0.401902,     1.783803,    -0.004994,
  1708.100,     0.833883,     1.269205,    -0.000596,
  1708.150,     1.234482,     0.851650,     0.000820,
  1708.200,     1.437098,     0.570834,    -0.001160,
  1708.250,     1.466985,     0.472253,    -0.003361,
  1708.300,     1.288796,     0.513279,     0.005509,
  1708.350,     0.979223,     0.688256,     0.001070,
  1708.400,     0.589546,     0.913415,    -0.002981,
  1708.450,     0.168426,     1.097041,    -0.001218,
  1708.500,    -0.187641,     1.167100,     0.005467,
  1708.550,    -0.466594,     1.094580,     0.001291,
  1708.600,    -0.570889,     0.988459,     0.004060,
  1708.650,    -0.506790,     0.890508,    -0.000783,
  1708.700,    -0.293762,     0.825239,    -0.000056,
  1708.750,    -0.025788,     0.834482,     0.001707,
  1708.800,     0.295770,     0.937989,     0.005065,
  1708.850,     0.594881,     1.132657,     0.002330,
  1708.900,     0.880495,     1.381238,    -0.000990,
  1708.950,     1.131926,     1.550118,    -0.000996,
  1709.000,     1.278789,     1.592862,     0.002826,
  1709.050,     1.346143,     1.496985,     0.006617,
  1709.100,     1.241031,     1.364264,     0.003920,
  1709.150,     1.050755,     1.220443,     0.010827,
  1709.200,     0.852159,     1.113766,     0.006900,
  1709.250,     0.666479,     1.030876,     0.001692,
  1709.300,     0.493304,     0.993686,     0.002344,
  1709.350,     0.336354,     1.015238,     0.002834,
  1709.400,     0.250397,     1.048356,     0.006077,
  1709.450,     0.234217,     1.140385,     0.002839,
  1709.500,     0.275011,     1.279681,     0.001608,
  1709.550,     0.265412,     1.419368,     0.002029,
  1709.600,     0.188130,     1.520826,     0.001059,
  1709.650,     0.059825,     1.610550,     0.004831,
  1709.700,    -0.092582,     1.662439,     0.003376,
  1709.750,    -0.154801,     1.703517,     0.002924,
  1709.800,    -0.127546,     1.703155,     0.008671,
  1709.850,    -0.001430,     1.587031,     0.003437,
  1709.900,     0.188503,     1.316544,    -0.001254,
  1709.950,     0.408565,     0.990432,     0.002421,
  1710.000,     0.621999,     0.662223,     0.003022,
  1710.050,     0.747181,     0.439506,     0.004085,
  1710.100,     0.744416,     0.304805,     0.004736,
  1710.150,     0.538094,     0.298283,     0.005486,
  1710.200,     0.279101,     0.349277,     0.003848,
  1710.250,    -0.004793,     0.399695,     0.005074,
  1710.300,    -0.264945,     0.466908,     0.008008,
  1710.350,    -0.422646,     0.427609,     0.009967,
  1710.400,    -0.476025,     0.349779,     0.008483,
  1710.450,    -0.434892,     0.249391,     0.010086,
  1710.500,    -0.333272,     0.267603,     0.009802,
  1710.550,    -0.235135,     0.425202,     0.006070,
  1710.600,    -0.108761,     0.670064,     0.003104,
  1710.650,     0.030735,     0.961431,    -0.000141,
  1710.700,     0.189258,     1.192651,    -0.001284,
  1710.750,     0.381170,     1.314931,     0.000272,
  1710.800,     0.493078,     1.339182,    -0.002693,
  1710.850,     0.560144,     1.279172,     0.002936,
  1710.900,     0.641160,     1.094842,    -0.000260,
  1710.950,     0.767383,     0.915425,    -0.000536,
  1711.000,     0.834156,     0.741791,     0.000235,
  1711.050,     0.855862,     0.671570,    -0.002556,
  1711.100,     0.827882,     0.663055,    -0.003659,
  1711.150,     0.802974,     0.693004,     0.000435,
  1711.200,     0.762514,     0.829999,    -0.000804,
  1711.250,     0.642864,     1.120037,     0.001394,
  1711.300,     0.419457,     1.462619,     0.001441,
  1711.350,     0.158819,     1.783571,     0.001032,
  1711.400,    -0.072133,     1.975077,     0.001073,
  1711.450,    -0.234306,     1.983953,     0.002348,
  1711.500,    -0.236861,     1.791444,    -0.001043,
  1711.550,    -0.030774,     1.416287,     0.008086,
  1711.600,     0.335477,     0.902035,     0.003670,
  1711.650,     0.809323,     0.412966,     0.001362,
  1711.700,     1.240301,     0.053998,     0.006607,
  1711.750,     1.559375,    -0.022020,     0.010860,
  1711.800,     1.678679,     0.139481,     0.008780,
  1711.850,     1.549375,     0.468412,     0.005692,
  1711.900,     1.220543,     0.870126,     0.005329,
  1711.950,     0.772275,     1.249804,     0.002376,
  1712.000,     0.310409,     1.590034,     0.006205,
  1712.050,    -0.105662,     1.757380,     0.004726,
  1712.100,    -0.353978,     1.704202,     0.007209,
  1712.150,    -0.434708,     1.456662,     0.006909,
  1712.200,    -0.334186,     1.053388,     0.012655,
  1712.250,    -0.128759,     0.622955,     0.009119,
  1712.300,     0.118205,     0.310986,     0.008802,
  1712.350,     0.405234,     0.108602,     0.004022,
  1712.400,     0.578226,     0.160012,     0.007657,
  1712.450,     0.610813,     0.437557,     0.004709,
  1712.500,     0.549301,     0.908591,     0.005126,
  1712.550,     0.446656,     1.471358,     0.002028,
  1712.600,     0.357233,     1.942300,     0.004583,
  1712.650,     0.313094,     2.241039,    -0.004962,
  1712.700,     0.333931,     2.315176,    -0.000725,
  1712.750,     0.397641,     2.166940,    -0.004185,
  1712.800,     0.533111,     1.869105,    -0.006415,
  1712.850,     0.663769,     1.530207,    -0.001155,
  1712.900,     0.765471,     1.262102,    -0.004060,
  1712.950,     0.754087,     1.160561,    -0.001853,
  1713.000,     0.656542,     1.214127,    -0.005862,
  1713.050,     0.524537,     1.422144,    -0.004940,
  1713.100,     0.436140,     1.647660,    -0.004070,
  1713.150,     0.365879,     1.855765,    -0.007385,
  1713.200,     0.333437,     1.931107,     0.000369,
  1713.250,     0.339852,     1.816466,    -0.003441,
  1713.300,     0.332135,     1.621859,     0.000029,
  1713.350,     0.355280,     1.351444,    -0.003700,
  1713.400,     0.439091,     1.063327,     0.003251,
  1713.450,     0.548360,     0.848513,     0.005373,
  1713.500,     0.686456,     0.704341,     0.008454,
  1713.550,     0.747547,     0.688907,     0.002448,
  1713.600,     0.792223,     0.819090,     0.002188,
  1713.650,     0.794093,     1.103136,     0.009762,
  1713.700,     0.744312,     1.409114,     0.004046,
  1713.750,     0.631153,     1.692225,     0.014423,
  1713.800,     0.448396,     1.811971,     0.007751,
  1713.850,     0.197643,     1.754821,     0.002926,
  1713.900,    -0.013022,     1.591743,     0.012636,
  1713.950,    -0.185691,     1.231281,     0.007149,
  1714.000,    -0.244538,     0.797407,     0.004841,
  1714.050,    -0.234329,     0.365158,     0.011316,
  1714.100,    -0.125310,     0.034516,     0.008738,
  1714.150,    -0.031478,    -0.026658,     0.002707,
  1714.200,     0.047346,     0.184675,     0.003339,
  1714.250,     0.073887,     0.606210,     0.001834,
  1714.300,     0.015275,     1.089649,    -0.002823,
  1714.350,    -0.060422,     1.490815,     0.006380,
  1714.400,    -0.116859,     1.707233,     0.007517,
  1714.450,    -0.117134,     1.719465,    -0.001413,
  1714.500,     0.014994,     1.513489,     0.000006,
  1714.550,     0.170557,     1.197705,     0.001903,
  1714.600,     0.326910,     0.856871,    -0.003549,
  1714.650,     0.424694,     0.634544,    -0.003157,
  1714.700,     0.480314,     0.617475,    -0.004225,
  1714.750,     0.435286,     0.725275,     0.000390,
  1714.800,     0.344055,     0.924123,    -0.000143,
  1714.850,     0.162583,     1.106387,    -0.001067,
  1714.900,    -0.033495,     1.103005,    -0.001078,
  1714.950,    -0.174472,     0.913411,    -0.003639,
  1715.000,    -0.255926,     0.530180,    -0.004009,
  1715.050,    -0.288728,     0.134683,    -0.007559,
  1715.100,    -0.225797,    -0.269910,     0.000699,
  1715.150,    -0.079867,    -0.557224,    -0.003221,
  1715.200,     0.205556,    -0.683033,     0.000950,
  1715.250,     0.543783,    -0.571705,     0.001603,
  1715.300,     0.827369,    -0.304670,     0.002064,
  1715.350,     0.993711,     0.078485,     0.004900,
  1715.400,     0.987232,     0.538393,    -0.001028,
  1715.450,     0.778845,     1.028427,     0.001483,
  1715.500,     0.412917,     1.502242,     0.005831,
  1715.550,    -0.053058,     1.844738,     0.001648,
  1715.600,    -0.439750,     1.933996,     0.002116,
  1715.650,    -0.662555,     1.728565,     0.003498,
  1715.700,    -0.659290,     1.229859,     0.007285,
  1715.750,    -0.442578,     0.540926,     0.006677,
  1715.800,    -0.066327,    -0.165826,     0.004953,
  1715.850,     0.341645,    -0.740224,     0.009266,
  1715.900,     0.722750,    -1.057480,     0.010931,
  1715.950,     0.982443,    -1.035766,     0.002503,
  1716.000,     1.110259,    -0.629646,     0.002105,
  1716.050,     1.045118,     0.073212,    -0.000777,
  1716.100,     0.825944,     0.854730,     0.002166,
  1716.150,     0.517205,     1.581930,    -0.000074,
  1716.200,     0.246436,     2.064901,     0.009828,
  1716.250,     0.029835,     2.253151,     0.004763,
  1716.300,    -0.048281,     2.119534,    -0.000196,
  1716.350,     0.011818,     1.736978,    -0.001293,
  1716.400,     0.172518,     1.250300,     0.001650,
  1716.450,     0.480248,     0.746373,     0.003261,
  1716.500,     0.774246,     0.391037,    -0.001822,
  1716.550,     0.992935,     0.223613,     0.005754,
  1716.600,     1.086030,     0.227837,     0.002689,
  1716.650,     1.020146,     0.283777,    -0.001225,
  1716.700,     0.818180,     0.363875,     0.002819,
  1716.750,     0.591840,     0.414411,    -0.003419,
  1716.800,     0.351919,     0.382238,     0.002809,
  1716.850,     0.211284,     0.386000,     0.001022,
  1716.900,     0.184062,     0.413724,    -0.005410,
  1716.950,     0.285357,     0.532464,    -0.003215,
  1717.000,     0.438071,     0.767610,    -0.002184,
  1717.050,     0.613924,     1.103108,    -0.002624,
  1717.100,     0.708912,     1.447134,    -0.002852,
  1717.150,     0.668115,     1.758704,    -0.000800,
  1717.200,     0.504528,     1.913312,     0.005922,
  1717.250,     0.273556,     1.989301,     0.001163,
  1717.300,     0.027441,     1.956454,     0.002631,
  1717.350,    -0.177808,     1.767766,     0.009989,
  1717.400,    -0.314747,     1.530295,     0.004352,
  1717.450,    -0.357292,     1.168417,     0.005260,
  1717.500,    -0.261712,     0.812636,     0.007040,
  1717.550,    -0.092129,     0.407275,     0.001386,
  1717.600,     0.143641,     0.038021,     0.013710,
  1717.650,     0.402955,    -0.290806,     0.006541,
  1717.700,     0.606652,    -0.475594,     0.007341,
  1717.750,     0.667026,    -0.410213,     0.007926,
  1717.800,     0.605921,    -0.052088,     0.004550,
  1717.850,     0.429080,     0.457475,     0.007116,
  1717.900,     0.168791,     0.988306,     0.008121,
  1717.950,    -0.149678,     1.415740,     0.004540,
  1718.000,    -0.410946,     1.668179,    -0.000155,
  1718.050,    -0.576024,     1.705765,     0.000553,
  1718.100,    -0.571431,     1.583977,     0.001368,
  1718.150,    -0.399759,     1.329943,     0.002435,
  1718.200,    -0.141163,     1.036802,    -0.003098,
  1718.250,     0.160590,     0.768220,    -0.003210,
  1718.300,     0.370666,     0.553401,    -0.000266,
  1718.350,     0.438339,     0.472896,     0.000693,
  1718.400,     0.380159,     0.491900,    -0.007795,
  1718.450,     0.228556,     0.624468,    -0.007633,
  1718.500,     0.030493,     0.761028,    -0.006593,
  1718.550,    -0.110768,     0.885877,    -0.005304,
  1718.600,    -0.091629,     0.965360,    -0.003343,
  1718.650,     0.073260,     1.019752,     0.005225,
  1718.700,     0.315311,     1.055398,     0.006918,
  1718.750,     0.636026,     1.122704,     0.004436,
  1718.800,     0.927139,     1.344286,     0.007748,
  1718.850,     1.053911,     1.613377,     0.008025,
  1718.900,     1.077757,     1.994283,     0.008596,
  1718.950,     0.956167,     2.344918,     0.003723,
  1719.000,     0.793378,     2.580013,     0.008224,
  1719.050,     0.599890,     2.720220,     0.010137,
  1719.100,     0.470601,     2.634843,     0.009323,
  1719.150,     0.474309,     2.351094,     0.008627,
  1719.200,     0.591828,     1.910511,     0.009151,
  1719.250,     0.823157,     1.332618,     0.004235,
  1719.300,     1.057881,     0.717710,     0.007084,
  1719.350,     1.307836,     0.149211,    -0.006699,
  1719.400,     1.563233,    -0.231224,     0.004679,
  1719.450,     1.763198,    -0.365955,    -0.005321,
  1719.500,     1.852075,    -0.252983,    -0.005646,
  1719.550,     1.739119,     0.065889,    -0.003372,
  1719.600,     1.422900,     0.584058,    -0.010543,
  1719.650,     0.892984,     1.177586,    -0.008593,
  1719.700,     0.304777,     1.803306,    -0.007788,
  1719.750,    -0.292299,     2.287425,    -0.005032,
  1719.800,    -0.802819,     2.540220,    -0.004021,
  1719.850,    -1.077638,     2.506058,    -0.000102,
  1719.900,    -1.092474,     2.308830,     0.005042,
  1719.950,    -0.859641,     1.970036,     0.000650,
  1720.000,    -0.398522,     1.608460,     0.008370,

