Time_abs/ps, Signal 1/nA, Ref.signal 1/nA, Signal 2/nA, Ref.signal 2/nA
  1600.000,     0.006080,     0.007615,     0.002792,
  1600.050,     0.009089,    -0.004646,     0.002328,
  1600.100,    -0.005781,     0.011497,     0.001679,
  1600.150,     0.008191,    -0.005388,     0.000312,
  1600.200,    -0.017579,    -0.009079,    -0.007111,
  1600.250,    -0.015410,    -0.022884,    -0.003872,
  1600.300,    -0.001373,    -0.011605,    -0.007041,
  1600.350,    -0.026235,     0.000561,    -0.012294,
  1600.400,    -0.014354,     0.010459,    -0.011807,
  1600.450,    -0.029592,     0.008771,    -0.014476,
  1600.500,    -0.047019,    -0.000034,    -0.011704,
  1600.550,    -0.029457,    -0.009125,    -0.008191,
  1600.600,    -0.015434,    -0.021215,    -0.004104,
  1600.650,    -0.031899,    -0.028924,    -0.002806,
  1600.700,    -0.023025,    -0.024922,    -0.002839,
  1600.750,    -0.025598,    -0.033412,    -0.003236,
  1600.800,    -0.020863,    -0.027306,    -0.000333,
  1600.850,    -0.020415,    -0.001638,     0.007628,
  1600.900,    -0.001374,    -0.017430,     0.007596,
  1600.950,    -0.003390,    -0.006954,     0.008424,
  1601.000,     0.002743,    -0.025601,     0.006721,
  1601.050,    -0.000511,    -0.025349,    -0.000905,
  1601.100,     0.015360,    -0.009534,     0.003766,
  1601.150,    -0.005075,    -0.028449,     0.008962,
  1601.200,    -0.003542,    -0.018410,    -0.002373,
  1601.250,    -0.030519,    -0.022588,    -0.003932,
  1601.300,    -0.019855,    -0.037640,     0.008509,
  1601.350,    -0.028007,    -0.024145,    -0.001338,
  1601.400,    -0.032849,    -0.019708,     0.002160,
  1601.450,    -0.046058,    -0.036830,    -0.007319,
  1601.500,    -0.032568,    -0.020360,    -0.004751,
  1601.550,    -0.040469,    -0.021295,    -0.005250,
  1601.600,    -0.046052,    -0.019094,    -0.008714,
  1601.650,    -0.026025,    -0.038961,    -0.009008,
  1601.700,    -0.037308,    -0.039712,    -0.009844,
  1601.750,    -0.051018,    -0.046448,    -0.009240,
  1601.800,    -0.043498,    -0.049859,    -0.012958,
  1601.850,    -0.039010,    -0.056273,    -0.007252,
  1601.900,    -0.046449,    -0.066449,     0.000757,
  1601.950,    -0.010017,    -0.072077,    -0.006743,
  1602.000,    -0.034126,    -0.063971,    -0.002640,
  1602.050,    -0.007753,    -0.049452,    -0.003400,
  1602.100,    -0.015636,    -0.059367,    -0.003600,
  1602.150,     0.001900,    -0.063293,     0.002700,
  1602.200,    -0.027360,    -0.057947,     0.002977,
  1602.250,    -0.016135,    -0.047525,     0.002559,
  1602.300,    -0.012565,    -0.066134,    -0.002244,
  1602.350,     0.000098,    -0.074133,     0.003274,
  1602.400,     0.003367,    -0.077379,     0.006844,
  1602.450,     0.012043,    -0.060169,     0.005058,
  1602.500,    -0.001922,    -0.080268,    -0.001743,
  1602.550,    -0.017616,    -0.067907,     0.005288,
  1602.600,    -0.014458,    -0.099132,     0.004460,
  1602.650,    -0.012818,    -0.079462,     0.006747,
  1602.700,    -0.019114,    -0.061615,    -0.003788,
  1602.750,    -0.022316,    -0.055587,    -0.005377,
  1602.800,    -0.017445,    -0.049285,    -0.006790,
  1602.850,    -0.037256,    -0.061351,    -0.005367,
  1602.900,    -0.024859,    -0.051576,    -0.010302,
  1602.950,    -0.038180,    -0.030425,    -0.010995,
  1603.000,    -0.020705,    -0.045516,    -0.012286,
  1603.050,    -0.022279,    -0.046597,    -0.009373,
  1603.100,    -0.051609,    -0.041525,    -0.009767,
  1603.150,    -0.024210,    -0.058770,    -0.006264,
  1603.200,    -0.034150,    -0.067038,    -0.007287,
  1603.250,    -0.034789,    -0.060943,    -0.008993,
  1603.300,    -0.030245,    -0.046130,    -0.009631,
  1603.350,    -0.045529,    -0.044856,    -0.004748,
  1603.400,    -0.025119,    -0.048941,    -0.004276,
  1603.450,    -0.020305,    -0.057768,    -0.001208,
  1603.500,    -0.021204,    -0.061647,    -0.002723,
  1603.550,    -0.021407,    -0.072860,     0.002907,
  1603.600,    -0.015562,    -0.050958,     0.006125,
  1603.650,    -0.013739,    -0.058043,     0.006628,
  1603.700,    -0.023108,    -0.046480,     0.006006,
  1603.750,    -0.011436,    -0.039911,     0.004193,
  1603.800,     0.015699,    -0.055079,     0.002366,
  1603.850,    -0.020128,    -0.055890,     0.004080,
  1603.900,    -0.011795,    -0.060794,    -0.000030,
  1603.950,    -0.019400,    -0.056321,     0.002487,
  1604.000,    -0.021752,    -0.053461,    -0.000887,
  1604.050,    -0.036586,    -0.061511,     0.003591,
  1604.100,    -0.043437,    -0.073083,     0.000642,
  1604.150,    -0.029412,    -0.058812,     0.007339,
  1604.200,    -0.047153,    -0.056921,    -0.000816,
  1604.250,    -0.032746,    -0.052816,     0.001562,
  1604.300,    -0.022324,    -0.051204,    -0.004577,
  1604.350,    -0.030520,    -0.050098,    -0.000917,
  1604.400,    -0.019587,    -0.051308,    -0.005933,
  1604.450,    -0.030950,    -0.055452,    -0.005854,
  1604.500,    -0.027796,    -0.068069,    -0.007737,
  1604.550,    -0.032962,    -0.050001,    -0.007717,
  1604.600,    -0.003752,    -0.060544,    -0.003774,
  1604.650,    -0.032681,    -0.066102,    -0.006965,
  1604.700,    -0.024266,    -0.067510,    -0.005334,
  1604.750,    -0.034468,    -0.069713,    -0.007221,
  1604.800,    -0.036210,    -0.075049,    -0.008969,
  1604.850,    -0.020268,    -0.068252,    -0.003223,
  1604.900,    -0.014958,    -0.068048,    -0.006839,
  1604.950,    -0.029041,    -0.057182,    -0.008502,
  1605.000,    -0.005147,    -0.074073,    -0.006268,
  1605.050,    -0.035809,    -0.073767,    -0.003750,
  1605.100,    -0.035022,    -0.058804,    -0.001789,
  1605.150,    -0.012988,    -0.074817,     0.001530,
  1605.200,    -0.011699,    -0.054424,     0.001025,
  1605.250,    -0.013385,    -0.059604,     0.001541,
  1605.300,    -0.003021,    -0.073760,    -0.000307,
  1605.350,    -0.020677,    -0.080658,     0.000411,
  1605.400,     0.006291,    -0.064059,     0.004057,
  1605.450,    -0.015238,    -0.066206,    -0.003320,
  1605.500,    -0.010489,    -0.061892,    -0.004902,
  1605.550,    -0.014531,    -0.056416,    -0.003572,
  1605.600,    -0.030582,    -0.060449,     0.006788,
  1605.650,    -0.000438,    -0.062375,     0.005832,
  1605.700,    -0.025202,    -0.064690,     0.002290,
  1605.750,    -0.008210,    -0.067201,    -0.004037,
  1605.800,    -0.010420,    -0.053317,    -0.000225,
  1605.850,    -0.020390,    -0.075328,     0.002597,
  1605.900,    -0.007410,    -0.081720,     0.001365,
  1605.950,    -0.007600,    -0.084957,    -0.002858,
  1606.000,    -0.007122,    -0.063255,    -0.006276,
  1606.050,    -0.009779,    -0.061329,    -0.002434,
  1606.100,    -0.025252,    -0.043735,    -0.007288,
  1606.150,    -0.032749,    -0.050841,    -0.009514,
  1606.200,    -0.013227,    -0.062682,    -0.010748,
  1606.250,    -0.024424,    -0.048538,    -0.006307,
  1606.300,    -0.030300,    -0.051206,    -0.003981,
  1606.350,    -0.035555,    -0.056931,    -0.005094,
  1606.400,    -0.011524,    -0.061721,    -0.003081,
  1606.450,    -0.021580,    -0.077838,    -0.001506,
  1606.500,    -0.007374,    -0.075351,    -0.011828,
  1606.550,     0.006715,    -0.045355,    -0.006073,
  1606.600,    -0.002036,    -0.075436,    -0.005226,
  1606.650,    -0.006178,    -0.075216,    -0.006324,
  1606.700,    -0.024263,    -0.067222,    -0.003452,
  1606.750,    -0.011117,    -0.063340,     0.000255,
  1606.800,    -0.013000,    -0.069187,     0.003358,
  1606.850,     0.011452,    -0.065506,    -0.001683,
  1606.900,    -0.003021,    -0.051772,    -0.001906,
  1606.950,    -0.008867,    -0.049198,     0.001805,
  1607.000,    -0.014648,    -0.044549,     0.000706,
  1607.050,    -0.004608,    -0.057717,    -0.002774,
  1607.100,    -0.004128,    -0.057853,    -0.001498,
  1607.150,     0.013203,    -0.075347,     0.000320,
  1607.200,     0.006414,    -0.075670,     0.004077,
  1607.250,     0.005670,    -0.067853,    -0.002069,
  1607.300,     0.024165,    -0.065862,     0.003499,
  1607.350,     0.014217,    -0.091792,     0.006549,
  1607.400,     0.013015,    -0.095613,     0.003173,
  1607.450,     0.001382,    -0.089350,     0.005807,
  1607.500,     0.010438,    -0.075400,     0.005529,
  1607.550,     0.010719,    -0.104859,     0.003394,
  1607.600,     0.007651,    -0.098777,     0.000430,
  1607.650,     0.013434,    -0.092790,    -0.005314,
  1607.700,     0.006089,    -0.102410,    -0.005556,
  1607.750,    -0.013580,    -0.103796,    -0.005045,
  1607.800,     0.016780,    -0.101278,    -0.000128,
  1607.850,     0.027643,    -0.124529,    -0.000215,
  1607.900,    -0.000609,    -0.136633,    -0.000560,
  1607.950,    -0.004200,    -0.124998,    -0.004468,
  1608.000,     0.019132,    -0.137278,    -0.006763,
  1608.050,     0.011292,    -0.131250,    -0.007465,
  1608.100,     0.010519,    -0.141260,    -0.006664,
  1608.150,     0.020989,    -0.161652,    -0.005954,
  1608.200,     0.006395,    -0.162870,    -0.006966,
  1608.250,     0.006377,    -0.156415,    -0.007726,
  1608.300,     0.007695,    -0.147483,    -0.013607,
  1608.350,     0.021731,    -0.147606,    -0.005708,
  1608.400,     0.025983,    -0.157783,    -0.005293,
  1608.450,     0.025924,    -0.149063,     0.000023,
  1608.500,     0.015057,    -0.130967,    -0.003196,
  1608.550,     0.010202,    -0.132564,    -0.007821,
  1608.600,     0.023137,    -0.131408,    -0.003887,
  1608.650,     0.014093,    -0.119437,    -0.006331,
  1608.700,     0.014639,    -0.132012,    -0.006531,
  1608.750,     0.000659,    -0.130531,     0.001010,
  1608.800,     0.005071,    -0.127366,    -0.005606,
  1608.850,     0.017593,    -0.114349,    -0.006064,
  1608.900,     0.033877,    -0.118084,     0.006858,
  1608.950,     0.024141,    -0.108535,     0.006274,
  1609.000,     0.016713,    -0.122791,    -0.004902,
  1609.050,     0.018771,    -0.112637,     0.001516,
  1609.100,     0.024971,    -0.100752,     0.009746,
  1609.150,     0.026779,    -0.101737,     0.004883,
  1609.200,     0.031412,    -0.083625,    -0.000428,
  1609.250,     0.040035,    -0.090299,    -0.001328,
  1609.300,     0.031729,    -0.092264,     0.004993,
  1609.350,     0.017804,    -0.063074,     0.008333,
  1609.400,     0.027963,    -0.072413,     0.006532,
  1609.450,     0.023338,    -0.097468,     0.002448,
  1609.500,     0.006360,    -0.062004,    -0.002868,
  1609.550,     0.032753,    -0.074665,    -0.001576,
  1609.600,     0.025684,    -0.082541,    -0.001538,
  1609.650,     0.026237,    -0.095405,    -0.002859,
  1609.700,     0.022604,    -0.072481,     0.004411,
  1609.750,     0.024929,    -0.073364,     0.006332,
  1609.800,     0.019583,    -0.048757,     0.002560,
  1609.850,     0.027245,    -0.050317,     0.000242,
  1609.900,     0.040710,    -0.050132,     0.003858,
  1609.950,     0.019758,    -0.052159,    -0.000056,
  1610.000,     0.006632,    -0.076507,    -0.005367,
  1610.050,     0.013478,    -0.090168,    -0.005582,
  1610.100,     0.004552,    -0.092489,    -0.004667,
  1610.150,     0.001890,    -0.092585,    -0.006450,
  1610.200,     0.009444,    -0.087222,    -0.006541,
  1610.250,    -0.004665,    -0.102442,    -0.010485,
  1610.300,     0.008181,    -0.110517,    -0.004924,
  1610.350,     0.019510,    -0.117500,     0.000795,
  1610.400,     0.012292,    -0.123959,    -0.008947,
  1610.450,     0.013421,    -0.132789,    -0.008819,
  1610.500,     0.003353,    -0.137259,    -0.011476,
  1610.550,     0.008861,    -0.141640,    -0.009265,
  1610.600,    -0.000030,    -0.131035,    -0.008841,
  1610.650,    -0.002989,    -0.137492,    -0.009986,
  1610.700,     0.005427,    -0.131505,    -0.005943,
  1610.750,    -0.000283,    -0.161033,    -0.004180,
  1610.800,     0.000149,    -0.172221,    -0.004373,
  1610.850,     0.015957,    -0.194941,     0.000847,
  1610.900,     0.021867,    -0.172747,    -0.000792,
  1610.950,     0.017772,    -0.179672,    -0.000619,
  1611.000,     0.038763,    -0.196484,     0.000262,
  1611.050,     0.029061,    -0.217035,     0.003355,
  1611.100,     0.031609,    -0.213329,     0.006516,
  1611.150,     0.016985,    -0.239635,     0.007180,
  1611.200,     0.027693,    -0.240099,     0.005269,
  1611.250,     0.033872,    -0.215287,     0.002302,
  1611.300,     0.024557,    -0.217257,     0.004510,
  1611.350,     0.014790,    -0.223915,     0.009211,
  1611.400,     0.020402,    -0.225158,     0.004717,
  1611.450,     0.011419,    -0.227445,     0.003309,
  1611.500,     0.007464,    -0.219021,    -0.001777,
  1611.550,     0.002468,    -0.196926,    -0.000860,
  1611.600,    -0.025002,    -0.221091,     0.001589,
  1611.650,    -0.006383,    -0.212736,     0.000821,
  1611.700,    -0.021310,    -0.199161,    -0.001270,
  1611.750,    -0.031275,    -0.192209,    -0.000920,
  1611.800,    -0.033515,    -0.199529,     0.002600,
  1611.850,    -0.024773,    -0.174264,    -0.007902,
  1611.900,    -0.031762,    -0.168421,    -0.005600,
  1611.950,    -0.045044,    -0.185613,    -0.002485,
  1612.000,    -0.042019,    -0.193127,    -0.007005,
  1612.050,    -0.046752,    -0.202004,    -0.007068,
  1612.100,    -0.036591,    -0.203686,    -0.008551,
  1612.150,    -0.043806,    -0.192196,    -0.005453,
  1612.200,    -0.056283,    -0.228909,    -0.008104,
  1612.250,    -0.050816,    -0.217702,    -0.009115,
  1612.300,    -0.047175,    -0.218946,    -0.007789,
  1612.350,    -0.041627,    -0.226065,    -0.012574,
  1612.400,    -0.038431,    -0.209106,    -0.008208,
  1612.450,    -0.052485,    -0.219318,    -0.011942,
  1612.500,    -0.048274,    -0.206316,    -0.009145,
  1612.550,    -0.042308,    -0.213026,    -0.003111,
  1612.600,    -0.013052,    -0.230964,    -0.004341,
  1612.650,    -0.020612,    -0.237960,    -0.000957,
  1612.700,    -0.015287,    -0.240506,    -0.002453,
  1612.750,    -0.018252,    -0.236160,    -0.004190,
  1612.800,    -0.009402,    -0.233167,    -0.008246,
  1612.850,    -0.010350,    -0.256656,     0.001642,
  1612.900,     0.006444,    -0.239617,     0.001614,
  1612.950,     0.015944,    -0.245471,    -0.002544,
  1613.000,     0.019212,    -0.262886,    -0.001852,
  1613.050,     0.002468,    -0.251333,     0.005254,
  1613.100,    -0.003349,    -0.256567,     0.003624,
  1613.150,     0.001052,    -0.244889,     0.006132,
  1613.200,    -0.006457,    -0.267568,     0.006592,
  1613.250,     0.012441,    -0.263436,     0.006553,
  1613.300,     0.030203,    -0.261406,     0.003563,
  1613.350,     0.017006,    -0.262316,     0.005265,
  1613.400,     0.023257,    -0.263597,     0.005949,
  1613.450,     0.003374,    -0.263895,     0.009424,
  1613.500,     0.007758,    -0.253962,     0.006455,
  1613.550,     0.002044,    -0.267384,     0.004784,
  1613.600,     0.011935,    -0.282852,     0.002084,
  1613.650,     0.016643,    -0.294390,     0.004754,
  1613.700,     0.019083,    -0.269291,     0.002711,
  1613.750,     0.017669,    -0.296063,     0.000268,
  1613.800,     0.020158,    -0.295676,     0.002529,
  1613.850,     0.010975,    -0.290447,     0.001800,
  1613.900,     0.001459,    -0.308364,     0.000463,
  1613.950,     0.007304,    -0.311033,    -0.000547,
  1614.000,     0.005042,    -0.298176,    -0.007500,
  1614.050,    -0.014659,    -0.320096,    -0.008157,
  1614.100,    -0.023460,    -0.327092,    -0.003800,
  1614.150,    -0.023570,    -0.336267,    -0.001786,
  1614.200,    -0.033083,    -0.347295,    -0.009092,
  1614.250,    -0.037864,    -0.345886,    -0.011161,
  1614.300,    -0.040576,    -0.330335,    -0.010387,
  1614.350,    -0.058552,    -0.335595,    -0.009712,
  1614.400,    -0.058890,    -0.326397,    -0.010642,
  1614.450,    -0.057608,    -0.335081,    -0.010326,
  1614.500,    -0.049492,    -0.341281,    -0.011099,
  1614.550,    -0.059922,    -0.341916,    -0.014737,
  1614.600,    -0.049864,    -0.342900,    -0.011263,
  1614.650,    -0.063101,    -0.342125,    -0.005775,
  1614.700,    -0.081223,    -0.318097,    -0.007954,
  1614.750,    -0.087335,    -0.315540,    -0.009271,
  1614.800,    -0.074813,    -0.298863,    -0.004016,
  1614.850,    -0.075655,    -0.298416,    -0.000869,
  1614.900,    -0.083515,    -0.312369,    -0.009248,
  1614.950,    -0.093508,    -0.298750,    -0.004520,
  1615.000,    -0.096135,    -0.299329,     0.002982,
  1615.050,    -0.091345,    -0.316875,    -0.004867,
  1615.100,    -0.089122,    -0.339941,    -0.003437,
  1615.150,    -0.075393,    -0.354372,    -0.003262,
  1615.200,    -0.077372,    -0.349586,    -0.004522,
  1615.250,    -0.083466,    -0.375272,     0.001010,
  1615.300,    -0.073024,    -0.391255,     0.003553,
  1615.350,    -0.069274,    -0.412063,     0.003701,
  1615.400,    -0.092801,    -0.422098,     0.003518,
  1615.450,    -0.097129,    -0.408363,     0.003658,
  1615.500,    -0.082764,    -0.404922,     0.000660,
  1615.550,    -0.079659,    -0.411461,     0.005160,
  1615.600,    -0.091059,    -0.401083,     0.007501,
  1615.650,    -0.099990,    -0.408784,     0.003834,
  1615.700,    -0.089630,    -0.415894,     0.003304,
  1615.750,    -0.096481,    -0.406058,     0.002936,
  1615.800,    -0.092030,    -0.429032,     0.002357,
  1615.850,    -0.080965,    -0.454615,     0.001516,
  1615.900,    -0.088224,    -0.455064,     0.000831,
  1615.950,    -0.091801,    -0.455368,    -0.003378,
  1616.000,    -0.105983,    -0.466990,     0.001694,
  1616.050,    -0.082504,    -0.474880,     0.001030,
  1616.100,    -0.082851,    -0.480263,    -0.003869,
  1616.150,    -0.068719,    -0.480738,    -0.005843,
  1616.200,    -0.086278,    -0.476577,    -0.004578,
  1616.250,    -0.101304,    -0.483261,    -0.001650,
  1616.300,    -0.098481,    -0.490949,    -0.003940,
  1616.350,    -0.098511,    -0.490765,    -0.013463,
  1616.400,    -0.108861,    -0.495713,    -0.011836,
  1616.450,    -0.106319,    -0.492477,    -0.012445,
  1616.500,    -0.135210,    -0.503176,    -0.012048,
  1616.550,    -0.126461,    -0.526755,    -0.008224,
  1616.600,    -0.117943,    -0.506274,    -0.004709,
  1616.650,    -0.118486,    -0.492097,    -0.012752,
  1616.700,    -0.110485,    -0.494707,    -0.012523,
  1616.750,    -0.126323,    -0.491688,    -0.009758,
  1616.800,    -0.125797,    -0.491173,    -0.010536,
  1616.850,    -0.125315,    -0.493725,    -0.007278,
  1616.900,    -0.162541,    -0.487156,    -0.004395,
  1616.950,    -0.148800,    -0.489569,    -0.005257,
  1617.000,    -0.153111,    -0.506868,    -0.005764,
  1617.050,    -0.177166,    -0.487291,    -0.000468,
  1617.100,    -0.166042,    -0.474220,     0.000266,
  1617.150,    -0.145154,    -0.483483,    -0.002917,
  1617.200,    -0.144297,    -0.473541,    -0.000995,
  1617.250,    -0.161218,    -0.474562,    -0.003225,
  1617.300,    -0.171962,    -0.456456,    -0.001038,
  1617.350,    -0.172724,    -0.446705,    -0.001737,
  1617.400,    -0.171561,    -0.459078,    -0.002327,
  1617.450,    -0.151991,    -0.445847,    -0.002772,
  1617.500,    -0.158195,    -0.438835,     0.005041,
  1617.550,    -0.178528,    -0.433537,     0.004707,
  1617.600,    -0.171119,    -0.436497,     0.000318,
  1617.650,    -0.152843,    -0.418269,     0.005535,
  1617.700,    -0.156449,    -0.416141,     0.005841,
  1617.750,    -0.159040,    -0.407228,     0.003863,
  1617.800,    -0.169423,    -0.401720,     0.004246,
  1617.850,    -0.191496,    -0.380863,     0.002548,
  1617.900,    -0.183277,    -0.371745,    -0.000320,
  1617.950,    -0.166299,    -0.338327,     0.006205,
  1618.000,    -0.177020,    -0.281234,     0.006189,
  1618.050,    -0.186081,    -0.232384,     0.004733,
  1618.100,    -0.190459,    -0.193871,     0.003880,
  1618.150,    -0.178408,    -0.161821,     0.005210,
  1618.200,    -0.181658,    -0.119875,     0.005950,
  1618.250,    -0.184399,    -0.077524,     0.003290,
  1618.300,    -0.167896,    -0.071774,    -0.004341,
  1618.350,    -0.175833,    -0.087374,     0.002106,
  1618.400,    -0.178181,    -0.196099,     0.000861,
  1618.450,    -0.185234,    -0.348139,    -0.003760,
  1618.500,    -0.178747,    -0.610612,    -0.007582,
  1618.550,    -0.176405,    -0.952923,    -0.008706,
  1618.600,    -0.180827,    -1.333053,    -0.011477,
  1618.650,    -0.218082,    -1.743931,    -0.008560,
  1618.700,    -0.226769,    -2.126887,    -0.007102,
  1618.750,    -0.209983,    -2.394161,    -0.011698,
  1618.800,    -0.217613,    -2.457728,    -0.012854,
  1618.850,    -0.246859,    -2.309845,    -0.010355,
  1618.900,    -0.219253,    -1.995652,    -0.012649,
  1618.950,    -0.221124,    -1.602009,    -0.016886,
  1619.000,    -0.222832,    -1.184876,    -0.014105,
  1619.050,    -0.232961,    -0.797805,    -0.011495,
  1619.100,    -0.228902,    -0.520714,    -0.009601,
  1619.150,    -0.243409,    -0.297820,    -0.006349,
  1619.200,    -0.266069,    -0.164513,    -0.003514,
  1619.250,    -0.261520,    -0.133796,    -0.005732,
  1619.300,    -0.257974,    -0.141140,    -0.011742,
  1619.350,    -0.255939,    -0.189173,    -0.006100,
  1619.400,    -0.261755,    -0.272831,    -0.006253,
  1619.450,    -0.239919,    -0.366149,    -0.002766,
  1619.500,    -0.248950,    -0.414662,    -0.003125,
  1619.550,    -0.261149,    -0.486669,     0.000835,
  1619.600,    -0.256253,    -0.532702,     0.003367,
  1619.650,    -0.261012,    -0.559336,     0.004614,
  1619.700,    -0.242497,    -0.580338,    -0.000684,
  1619.750,    -0.248057,    -0.589772,     0.004185,
  1619.800,    -0.266308,    -0.591029,     0.004766,
  1619.850,    -0.265061,    -0.607447,     0.007736,
  1619.900,    -0.278882,    -0.624791,     0.009992,
  1619.950,    -0.286448,    -0.651564,     0.010502,
  1620.000,    -0.293915,    -0.699427,     0.009119,
  1620.050,    -0.277319,    -0.712156,     0.011896,
  1620.100,    -0.273562,    -0.740053,     0.004932,
  1620.150,    -0.273630,    -0.779035,     0.004096,
  1620.200,    -0.265144,    -0.777557,     0.006369,
  1620.250,    -0.272966,    -0.783301,     0.007373,
  1620.300,    -0.277186,    -0.795376,     0.006425,
  1620.350,    -0.269215,    -0.762885,     0.007661,
  1620.400,    -0.265021,    -0.756703,     0.001230,
  1620.450,    -0.296612,    -0.755122,    -0.007190,
  1620.500,    -0.308431,    -0.759587,    -0.000150,
  1620.550,    -0.302928,    -0.770126,    -0.003987,
  1620.600,    -0.301786,    -0.762379,    -0.009836,
  1620.650,    -0.310167,    -0.799293,    -0.003801,
  1620.700,    -0.288320,    -0.826538,    -0.003670,
  1620.750,    -0.299845,    -0.825007,    -0.005639,
  1620.800,    -0.314973,    -0.836559,    -0.012614,
  1620.850,    -0.306012,    -0.864981,    -0.010788,
  1620.900,    -0.279794,    -0.872562,    -0.008465,
  1620.950,    -0.289248,    -0.863349,    -0.016461,
  1621.000,    -0.312740,    -0.892779,    -0.013765,
  1621.050,    -0.279612,    -0.900679,    -0.012226,
  1621.100,    -0.278993,    -0.903279,    -0.011120,
  1621.150,    -0.274331,    -0.929399,    -0.016542,
  1621.200,    -0.289266,    -0.946151,    -0.014723,
  1621.250,    -0.273928,    -0.973433,    -0.011040,
  1621.300,    -0.278984,    -1.002156,    -0.008409,
  1621.350,    -0.256528,    -1.031033,    -0.009464,
  1621.400,    -0.229805,    -1.055723,    -0.006792,
  1621.450,    -0.234616,    -1.082439,    -0.004281,
  1621.500,    -0.220804,    -1.040745,    -0.002259,
  1621.550,    -0.206658,    -1.007067,    -0.003201,
  1621.600,    -0.180396,    -0.969472,    -0.002917,
  1621.650,    -0.182905,    -0.923275,     0.000051,
  1621.700,    -0.170918,    -0.868363,    -0.000842,
  1621.750,    -0.162746,    -0.839668,     0.001063,
  1621.800,    -0.125286,    -0.839075,     0.003318,
  1621.850,    -0.099732,    -0.835832,     0.006864,
  1621.900,    -0.067111,    -0.868083,     0.013028,
  1621.950,    -0.041600,    -0.905803,     0.005824,
  1622.000,    -0.024114,    -0.925178,     0.001319,
  1622.050,     0.012990,    -0.925425,     0.003877,
  1622.100,     0.039900,    -0.933014,     0.009905,
  1622.150,     0.048223,    -0.943333,     0.002154,
  1622.200,     0.041855,    -0.946160,     0.004225,
  1622.250,    -0.023181,    -0.947706,     0.012011,
  1622.300,    -0.146581,    -0.936598,     0.011735,
  1622.350,    -0.318082,    -0.911204,     0.004779,
  1622.400,    -0.547596,    -0.902913,     0.007277,
  1622.450,    -0.800662,    -0.885350,     0.004822,
  1622.500,    -1.066892,    -0.852988,     0.001880,
  1622.550,    -1.317093,    -0.809969,    -0.001062,
  1622.600,    -1.477896,    -0.785377,     0.000386,
  1622.650,    -1.479803,    -0.742969,    -0.000661,
  1622.700,    -1.361096,    -0.686576,     0.002203,
  1622.750,    -1.159826,    -0.613374,    -0.002974,
  1622.800,    -0.876984,    -0.510101,    -0.003568,
  1622.850,    -0.587244,    -0.403846,    -0.008926,
  1622.900,    -0.341873,    -0.275957,    -0.013742,
  1622.950,    -0.189996,    -0.136301,    -0.008846,
  1623.000,    -0.060377,    -0.013895,    -0.006178,
  1623.050,     0.000070,     0.097326,    -0.014241,
  1623.100,     0.027706,     0.115637,    -0.013152,
  1623.150,     0.004819,     0.008123,    -0.007415,
  1623.200,    -0.036455,    -0.326249,    -0.011789,
  1623.250,    -0.088272,    -1.001347,    -0.009993,
  1623.300,    -0.156433,    -2.122518,    -0.008023,
  1623.350,    -0.209786,    -3.843026,    -0.012185,
  1623.400,    -0.235735,    -6.190226,    -0.010361,
  1623.450,    -0.263074,    -9.079033,    -0.007547,
  1623.500,    -0.277239,   -12.222148,    -0.015472,
  1623.550,    -0.291270,   -15.132563,    -0.008415,
  1623.600,    -0.311885,   -17.125555,    -0.005783,
  1623.650,    -0.312125,   -17.493563,    -0.008455,
  1623.700,    -0.310299,   -15.827166,    -0.008149,
  1623.750,    -0.325478,   -12.123533,    -0.006445,
  1623.800,    -0.303280,    -6.997025,    -0.005720,
  1623.850,    -0.335096,    -1.427215,    -0.006585,
  1623.900,    -0.343306,     3.484423,    -0.003144,
  1623.950,    -0.360165,     6.934489,    -0.008410,
  1624.000,    -0.374321,     8.513791,    -0.000672,
  1624.050,    -0.357788,     8.337132,     0.001667,
  1624.100,    -0.365419,     6.748450,     0.005172,
  1624.150,    -0.366433,     4.178412,     0.001519,
  1624.200,    -0.364055,     1.205607,     0.003027,
  1624.250,    -0.363867,    -1.618595,     0.005778,
  1624.300,    -0.351355,    -3.847212,     0.007929,
  1624.350,    -0.372918,    -5.274983,     0.008547,
  1624.400,    -0.359317,    -5.999073,     0.001320,
  1624.450,    -0.360588,    -6.210488,     0.003989,
  1624.500,    -0.382635,    -6.037645,     0.003137,
  1624.550,    -0.384297,    -5.448199,     0.001281,
  1624.600,    -0.373429,    -4.513717,     0.003193,
  1624.650,    -0.377681,    -3.507028,     0.003424,
  1624.700,    -0.378290,    -2.713990,     0.003488,
  1624.750,    -0.380042,    -2.169706,     0.009010,
  1624.800,    -0.391987,    -1.805950,     0.003281,
  1624.850,    -0.389746,    -1.469886,    -0.001112,
  1624.900,    -0.403891,    -1.140785,    -0.002047,
  1624.950,    -0.415569,    -0.812284,    -0.004782,
  1625.000,    -0.428877,    -0.407357,    -0.006128,
  1625.050,    -0.461315,     0.132472,    -0.004325,
  1625.100,    -0.482926,     0.838794,     0.001836,
  1625.150,    -0.488544,     1.727241,    -0.007605,
  1625.200,    -0.505358,     2.765705,    -0.008511,
  1625.250,    -0.527554,     3.889177,    -0.002353,
  1625.300,    -0.524900,     5.077292,    -0.005692,
  1625.350,    -0.519710,     6.273234,    -0.011324,
  1625.400,    -0.489243,     7.478472,    -0.010469,
  1625.450,    -0.442563,     8.746009,    -0.004114,
  1625.500,    -0.401422,    10.060120,    -0.006582,
  1625.550,    -0.368106,    11.467869,    -0.010816,
  1625.600,    -0.360886,    13.071246,     0.000218,
  1625.650,    -0.356193,    14.898890,    -0.003743,
  1625.700,    -0.344540,    17.010325,    -0.006275,
  1625.750,    -0.374023,    19.501218,    -0.010770,
  1625.800,    -0.395596,    22.428147,    -0.005476,
  1625.850,    -0.421644,    25.822997,    -0.004697,
  1625.900,    -0.427811,    29.700968,    -0.006619,
  1625.950,    -0.422998,    34.164119,    -0.005694,
  1626.000,    -0.449459,    39.328189,    -0.008193,
  1626.050,    -0.439011,    45.320874,    -0.001177,
  1626.100,    -0.430812,    52.213222,     0.000108,
  1626.150,    -0.423971,    60.173804,    -0.001857,
  1626.200,    -0.401777,    69.234329,    -0.001127,
  1626.250,    -0.382692,    79.317423,     0.001804,
  1626.300,    -0.347911,    90.147328,     0.001963,
  1626.350,    -0.338636,   101.149397,     0.002560,
  1626.400,    -0.324849,   111.240914,     0.004608,
  1626.450,    -0.299813,   118.577158,     0.003385,
  1626.500,    -0.257537,   120.330037,     0.000822,
  1626.550,    -0.216556,   112.301036,     0.001159,
  1626.600,    -0.160489,    88.936240,    -0.000337,
  1626.650,    -0.115196,    43.654300,     0.005563,
  1626.700,    -0.054598,   -30.080523,     0.007971,
  1626.750,     0.033702,  -136.599317,     0.005286,
  1626.800,     0.138532,  -275.383844,     0.005448,
  1626.850,     0.229179,  -438.202199,    -0.003101,
  1626.900,     0.269046,  -607.466873,     0.001234,
  1626.950,     0.275123,  -756.832510,     0.007717,
  1627.000,     0.219763,  -853.304042,     0.008652,
  1627.050,     0.001557,  -863.652525,     0.011280,
  1627.100,    -0.454359,  -767.964910,     0.007666,
  1627.150,    -1.196942,  -573.556554,     0.000038,
  1627.200,    -2.281292,  -314.836492,    -0.003494,
  1627.250,    -3.820730,   -38.717001,     0.000078,
  1627.300,    -5.692841,   213.204124,     0.001072,
  1627.350,    -7.682460,   414.370761,    -0.004166,
  1627.400,    -9.480492,   551.418659,    -0.005066,
  1627.450,   -10.624656,   618.154752,     0.001020,
  1627.500,   -10.630399,   615.650001,     0.001663,
  1627.550,    -9.282225,   555.920794,    -0.002038,
  1627.600,    -6.632077,   461.606808,    -0.004671,
  1627.650,    -3.129281,   358.092630,    -0.005087,
  1627.700,     0.514587,   262.795631,    -0.012614,
  1627.750,     3.554357,   181.288099,    -0.010181,
  1627.800,     5.526573,   113.143369,    -0.006496,
  1627.850,     6.213602,    59.884677,    -0.008385,
  1627.900,     5.800640,    26.164406,    -0.010456,
  1627.950,     4.528056,    13.388737,    -0.005848,
  1628.000,     2.711828,    14.807836,    -0.008301,
  1628.050,     0.693447,    19.605023,    -0.012830,
  1628.100,    -1.156034,    20.976186,    -0.010411,
  1628.150,    -2.522473,    18.573325,    -0.011449,
  1628.200,    -3.302391,    13.737354,    -0.012760,
  1628.250,    -3.601218,     6.294082,    -0.009651,
  1628.300,    -3.613016,    -3.942722,    -0.013837,
  1628.350,    -3.383784,   -15.291041,    -0.011042,
  1628.400,    -2.902071,   -25.115936,    -0.006575,
  1628.450,    -2.220413,   -31.509963,    -0.000197,
  1628.500,    -1.521051,   -33.304194,     0.001813,
  1628.550,    -0.979663,   -29.992888,     0.000827,
  1628.600,    -0.669808,   -22.742302,     0.000998,
  1628.650,    -0.442540,   -14.414926,    -0.000350,
  1628.700,    -0.238011,    -7.483234,     0.005067,
  1628.750,    -0.035251,    -2.984859,     0.004144,
  1628.800,     0.162705,    -1.164252,     0.005485,
  1628.850,     0.430183,    -2.118112,     0.008948,
  1628.900,     0.755939,    -5.174189,     0.000916,
  1628.950,     1.191622,    -9.286403,     0.000943,
  1629.000,     1.757231,   -13.634145,     0.001925,
  1629.050,     2.422089,   -17.083424,     0.002051,
  1629.100,     3.116931,   -18.429742,     0.006546,
  1629.150,     3.827951,   -17.405915,     0.010113,
  1629.200,     4.522644,   -14.983355,     0.008512,
  1629.250,     5.226343,   -11.998510,     0.005746,
  1629.300,     5.965223,    -8.593464,     0.005687,
  1629.350,     6.739383,    -5.354663,     0.003220,
  1629.400,     7.585851,    -3.324842,     0.000276,
  1629.450,     8.532807,    -2.418323,     0.002010,
  1629.500,     9.631860,    -1.744800,    -0.002594,
  1629.550,    10.913977,    -1.435813,    -0.004662,
  1629.600,    12.420018,    -2.146204,    -0.002087,
  1629.650,    14.171071,    -3.579164,    -0.009389,
  1629.700,    16.188407,    -5.007354,    -0.007947,
  1629.750,    18.510812,    -6.289650,    -0.013280,
  1629.800,    21.226605,    -7.321848,    -0.017852,
  1629.850,    24.376256,    -7.916487,    -0.016121,
  1629.900,    28.009768,    -8.401538,    -0.019074,
  1629.950,    32.249318,    -9.063405,    -0.018911,
  1630.000,    37.158696,    -9.528301,    -0.019488,
  1630.050,    42.758868,    -9.995554,    -0.017102,
  1630.100,    49.018678,   -11.552468,    -0.014213,
  1630.150,    55.760119,   -14.581446,    -0.015566,
  1630.200,    62.553834,   -18.110098,    -0.016256,
  1630.250,    68.779115,   -21.159664,    -0.014183,
  1630.300,    73.235089,   -23.552278,    -0.008018,
  1630.350,    74.027407,   -25.200944,    -0.002558,
  1630.400,    68.482660,   -25.526302,     0.001805,
  1630.450,    52.999313,   -23.619052,     0.009491,
  1630.500,    23.366725,   -18.819349,     0.008954,
  1630.550,   -24.637957,   -11.499617,     0.015526,
  1630.600,   -93.974633,    -3.149112,     0.022543,
  1630.650,  -184.173591,     4.452853,     0.024539,
  1630.700,  -289.458359,    10.046533,     0.029425,
  1630.750,  -397.328520,    13.060233,     0.022742,
  1630.800,  -488.888589,    13.620158,     0.021717,
  1630.850,  -541.688609,    12.157680,     0.014138,
  1630.900,  -535.340696,     9.274574,     0.008072,
  1630.950,  -460.318044,     5.856123,     0.013606,
  1631.000,  -324.761996,     2.993944,     0.018727,
  1631.050,  -152.952575,     1.406954,     0.021231,
  1631.100,    24.583157,     1.309775,     0.015048,
  1631.150,   181.576021,     2.395546,     0.014554,
  1631.200,   301.376044,     3.763499,     0.009854,
  1631.250,   376.053124,     4.322650,     0.002834,
  1631.300,   403.685791,     3.926636,    -0.005559,
  1631.350,   387.772029,     3.166550,    -0.011688,
  1631.400,   338.041185,     2.265575,    -0.010827,
  1631.450,   269.975613,     1.160862,    -0.015581,
  1631.500,   199.936889,     0.170592,    -0.016438,
  1631.550,   138.484371,    -0.376537,    -0.005168,
  1631.600,    88.047804,    -0.448203,    -0.007226,
  1631.650,    47.159302,    -0.184167,    -0.011264,
  1631.700,    16.306424,     0.207198,    -0.006763,
  1631.750,    -1.225549,     0.439720,    -0.005349,
  1631.800,    -4.706083,     0.576219,    -0.005885,
  1631.850,     0.511016,     0.828175,    -0.004250,
  1631.900,     6.424258,     1.151283,    -0.003889,
  1631.950,     8.622270,     1.302174,    -0.005935,
  1632.000,     7.598480,     1.393799,    -0.007757,
  1632.050,     4.902767,     1.363982,    -0.009174,
  1632.100,     0.513172,     0.892051,    -0.008941,
  1632.150,    -5.813721,    -0.002850,    -0.005546,
  1632.200,   -12.762325,    -0.749953,    -0.009412,
  1632.250,   -18.409927,    -0.775002,    -0.011415,
  1632.300,   -21.676560,    -0.086435,    -0.014607,
  1632.350,   -21.965967,     0.719788,    -0.016797,
  1632.400,   -19.038021,     0.976297,    -0.015549,
  1632.450,   -13.908801,     0.479779,    -0.010012,
  1632.500,    -8.519499,    -0.447088,    -0.009054,
  1632.550,    -4.469520,    -1.509570,    -0.003395,
  1632.600,    -2.166797,    -2.620741,    -0.002905,
  1632.650,    -1.553917,    -3.634282,    -0.006606,
  1632.700,    -2.511421,    -4.182021,    -0.002503,
  1632.750,    -4.556132,    -3.906807,    -0.002716,
  1632.800,    -6.941493,    -2.793900,     0.000405,
  1632.850,    -9.141342,    -1.227206,     0.000937,
  1632.900,   -10.665241,     0.409447,    -0.000272,
  1632.950,   -10.826018,     1.757836,     0.003123,
  1633.000,    -9.637573,     2.638111,     0.000454,
  1633.050,    -7.928371,     3.037544,     0.002144,
  1633.100,    -6.183690,     2.807701,     0.004796,
  1633.150,    -4.299017,     1.846147,     0.006048,
  1633.200,    -2.591788,     0.418482,    -0.000506,
  1633.250,    -1.743789,    -0.781082,     0.006259,
  1633.300,    -1.590660,    -1.114038,     0.004210,
  1633.350,    -1.369594,    -0.548134,    -0.001066,
  1633.400,    -1.229085,     0.372960,     0.004862,
  1633.450,    -1.749703,     1.093779,     0.002231,
  1633.500,    -2.718577,     1.532629,    -0.004989,
  1633.550,    -3.598802,     1.931117,    -0.002045,
  1633.600,    -4.318256,     2.205702,    -0.001210,
  1633.650,    -4.898720,     2.028786,    -0.000307,
  1633.700,    -5.202678,     1.294591,    -0.002333,
  1633.750,    -5.413454,     0.509281,     0.004600,
  1633.800,    -5.803203,     0.259539,     0.003101,
  1633.850,    -6.083037,     0.637703,     0.003152,
  1633.900,    -6.265983,     1.288410,     0.003530,
  1633.950,    -7.102182,     1.735328,     0.002043,
  1634.000,    -8.956513,     2.004661,     0.004624,
  1634.050,   -11.139229,     2.524687,     0.004811,
  1634.100,   -12.985016,     3.538086,    -0.001266,
  1634.150,   -14.448238,     4.817174,    -0.008550,
  1634.200,   -15.510934,     5.771806,    -0.000947,
  1634.250,   -15.738675,     5.894634,    -0.003444,
  1634.300,   -14.519615,     5.019867,    -0.002389,
  1634.350,   -11.462119,     3.374413,    -0.003915,
  1634.400,    -6.848784,     1.468931,    -0.003857,
  1634.450,    -1.632765,    -0.234864,    -0.000685,
  1634.500,     3.118121,    -1.331142,    -0.007759,
  1634.550,     6.667246,    -1.620024,    -0.007108,
  1634.600,     8.636531,    -1.193751,     0.002768,
  1634.650,     9.026802,    -0.221375,    -0.002615,
  1634.700,     8.113630,     0.944310,    -0.004927,
  1634.750,     6.272515,     1.802740,    -0.006462,
  1634.800,     4.002599,     2.103127,    -0.006753,
  1634.850,     2.013950,     1.980898,    -0.007278,
  1634.900,     0.837635,     1.834150,    -0.006668,
  1634.950,     0.527555,     1.554471,    -0.007413,
  1635.000,     0.895452,     0.849765,    -0.006524,
  1635.050,     1.449242,    -0.364628,    -0.004111,
  1635.100,     1.627714,    -1.647068,    -0.003466,
  1635.150,     1.338664,    -2.463542,    -0.003018,
  1635.200,     0.992412,    -2.393592,    -0.001366,
  1635.250,     0.705011,    -1.539666,    -0.005647,
  1635.300,     0.289176,    -0.367061,    -0.009119,
  1635.350,    -0.072039,     0.786164,    -0.002229,
  1635.400,    -0.169370,     1.800347,    -0.005276,
  1635.450,    -0.125131,     2.567745,     0.000709,
  1635.500,     0.071837,     2.857418,    -0.000076,
  1635.550,     0.258830,     2.729597,    -0.000869,
  1635.600,     0.271725,     2.507415,     0.002729,
  1635.650,     0.226247,     2.725166,     0.004865,
  1635.700,     0.283011,     3.536522,     0.005271,
  1635.750,     0.370472,     4.719953,    -0.000092,
  1635.800,     0.417237,     5.978758,     0.004505,
  1635.850,     0.455172,     7.139484,     0.006630,
  1635.900,     0.432985,     8.018270,     0.007760,
  1635.950,     0.132122,     8.408722,     0.004538,
  1636.000,    -0.458020,     8.099335,     0.000781,
  1636.050,    -0.947372,     6.992960,     0.003178,
  1636.100,    -0.998086,     5.083596,     0.006419,
  1636.150,    -0.634475,     2.715300,     0.006996,
  1636.200,    -0.208591,     0.553834,     0.000143,
  1636.250,    -0.123685,    -0.974464,    -0.000258,
  1636.300,    -0.421776,    -1.866223,    -0.001690,
  1636.350,    -0.882010,    -2.360050,    -0.000888,
  1636.400,    -1.354388,    -2.625182,    -0.001545,
  1636.450,    -1.839975,    -2.683920,     0.002926,
  1636.500,    -2.279512,    -2.569406,    -0.000062,
  1636.550,    -2.462230,    -2.462354,    -0.008988,
  1636.600,    -2.168912,    -2.381856,    -0.006641,
  1636.650,    -1.458349,    -2.249739,    -0.006085,
  1636.700,    -0.513018,    -1.943175,    -0.007205,
  1636.750,     0.421288,    -1.563875,    -0.011975,
  1636.800,     1.159647,    -1.173989,    -0.008121,
  1636.850,     1.638862,    -0.740138,    -0.006293,
  1636.900,     1.783347,    -0.124872,    -0.010549,
  1636.950,     1.568163,     0.609759,    -0.014392,
  1637.000,     0.855241,     1.406203,    -0.008155,
  1637.050,    -0.072176,     2.317221,    -0.006507,
  1637.100,    -0.801621,     3.254949,    -0.006284,
  1637.150,    -0.962460,     4.003688,    -0.006181,
  1637.200,    -0.592697,     4.135708,    -0.007358,
  1637.250,    -0.049863,     3.405202,    -0.005408,
  1637.300,     0.323490,     1.985505,    -0.004065,
  1637.350,     0.549541,     0.434592,     0.001056,
  1637.400,     0.797112,    -0.822254,     0.005111,
  1637.450,     1.040571,    -1.575648,    -0.004005,
  1637.500,     0.990837,    -1.729813,    -0.000821,
  1637.550,     0.629174,    -1.255113,    -0.000491,
  1637.600,     0.251705,    -0.338612,     0.002431,
  1637.650,     0.194999,     0.763632,     0.002287,
  1637.700,     0.435195,     1.740224,     0.003288,
  1637.750,     0.777179,     2.460679,     0.004848,
  1637.800,     0.964330,     2.958997,     0.003443,
  1637.850,     1.044523,     3.299934,     0.000625,
  1637.900,     1.308147,     3.385711,     0.005888,
  1637.950,     1.860654,     3.162409,     0.009025,
  1638.000,     2.604906,     2.824086,     0.005862,
  1638.050,     3.178423,     2.523193,     0.001675,
  1638.100,     3.199602,     2.167881,     0.005791,
  1638.150,     2.654412,     1.673464,     0.000174,
  1638.200,     1.688113,     1.097867,     0.001003,
  1638.250,     0.568734,     0.595649,     0.000799,
  1638.300,    -0.406681,     0.267708,    -0.003809,
  1638.350,    -1.080841,     0.215812,    -0.005179,
  1638.400,    -1.392618,     0.300757,     0.000032,
  1638.450,    -1.422273,     0.210374,    -0.001518,
  1638.500,    -1.226125,    -0.234144,    -0.002467,
  1638.550,    -1.026865,    -0.859218,    -0.009087,
  1638.600,    -1.011239,    -1.345800,    -0.012070,
  1638.650,    -1.224454,    -1.384178,    -0.009534,
  1638.700,    -1.417277,    -1.020408,    -0.011729,
  1638.750,    -1.345329,    -0.342018,    -0.011145,
  1638.800,    -0.989593,     0.725234,    -0.009522,
  1638.850,    -0.623242,     2.078701,    -0.010250,
  1638.900,    -0.463579,     3.398893,    -0.010577,
  1638.950,    -0.402458,     4.392974,    -0.005659,
  1639.000,    -0.247763,     4.958612,    -0.004642,
  1639.050,     0.132183,     5.103479,    -0.006161,
  1639.100,     0.622878,     4.824185,    -0.009101,
  1639.150,     1.042055,     3.945542,    -0.004572,
  1639.200,     1.237700,     2.410317,    -0.003654,
  1639.250,     1.289023,     0.343592,    -0.004322,
  1639.300,     1.265000,    -1.854028,    -0.007132,
  1639.350,     1.111088,    -3.661547,    -0.003730,
  1639.400,     0.884688,    -4.850082,    -0.004476,
  1639.450,     0.774829,    -5.255514,     0.001229,
  1639.500,     1.029764,    -4.758078,     0.004971,
  1639.550,     1.705238,    -3.317165,     0.006204,
  1639.600,     2.587574,    -1.240698,     0.001831,
  1639.650,     3.474326,     1.045305,     0.001299,
  1639.700,     4.259640,     2.943423,     0.005552,
  1639.750,     4.797074,     4.244858,     0.004186,
  1639.800,     4.933578,     5.100088,     0.002065,
  1639.850,     4.580198,     5.546860,     0.002188,
  1639.900,     3.714354,     5.334418,     0.002559,
  1639.950,     2.372367,     4.304736,    -0.002696,
  1640.000,     0.848339,     2.511987,     0.000480,
  1640.050,    -0.393195,     0.352506,    -0.000309,
  1640.100,    -1.107910,    -1.575325,     0.001020,
  1640.150,    -1.362723,    -2.746470,     0.003939,
  1640.200,    -1.284490,    -3.031769,     0.003693,
  1640.250,    -1.054093,    -2.697153,    -0.004508,
  1640.300,    -0.739810,    -2.044046,    -0.002662,
  1640.350,    -0.344588,    -1.309203,    -0.002754,
  1640.400,     0.007997,    -0.531349,    -0.003965,
  1640.450,     0.298832,     0.062713,    -0.002061,
  1640.500,     0.575645,     0.293488,    -0.001710,
  1640.550,     0.951662,     0.269254,    -0.002542,
  1640.600,     1.350396,     0.404838,    -0.002028,
  1640.650,     1.719453,     1.032106,    -0.002086,
  1640.700,     2.197583,     2.062719,    -0.003117,
  1640.750,     2.817892,     3.106748,    -0.003342,
  1640.800,     3.587508,     3.840306,    -0.002166,
  1640.850,     4.450551,     4.170689,     0.000101,
  1640.900,     5.414727,     4.128747,    -0.007792,
  1640.950,     6.488259,     3.825790,    -0.000463,
  1641.000,     7.492560,     3.105605,    -0.003961,
  1641.050,     8.192803,     1.919317,    -0.004773,
  1641.100,     8.496651,     0.499471,    -0.009888,
  1641.150,     8.577530,    -0.655401,    -0.009423,
  1641.200,     8.771038,    -1.180790,    -0.005703,
  1641.250,     9.324782,    -0.932680,    -0.004379,
  1641.300,    10.372293,     0.065962,    -0.007088,
  1641.350,    11.889087,     1.640657,    -0.007351,
  1641.400,    13.769666,     3.587384,    -0.007918,
  1641.450,    15.821249,     5.627009,    -0.005255,
  1641.500,    17.632232,     7.283995,     0.001948,
  1641.550,    18.637028,     7.929273,    -0.005326,
  1641.600,    18.200254,     7.229707,    -0.003013,
  1641.650,    15.629743,     5.437746,    -0.003993,
  1641.700,    10.005553,     3.255428,    -0.003267,
  1641.750,     0.333894,     1.287893,     0.003833,
  1641.800,   -14.152104,    -0.430065,     0.010729,
  1641.850,   -33.468432,    -1.912394,    -0.001086,
  1641.900,   -56.566748,    -2.921142,    -0.002277,
  1641.950,   -81.099615,    -3.164518,     0.008989,
  1642.000,  -103.255463,    -2.711609,     0.004988,
  1642.050,  -118.182306,    -2.023525,    -0.001354,
  1642.100,  -121.078638,    -1.612473,     0.003713,
  1642.150,  -109.008517,    -1.626222,     0.008907,
  1642.200,   -82.262734,    -1.895577,     0.005329,
  1642.250,   -44.623001,    -2.231396,    -0.000622,
  1642.300,    -2.638860,    -2.317654,     0.007733,
  1642.350,    36.657824,    -1.902629,     0.004333,
  1642.400,    67.799779,    -0.786280,    -0.000056,
  1642.450,    87.844134,     1.129492,    -0.000276,
  1642.500,    96.218998,     3.499094,     0.000148,
  1642.550,    93.863583,     5.749574,     0.001753,
  1642.600,    82.962936,     7.199591,    -0.005812,
  1642.650,    66.870886,     7.364164,    -0.007405,
  1642.700,    49.236232,     6.108811,    -0.008675,
  1642.750,    33.037646,     3.760737,    -0.005812,
  1642.800,    19.771277,     1.035424,    -0.006927,
  1642.850,     9.582953,    -1.500944,    -0.010572,
  1642.900,     2.219130,    -3.580921,    -0.003844,
  1642.950,    -2.272205,    -5.075783,    -0.004548,
  1643.000,    -3.970630,    -5.654107,    -0.002792,
  1643.050,    -3.466053,    -4.892246,    -0.008471,
  1643.100,    -2.191097,    -2.572867,    -0.008704,
  1643.150,    -1.447012,     0.931624,    -0.006615,
  1643.200,    -1.571655,     4.734468,     0.000812,
  1643.250,    -2.276665,     7.863014,    -0.004387,
  1643.300,    -3.158041,     9.581584,    -0.004808,
  1643.350,    -3.982639,     9.571676,    -0.002787,
  1643.400,    -4.591452,     7.899424,    -0.005354,
  1643.450,    -4.801833,     4.949290,    -0.003020,
  1643.500,    -4.493557,     1.389123,    -0.003125,
  1643.550,    -3.750206,    -1.934049,     0.001261,
  1643.600,    -2.618875,    -4.311451,    -0.005389,
  1643.650,    -1.103471,    -5.354010,    -0.003818,
  1643.700,     0.490503,    -5.268690,    -0.007628,
  1643.750,     1.563129,    -4.557273,    -0.000270,
  1643.800,     1.710461,    -3.695180,    -0.002044,
  1643.850,     0.946718,    -2.738433,     0.005409,
  1643.900,    -0.366620,    -1.598857,     0.005955,
  1643.950,    -1.862531,    -0.426964,     0.003518,
  1644.000,    -3.024231,     0.606600,     0.001883,
  1644.050,    -3.669474,     1.409146,    -0.001966,
  1644.100,    -3.849859,     2.057791,    -0.004831,
  1644.150,    -3.634168,     2.602047,    -0.003308,
  1644.200,    -3.069105,     3.052287,     0.001341,
  1644.250,    -2.272474,     3.248419,     0.001439,
  1644.300,    -1.495151,     3.271796,     0.005329,
  1644.350,    -0.926745,     3.133470,     0.003878,
  1644.400,    -0.560653,     2.880073,    -0.000354,
  1644.450,    -0.185721,     2.369453,     0.003319,
  1644.500,     0.310003,     1.468208,     0.001316,
  1644.550,     0.896291,     0.140516,     0.000576,
  1644.600,     1.443281,    -1.456805,     0.001387,
  1644.650,     1.722980,    -3.080571,    -0.005547,
  1644.700,     1.664697,    -4.479910,    -0.005047,
  1644.750,     1.383177,    -5.262017,    -0.001452,
  1644.800,     0.979599,    -5.094079,    -0.006069,
  1644.850,     0.454265,    -3.856473,    -0.004909,
  1644.900,    -0.297378,    -1.698483,    -0.007528,
  1644.950,    -1.155600,     0.847717,    -0.007639,
  1645.000,    -1.754907,     3.351845,    -0.011879,
  1645.050,    -1.985704,     5.478878,    -0.010027,
  1645.100,    -1.827638,     6.879348,    -0.013042,
  1645.150,    -1.352422,     7.193092,    -0.010550,
  1645.200,    -0.749278,     6.209300,    -0.008139,
  1645.250,    -0.150237,     4.192611,    -0.003558,
  1645.300,     0.395917,     1.729110,    -0.007284,
  1645.350,     0.807579,    -0.502945,    -0.006639,
  1645.400,     0.790119,    -2.066343,    -0.009562,
  1645.450,     0.139103,    -2.800311,    -0.004029,
  1645.500,    -0.778553,    -2.672023,     0.002733,
  1645.550,    -1.452066,    -1.756019,     0.001572,
  1645.600,    -1.580149,    -0.414681,    -0.000376,
  1645.650,    -1.287680,     0.885057,    -0.004499,
  1645.700,    -0.880473,     1.681047,    -0.007155,
  1645.750,    -0.425265,     1.914041,    -0.004216,
  1645.800,     0.132128,     1.801556,    -0.004093,
  1645.850,     0.655214,     1.604196,    -0.003280,
  1645.900,     0.892043,     1.597945,    -0.002427,
  1645.950,     0.686703,     1.796716,    -0.002172,
  1646.000,     0.102281,     2.086455,    -0.000532,
  1646.050,    -0.614819,     2.404416,    -0.001094,
  1646.100,    -1.196826,     2.883028,     0.003199,
  1646.150,    -1.388249,     3.470125,     0.002647,
  1646.200,    -1.092525,     3.800494,     0.002541,
  1646.250,    -0.283653,     3.519708,     0.002737,
  1646.300,     0.911965,     2.324408,    -0.000483,
  1646.350,     2.229124,     0.377733,    -0.001870,
  1646.400,     3.322099,    -1.639211,     0.004380,
  1646.450,     3.916133,    -3.273408,     0.001050,
  1646.500,     3.744173,    -4.368732,    -0.000821,
  1646.550,     2.825430,    -4.902630,     0.000448,
  1646.600,     1.394934,    -4.539004,     0.000803,
  1646.650,    -0.083960,    -2.895854,    -0.002616,
  1646.700,    -1.342755,    -0.051166,     0.000215,
  1646.750,    -2.284953,     3.371334,    -0.000642,
  1646.800,    -2.912358,     6.374152,    -0.003508,
  1646.850,    -3.107554,     8.159886,    -0.007126,
  1646.900,    -2.531351,     8.407146,    -0.005899,
  1646.950,    -1.133310,     7.260378,    -0.003479,
  1647.000,     0.867169,     5.100806,    -0.005497,
  1647.050,     2.895777,     2.369490,    -0.004561,
  1647.100,     4.407844,    -0.467867,    -0.005749,
  1647.150,     5.078152,    -2.881076,    -0.006558,
  1647.200,     4.717858,    -4.160517,    -0.007291,
  1647.250,     3.470331,    -4.009448,    -0.007918,
  1647.300,     1.695384,    -2.728079,    -0.007180,
  1647.350,    -0.220615,    -0.931201,    -0.009560,
  1647.400,    -1.868685,     0.907262,    -0.015399,
  1647.450,    -2.902641,     2.466837,    -0.006837,
  1647.500,    -3.263655,     3.419829,    -0.005580,
  1647.550,    -3.106785,     3.613173,    -0.002763,
  1647.600,    -2.711366,     2.940241,    -0.002915,
  1647.650,    -2.312817,     1.733533,    -0.006395,
  1647.700,    -1.871956,     0.600073,    -0.002166,
  1647.750,    -1.332099,     0.106117,     0.002314,
  1647.800,    -0.673154,     0.398465,    -0.004361,
  1647.850,    -0.036727,     1.138148,    -0.003799,
  1647.900,     0.530395,     1.833618,    -0.001198,
  1647.950,     1.036226,     2.254569,     0.000794,
  1648.000,     1.502245,     2.366573,     0.001440,
  1648.050,     1.805534,     2.160168,    -0.002409,
  1648.100,     1.930166,     1.678289,     0.005952,
  1648.150,     1.858183,     1.088022,     0.005439,
  1648.200,     1.624350,     0.468325,     0.004767,
  1648.250,     1.305950,    -0.085080,    -0.000905,
  1648.300,     0.832656,    -0.424321,     0.001743,
  1648.350,     0.216236,    -0.445310,     0.004580,
  1648.400,    -0.518302,    -0.052121,     0.002639,
  1648.450,    -1.275090,     0.676347,    -0.001611,
  1648.500,    -2.007919,     1.592305,     0.003900,
  1648.550,    -2.618608,     2.568017,    -0.001280,
  1648.600,    -2.874561,     3.345554,    -0.003113,
  1648.650,    -2.626823,     3.660376,     0.000421,
  1648.700,    -1.818531,     3.156357,    -0.000313,
  1648.750,    -0.604258,     1.812877,    -0.007429,
  1648.800,     0.722220,     0.100915,    -0.006747,
  1648.850,     1.982849,    -1.311793,    -0.001042,
  1648.900,     3.063648,    -1.930688,    -0.005224,
  1648.950,     3.768203,    -1.794235,    -0.010357,
  1649.000,     3.861174,    -1.199253,    -0.006712,
  1649.050,     3.214226,    -0.342031,    -0.010033,
  1649.100,     2.046641,     0.771827,    -0.004390,
  1649.150,     0.806761,     1.928787,    -0.004311,
  1649.200,    -0.189671,     2.813558,    -0.005097,
  1649.250,    -0.796108,     3.133130,    -0.004484,
  1649.300,    -0.988707,     2.861016,    -0.006064,
  1649.350,    -0.808395,     2.236333,    -0.001722,
  1649.400,    -0.383440,     1.521251,    -0.006484,
  1649.450,     0.139010,     0.906289,    -0.004603,
  1649.500,     0.560461,     0.542241,     0.001943,
  1649.550,     0.738637,     0.529363,    -0.000998,
  1649.600,     0.707823,     0.919639,    -0.002623,
  1649.650,     0.563119,     1.593277,     0.006910,
  1649.700,     0.454580,     2.286626,     0.001830,
  1649.750,     0.530999,     2.769640,     0.002667,
  1649.800,     0.650975,     2.829136,     0.002623,
  1649.850,     0.781443,     2.390700,    -0.001164,
  1649.900,     0.904419,     1.623867,     0.002942,
  1649.950,     1.098778,     0.734181,    -0.000600,
  1650.000,     1.413704,     0.053056,     0.004322,
  1650.050,     1.639751,    -0.300182,    -0.000145,
  1650.100,     1.519686,    -0.330311,    -0.000852,
  1650.150,     0.807479,     0.160527,    -0.002588,
  1650.200,    -0.271382,     1.115636,     0.005318,
  1650.250,    -1.305204,     2.248310,     0.005298,
  1650.300,    -2.030638,     3.317872,     0.000817,
  1650.350,    -2.377680,     4.218050,    -0.003740,
  1650.400,    -2.466631,     4.802698,    -0.003275,
  1650.450,    -2.178573,     4.799560,    -0.004726,
  1650.500,    -1.191781,     3.937437,    -0.001865,
  1650.550,     0.396382,     2.234988,    -0.001146,
  1650.600,     2.208919,     0.093360,    -0.002863,
  1650.650,     3.723301,    -1.962899,    -0.006046,
  1650.700,     4.511743,    -3.475688,    -0.005388,
  1650.750,     4.567658,    -4.036231,    -0.002143,
  1650.800,     3.968593,    -3.473809,    -0.007661,
  1650.850,     2.957357,    -1.886582,    -0.006864,
  1650.900,     1.667573,     0.126319,    -0.009911,
  1650.950,     0.310440,     1.818449,    -0.006436,
  1651.000,    -0.847811,     2.693813,    -0.008045,
  1651.050,    -1.413454,     2.733047,    -0.010397,
  1651.100,    -1.323255,     2.152289,    -0.006486,
  1651.150,    -0.758302,     1.258361,    -0.007588,
  1651.200,    -0.064780,     0.158188,    -0.003492,
  1651.250,     0.611408,    -0.942973,    -0.000743,
  1651.300,     1.170092,    -1.804075,     0.001760,
  1651.350,     1.512420,    -2.231281,    -0.001523,
  1651.400,     1.524866,    -2.134919,    -0.000159,
  1651.450,     1.113323,    -1.592647,    -0.001912,
  1651.500,     0.454857,    -0.586536,    -0.001692,
  1651.550,    -0.088181,     0.569924,    -0.000679,
  1651.600,    -0.208597,     1.485851,     0.001993,
  1651.650,     0.154021,     1.863712,     0.006040,
  1651.700,     0.703514,     1.731539,    -0.000723,
  1651.750,     1.172918,     1.275343,     0.001469,
  1651.800,     1.456850,     0.735871,     0.002856,
  1651.850,     1.558885,     0.323951,    -0.001662,
  1651.900,     1.511424,     0.344839,    -0.002014,
  1651.950,     1.351162,     0.881324,    -0.003580,
  1652.000,     1.145620,     1.640736,    -0.002569,
  1652.050,     0.974156,     2.277143,     0.002222,
  1652.100,     0.898315,     2.580827,    -0.007416,
  1652.150,     0.930092,     2.568938,    -0.001041,
  1652.200,     1.176888,     2.170394,     0.001480,
  1652.250,     1.632276,     1.352140,    -0.001000,
  1652.300,     2.176823,     0.204674,    -0.001944,
  1652.350,     2.714720,    -0.882404,    -0.002064,
  1652.400,     3.276009,    -1.414204,    -0.002975,
  1652.450,     3.761863,    -1.075575,    -0.000311,
  1652.500,     4.079398,     0.051595,    -0.004273,
  1652.550,     4.065622,     1.459865,     0.000904,
  1652.600,     3.681451,     2.605237,    -0.004826,
  1652.650,     3.179252,     3.283422,    -0.003360,
  1652.700,     2.860142,     3.466495,    -0.005060,
  1652.750,     2.918858,     3.142623,    -0.003983,
  1652.800,     3.091801,     2.283277,    -0.003432,
  1652.850,     2.996198,     0.979266,    -0.004143,
  1652.900,     2.342046,    -0.404800,    -0.003300,
  1652.950,     0.927732,    -1.550247,     0.002448,
  1653.000,    -1.522880,    -2.182721,    -0.003485,
  1653.050,    -5.212559,    -2.153554,    -0.000134,
  1653.100,   -10.171788,    -1.634214,     0.000169,
  1653.150,   -15.916269,    -0.797085,    -0.005237,
  1653.200,   -21.469480,     0.248118,    -0.001007,
  1653.250,   -25.672582,     1.459119,    -0.003226,
  1653.300,   -27.308947,     2.663853,    -0.004499,
  1653.350,   -25.515164,     3.522087,    -0.003794,
  1653.400,   -20.043118,     3.822955,    -0.000276,
  1653.450,   -11.514774,     3.637938,    -0.005153,
  1653.500,    -1.296783,     3.161850,    -0.000802,
  1653.550,     8.766115,     2.520111,    -0.002286,
  1653.600,    17.027303,     1.814874,    -0.002266,
  1653.650,    22.411999,     1.234400,    -0.002689,
  1653.700,    24.536212,     0.964248,    -0.001427,
  1653.750,    23.696710,     1.153447,    -0.001040,
  1653.800,    20.657102,     1.694563,     0.000781,
  1653.850,    16.267084,     2.303654,    -0.003324,
  1653.900,    11.508387,     2.495366,    -0.002179,
  1653.950,     7.197603,     2.154924,     0.003538,
  1654.000,     3.910031,     1.370564,    -0.002830,
  1654.050,     1.807437,     0.382061,    -0.002771,
  1654.100,     0.636044,    -0.531363,    -0.002386,
  1654.150,     0.172784,    -1.062805,    -0.005316,
  1654.200,     0.245822,    -1.035515,    -0.004525,
  1654.250,     0.674590,    -0.385731,    -0.000058,
  1654.300,     1.083242,     0.691815,    -0.002175,
  1654.350,     1.007623,     1.933382,    -0.005112,
  1654.400,     0.242646,     3.167818,     0.000604,
  1654.450,    -1.011481,     4.040509,    -0.000492,
  1654.500,    -2.262644,     4.375167,    -0.006925,
  1654.550,    -3.204809,     4.107046,    -0.001827,
  1654.600,    -3.563086,     3.441271,    -0.001930,
  1654.650,    -3.162523,     2.591825,     0.005131,
  1654.700,    -2.140093,     1.536290,    -0.003277,
  1654.750,    -0.832554,     0.339489,    -0.001264,
  1654.800,     0.316073,    -0.839023,    -0.000261,
  1654.850,     1.032645,    -1.675263,    -0.002407,
  1654.900,     1.319436,    -1.996982,    -0.004779,
  1654.950,     1.236078,    -1.820432,    -0.000873,
  1655.000,     0.851388,    -1.270407,     0.000893,
  1655.050,     0.172849,    -0.493290,     0.001471,
  1655.100,    -0.713167,     0.607018,    -0.006422,
  1655.150,    -1.498250,     1.841395,    -0.009367,
  1655.200,    -1.998031,     2.976855,    -0.003727,
  1655.250,    -2.116124,     3.762788,    -0.006314,
  1655.300,    -1.838379,     4.141734,    -0.007948,
  1655.350,    -1.202114,     4.145293,    -0.003509,
  1655.400,    -0.441030,     3.864822,    -0.008753,
  1655.450,     0.199768,     3.244388,    -0.005039,
  1655.500,     0.535158,     2.195073,    -0.003362,
  1655.550,     0.560156,     0.900733,    -0.002451,
  1655.600,     0.383188,    -0.429988,     0.000646,
  1655.650,     0.127596,    -1.408666,     0.001750,
  1655.700,    -0.011400,    -1.807847,    -0.003787,
  1655.750,     0.155893,    -1.769096,     0.001139,
  1655.800,     0.594613,    -1.473016,     0.000271,
  1655.850,     1.082092,    -1.085380,    -0.001803,
  1655.900,     1.419989,    -0.577102,    -0.002730,
  1655.950,     1.506245,     0.080463,     0.000169,
  1656.000,     1.351139,     0.942668,     0.001066,
  1656.050,     0.991928,     1.876642,    -0.001466,
  1656.100,     0.362203,     2.847501,    -0.000817,
  1656.150,    -0.416743,     3.721898,     0.005409,
  1656.200,    -1.170937,     4.248206,     0.000518,
  1656.250,    -1.530742,     4.202214,    -0.001773,
  1656.300,    -1.255928,     3.353246,    -0.003119,
  1656.350,    -0.472405,     1.916903,    -0.001901,
  1656.400,     0.451871,     0.319465,    -0.003869,
  1656.450,     1.212158,    -1.015867,    -0.002870,
  1656.500,     1.666119,    -1.926385,    -0.003299,
  1656.550,     1.823800,    -2.433142,    -0.002093,
  1656.600,     1.632584,    -2.618615,    -0.002235,
  1656.650,     1.059524,    -2.587156,    -0.007675,
  1656.700,     0.157170,    -2.401076,     0.000903,
  1656.750,    -0.796846,    -2.161640,    -0.000314,
  1656.800,    -1.493501,    -1.677688,    -0.002179,
  1656.850,    -1.758922,    -0.860168,    -0.004417,
  1656.900,    -1.580747,     0.249309,    -0.010332,
  1656.950,    -1.112435,     1.487038,    -0.002360,
  1657.000,    -0.490581,     2.530050,    -0.002814,
  1657.050,     0.208147,     3.091155,    -0.004032,
  1657.100,     0.924615,     3.094993,    -0.005036,
  1657.150,     1.569451,     2.552871,    -0.005108,
  1657.200,     1.859750,     1.766720,    -0.001608,
  1657.250,     1.776833,     0.884781,    -0.005524,
  1657.300,     1.444756,     0.133546,    -0.002038,
  1657.350,     1.033273,    -0.366438,    -0.000960,
  1657.400,     0.697305,    -0.600281,     0.000194,
  1657.450,     0.473106,    -0.555912,    -0.006778,
  1657.500,     0.405328,    -0.281646,    -0.001059,
  1657.550,     0.562279,     0.095342,    -0.004541,
  1657.600,     0.992869,     0.421960,    -0.005580,
  1657.650,     1.547116,     0.527875,    -0.001659,
  1657.700,     1.935136,     0.364514,    -0.005215,
  1657.750,     1.882199,     0.217246,    -0.008115,
  1657.800,     1.358491,     0.330583,    -0.002159,
  1657.850,     0.531090,     0.759865,    -0.003257,
  1657.900,    -0.339520,     1.271932,    -0.002132,
  1657.950,    -1.067029,     1.754661,    -0.000499,
  1658.000,    -1.494849,     2.053071,     0.001411,
  1658.050,    -1.451762,     2.051475,     0.002615,
  1658.100,    -0.968377,     1.749968,    -0.001953,
  1658.150,    -0.084128,     1.257728,     0.001548,
  1658.200,     1.026936,     0.738166,    -0.003573,
  1658.250,     2.167595,     0.284834,    -0.002246,
  1658.300,     3.044731,    -0.112484,    -0.001135,
  1658.350,     3.386534,    -0.434638,    -0.004437,
  1658.400,     3.151034,    -0.599247,    -0.006799,
  1658.450,     2.539371,    -0.513607,    -0.000761,
  1658.500,     1.626742,    -0.238587,    -0.001880,
  1658.550,     0.596162,     0.133237,    -0.006368,
  1658.600,    -0.500864,     0.732043,     0.000683,
  1658.650,    -1.453639,     1.685146,     0.005125,
  1658.700,    -2.009561,     3.120261,     0.000407,
  1658.750,    -2.093826,     4.878546,     0.000313,
  1658.800,    -1.831924,     6.469332,    -0.001515,
  1658.850,    -1.345918,     7.482532,    -0.001433,
  1658.900,    -0.761671,     7.620730,    -0.003590,
  1658.950,    -0.027388,     6.938656,    -0.000165,
  1659.000,     0.788047,     5.741972,    -0.000026,
  1659.050,     1.496256,     4.359323,    -0.000931,
  1659.100,     1.972378,     2.981788,    -0.003217,
  1659.150,     2.206362,     1.775527,    -0.000241,
  1659.200,     2.251627,     0.980509,    -0.002544,
  1659.250,     2.115558,     0.699717,    -0.002498,
  1659.300,     1.776182,     0.885243,    -0.001409,
  1659.350,     1.220517,     1.351445,    -0.002254,
  1659.400,     0.452981,     1.931611,     0.000943,
  1659.450,    -0.323087,     2.507167,    -0.004646,
  1659.500,    -0.899555,     3.134061,    -0.001699,
  1659.550,    -1.145510,     3.689834,    -0.003045,
  1659.600,    -1.190195,     3.875714,    -0.002058,
  1659.650,    -1.130739,     3.622396,    -0.003500,
  1659.700,    -1.080008,     3.076737,    -0.007173,
  1659.750,    -0.960484,     2.395314,    -0.006716,
  1659.800,    -0.675827,     1.571273,     0.001281,
  1659.850,    -0.222274,     0.503013,    -0.004940,
  1659.900,     0.412736,    -0.738879,    -0.004364,
  1659.950,     1.166033,    -1.913048,     0.000674,
  1660.000,     1.917930,    -2.798245,    -0.002324,
  1660.050,     2.463752,    -3.224781,    -0.003862,
  1660.100,     2.637976,    -3.221053,    -0.001082,
  1660.150,     2.297673,    -2.804620,     0.001469,
  1660.200,     1.512477,    -2.148245,    -0.001465,
  1660.250,     0.520126,    -1.410656,    -0.005960,
  1660.300,    -0.373730,    -0.797256,    -0.003683,
  1660.350,    -1.095289,    -0.388298,    -0.003935,
  1660.400,    -1.596782,    -0.171309,    -0.002147,
  1660.450,    -1.794301,    -0.143347,    -0.000640,
  1660.500,    -1.829099,    -0.234229,    -0.000667,
  1660.550,    -1.705650,    -0.228577,     0.003299,
  1660.600,    -1.450863,     0.068801,    -0.003177,
  1660.650,    -1.067903,     0.701912,     0.001189,
  1660.700,    -0.474425,     1.453997,    -0.005927,
  1660.750,     0.252694,     1.984452,     0.002260,
  1660.800,     0.920807,     2.009002,    -0.001614,
  1660.850,     1.436248,     1.682645,     0.002380,
  1660.900,     1.621344,     1.189318,    -0.003008,
  1660.950,     1.509270,     0.793602,    -0.001739,
  1661.000,     1.177839,     0.557561,    -0.003077,
  1661.050,     0.761609,     0.544060,    -0.001643,
  1661.100,     0.308387,     0.916237,    -0.003956,
  1661.150,    -0.038752,     1.670847,    -0.005747,
  1661.200,    -0.211347,     2.608497,    -0.009974,
  1661.250,    -0.222343,     3.331257,    -0.004934,
  1661.300,    -0.166205,     3.644647,    -0.006348,
  1661.350,    -0.096721,     3.527449,    -0.003757,
  1661.400,    -0.068905,     3.179844,    -0.004188,
  1661.450,    -0.123198,     2.787319,    -0.005933,
  1661.500,    -0.286309,     2.367567,    -0.008347,
  1661.550,    -0.524451,     1.812792,    -0.006026,
  1661.600,    -0.647747,     1.181724,    -0.006865,
  1661.650,    -0.502526,     0.711117,    -0.002663,
  1661.700,    -0.071206,     0.530947,    -0.002432,
  1661.750,     0.540370,     0.488361,    -0.006066,
  1661.800,     1.224456,     0.321276,     0.004732,
  1661.850,     1.745311,    -0.099044,    -0.003364,
  1661.900,     1.993778,    -0.638216,    -0.004156,
  1661.950,     1.885099,    -1.168492,     0.001969,
  1662.000,     1.491077,    -1.642323,     0.002073,
  1662.050,     0.988931,    -2.128541,    -0.006068,
  1662.100,     0.452514,    -2.609287,    -0.004902,
  1662.150,    -0.049831,    -2.854005,    -0.002761,
  1662.200,    -0.487389,    -2.758244,     0.002407,
  1662.250,    -0.733554,    -2.142191,    -0.003283,
  1662.300,    -0.655076,    -1.104436,     0.001674,
  1662.350,    -0.359578,     0.149055,    -0.003812,
  1662.400,     0.069159,     1.298726,     0.002009,
  1662.450,     0.610026,     2.152069,    -0.002296,
  1662.500,     1.308395,     2.652522,    -0.001385,
  1662.550,     2.207278,     2.712479,    -0.002003,
  1662.600,     3.213771,     2.335582,    -0.004846,
  1662.650,     3.989123,     1.505367,    -0.004102,
  1662.700,     4.303670,     0.331977,    -0.003982,
  1662.750,     4.094620,    -0.850503,    -0.001824,
  1662.800,     3.525384,    -1.663087,    -0.003520,
  1662.850,     2.804964,    -1.851653,    -0.003192,
  1662.900,     2.145985,    -1.462013,    -0.000755,
  1662.950,     1.551263,    -0.657694,    -0.007333,
  1663.000,     1.061161,     0.470056,    -0.008119,
  1663.050,     0.720868,     1.611680,    -0.002353,
  1663.100,     0.660745,     2.417804,    -0.006949,
  1663.150,     0.801782,     2.618604,    -0.009408,
  1663.200,     1.007635,     2.236875,    -0.004989,
  1663.250,     1.294057,     1.566728,    -0.008305,
  1663.300,     1.554504,     0.909070,     0.002194,
  1663.350,     1.851727,     0.335290,    -0.003692,
  1663.400,     2.155154,    -0.128584,    -0.002267,
  1663.450,     2.275586,    -0.489109,    -0.000075,
  1663.500,     2.149751,    -0.683536,    -0.006080,
  1663.550,     1.890062,    -0.652590,     0.001934,
  1663.600,     1.614920,    -0.385626,     0.002192,
  1663.650,     1.243498,    -0.017839,     0.004541,
  1663.700,     0.735840,     0.444444,     0.003788,
  1663.750,     0.083673,     0.892524,    -0.000036,
  1663.800,    -0.627058,     1.193859,     0.008835,
  1663.850,    -1.178617,     1.264822,     0.003423,
  1663.900,    -1.459907,     1.118718,     0.001324,
  1663.950,    -1.422386,     0.847465,     0.004087,
  1664.000,    -1.142744,     0.643507,    -0.001809,
  1664.050,    -0.733289,     0.751317,    -0.001775,
  1664.100,    -0.469867,     1.032894,     0.003158,
  1664.150,    -0.424951,     1.532328,     0.000203,
  1664.200,    -0.714783,     2.102100,    -0.000878,
  1664.250,    -1.370187,     2.741598,     0.001884,
  1664.300,    -2.377769,     3.404021,     0.000016,
  1664.350,    -3.670003,     3.894127,     0.000367,
  1664.400,    -4.956195,     4.234944,    -0.005586,
  1664.450,    -5.774623,     4.445565,    -0.006097,
  1664.500,    -5.922471,     4.695064,    -0.002660,
  1664.550,    -5.269413,     4.922722,    -0.002611,
  1664.600,    -3.951445,     5.032285,    -0.004181,
  1664.650,    -2.138381,     5.117767,    -0.006803,
  1664.700,    -0.022180,     5.328032,    -0.010650,
  1664.750,     2.168840,     5.959065,    -0.004246,
  1664.800,     4.097896,     6.803674,    -0.006098,
  1664.850,     5.502420,     7.490072,    -0.003201,
  1664.900,     6.226178,     7.701104,     0.000556,
  1664.950,     6.378074,     7.466733,    -0.000030,
  1665.000,     6.103596,     7.052562,    -0.002863,
  1665.050,     5.542352,     6.525639,    -0.003981,
  1665.100,     4.703471,     5.904659,    -0.001980,
  1665.150,     3.617976,     5.249139,     0.001550,
  1665.200,     2.543373,     4.756499,     0.004239,
  1665.250,     1.682435,     4.576828,    -0.000501,
  1665.300,     1.148027,     4.564673,    -0.001190,
  1665.350,     0.786726,     4.464241,    -0.000033,
  1665.400,     0.514800,     4.136214,    -0.000244,
  1665.450,     0.259985,     3.484737,     0.004735,
  1665.500,     0.142686,     2.536612,     0.005457,
  1665.550,     0.121455,     1.379757,     0.002179,
  1665.600,     0.036936,     0.066283,     0.007824,
  1665.650,    -0.283189,    -1.190168,    -0.005533,
  1665.700,    -0.822991,    -2.290469,    -0.002310,
  1665.750,    -1.379966,    -3.057807,    -0.001409,
  1665.800,    -1.810099,    -3.343942,    -0.004750,
  1665.850,    -2.015848,    -3.233995,     0.000563,
  1665.900,    -2.081845,    -2.801798,    -0.005143,
  1665.950,    -2.009815,    -2.240085,    -0.008800,
  1666.000,    -1.798831,    -1.840208,    -0.004046,
  1666.050,    -1.468438,    -1.816641,    -0.003616,
  1666.100,    -0.973437,    -2.159055,    -0.005084,
  1666.150,    -0.349608,    -2.810039,    -0.008890,
  1666.200,     0.240443,    -3.625061,    -0.004057,
  1666.250,     0.684537,    -4.496968,    -0.004580,
  1666.300,     0.920562,    -5.200080,    -0.004760,
  1666.350,     0.903803,    -5.598534,    -0.007369,
  1666.400,     0.710007,    -5.491304,    -0.005811,
  1666.450,     0.441058,    -4.919563,    -0.005405,
  1666.500,    -0.024285,    -4.049773,    -0.004399,
  1666.550,    -0.546010,    -3.068452,    -0.003731,
  1666.600,    -0.997580,    -2.156278,     0.008729,
  1666.650,    -1.203765,    -1.446474,     0.000943,
  1666.700,    -1.098004,    -1.194588,     0.002942,
  1666.750,    -0.769781,    -1.559614,     0.000978,
  1666.800,    -0.271744,    -2.610727,     0.002445,
  1666.850,     0.294814,    -4.017934,    -0.001614,
  1666.900,     0.860950,    -5.278189,     0.000525,
  1666.950,     1.262743,    -5.879807,     0.001420,
  1667.000,     1.363974,    -5.673035,     0.000879,
  1667.050,     1.150789,    -4.734952,     0.001560,
  1667.100,     0.848145,    -3.323569,     0.000900,
  1667.150,     0.502780,    -1.801270,     0.001447,
  1667.200,     0.181301,    -0.609589,    -0.000825,
  1667.250,    -0.101924,     0.036913,     0.000547,
  1667.300,    -0.410395,     0.033841,    -0.002155,
  1667.350,    -0.662860,    -0.348014,    -0.002901,
  1667.400,    -0.769733,    -0.789643,    -0.000424,
  1667.450,    -0.715854,    -0.890134,    -0.005805,
  1667.500,    -0.476287,    -0.600818,    -0.001474,
  1667.550,    -0.071951,    -0.031359,    -0.010712,
  1667.600,     0.401963,     0.591116,     0.000499,
  1667.650,     0.782463,     1.222721,    -0.003920,
  1667.700,     0.950578,     1.755580,    -0.005729,
  1667.750,     0.891088,     2.199291,    -0.002104,
  1667.800,     0.686109,     2.543486,     0.001580,
  1667.850,     0.483882,     2.887557,    -0.005963,
  1667.900,     0.369595,     3.308350,    -0.007205,
  1667.950,     0.336274,     3.920214,    -0.000258,
  1668.000,     0.423264,     4.728247,     0.000067,
  1668.050,     0.644267,     5.719417,     0.000812,
  1668.100,     0.991644,     6.709065,     0.000648,
  1668.150,     1.419018,     7.467423,    -0.002668,
  1668.200,     1.852482,     7.970446,    -0.003230,
  1668.250,     2.187740,     8.313012,    -0.001390,
  1668.300,     2.537055,     8.562235,     0.000917,
  1668.350,     2.857182,     8.631434,     0.004060,
  1668.400,     3.120172,     8.193162,     0.005584,
  1668.450,     3.256739,     7.142518,     0.003227,
  1668.500,     3.280256,     5.719724,    -0.003580,
  1668.550,     3.344968,     4.280513,     0.000122,
  1668.600,     3.655366,     3.139489,    -0.006958,
  1668.650,     4.103051,     2.404705,    -0.004348,
  1668.700,     4.458251,     2.141270,    -0.006262,
  1668.750,     4.533158,     2.421571,    -0.003733,
  1668.800,     4.381749,     3.134096,    -0.003224,
  1668.850,     4.176647,     4.018293,    -0.005331,
  1668.900,     3.937468,     4.675298,    -0.003610,
  1668.950,     3.555323,     4.926007,    -0.004207,
  1669.000,     3.091490,     4.776860,    -0.005528,
  1669.050,     2.582764,     4.290919,    -0.004116,
  1669.100,     2.263619,     3.477075,    -0.002166,
  1669.150,     2.053357,     2.435359,    -0.001305,
  1669.200,     1.823902,     1.399322,    -0.004296,
  1669.250,     1.539380,     0.704683,    -0.004627,
  1669.300,     1.199140,     0.384288,    -0.000492,
  1669.350,     0.797879,     0.402077,     0.004066,
  1669.400,     0.361694,     0.480567,     0.002813,
  1669.450,    -0.123294,     0.503144,    -0.001059,
  1669.500,    -0.590606,     0.467499,     0.001466,
  1669.550,    -1.059890,     0.427364,    -0.001959,
  1669.600,    -1.462900,     0.342480,     0.001016,
  1669.650,    -1.754186,     0.136505,     0.002892,
  1669.700,    -1.836987,    -0.118072,    -0.002374,
  1669.750,    -1.845705,    -0.314044,    -0.006611,
  1669.800,    -1.763268,    -0.345427,    -0.000735,
  1669.850,    -1.825977,    -0.283695,    -0.001499,
  1669.900,    -2.036839,    -0.104249,    -0.002491,
  1669.950,    -2.326987,     0.193024,    -0.004918,
  1670.000,    -2.673071,     0.620873,    -0.004437,
  1670.050,    -3.030234,     1.022045,     0.001731,
  1670.100,    -3.364234,     1.255514,    -0.002403,
  1670.150,    -3.597531,     1.085880,    -0.005535,
  1670.200,    -3.598581,     0.484390,    -0.003231,
  1670.250,    -3.320075,    -0.519557,    -0.002876,
  1670.300,    -2.790206,    -1.744034,    -0.004917,
  1670.350,    -2.209393,    -3.052837,    -0.006415,
  1670.400,    -1.657419,    -4.192625,    -0.005492,
  1670.450,    -1.205555,    -4.871893,    -0.003497,
  1670.500,    -0.924708,    -4.825682,    -0.000239,
  1670.550,    -0.900988,    -4.000582,    -0.003423,
  1670.600,    -1.337512,    -2.658568,     0.000896,
  1670.650,    -2.141203,    -1.071755,    -0.003172,
  1670.700,    -3.070552,     0.485978,    -0.000943,
  1670.750,    -3.824100,     1.894552,     0.001391,
  1670.800,    -4.101383,     2.933516,     0.002601,
  1670.850,    -3.847158,     3.411537,    -0.004227,
  1670.900,    -3.186542,     3.192661,    -0.004255,
  1670.950,    -2.317514,     2.448630,    -0.000892,
  1671.000,    -1.392100,     1.430026,    -0.005194,
  1671.050,    -0.619360,     0.408478,     0.002089,
  1671.100,    -0.148244,    -0.451436,     0.003064,
  1671.150,    -0.014304,    -0.960817,    -0.004197,
  1671.200,    -0.068546,    -1.060193,     0.002524,
  1671.250,    -0.113862,    -0.663694,     0.004821,
  1671.300,    -0.009668,     0.062822,     0.001891,
  1671.350,     0.204204,     0.883004,    -0.005852,
  1671.400,     0.431297,     1.683465,    -0.001839,
  1671.450,     0.632823,     2.433776,    -0.003839,
  1671.500,     0.758548,     3.137004,    -0.003495,
  1671.550,     0.921777,     3.789860,    -0.005180,
  1671.600,     1.098255,     4.497620,    -0.004106,
  1671.650,     1.281999,     5.222535,    -0.001168,
  1671.700,     1.518743,     5.901816,    -0.000959,
  1671.750,     1.844728,     6.195639,    -0.004457,
  1671.800,     2.275139,     5.981187,    -0.004567,
  1671.850,     2.868016,     5.335014,    -0.005375,
  1671.900,     3.557539,     4.410735,    -0.006603,
  1671.950,     4.273803,     3.321650,    -0.002593,
  1672.000,     4.797584,     2.132569,    -0.007589,
  1672.050,     5.174295,     0.935982,    -0.003540,
  1672.100,     5.389774,    -0.097018,    -0.005482,
  1672.150,     5.560740,    -0.778452,    -0.005778,
  1672.200,     5.517022,    -1.038260,    -0.001775,
  1672.250,     5.198137,    -0.783239,    -0.006530,
  1672.300,     4.477018,     0.004783,    -0.007535,
  1672.350,     3.575633,     1.387401,    -0.002834,
  1672.400,     2.751299,     3.077046,    -0.002138,
  1672.450,     2.179993,     4.595813,     0.002445,
  1672.500,     1.874997,     5.531017,    -0.004733,
  1672.550,     1.830093,     5.600975,    -0.000639,
  1672.600,     2.043874,     4.902975,    -0.000696,
  1672.650,     2.453775,     3.582044,    -0.004341,
  1672.700,     2.902130,     1.961807,    -0.003701,
  1672.750,     3.175479,     0.388899,    -0.003953,
  1672.800,     3.163736,    -0.792903,    -0.004144,
  1672.850,     3.005732,    -1.559035,    -0.004721,
  1672.900,     2.729354,    -1.835454,    -0.002466,
  1672.950,     2.312403,    -1.664866,    -0.001929,
  1673.000,     1.795410,    -1.176190,    -0.009152,
  1673.050,     1.275978,    -0.496011,    -0.003119,
  1673.100,     0.903246,     0.210725,    -0.007292,
  1673.150,     0.705889,     0.794993,    -0.008105,
  1673.200,     0.612509,     1.214705,    -0.003508,
  1673.250,     0.530265,     1.474065,    -0.001604,
  1673.300,     0.354296,     1.639771,    -0.001744,
  1673.350,     0.144039,     1.766697,     0.003586,
  1673.400,    -0.056962,     1.904042,     0.000733,
  1673.450,    -0.272350,     2.052326,    -0.005871,
  1673.500,    -0.478809,     2.186667,     0.002110,
  1673.550,    -0.663230,     2.189667,     0.000584,
  1673.600,    -0.772367,     2.027777,    -0.001941,
  1673.650,    -0.755603,     1.665004,    -0.001195,
  1673.700,    -0.695916,     1.127236,    -0.004883,
  1673.750,    -0.535991,     0.401514,    -0.001237,
  1673.800,    -0.320615,    -0.456556,    -0.000233,
  1673.850,    -0.056430,    -1.329903,    -0.001627,
  1673.900,     0.086414,    -2.109243,     0.000671,
  1673.950,    -0.001646,    -2.672158,     0.000364,
  1674.000,    -0.409112,    -2.853025,    -0.002006,
  1674.050,    -1.110103,    -2.533091,    -0.001298,
  1674.100,    -2.030506,    -1.651755,    -0.003852,
  1674.150,    -3.036113,    -0.453523,    -0.004306,
  1674.200,    -4.005517,     0.815121,    -0.002821,
  1674.250,    -4.841169,     1.977493,    -0.006112,
  1674.300,    -5.296663,     2.902698,    -0.001517,
  1674.350,    -5.255110,     3.339133,    -0.005131,
  1674.400,    -4.744589,     3.147577,    -0.001021,
  1674.450,    -3.900572,     2.474950,    -0.005843,
  1674.500,    -2.989804,     1.639727,    -0.004147,
  1674.550,    -2.038724,     0.968594,    -0.003720,
  1674.600,    -1.185440,     0.576112,    -0.003449,
  1674.650,    -0.546925,     0.331323,    -0.005190,
  1674.700,    -0.254109,     0.255601,    -0.002436,
  1674.750,    -0.347034,     0.251998,    -0.001220,
  1674.800,    -0.755618,     0.431632,    -0.000241,
  1674.850,    -1.269024,     0.652575,    -0.003816,
  1674.900,    -1.747154,     0.917843,     0.005157,
  1674.950,    -2.134020,     1.179706,     0.003757,
  1675.000,    -2.355003,     1.596654,     0.001233,
  1675.050,    -2.331943,     2.116539,     0.006305,
  1675.100,    -2.012785,     2.621316,     0.002974,
  1675.150,    -1.488708,     2.884645,    -0.002540,
  1675.200,    -0.901416,     2.842668,    -0.002155,
  1675.250,    -0.370284,     2.499815,    -0.001121,
  1675.300,     0.119190,     1.903486,    -0.004430,
  1675.350,     0.490444,     1.192339,     0.000128,
  1675.400,     0.735299,     0.383384,    -0.000126,
  1675.450,     0.967385,    -0.486416,    -0.002161,
  1675.500,     1.236560,    -1.358856,    -0.002643,
  1675.550,     1.436092,    -2.050295,    -0.003809,
  1675.600,     1.490753,    -2.544545,    -0.005785,
  1675.650,     1.406343,    -2.818688,     0.000117,
  1675.700,     1.328963,    -2.911071,    -0.006233,
  1675.750,     1.393670,    -2.789953,    -0.004233,
  1675.800,     1.686766,    -2.338151,    -0.004168,
  1675.850,     2.120351,    -1.632665,    -0.008859,
  1675.900,     2.664548,    -0.815731,    -0.007197,
  1675.950,     3.375563,    -0.039722,    -0.008948,
  1676.000,     4.170934,     0.452451,    -0.007051,
  1676.050,     5.018466,     0.631833,    -0.006032,
  1676.100,     5.897641,     0.429057,    -0.004586,
  1676.150,     6.840315,     0.003875,    -0.001382,
  1676.200,     7.778972,    -0.524078,    -0.004439,
  1676.250,     8.666094,    -0.917231,    -0.000386,
  1676.300,     9.185889,    -1.026849,    -0.003302,
  1676.350,     9.130410,    -0.739511,    -0.000769,
  1676.400,     8.457429,     0.061564,    -0.002782,
  1676.450,     7.246257,     1.136488,    -0.000414,
  1676.500,     5.690171,     2.296843,     0.000013,
  1676.550,     4.038530,     3.266982,    -0.000591,
  1676.600,     2.470143,     3.877250,     0.000595,
  1676.650,     1.114939,     4.110587,     0.001973,
  1676.700,     0.067369,     4.057056,     0.005454,
  1676.750,    -0.703712,     3.970703,     0.000817,
  1676.800,    -1.144817,     3.885809,     0.003759,
  1676.850,    -1.352814,     3.751709,     0.004169,
  1676.900,    -1.418449,     3.606453,     0.003722,
  1676.950,    -1.418430,     3.419206,     0.004034,
  1677.000,    -1.417169,     3.220927,     0.000281,
  1677.050,    -1.355817,     2.897958,     0.003176,
  1677.100,    -1.249910,     2.428987,     0.000136,
  1677.150,    -1.062248,     1.723588,    -0.000821,
  1677.200,    -0.855119,     0.860726,     0.001945,
  1677.250,    -0.561120,    -0.001927,    -0.002903,
  1677.300,    -0.215304,    -0.804428,    -0.001218,
  1677.350,     0.183818,    -1.520904,     0.002137,
  1677.400,     0.499556,    -2.226664,    -0.005928,
  1677.450,     0.678468,    -2.926704,    -0.004954,
  1677.500,     0.674770,    -3.610735,    -0.003835,
  1677.550,     0.514484,    -4.025894,    -0.008634,
  1677.600,     0.151969,    -4.085726,    -0.008543,
  1677.650,    -0.356803,    -3.749417,    -0.005406,
  1677.700,    -0.883170,    -3.089105,    -0.007792,
  1677.750,    -1.443480,    -2.255187,    -0.003768,
  1677.800,    -1.860188,    -1.326156,    -0.003052,
  1677.850,    -2.051739,    -0.414525,    -0.001638,
  1677.900,    -1.899890,     0.452047,    -0.006126,
  1677.950,    -1.348563,     1.215503,    -0.008794,
  1678.000,    -0.636853,     1.867822,    -0.004797,
  1678.050,     0.096671,     2.447132,    -0.002896,
  1678.100,     0.766184,     2.946269,    -0.002555,
  1678.150,     1.273593,     3.329762,    -0.004074,
  1678.200,     1.429308,     3.461490,    -0.000226,
  1678.250,     1.155781,     3.286942,     0.000794,
  1678.300,     0.596872,     2.820437,     0.006194,
  1678.350,    -0.080161,     2.110837,     0.004450,
  1678.400,    -0.552518,     1.350681,     0.000116,
  1678.450,    -0.851379,     0.545600,     0.001819,
  1678.500,    -1.031045,    -0.254601,    -0.000086,
  1678.550,    -1.139932,    -0.950069,    -0.000830,
  1678.600,    -1.139059,    -1.446930,    -0.006372,
  1678.650,    -1.032947,    -1.623106,     0.000092,
  1678.700,    -0.827114,    -1.444168,    -0.000080,
  1678.750,    -0.621090,    -1.059323,    -0.002348,
  1678.800,    -0.383635,    -0.542013,    -0.002602,
  1678.850,    -0.097901,    -0.018378,    -0.001028,
  1678.900,     0.241341,     0.425745,    -0.005293,
  1678.950,     0.516582,     0.790540,    -0.012372,
  1679.000,     0.595706,     0.984693,    -0.004972,
  1679.050,     0.472658,     1.013227,    -0.010864,
  1679.100,     0.240193,     0.944345,    -0.008784,
  1679.150,    -0.038638,     0.879909,    -0.004525,
  1679.200,    -0.361556,     0.987428,    -0.004646,
  1679.250,    -0.639818,     1.153498,    -0.006296,
  1679.300,    -0.907508,     1.336168,    -0.005580,
  1679.350,    -1.162223,     1.444655,    -0.009948,
  1679.400,    -1.307571,     1.384619,    -0.008830,
  1679.450,    -1.373606,     1.276190,    -0.004248,
  1679.500,    -1.349640,     1.151998,    -0.002666,
  1679.550,    -1.239737,     1.036389,    -0.002647,
  1679.600,    -1.032607,     0.822260,    -0.000404,
  1679.650,    -0.726928,     0.489344,    -0.003385,
  1679.700,    -0.281452,     0.111605,    -0.001649,
  1679.750,     0.154547,    -0.136383,    -0.003495,
  1679.800,     0.592432,    -0.183329,     0.002941,
  1679.850,     0.862773,     0.089244,    -0.000318,
  1679.900,     0.963965,     0.565430,     0.006360,
  1679.950,     0.841587,     1.250601,     0.004381,
  1680.000,     0.532673,     2.055370,     0.003430,
  1680.050,     0.177455,     2.926242,     0.006385,
  1680.100,    -0.136535,     3.609281,     0.007124,
  1680.150,    -0.273122,     3.957772,     0.004037,
  1680.200,    -0.167508,     3.925172,     0.006507,
  1680.250,     0.180748,     3.677354,     0.002301,
  1680.300,     0.732766,     3.490739,     0.003714,
  1680.350,     1.312615,     3.503816,     0.003658,
  1680.400,     1.825299,     3.660714,    -0.000769,
  1680.450,     2.089952,     3.784592,    -0.009809,
  1680.500,     2.131994,     3.824643,    -0.002868,
  1680.550,     2.019269,     3.731541,    -0.001544,
  1680.600,     1.873304,     3.510038,    -0.008885,
  1680.650,     1.738885,     2.993122,    -0.007216,
  1680.700,     1.590029,     2.112110,    -0.006100,
  1680.750,     1.374299,     1.024903,    -0.008731,
  1680.800,     1.183009,    -0.076396,    -0.010767,
  1680.850,     0.995650,    -0.928485,    -0.008700,
  1680.900,     0.746046,    -1.375108,    -0.002686,
  1680.950,     0.436339,    -1.509035,    -0.005023,
  1681.000,     0.012382,    -1.330337,    -0.006270,
  1681.050,    -0.489456,    -0.869043,    -0.001317,
  1681.100,    -1.013314,    -0.272924,    -0.009179,
  1681.150,    -1.543645,     0.316817,    -0.003792,
  1681.200,    -2.027467,     0.762311,     0.002725,
  1681.250,    -2.530061,     1.087771,     0.002697,
  1681.300,    -2.980816,     1.309974,     0.005110,
  1681.350,    -3.396660,     1.551823,     0.002947,
  1681.400,    -3.596639,     1.865516,    -0.000072,
  1681.450,    -3.526941,     2.190166,     0.003901,
  1681.500,    -3.125781,     2.495474,     0.003004,
  1681.550,    -2.479001,     2.731245,     0.001276,
  1681.600,    -1.752437,     2.832177,    -0.003145,
  1681.650,    -1.049353,     2.826116,     0.001098,
  1681.700,    -0.389109,     2.733490,    -0.001341,
  1681.750,     0.186243,     2.577436,     0.002498,
  1681.800,     0.575521,     2.285596,     0.005162,
  1681.850,     0.810661,     1.884823,    -0.002083,
  1681.900,     0.917360,     1.385372,     0.003904,
  1681.950,     0.997351,     0.872870,     0.000751,
  1682.000,     1.033695,     0.476956,    -0.005422,
  1682.050,     1.048710,     0.241674,    -0.003707,
  1682.100,     0.977832,     0.182498,    -0.005044,
  1682.150,     0.840715,     0.282745,    -0.006014,
  1682.200,     0.597734,     0.487860,    -0.004858,
  1682.250,     0.308696,     0.765049,    -0.002993,
  1682.300,    -0.056170,     1.076061,    -0.008534,
  1682.350,    -0.466088,     1.345877,    -0.004975,
  1682.400,    -0.915649,     1.614656,    -0.008864,
  1682.450,    -1.237943,     1.934996,    -0.007248,
  1682.500,    -1.329457,     2.317847,    -0.004281,
  1682.550,    -1.196266,     2.571037,    -0.005368,
  1682.600,    -0.910341,     2.715450,    -0.006586,
  1682.650,    -0.552596,     2.695597,    -0.003617,
  1682.700,    -0.174399,     2.511846,    -0.004682,
  1682.750,     0.152590,     2.259730,    -0.001456,
  1682.800,     0.436107,     1.937984,     0.001229,
  1682.850,     0.626531,     1.593883,     0.001122,
  1682.900,     0.720275,     1.197974,     0.002419,
  1682.950,     0.739815,     0.856578,     0.007297,
  1683.000,     0.835794,     0.591795,    -0.000901,
  1683.050,     1.033620,     0.388310,     0.003664,
  1683.100,     1.299752,     0.239085,     0.005146,
  1683.150,     1.502402,     0.154335,     0.003403,
  1683.200,     1.656053,     0.169285,     0.001235,
  1683.250,     1.679030,     0.348151,     0.001165,
  1683.300,     1.634638,     0.705455,     0.002775,
  1683.350,     1.575990,     1.189040,     0.000103,
  1683.400,     1.441719,     1.704080,     0.003743,
  1683.450,     1.259029,     2.117921,     0.000113,
  1683.500,     0.917606,     2.352159,    -0.001234,
  1683.550,     0.483116,     2.378809,    -0.005870,
  1683.600,     0.115685,     2.300817,    -0.002722,
  1683.650,    -0.089802,     2.207273,    -0.006761,
  1683.700,    -0.027591,     2.084502,    -0.005435,
  1683.750,     0.167896,     1.861927,    -0.003844,
  1683.800,     0.618982,     1.496297,    -0.006777,
  1683.850,     1.152590,     0.958744,    -0.010155,
  1683.900,     1.729136,     0.295860,    -0.008356,
  1683.950,     2.223273,    -0.417423,    -0.008668,
  1684.000,     2.444992,    -1.076099,    -0.010173,
  1684.050,     2.403891,    -1.664791,    -0.009180,
  1684.100,     2.204598,    -1.881292,    -0.010463,
  1684.150,     2.036099,    -1.641991,    -0.010168,
  1684.200,     1.988779,    -0.908922,    -0.007178,
  1684.250,     1.991210,     0.057908,    -0.008812,
  1684.300,     1.937811,     1.052434,    -0.006824,
  1684.350,     1.837757,     1.909970,    -0.005189,
  1684.400,     1.688279,     2.528583,    -0.003864,
  1684.450,     1.449903,     2.910504,    -0.003525,
  1684.500,     1.008845,     3.039462,    -0.001637,
  1684.550,     0.390750,     2.959035,     0.002179,
  1684.600,    -0.357228,     2.770499,     0.005218,
  1684.650,    -1.053749,     2.537622,    -0.000961,
  1684.700,    -1.499980,     2.230924,     0.001602,
  1684.750,    -1.694822,     1.831384,     0.005075,
  1684.800,    -1.630927,     1.285302,     0.003659,
  1684.850,    -1.358939,     0.667263,     0.001885,
  1684.900,    -0.860487,     0.041377,     0.006519,
  1684.950,    -0.291563,    -0.428136,     0.007305,
  1685.000,     0.277131,    -0.708761,     0.002965,
  1685.050,     0.747603,    -0.672982,     0.002229,
  1685.100,     1.084806,    -0.345578,     0.003421,
  1685.150,     1.289966,     0.219219,     0.001034,
  1685.200,     1.414734,     0.930121,     0.001247,
  1685.250,     1.486848,     1.662913,    -0.001585,
  1685.300,     1.514082,     2.336706,    -0.007428,
  1685.350,     1.479051,     2.790813,    -0.008727,
  1685.400,     1.404047,     2.837893,    -0.006555,
  1685.450,     1.266243,     2.526431,    -0.002953,
  1685.500,     1.169796,     1.958973,    -0.007459,
  1685.550,     1.166687,     1.391149,    -0.005857,
  1685.600,     1.222545,     0.930255,    -0.007114,
  1685.650,     1.305322,     0.562372,    -0.008742,
  1685.700,     1.337458,     0.322827,    -0.008130,
  1685.750,     1.320350,     0.155830,    -0.014160,
  1685.800,     1.278691,     0.091455,    -0.005953,
  1685.850,     1.236456,     0.074935,    -0.003223,
  1685.900,     1.156330,     0.001193,    -0.005483,
  1685.950,     1.088427,    -0.119799,    -0.005194,
  1686.000,     0.985445,    -0.162694,     0.002218,
  1686.050,     0.894112,    -0.039735,    -0.002346,
  1686.100,     0.828432,     0.280877,    -0.004262,
  1686.150,     0.785389,     0.692554,     0.000642,
  1686.200,     0.763545,     1.156741,     0.001333,
  1686.250,     0.818193,     1.552242,    -0.002805,
  1686.300,     0.990951,     1.866623,     0.002124,
  1686.350,     1.212541,     2.019688,     0.001929,
  1686.400,     1.485235,     1.916365,    -0.001532,
  1686.450,     1.680799,     1.485783,    -0.000504,
  1686.500,     1.738533,     0.797933,     0.002132,
  1686.550,     1.694215,     0.052865,     0.003354,
  1686.600,     1.611226,    -0.647351,     0.003798,
  1686.650,     1.477195,    -1.141138,     0.002138,
  1686.700,     1.272401,    -1.368795,     0.008660,
  1686.750,     1.045534,    -1.369090,     0.010295,
  1686.800,     0.776448,    -1.112459,     0.000160,
  1686.850,     0.476303,    -0.498849,     0.001966,
  1686.900,     0.176410,     0.373076,    -0.000614,
  1686.950,    -0.125806,     1.343611,     0.001212,
  1687.000,    -0.412924,     2.220433,     0.002026,
  1687.050,    -0.611461,     2.790095,    -0.003008,
  1687.100,    -0.733772,     3.106945,     0.000584,
  1687.150,    -0.718405,     3.106982,    -0.001270,
  1687.200,    -0.564299,     2.837052,     0.000148,
  1687.250,    -0.391116,     2.304517,    -0.005455,
  1687.300,    -0.221929,     1.643385,    -0.011036,
  1687.350,    -0.137411,     0.972145,    -0.009491,
  1687.400,    -0.099075,     0.364439,    -0.008985,
  1687.450,    -0.038718,    -0.127680,    -0.008863,
  1687.500,     0.061725,    -0.449573,    -0.007462,
  1687.550,     0.086739,    -0.711068,    -0.004905,
  1687.600,     0.013598,    -0.992829,    -0.006990,
  1687.650,    -0.204152,    -1.319799,    -0.010085,
  1687.700,    -0.541987,    -1.571145,    -0.011601,
  1687.750,    -0.960409,    -1.542420,    -0.005963,
  1687.800,    -1.322082,    -1.101569,    -0.007014,
  1687.850,    -1.630176,    -0.308003,    -0.005531,
  1687.900,    -1.798472,     0.731242,    -0.006579,
  1687.950,    -1.707226,     1.850057,    -0.007371,
  1688.000,    -1.311924,     2.753399,    -0.007827,
  1688.050,    -0.647230,     3.277598,    -0.005607,
  1688.100,     0.120051,     3.297298,     0.000228,
  1688.150,     0.807730,     2.876221,     0.001612,
  1688.200,     1.342069,     2.170375,     0.000879,
  1688.250,     1.678381,     1.313024,     0.000326,
  1688.300,     1.874980,     0.451004,     0.006363,
  1688.350,     1.900278,    -0.335147,    -0.000881,
  1688.400,     1.836708,    -0.889231,     0.003293,
  1688.450,     1.705842,    -1.064746,     0.009904,
  1688.500,     1.557945,    -0.932000,     0.009594,
  1688.550,     1.408099,    -0.535668,     0.002507,
  1688.600,     1.128359,     0.061993,     0.006131,
  1688.650,     0.787226,     0.744836,     0.005990,
  1688.700,     0.322800,     1.357723,     0.001740,
  1688.750,    -0.123515,     1.764261,    -0.001122,
  1688.800,    -0.535115,     1.791242,    -0.001161,
  1688.850,    -0.798571,     1.478882,     0.001446,
  1688.900,    -0.906783,     0.900863,     0.003146,
  1688.950,    -0.828945,     0.198671,     0.000964,
  1689.000,    -0.584914,    -0.468450,    -0.002002,
  1689.050,    -0.172847,    -0.949988,     0.000839,
  1689.100,     0.317887,    -1.127342,    -0.004892,
  1689.150,     0.834143,    -0.955192,    -0.006785,
  1689.200,     1.289964,    -0.573804,    -0.009240,
  1689.250,     1.545180,    -0.082558,    -0.008789,
  1689.300,     1.528921,     0.400849,    -0.008242,
  1689.350,     1.313007,     0.783911,    -0.010394,
  1689.400,     1.083905,     0.997937,    -0.010495,
  1689.450,     0.824958,     1.060174,    -0.014350,
  1689.500,     0.553763,     1.013047,    -0.011381,
  1689.550,     0.283505,     0.894100,    -0.008726,
  1689.600,     0.052582,     0.862166,    -0.012310,
  1689.650,    -0.040819,     1.000874,    -0.009086,
  1689.700,    -0.083812,     1.370165,    -0.005077,
  1689.750,    -0.127723,     1.888734,    -0.001818,
  1689.800,    -0.168021,     2.335326,    -0.010455,
  1689.850,    -0.155232,     2.624466,    -0.006056,
  1689.900,    -0.048723,     2.627302,     0.000508,
  1689.950,     0.236565,     2.330004,     0.001371,
  1690.000,     0.549552,     1.838481,     0.002416,
  1690.050,     0.836303,     1.136360,     0.006671,
  1690.100,     1.080485,     0.332646,     0.010830,
  1690.150,     1.269652,    -0.448915,     0.004240,
  1690.200,     1.326108,    -1.072448,     0.004755,
  1690.250,     1.214189,    -1.405867,     0.007835,
  1690.300,     0.850408,    -1.384308,     0.010319,
  1690.350,     0.336942,    -1.002613,     0.008442,
  1690.400,    -0.213637,    -0.369327,     0.004234,
  1690.450,    -0.688342,     0.414418,     0.005697,
  1690.500,    -1.032279,     1.264879,     0.004412,
  1690.550,    -1.221039,     2.078002,     0.004310,
  1690.600,    -1.250874,     2.690379,     0.005093,
  1690.650,    -1.110367,     3.037519,    -0.001271,
  1690.700,    -0.753685,     3.023940,    -0.003818,
  1690.750,    -0.251759,     2.709839,    -0.005060,
  1690.800,     0.326728,     2.242089,    -0.006430,
  1690.850,     0.829615,     1.670260,    -0.006933,
  1690.900,     1.174998,     1.163267,    -0.009551,
  1690.950,     1.365098,     0.768299,    -0.012240,
  1691.000,     1.432979,     0.473777,    -0.011820,
  1691.050,     1.308094,     0.285832,    -0.011910,
  1691.100,     1.026292,     0.203289,    -0.011518,
  1691.150,     0.617385,     0.125032,    -0.014647,
  1691.200,     0.191122,     0.156049,    -0.011295,
  1691.250,    -0.179844,     0.241990,    -0.009470,
  1691.300,    -0.473752,     0.509349,    -0.009379,
  1691.350,    -0.660079,     0.941554,    -0.006549,
  1691.400,    -0.745978,     1.529320,    -0.007430,
  1691.450,    -0.816061,     2.191168,    -0.002537,
  1691.500,    -0.867237,     2.827658,    -0.003274,
  1691.550,    -0.847543,     3.378861,    -0.001863,
  1691.600,    -0.696485,     3.692797,     0.002348,
  1691.650,    -0.362808,     3.624742,     0.002161,
  1691.700,     0.107778,     3.149624,     0.000525,
  1691.750,     0.648342,     2.228937,     0.002705,
  1691.800,     1.199157,     1.063858,     0.004579,
  1691.850,     1.630809,    -0.152253,     0.004559,
  1691.900,     1.805282,    -1.174209,     0.007183,
  1691.950,     1.709270,    -1.791788,     0.007372,
  1692.000,     1.380509,    -1.923481,     0.006303,
  1692.050,     0.932134,    -1.494760,     0.006881,
  1692.100,     0.456433,    -0.672926,     0.006583,
  1692.150,    -0.055706,     0.363339,     0.010006,
  1692.200,    -0.509043,     1.363359,     0.007331,
  1692.250,    -0.871665,     2.160327,     0.001380,
  1692.300,    -1.055959,     2.568445,     0.002822,
  1692.350,    -1.056079,     2.533085,    -0.004985,
  1692.400,    -0.929082,     2.142730,    -0.006942,
  1692.450,    -0.693997,     1.538134,    -0.005357,
  1692.500,    -0.465790,     0.980385,    -0.005648,
  1692.550,    -0.269692,     0.587184,    -0.003550,
  1692.600,    -0.166657,     0.442132,    -0.011548,
  1692.650,    -0.223203,     0.574560,    -0.007824,
  1692.700,    -0.414879,     0.747681,    -0.003474,
  1692.750,    -0.658402,     0.841796,    -0.009723,
  1692.800,    -0.915155,     0.932781,    -0.014178,
  1692.850,    -1.081742,     0.984177,    -0.014609,
  1692.900,    -1.095175,     1.003946,    -0.012372,
  1692.950,    -0.985045,     0.929122,    -0.005337,
  1693.000,    -0.687917,     0.783914,    -0.002715,
  1693.050,    -0.334189,     0.672512,    -0.007572,
  1693.100,    -0.002861,     0.662233,    -0.004382,
  1693.150,     0.290478,     0.801518,    -0.004900,
  1693.200,     0.531841,     1.125919,    -0.006010,
  1693.250,     0.627487,     1.556513,    -0.007896,
  1693.300,     0.602676,     1.945138,    -0.004042,
  1693.350,     0.501292,     2.242532,    -0.001019,
  1693.400,     0.337112,     2.400666,    -0.003394,
  1693.450,     0.194318,     2.426737,     0.003724,
  1693.500,     0.173208,     2.266734,     0.003390,
  1693.550,     0.275745,     1.909553,     0.002673,
  1693.600,     0.448603,     1.422311,     0.003517,
  1693.650,     0.613818,     0.873087,     0.006132,
  1693.700,     0.720254,     0.341281,     0.000639,
  1693.750,     0.712777,    -0.081404,     0.001485,
  1693.800,     0.605932,    -0.283392,     0.003766,
  1693.850,     0.399807,    -0.165438,     0.000822,
  1693.900,     0.104498,     0.235648,     0.001241,
  1693.950,    -0.260124,     0.712439,    -0.004594,
  1694.000,    -0.583836,     1.100583,    -0.004831,
  1694.050,    -0.845834,     1.220353,    -0.000666,
  1694.100,    -0.955763,     1.020043,     0.004394,
  1694.150,    -0.858114,     0.663621,    -0.000477,
  1694.200,    -0.617197,     0.307127,    -0.002747,
  1694.250,    -0.226683,     0.061134,    -0.003309,
  1694.300,     0.280359,     0.025835,    -0.004532,
  1694.350,     0.791907,     0.154167,    -0.006184,
  1694.400,     1.221729,     0.422037,    -0.000402,
  1694.450,     1.514925,     0.740911,    -0.006141,
  1694.500,     1.653435,     1.024193,    -0.007807,
  1694.550,     1.585100,     1.136833,    -0.003378,
  1694.600,     1.313338,     1.020943,    -0.005364,
  1694.650,     0.976124,     0.736161,    -0.005965,
  1694.700,     0.617499,     0.438248,    -0.000515,
  1694.750,     0.261343,     0.248550,    -0.001284,
  1694.800,     0.010370,     0.179645,    -0.004634,
  1694.850,    -0.144958,     0.195447,    -0.002032,
  1694.900,    -0.220338,     0.282804,    -0.004321,
  1694.950,    -0.182770,     0.461654,    -0.008319,
  1695.000,    -0.098941,     0.742957,     0.000373,
  1695.050,     0.027168,     1.025701,    -0.001711,
  1695.100,     0.239586,     1.259097,     0.000215,
  1695.150,     0.523956,     1.238673,    -0.002137,
  1695.200,     0.877729,     0.976320,     0.000161,
  1695.250,     1.213067,     0.506294,    -0.003185,
  1695.300,     1.539179,    -0.005801,    -0.004096,
  1695.350,     1.833455,    -0.496504,    -0.006536,
  1695.400,     2.060928,    -0.819703,    -0.004472,
  1695.450,     2.217089,    -0.989628,    -0.000875,
  1695.500,     2.136030,    -0.954995,    -0.005489,
  1695.550,     1.782160,    -0.679936,    -0.004332,
  1695.600,     1.229555,    -0.241350,    -0.007334,
  1695.650,     0.497718,     0.298546,    -0.001865,
  1695.700,    -0.265310,     0.761163,    -0.000147,
  1695.750,    -0.904298,     1.142690,     0.000862,
  1695.800,    -1.356180,     1.287671,    -0.002290,
  1695.850,    -1.532202,     1.216640,     0.005451,
  1695.900,    -1.338775,     0.942684,    -0.000013,
  1695.950,    -0.882057,     0.518857,    -0.001144,
  1696.000,    -0.247434,     0.016242,    -0.000141,
  1696.050,     0.397788,    -0.420836,    -0.007006,
  1696.100,     0.920204,    -0.652076,     0.001021,
  1696.150,     1.291434,    -0.530327,     0.002276,
  1696.200,     1.378581,    -0.100584,    -0.001519,
  1696.250,     1.276049,     0.537141,    -0.002435,
  1696.300,     1.062955,     1.170117,     0.004159,
  1696.350,     0.813274,     1.612779,    -0.001573,
  1696.400,     0.642052,     1.746676,    -0.003825,
  1696.450,     0.640559,     1.612897,     0.004497,
  1696.500,     0.753614,     1.228865,     0.002108,
  1696.550,     0.848943,     0.726397,    -0.001573,
  1696.600,     0.900972,     0.259011,     0.002364,
  1696.650,     0.932692,    -0.063428,    -0.001667,
  1696.700,     0.952042,    -0.152744,    -0.001214,
  1696.750,     0.968203,    -0.072411,    -0.003276,
  1696.800,     0.935491,     0.120159,    -0.000059,
  1696.850,     0.849800,     0.423928,    -0.004689,
  1696.900,     0.769115,     0.709750,    -0.011376,
  1696.950,     0.736656,     1.026023,    -0.009160,
  1697.000,     0.782362,     1.315422,    -0.010307,
  1697.050,     0.936812,     1.543624,    -0.004602,
  1697.100,     1.149240,     1.707006,    -0.009487,
  1697.150,     1.298789,     1.788889,    -0.005165,
  1697.200,     1.398102,     1.776160,    -0.000221,
  1697.250,     1.431678,     1.690371,    -0.004893,
  1697.300,     1.365906,     1.527791,    -0.007843,
  1697.350,     1.221475,     1.330025,    -0.003168,
  1697.400,     1.004033,     1.178847,     0.001004,
  1697.450,     0.699904,     1.114457,    -0.004318,
  1697.500,     0.383263,     1.147654,    -0.005206,
  1697.550,     0.161653,     1.260431,    -0.005354,
  1697.600,     0.013487,     1.396614,    -0.003350,
  1697.650,    -0.018558,     1.472952,     0.003749,
  1697.700,     0.143119,     1.368465,     0.003164,
  1697.750,     0.405791,     1.130898,    -0.000187,
  1697.800,     0.717223,     0.844827,     0.003297,
  1697.850,     0.892814,     0.674545,     0.006326,
  1697.900,     0.897479,     0.771067,     0.002947,
  1697.950,     0.702758,     1.108862,     0.006151,
  1698.000,     0.387835,     1.613853,     0.005695,
  1698.050,     0.054533,     2.130295,     0.006511,
  1698.100,    -0.190542,     2.564848,     0.001959,
  1698.150,    -0.305338,     2.775530,     0.006624,
  1698.200,    -0.340315,     2.623393,     0.003481,
  1698.250,    -0.344713,     2.157658,     0.000505,
  1698.300,    -0.306553,     1.523636,     0.001072,
  1698.350,    -0.237506,     0.982200,     0.000376,
  1698.400,    -0.265555,     0.644066,    -0.001680,
  1698.450,    -0.341753,     0.527354,    -0.001591,
  1698.500,    -0.536922,     0.545730,    -0.000916,
  1698.550,    -0.736616,     0.742787,    -0.004504,
  1698.600,    -0.830580,     0.995847,    -0.005576,
  1698.650,    -0.876435,     1.265533,    -0.002559,
  1698.700,    -0.850768,     1.474968,    -0.003652,
  1698.750,    -0.786241,     1.525778,    -0.007012,
  1698.800,    -0.650952,     1.514488,    -0.010619,
  1698.850,    -0.460431,     1.456610,    -0.013178,
  1698.900,    -0.306318,     1.369822,    -0.012415,
  1698.950,    -0.206582,     1.291055,    -0.012237,
  1699.000,    -0.203781,     1.147038,    -0.012712,
  1699.050,    -0.325861,     0.943440,    -0.010300,
  1699.100,    -0.557319,     0.729823,    -0.014800,
  1699.150,    -0.759347,     0.651807,    -0.009288,
  1699.200,    -0.870411,     0.766728,    -0.005837,
  1699.250,    -0.853832,     0.959094,     0.001230,
  1699.300,    -0.686784,     1.079285,    -0.000260,
  1699.350,    -0.436821,     1.017662,    -0.001660,
  1699.400,    -0.113316,     0.750040,    -0.001486,
  1699.450,     0.252605,     0.296059,    -0.003158,
  1699.500,     0.594323,    -0.227596,     0.002490,
  1699.550,     0.846067,    -0.738272,     0.002143,
  1699.600,     0.972744,    -1.066399,     0.000560,
  1699.650,     0.971064,    -1.086662,     0.002901,
  1699.700,     0.853739,    -0.732967,     0.000453,
  1699.750,     0.601895,    -0.047674,     0.003556,
  1699.800,     0.288321,     0.839081,     0.001295,
  1699.850,    -0.104327,     1.752978,     0.007061,
  1699.900,    -0.440934,     2.450384,     0.002303,
  1699.950,    -0.662725,     2.840175,     0.003059,
  1700.000,    -0.661687,     2.866925,     0.003368,
  1700.050,    -0.489152,     2.536581,    -0.000207,
  1700.100,    -0.138369,     1.955277,    -0.002646,
  1700.150,     0.252284,     1.258269,    -0.002975,
  1700.200,     0.524031,     0.631063,     0.000228,
  1700.250,     0.661280,     0.214407,     0.005032,
  1700.300,     0.667993,     0.035360,     0.001834,
  1700.350,     0.574150,     0.106097,    -0.001645,
  1700.400,     0.433601,     0.356125,    -0.004116,
  1700.450,     0.243625,     0.698159,    -0.007786,
  1700.500,     0.139594,     1.100381,    -0.010513,
  1700.550,     0.107608,     1.486258,    -0.006144,
  1700.600,     0.140456,     1.795552,    -0.007027,
  1700.650,     0.212826,     1.998714,    -0.004820,
  1700.700,     0.307838,     2.124292,    -0.006112,
  1700.750,     0.396364,     2.223595,    -0.007778,
  1700.800,     0.531002,     2.279434,    -0.009101,
  1700.850,     0.687643,     2.212552,    -0.006153,
  1700.900,     0.760018,     1.975957,    -0.004918,
  1700.950,     0.859214,     1.574126,    -0.004318,
  1701.000,     0.891977,     1.078355,    -0.002426,
  1701.050,     0.856495,     0.565921,     0.001181,
  1701.100,     0.823596,     0.105276,     0.000613,
  1701.150,     0.788066,    -0.195628,    -0.001523,
  1701.200,     0.757724,    -0.379004,     0.000636,
  1701.250,     0.787189,    -0.398505,     0.000958,
  1701.300,     0.827613,    -0.296935,     0.002062,
  1701.350,     0.909982,    -0.112662,    -0.006397,
  1701.400,     0.990392,     0.193048,    -0.000349,
  1701.450,     1.062680,     0.542926,     0.003227,
  1701.500,     1.027337,     0.940374,    -0.001621,
  1701.550,     0.827664,     1.319942,    -0.000626,
  1701.600,     0.543539,     1.636360,    -0.007885,
  1701.650,     0.245677,     1.862691,    -0.006979,
  1701.700,     0.057479,     1.914803,    -0.004803,
  1701.750,     0.072989,     1.812830,    -0.006482,
  1701.800,     0.277953,     1.497084,     0.000492,
  1701.850,     0.576549,     1.093463,     0.001257,
  1701.900,     0.920543,     0.715838,    -0.000739,
  1701.950,     1.261381,     0.412858,     0.001646,
  1702.000,     1.476699,     0.207046,    -0.000971,
  1702.050,     1.482304,    -0.002225,    -0.003002,
  1702.100,     1.294256,    -0.152308,    -0.001503,
  1702.150,     1.009467,    -0.196308,     0.001751,
  1702.200,     0.757133,    -0.144487,    -0.000734,
  1702.250,     0.559057,    -0.024069,    -0.002843,
  1702.300,     0.478309,     0.188871,    -0.001387,
  1702.350,     0.437398,     0.432309,    -0.001043,
  1702.400,     0.464142,     0.746406,    -0.002437,
  1702.450,     0.516067,     1.113395,    -0.002368,
  1702.500,     0.590438,     1.465388,    -0.004946,
  1702.550,     0.643613,     1.738564,    -0.000959,
  1702.600,     0.641913,     1.847772,     0.000264,
  1702.650,     0.592496,     1.741479,    -0.001933,
  1702.700,     0.519871,     1.477008,    -0.007646,
  1702.750,     0.487063,     1.112401,    -0.010566,
  1702.800,     0.481552,     0.725569,    -0.005518,
  1702.850,     0.456794,     0.264683,    -0.005920,
  1702.900,     0.437238,    -0.083359,    -0.001726,
  1702.950,     0.453162,    -0.329628,    -0.003558,
  1703.000,     0.545120,    -0.467160,    -0.006861,
  1703.050,     0.734007,    -0.516775,    -0.006009,
  1703.100,     0.909328,    -0.552785,    -0.007720,
  1703.150,     0.964175,    -0.531802,    -0.007950,
  1703.200,     0.865217,    -0.392810,    -0.003817,
  1703.250,     0.569383,    -0.156744,    -0.003640,
  1703.300,     0.170166,     0.229008,    -0.002711,
  1703.350,    -0.261197,     0.770950,    -0.002549,
  1703.400,    -0.670225,     1.354544,     0.004307,
  1703.450,    -0.913128,     1.873694,    -0.004116,
  1703.500,    -0.954714,     2.146879,    -0.004592,
  1703.550,    -0.745348,     2.142156,     0.002751,
  1703.600,    -0.310120,     1.924068,     0.003484,
  1703.650,     0.226271,     1.563748,     0.002849,
  1703.700,     0.775478,     1.072622,    -0.000889,
  1703.750,     1.176929,     0.518133,    -0.004905,
  1703.800,     1.370365,     0.011478,    -0.001479,
  1703.850,     1.316872,    -0.299374,     0.003646,
  1703.900,     1.083654,    -0.382060,     0.007472,
  1703.950,     0.696452,    -0.316831,     0.006259,
  1704.000,     0.254321,    -0.070874,     0.005417,
  1704.050,    -0.161183,     0.321376,     0.007627,
  1704.100,    -0.386659,     0.846238,     0.007769,
  1704.150,    -0.406323,     1.416767,     0.001071,
  1704.200,    -0.298192,     1.969961,    -0.002795,
  1704.250,    -0.076855,     2.376415,     0.000342,
  1704.300,     0.213272,     2.539956,     0.005321,
  1704.350,     0.503090,     2.443849,    -0.006528,
  1704.400,     0.772154,     2.187560,    -0.005537,
  1704.450,     0.917094,     1.799463,    -0.004287,
  1704.500,     1.022639,     1.304165,    -0.003283,
  1704.550,     1.021210,     0.827102,    -0.013104,
  1704.600,     1.016213,     0.365469,    -0.012027,
  1704.650,     0.989981,     0.092568,    -0.012252,
  1704.700,     0.927066,     0.001743,    -0.007069,
  1704.750,     0.800018,     0.116562,    -0.004299,
  1704.800,     0.601647,     0.365459,    -0.009418,
  1704.850,     0.357501,     0.687396,    -0.009094,
  1704.900,     0.132305,     1.080751,    -0.008571,
  1704.950,    -0.104556,     1.547032,    -0.009326,
  1705.000,    -0.253918,     2.028004,    -0.010462,
  1705.050,    -0.352873,     2.429532,    -0.007100,
  1705.100,    -0.398689,     2.701087,    -0.008341,
  1705.150,    -0.403667,     2.786637,    -0.007360,
  1705.200,    -0.350900,     2.728654,    -0.001392,
  1705.250,    -0.263177,     2.588807,     0.006859,
  1705.300,    -0.077056,     2.410819,     0.000432,
  1705.350,     0.155651,     2.126121,    -0.000232,
  1705.400,     0.411360,     1.815159,     0.008704,
  1705.450,     0.663120,     1.533803,     0.002716,
  1705.500,     0.877072,     1.343352,     0.000671,
  1705.550,     1.028268,     1.294895,     0.008544,
  1705.600,     1.047580,     1.230120,     0.004303,
  1705.650,     0.931150,     1.093479,     0.005839,
  1705.700,     0.734543,     0.922447,     0.008530,
  1705.750,     0.539799,     0.741133,     0.004015,
  1705.800,     0.353233,     0.618669,     0.005220,
  1705.850,     0.199207,     0.557503,     0.000996,
  1705.900,    -0.009478,     0.585135,    -0.000318,
  1705.950,    -0.160701,     0.704118,    -0.001572,
  1706.000,    -0.253501,     0.924126,    -0.000939,
  1706.050,    -0.252068,     1.228105,    -0.005826,
  1706.100,    -0.167516,     1.440186,    -0.003899,
  1706.150,    -0.049766,     1.537056,    -0.005418,
  1706.200,     0.115552,     1.431115,    -0.011318,
  1706.250,     0.312156,     1.193729,    -0.007459,
  1706.300,     0.521685,     0.862866,    -0.008010,
  1706.350,     0.760589,     0.475642,    -0.005681,
  1706.400,     0.968031,     0.149753,    -0.012120,
  1706.450,     1.113504,    -0.050592,    -0.007174,
  1706.500,     1.112552,    -0.147607,    -0.009732,
  1706.550,     1.031170,    -0.136650,    -0.010021,
  1706.600,     0.905455,    -0.023186,    -0.002380,
  1706.650,     0.701286,     0.111666,    -0.005762,
  1706.700,     0.477788,     0.334724,    -0.007374,
  1706.750,     0.256325,     0.646764,    -0.001249,
  1706.800,     0.030238,     0.982969,     0.000027,
  1706.850,    -0.176990,     1.270086,    -0.004497,
  1706.900,    -0.335038,     1.533274,     0.003689,
  1706.950,    -0.505771,     1.732812,     0.000153,
  1707.000,    -0.574811,     1.885977,    -0.005896,
  1707.050,    -0.548310,     1.991964,    -0.006453,
  1707.100,    -0.385249,     2.012803,     0.000478,
  1707.150,    -0.088833,     1.977728,    -0.003363,
  1707.200,     0.359718,     1.943583,     0.000833,
  1707.250,     0.840234,     1.878060,    -0.000182,
  1707.300,     1.254031,     1.716188,     0.000149,
  1707.350,     1.435513,     1.452515,    -0.006023,
  1707.400,     1.448119,     1.139832,    -0.004828,
  1707.450,     1.277617,     0.851223,    -0.003224,
  1707.500,     0.990926,     0.639538,    -0.001678,
  1707.550,     0.634189,     0.604060,    -0.000506,
  1707.600,     0.268758,     0.813209,    -0.003174,
  1707.650,    -0.033439,     1.263659,    -0.004808,
  1707.700,    -0.174680,     1.836553,    -0.003252,
  1707.750,    -0.164187,     2.379872,    -0.004142,
  1707.800,    -0.078457,     2.806634,    -0.003105,
  1707.850,     0.050733,     3.011721,    -0.003773,
  1707.900,     0.287956,     2.980675,     0.002226,
  1707.950,     0.591444,     2.724464,    -0.000687,
  1708.000,     0.903561,     2.294835,     0.000049,
  1708.050,     1.198029,     1.783803,     0.000554,
  1708.100,     1.336557,     1.269205,    -0.001674,
  1708.150,     1.388289,     0.851650,     0.001376,
  1708.200,     1.346036,     0.570834,     0.004523,
  1708.250,     1.201381,     0.472253,     0.001472,
  1708.300,     1.013497,     0.513279,     0.002611,
  1708.350,     0.796859,     0.688256,    -0.002004,
  1708.400,     0.587842,     0.913415,     0.001972,
  1708.450,     0.372778,     1.097041,    -0.000287,
  1708.500,     0.239082,     1.167100,    -0.002935,
  1708.550,     0.199064,     1.094580,    -0.006952,
  1708.600,     0.228826,     0.988459,    -0.004256,
  1708.650,     0.321123,     0.890508,    -0.010463,
  1708.700,     0.434771,     0.825239,    -0.006609,
  1708.750,     0.611328,     0.834482,    -0.007118,
  1708.800,     0.807283,     0.937989,    -0.006390,
  1708.850,     1.065164,     1.132657,    -0.006936,
  1708.900,     1.321060,     1.381238,    -0.005112,
  1708.950,     1.487487,     1.550118,    -0.004914,
  1709.000,     1.543951,     1.592862,    -0.008605,
  1709.050,     1.538617,     1.496985,    -0.010154,
  1709.100,     1.471208,     1.364264,    -0.003492,
  1709.150,     1.331252,     1.220443,    -0.006502,
  1709.200,     1.102412,     1.113766,    -0.005118,
  1709.250,     0.819647,     1.030876,    -0.004297,
  1709.300,     0.589826,     0.993686,    -0.002175,
  1709.350,     0.445641,     1.015238,    -0.003017,
  1709.400,     0.382554,     1.048356,    -0.011240,
  1709.450,     0.358443,     1.140385,     0.006216,
  1709.500,     0.258006,     1.279681,    -0.000611,
  1709.550,     0.137418,     1.419368,     0.002733,
  1709.600,     0.020214,     1.520826,     0.005476,
  1709.650,    -0.080730,     1.610550,    -0.001360,
  1709.700,    -0.167527,     1.662439,     0.002473,
  1709.750,    -0.226598,     1.703517,    -0.000384,
  1709.800,    -0.189174,     1.703155,     0.002302,
  1709.850,    -0.087757,     1.587031,     0.002470,
  1709.900,     0.077772,     1.316544,     0.006499,
  1709.950,     0.217223,     0.990432,     0.002005,
  1710.000,     0.320548,     0.662223,    -0.003090,
  1710.050,     0.273524,     0.439506,     0.002631,
  1710.100,     0.166487,     0.304805,    -0.003007,
  1710.150,     0.035052,     0.298283,     0.000077,
  1710.200,    -0.162204,     0.349277,    -0.005080,
  1710.250,    -0.315973,     0.399695,    -0.004542,
  1710.300,    -0.473221,     0.466908,    -0.002599,
  1710.350,    -0.515371,     0.427609,    -0.001981,
  1710.400,    -0.518618,     0.349779,    -0.010815,
  1710.450,    -0.458151,     0.249391,    -0.007611,
  1710.500,    -0.323963,     0.267603,    -0.010064,
  1710.550,    -0.119425,     0.425202,    -0.014599,
  1710.600,     0.133383,     0.670064,    -0.005004,
  1710.650,     0.409877,     0.961431,    -0.010931,
  1710.700,     0.648110,     1.192651,    -0.007609,
  1710.750,     0.830110,     1.314931,    -0.007719,
  1710.800,     0.982262,     1.339182,    -0.011498,
  1710.850,     1.076823,     1.279172,    -0.010874,
  1710.900,     1.081091,     1.094842,    -0.008862,
  1710.950,     1.047079,     0.915425,    -0.004532,
  1711.000,     0.964113,     0.741791,    -0.007105,
  1711.050,     0.865626,     0.671570,    -0.000846,
  1711.100,     0.759144,     0.663055,     0.003924,
  1711.150,     0.622750,     0.693004,    -0.004335,
  1711.200,     0.460629,     0.829999,     0.002828,
  1711.250,     0.307437,     1.120037,     0.004200,
  1711.300,     0.233978,     1.462619,     0.004708,
  1711.350,     0.214605,     1.783571,     0.004351,
  1711.400,     0.313204,     1.975077,     0.008860,
  1711.450,     0.495361,     1.983953,     0.006451,
  1711.500,     0.768717,     1.791444,     0.005093,
  1711.550,     1.092907,     1.416287,     0.002958,
  1711.600,     1.368172,     0.902035,     0.006285,
  1711.650,     1.525614,     0.412966,     0.004209,
  1711.700,     1.549377,     0.053998,    -0.005687,
  1711.750,     1.506420,    -0.022020,     0.001883,
  1711.800,     1.370006,     0.139481,    -0.003796,
  1711.850,     1.112125,     0.468412,    -0.001678,
  1711.900,     0.872605,     0.870126,    -0.001322,
  1711.950,     0.640638,     1.249804,    -0.007926,
  1712.000,     0.474878,     1.590034,    -0.005513,
  1712.050,     0.356778,     1.757380,    -0.008988,
  1712.100,     0.375040,     1.704202,    -0.010729,
  1712.150,     0.455703,     1.456662,    -0.007749,
  1712.200,     0.586679,     1.053388,    -0.009592,
  1712.250,     0.725349,     0.622955,    -0.004782,
  1712.300,     0.849980,     0.310986,    -0.005848,
  1712.350,     0.877553,     0.108602,    -0.006686,
  1712.400,     0.805503,     0.160012,    -0.007159,
  1712.450,     0.750556,     0.437557,    -0.002686,
  1712.500,     0.677437,     0.908591,    -0.005171,
  1712.550,     0.659275,     1.471358,    -0.002703,
  1712.600,     0.701544,     1.942300,     0.004382,
  1712.650,     0.763794,     2.241039,     0.001821,
  1712.700,     0.901060,     2.315176,     0.001960,
  1712.750,     0.996098,     2.166940,     0.006214,
  1712.800,     1.048983,     1.869105,     0.004321,
  1712.850,     0.993083,     1.530207,     0.004033,
  1712.900,     0.861241,     1.262102,     0.004330,
  1712.950,     0.772114,     1.160561,     0.004233,
  1713.000,     0.714654,     1.214127,    -0.001024,
  1713.050,     0.691140,     1.422144,     0.002246,
  1713.100,     0.741425,     1.647660,    -0.002524,
  1713.150,     0.786932,     1.855765,     0.000382,
  1713.200,     0.847388,     1.931107,     0.002172,
  1713.250,     0.885438,     1.816466,    -0.002135,
  1713.300,     0.910822,     1.621859,    -0.002738,
  1713.350,     0.916033,     1.351444,    -0.006892,
  1713.400,     0.927329,     1.063327,     0.000077,
  1713.450,     0.924125,     0.848513,    -0.008634,
  1713.500,     0.920922,     0.704341,    -0.012257,
  1713.550,     0.926541,     0.688907,    -0.011916,
  1713.600,     0.929749,     0.819090,    -0.008955,
  1713.650,     0.914656,     1.103136,    -0.008950,
  1713.700,     0.838630,     1.409114,    -0.010642,
  1713.750,     0.679986,     1.692225,    -0.005069,
  1713.800,     0.493554,     1.811971,    -0.008359,
  1713.850,     0.284612,     1.754821,    -0.002572,
  1713.900,     0.141946,     1.591743,    -0.002090,
  1713.950,     0.065982,     1.231281,    -0.001793,
  1714.000,     0.062540,     0.797407,     0.001957,
  1714.050,     0.078343,     0.365158,     0.000338,
  1714.100,     0.125299,     0.034516,     0.001517,
  1714.150,     0.138695,    -0.026658,     0.004782,
  1714.200,     0.102296,     0.184675,     0.005395,
  1714.250,     0.049428,     0.606210,    -0.001725,
  1714.300,     0.026763,     1.089649,    -0.005793,
  1714.350,     0.023424,     1.490815,    -0.002557,
  1714.400,     0.098782,     1.707233,    -0.003720,
  1714.450,     0.175904,     1.719465,    -0.000343,
  1714.500,     0.217190,     1.513489,     0.000439,
  1714.550,     0.228368,     1.197705,    -0.000401,
  1714.600,     0.192242,     0.856871,    -0.008511,
  1714.650,     0.122547,     0.634544,    -0.005007,
  1714.700,     0.023769,     0.617475,    -0.001240,
  1714.750,    -0.053382,     0.725275,    -0.003698,
  1714.800,    -0.087899,     0.924123,    -0.014031,
  1714.850,    -0.030503,     1.106387,    -0.011796,
  1714.900,     0.055930,     1.103005,    -0.007357,
  1714.950,     0.144897,     0.913411,    -0.006275,
  1715.000,     0.224671,     0.530180,     0.001361,
  1715.050,     0.314024,     0.134683,    -0.006153,
  1715.100,     0.470119,    -0.269910,    -0.009931,
  1715.150,     0.593306,    -0.557224,    -0.003850,
  1715.200,     0.661431,    -0.683033,     0.000064,
  1715.250,     0.658111,    -0.571705,     0.002214,
  1715.300,     0.608652,    -0.304670,     0.001754,
  1715.350,     0.482364,     0.078485,     0.012144,
  1715.400,     0.280900,     0.538393,     0.002554,
  1715.450,     0.064710,     1.028427,     0.005873,
  1715.500,    -0.116435,     1.502242,     0.005050,
  1715.550,    -0.206005,     1.844738,     0.007390,
  1715.600,    -0.122127,     1.933996,     0.003481,
  1715.650,     0.085162,     1.728565,     0.002404,
  1715.700,     0.350597,     1.229859,     0.004091,
  1715.750,     0.629685,     0.540926,     0.000455,
  1715.800,     0.852888,    -0.165826,    -0.001213,
  1715.850,     1.037100,    -0.740224,    -0.000606,
  1715.900,     1.149036,    -1.057480,    -0.008035,
  1715.950,     1.092556,    -1.035766,    -0.006550,
  1716.000,     0.919843,    -0.629646,    -0.011484,
  1716.050,     0.687862,     0.073212,    -0.007077,
  1716.100,     0.414542,     0.854730,    -0.006904,
  1716.150,     0.191598,     1.581930,    -0.004506,
  1716.200,     0.092893,     2.064901,    -0.010690,
  1716.250,     0.110950,     2.253151,    -0.007545,
  1716.300,     0.291612,     2.119534,     0.001064,
  1716.350,     0.589861,     1.736978,    -0.001813,
  1716.400,     0.907491,     1.250300,    -0.012821,
  1716.450,     1.187421,     0.746373,    -0.007019,
  1716.500,     1.334459,     0.391037,     0.000014,
  1716.550,     1.350644,     0.223613,    -0.001766,
  1716.600,     1.231525,     0.227837,    -0.000119,
  1716.650,     1.063132,     0.283777,     0.011294,
  1716.700,     0.851115,     0.363875,     0.003398,
  1716.750,     0.723052,     0.414411,     0.008433,
  1716.800,     0.633680,     0.382238,     0.006347,
  1716.850,     0.590561,     0.386000,     0.005660,
  1716.900,     0.627379,     0.413724,     0.003807,
  1716.950,     0.631058,     0.532464,    -0.000486,
  1717.000,     0.672954,     0.767610,     0.001356,
  1717.050,     0.607527,     1.103108,     0.003226,
  1717.100,     0.489504,     1.447134,    -0.007215,
  1717.150,     0.259748,     1.758704,     0.001656,
  1717.200,     0.089997,     1.913312,    -0.002379,
  1717.250,    -0.077717,     1.989301,    -0.010795,
  1717.300,    -0.183947,     1.956454,    -0.006007,
  1717.350,    -0.207510,     1.767766,    -0.010287,
  1717.400,    -0.165480,     1.530295,    -0.012141,
  1717.450,     0.003208,     1.168417,    -0.008952,
  1717.500,     0.197862,     0.812636,    -0.011970,
  1717.550,     0.471079,     0.407275,    -0.007316,
  1717.600,     0.678924,     0.038021,    -0.009744,
  1717.650,     0.785268,    -0.290806,    -0.003554,
  1717.700,     0.741650,    -0.475594,    -0.000927,
  1717.750,     0.585392,    -0.410213,     0.000674,
  1717.800,     0.352925,    -0.052088,     0.001415,
  1717.850,     0.023263,     0.457475,     0.002948,
  1717.900,    -0.271456,     0.988306,     0.004219,
  1717.950,    -0.515312,     1.415740,     0.002816,
  1718.000,    -0.624896,     1.668179,     0.006732,
  1718.050,    -0.537622,     1.705765,     0.001842,
  1718.100,    -0.356748,     1.583977,     0.008020,
  1718.150,    -0.117454,     1.329943,    -0.002587,
  1718.200,     0.040872,     1.036802,     0.004489,
  1718.250,     0.115011,     0.768220,    -0.007308,
  1718.300,     0.147800,     0.553401,    -0.001722,
  1718.350,     0.090552,     0.472896,    -0.006688,
  1718.400,     0.041004,     0.491900,    -0.004327,
  1718.450,     0.003653,     0.624468,    -0.009642,
  1718.500,     0.074156,     0.761028,    -0.002903,
  1718.550,     0.252855,     0.885877,    -0.015262,
  1718.600,     0.501813,     0.965360,    -0.005423,
  1718.650,     0.768509,     1.019752,    -0.005753,
  1718.700,     0.984768,     1.055398,    -0.010302,
  1718.750,     1.115369,     1.122704,    -0.004931,
  1718.800,     1.098242,     1.344286,    -0.002017,
  1718.850,     0.997417,     1.613377,    -0.005405,
  1718.900,     0.921250,     1.994283,     0.005186,
  1718.950,     0.860814,     2.344918,     0.005207,
  1719.000,     0.899763,     2.580013,     0.006004,
  1719.050,     1.045602,     2.720220,     0.005315,
  1719.100,     1.265527,     2.634843,     0.000236,
  1719.150,     1.572278,     2.351094,     0.002510,
  1719.200,     1.874605,     1.910511,     0.002503,
  1719.250,     2.185546,     1.332618,     0.002865,
  1719.300,     2.449853,     0.717710,    -0.003121,
  1719.350,     2.621737,     0.149211,    -0.000540,
  1719.400,     2.661862,    -0.231224,    -0.004458,
  1719.450,     2.505651,    -0.365955,    -0.002850,
  1719.500,     2.156914,    -0.252983,    -0.005841,
  1719.550,     1.587018,     0.065889,    -0.006855,
  1719.600,     0.931202,     0.584058,    -0.008829,
  1719.650,     0.311922,     1.177586,    -0.001998,
  1719.700,    -0.218852,     1.803306,    -0.003533,
  1719.750,    -0.530239,     2.287425,    -0.002853,
  1719.800,    -0.647696,     2.540220,     0.002168,
  1719.850,    -0.454098,     2.506058,    -0.002634,
  1719.900,    -0.119004,     2.308830,     0.000562,
  1719.950,     0.309457,     1.970036,    -0.001033,
  1720.000,     0.699396,     1.608460,     0.006398,

