Time_abs/ps, Signal 1/nA, Ref.signal 1/nA, Signal 2/nA, Ref.signal 2/nA
  1600.000,     0.001967,     0.007615,     0.000578,
  1600.050,     0.018071,    -0.004646,     0.000123,
  1600.100,    -0.004884,     0.011497,    -0.002453,
  1600.150,     0.001861,    -0.005388,     0.000935,
  1600.200,    -0.017014,    -0.009079,     0.000816,
  1600.250,    -0.001112,    -0.022884,     0.000765,
  1600.300,    -0.008990,    -0.011605,     0.011195,
  1600.350,    -0.014241,     0.000561,     0.006644,
  1600.400,    -0.003291,     0.010459,     0.010837,
  1600.450,     0.004864,     0.008771,     0.016083,
  1600.500,    -0.006925,    -0.000034,     0.011728,
  1600.550,    -0.000655,    -0.009125,     0.016667,
  1600.600,     0.003091,    -0.021215,     0.016261,
  1600.650,    -0.012676,    -0.028924,     0.013354,
  1600.700,    -0.008212,    -0.024922,     0.018626,
  1600.750,    -0.016488,    -0.033412,     0.009925,
  1600.800,    -0.015921,    -0.027306,     0.011782,
  1600.850,    -0.008398,    -0.001638,     0.004839,
  1600.900,    -0.034555,    -0.017430,     0.005840,
  1600.950,    -0.029715,    -0.006954,     0.000140,
  1601.000,    -0.047296,    -0.025601,     0.004803,
  1601.050,    -0.039638,    -0.025349,     0.000488,
  1601.100,    -0.030274,    -0.009534,     0.001210,
  1601.150,    -0.031156,    -0.028449,     0.001780,
  1601.200,    -0.029312,    -0.018410,     0.000482,
  1601.250,    -0.030769,    -0.022588,     0.000209,
  1601.300,    -0.010202,    -0.037640,    -0.000912,
  1601.350,    -0.009499,    -0.024145,     0.002096,
  1601.400,    -0.005470,    -0.019708,     0.004149,
  1601.450,    -0.003791,    -0.036830,     0.010422,
  1601.500,    -0.018262,    -0.020360,     0.012265,
  1601.550,    -0.000076,    -0.021295,     0.016369,
  1601.600,    -0.007809,    -0.019094,     0.014157,
  1601.650,    -0.034043,    -0.038961,     0.018633,
  1601.700,     0.005830,    -0.039712,     0.021372,
  1601.750,    -0.010748,    -0.046448,     0.010340,
  1601.800,    -0.019425,    -0.049859,     0.001901,
  1601.850,    -0.023163,    -0.056273,     0.009676,
  1601.900,    -0.028130,    -0.066449,     0.006848,
  1601.950,    -0.021701,    -0.072077,     0.003137,
  1602.000,     0.003768,    -0.063971,     0.001768,
  1602.050,    -0.012259,    -0.049452,     0.002072,
  1602.100,    -0.038110,    -0.059367,    -0.004842,
  1602.150,    -0.028955,    -0.063293,    -0.001763,
  1602.200,    -0.031188,    -0.057947,     0.000810,
  1602.250,    -0.027079,    -0.047525,     0.001836,
  1602.300,    -0.021636,    -0.066134,     0.004483,
  1602.350,    -0.025928,    -0.074133,     0.003873,
  1602.400,    -0.017898,    -0.077379,     0.009371,
  1602.450,    -0.034930,    -0.060169,     0.010317,
  1602.500,    -0.018903,    -0.080268,     0.011461,
  1602.550,    -0.025674,    -0.067907,     0.011447,
  1602.600,    -0.017350,    -0.099132,     0.011643,
  1602.650,    -0.019300,    -0.079462,     0.016094,
  1602.700,    -0.028382,    -0.061615,     0.012973,
  1602.750,    -0.024761,    -0.055587,     0.019873,
  1602.800,    -0.027092,    -0.049285,     0.014987,
  1602.850,    -0.023512,    -0.061351,     0.016779,
  1602.900,    -0.017762,    -0.051576,     0.012441,
  1602.950,    -0.031901,    -0.030425,     0.007487,
  1603.000,    -0.018012,    -0.045516,     0.007680,
  1603.050,    -0.032903,    -0.046597,     0.006751,
  1603.100,    -0.050190,    -0.041525,     0.004858,
  1603.150,    -0.059788,    -0.058770,     0.000915,
  1603.200,    -0.060550,    -0.067038,     0.002702,
  1603.250,    -0.057853,    -0.060943,     0.000374,
  1603.300,    -0.060059,    -0.046130,    -0.003982,
  1603.350,    -0.050810,    -0.044856,    -0.002225,
  1603.400,    -0.046321,    -0.048941,    -0.005275,
  1603.450,    -0.035180,    -0.057768,    -0.004299,
  1603.500,    -0.022069,    -0.061647,    -0.002479,
  1603.550,    -0.054901,    -0.072860,    -0.001466,
  1603.600,    -0.033440,    -0.050958,     0.003121,
  1603.650,    -0.034202,    -0.058043,     0.002639,
  1603.700,    -0.041254,    -0.046480,     0.005450,
  1603.750,    -0.039095,    -0.039911,     0.008738,
  1603.800,    -0.033475,    -0.055079,     0.019004,
  1603.850,    -0.041522,    -0.055890,     0.019463,
  1603.900,    -0.020496,    -0.060794,     0.023156,
  1603.950,    -0.032207,    -0.056321,     0.021282,
  1604.000,    -0.034055,    -0.053461,     0.021995,
  1604.050,    -0.027822,    -0.061511,     0.023111,
  1604.100,    -0.014190,    -0.073083,     0.017207,
  1604.150,    -0.019013,    -0.058812,     0.018027,
  1604.200,    -0.034871,    -0.056921,     0.011924,
  1604.250,    -0.031183,    -0.052816,     0.014290,
  1604.300,    -0.031034,    -0.051204,     0.010839,
  1604.350,    -0.045745,    -0.050098,     0.004098,
  1604.400,    -0.055445,    -0.051308,     0.002610,
  1604.450,    -0.039456,    -0.055452,    -0.001799,
  1604.500,    -0.027083,    -0.068069,    -0.000266,
  1604.550,    -0.038590,    -0.050001,    -0.002725,
  1604.600,    -0.042779,    -0.060544,    -0.003493,
  1604.650,    -0.040619,    -0.066102,     0.001608,
  1604.700,    -0.041379,    -0.067510,    -0.002075,
  1604.750,    -0.044226,    -0.069713,    -0.005383,
  1604.800,    -0.031276,    -0.075049,    -0.001107,
  1604.850,    -0.024817,    -0.068252,    -0.002330,
  1604.900,    -0.012150,    -0.068048,     0.008007,
  1604.950,    -0.014423,    -0.057182,     0.009251,
  1605.000,    -0.014091,    -0.074073,     0.006257,
  1605.050,    -0.013607,    -0.073767,     0.012107,
  1605.100,    -0.009346,    -0.058804,     0.013949,
  1605.150,    -0.021172,    -0.074817,     0.012558,
  1605.200,    -0.013287,    -0.054424,     0.018450,
  1605.250,    -0.013990,    -0.059604,     0.019110,
  1605.300,    -0.016128,    -0.073760,     0.020468,
  1605.350,    -0.012359,    -0.080658,     0.019132,
  1605.400,    -0.026898,    -0.064059,     0.017959,
  1605.450,    -0.006731,    -0.066206,     0.020500,
  1605.500,    -0.027401,    -0.061892,     0.013812,
  1605.550,     0.001141,    -0.056416,     0.016745,
  1605.600,    -0.034960,    -0.060449,     0.010953,
  1605.650,    -0.023347,    -0.062375,     0.008058,
  1605.700,    -0.023221,    -0.064690,     0.000180,
  1605.750,    -0.026493,    -0.067201,     0.006023,
  1605.800,    -0.039392,    -0.053317,     0.007008,
  1605.850,    -0.042925,    -0.075328,     0.002742,
  1605.900,    -0.041388,    -0.081720,    -0.000994,
  1605.950,    -0.018010,    -0.084957,    -0.001867,
  1606.000,    -0.027688,    -0.063255,    -0.004757,
  1606.050,    -0.043097,    -0.061329,    -0.002389,
  1606.100,    -0.040247,    -0.043735,    -0.003565,
  1606.150,    -0.046506,    -0.050841,    -0.000951,
  1606.200,    -0.049159,    -0.062682,     0.007701,
  1606.250,    -0.025995,    -0.048538,     0.002976,
  1606.300,    -0.027272,    -0.051206,     0.005966,
  1606.350,    -0.000678,    -0.056931,     0.008946,
  1606.400,    -0.014913,    -0.061721,     0.013325,
  1606.450,     0.002157,    -0.077838,     0.020756,
  1606.500,     0.000179,    -0.075351,     0.014123,
  1606.550,     0.005743,    -0.045355,     0.016531,
  1606.600,     0.021423,    -0.075436,     0.018836,
  1606.650,    -0.004322,    -0.075216,     0.017554,
  1606.700,    -0.004581,    -0.067222,     0.014982,
  1606.750,     0.019981,    -0.063340,     0.015483,
  1606.800,    -0.009121,    -0.069187,     0.019283,
  1606.850,    -0.008408,    -0.065506,     0.014320,
  1606.900,     0.006368,    -0.051772,     0.013546,
  1606.950,     0.002711,    -0.049198,     0.013222,
  1607.000,     0.000096,    -0.044549,     0.007341,
  1607.050,    -0.020571,    -0.057717,     0.006211,
  1607.100,    -0.021600,    -0.057853,     0.012552,
  1607.150,     0.003130,    -0.075347,     0.009177,
  1607.200,     0.002926,    -0.075670,     0.005414,
  1607.250,    -0.019176,    -0.067853,     0.001708,
  1607.300,    -0.012276,    -0.065862,    -0.002376,
  1607.350,    -0.014887,    -0.091792,     0.000183,
  1607.400,    -0.005997,    -0.095613,     0.005088,
  1607.450,    -0.007120,    -0.089350,     0.001349,
  1607.500,    -0.006298,    -0.075400,     0.000005,
  1607.550,     0.007883,    -0.104859,     0.004199,
  1607.600,     0.016051,    -0.098777,    -0.005547,
  1607.650,     0.032464,    -0.092790,    -0.000088,
  1607.700,     0.028750,    -0.102410,     0.005575,
  1607.750,     0.033658,    -0.103796,     0.007245,
  1607.800,     0.009990,    -0.101278,     0.011798,
  1607.850,     0.022141,    -0.124529,     0.011993,
  1607.900,     0.042878,    -0.136633,     0.015685,
  1607.950,     0.043739,    -0.124998,     0.019213,
  1608.000,     0.038697,    -0.137278,     0.011237,
  1608.050,     0.034107,    -0.131250,     0.012102,
  1608.100,     0.030937,    -0.141260,     0.017240,
  1608.150,     0.034849,    -0.161652,     0.017228,
  1608.200,     0.051879,    -0.162870,     0.019188,
  1608.250,     0.037883,    -0.156415,     0.017238,
  1608.300,     0.023308,    -0.147483,     0.015951,
  1608.350,     0.058392,    -0.147606,     0.014357,
  1608.400,     0.042246,    -0.157783,     0.014224,
  1608.450,     0.029490,    -0.149063,     0.016048,
  1608.500,     0.034023,    -0.130967,     0.009281,
  1608.550,     0.031965,    -0.132564,     0.004540,
  1608.600,     0.022372,    -0.131408,     0.000939,
  1608.650,     0.036938,    -0.119437,     0.004555,
  1608.700,     0.036961,    -0.132012,     0.008645,
  1608.750,     0.010364,    -0.130531,     0.001455,
  1608.800,     0.027207,    -0.127366,     0.002821,
  1608.850,     0.030732,    -0.114349,     0.004530,
  1608.900,     0.016925,    -0.118084,    -0.003851,
  1608.950,    -0.000639,    -0.108535,    -0.001407,
  1609.000,     0.019099,    -0.122791,    -0.005406,
  1609.050,     0.004355,    -0.112637,    -0.002280,
  1609.100,     0.010713,    -0.100752,    -0.002087,
  1609.150,     0.002929,    -0.101737,    -0.000261,
  1609.200,     0.012816,    -0.083625,     0.008242,
  1609.250,     0.026156,    -0.090299,     0.004244,
  1609.300,     0.002361,    -0.092264,     0.010913,
  1609.350,    -0.000470,    -0.063074,     0.013638,
  1609.400,     0.031864,    -0.072413,     0.013406,
  1609.450,     0.016352,    -0.097468,     0.008798,
  1609.500,     0.010945,    -0.062004,     0.011450,
  1609.550,     0.027728,    -0.074665,     0.021580,
  1609.600,     0.036274,    -0.082541,     0.017880,
  1609.650,     0.032069,    -0.095405,     0.013709,
  1609.700,     0.023804,    -0.072481,     0.014148,
  1609.750,     0.030826,    -0.073364,     0.013720,
  1609.800,     0.039460,    -0.048757,     0.018231,
  1609.850,     0.011753,    -0.050317,     0.019446,
  1609.900,     0.004163,    -0.050132,     0.016040,
  1609.950,     0.018642,    -0.052159,     0.017556,
  1610.000,    -0.002770,    -0.076507,     0.017334,
  1610.050,    -0.016624,    -0.090168,     0.014101,
  1610.100,     0.010471,    -0.092489,     0.010254,
  1610.150,     0.024000,    -0.092585,     0.004092,
  1610.200,     0.000485,    -0.087222,     0.005118,
  1610.250,    -0.015877,    -0.102442,     0.007094,
  1610.300,    -0.015939,    -0.110517,     0.002871,
  1610.350,    -0.007697,    -0.117500,     0.000097,
  1610.400,    -0.004169,    -0.123959,     0.003063,
  1610.450,    -0.012594,    -0.132789,     0.002615,
  1610.500,    -0.006029,    -0.137259,    -0.000743,
  1610.550,     0.005736,    -0.141640,    -0.001410,
  1610.600,    -0.008266,    -0.131035,     0.001964,
  1610.650,    -0.014659,    -0.137492,    -0.001967,
  1610.700,    -0.012905,    -0.131505,    -0.004711,
  1610.750,    -0.013819,    -0.161033,    -0.000349,
  1610.800,    -0.018102,    -0.172221,     0.003738,
  1610.850,     0.004480,    -0.194941,     0.004498,
  1610.900,     0.014206,    -0.172747,     0.008058,
  1610.950,    -0.005316,    -0.179672,     0.009915,
  1611.000,    -0.004357,    -0.196484,     0.007879,
  1611.050,     0.017689,    -0.217035,     0.007158,
  1611.100,     0.016576,    -0.213329,     0.013421,
  1611.150,     0.014124,    -0.239635,     0.014984,
  1611.200,     0.026451,    -0.240099,     0.014446,
  1611.250,     0.023284,    -0.215287,     0.017006,
  1611.300,     0.041002,    -0.217257,     0.013853,
  1611.350,     0.027350,    -0.223915,     0.013947,
  1611.400,     0.021916,    -0.225158,     0.019011,
  1611.450,     0.020742,    -0.227445,     0.013542,
  1611.500,     0.017195,    -0.219021,     0.012737,
  1611.550,    -0.003039,    -0.196926,     0.011530,
  1611.600,     0.003811,    -0.221091,     0.008608,
  1611.650,    -0.008216,    -0.212736,     0.006488,
  1611.700,     0.001228,    -0.199161,     0.004078,
  1611.750,    -0.013370,    -0.192209,     0.011003,
  1611.800,    -0.015305,    -0.199529,     0.006025,
  1611.850,    -0.013788,    -0.174264,    -0.002867,
  1611.900,    -0.017301,    -0.168421,     0.002128,
  1611.950,    -0.014551,    -0.185613,     0.001395,
  1612.000,    -0.025849,    -0.193127,     0.000646,
  1612.050,    -0.033429,    -0.202004,     0.007405,
  1612.100,    -0.036159,    -0.203686,     0.001435,
  1612.150,    -0.032687,    -0.192196,    -0.001390,
  1612.200,    -0.037173,    -0.228909,     0.005434,
  1612.250,    -0.038097,    -0.217702,     0.002046,
  1612.300,    -0.044569,    -0.218946,     0.003419,
  1612.350,    -0.029015,    -0.226065,     0.002988,
  1612.400,    -0.026407,    -0.209106,     0.003259,
  1612.450,    -0.032545,    -0.219318,     0.008218,
  1612.500,    -0.037836,    -0.206316,     0.011798,
  1612.550,    -0.032806,    -0.213026,     0.011310,
  1612.600,    -0.011978,    -0.230964,     0.006950,
  1612.650,     0.005296,    -0.237960,     0.007464,
  1612.700,     0.004226,    -0.240506,     0.009192,
  1612.750,     0.005742,    -0.236160,     0.010004,
  1612.800,    -0.010877,    -0.233167,     0.012258,
  1612.850,    -0.001115,    -0.256656,     0.010273,
  1612.900,    -0.006965,    -0.239617,     0.010698,
  1612.950,    -0.020825,    -0.245471,     0.008222,
  1613.000,    -0.009074,    -0.262886,     0.017491,
  1613.050,    -0.001915,    -0.251333,     0.016845,
  1613.100,    -0.001888,    -0.256567,     0.010650,
  1613.150,     0.009765,    -0.244889,     0.012684,
  1613.200,    -0.010952,    -0.267568,     0.012015,
  1613.250,    -0.003947,    -0.263436,     0.007019,
  1613.300,     0.004919,    -0.261406,     0.013484,
  1613.350,    -0.000893,    -0.262316,     0.010360,
  1613.400,    -0.005167,    -0.263597,     0.010396,
  1613.450,     0.001997,    -0.263895,     0.009919,
  1613.500,    -0.001879,    -0.253962,     0.006589,
  1613.550,     0.017291,    -0.267384,     0.004627,
  1613.600,     0.021886,    -0.282852,     0.008112,
  1613.650,     0.012492,    -0.294390,     0.008907,
  1613.700,     0.003040,    -0.269291,     0.004790,
  1613.750,     0.007111,    -0.296063,     0.003721,
  1613.800,     0.010244,    -0.295676,     0.007831,
  1613.850,     0.008955,    -0.290447,     0.005687,
  1613.900,     0.004959,    -0.308364,     0.003884,
  1613.950,     0.007611,    -0.311033,    -0.002355,
  1614.000,     0.002393,    -0.298176,     0.000019,
  1614.050,    -0.016665,    -0.320096,     0.005781,
  1614.100,    -0.009167,    -0.327092,     0.003529,
  1614.150,     0.005109,    -0.336267,     0.001408,
  1614.200,     0.005504,    -0.347295,     0.004533,
  1614.250,    -0.022726,    -0.345886,     0.004505,
  1614.300,    -0.002802,    -0.330335,     0.003447,
  1614.350,    -0.004066,    -0.335595,     0.003747,
  1614.400,    -0.025592,    -0.326397,     0.004069,
  1614.450,     0.007099,    -0.335081,     0.005518,
  1614.500,    -0.002197,    -0.341281,     0.005787,
  1614.550,    -0.034837,    -0.341916,     0.002924,
  1614.600,    -0.034923,    -0.342900,     0.007348,
  1614.650,    -0.014622,    -0.342125,     0.009228,
  1614.700,    -0.034835,    -0.318097,     0.009096,
  1614.750,    -0.032337,    -0.315540,     0.014428,
  1614.800,    -0.025557,    -0.298863,     0.015356,
  1614.850,    -0.048176,    -0.298416,     0.010918,
  1614.900,    -0.052993,    -0.312369,     0.009932,
  1614.950,    -0.040791,    -0.298750,     0.015174,
  1615.000,    -0.054260,    -0.299329,     0.015843,
  1615.050,    -0.051865,    -0.316875,     0.011648,
  1615.100,    -0.057302,    -0.339941,     0.016916,
  1615.150,    -0.065827,    -0.354372,     0.013943,
  1615.200,    -0.043419,    -0.349586,     0.015276,
  1615.250,    -0.048802,    -0.375272,     0.011063,
  1615.300,    -0.048461,    -0.391255,     0.008622,
  1615.350,    -0.060184,    -0.412063,     0.007096,
  1615.400,    -0.075271,    -0.422098,     0.002437,
  1615.450,    -0.089935,    -0.408363,     0.005156,
  1615.500,    -0.070379,    -0.404922,     0.006304,
  1615.550,    -0.076828,    -0.411461,     0.005600,
  1615.600,    -0.072010,    -0.401083,     0.005356,
  1615.650,    -0.066494,    -0.408784,     0.002149,
  1615.700,    -0.056492,    -0.415894,     0.000513,
  1615.750,    -0.055208,    -0.406058,    -0.001516,
  1615.800,    -0.058031,    -0.429032,    -0.000072,
  1615.850,    -0.043766,    -0.454615,    -0.002568,
  1615.900,    -0.062352,    -0.455064,    -0.001346,
  1615.950,    -0.066115,    -0.455368,     0.003248,
  1616.000,    -0.037013,    -0.466990,     0.003671,
  1616.050,    -0.035257,    -0.474880,     0.010355,
  1616.100,    -0.066477,    -0.480263,     0.006644,
  1616.150,    -0.049829,    -0.480738,     0.009875,
  1616.200,    -0.038730,    -0.476577,     0.015728,
  1616.250,    -0.043229,    -0.483261,     0.014116,
  1616.300,    -0.060606,    -0.490949,     0.009471,
  1616.350,    -0.063196,    -0.490765,     0.009911,
  1616.400,    -0.064781,    -0.495713,     0.013856,
  1616.450,    -0.078820,    -0.492477,     0.013937,
  1616.500,    -0.063173,    -0.503176,     0.014002,
  1616.550,    -0.064699,    -0.526755,     0.013360,
  1616.600,    -0.074095,    -0.506274,     0.010832,
  1616.650,    -0.082438,    -0.492097,     0.013538,
  1616.700,    -0.067130,    -0.494707,     0.016137,
  1616.750,    -0.060813,    -0.491688,     0.013558,
  1616.800,    -0.078087,    -0.491173,     0.011623,
  1616.850,    -0.080053,    -0.493725,     0.010211,
  1616.900,    -0.055259,    -0.487156,     0.008373,
  1616.950,    -0.084935,    -0.489569,     0.009028,
  1617.000,    -0.087500,    -0.506868,     0.006797,
  1617.050,    -0.069425,    -0.487291,     0.002114,
  1617.100,    -0.093402,    -0.474220,     0.001839,
  1617.150,    -0.100640,    -0.483483,     0.001061,
  1617.200,    -0.084370,    -0.473541,    -0.001665,
  1617.250,    -0.092358,    -0.474562,     0.001859,
  1617.300,    -0.114739,    -0.456456,     0.000197,
  1617.350,    -0.097479,    -0.446705,     0.002480,
  1617.400,    -0.088735,    -0.459078,     0.004362,
  1617.450,    -0.093819,    -0.445847,    -0.000464,
  1617.500,    -0.103098,    -0.438835,    -0.000867,
  1617.550,    -0.099140,    -0.433537,     0.002920,
  1617.600,    -0.103554,    -0.436497,     0.005146,
  1617.650,    -0.122056,    -0.418269,     0.003144,
  1617.700,    -0.138103,    -0.416141,     0.003867,
  1617.750,    -0.137220,    -0.407228,     0.007709,
  1617.800,    -0.095497,    -0.401720,     0.013370,
  1617.850,    -0.118719,    -0.380863,     0.012110,
  1617.900,    -0.124882,    -0.371745,     0.008131,
  1617.950,    -0.127036,    -0.338327,     0.010305,
  1618.000,    -0.122388,    -0.281234,     0.011708,
  1618.050,    -0.139356,    -0.232384,     0.015010,
  1618.100,    -0.126541,    -0.193871,     0.015222,
  1618.150,    -0.120218,    -0.161821,     0.015099,
  1618.200,    -0.122415,    -0.119875,     0.010796,
  1618.250,    -0.144435,    -0.077524,     0.010195,
  1618.300,    -0.147604,    -0.071774,     0.015911,
  1618.350,    -0.156226,    -0.087374,     0.014642,
  1618.400,    -0.155447,    -0.196099,     0.007742,
  1618.450,    -0.136286,    -0.348139,     0.008897,
  1618.500,    -0.155732,    -0.610612,     0.010697,
  1618.550,    -0.147759,    -0.952923,     0.003577,
  1618.600,    -0.125946,    -1.333053,     0.001252,
  1618.650,    -0.158643,    -1.743931,     0.004076,
  1618.700,    -0.160603,    -2.126887,     0.002416,
  1618.750,    -0.146187,    -2.394161,    -0.000508,
  1618.800,    -0.155900,    -2.457728,     0.005272,
  1618.850,    -0.154601,    -2.309845,     0.009861,
  1618.900,    -0.143726,    -1.995652,     0.003510,
  1618.950,    -0.139448,    -1.602009,     0.006947,
  1619.000,    -0.135737,    -1.184876,     0.008326,
  1619.050,    -0.178549,    -0.797805,     0.008319,
  1619.100,    -0.187750,    -0.520714,     0.009475,
  1619.150,    -0.171855,    -0.297820,     0.004893,
  1619.200,    -0.164300,    -0.164513,     0.004103,
  1619.250,    -0.152397,    -0.133796,     0.004111,
  1619.300,    -0.155068,    -0.141140,     0.004845,
  1619.350,    -0.160901,    -0.189173,     0.008920,
  1619.400,    -0.184714,    -0.272831,     0.004758,
  1619.450,    -0.209563,    -0.366149,     0.005436,
  1619.500,    -0.202053,    -0.414662,     0.011159,
  1619.550,    -0.185962,    -0.486669,     0.007249,
  1619.600,    -0.184275,    -0.532702,     0.005038,
  1619.650,    -0.167863,    -0.559336,     0.011417,
  1619.700,    -0.171748,    -0.580338,     0.012757,
  1619.750,    -0.173480,    -0.589772,     0.011689,
  1619.800,    -0.161361,    -0.591029,     0.010105,
  1619.850,    -0.162878,    -0.607447,     0.008050,
  1619.900,    -0.178088,    -0.624791,     0.009043,
  1619.950,    -0.159482,    -0.651564,     0.007004,
  1620.000,    -0.177189,    -0.699427,     0.004117,
  1620.050,    -0.220187,    -0.712156,     0.003570,
  1620.100,    -0.201781,    -0.740053,     0.010887,
  1620.150,    -0.191895,    -0.779035,     0.013192,
  1620.200,    -0.200058,    -0.777557,     0.008877,
  1620.250,    -0.208780,    -0.783301,     0.003779,
  1620.300,    -0.203388,    -0.795376,     0.009079,
  1620.350,    -0.199433,    -0.762885,     0.011011,
  1620.400,    -0.215757,    -0.756703,     0.006352,
  1620.450,    -0.206177,    -0.755122,     0.008488,
  1620.500,    -0.198598,    -0.759587,     0.012690,
  1620.550,    -0.215399,    -0.770126,     0.007557,
  1620.600,    -0.216116,    -0.762379,     0.011321,
  1620.650,    -0.203847,    -0.799293,     0.010975,
  1620.700,    -0.209431,    -0.826538,     0.007581,
  1620.750,    -0.222379,    -0.825007,     0.012299,
  1620.800,    -0.216662,    -0.836559,     0.017204,
  1620.850,    -0.226532,    -0.864981,     0.010020,
  1620.900,    -0.222580,    -0.872562,     0.007491,
  1620.950,    -0.212036,    -0.863349,     0.005258,
  1621.000,    -0.211802,    -0.892779,     0.008161,
  1621.050,    -0.228044,    -0.900679,     0.010924,
  1621.100,    -0.215496,    -0.903279,     0.007862,
  1621.150,    -0.195762,    -0.929399,     0.005296,
  1621.200,    -0.188729,    -0.946151,     0.008744,
  1621.250,    -0.210455,    -0.973433,     0.005535,
  1621.300,    -0.215763,    -1.002156,     0.003306,
  1621.350,    -0.197252,    -1.031033,    -0.000921,
  1621.400,    -0.187271,    -1.055723,     0.003042,
  1621.450,    -0.213124,    -1.082439,     0.005516,
  1621.500,    -0.219628,    -1.040745,     0.002092,
  1621.550,    -0.173221,    -1.007067,     0.001060,
  1621.600,    -0.181337,    -0.969472,     0.000781,
  1621.650,    -0.182706,    -0.923275,     0.006581,
  1621.700,    -0.182171,    -0.868363,     0.003321,
  1621.750,    -0.170790,    -0.839668,     0.003250,
  1621.800,    -0.169754,    -0.839075,     0.002888,
  1621.850,    -0.169199,    -0.835832,     0.001610,
  1621.900,    -0.162439,    -0.868083,     0.004176,
  1621.950,    -0.164641,    -0.905803,     0.006149,
  1622.000,    -0.142179,    -0.925178,     0.014700,
  1622.050,    -0.129659,    -0.925425,     0.017129,
  1622.100,    -0.111027,    -0.933014,     0.018938,
  1622.150,    -0.097205,    -0.943333,     0.015596,
  1622.200,    -0.079817,    -0.946160,     0.012559,
  1622.250,    -0.049388,    -0.947706,     0.010491,
  1622.300,    -0.026793,    -0.936598,     0.011195,
  1622.350,     0.015349,    -0.911204,     0.011372,
  1622.400,     0.015862,    -0.902913,     0.013999,
  1622.450,    -0.006037,    -0.885350,     0.012400,
  1622.500,    -0.067395,    -0.852988,     0.011476,
  1622.550,    -0.151891,    -0.809969,     0.013032,
  1622.600,    -0.259208,    -0.785377,     0.015519,
  1622.650,    -0.436851,    -0.742969,     0.008480,
  1622.700,    -0.654632,    -0.686576,     0.006304,
  1622.750,    -0.896110,    -0.613374,     0.005331,
  1622.800,    -1.093147,    -0.510101,     0.002554,
  1622.850,    -1.212969,    -0.403846,     0.006599,
  1622.900,    -1.226806,    -0.275957,     0.005231,
  1622.950,    -1.127627,    -0.136301,     0.005416,
  1623.000,    -0.929322,    -0.013895,     0.001730,
  1623.050,    -0.680347,     0.097326,    -0.001980,
  1623.100,    -0.416383,     0.115637,    -0.001279,
  1623.150,    -0.197821,     0.008123,     0.002058,
  1623.200,    -0.016974,    -0.326249,     0.000997,
  1623.250,     0.072650,    -1.001347,     0.008326,
  1623.300,     0.131181,    -2.122518,     0.012614,
  1623.350,     0.145542,    -3.843026,     0.006100,
  1623.400,     0.109184,    -6.190226,     0.008025,
  1623.450,     0.039342,    -9.079033,     0.011971,
  1623.500,    -0.015989,   -12.222148,     0.014173,
  1623.550,    -0.090760,   -15.132563,     0.012695,
  1623.600,    -0.148295,   -17.125555,     0.008681,
  1623.650,    -0.196509,   -17.493563,     0.006218,
  1623.700,    -0.228838,   -15.827166,     0.003924,
  1623.750,    -0.241745,   -12.123533,     0.006386,
  1623.800,    -0.252616,    -6.997025,     0.013299,
  1623.850,    -0.281775,    -1.427215,     0.009186,
  1623.900,    -0.277729,     3.484423,     0.006415,
  1623.950,    -0.270721,     6.934489,     0.012377,
  1624.000,    -0.262460,     8.513791,     0.010469,
  1624.050,    -0.286895,     8.337132,     0.006272,
  1624.100,    -0.297743,     6.748450,     0.006179,
  1624.150,    -0.303306,     4.178412,     0.003669,
  1624.200,    -0.327165,     1.205607,     0.001571,
  1624.250,    -0.327707,    -1.618595,     0.003748,
  1624.300,    -0.325481,    -3.847212,     0.006484,
  1624.350,    -0.331145,    -5.274983,     0.009152,
  1624.400,    -0.322986,    -5.999073,     0.006436,
  1624.450,    -0.318288,    -6.210488,     0.000472,
  1624.500,    -0.309184,    -6.037645,    -0.001629,
  1624.550,    -0.295142,    -5.448199,     0.003209,
  1624.600,    -0.318266,    -4.513717,     0.004103,
  1624.650,    -0.318183,    -3.507028,     0.002135,
  1624.700,    -0.318133,    -2.713990,     0.004131,
  1624.750,    -0.308155,    -2.169706,     0.008190,
  1624.800,    -0.320874,    -1.805950,     0.006088,
  1624.850,    -0.323047,    -1.469886,     0.007548,
  1624.900,    -0.334231,    -1.140785,     0.010273,
  1624.950,    -0.328073,    -0.812284,     0.011123,
  1625.000,    -0.338873,    -0.407357,     0.015006,
  1625.050,    -0.342035,     0.132472,     0.008915,
  1625.100,    -0.345628,     0.838794,     0.005845,
  1625.150,    -0.327507,     1.727241,     0.009989,
  1625.200,    -0.332747,     2.765705,     0.010192,
  1625.250,    -0.342041,     3.889177,     0.009390,
  1625.300,    -0.368977,     5.077292,     0.009193,
  1625.350,    -0.363409,     6.273234,     0.010793,
  1625.400,    -0.371042,     7.478472,     0.011362,
  1625.450,    -0.385207,     8.746009,     0.006436,
  1625.500,    -0.407384,    10.060120,     0.003486,
  1625.550,    -0.417834,    11.467869,     0.005111,
  1625.600,    -0.414744,    13.071246,     0.005203,
  1625.650,    -0.373488,    14.898890,     0.004212,
  1625.700,    -0.355362,    17.010325,     0.007481,
  1625.750,    -0.339658,    19.501218,     0.009422,
  1625.800,    -0.296641,    22.428147,     0.006165,
  1625.850,    -0.290441,    25.822997,     0.005150,
  1625.900,    -0.280153,    29.700968,     0.007262,
  1625.950,    -0.265803,    34.164119,     0.004408,
  1626.000,    -0.284122,    39.328189,     0.007263,
  1626.050,    -0.308316,    45.320874,     0.010138,
  1626.100,    -0.339729,    52.213222,     0.013744,
  1626.150,    -0.341551,    60.173804,     0.017013,
  1626.200,    -0.348971,    69.234329,     0.013011,
  1626.250,    -0.359825,    79.317423,     0.009912,
  1626.300,    -0.353605,    90.147328,     0.015712,
  1626.350,    -0.349549,   101.149397,     0.009346,
  1626.400,    -0.334923,   111.240914,     0.009075,
  1626.450,    -0.337557,   118.577158,     0.010699,
  1626.500,    -0.311496,   120.330037,     0.009232,
  1626.550,    -0.290311,   112.301036,     0.008786,
  1626.600,    -0.288555,    88.936240,     0.011487,
  1626.650,    -0.270430,    43.654300,     0.010428,
  1626.700,    -0.251326,   -30.080523,     0.002619,
  1626.750,    -0.241770,  -136.599317,     0.013856,
  1626.800,    -0.209365,  -275.383844,     0.012418,
  1626.850,    -0.161328,  -438.202199,     0.002696,
  1626.900,    -0.111600,  -607.466873,     0.004146,
  1626.950,    -0.081685,  -756.832510,     0.002997,
  1627.000,    -0.026077,  -853.304042,     0.001273,
  1627.050,     0.045379,  -863.652525,    -0.001215,
  1627.100,     0.106250,  -767.964910,    -0.004153,
  1627.150,     0.140614,  -573.556554,    -0.001736,
  1627.200,     0.167223,  -314.836492,    -0.001908,
  1627.250,     0.119996,   -38.717001,    -0.000683,
  1627.300,    -0.040327,   213.204124,     0.001063,
  1627.350,    -0.356584,   414.370761,     0.004015,
  1627.400,    -0.905173,   551.418659,     0.007385,
  1627.450,    -1.760841,   618.154752,     0.012619,
  1627.500,    -2.951268,   615.650001,     0.016054,
  1627.550,    -4.440115,   555.920794,     0.012766,
  1627.600,    -6.053639,   461.606808,     0.010821,
  1627.650,    -7.563045,   358.092630,     0.025374,
  1627.700,    -8.576264,   262.795631,     0.021369,
  1627.750,    -8.661078,   181.288099,     0.016953,
  1627.800,    -7.602971,   113.143369,     0.018696,
  1627.850,    -5.362846,    59.884677,     0.017888,
  1627.900,    -2.265597,    26.164406,     0.017198,
  1627.950,     1.093583,    13.388737,     0.014177,
  1628.000,     3.984876,    14.807836,     0.014312,
  1628.050,     5.874474,    19.605023,     0.015845,
  1628.100,     6.530132,    20.976186,     0.012123,
  1628.150,     6.102282,    18.573325,     0.009089,
  1628.200,     4.813817,    13.737354,     0.007005,
  1628.250,     2.959363,     6.294082,     0.004703,
  1628.300,     0.928247,    -3.942722,     0.002689,
  1628.350,    -0.942000,   -15.291041,     0.003077,
  1628.400,    -2.329048,   -25.115936,     0.000366,
  1628.450,    -3.142394,   -31.509963,    -0.001022,
  1628.500,    -3.437664,   -33.304194,    -0.004541,
  1628.550,    -3.367188,   -29.992888,     0.000341,
  1628.600,    -3.078577,   -22.742302,     0.001903,
  1628.650,    -2.589897,   -14.414926,    -0.003269,
  1628.700,    -1.894228,    -7.483234,     0.002291,
  1628.750,    -1.200375,    -2.984859,     0.003741,
  1628.800,    -0.641585,    -1.164252,     0.001501,
  1628.850,    -0.285858,    -2.118112,     0.006044,
  1628.900,    -0.104051,    -5.174189,     0.009701,
  1628.950,     0.030411,    -9.286403,     0.007254,
  1629.000,     0.151905,   -13.634145,     0.007257,
  1629.050,     0.280198,   -17.083424,     0.009840,
  1629.100,     0.412293,   -18.429742,     0.014537,
  1629.150,     0.650134,   -17.405915,     0.012073,
  1629.200,     0.937801,   -14.983355,     0.008492,
  1629.250,     1.329247,   -11.998510,     0.011074,
  1629.300,     1.818641,    -8.593464,     0.012012,
  1629.350,     2.349842,    -5.354663,     0.014724,
  1629.400,     2.884634,    -3.324842,     0.017234,
  1629.450,     3.402608,    -2.418323,     0.013530,
  1629.500,     3.886869,    -1.744800,     0.006194,
  1629.550,     4.401002,    -1.435813,     0.012839,
  1629.600,     4.909729,    -2.146204,     0.012002,
  1629.650,     5.444032,    -3.579164,     0.006358,
  1629.700,     6.043178,    -5.007354,     0.005981,
  1629.750,     6.758394,    -6.289650,     0.007353,
  1629.800,     7.633380,    -7.321848,     0.006824,
  1629.850,     8.666755,    -7.916487,     0.001013,
  1629.900,     9.891350,    -8.401538,    -0.000727,
  1629.950,    11.335890,    -9.063405,    -0.001719,
  1630.000,    13.006192,    -9.528301,     0.004954,
  1630.050,    14.935767,    -9.995554,     0.001900,
  1630.100,    17.166678,   -11.552468,    -0.002882,
  1630.150,    19.786060,   -14.581446,    -0.000421,
  1630.200,    22.818175,   -18.110098,     0.000303,
  1630.250,    26.379957,   -21.159664,    -0.001289,
  1630.300,    30.469983,   -23.552278,     0.005076,
  1630.350,    35.034105,   -25.200944,     0.006917,
  1630.400,    39.988355,   -25.526302,     0.001969,
  1630.450,    45.058159,   -23.619052,     0.001908,
  1630.500,    49.718699,   -18.819349,     0.004761,
  1630.550,    53.134213,   -11.499617,     0.007016,
  1630.600,    53.982074,    -3.149112,     0.009322,
  1630.650,    50.207235,     4.452853,     0.010466,
  1630.700,    39.016961,    10.046533,     0.017339,
  1630.750,    17.108031,    13.060233,     0.020677,
  1630.800,   -19.035748,    13.620158,     0.021416,
  1630.850,   -72.140923,    12.157680,     0.025257,
  1630.900,  -142.638102,     9.274574,     0.024432,
  1630.950,  -226.634285,     5.856123,     0.028887,
  1631.000,  -314.719315,     2.993944,     0.023985,
  1631.050,  -391.770164,     1.406954,     0.019430,
  1631.100,  -438.547086,     1.309775,     0.019079,
  1631.150,  -436.557723,     2.395546,     0.012731,
  1631.200,  -375.288407,     3.763499,     0.006377,
  1631.250,  -258.880441,     4.322650,     0.013602,
  1631.300,  -106.462138,     3.926636,     0.019266,
  1631.350,    54.626035,     3.166550,     0.014906,
  1631.400,   198.530292,     2.265575,     0.015551,
  1631.450,   307.285643,     1.160862,     0.010017,
  1631.500,   371.805595,     0.170592,    -0.001610,
  1631.550,   390.403997,    -0.376537,    -0.001640,
  1631.600,   367.285719,    -0.448203,    -0.003233,
  1631.650,   311.869301,    -0.184167,    -0.009433,
  1631.700,   238.364018,     0.207198,    -0.009083,
  1631.750,   162.702630,     0.439720,    -0.008575,
  1631.800,    96.731367,     0.576219,    -0.007629,
  1631.850,    44.689837,     0.828175,     0.002788,
  1631.900,     5.170540,     1.151283,    -0.000055,
  1631.950,   -23.248299,     1.302174,     0.002836,
  1632.000,   -39.117287,     1.393799,     0.009314,
  1632.050,   -41.275488,     1.363982,     0.007797,
  1632.100,   -33.228214,     0.892051,     0.011360,
  1632.150,   -22.409583,    -0.002850,     0.014814,
  1632.200,   -14.697218,    -0.749953,     0.012382,
  1632.250,   -11.141699,    -0.775002,     0.013604,
  1632.300,   -10.297711,    -0.086435,     0.013437,
  1632.350,   -11.425530,     0.719788,     0.018581,
  1632.400,   -14.618237,     0.976297,     0.010963,
  1632.450,   -19.048392,     0.479779,     0.007876,
  1632.500,   -23.003292,    -0.447088,     0.009813,
  1632.550,   -25.064193,    -1.509570,     0.005199,
  1632.600,   -24.558156,    -2.620741,     0.003724,
  1632.650,   -21.197119,    -3.634282,    -0.000272,
  1632.700,   -15.494601,    -4.182021,     0.001920,
  1632.750,    -9.086768,    -3.906807,     0.005756,
  1632.800,    -3.829909,    -2.793900,     0.002958,
  1632.850,    -0.482730,    -1.227206,     0.000038,
  1632.900,     0.917790,     0.409447,     0.003481,
  1632.950,     0.474109,     1.757836,    -0.000072,
  1633.000,    -1.377189,     2.638111,    -0.004676,
  1633.050,    -3.888559,     3.037544,     0.002517,
  1633.100,    -6.421085,     2.807701,     0.004287,
  1633.150,    -8.483527,     1.846147,     0.005927,
  1633.200,    -9.331340,     0.418482,     0.007031,
  1633.250,    -8.584716,    -0.781082,     0.008264,
  1633.300,    -6.824892,    -1.114038,     0.009836,
  1633.350,    -4.833031,    -0.548134,     0.016290,
  1633.400,    -2.766084,     0.372960,     0.020677,
  1633.450,    -0.779949,     1.093779,     0.012686,
  1633.500,     0.482687,     1.532629,     0.011354,
  1633.550,     0.797970,     1.931117,     0.016406,
  1633.600,     0.830187,     2.205702,     0.014104,
  1633.650,     0.848760,     2.028786,     0.016141,
  1633.700,     0.383424,     1.294591,     0.016278,
  1633.750,    -0.655473,     0.509281,     0.012035,
  1633.800,    -1.697392,     0.259539,     0.011171,
  1633.850,    -2.516224,     0.637703,     0.015143,
  1633.900,    -3.145071,     1.288410,     0.015846,
  1633.950,    -3.455135,     1.735328,     0.009712,
  1634.000,    -3.594227,     2.004661,     0.000972,
  1634.050,    -3.790544,     2.524687,     0.001959,
  1634.100,    -3.995346,     3.538086,     0.009459,
  1634.150,    -4.059739,     4.817174,     0.006775,
  1634.200,    -4.519485,     5.771806,    -0.001589,
  1634.250,    -5.937165,     5.894634,    -0.003348,
  1634.300,    -7.862995,     5.019867,    -0.003854,
  1634.350,    -9.555699,     3.374413,    -0.000138,
  1634.400,   -10.759100,     1.468931,     0.004006,
  1634.450,   -11.458569,    -0.234864,     0.002140,
  1634.500,   -11.472377,    -1.331142,    -0.000453,
  1634.550,   -10.323065,    -1.620024,    -0.004669,
  1634.600,    -7.705650,    -1.193751,    -0.002473,
  1634.650,    -3.725700,    -0.221375,     0.003731,
  1634.700,     0.871332,     0.944310,     0.001136,
  1634.750,     5.074043,     1.802740,     0.004282,
  1634.800,     8.115008,     2.103127,     0.004412,
  1634.850,     9.617906,     1.980898,     0.011521,
  1634.900,     9.513394,     1.834150,     0.016404,
  1634.950,     8.100330,     1.554471,     0.015489,
  1635.000,     5.898180,     0.849765,     0.015770,
  1635.050,     3.415979,    -0.364628,     0.017126,
  1635.100,     1.273420,    -1.647068,     0.016179,
  1635.150,    -0.016866,    -2.463542,     0.016459,
  1635.200,    -0.311016,    -2.393592,     0.017018,
  1635.250,     0.254389,    -1.539666,     0.015332,
  1635.300,     1.181448,    -0.367061,     0.010414,
  1635.350,     1.727609,     0.786164,     0.008101,
  1635.400,     1.565132,     1.800347,     0.008478,
  1635.450,     1.068875,     2.567745,     0.006621,
  1635.500,     0.546713,     2.857418,     0.006570,
  1635.550,    -0.042104,     2.729597,     0.009037,
  1635.600,    -0.612805,     2.507415,     0.008863,
  1635.650,    -0.923065,     2.725166,     0.007700,
  1635.700,    -0.913223,     3.536522,     0.007401,
  1635.750,    -0.694415,     4.719953,     0.002332,
  1635.800,    -0.369944,     5.978758,     0.001781,
  1635.850,    -0.160624,     7.139484,     0.005345,
  1635.900,    -0.065579,     8.018270,     0.003804,
  1635.950,     0.072309,     8.408722,    -0.000371,
  1636.000,     0.266025,     8.099335,     0.005404,
  1636.050,     0.361008,     6.992960,     0.009084,
  1636.100,     0.446764,     5.083596,     0.009770,
  1636.150,     0.439206,     2.715300,     0.006947,
  1636.200,     0.247517,     0.553834,     0.006015,
  1636.250,    -0.255098,    -0.974464,     0.004995,
  1636.300,    -0.791075,    -1.866223,     0.008399,
  1636.350,    -0.902025,    -2.360050,     0.009933,
  1636.400,    -0.500583,    -2.625182,     0.009806,
  1636.450,     0.090612,    -2.683920,     0.009648,
  1636.500,     0.393241,    -2.569406,     0.012513,
  1636.550,     0.188844,    -2.462354,     0.009538,
  1636.600,    -0.360128,    -2.381856,     0.009497,
  1636.650,    -0.946909,    -2.249739,     0.010861,
  1636.700,    -1.510337,    -1.943175,     0.007377,
  1636.750,    -2.023603,    -1.563875,     0.009183,
  1636.800,    -2.343005,    -1.173989,     0.007721,
  1636.850,    -2.214753,    -0.740138,     0.009852,
  1636.900,    -1.553472,    -0.124872,     0.007473,
  1636.950,    -0.596552,     0.609759,     0.009875,
  1637.000,     0.383164,     1.406203,     0.014452,
  1637.050,     1.170714,     2.317221,     0.012476,
  1637.100,     1.675749,     3.254949,    -0.000749,
  1637.150,     1.832997,     4.003688,     0.001128,
  1637.200,     1.639700,     4.135708,     0.008049,
  1637.250,     1.034911,     3.405202,     0.005262,
  1637.300,     0.075462,     1.985505,     0.004456,
  1637.350,    -0.784824,     0.434592,     0.006524,
  1637.400,    -1.111465,    -0.822254,     0.006019,
  1637.450,    -0.809565,    -1.575648,     0.009887,
  1637.500,    -0.187411,    -1.729813,     0.012940,
  1637.550,     0.341347,    -1.255113,     0.009513,
  1637.600,     0.642138,    -0.338612,     0.006318,
  1637.650,     0.828812,     0.763632,     0.012704,
  1637.700,     0.982789,     1.740224,     0.014530,
  1637.750,     0.940842,     2.460679,     0.018117,
  1637.800,     0.535162,     2.958997,     0.010743,
  1637.850,     0.020460,     3.299934,     0.011691,
  1637.900,    -0.256966,     3.385711,     0.013993,
  1637.950,    -0.108780,     3.162409,     0.013512,
  1638.000,     0.315959,     2.824086,     0.004826,
  1638.050,     0.640958,     2.523193,     0.001495,
  1638.100,     0.749378,     2.167881,     0.007255,
  1638.150,     0.901539,     1.673464,     0.003288,
  1638.200,     1.366738,     1.097867,    -0.001198,
  1638.250,     2.064346,     0.595649,     0.002315,
  1638.300,     2.653053,     0.267708,    -0.001442,
  1638.350,     2.776437,     0.215812,    -0.001422,
  1638.400,     2.293957,     0.300757,     0.000342,
  1638.450,     1.280604,     0.210374,    -0.002966,
  1638.500,     0.106238,    -0.234144,     0.000244,
  1638.550,    -0.925789,    -0.859218,     0.004498,
  1638.600,    -1.569546,    -1.345800,     0.005338,
  1638.650,    -1.716264,    -1.384178,     0.011654,
  1638.700,    -1.364914,    -1.020408,     0.011699,
  1638.750,    -0.687298,    -0.342018,     0.004595,
  1638.800,     0.104141,     0.725234,     0.007938,
  1638.850,     0.749842,     2.078701,     0.013432,
  1638.900,     0.998783,     3.398893,     0.008294,
  1638.950,     0.904116,     4.392974,     0.013402,
  1639.000,     0.767757,     4.958612,     0.019461,
  1639.050,     0.603671,     5.103479,     0.016014,
  1639.100,     0.228812,     4.824185,     0.013610,
  1639.150,    -0.456406,     3.945542,     0.012742,
  1639.200,    -1.301807,     2.410317,     0.011643,
  1639.250,    -1.957815,     0.343592,     0.015067,
  1639.300,    -2.119295,    -1.854028,     0.015586,
  1639.350,    -1.795226,    -3.661547,     0.006729,
  1639.400,    -1.270757,    -4.850082,     0.002356,
  1639.450,    -0.772867,    -5.255514,     0.004706,
  1639.500,    -0.388421,    -4.758078,     0.003514,
  1639.550,    -0.027108,    -3.317165,     0.004964,
  1639.600,     0.305185,    -1.240698,    -0.000552,
  1639.650,     0.578979,     1.045305,    -0.005964,
  1639.700,     0.925072,     2.943423,    -0.004354,
  1639.750,     1.550385,     4.244858,    -0.007304,
  1639.800,     2.522529,     5.100088,    -0.002598,
  1639.850,     3.549971,     5.546860,    -0.007084,
  1639.900,     4.354622,     5.334418,    -0.005170,
  1639.950,     4.776597,     4.304736,    -0.004991,
  1640.000,     4.793236,     2.511987,    -0.006209,
  1640.050,     4.419107,     0.352506,    -0.000943,
  1640.100,     3.665448,    -1.575325,     0.003000,
  1640.150,     2.544695,    -2.746470,     0.001369,
  1640.200,     1.066813,    -3.031769,     0.006499,
  1640.250,    -0.545652,    -2.697153,     0.010419,
  1640.300,    -1.840478,    -2.044046,     0.011730,
  1640.350,    -2.586627,    -1.309203,     0.017312,
  1640.400,    -2.799621,    -0.531349,     0.025382,
  1640.450,    -2.666905,     0.062713,     0.022827,
  1640.500,    -2.408672,     0.293488,     0.018679,
  1640.550,    -2.067823,     0.269254,     0.021250,
  1640.600,    -1.676285,     0.404838,     0.020850,
  1640.650,    -1.347859,     1.032106,     0.016145,
  1640.700,    -1.157258,     2.062719,     0.015384,
  1640.750,    -1.039783,     3.106748,     0.017667,
  1640.800,    -0.866947,     3.840306,     0.012888,
  1640.850,    -0.603140,     4.170689,     0.011050,
  1640.900,    -0.388703,     4.128747,     0.008169,
  1640.950,    -0.134451,     3.825790,     0.005338,
  1641.000,     0.233921,     3.105605,    -0.001588,
  1641.050,     0.637772,     1.919317,    -0.004852,
  1641.100,     1.088097,     0.499471,    -0.005374,
  1641.150,     1.605123,    -0.655401,    -0.007490,
  1641.200,     2.158720,    -1.180790,    -0.003387,
  1641.250,     2.613023,    -0.932680,    -0.008916,
  1641.300,     2.756354,     0.065962,    -0.008535,
  1641.350,     2.398764,     1.640657,    -0.002320,
  1641.400,     1.574804,     3.587384,    -0.004274,
  1641.450,     0.621280,     5.627009,     0.000941,
  1641.500,    -0.131638,     7.283995,     0.001550,
  1641.550,    -0.507803,     7.929273,     0.002705,
  1641.600,    -0.482821,     7.229707,     0.005936,
  1641.650,    -0.038927,     5.437746,     0.004289,
  1641.700,     0.718742,     3.255428,     0.012076,
  1641.750,     1.619833,     1.287893,     0.012691,
  1641.800,     2.477921,    -0.430065,     0.011038,
  1641.850,     3.163168,    -1.912394,     0.021314,
  1641.900,     3.665102,    -2.921142,     0.021311,
  1641.950,     4.146833,    -3.164518,     0.021363,
  1642.000,     4.548564,    -2.711609,     0.016048,
  1642.050,     4.804331,    -2.023525,     0.015718,
  1642.100,     5.028390,    -1.612473,     0.015748,
  1642.150,     5.342660,    -1.626222,     0.017019,
  1642.200,     5.766327,    -1.895577,     0.012531,
  1642.250,     6.188991,    -2.231396,     0.006142,
  1642.300,     6.486103,    -2.317654,     0.007628,
  1642.350,     6.677098,    -1.902629,     0.006912,
  1642.400,     6.714379,    -0.786280,     0.003188,
  1642.450,     6.334693,     1.129492,     0.003253,
  1642.500,     5.126059,     3.499094,     0.000762,
  1642.550,     2.426338,     5.749574,    -0.000209,
  1642.600,    -2.466870,     7.199591,    -0.000670,
  1642.650,   -10.118834,     7.364164,    -0.000277,
  1642.700,   -20.563123,     6.108811,    -0.000982,
  1642.750,   -33.374398,     3.760737,    -0.000208,
  1642.800,   -47.263953,     1.035424,     0.004290,
  1642.850,   -60.041384,    -1.500944,     0.004608,
  1642.900,   -68.502363,    -3.580921,     0.000985,
  1642.950,   -69.007223,    -5.075783,     0.005831,
  1643.000,   -58.881703,    -5.654107,     0.010226,
  1643.050,   -37.776580,    -4.892246,     0.001832,
  1643.100,    -8.170199,    -2.572867,     0.004855,
  1643.150,    24.799513,     0.931624,     0.013372,
  1643.200,    54.767773,     4.734468,     0.010901,
  1643.250,    76.066576,     7.863014,     0.013725,
  1643.300,    85.664010,     9.581584,     0.013969,
  1643.350,    83.508605,     9.571676,     0.007631,
  1643.400,    71.777732,     7.899424,     0.003335,
  1643.450,    53.523211,     4.949290,     0.003890,
  1643.500,    32.160986,     1.389123,     0.012964,
  1643.550,    11.278071,    -1.934049,     0.004768,
  1643.600,    -5.801816,    -4.311451,     0.003279,
  1643.650,   -17.050798,    -5.354010,     0.011537,
  1643.700,   -22.523517,    -5.268690,     0.009805,
  1643.750,   -23.928475,    -4.557273,     0.005655,
  1643.800,   -22.848541,    -3.695180,     0.008064,
  1643.850,   -19.746521,    -2.738433,     0.010490,
  1643.900,   -14.682392,    -1.598857,     0.009438,
  1643.950,    -8.620818,    -0.426964,     0.009118,
  1644.000,    -3.531710,     0.606600,     0.011174,
  1644.050,    -0.808405,     1.409146,     0.007723,
  1644.100,    -0.356343,     2.057791,     0.004223,
  1644.150,    -1.258032,     2.602047,     0.004322,
  1644.200,    -2.598286,     3.052287,     0.006874,
  1644.250,    -3.947447,     3.248419,     0.007074,
  1644.300,    -4.893336,     3.271796,     0.008923,
  1644.350,    -5.156618,     3.133470,     0.010078,
  1644.400,    -4.704273,     2.880073,     0.000899,
  1644.450,    -3.656959,     2.369453,     0.004789,
  1644.500,    -2.030677,     1.468208,     0.007842,
  1644.550,    -0.164626,     0.140516,     0.008718,
  1644.600,     1.368928,    -1.456805,     0.001607,
  1644.650,     2.188280,    -3.080571,     0.000360,
  1644.700,     2.436105,    -4.479910,     0.004387,
  1644.750,     2.454380,    -5.262017,     0.003015,
  1644.800,     2.363857,    -5.094079,     0.003773,
  1644.850,     2.154602,    -3.856473,    -0.000530,
  1644.900,     1.777459,    -1.698483,     0.000324,
  1644.950,     1.254551,     0.847717,     0.004276,
  1645.000,     0.752847,     3.351845,    -0.002110,
  1645.050,     0.437484,     5.478878,     0.001672,
  1645.100,     0.354609,     6.879348,     0.007368,
  1645.150,     0.182219,     7.193092,     0.005907,
  1645.200,    -0.185885,     6.209300,     0.007160,
  1645.250,    -0.508392,     4.192611,     0.010188,
  1645.300,    -0.534009,     1.729110,     0.008746,
  1645.350,    -0.262028,    -0.502945,     0.011875,
  1645.400,     0.189857,    -2.066343,     0.012682,
  1645.450,     0.951452,    -2.800311,     0.008665,
  1645.500,     1.931943,    -2.672023,     0.009721,
  1645.550,     2.890493,    -1.756019,     0.014176,
  1645.600,     3.531212,    -0.414681,     0.013876,
  1645.650,     3.683509,     0.885057,     0.010217,
  1645.700,     3.109079,     1.681047,     0.009533,
  1645.750,     1.880461,     1.914041,     0.009165,
  1645.800,     0.468845,     1.801556,     0.008227,
  1645.850,    -0.721091,     1.604196,     0.007783,
  1645.900,    -1.639955,     1.597945,     0.004722,
  1645.950,    -2.367305,     1.796716,     0.001938,
  1646.000,    -2.840061,     2.086455,     0.003432,
  1646.050,    -2.947874,     2.404416,     0.004574,
  1646.100,    -2.817359,     2.883028,     0.003909,
  1646.150,    -2.578688,     3.470125,     0.005766,
  1646.200,    -2.414602,     3.800494,     0.004532,
  1646.250,    -2.399888,     3.519708,    -0.003752,
  1646.300,    -2.427223,     2.324408,     0.001481,
  1646.350,    -2.431801,     0.377733,     0.001136,
  1646.400,    -2.118348,    -1.639211,    -0.000707,
  1646.450,    -1.292508,    -3.273408,    -0.002995,
  1646.500,     0.090711,    -4.368732,    -0.001141,
  1646.550,     1.958155,    -4.902630,    -0.001204,
  1646.600,     3.898952,    -4.539004,     0.008016,
  1646.650,     5.450118,    -2.895854,     0.011151,
  1646.700,     6.156295,    -0.051166,     0.012373,
  1646.750,     5.783193,     3.371334,     0.013793,
  1646.800,     4.337918,     6.374152,     0.015517,
  1646.850,     2.167923,     8.159886,     0.014334,
  1646.900,    -0.145525,     8.407146,     0.014465,
  1646.950,    -2.106500,     7.260378,     0.015035,
  1647.000,    -3.393301,     5.100806,     0.020457,
  1647.050,    -3.997834,     2.369490,     0.017070,
  1647.100,    -3.967574,    -0.467867,     0.014394,
  1647.150,    -3.222563,    -2.881076,     0.012106,
  1647.200,    -1.691841,    -4.160517,     0.013432,
  1647.250,     0.407362,    -4.009448,     0.007786,
  1647.300,     2.542676,    -2.728079,     0.009465,
  1647.350,     4.243001,    -0.931201,     0.008423,
  1647.400,     5.127406,     0.907262,     0.002201,
  1647.450,     4.944535,     2.466837,     0.002502,
  1647.500,     3.804115,     3.419829,     0.001010,
  1647.550,     2.020450,     3.613173,     0.000792,
  1647.600,    -0.072152,     2.940241,    -0.001423,
  1647.650,    -1.996751,     1.733533,    -0.000985,
  1647.700,    -3.342121,     0.600073,    -0.003629,
  1647.750,    -3.838008,     0.106117,    -0.002536,
  1647.800,    -3.572426,     0.398465,     0.003664,
  1647.850,    -2.856390,     1.138148,     0.000952,
  1647.900,    -2.095390,     1.833618,    -0.002636,
  1647.950,    -1.384523,     2.254569,     0.003025,
  1648.000,    -0.687490,     2.366573,     0.007736,
  1648.050,    -0.004578,     2.160168,     0.002934,
  1648.100,     0.484898,     1.678289,     0.000412,
  1648.150,     0.800556,     1.088022,     0.007454,
  1648.200,     1.075634,     0.468325,     0.016267,
  1648.250,     1.418730,    -0.085080,     0.017656,
  1648.300,     1.732707,    -0.424321,     0.018793,
  1648.350,     1.828044,    -0.445310,     0.027629,
  1648.400,     1.687108,    -0.052121,     0.026109,
  1648.450,     1.361603,     0.676347,     0.018581,
  1648.500,     1.003506,     1.592305,     0.014702,
  1648.550,     0.615728,     2.568017,     0.016933,
  1648.600,     0.041513,     3.345554,     0.014519,
  1648.650,    -0.676941,     3.660376,     0.009048,
  1648.700,    -1.451847,     3.156357,     0.007078,
  1648.750,    -2.130889,     1.812877,     0.012887,
  1648.800,    -2.637575,     0.100915,     0.003952,
  1648.850,    -2.825583,    -1.311793,     0.002530,
  1648.900,    -2.560135,    -1.930688,    -0.000028,
  1648.950,    -1.779319,    -1.794235,     0.001730,
  1649.000,    -0.535684,    -1.199253,     0.005643,
  1649.050,     0.875427,    -0.342031,     0.002784,
  1649.100,     2.138419,     0.771827,    -0.002116,
  1649.150,     3.074764,     1.928787,    -0.000913,
  1649.200,     3.605277,     2.813558,     0.001627,
  1649.250,     3.675187,     3.133130,     0.000584,
  1649.300,     3.159008,     2.861016,    -0.002917,
  1649.350,     2.045130,     2.236333,     0.001116,
  1649.400,     0.610826,     1.521251,     0.004290,
  1649.450,    -0.728199,     0.906289,     0.007645,
  1649.500,    -1.667498,     0.542241,     0.006300,
  1649.550,    -2.048570,     0.529363,     0.010165,
  1649.600,    -1.925754,     0.919639,     0.015285,
  1649.650,    -1.401028,     1.593277,     0.011082,
  1649.700,    -0.616168,     2.286626,     0.017884,
  1649.750,     0.184767,     2.769640,     0.012276,
  1649.800,     0.833578,     2.829136,     0.014071,
  1649.850,     1.145089,     2.390700,     0.014756,
  1649.900,     1.065922,     1.623867,     0.012871,
  1649.950,     0.879690,     0.734181,     0.018885,
  1650.000,     0.812771,     0.053056,     0.013660,
  1650.050,     0.943163,    -0.300182,     0.013113,
  1650.100,     1.191152,    -0.330311,     0.012602,
  1650.150,     1.396353,     0.160527,     0.007202,
  1650.200,     1.601887,     1.115636,     0.009699,
  1650.250,     1.712590,     2.248310,     0.011750,
  1650.300,     1.652934,     3.317872,     0.003684,
  1650.350,     1.313278,     4.218050,     0.003981,
  1650.400,     0.515379,     4.802698,     0.005326,
  1650.450,    -0.651480,     4.799560,     0.000003,
  1650.500,    -1.802941,     3.937437,    -0.002200,
  1650.550,    -2.556146,     2.234988,     0.002914,
  1650.600,    -2.877977,     0.093360,     0.005637,
  1650.650,    -2.881203,    -1.962899,     0.000646,
  1650.700,    -2.496092,    -3.475688,     0.007686,
  1650.750,    -1.581589,    -4.036231,     0.008035,
  1650.800,    -0.037092,    -3.473809,     0.008378,
  1650.850,     1.921963,    -1.886582,     0.010745,
  1650.900,     3.657940,     0.126319,     0.010374,
  1650.950,     4.624700,     1.818449,     0.008207,
  1651.000,     4.557554,     2.693813,     0.012317,
  1651.050,     3.551851,     2.733047,     0.012176,
  1651.100,     2.062401,     2.152289,     0.012657,
  1651.150,     0.390748,     1.258361,     0.008762,
  1651.200,    -1.190833,     0.158188,     0.011410,
  1651.250,    -2.452988,    -0.942973,     0.015840,
  1651.300,    -3.087052,    -1.804075,     0.010498,
  1651.350,    -2.863717,    -2.231281,     0.007762,
  1651.400,    -1.915012,    -2.134919,     0.005053,
  1651.450,    -0.642780,    -1.592647,     0.007672,
  1651.500,     0.584549,    -0.586536,     0.005248,
  1651.550,     1.579972,     0.569924,     0.003680,
  1651.600,     2.287775,     1.485851,     0.006814,
  1651.650,     2.555074,     1.863712,     0.002460,
  1651.700,     2.313370,     1.731539,     0.004226,
  1651.750,     1.599007,     1.275343,     0.008060,
  1651.800,     0.757514,     0.735871,     0.001102,
  1651.850,     0.254731,     0.323951,     0.005929,
  1651.900,     0.190974,     0.344839,     0.009933,
  1651.950,     0.458204,     0.881324,     0.003046,
  1652.000,     0.675925,     1.640736,     0.011125,
  1652.050,     0.674028,     2.277143,     0.005513,
  1652.100,     0.462233,     2.580827,     0.007761,
  1652.150,     0.177017,     2.568938,     0.004001,
  1652.200,    -0.109007,     2.170394,     0.007721,
  1652.250,    -0.380777,     1.352140,     0.012712,
  1652.300,    -0.596331,     0.204674,     0.013523,
  1652.350,    -0.764285,    -0.882404,     0.009050,
  1652.400,    -0.815611,    -1.414204,     0.001622,
  1652.450,    -0.729876,    -1.075575,     0.006318,
  1652.500,    -0.433228,     0.051595,    -0.000674,
  1652.550,     0.071618,     1.459865,     0.002610,
  1652.600,     0.609998,     2.605237,     0.005407,
  1652.650,     1.187157,     3.283422,     0.003005,
  1652.700,     1.697582,     3.466495,     0.002324,
  1652.750,     1.932080,     3.142623,     0.003043,
  1652.800,     1.689169,     2.283277,     0.004369,
  1652.850,     0.990402,     0.979266,     0.004573,
  1652.900,     0.010703,    -0.404800,     0.001686,
  1652.950,    -0.851991,    -1.550247,     0.007968,
  1653.000,    -1.188119,    -2.182721,     0.003693,
  1653.050,    -0.983715,    -2.153554,     0.005505,
  1653.100,    -0.523209,    -1.634214,     0.012231,
  1653.150,     0.020098,    -0.797085,     0.013043,
  1653.200,     0.548204,     0.248118,     0.014108,
  1653.250,     0.987488,     1.459119,     0.015586,
  1653.300,     1.321291,     2.663853,     0.012845,
  1653.350,     1.412407,     3.522087,     0.011520,
  1653.400,     1.195024,     3.822955,     0.016141,
  1653.450,     0.834880,     3.637938,     0.011488,
  1653.500,     0.489808,     3.161850,     0.010485,
  1653.550,     0.281980,     2.520111,     0.013916,
  1653.600,     0.206385,     1.814874,     0.012064,
  1653.650,     0.324794,     1.234400,     0.007065,
  1653.700,     0.628146,     0.964248,     0.015406,
  1653.750,     1.043416,     1.153447,     0.005527,
  1653.800,     1.516221,     1.694563,     0.002479,
  1653.850,     1.859904,     2.303654,     0.005056,
  1653.900,     1.897788,     2.495366,     0.005777,
  1653.950,     1.644981,     2.154924,    -0.001017,
  1654.000,     1.223664,     1.370564,     0.000518,
  1654.050,     0.719396,     0.382061,    -0.003656,
  1654.100,     0.338193,    -0.531363,    -0.003484,
  1654.150,     0.132660,    -1.062805,    -0.002031,
  1654.200,     0.128317,    -1.035515,     0.002642,
  1654.250,     0.358246,    -0.385731,     0.002732,
  1654.300,     0.765343,     0.691815,     0.002420,
  1654.350,     1.129562,     1.933382,     0.004812,
  1654.400,     1.156917,     3.167818,     0.008642,
  1654.450,     0.628797,     4.040509,     0.014653,
  1654.500,    -0.581114,     4.375167,     0.012508,
  1654.550,    -2.543109,     4.107046,     0.020209,
  1654.600,    -5.220494,     3.441271,     0.017500,
  1654.650,    -8.329510,     2.591825,     0.016420,
  1654.700,   -11.209350,     1.536290,     0.022607,
  1654.750,   -12.815763,     0.339489,     0.020346,
  1654.800,   -12.252444,    -0.839023,     0.014353,
  1654.850,    -8.979534,    -1.675263,     0.017585,
  1654.900,    -3.109590,    -1.996982,     0.019686,
  1654.950,     4.396335,    -1.820432,     0.012524,
  1655.000,    11.963193,    -1.270407,     0.011068,
  1655.050,    17.643436,    -0.493290,     0.005623,
  1655.100,    20.096923,     0.607018,     0.010534,
  1655.150,    19.072482,     1.841395,     0.000614,
  1655.200,    15.180630,     2.976855,    -0.002367,
  1655.250,     9.641847,     3.762788,    -0.003319,
  1655.300,     3.535038,     4.141734,    -0.001069,
  1655.350,    -2.210971,     4.145293,     0.000824,
  1655.400,    -6.799602,     3.864822,    -0.006186,
  1655.450,    -9.478296,     3.244388,    -0.005874,
  1655.500,   -10.138339,     2.195073,    -0.003410,
  1655.550,    -9.087789,     0.900733,     0.000775,
  1655.600,    -7.062216,    -0.429988,     0.004236,
  1655.650,    -4.719480,    -1.408666,     0.004547,
  1655.700,    -2.438695,    -1.807847,     0.009620,
  1655.750,    -0.455983,    -1.769096,     0.012278,
  1655.800,     1.076448,    -1.473016,     0.013610,
  1655.850,     1.829221,    -1.085380,     0.017553,
  1655.900,     1.753701,    -0.577102,     0.015625,
  1655.950,     1.155673,     0.080463,     0.016085,
  1656.000,     0.518064,     0.942668,     0.020851,
  1656.050,     0.257308,     1.876642,     0.015539,
  1656.100,     0.254275,     2.847501,     0.018582,
  1656.150,     0.410144,     3.721898,     0.014014,
  1656.200,     0.585451,     4.248206,     0.015475,
  1656.250,     0.737521,     4.202214,     0.009368,
  1656.300,     0.796570,     3.353246,     0.009084,
  1656.350,     0.689346,     1.916903,     0.013859,
  1656.400,     0.393546,     0.319465,     0.006398,
  1656.450,    -0.053080,    -1.015867,     0.004844,
  1656.500,    -0.404593,    -1.926385,     0.003344,
  1656.550,    -0.391881,    -2.433142,    -0.001711,
  1656.600,     0.124901,    -2.618615,    -0.004192,
  1656.650,     0.888346,    -2.587156,    -0.003641,
  1656.700,     1.536408,    -2.401076,    -0.005172,
  1656.750,     1.826207,    -2.161640,    -0.003475,
  1656.800,     1.771396,    -1.677688,    -0.006076,
  1656.850,     1.446294,    -0.860168,    -0.004472,
  1656.900,     0.899018,     0.249309,     0.001887,
  1656.950,     0.154523,     1.487038,     0.007827,
  1657.000,    -0.683704,     2.530050,     0.008317,
  1657.050,    -1.438948,     3.091155,     0.006341,
  1657.100,    -1.825499,     3.094993,     0.011050,
  1657.150,    -1.773878,     2.552871,     0.012405,
  1657.200,    -1.293373,     1.766720,     0.008830,
  1657.250,    -0.611852,     0.884781,     0.014052,
  1657.300,     0.185509,     0.133546,     0.018143,
  1657.350,     1.080992,    -0.366438,     0.020766,
  1657.400,     1.953663,    -0.600281,     0.021558,
  1657.450,     2.512999,    -0.555912,     0.017198,
  1657.500,     2.613468,    -0.281646,     0.016523,
  1657.550,     2.191548,     0.095342,     0.009484,
  1657.600,     1.480147,     0.421960,     0.007819,
  1657.650,     0.708771,     0.527875,     0.002375,
  1657.700,     0.044653,     0.364514,     0.012216,
  1657.750,    -0.445865,     0.217246,     0.007423,
  1657.800,    -0.717202,     0.330583,     0.003670,
  1657.850,    -0.617691,     0.759865,     0.002660,
  1657.900,    -0.204852,     1.271932,     0.002247,
  1657.950,     0.345145,     1.754661,     0.001760,
  1658.000,     0.694576,     2.053071,     0.001074,
  1658.050,     0.613173,     2.051475,    -0.000377,
  1658.100,     0.197123,     1.749968,     0.001559,
  1658.150,    -0.376302,     1.257728,    -0.005189,
  1658.200,    -0.903139,     0.738166,     0.001546,
  1658.250,    -1.134268,     0.284834,     0.006392,
  1658.300,    -0.966821,    -0.112484,     0.004618,
  1658.350,    -0.306484,    -0.434638,     0.010208,
  1658.400,     0.693145,    -0.599247,     0.006840,
  1658.450,     1.783982,    -0.513607,     0.006610,
  1658.500,     2.705708,    -0.238587,     0.007074,
  1658.550,     3.190723,     0.133237,     0.012696,
  1658.600,     3.085737,     0.732043,     0.011366,
  1658.650,     2.443265,     1.685146,     0.008295,
  1658.700,     1.414176,     3.120261,     0.012752,
  1658.750,     0.371770,     4.878546,     0.013800,
  1658.800,    -0.549579,     6.469332,     0.013287,
  1658.850,    -1.325433,     7.482532,     0.011687,
  1658.900,    -1.919417,     7.620730,     0.008737,
  1658.950,    -2.217017,     6.938656,     0.013701,
  1659.000,    -2.060104,     5.741972,     0.013380,
  1659.050,    -1.441837,     4.359323,     0.010963,
  1659.100,    -0.573318,     2.981788,     0.008239,
  1659.150,     0.364416,     1.775527,     0.006538,
  1659.200,     1.242136,     0.980509,     0.006500,
  1659.250,     2.006910,     0.699717,     0.009770,
  1659.300,     2.425912,     0.885243,     0.005066,
  1659.350,     2.432301,     1.351445,     0.006444,
  1659.400,     2.103844,     1.931611,     0.004092,
  1659.450,     1.554993,     2.507167,     0.002138,
  1659.500,     0.948410,     3.134061,     0.003183,
  1659.550,     0.391686,     3.689834,     0.002570,
  1659.600,    -0.153753,     3.875714,     0.006586,
  1659.650,    -0.677006,     3.622396,     0.005901,
  1659.700,    -1.151640,     3.076737,     0.004434,
  1659.750,    -1.483096,     2.395314,     0.006622,
  1659.800,    -1.481859,     1.571273,     0.010887,
  1659.850,    -1.233927,     0.503013,     0.010083,
  1659.900,    -0.855776,    -0.738879,     0.010182,
  1659.950,    -0.464242,    -1.913048,     0.010248,
  1660.000,    -0.127244,    -2.798245,     0.005141,
  1660.050,     0.248111,    -3.224781,     0.008069,
  1660.100,     0.753094,    -3.221053,     0.012535,
  1660.150,     1.282256,    -2.804620,     0.010679,
  1660.200,     1.739074,    -2.148245,     0.011057,
  1660.250,     2.113436,    -1.410656,     0.010612,
  1660.300,     2.278117,    -0.797256,     0.007143,
  1660.350,     2.116440,    -0.388298,     0.004709,
  1660.400,     1.560884,    -0.171309,     0.007612,
  1660.450,     0.594208,    -0.143347,     0.006113,
  1660.500,    -0.551799,    -0.234229,     0.008399,
  1660.550,    -1.468426,    -0.228577,     0.012114,
  1660.600,    -2.033653,     0.068801,     0.005520,
  1660.650,    -2.270285,     0.701912,     0.008852,
  1660.700,    -2.222822,     1.453997,     0.007909,
  1660.750,    -2.004440,     1.984452,     0.007835,
  1660.800,    -1.539073,     2.009002,     0.007464,
  1660.850,    -1.000308,     1.682645,     0.005734,
  1660.900,    -0.420236,     1.189318,     0.005571,
  1660.950,     0.244030,     0.793602,     0.004495,
  1661.000,     0.960090,     0.557561,     0.007533,
  1661.050,     1.658278,     0.544060,     0.006725,
  1661.100,     2.167129,     0.916237,     0.003636,
  1661.150,     2.243613,     1.670847,     0.005100,
  1661.200,     1.858264,     2.608497,     0.007137,
  1661.250,     1.161038,     3.331257,     0.005202,
  1661.300,     0.324510,     3.644647,     0.004128,
  1661.350,    -0.367770,     3.527449,     0.008098,
  1661.400,    -0.817199,     3.179844,     0.007978,
  1661.450,    -0.976385,     2.787319,     0.003100,
  1661.500,    -0.877328,     2.367567,     0.008840,
  1661.550,    -0.620739,     1.812792,     0.013086,
  1661.600,    -0.219434,     1.181724,     0.010953,
  1661.650,     0.165886,     0.711117,     0.008293,
  1661.700,     0.433569,     0.530947,     0.013069,
  1661.750,     0.491230,     0.488361,     0.009989,
  1661.800,     0.299155,     0.321276,     0.007699,
  1661.850,     0.131549,    -0.099044,     0.007726,
  1661.900,     0.150593,    -0.638216,     0.008031,
  1661.950,     0.415811,    -1.168492,     0.010553,
  1662.000,     0.747784,    -1.642323,     0.014107,
  1662.050,     1.045369,    -2.128541,     0.004966,
  1662.100,     1.207964,    -2.609287,     0.010584,
  1662.150,     1.158630,    -2.854005,     0.011151,
  1662.200,     0.881021,    -2.758244,     0.008190,
  1662.250,     0.390702,    -2.142191,     0.008983,
  1662.300,    -0.207641,    -1.104436,     0.008100,
  1662.350,    -0.672779,     0.149055,     0.004917,
  1662.400,    -0.960546,     1.298726,     0.007590,
  1662.450,    -1.099194,     2.152069,     0.003063,
  1662.500,    -1.050056,     2.652522,     0.004815,
  1662.550,    -0.846463,     2.712479,     0.009199,
  1662.600,    -0.393909,     2.335582,     0.001601,
  1662.650,     0.218208,     1.505367,     0.002359,
  1662.700,     0.932475,     0.331977,     0.000608,
  1662.750,     1.689528,    -0.850503,     0.007441,
  1662.800,     2.471018,    -1.663087,     0.008919,
  1662.850,     3.208263,    -1.851653,     0.007117,
  1662.900,     3.729503,    -1.462013,     0.009562,
  1662.950,     3.854995,    -0.657694,     0.007668,
  1663.000,     3.493146,     0.470056,     0.014466,
  1663.050,     2.700015,     1.611680,     0.006921,
  1663.100,     1.723271,     2.417804,     0.009238,
  1663.150,     0.787871,     2.618604,     0.012979,
  1663.200,     0.128775,     2.236875,     0.011197,
  1663.250,    -0.250583,     1.566728,     0.008223,
  1663.300,    -0.342050,     0.909070,     0.010346,
  1663.350,    -0.206913,     0.335290,     0.010035,
  1663.400,     0.164818,    -0.128584,     0.012745,
  1663.450,     0.578906,    -0.489109,     0.007062,
  1663.500,     0.920324,    -0.683536,     0.012786,
  1663.550,     1.191251,    -0.652590,     0.010948,
  1663.600,     1.322616,    -0.385626,    -0.001611,
  1663.650,     1.426035,    -0.017839,     0.002209,
  1663.700,     1.457850,     0.444444,     0.006239,
  1663.750,     1.348345,     0.892524,    -0.001369,
  1663.800,     1.109119,     1.193859,     0.001379,
  1663.850,     0.752893,     1.264822,     0.001891,
  1663.900,     0.334427,     1.118718,     0.005620,
  1663.950,    -0.261594,     0.847465,     0.001268,
  1664.000,    -0.967474,     0.643507,     0.001037,
  1664.050,    -1.634825,     0.751317,     0.001592,
  1664.100,    -2.114512,     1.032894,     0.011297,
  1664.150,    -2.311120,     1.532328,     0.011487,
  1664.200,    -2.186238,     2.102100,     0.004393,
  1664.250,    -1.823062,     2.741598,     0.007008,
  1664.300,    -1.299423,     3.404021,     0.015433,
  1664.350,    -0.706699,     3.894127,     0.010973,
  1664.400,    -0.164194,     4.234944,     0.015741,
  1664.450,     0.216802,     4.445565,     0.016918,
  1664.500,     0.438364,     4.695064,     0.017442,
  1664.550,     0.527138,     4.922722,     0.017935,
  1664.600,     0.422917,     5.032285,     0.015649,
  1664.650,     0.243222,     5.117767,     0.008847,
  1664.700,     0.123386,     5.328032,     0.010346,
  1664.750,     0.205064,     5.959065,     0.006433,
  1664.800,     0.468013,     6.803674,     0.005711,
  1664.850,     0.754120,     7.490072,     0.003484,
  1664.900,     0.923162,     7.701104,    -0.000887,
  1664.950,     0.836568,     7.466733,     0.000404,
  1665.000,     0.638771,     7.052562,     0.003234,
  1665.050,     0.459901,     6.525639,     0.004933,
  1665.100,     0.311092,     5.904659,     0.001274,
  1665.150,     0.322313,     5.249139,     0.003063,
  1665.200,     0.432797,     4.756499,     0.007161,
  1665.250,     0.741426,     4.576828,     0.002245,
  1665.300,     1.182688,     4.564673,     0.001477,
  1665.350,     1.556243,     4.464241,     0.007921,
  1665.400,     1.697940,     4.136214,     0.009983,
  1665.450,     1.603023,     3.484737,     0.013674,
  1665.500,     1.356283,     2.536612,     0.011632,
  1665.550,     1.159234,     1.379757,     0.008213,
  1665.600,     0.980974,     0.066283,     0.011405,
  1665.650,     0.764031,    -1.190168,     0.017273,
  1665.700,     0.427961,    -2.290469,     0.016526,
  1665.750,     0.114589,    -3.057807,     0.014007,
  1665.800,    -0.073002,    -3.343942,     0.019222,
  1665.850,    -0.149144,    -3.233995,     0.014256,
  1665.900,    -0.240491,    -2.801798,     0.006682,
  1665.950,    -0.475667,    -2.240085,     0.007861,
  1666.000,    -0.752913,    -1.840208,     0.005641,
  1666.050,    -0.983771,    -1.816641,     0.004330,
  1666.100,    -1.115874,    -2.159055,     0.003306,
  1666.150,    -1.184402,    -2.810039,     0.000579,
  1666.200,    -1.282180,    -3.625061,    -0.000838,
  1666.250,    -1.407559,    -4.496968,    -0.004413,
  1666.300,    -1.464522,    -5.200080,    -0.000916,
  1666.350,    -1.410440,    -5.598534,    -0.002334,
  1666.400,    -1.214060,    -5.491304,     0.004305,
  1666.450,    -0.973629,    -4.919563,     0.003970,
  1666.500,    -0.848430,    -4.049773,     0.008025,
  1666.550,    -0.796824,    -3.068452,     0.004206,
  1666.600,    -0.636167,    -2.156278,     0.007090,
  1666.650,    -0.207780,    -1.446474,     0.011753,
  1666.700,     0.510676,    -1.194588,     0.011137,
  1666.750,     1.414624,    -1.559614,     0.017691,
  1666.800,     2.290992,    -2.610727,     0.006564,
  1666.850,     2.902264,    -4.017934,     0.012093,
  1666.900,     3.080166,    -5.278189,     0.010095,
  1666.950,     2.805048,    -5.879807,     0.013727,
  1667.000,     2.150074,    -5.673035,     0.012259,
  1667.050,     1.264979,    -4.734952,     0.006329,
  1667.100,     0.376716,    -3.323569,     0.007072,
  1667.150,    -0.311724,    -1.801270,     0.015614,
  1667.200,    -0.857129,    -0.609589,     0.006807,
  1667.250,    -1.279178,     0.036913,     0.003359,
  1667.300,    -1.611714,     0.033841,     0.004921,
  1667.350,    -1.695016,    -0.348014,     0.004501,
  1667.400,    -1.466693,    -0.789643,     0.001156,
  1667.450,    -1.074110,    -0.890134,     0.004888,
  1667.500,    -0.634796,    -0.600818,     0.004624,
  1667.550,    -0.265294,    -0.031359,     0.004855,
  1667.600,    -0.005667,     0.591116,     0.004486,
  1667.650,     0.215798,     1.222721,     0.004536,
  1667.700,     0.376808,     1.755580,     0.002327,
  1667.750,     0.432274,     2.199291,     0.012009,
  1667.800,     0.429136,     2.543486,     0.009539,
  1667.850,     0.487452,     2.887557,     0.014030,
  1667.900,     0.592763,     3.308350,     0.016620,
  1667.950,     0.632848,     3.920214,     0.012771,
  1668.000,     0.575167,     4.728247,     0.012404,
  1668.050,     0.420814,     5.719417,     0.012145,
  1668.100,     0.294920,     6.709065,     0.013671,
  1668.150,     0.277336,     7.467423,     0.008464,
  1668.200,     0.405207,     7.970446,     0.003012,
  1668.250,     0.568733,     8.313012,     0.010009,
  1668.300,     0.777572,     8.562235,     0.008420,
  1668.350,     1.041786,     8.631434,     0.001292,
  1668.400,     1.392150,     8.193162,     0.004437,
  1668.450,     1.789137,     7.142518,     0.008876,
  1668.500,     2.112371,     5.719724,     0.007380,
  1668.550,     2.254574,     4.280513,     0.006486,
  1668.600,     2.347608,     3.139489,     0.004614,
  1668.650,     2.360442,     2.404705,     0.007323,
  1668.700,     2.238579,     2.141270,     0.000847,
  1668.750,     2.073242,     2.421571,     0.001836,
  1668.800,     1.908093,     3.134096,     0.000173,
  1668.850,     1.991192,     4.018293,     0.004425,
  1668.900,     2.307284,     4.675298,     0.008254,
  1668.950,     2.663162,     4.926007,     0.010524,
  1669.000,     2.894514,     4.776860,     0.010259,
  1669.050,     2.874605,     4.290919,     0.009235,
  1669.100,     2.692610,     3.477075,     0.012537,
  1669.150,     2.506996,     2.435359,     0.006572,
  1669.200,     2.309384,     1.399322,     0.006057,
  1669.250,     2.028390,     0.704683,     0.007456,
  1669.300,     1.783611,     0.384288,     0.013225,
  1669.350,     1.569813,     0.402077,     0.006353,
  1669.400,     1.476698,     0.480567,     0.007071,
  1669.450,     1.273539,     0.503144,     0.010086,
  1669.500,     0.999543,     0.467499,    -0.004798,
  1669.550,     0.596493,     0.427364,     0.002765,
  1669.600,     0.080327,     0.342480,     0.006818,
  1669.650,    -0.497250,     0.136505,     0.001525,
  1669.700,    -1.083128,    -0.118072,     0.002245,
  1669.750,    -1.559797,    -0.314044,     0.008877,
  1669.800,    -1.922746,    -0.345427,     0.008533,
  1669.850,    -2.174552,    -0.283695,     0.008169,
  1669.900,    -2.266599,    -0.104249,     0.011268,
  1669.950,    -2.185804,     0.193024,     0.012525,
  1670.000,    -1.928108,     0.620873,     0.009937,
  1670.050,    -1.564606,     1.022045,     0.011777,
  1670.100,    -1.204267,     1.255514,     0.014198,
  1670.150,    -0.997359,     1.085880,     0.012755,
  1670.200,    -0.990161,     0.484390,     0.009405,
  1670.250,    -1.049194,    -0.519557,     0.007289,
  1670.300,    -1.299498,    -1.744034,     0.004820,
  1670.350,    -1.614809,    -3.052837,     0.011735,
  1670.400,    -1.983921,    -4.192625,     0.010518,
  1670.450,    -2.302963,    -4.871893,     0.006511,
  1670.500,    -2.461333,    -4.825682,     0.005039,
  1670.550,    -2.376879,    -4.000582,     0.007495,
  1670.600,    -2.030865,    -2.658568,     0.002912,
  1670.650,    -1.585660,    -1.071755,     0.000901,
  1670.700,    -1.111592,     0.485978,    -0.003102,
  1670.750,    -0.739157,     1.894552,     0.006225,
  1670.800,    -0.534303,     2.933516,     0.004437,
  1670.850,    -0.601609,     3.411537,     0.002443,
  1670.900,    -0.973000,     3.192661,     0.009010,
  1670.950,    -1.605445,     2.448630,     0.006785,
  1671.000,    -2.196753,     1.430026,     0.006370,
  1671.050,    -2.450998,     0.408478,     0.005101,
  1671.100,    -2.250266,    -0.451436,     0.009370,
  1671.150,    -1.631735,    -0.960817,     0.012515,
  1671.200,    -0.863416,    -1.060193,     0.013800,
  1671.250,    -0.076808,    -0.663694,     0.013724,
  1671.300,     0.500797,     0.062822,     0.016538,
  1671.350,     0.741349,     0.883004,     0.016205,
  1671.400,     0.596901,     1.683465,     0.011477,
  1671.450,     0.179057,     2.433776,     0.012681,
  1671.500,    -0.255194,     3.137004,     0.011585,
  1671.550,    -0.488164,     3.789860,     0.012361,
  1671.600,    -0.384841,     4.497620,     0.003751,
  1671.650,    -0.042776,     5.222535,     0.011629,
  1671.700,     0.450913,     5.901816,     0.010276,
  1671.750,     0.879326,     6.195639,     0.004162,
  1671.800,     1.256789,     5.981187,     0.003810,
  1671.850,     1.527580,     5.335014,    -0.002624,
  1671.900,     1.738295,     4.410735,     0.003727,
  1671.950,     1.929720,     3.321650,     0.001611,
  1672.000,     2.153109,     2.132569,     0.000746,
  1672.050,     2.439292,     0.935982,     0.001599,
  1672.100,     2.816343,    -0.097018,     0.000977,
  1672.150,     3.272948,    -0.778452,     0.007208,
  1672.200,     3.687962,    -1.038260,     0.000548,
  1672.250,     3.871014,    -0.783239,     0.008226,
  1672.300,     3.822244,     0.004783,     0.009344,
  1672.350,     3.632353,     1.387401,     0.010857,
  1672.400,     3.517315,     3.077046,     0.012032,
  1672.450,     3.448622,     4.595813,     0.009241,
  1672.500,     3.239522,     5.531017,     0.017196,
  1672.550,     2.794808,     5.600975,     0.015222,
  1672.600,     2.078707,     4.902975,     0.017257,
  1672.650,     1.335336,     3.582044,     0.014814,
  1672.700,     0.813397,     1.961807,     0.013965,
  1672.750,     0.599322,     0.388899,     0.010247,
  1672.800,     0.636469,    -0.792903,     0.008766,
  1672.850,     0.955604,    -1.559035,     0.009414,
  1672.900,     1.536172,    -1.835454,     0.008093,
  1672.950,     2.167378,    -1.664866,    -0.002503,
  1673.000,     2.556618,    -1.176190,     0.000976,
  1673.050,     2.582530,    -0.496011,     0.003225,
  1673.100,     2.273398,     0.210725,     0.007493,
  1673.150,     1.779442,     0.794993,     0.002587,
  1673.200,     1.157082,     1.214705,     0.006633,
  1673.250,     0.473661,     1.474065,     0.002003,
  1673.300,    -0.129227,     1.639771,     0.000211,
  1673.350,    -0.529590,     1.766697,     0.000492,
  1673.400,    -0.570173,     1.904042,     0.002278,
  1673.450,    -0.406301,     2.052326,     0.006249,
  1673.500,    -0.168543,     2.186667,     0.005945,
  1673.550,    -0.069411,     2.189667,     0.009390,
  1673.600,    -0.068926,     2.027777,     0.012858,
  1673.650,    -0.148733,     1.665004,     0.019070,
  1673.700,    -0.253671,     1.127236,     0.015688,
  1673.750,    -0.370228,     0.401514,     0.013534,
  1673.800,    -0.500363,    -0.456556,     0.015916,
  1673.850,    -0.580828,    -1.329903,     0.013010,
  1673.900,    -0.637405,    -2.109243,     0.017516,
  1673.950,    -0.657423,    -2.672158,     0.013096,
  1674.000,    -0.653071,    -2.853025,     0.012216,
  1674.050,    -0.682105,    -2.533091,     0.008699,
  1674.100,    -0.679837,    -1.651755,     0.007163,
  1674.150,    -0.676867,    -0.453523,     0.007019,
  1674.200,    -0.698936,     0.815121,     0.012922,
  1674.250,    -0.916203,     1.977493,     0.008034,
  1674.300,    -1.318988,     2.902698,     0.005399,
  1674.350,    -1.928149,     3.339133,     0.005262,
  1674.400,    -2.622217,     3.147577,    -0.000625,
  1674.450,    -3.321053,     2.474950,    -0.000399,
  1674.500,    -3.888098,     1.639727,    -0.000404,
  1674.550,    -4.174144,     0.968594,    -0.006892,
  1674.600,    -4.031231,     0.576112,    -0.000724,
  1674.650,    -3.419116,     0.331323,     0.000469,
  1674.700,    -2.466733,     0.255601,     0.003371,
  1674.750,    -1.462870,     0.251998,     0.004700,
  1674.800,    -0.556700,     0.431632,     0.008204,
  1674.850,     0.137390,     0.652575,     0.008648,
  1674.900,     0.552682,     0.917843,     0.009321,
  1674.950,     0.586585,     1.179706,     0.012742,
  1675.000,     0.342285,     1.596654,     0.016167,
  1675.050,    -0.137043,     2.116539,     0.014963,
  1675.100,    -0.723569,     2.621316,     0.021583,
  1675.150,    -1.228439,     2.884645,     0.015927,
  1675.200,    -1.551772,     2.842668,     0.009065,
  1675.250,    -1.642543,     2.499815,     0.017900,
  1675.300,    -1.492454,     1.903486,     0.008446,
  1675.350,    -1.110371,     1.192339,     0.005410,
  1675.400,    -0.595174,     0.383384,     0.006454,
  1675.450,    -0.062942,    -0.486416,     0.005338,
  1675.500,     0.373894,    -1.358856,     0.000421,
  1675.550,     0.734590,    -2.050295,    -0.000303,
  1675.600,     0.964875,    -2.544545,    -0.000022,
  1675.650,     1.152270,    -2.818688,     0.000357,
  1675.700,     1.365282,    -2.911071,     0.004204,
  1675.750,     1.656154,    -2.789953,    -0.002166,
  1675.800,     2.003035,    -2.338151,     0.000029,
  1675.850,     2.186970,    -1.632665,     0.001487,
  1675.900,     2.199679,    -0.815731,     0.006026,
  1675.950,     2.094395,    -0.039722,     0.000521,
  1676.000,     1.994587,     0.452451,     0.004885,
  1676.050,     1.909201,     0.631833,     0.008012,
  1676.100,     1.907313,     0.429057,     0.011499,
  1676.150,     1.968562,     0.003875,     0.010674,
  1676.200,     2.082764,    -0.524078,     0.012061,
  1676.250,     2.326832,    -0.917231,     0.014428,
  1676.300,     2.681302,    -1.026849,     0.015136,
  1676.350,     3.188496,    -0.739511,     0.010911,
  1676.400,     3.868543,     0.061564,     0.014439,
  1676.450,     4.680130,     1.136488,     0.014837,
  1676.500,     5.531092,     2.296843,     0.008257,
  1676.550,     6.198373,     3.266982,     0.015516,
  1676.600,     6.472346,     3.877250,     0.007391,
  1676.650,     6.147132,     4.110587,     0.003693,
  1676.700,     5.246254,     4.057056,     0.005184,
  1676.750,     3.875253,     3.970703,     0.000355,
  1676.800,     2.222652,     3.885809,     0.004225,
  1676.850,     0.595183,     3.751709,    -0.001268,
  1676.900,    -0.752179,     3.606453,    -0.001813,
  1676.950,    -1.717703,     3.419206,     0.001818,
  1677.000,    -2.235935,     3.220927,     0.003632,
  1677.050,    -2.451491,     2.897958,    -0.000290,
  1677.100,    -2.261123,     2.428987,     0.000920,
  1677.150,    -1.851081,     1.723588,    -0.000306,
  1677.200,    -1.416013,     0.860726,    -0.000450,
  1677.250,    -1.012335,    -0.001927,     0.003858,
  1677.300,    -0.737005,    -0.804428,     0.005328,
  1677.350,    -0.534668,    -1.520904,     0.009962,
  1677.400,    -0.351710,    -2.226664,     0.012187,
  1677.450,    -0.125939,    -2.926704,     0.018624,
  1677.500,     0.076626,    -3.610735,     0.014634,
  1677.550,     0.272398,    -4.025894,     0.016291,
  1677.600,     0.497645,    -4.085726,     0.013424,
  1677.650,     0.649485,    -3.749417,     0.014794,
  1677.700,     0.711689,    -3.089105,     0.011664,
  1677.750,     0.632610,    -2.255187,     0.011936,
  1677.800,     0.381637,    -1.326156,     0.011763,
  1677.850,     0.018223,    -0.414525,     0.007157,
  1677.900,    -0.441195,     0.452047,     0.011255,
  1677.950,    -0.928293,     1.215503,     0.006031,
  1678.000,    -1.353262,     1.867822,     0.004179,
  1678.050,    -1.699363,     2.447132,     0.004705,
  1678.100,    -1.841967,     2.946269,    -0.002584,
  1678.150,    -1.691273,     3.329762,    -0.001301,
  1678.200,    -1.196491,     3.461490,    -0.002744,
  1678.250,    -0.483968,     3.286942,    -0.004215,
  1678.300,     0.242807,     2.820437,    -0.005418,
  1678.350,     0.839784,     2.110837,    -0.001376,
  1678.400,     1.264003,     1.350681,    -0.002197,
  1678.450,     1.471436,     0.545600,     0.002560,
  1678.500,     1.346864,    -0.254601,     0.000339,
  1678.550,     0.953968,    -0.950069,     0.003390,
  1678.600,     0.480876,    -1.446930,     0.007909,
  1678.650,     0.060623,    -1.623106,     0.009021,
  1678.700,    -0.158418,    -1.444168,     0.016928,
  1678.750,    -0.320289,    -1.059323,     0.013495,
  1678.800,    -0.491017,    -0.542013,     0.014354,
  1678.850,    -0.677584,    -0.018378,     0.018581,
  1678.900,    -0.793648,     0.425745,     0.017653,
  1678.950,    -0.785838,     0.790540,     0.015156,
  1679.000,    -0.710997,     0.984693,     0.012318,
  1679.050,    -0.606811,     1.013227,     0.013404,
  1679.100,    -0.415845,     0.944345,     0.013670,
  1679.150,    -0.116130,     0.879909,     0.011009,
  1679.200,     0.242323,     0.987428,     0.009504,
  1679.250,     0.519071,     1.153498,     0.000883,
  1679.300,     0.656810,     1.336168,     0.001714,
  1679.350,     0.597302,     1.444655,     0.001251,
  1679.400,     0.413765,     1.384619,     0.001280,
  1679.450,     0.095281,     1.276190,    -0.003039,
  1679.500,    -0.244497,     1.151998,    -0.001559,
  1679.550,    -0.613350,     1.036389,    -0.001329,
  1679.600,    -0.966036,     0.822260,    -0.000409,
  1679.650,    -1.261395,     0.489344,    -0.001520,
  1679.700,    -1.432961,     0.111605,    -0.003904,
  1679.750,    -1.453892,    -0.136383,     0.003408,
  1679.800,    -1.402244,    -0.183329,     0.007665,
  1679.850,    -1.268374,     0.089244,     0.008098,
  1679.900,    -1.015433,     0.565430,     0.015010,
  1679.950,    -0.624786,     1.250601,     0.012491,
  1680.000,    -0.134366,     2.055370,     0.016733,
  1680.050,     0.346956,     2.926242,     0.016301,
  1680.100,     0.626835,     3.609281,     0.018505,
  1680.150,     0.699498,     3.957772,     0.020198,
  1680.200,     0.547979,     3.925172,     0.020004,
  1680.250,     0.278023,     3.677354,     0.016357,
  1680.300,    -0.069846,     3.490739,     0.017065,
  1680.350,    -0.351855,     3.503816,     0.019534,
  1680.400,    -0.537922,     3.660714,     0.009182,
  1680.450,    -0.483906,     3.784592,     0.010735,
  1680.500,    -0.118663,     3.824643,     0.006457,
  1680.550,     0.444510,     3.731541,     0.003174,
  1680.600,     1.041691,     3.510038,     0.004404,
  1680.650,     1.561413,     2.993122,    -0.003343,
  1680.700,     1.894591,     2.112110,     0.000819,
  1680.750,     2.041097,     1.024903,    -0.001585,
  1680.800,     2.047288,    -0.076396,    -0.000192,
  1680.850,     1.913706,    -0.928485,     0.000342,
  1680.900,     1.789222,    -1.375108,    -0.007006,
  1680.950,     1.589227,    -1.509035,    -0.001118,
  1681.000,     1.429938,    -1.330337,    -0.002638,
  1681.050,     1.264074,    -0.869043,     0.004796,
  1681.100,     1.083933,    -0.272924,     0.006097,
  1681.150,     0.924381,     0.316817,     0.006792,
  1681.200,     0.693114,     0.762311,     0.018406,
  1681.250,     0.329116,     1.087771,     0.011537,
  1681.300,    -0.120870,     1.309974,     0.013431,
  1681.350,    -0.598602,     1.551823,     0.019869,
  1681.400,    -1.058344,     1.865516,     0.010252,
  1681.450,    -1.459874,     2.190166,     0.018245,
  1681.500,    -1.812974,     2.495474,     0.019852,
  1681.550,    -2.186051,     2.731245,     0.015043,
  1681.600,    -2.501291,     2.832177,     0.013759,
  1681.650,    -2.689989,     2.826116,     0.012038,
  1681.700,    -2.650975,     2.733490,     0.012987,
  1681.750,    -2.334626,     2.577436,     0.013314,
  1681.800,    -1.798433,     2.285596,     0.005144,
  1681.850,    -1.137208,     1.884823,    -0.000143,
  1681.900,    -0.469615,     1.385372,     0.003160,
  1681.950,     0.121065,     0.872870,     0.001614,
  1682.000,     0.608558,     0.476956,    -0.000793,
  1682.050,     0.981183,     0.241674,     0.001504,
  1682.100,     1.257173,     0.182498,    -0.001934,
  1682.150,     1.401663,     0.282745,     0.001792,
  1682.200,     1.514753,     0.487860,     0.005664,
  1682.250,     1.522124,     0.765049,     0.005882,
  1682.300,     1.481444,     1.076061,     0.003591,
  1682.350,     1.325989,     1.345877,     0.003335,
  1682.400,     1.030817,     1.614656,     0.008502,
  1682.450,     0.683682,     1.934996,     0.005344,
  1682.500,     0.300672,     2.317847,     0.013967,
  1682.550,    -0.056750,     2.571037,     0.010546,
  1682.600,    -0.427998,     2.715450,     0.014311,
  1682.650,    -0.802920,     2.695597,     0.020499,
  1682.700,    -1.087664,     2.511846,     0.017162,
  1682.750,    -1.256025,     2.259730,     0.018736,
  1682.800,    -1.249586,     1.937984,     0.018071,
  1682.850,    -1.049179,     1.593883,     0.017175,
  1682.900,    -0.727132,     1.197974,     0.014281,
  1682.950,    -0.285609,     0.856578,     0.014221,
  1683.000,     0.169658,     0.591795,     0.005733,
  1683.050,     0.566439,     0.388310,     0.004098,
  1683.100,     0.834749,     0.239085,     0.002666,
  1683.150,     0.926264,     0.154335,     0.002499,
  1683.200,     0.805571,     0.169285,     0.007184,
  1683.250,     0.647283,     0.348151,     0.004086,
  1683.300,     0.491586,     0.705455,     0.002434,
  1683.350,     0.444970,     1.189040,     0.004422,
  1683.400,     0.474496,     1.704080,     0.004034,
  1683.450,     0.555060,     2.117921,     0.002271,
  1683.500,     0.615158,     2.352159,     0.002074,
  1683.550,     0.641127,     2.378809,     0.006198,
  1683.600,     0.631568,     2.300817,     0.010695,
  1683.650,     0.580766,     2.207273,     0.010352,
  1683.700,     0.508973,     2.084502,     0.006960,
  1683.750,     0.372725,     1.861927,     0.010239,
  1683.800,     0.141870,     1.496297,     0.008925,
  1683.850,    -0.013554,     0.958744,     0.010758,
  1683.900,    -0.035456,     0.295860,     0.016217,
  1683.950,     0.157343,    -0.417423,     0.015773,
  1684.000,     0.471569,    -1.076099,     0.014696,
  1684.050,     0.899209,    -1.664791,     0.019791,
  1684.100,     1.330188,    -1.881292,     0.013136,
  1684.150,     1.699152,    -1.641991,     0.013795,
  1684.200,     1.992383,    -0.908922,     0.007670,
  1684.250,     2.070377,     0.057908,     0.007260,
  1684.300,     1.947165,     1.052434,     0.006239,
  1684.350,     1.662084,     1.909970,     0.008664,
  1684.400,     1.314341,     2.528583,    -0.000063,
  1684.450,     1.053714,     2.910504,     0.004451,
  1684.500,     0.931674,     3.039462,     0.005181,
  1684.550,     0.927683,     2.959035,    -0.001621,
  1684.600,     0.938258,     2.770499,    -0.000582,
  1684.650,     0.929890,     2.537622,     0.001732,
  1684.700,     0.916470,     2.230924,     0.004466,
  1684.750,     0.814445,     1.831384,     0.007069,
  1684.800,     0.513350,     1.285302,     0.003345,
  1684.850,    -0.005903,     0.667263,     0.006510,
  1684.900,    -0.656705,     0.041377,     0.001996,
  1684.950,    -1.170030,    -0.428136,     0.003583,
  1685.000,    -1.475842,    -0.708761,     0.007839,
  1685.050,    -1.564934,    -0.672982,     0.008601,
  1685.100,    -1.439552,    -0.345578,     0.010343,
  1685.150,    -1.176378,     0.219219,     0.013674,
  1685.200,    -0.711295,     0.930121,     0.016615,
  1685.250,    -0.239408,     1.662913,     0.017441,
  1685.300,     0.168903,     2.336706,     0.010416,
  1685.350,     0.470346,     2.790813,     0.013376,
  1685.400,     0.625837,     2.837893,     0.014802,
  1685.450,     0.711073,     2.526431,     0.009025,
  1685.500,     0.813954,     1.958973,     0.007266,
  1685.550,     0.948373,     1.391149,     0.007599,
  1685.600,     1.057998,     0.930255,     0.009051,
  1685.650,     1.150915,     0.562372,     0.007219,
  1685.700,     1.156211,     0.322827,     0.006821,
  1685.750,     1.132328,     0.155830,     0.005963,
  1685.800,     1.071100,     0.091455,     0.001944,
  1685.850,     1.028408,     0.074935,     0.002578,
  1685.900,     0.921759,     0.001193,     0.004992,
  1685.950,     0.731397,    -0.119799,     0.007306,
  1686.000,     0.506075,    -0.162694,     0.000128,
  1686.050,     0.258942,    -0.039735,     0.001378,
  1686.100,     0.039808,     0.280877,     0.003266,
  1686.150,    -0.124169,     0.692554,     0.006951,
  1686.200,    -0.228554,     1.156741,     0.007419,
  1686.250,    -0.234835,     1.552242,     0.001720,
  1686.300,    -0.172775,     1.866623,     0.002065,
  1686.350,    -0.029437,     2.019688,     0.008069,
  1686.400,     0.180019,     1.916365,     0.008584,
  1686.450,     0.427253,     1.485783,     0.005948,
  1686.500,     0.730486,     0.797933,     0.008807,
  1686.550,     1.080041,     0.052865,     0.007963,
  1686.600,     1.447114,    -0.647351,     0.013482,
  1686.650,     1.695501,    -1.141138,     0.012718,
  1686.700,     1.773128,    -1.368795,     0.017062,
  1686.750,     1.661858,    -1.369090,     0.010042,
  1686.800,     1.392027,    -1.112459,     0.012011,
  1686.850,     1.013881,    -0.498849,     0.004174,
  1686.900,     0.636279,     0.373076,     0.007415,
  1686.950,     0.237745,     1.343611,     0.010356,
  1687.000,    -0.129482,     2.220433,     0.004811,
  1687.050,    -0.352935,     2.790095,     0.007710,
  1687.100,    -0.503465,     3.106945,     0.005699,
  1687.150,    -0.505161,     3.106982,     0.010802,
  1687.200,    -0.426530,     2.837052,     0.007287,
  1687.250,    -0.258089,     2.304517,     0.004384,
  1687.300,    -0.053728,     1.643385,     0.008392,
  1687.350,     0.169947,     0.972145,     0.006015,
  1687.400,     0.434524,     0.364439,     0.007395,
  1687.450,     0.773944,    -0.127680,     0.007219,
  1687.500,     1.084799,    -0.449573,     0.001162,
  1687.550,     1.342979,    -0.711068,     0.009366,
  1687.600,     1.456343,    -0.992829,     0.005960,
  1687.650,     1.405468,    -1.319799,     0.004643,
  1687.700,     1.212018,    -1.571145,     0.006071,
  1687.750,     0.945377,    -1.542420,     0.009715,
  1687.800,     0.638702,    -1.101569,     0.007350,
  1687.850,     0.294813,    -0.308003,     0.006534,
  1687.900,    -0.122313,     0.731242,     0.010141,
  1687.950,    -0.598564,     1.850057,     0.011017,
  1688.000,    -1.109547,     2.753399,     0.007276,
  1688.050,    -1.591652,     3.277598,     0.011444,
  1688.100,    -1.973945,     3.297298,     0.010260,
  1688.150,    -2.242364,     2.876221,     0.010843,
  1688.200,    -2.264864,     2.170375,     0.009352,
  1688.250,    -1.931244,     1.313024,     0.008475,
  1688.300,    -1.255568,     0.451004,     0.008649,
  1688.350,    -0.366887,    -0.335147,     0.012572,
  1688.400,     0.527149,    -0.889231,     0.004699,
  1688.450,     1.209807,    -1.064746,     0.003545,
  1688.500,     1.619130,    -0.932000,     0.010406,
  1688.550,     1.748282,    -0.535668,     0.012155,
  1688.600,     1.674889,     0.061993,     0.003880,
  1688.650,     1.444003,     0.744836,     0.007204,
  1688.700,     1.195731,     1.357723,     0.001695,
  1688.750,     0.993409,     1.764261,     0.002230,
  1688.800,     0.860924,     1.791242,     0.008087,
  1688.850,     0.758693,     1.478882,     0.013108,
  1688.900,     0.575440,     0.900863,     0.011208,
  1688.950,     0.387493,     0.198671,     0.004000,
  1689.000,     0.147582,    -0.468450,     0.011364,
  1689.050,    -0.067067,    -0.949988,     0.009563,
  1689.100,    -0.231983,    -1.127342,     0.004997,
  1689.150,    -0.245954,    -0.955192,     0.009031,
  1689.200,    -0.150214,    -0.573804,     0.006868,
  1689.250,     0.073405,    -0.082558,     0.002719,
  1689.300,     0.385204,     0.400849,     0.005223,
  1689.350,     0.736654,     0.783911,     0.005004,
  1689.400,     1.073131,     0.997937,     0.006623,
  1689.450,     1.274860,     1.060174,     0.012339,
  1689.500,     1.255969,     1.013047,     0.005077,
  1689.550,     1.012165,     0.894100,     0.000118,
  1689.600,     0.608577,     0.862166,     0.011357,
  1689.650,     0.149971,     1.000874,     0.000593,
  1689.700,    -0.224363,     1.370165,    -0.001374,
  1689.750,    -0.467437,     1.888734,     0.008791,
  1689.800,    -0.644030,     2.335326,     0.010291,
  1689.850,    -0.737583,     2.624466,     0.010282,
  1689.900,    -0.735380,     2.627302,     0.005328,
  1689.950,    -0.649757,     2.330004,     0.011567,
  1690.000,    -0.496270,     1.838481,     0.011470,
  1690.050,    -0.349138,     1.136360,     0.008870,
  1690.100,    -0.176709,     0.332646,     0.005290,
  1690.150,     0.073811,    -0.448915,     0.008186,
  1690.200,     0.350059,    -1.072448,     0.011087,
  1690.250,     0.664892,    -1.405867,     0.009921,
  1690.300,     0.914339,    -1.384308,     0.012672,
  1690.350,     1.038023,    -1.002613,     0.017459,
  1690.400,     1.077083,    -0.369327,     0.017593,
  1690.450,     1.006776,     0.414418,     0.004785,
  1690.500,     0.863307,     1.264879,     0.005799,
  1690.550,     0.603940,     2.078002,     0.005466,
  1690.600,     0.179087,     2.690379,     0.008227,
  1690.650,    -0.296603,     3.037519,     0.002913,
  1690.700,    -0.736533,     3.023940,    -0.001014,
  1690.750,    -1.004096,     2.709839,     0.002960,
  1690.800,    -1.071494,     2.242089,     0.002008,
  1690.850,    -1.021494,     1.670260,     0.004812,
  1690.900,    -0.778046,     1.163267,     0.008139,
  1690.950,    -0.390859,     0.768299,     0.006183,
  1691.000,     0.154394,     0.473777,     0.005790,
  1691.050,     0.773675,     0.285832,     0.006395,
  1691.100,     1.298478,     0.203289,     0.010539,
  1691.150,     1.593287,     0.125032,     0.011914,
  1691.200,     1.633255,     0.156049,     0.014227,
  1691.250,     1.468326,     0.241990,     0.009593,
  1691.300,     1.106894,     0.509349,     0.011808,
  1691.350,     0.662688,     0.941554,     0.014434,
  1691.400,     0.154629,     1.529320,     0.018406,
  1691.450,    -0.336614,     2.191168,     0.018539,
  1691.500,    -0.765819,     2.827658,     0.014415,
  1691.550,    -1.016899,     3.378861,     0.015870,
  1691.600,    -1.130067,     3.692797,     0.016469,
  1691.650,    -1.150367,     3.624742,     0.008913,
  1691.700,    -1.168897,     3.149624,     0.005049,
  1691.750,    -1.206423,     2.228937,     0.014340,
  1691.800,    -1.222993,     1.063858,     0.006430,
  1691.850,    -1.079997,    -0.152253,     0.004640,
  1691.900,    -0.726908,    -1.174209,     0.005258,
  1691.950,    -0.203415,    -1.791788,     0.005475,
  1692.000,     0.393274,    -1.923481,    -0.001385,
  1692.050,     0.971111,    -1.494760,     0.005497,
  1692.100,     1.420811,    -0.672926,     0.000181,
  1692.150,     1.646033,     0.363339,    -0.005237,
  1692.200,     1.552658,     1.363359,     0.002189,
  1692.250,     1.249345,     2.160327,     0.002399,
  1692.300,     0.834200,     2.568445,     0.002210,
  1692.350,     0.398188,     2.533085,     0.003336,
  1692.400,     0.001993,     2.142730,     0.004562,
  1692.450,    -0.333813,     1.538134,     0.010561,
  1692.500,    -0.557708,     0.980385,     0.007780,
  1692.550,    -0.618407,     0.587184,     0.006832,
  1692.600,    -0.541113,     0.442132,     0.014361,
  1692.650,    -0.321132,     0.574560,     0.012833,
  1692.700,    -0.030930,     0.747681,     0.014766,
  1692.750,     0.316082,     0.841796,     0.014963,
  1692.800,     0.631853,     0.932781,     0.015358,
  1692.850,     0.822649,     0.984177,     0.013774,
  1692.900,     0.799776,     1.003946,     0.017038,
  1692.950,     0.605280,     0.929122,     0.010723,
  1693.000,     0.224957,     0.783914,     0.013142,
  1693.050,    -0.259000,     0.672512,     0.013896,
  1693.100,    -0.719177,     0.662233,     0.005940,
  1693.150,    -1.084382,     0.801518,     0.006284,
  1693.200,    -1.252190,     1.125919,     0.005565,
  1693.250,    -1.160266,     1.556513,     0.002324,
  1693.300,    -0.945847,     1.945138,     0.003458,
  1693.350,    -0.638087,     2.242532,     0.000652,
  1693.400,    -0.333841,     2.400666,     0.000131,
  1693.450,    -0.118582,     2.426737,    -0.005239,
  1693.500,     0.032550,     2.266734,    -0.000438,
  1693.550,     0.076378,     1.909553,    -0.000466,
  1693.600,     0.135832,     1.422311,     0.004329,
  1693.650,     0.170167,     0.873087,     0.007778,
  1693.700,     0.260493,     0.341281,     0.004722,
  1693.750,     0.400616,    -0.081404,     0.003598,
  1693.800,     0.656013,    -0.283392,     0.006292,
  1693.850,     0.972730,    -0.165438,     0.005214,
  1693.900,     1.286469,     0.235648,     0.008107,
  1693.950,     1.428788,     0.712439,     0.012906,
  1694.000,     1.395260,     1.100583,     0.014957,
  1694.050,     1.178964,     1.220353,     0.014991,
  1694.100,     0.836768,     1.020043,     0.018561,
  1694.150,     0.392785,     0.663621,     0.012719,
  1694.200,    -0.119572,     0.307127,     0.015199,
  1694.250,    -0.639199,     0.061134,     0.018173,
  1694.300,    -1.058595,     0.025835,     0.015174,
  1694.350,    -1.288761,     0.154167,     0.013367,
  1694.400,    -1.289144,     0.422037,     0.013497,
  1694.450,    -1.095636,     0.740911,     0.006575,
  1694.500,    -0.742775,     1.024193,     0.003822,
  1694.550,    -0.241590,     1.136833,     0.000728,
  1694.600,     0.259473,     1.020943,     0.001274,
  1694.650,     0.714986,     0.736161,     0.002713,
  1694.700,     1.136698,     0.438248,    -0.002021,
  1694.750,     1.394531,     0.248550,    -0.004143,
  1694.800,     1.429375,     0.179645,    -0.002177,
  1694.850,     1.283854,     0.195447,    -0.000883,
  1694.900,     1.034514,     0.282804,    -0.001383,
  1694.950,     0.679131,     0.461654,     0.003415,
  1695.000,     0.341873,     0.742957,     0.001342,
  1695.050,     0.039792,     1.025701,     0.008730,
  1695.100,    -0.141463,     1.259097,     0.011791,
  1695.150,    -0.276489,     1.238673,     0.007641,
  1695.200,    -0.290039,     0.976320,     0.009778,
  1695.250,    -0.275524,     0.506294,     0.010086,
  1695.300,    -0.204296,    -0.005801,     0.017036,
  1695.350,    -0.129168,    -0.496504,     0.019012,
  1695.400,    -0.002684,    -0.819703,     0.014873,
  1695.450,     0.252075,    -0.989628,     0.012973,
  1695.500,     0.537599,    -0.954995,     0.013718,
  1695.550,     0.874442,    -0.679936,     0.008102,
  1695.600,     1.141337,    -0.241350,     0.014469,
  1695.650,     1.383657,     0.298546,     0.005296,
  1695.700,     1.525242,     0.761163,     0.006641,
  1695.750,     1.482525,     1.142690,     0.002227,
  1695.800,     1.250090,     1.287671,     0.003300,
  1695.850,     0.800223,     1.216640,     0.007166,
  1695.900,     0.216657,     0.942684,     0.007502,
  1695.950,    -0.413212,     0.518857,     0.002569,
  1696.000,    -0.929720,     0.016242,     0.000538,
  1696.050,    -1.236433,    -0.420836,     0.005223,
  1696.100,    -1.246403,    -0.652076,     0.005188,
  1696.150,    -1.007714,    -0.530327,     0.012965,
  1696.200,    -0.576508,    -0.100584,     0.008041,
  1696.250,     0.005455,     0.537141,     0.004986,
  1696.300,     0.601972,     1.170117,     0.003659,
  1696.350,     1.072276,     1.612779,     0.009281,
  1696.400,     1.315794,     1.746676,     0.002183,
  1696.450,     1.315634,     1.612897,     0.007175,
  1696.500,     1.092264,     1.228865,     0.010372,
  1696.550,     0.678969,     0.726397,     0.010146,
  1696.600,     0.285219,     0.259011,     0.007297,
  1696.650,    -0.054329,    -0.063428,     0.011059,
  1696.700,    -0.262140,    -0.152744,     0.009764,
  1696.750,    -0.302311,    -0.072411,     0.003545,
  1696.800,    -0.208893,     0.120159,     0.007325,
  1696.850,    -0.120114,     0.423928,     0.005932,
  1696.900,    -0.063964,     0.709750,     0.009229,
  1696.950,     0.054165,     1.026023,     0.004379,
  1697.000,     0.180503,     1.315422,     0.009111,
  1697.050,     0.244371,     1.543624,     0.008784,
  1697.100,     0.271148,     1.707006,     0.004074,
  1697.150,     0.266577,     1.788889,     0.006010,
  1697.200,     0.231001,     1.776160,     0.009022,
  1697.250,     0.293564,     1.690371,     0.011488,
  1697.300,     0.460046,     1.527791,     0.010749,
  1697.350,     0.677902,     1.330025,     0.008884,
  1697.400,     0.917089,     1.178847,     0.007966,
  1697.450,     1.068423,     1.114457,     0.008917,
  1697.500,     1.131976,     1.147654,     0.005913,
  1697.550,     1.111196,     1.260431,     0.013283,
  1697.600,     0.985972,     1.396614,     0.015413,
  1697.650,     0.746619,     1.472952,     0.013902,
  1697.700,     0.417330,     1.368465,     0.008153,
  1697.750,     0.058244,     1.130898,     0.009939,
  1697.800,    -0.285033,     0.844827,     0.013054,
  1697.850,    -0.563446,     0.674545,     0.006716,
  1697.900,    -0.703364,     0.771067,     0.005079,
  1697.950,    -0.642140,     1.108862,     0.005510,
  1698.000,    -0.374878,     1.613853,     0.003994,
  1698.050,    -0.043235,     2.130295,     0.006512,
  1698.100,     0.253368,     2.564848,     0.006491,
  1698.150,     0.404432,     2.775530,     0.003466,
  1698.200,     0.365182,     2.623393,    -0.001733,
  1698.250,     0.222157,     2.157658,     0.001401,
  1698.300,     0.023368,     1.523636,     0.001102,
  1698.350,    -0.048905,     0.982200,    -0.000453,
  1698.400,     0.002658,     0.644066,     0.007887,
  1698.450,     0.134003,     0.527354,     0.005280,
  1698.500,     0.323730,     0.545730,     0.002420,
  1698.550,     0.479221,     0.742787,     0.011276,
  1698.600,     0.562864,     0.995847,     0.013104,
  1698.650,     0.581581,     1.265533,     0.013260,
  1698.700,     0.438209,     1.474968,     0.012499,
  1698.750,     0.172056,     1.525778,     0.011860,
  1698.800,    -0.098101,     1.514488,     0.011924,
  1698.850,    -0.271572,     1.456610,     0.011309,
  1698.900,    -0.366216,     1.369822,     0.009862,
  1698.950,    -0.341028,     1.291055,     0.015305,
  1699.000,    -0.249774,     1.147038,     0.015340,
  1699.050,    -0.106935,     0.943440,     0.012709,
  1699.100,     0.121598,     0.729823,     0.012981,
  1699.150,     0.344033,     0.651807,     0.009846,
  1699.200,     0.528861,     0.766728,     0.009940,
  1699.250,     0.604829,     0.959094,     0.005784,
  1699.300,     0.507570,     1.079285,     0.008278,
  1699.350,     0.300456,     1.017662,     0.009819,
  1699.400,     0.005545,     0.750040,    -0.000239,
  1699.450,    -0.279089,     0.296059,    -0.002875,
  1699.500,    -0.540729,    -0.227596,     0.005188,
  1699.550,    -0.692926,    -0.738272,     0.003054,
  1699.600,    -0.756060,    -1.066399,     0.000906,
  1699.650,    -0.686070,    -1.086662,     0.004861,
  1699.700,    -0.481977,    -0.732967,     0.003925,
  1699.750,    -0.235016,    -0.047674,     0.006050,
  1699.800,    -0.034784,     0.839081,     0.005758,
  1699.850,     0.096462,     1.752978,     0.005201,
  1699.900,     0.105709,     2.450384,     0.009388,
  1699.950,     0.014785,     2.840175,     0.008759,
  1700.000,    -0.124654,     2.866925,     0.004547,
  1700.050,    -0.320623,     2.536581,     0.011819,
  1700.100,    -0.477944,     1.955277,     0.012193,
  1700.150,    -0.554303,     1.258269,     0.017005,
  1700.200,    -0.440362,     0.631063,     0.013905,
  1700.250,    -0.191197,     0.214407,     0.012231,
  1700.300,     0.181494,     0.035360,     0.017056,
  1700.350,     0.618035,     0.106097,     0.010778,
  1700.400,     1.012192,     0.356125,     0.010586,
  1700.450,     1.244219,     0.698159,     0.015897,
  1700.500,     1.218670,     1.100381,     0.009110,
  1700.550,     1.052203,     1.486258,     0.011769,
  1700.600,     0.753252,     1.795552,     0.007616,
  1700.650,     0.404550,     1.998714,     0.008173,
  1700.700,     0.059308,     2.124292,     0.008277,
  1700.750,    -0.191442,     2.223595,     0.007204,
  1700.800,    -0.284456,     2.279434,     0.004707,
  1700.850,    -0.281126,     2.212552,     0.006446,
  1700.900,    -0.205189,     1.975957,     0.008842,
  1700.950,    -0.068546,     1.574126,     0.007272,
  1701.000,     0.110335,     1.078355,     0.004434,
  1701.050,     0.312678,     0.565921,     0.004235,
  1701.100,     0.549997,     0.105276,     0.003159,
  1701.150,     0.716085,    -0.195628,     0.003545,
  1701.200,     0.839606,    -0.379004,     0.003482,
  1701.250,     0.910704,    -0.398505,     0.005160,
  1701.300,     0.894259,    -0.296935,     0.011074,
  1701.350,     0.790098,    -0.112662,     0.006175,
  1701.400,     0.600201,     0.193048,     0.002927,
  1701.450,     0.386553,     0.542926,     0.001234,
  1701.500,     0.192350,     0.940374,     0.003735,
  1701.550,     0.096191,     1.319942,     0.005702,
  1701.600,     0.094011,     1.636360,     0.002578,
  1701.650,     0.176560,     1.862691,     0.015198,
  1701.700,     0.279300,     1.914803,     0.009564,
  1701.750,     0.402232,     1.812830,     0.011871,
  1701.800,     0.415851,     1.497084,     0.007398,
  1701.850,     0.329445,     1.093463,     0.005441,
  1701.900,     0.208841,     0.715838,     0.006845,
  1701.950,     0.133824,     0.412858,     0.009793,
  1702.000,     0.222733,     0.207046,     0.010705,
  1702.050,     0.463728,    -0.002225,     0.009297,
  1702.100,     0.794570,    -0.152308,     0.008348,
  1702.150,     1.115157,    -0.196308,     0.008632,
  1702.200,     1.358895,    -0.144487,     0.005901,
  1702.250,     1.459976,    -0.024069,     0.003423,
  1702.300,     1.334012,     0.188871,     0.003417,
  1702.350,     0.997678,     0.432309,     0.005269,
  1702.400,     0.550754,     0.746406,     0.004001,
  1702.450,     0.104961,     1.113395,     0.005660,
  1702.500,    -0.177813,     1.465388,     0.002024,
  1702.550,    -0.317254,     1.738564,     0.014009,
  1702.600,    -0.297176,     1.847772,     0.011575,
  1702.650,    -0.145559,     1.741479,     0.007294,
  1702.700,     0.082819,     1.477008,     0.011589,
  1702.750,     0.333588,     1.112401,     0.012639,
  1702.800,     0.574355,     0.725569,     0.011492,
  1702.850,     0.756366,     0.264683,     0.010062,
  1702.900,     0.852342,    -0.083359,     0.009700,
  1702.950,     0.875162,    -0.329628,     0.005849,
  1703.000,     0.823286,    -0.467160,     0.005536,
  1703.050,     0.721057,    -0.516775,     0.005254,
  1703.100,     0.553307,    -0.552785,     0.007178,
  1703.150,     0.331140,    -0.531802,     0.003192,
  1703.200,     0.088458,    -0.392810,     0.002350,
  1703.250,    -0.075184,    -0.156744,    -0.000538,
  1703.300,    -0.100942,     0.229008,     0.006285,
  1703.350,    -0.024113,     0.770950,     0.002671,
  1703.400,     0.089993,     1.354544,     0.001858,
  1703.450,     0.145580,     1.873694,     0.003642,
  1703.500,     0.044625,     2.146879,     0.006011,
  1703.550,    -0.175765,     2.142156,     0.008360,
  1703.600,    -0.424389,     1.924068,     0.007517,
  1703.650,    -0.693298,     1.563748,     0.000871,
  1703.700,    -0.826952,     1.072622,     0.007455,
  1703.750,    -0.754831,     0.518133,     0.004205,
  1703.800,    -0.417196,     0.011478,     0.011422,
  1703.850,     0.088129,    -0.299374,     0.018646,
  1703.900,     0.671356,    -0.382060,     0.010369,
  1703.950,     1.263404,    -0.316831,     0.012018,
  1704.000,     1.659891,    -0.070874,     0.009937,
  1704.050,     1.769114,     0.321376,     0.012235,
  1704.100,     1.617411,     0.846238,     0.017574,
  1704.150,     1.271768,     1.416767,     0.015863,
  1704.200,     0.785479,     1.969961,     0.011535,
  1704.250,     0.246518,     2.376415,     0.002408,
  1704.300,    -0.213758,     2.539956,     0.002628,
  1704.350,    -0.515373,     2.443849,     0.003975,
  1704.400,    -0.602468,     2.187560,     0.006947,
  1704.450,    -0.477822,     1.799463,     0.006144,
  1704.500,    -0.237235,     1.304165,     0.002706,
  1704.550,     0.029928,     0.827102,    -0.001965,
  1704.600,     0.342957,     0.365469,    -0.001078,
  1704.650,     0.643069,     0.092568,     0.001863,
  1704.700,     0.849579,     0.001743,     0.000905,
  1704.750,     0.900037,     0.116562,    -0.000259,
  1704.800,     0.867071,     0.365459,     0.003663,
  1704.850,     0.791270,     0.687396,     0.004092,
  1704.900,     0.711850,     1.080751,     0.009297,
  1704.950,     0.573171,     1.547032,     0.010772,
  1705.000,     0.418623,     2.028004,     0.010690,
  1705.050,     0.219871,     2.429532,     0.006007,
  1705.100,    -0.018151,     2.701087,     0.008603,
  1705.150,    -0.204842,     2.786637,     0.010844,
  1705.200,    -0.352526,     2.728654,     0.014600,
  1705.250,    -0.434744,     2.588807,     0.016754,
  1705.300,    -0.450590,     2.410819,     0.015350,
  1705.350,    -0.405979,     2.126121,     0.012923,
  1705.400,    -0.301832,     1.815159,     0.009460,
  1705.450,    -0.184818,     1.533803,     0.011169,
  1705.500,    -0.024360,     1.343352,     0.006936,
  1705.550,     0.212014,     1.294895,     0.007989,
  1705.600,     0.467721,     1.230120,     0.007112,
  1705.650,     0.735313,     1.093479,     0.009045,
  1705.700,     0.955675,     0.922447,     0.003146,
  1705.750,     1.080083,     0.741133,     0.007420,
  1705.800,     1.134215,     0.618669,     0.008208,
  1705.850,     1.006389,     0.557503,     0.002996,
  1705.900,     0.755188,     0.585135,    -0.000619,
  1705.950,     0.423985,     0.704118,     0.000855,
  1706.000,     0.073695,     0.924126,     0.002101,
  1706.050,    -0.191026,     1.228105,     0.006664,
  1706.100,    -0.366200,     1.440186,     0.010204,
  1706.150,    -0.501892,     1.537056,     0.006620,
  1706.200,    -0.554911,     1.431115,     0.006802,
  1706.250,    -0.524842,     1.193729,     0.012786,
  1706.300,    -0.373365,     0.862866,     0.008645,
  1706.350,    -0.157425,     0.475642,     0.006895,
  1706.400,     0.094288,     0.149753,     0.009406,
  1706.450,     0.335799,    -0.050592,     0.008797,
  1706.500,     0.592905,    -0.147607,     0.017176,
  1706.550,     0.809648,    -0.136650,     0.009315,
  1706.600,     0.994208,    -0.023186,     0.010419,
  1706.650,     1.115071,     0.111666,     0.010176,
  1706.700,     1.109468,     0.334724,     0.007225,
  1706.750,     0.960508,     0.646764,     0.005264,
  1706.800,     0.667301,     0.982969,     0.009275,
  1706.850,     0.347124,     1.270086,    -0.002759,
  1706.900,     0.054612,     1.533274,     0.005028,
  1706.950,    -0.185645,     1.732812,    -0.000821,
  1707.000,    -0.411270,     1.885977,     0.004426,
  1707.050,    -0.498431,     1.991964,     0.003335,
  1707.100,    -0.482303,     2.012803,     0.001211,
  1707.150,    -0.463620,     1.977728,     0.004252,
  1707.200,    -0.415033,     1.943583,     0.009010,
  1707.250,    -0.310004,     1.878060,     0.010739,
  1707.300,    -0.170981,     1.716188,     0.015577,
  1707.350,     0.062941,     1.452515,     0.009782,
  1707.400,     0.289191,     1.139832,     0.013660,
  1707.450,     0.626631,     0.851223,     0.008383,
  1707.500,     0.966943,     0.639538,     0.009978,
  1707.550,     1.252597,     0.604060,     0.013541,
  1707.600,     1.352436,     0.813209,     0.008209,
  1707.650,     1.245843,     1.263659,     0.008698,
  1707.700,     0.964651,     1.836553,     0.007296,
  1707.750,     0.589632,     2.379872,     0.004562,
  1707.800,     0.157617,     2.806634,     0.006550,
  1707.850,    -0.246307,     3.011721,     0.004782,
  1707.900,    -0.559906,     2.980675,     0.004440,
  1707.950,    -0.712783,     2.724464,     0.000150,
  1708.000,    -0.665657,     2.294835,     0.003251,
  1708.050,    -0.447184,     1.783803,     0.005094,
  1708.100,    -0.158517,     1.269205,     0.004188,
  1708.150,     0.220155,     0.851650,     0.002519,
  1708.200,     0.581584,     0.570834,     0.003285,
  1708.250,     0.936577,     0.472253,     0.005408,
  1708.300,     1.185300,     0.513279,     0.002082,
  1708.350,     1.302833,     0.688256,     0.008548,
  1708.400,     1.262545,     0.913415,     0.008470,
  1708.450,     1.066734,     1.097041,     0.010986,
  1708.500,     0.822898,     1.167100,     0.016569,
  1708.550,     0.535501,     1.094580,     0.011225,
  1708.600,     0.263384,     0.988459,     0.016014,
  1708.650,    -0.000098,     0.890508,     0.016845,
  1708.700,    -0.213860,     0.825239,     0.016230,
  1708.750,    -0.339281,     0.834482,     0.017190,
  1708.800,    -0.344774,     0.937989,     0.011597,
  1708.850,    -0.222351,     1.132657,     0.011419,
  1708.900,    -0.045264,     1.381238,     0.015898,
  1708.950,     0.169883,     1.550118,     0.007560,
  1709.000,     0.403832,     1.592862,     0.004037,
  1709.050,     0.666886,     1.496985,     0.000518,
  1709.100,     0.926100,     1.364264,     0.003581,
  1709.150,     1.190465,     1.220443,    -0.000524,
  1709.200,     1.375353,     1.113766,     0.000170,
  1709.250,     1.423496,     1.030876,     0.003645,
  1709.300,     1.341302,     0.993686,     0.000851,
  1709.350,     1.243541,     1.015238,     0.004200,
  1709.400,     1.105331,     1.048356,     0.001596,
  1709.450,     0.877072,     1.140385,     0.003990,
  1709.500,     0.614202,     1.279681,     0.003428,
  1709.550,     0.362929,     1.419368,     0.002206,
  1709.600,     0.191829,     1.520826,     0.012394,
  1709.650,     0.087336,     1.610550,     0.019368,
  1709.700,     0.087300,     1.662439,     0.014484,
  1709.750,     0.050340,     1.703517,     0.012488,
  1709.800,    -0.001590,     1.703155,     0.017129,
  1709.850,     0.019518,     1.587031,     0.017801,
  1709.900,     0.045655,     1.316544,     0.013905,
  1709.950,     0.102319,     0.990432,     0.013745,
  1710.000,     0.136810,     0.662223,     0.013857,
  1710.050,     0.173427,     0.439506,     0.010694,
  1710.100,     0.247533,     0.304805,     0.013303,
  1710.150,     0.351366,     0.298283,     0.007075,
  1710.200,     0.490567,     0.349277,     0.007961,
  1710.250,     0.568192,     0.399695,     0.010228,
  1710.300,     0.555368,     0.466908,     0.010584,
  1710.350,     0.431601,     0.427609,     0.005836,
  1710.400,     0.255420,     0.349779,     0.009017,
  1710.450,     0.058147,     0.249391,     0.001948,
  1710.500,    -0.167105,     0.267603,    -0.000780,
  1710.550,    -0.323141,     0.425202,     0.006014,
  1710.600,    -0.423644,     0.670064,     0.005531,
  1710.650,    -0.459028,     0.961431,     0.003103,
  1710.700,    -0.398410,     1.192651,     0.003998,
  1710.750,    -0.268147,     1.314931,     0.003832,
  1710.800,    -0.121747,     1.339182,     0.004361,
  1710.850,     0.096261,     1.279172,     0.008083,
  1710.900,     0.362920,     1.094842,     0.008733,
  1710.950,     0.556242,     0.915425,     0.012084,
  1711.000,     0.735485,     0.741791,     0.009560,
  1711.050,     0.865901,     0.671570,     0.010194,
  1711.100,     0.926696,     0.663055,     0.011889,
  1711.150,     0.906397,     0.693004,     0.003902,
  1711.200,     0.815344,     0.829999,     0.008199,
  1711.250,     0.718227,     1.120037,     0.009624,
  1711.300,     0.604278,     1.462619,     0.007949,
  1711.350,     0.545466,     1.783571,     0.005954,
  1711.400,     0.429079,     1.975077,     0.007544,
  1711.450,     0.275656,     1.983953,     0.002988,
  1711.500,     0.147632,     1.791444,     0.009178,
  1711.550,     0.036568,     1.416287,     0.013938,
  1711.600,    -0.021775,     0.902035,     0.015627,
  1711.650,     0.031199,     0.412966,     0.001569,
  1711.700,     0.151130,     0.053998,     0.009771,
  1711.750,     0.396007,    -0.022020,     0.006551,
  1711.800,     0.692545,     0.139481,     0.006123,
  1711.850,     0.992586,     0.468412,     0.008506,
  1711.900,     1.205168,     0.870126,     0.006065,
  1711.950,     1.296218,     1.249804,     0.009072,
  1712.000,     1.244019,     1.590034,     0.007710,
  1712.050,     1.133529,     1.757380,     0.010291,
  1712.100,     0.925702,     1.704202,     0.005931,
  1712.150,     0.705721,     1.456662,     0.006006,
  1712.200,     0.481897,     1.053388,     0.006354,
  1712.250,     0.308792,     0.622955,     0.006101,
  1712.300,     0.172918,     0.310986,     0.011206,
  1712.350,     0.127245,     0.108602,     0.004441,
  1712.400,     0.110365,     0.160012,     0.003449,
  1712.450,     0.140428,     0.437557,     0.008026,
  1712.500,     0.228280,     0.908591,     0.005334,
  1712.550,     0.304524,     1.471358,     0.012543,
  1712.600,     0.353560,     1.942300,     0.002330,
  1712.650,     0.339216,     2.241039,     0.007964,
  1712.700,     0.279560,     2.315176,     0.006677,
  1712.750,     0.258080,     2.166940,     0.006928,
  1712.800,     0.262766,     1.869105,     0.004288,
  1712.850,     0.297949,     1.530207,     0.008021,
  1712.900,     0.413796,     1.262102,     0.003662,
  1712.950,     0.559302,     1.160561,     0.009537,
  1713.000,     0.733470,     1.214127,     0.009537,
  1713.050,     0.857673,     1.422144,     0.017529,
  1713.100,     0.904499,     1.647660,     0.012038,
  1713.150,     0.820672,     1.855765,     0.016648,
  1713.200,     0.701496,     1.931107,     0.006824,
  1713.250,     0.568217,     1.816466,     0.007125,
  1713.300,     0.433905,     1.621859,     0.004229,
  1713.350,     0.347709,     1.351444,     0.009745,
  1713.400,     0.308160,     1.063327,     0.004451,
  1713.450,     0.343449,     0.848513,     0.011147,
  1713.500,     0.383206,     0.704341,     0.006311,
  1713.550,     0.468842,     0.688907,     0.008513,
  1713.600,     0.573124,     0.819090,     0.005833,
  1713.650,     0.649703,     1.103136,     0.003563,
  1713.700,     0.669751,     1.409114,     0.012757,
  1713.750,     0.672669,     1.692225,     0.001020,
  1713.800,     0.664163,     1.811971,     0.006533,
  1713.850,     0.671664,     1.754821,     0.003892,
  1713.900,     0.716199,     1.591743,     0.000063,
  1713.950,     0.713654,     1.231281,     0.008247,
  1714.000,     0.642176,     0.797407,     0.005538,
  1714.050,     0.480045,     0.365158,     0.008853,
  1714.100,     0.270926,     0.034516,     0.015525,
  1714.150,     0.059721,    -0.026658,     0.003893,
  1714.200,    -0.092997,     0.184675,     0.006113,
  1714.250,    -0.212507,     0.606210,     0.018415,
  1714.300,    -0.264098,     1.089649,     0.012179,
  1714.350,    -0.212625,     1.490815,     0.011072,
  1714.400,    -0.187221,     1.707233,     0.012482,
  1714.450,    -0.136713,     1.719465,     0.009447,
  1714.500,    -0.110723,     1.513489,     0.006007,
  1714.550,    -0.081100,     1.197705,     0.007807,
  1714.600,    -0.059905,     0.856871,     0.015309,
  1714.650,     0.065199,     0.634544,     0.008263,
  1714.700,     0.218210,     0.617475,     0.004639,
  1714.750,     0.354427,     0.725275,     0.009854,
  1714.800,     0.479585,     0.924123,     0.002702,
  1714.850,     0.480593,     1.106387,     0.004400,
  1714.900,     0.458578,     1.103005,     0.006846,
  1714.950,     0.350082,     0.913411,     0.002148,
  1715.000,     0.206034,     0.530180,    -0.000223,
  1715.050,     0.003545,     0.134683,     0.002352,
  1715.100,    -0.117579,    -0.269910,    -0.000927,
  1715.150,    -0.127869,    -0.557224,     0.006265,
  1715.200,    -0.111655,    -0.683033,     0.008189,
  1715.250,    -0.045487,    -0.571705,     0.005588,
  1715.300,     0.024939,    -0.304670,     0.010710,
  1715.350,     0.174648,     0.078485,     0.004883,
  1715.400,     0.342314,     0.538393,     0.007607,
  1715.450,     0.501370,     1.028427,     0.010013,
  1715.500,     0.566866,     1.502242,     0.013246,
  1715.550,     0.583010,     1.844738,     0.009890,
  1715.600,     0.542038,     1.933996,     0.014661,
  1715.650,     0.416525,     1.728565,     0.011870,
  1715.700,     0.240657,     1.229859,     0.016208,
  1715.750,     0.087353,     0.540926,     0.015699,
  1715.800,    -0.007654,    -0.165826,     0.010825,
  1715.850,    -0.005641,    -0.740224,     0.013494,
  1715.900,     0.099209,    -1.057480,     0.011059,
  1715.950,     0.287886,    -1.035766,     0.003870,
  1716.000,     0.457100,    -0.629646,     0.002903,
  1716.050,     0.587614,     0.073212,     0.001970,
  1716.100,     0.697072,     0.854730,     0.003723,
  1716.150,     0.747555,     1.581930,     0.002803,
  1716.200,     0.711778,     2.064901,     0.004349,
  1716.250,     0.610149,     2.253151,     0.000634,
  1716.300,     0.445203,     2.119534,     0.000006,
  1716.350,     0.279077,     1.736978,     0.003785,
  1716.400,     0.177064,     1.250300,     0.012148,
  1716.450,     0.125893,     0.746373,     0.009117,
  1716.500,     0.189694,     0.391037,     0.004175,
  1716.550,     0.366688,     0.223613,     0.013458,
  1716.600,     0.632097,     0.227837,     0.009340,
  1716.650,     0.911888,     0.283777,     0.005814,
  1716.700,     1.139275,     0.363875,     0.014157,
  1716.750,     1.259384,     0.414411,     0.008542,
  1716.800,     1.220311,     0.382238,     0.011342,
  1716.850,     1.023664,     0.386000,     0.014071,
  1716.900,     0.751383,     0.413724,     0.012666,
  1716.950,     0.436166,     0.532464,     0.004836,
  1717.000,     0.187378,     0.767610,     0.005794,
  1717.050,     0.069499,     1.103108,     0.004609,
  1717.100,     0.038629,     1.447134,     0.006782,
  1717.150,     0.147291,     1.758704,     0.006862,
  1717.200,     0.300187,     1.913312,     0.004504,
  1717.250,     0.450935,     1.989301,     0.011378,
  1717.300,     0.546620,     1.956454,     0.003239,
  1717.350,     0.500000,     1.767766,    -0.000403,
  1717.400,     0.417971,     1.530295,     0.006400,
  1717.450,     0.304198,     1.168417,     0.010626,
  1717.500,     0.201411,     0.812636,     0.012714,
  1717.550,     0.114745,     0.407275,     0.005903,
  1717.600,     0.053285,     0.038021,     0.002852,
  1717.650,     0.038451,    -0.290806,     0.008443,
  1717.700,     0.067316,    -0.475594,     0.007414,
  1717.750,     0.181996,    -0.410213,     0.010027,
  1717.800,     0.282474,    -0.052088,     0.005876,
  1717.850,     0.413603,     0.457475,     0.005024,
  1717.900,     0.459069,     0.988306,    -0.000847,
  1717.950,     0.397671,     1.415740,     0.005512,
  1718.000,     0.291074,     1.668179,     0.010303,
  1718.050,     0.065666,     1.705765,     0.008075,
  1718.100,    -0.133193,     1.583977,     0.004795,
  1718.150,    -0.382697,     1.329943,     0.006004,
  1718.200,    -0.526204,     1.036802,     0.009387,
  1718.250,    -0.536651,     0.768220,     0.006760,
  1718.300,    -0.416358,     0.553401,     0.011623,
  1718.350,    -0.124523,     0.472896,     0.006167,
  1718.400,     0.213034,     0.491900,     0.012547,
  1718.450,     0.493713,     0.624468,     0.005769,
  1718.500,     0.646436,     0.761028,     0.006407,
  1718.550,     0.643293,     0.885877,     0.011807,
  1718.600,     0.526127,     0.965360,     0.005912,
  1718.650,     0.264354,     1.019752,     0.006651,
  1718.700,     0.067822,     1.055398,     0.007731,
  1718.750,    -0.060343,     1.122704,     0.005413,
  1718.800,    -0.017304,     1.344286,     0.008063,
  1718.850,     0.164421,     1.613377,     0.007102,
  1718.900,     0.459312,     1.994283,     0.005999,
  1718.950,     0.760647,     2.344918,     0.007979,
  1719.000,     0.987287,     2.580013,     0.002292,
  1719.050,     1.059726,     2.720220,     0.010615,
  1719.100,     1.048781,     2.634843,     0.005292,
  1719.150,     0.995989,     2.351094,     0.007606,
  1719.200,     0.870000,     1.910511,     0.008370,
  1719.250,     0.860177,     1.332618,     0.004189,
  1719.300,     0.892352,     0.717710,     0.007558,
  1719.350,     1.055231,     0.149211,     0.006225,
  1719.400,     1.253113,    -0.231224,     0.005661,
  1719.450,     1.464247,    -0.365955,     0.005875,
  1719.500,     1.606657,    -0.252983,     0.007487,
  1719.550,     1.684970,     0.065889,     0.000639,
  1719.600,     1.742012,     0.584058,     0.007640,
  1719.650,     1.703659,     1.177586,     0.005890,
  1719.700,     1.536538,     1.803306,     0.004321,
  1719.750,     1.220069,     2.287425,     0.004151,
  1719.800,     0.771070,     2.540220,     0.007321,
  1719.850,     0.255651,     2.506058,     0.006854,
  1719.900,    -0.247266,     2.308830,     0.009659,
  1719.950,    -0.616895,     1.970036,     0.003502,
  1720.000,    -0.849066,     1.608460,     0.009566,

