Time_abs/ps, Signal 1/nA, Ref.signal 1/nA, Signal 2/nA, Ref.signal 2/nA
  1600.000,     0.020285,     0.007615,     0.007941,
  1600.050,     0.001743,    -0.004646,     0.002018,
  1600.100,     0.000261,     0.011497,    -0.005237,
  1600.150,    -0.008121,    -0.005388,     0.000649,
  1600.200,    -0.014167,    -0.009079,    -0.005371,
  1600.250,     0.006603,    -0.022884,    -0.001495,
  1600.300,    -0.000841,    -0.011605,    -0.003504,
  1600.350,    -0.002667,     0.000561,    -0.002834,
  1600.400,    -0.018381,     0.010459,    -0.001571,
  1600.450,    -0.019918,     0.008771,    -0.002855,
  1600.500,    -0.033771,    -0.000034,    -0.003905,
  1600.550,    -0.001417,    -0.009125,    -0.005494,
  1600.600,    -0.032253,    -0.021215,    -0.000484,
  1600.650,    -0.034428,    -0.028924,     0.000891,
  1600.700,    -0.000397,    -0.024922,    -0.001881,
  1600.750,    -0.032081,    -0.033412,    -0.001856,
  1600.800,    -0.005390,    -0.027306,    -0.000524,
  1600.850,    -0.026547,    -0.001638,     0.001917,
  1600.900,    -0.025799,    -0.017430,    -0.004690,
  1600.950,    -0.017232,    -0.006954,     0.005451,
  1601.000,    -0.004130,    -0.025601,    -0.000123,
  1601.050,    -0.030957,    -0.025349,     0.008556,
  1601.100,    -0.021738,    -0.009534,     0.001099,
  1601.150,    -0.013225,    -0.028449,     0.003401,
  1601.200,    -0.022629,    -0.018410,     0.004983,
  1601.250,    -0.018612,    -0.022588,     0.006015,
  1601.300,    -0.013831,    -0.037640,     0.009302,
  1601.350,    -0.034309,    -0.024145,     0.002704,
  1601.400,    -0.026783,    -0.019708,    -0.000456,
  1601.450,    -0.027874,    -0.036830,    -0.001505,
  1601.500,    -0.030607,    -0.020360,     0.000369,
  1601.550,    -0.027482,    -0.021295,    -0.002463,
  1601.600,    -0.015996,    -0.019094,    -0.004074,
  1601.650,    -0.019615,    -0.038961,    -0.003624,
  1601.700,    -0.032279,    -0.039712,     0.000790,
  1601.750,    -0.019180,    -0.046448,    -0.002706,
  1601.800,    -0.010407,    -0.049859,     0.001145,
  1601.850,    -0.024788,    -0.056273,     0.006772,
  1601.900,    -0.027817,    -0.066449,     0.001402,
  1601.950,    -0.004673,    -0.072077,     0.000263,
  1602.000,    -0.007641,    -0.063971,    -0.002918,
  1602.050,    -0.005602,    -0.049452,    -0.002436,
  1602.100,    -0.002629,    -0.059367,    -0.005926,
  1602.150,     0.002912,    -0.063293,    -0.000357,
  1602.200,    -0.017362,    -0.057947,     0.007207,
  1602.250,     0.004558,    -0.047525,    -0.000234,
  1602.300,    -0.009561,    -0.066134,     0.008610,
  1602.350,     0.011591,    -0.074133,    -0.000662,
  1602.400,    -0.014954,    -0.077379,     0.002963,
  1602.450,     0.000340,    -0.060169,     0.000787,
  1602.500,    -0.016241,    -0.080268,     0.002687,
  1602.550,    -0.031208,    -0.067907,    -0.000201,
  1602.600,     0.000973,    -0.099132,     0.003152,
  1602.650,    -0.000165,    -0.079462,     0.000483,
  1602.700,    -0.011356,    -0.061615,    -0.000341,
  1602.750,    -0.014852,    -0.055587,    -0.002639,
  1602.800,    -0.011362,    -0.049285,    -0.001104,
  1602.850,    -0.023016,    -0.061351,    -0.004220,
  1602.900,    -0.027685,    -0.051576,    -0.000780,
  1602.950,    -0.035934,    -0.030425,    -0.000526,
  1603.000,    -0.038929,    -0.045516,    -0.007225,
  1603.050,    -0.011687,    -0.046597,    -0.002045,
  1603.100,    -0.029127,    -0.041525,     0.001067,
  1603.150,    -0.030362,    -0.058770,    -0.000882,
  1603.200,    -0.018900,    -0.067038,     0.002707,
  1603.250,    -0.025883,    -0.060943,     0.003231,
  1603.300,    -0.029433,    -0.046130,    -0.000052,
  1603.350,    -0.022198,    -0.044856,     0.000441,
  1603.400,    -0.028581,    -0.048941,    -0.008054,
  1603.450,    -0.041438,    -0.057768,    -0.002235,
  1603.500,    -0.025536,    -0.061647,    -0.000451,
  1603.550,    -0.023393,    -0.072860,    -0.003311,
  1603.600,    -0.013372,    -0.050958,     0.000036,
  1603.650,    -0.018025,    -0.058043,     0.002426,
  1603.700,    -0.016309,    -0.046480,     0.002089,
  1603.750,     0.002093,    -0.039911,     0.005018,
  1603.800,     0.000738,    -0.055079,    -0.000262,
  1603.850,    -0.009367,    -0.055890,     0.000617,
  1603.900,    -0.030503,    -0.060794,     0.000462,
  1603.950,    -0.023331,    -0.056321,    -0.003119,
  1604.000,    -0.020764,    -0.053461,    -0.001854,
  1604.050,    -0.025956,    -0.061511,    -0.000082,
  1604.100,    -0.021157,    -0.073083,     0.002056,
  1604.150,    -0.023689,    -0.058812,    -0.000222,
  1604.200,    -0.047691,    -0.056921,    -0.000908,
  1604.250,    -0.017758,    -0.052816,     0.002826,
  1604.300,    -0.025098,    -0.051204,    -0.000862,
  1604.350,    -0.040590,    -0.050098,     0.004954,
  1604.400,    -0.024063,    -0.051308,    -0.002474,
  1604.450,    -0.025130,    -0.055452,     0.004348,
  1604.500,    -0.009151,    -0.068069,     0.001857,
  1604.550,    -0.018750,    -0.050001,     0.005936,
  1604.600,    -0.013712,    -0.060544,    -0.001937,
  1604.650,    -0.012847,    -0.066102,     0.000495,
  1604.700,    -0.030762,    -0.067510,    -0.001584,
  1604.750,    -0.026032,    -0.069713,     0.000788,
  1604.800,    -0.016470,    -0.075049,    -0.000265,
  1604.850,    -0.022683,    -0.068252,     0.000460,
  1604.900,    -0.022697,    -0.068048,     0.003213,
  1604.950,    -0.022973,    -0.057182,    -0.001452,
  1605.000,    -0.009386,    -0.074073,    -0.002297,
  1605.050,    -0.013123,    -0.073767,    -0.004148,
  1605.100,    -0.020357,    -0.058804,    -0.004518,
  1605.150,    -0.026424,    -0.074817,     0.001742,
  1605.200,    -0.025874,    -0.054424,     0.001710,
  1605.250,    -0.017652,    -0.059604,    -0.003447,
  1605.300,    -0.011748,    -0.073760,    -0.002262,
  1605.350,    -0.016181,    -0.080658,    -0.003875,
  1605.400,    -0.020632,    -0.064059,     0.000393,
  1605.450,    -0.030327,    -0.066206,    -0.001794,
  1605.500,    -0.008471,    -0.061892,    -0.002106,
  1605.550,    -0.019275,    -0.056416,     0.004595,
  1605.600,    -0.030271,    -0.060449,    -0.001769,
  1605.650,    -0.038190,    -0.062375,     0.001611,
  1605.700,    -0.003431,    -0.064690,     0.001867,
  1605.750,    -0.008104,    -0.067201,     0.003135,
  1605.800,    -0.018241,    -0.053317,     0.000626,
  1605.850,    -0.020216,    -0.075328,     0.003796,
  1605.900,    -0.017136,    -0.081720,    -0.000094,
  1605.950,    -0.018468,    -0.084957,    -0.003099,
  1606.000,    -0.016286,    -0.063255,     0.003246,
  1606.050,    -0.029879,    -0.061329,    -0.000904,
  1606.100,    -0.014593,    -0.043735,     0.005015,
  1606.150,    -0.005066,    -0.050841,     0.001479,
  1606.200,    -0.028342,    -0.062682,     0.000417,
  1606.250,    -0.032186,    -0.048538,     0.001503,
  1606.300,    -0.040201,    -0.051206,     0.001610,
  1606.350,    -0.030174,    -0.056931,     0.003793,
  1606.400,    -0.017762,    -0.061721,     0.007346,
  1606.450,    -0.020345,    -0.077838,     0.002137,
  1606.500,    -0.003191,    -0.075351,    -0.001937,
  1606.550,    -0.022704,    -0.045355,    -0.003358,
  1606.600,    -0.017764,    -0.075436,    -0.000298,
  1606.650,     0.004152,    -0.075216,     0.000367,
  1606.700,     0.009981,    -0.067222,     0.000649,
  1606.750,     0.005000,    -0.063340,     0.000567,
  1606.800,    -0.005636,    -0.069187,     0.001238,
  1606.850,    -0.020452,    -0.065506,     0.002248,
  1606.900,    -0.000589,    -0.051772,    -0.001829,
  1606.950,     0.002807,    -0.049198,    -0.001736,
  1607.000,    -0.002826,    -0.044549,    -0.006770,
  1607.050,     0.004110,    -0.057717,     0.001266,
  1607.100,     0.015165,    -0.057853,    -0.000216,
  1607.150,     0.003531,    -0.075347,    -0.000335,
  1607.200,     0.025307,    -0.075670,     0.001388,
  1607.250,     0.023217,    -0.067853,    -0.001765,
  1607.300,     0.009543,    -0.065862,    -0.007127,
  1607.350,     0.021528,    -0.091792,    -0.003418,
  1607.400,     0.018407,    -0.095613,     0.001222,
  1607.450,     0.022279,    -0.089350,     0.001725,
  1607.500,     0.011863,    -0.075400,     0.001917,
  1607.550,     0.013196,    -0.104859,     0.000146,
  1607.600,     0.030903,    -0.098777,     0.002189,
  1607.650,     0.022703,    -0.092790,     0.003813,
  1607.700,     0.024841,    -0.102410,     0.005626,
  1607.750,     0.013637,    -0.103796,     0.010345,
  1607.800,     0.025369,    -0.101278,     0.006357,
  1607.850,     0.032488,    -0.124529,     0.001376,
  1607.900,     0.016019,    -0.136633,     0.004311,
  1607.950,     0.021777,    -0.124998,     0.006973,
  1608.000,     0.026180,    -0.137278,     0.007220,
  1608.050,     0.028157,    -0.131250,    -0.001795,
  1608.100,     0.030754,    -0.141260,    -0.005128,
  1608.150,     0.040165,    -0.161652,     0.004069,
  1608.200,     0.028180,    -0.162870,     0.004020,
  1608.250,     0.025946,    -0.156415,    -0.000806,
  1608.300,     0.029515,    -0.147483,    -0.003357,
  1608.350,     0.018323,    -0.147606,    -0.003188,
  1608.400,     0.018204,    -0.157783,    -0.004767,
  1608.450,     0.013435,    -0.149063,     0.000246,
  1608.500,    -0.007749,    -0.130967,    -0.000333,
  1608.550,    -0.022591,    -0.132564,    -0.000948,
  1608.600,     0.014230,    -0.131408,    -0.001430,
  1608.650,     0.014847,    -0.119437,     0.002354,
  1608.700,     0.022332,    -0.132012,    -0.000754,
  1608.750,     0.015260,    -0.130531,    -0.002688,
  1608.800,     0.004095,    -0.127366,    -0.009334,
  1608.850,     0.014781,    -0.114349,    -0.001433,
  1608.900,     0.016763,    -0.118084,     0.000655,
  1608.950,    -0.013404,    -0.108535,    -0.001217,
  1609.000,    -0.009585,    -0.122791,    -0.003843,
  1609.050,    -0.008899,    -0.112637,    -0.002588,
  1609.100,     0.014063,    -0.100752,    -0.002527,
  1609.150,     0.014423,    -0.101737,     0.002668,
  1609.200,     0.018275,    -0.083625,    -0.000583,
  1609.250,    -0.007468,    -0.090299,    -0.005111,
  1609.300,     0.011586,    -0.092264,     0.001411,
  1609.350,     0.015386,    -0.063074,    -0.001248,
  1609.400,     0.011510,    -0.072413,     0.002849,
  1609.450,     0.027399,    -0.097468,     0.003200,
  1609.500,     0.025235,    -0.062004,     0.000323,
  1609.550,     0.009776,    -0.074665,     0.004948,
  1609.600,     0.013943,    -0.082541,     0.003585,
  1609.650,     0.007658,    -0.095405,     0.000330,
  1609.700,    -0.010028,    -0.072481,     0.002831,
  1609.750,    -0.005485,    -0.073364,     0.003715,
  1609.800,    -0.009614,    -0.048757,     0.004842,
  1609.850,     0.005702,    -0.050317,    -0.000319,
  1609.900,    -0.018880,    -0.050132,     0.002942,
  1609.950,    -0.014537,    -0.052159,     0.006294,
  1610.000,    -0.006377,    -0.076507,     0.000235,
  1610.050,    -0.000990,    -0.090168,    -0.000244,
  1610.100,    -0.012786,    -0.092489,     0.000293,
  1610.150,    -0.004374,    -0.092585,    -0.001809,
  1610.200,    -0.000074,    -0.087222,    -0.003359,
  1610.250,    -0.024761,    -0.102442,     0.000078,
  1610.300,    -0.007639,    -0.110517,    -0.000537,
  1610.350,    -0.019995,    -0.117500,    -0.003327,
  1610.400,    -0.025216,    -0.123959,    -0.000704,
  1610.450,    -0.012168,    -0.132789,    -0.008548,
  1610.500,    -0.031097,    -0.137259,    -0.007534,
  1610.550,    -0.022316,    -0.141640,    -0.004244,
  1610.600,     0.003330,    -0.131035,     0.000789,
  1610.650,    -0.007593,    -0.137492,    -0.002774,
  1610.700,    -0.016090,    -0.131505,    -0.003569,
  1610.750,    -0.024568,    -0.161033,    -0.004842,
  1610.800,    -0.012186,    -0.172221,    -0.001096,
  1610.850,    -0.003151,    -0.194941,    -0.002705,
  1610.900,    -0.018817,    -0.172747,    -0.003092,
  1610.950,     0.003830,    -0.179672,    -0.003683,
  1611.000,     0.030705,    -0.196484,     0.001809,
  1611.050,     0.007702,    -0.217035,    -0.001321,
  1611.100,    -0.002772,    -0.213329,    -0.001401,
  1611.150,     0.004726,    -0.239635,    -0.001013,
  1611.200,     0.012404,    -0.240099,    -0.003860,
  1611.250,     0.027046,    -0.215287,    -0.001137,
  1611.300,     0.016001,    -0.217257,    -0.001055,
  1611.350,     0.010017,    -0.223915,    -0.000671,
  1611.400,     0.005724,    -0.225158,     0.007139,
  1611.450,     0.000015,    -0.227445,     0.010091,
  1611.500,    -0.023037,    -0.219021,     0.008209,
  1611.550,    -0.019258,    -0.196926,     0.005936,
  1611.600,    -0.028656,    -0.221091,     0.009992,
  1611.650,    -0.017036,    -0.212736,     0.008530,
  1611.700,    -0.032874,    -0.199161,     0.004235,
  1611.750,    -0.022590,    -0.192209,     0.000824,
  1611.800,    -0.038730,    -0.199529,     0.006394,
  1611.850,    -0.046192,    -0.174264,     0.007572,
  1611.900,    -0.055926,    -0.168421,     0.007708,
  1611.950,    -0.063936,    -0.185613,     0.005145,
  1612.000,    -0.044214,    -0.193127,    -0.001535,
  1612.050,    -0.039223,    -0.202004,     0.000588,
  1612.100,    -0.036689,    -0.203686,     0.001681,
  1612.150,    -0.053115,    -0.192196,    -0.001718,
  1612.200,    -0.069448,    -0.228909,    -0.000959,
  1612.250,    -0.057124,    -0.217702,    -0.003399,
  1612.300,    -0.048039,    -0.218946,    -0.002281,
  1612.350,    -0.054015,    -0.226065,    -0.002597,
  1612.400,    -0.037965,    -0.209106,    -0.007277,
  1612.450,    -0.037839,    -0.219318,    -0.004690,
  1612.500,    -0.056172,    -0.206316,    -0.005608,
  1612.550,    -0.015306,    -0.213026,    -0.008074,
  1612.600,    -0.032304,    -0.230964,    -0.007449,
  1612.650,    -0.039493,    -0.237960,    -0.009103,
  1612.700,    -0.022846,    -0.240506,    -0.009793,
  1612.750,    -0.042473,    -0.236160,    -0.006990,
  1612.800,    -0.027342,    -0.233167,    -0.011643,
  1612.850,    -0.010505,    -0.256656,    -0.006455,
  1612.900,    -0.008727,    -0.239617,    -0.002592,
  1612.950,    -0.000163,    -0.245471,    -0.004447,
  1613.000,    -0.010831,    -0.262886,    -0.002776,
  1613.050,    -0.007488,    -0.251333,    -0.005599,
  1613.100,     0.017428,    -0.256567,    -0.003176,
  1613.150,     0.020751,    -0.244889,     0.005284,
  1613.200,     0.013035,    -0.267568,     0.001526,
  1613.250,     0.003536,    -0.263436,     0.005252,
  1613.300,     0.013941,    -0.261406,     0.004797,
  1613.350,     0.019769,    -0.262316,     0.006752,
  1613.400,     0.037913,    -0.263597,     0.007900,
  1613.450,     0.042812,    -0.263895,     0.008454,
  1613.500,     0.046470,    -0.253962,     0.012648,
  1613.550,     0.026816,    -0.267384,     0.013394,
  1613.600,     0.035904,    -0.282852,     0.013408,
  1613.650,     0.031718,    -0.294390,     0.006441,
  1613.700,     0.033706,    -0.269291,     0.008381,
  1613.750,     0.025907,    -0.296063,     0.011511,
  1613.800,     0.007603,    -0.295676,     0.005328,
  1613.850,     0.017213,    -0.290447,     0.003560,
  1613.900,    -0.010014,    -0.308364,     0.003692,
  1613.950,    -0.002174,    -0.311033,     0.003091,
  1614.000,    -0.020640,    -0.298176,     0.001511,
  1614.050,    -0.001161,    -0.320096,     0.000578,
  1614.100,    -0.007469,    -0.327092,     0.004074,
  1614.150,    -0.032102,    -0.336267,     0.004247,
  1614.200,    -0.024051,    -0.347295,    -0.001244,
  1614.250,    -0.020366,    -0.345886,    -0.007283,
  1614.300,    -0.054042,    -0.330335,    -0.008931,
  1614.350,    -0.052684,    -0.335595,    -0.010902,
  1614.400,    -0.036287,    -0.326397,    -0.014188,
  1614.450,    -0.059534,    -0.335081,    -0.008883,
  1614.500,    -0.058021,    -0.341281,    -0.005226,
  1614.550,    -0.071979,    -0.341916,    -0.003518,
  1614.600,    -0.066089,    -0.342900,    -0.004731,
  1614.650,    -0.069107,    -0.342125,    -0.006261,
  1614.700,    -0.074059,    -0.318097,    -0.007356,
  1614.750,    -0.060114,    -0.315540,    -0.009391,
  1614.800,    -0.084593,    -0.298863,    -0.004384,
  1614.850,    -0.076036,    -0.298416,    -0.002972,
  1614.900,    -0.077517,    -0.312369,    -0.006086,
  1614.950,    -0.090131,    -0.298750,    -0.001163,
  1615.000,    -0.087968,    -0.299329,    -0.000811,
  1615.050,    -0.086816,    -0.316875,     0.001014,
  1615.100,    -0.104582,    -0.339941,    -0.000778,
  1615.150,    -0.104441,    -0.354372,     0.003379,
  1615.200,    -0.078849,    -0.349586,     0.002338,
  1615.250,    -0.083833,    -0.375272,     0.004554,
  1615.300,    -0.092267,    -0.391255,     0.001628,
  1615.350,    -0.088662,    -0.412063,    -0.000088,
  1615.400,    -0.088119,    -0.422098,     0.003555,
  1615.450,    -0.090397,    -0.408363,     0.004641,
  1615.500,    -0.081644,    -0.404922,     0.004782,
  1615.550,    -0.092470,    -0.411461,     0.003832,
  1615.600,    -0.092528,    -0.401083,     0.006661,
  1615.650,    -0.091455,    -0.408784,     0.006976,
  1615.700,    -0.082824,    -0.415894,     0.002817,
  1615.750,    -0.084424,    -0.406058,     0.003023,
  1615.800,    -0.087029,    -0.429032,    -0.001799,
  1615.850,    -0.085916,    -0.454615,     0.000634,
  1615.900,    -0.071128,    -0.455064,     0.004886,
  1615.950,    -0.079326,    -0.455368,     0.002310,
  1616.000,    -0.081106,    -0.466990,     0.002455,
  1616.050,    -0.098839,    -0.474880,    -0.000700,
  1616.100,    -0.089229,    -0.480263,    -0.004071,
  1616.150,    -0.082040,    -0.480738,    -0.007796,
  1616.200,    -0.107929,    -0.476577,    -0.004316,
  1616.250,    -0.113572,    -0.483261,    -0.001176,
  1616.300,    -0.113987,    -0.490949,    -0.002573,
  1616.350,    -0.108757,    -0.490765,    -0.004066,
  1616.400,    -0.128413,    -0.495713,    -0.005997,
  1616.450,    -0.112973,    -0.492477,    -0.007848,
  1616.500,    -0.122354,    -0.503176,    -0.005541,
  1616.550,    -0.127832,    -0.526755,     0.000888,
  1616.600,    -0.124069,    -0.506274,    -0.000750,
  1616.650,    -0.122641,    -0.492097,    -0.000267,
  1616.700,    -0.123998,    -0.494707,    -0.000926,
  1616.750,    -0.128366,    -0.491688,    -0.002399,
  1616.800,    -0.131150,    -0.491173,     0.001442,
  1616.850,    -0.136738,    -0.493725,     0.006012,
  1616.900,    -0.139646,    -0.487156,     0.001933,
  1616.950,    -0.141529,    -0.489569,     0.003624,
  1617.000,    -0.152555,    -0.506868,     0.002343,
  1617.050,    -0.142268,    -0.487291,    -0.001791,
  1617.100,    -0.134685,    -0.474220,     0.003375,
  1617.150,    -0.150531,    -0.483483,     0.005483,
  1617.200,    -0.152407,    -0.473541,     0.004031,
  1617.250,    -0.152528,    -0.474562,     0.001532,
  1617.300,    -0.122813,    -0.456456,     0.000625,
  1617.350,    -0.147972,    -0.446705,    -0.001940,
  1617.400,    -0.160727,    -0.459078,    -0.003399,
  1617.450,    -0.159892,    -0.445847,    -0.002172,
  1617.500,    -0.160331,    -0.438835,     0.004729,
  1617.550,    -0.159101,    -0.433537,     0.005967,
  1617.600,    -0.154161,    -0.436497,     0.004502,
  1617.650,    -0.152994,    -0.418269,     0.001974,
  1617.700,    -0.167916,    -0.416141,     0.000532,
  1617.750,    -0.165269,    -0.407228,     0.002397,
  1617.800,    -0.171822,    -0.401720,    -0.001185,
  1617.850,    -0.184867,    -0.380863,    -0.004582,
  1617.900,    -0.172699,    -0.371745,    -0.003239,
  1617.950,    -0.186627,    -0.338327,    -0.001864,
  1618.000,    -0.180110,    -0.281234,    -0.004775,
  1618.050,    -0.162843,    -0.232384,    -0.004146,
  1618.100,    -0.184888,    -0.193871,    -0.002895,
  1618.150,    -0.191406,    -0.161821,    -0.000308,
  1618.200,    -0.180105,    -0.119875,     0.001605,
  1618.250,    -0.168153,    -0.077524,    -0.000428,
  1618.300,    -0.185703,    -0.071774,    -0.002974,
  1618.350,    -0.175557,    -0.087374,     0.002274,
  1618.400,    -0.197348,    -0.196099,     0.003963,
  1618.450,    -0.196456,    -0.348139,     0.006393,
  1618.500,    -0.179422,    -0.610612,     0.004905,
  1618.550,    -0.179177,    -0.952923,     0.001027,
  1618.600,    -0.180908,    -1.333053,     0.001123,
  1618.650,    -0.186204,    -1.743931,    -0.001807,
  1618.700,    -0.205184,    -2.126887,     0.003935,
  1618.750,    -0.175186,    -2.394161,     0.001841,
  1618.800,    -0.171638,    -2.457728,     0.003013,
  1618.850,    -0.195598,    -2.309845,     0.004149,
  1618.900,    -0.191087,    -1.995652,     0.002493,
  1618.950,    -0.203308,    -1.602009,     0.002067,
  1619.000,    -0.208562,    -1.184876,    -0.001578,
  1619.050,    -0.213103,    -0.797805,    -0.003489,
  1619.100,    -0.208078,    -0.520714,    -0.002849,
  1619.150,    -0.233333,    -0.297820,    -0.004279,
  1619.200,    -0.234500,    -0.164513,    -0.000196,
  1619.250,    -0.238499,    -0.133796,     0.003971,
  1619.300,    -0.261647,    -0.141140,    -0.004457,
  1619.350,    -0.256144,    -0.189173,    -0.005634,
  1619.400,    -0.248964,    -0.272831,    -0.002837,
  1619.450,    -0.240605,    -0.366149,    -0.004111,
  1619.500,    -0.241793,    -0.414662,    -0.003515,
  1619.550,    -0.253424,    -0.486669,    -0.002138,
  1619.600,    -0.241371,    -0.532702,    -0.005250,
  1619.650,    -0.239369,    -0.559336,    -0.004868,
  1619.700,    -0.256681,    -0.580338,    -0.005016,
  1619.750,    -0.272333,    -0.589772,    -0.000188,
  1619.800,    -0.285942,    -0.591029,    -0.001148,
  1619.850,    -0.272466,    -0.607447,    -0.001481,
  1619.900,    -0.263382,    -0.624791,     0.002207,
  1619.950,    -0.263170,    -0.651564,    -0.000339,
  1620.000,    -0.262203,    -0.699427,     0.001643,
  1620.050,    -0.269247,    -0.712156,     0.005322,
  1620.100,    -0.272739,    -0.740053,     0.005762,
  1620.150,    -0.256533,    -0.779035,     0.007496,
  1620.200,    -0.251221,    -0.777557,     0.009545,
  1620.250,    -0.274275,    -0.783301,     0.005739,
  1620.300,    -0.266830,    -0.795376,     0.003348,
  1620.350,    -0.274389,    -0.762885,     0.007567,
  1620.400,    -0.274338,    -0.756703,     0.006178,
  1620.450,    -0.263151,    -0.755122,     0.003513,
  1620.500,    -0.266463,    -0.759587,     0.007009,
  1620.550,    -0.291207,    -0.770126,     0.008849,
  1620.600,    -0.297992,    -0.762379,     0.006805,
  1620.650,    -0.288909,    -0.799293,     0.007374,
  1620.700,    -0.283715,    -0.826538,     0.007597,
  1620.750,    -0.271516,    -0.825007,     0.006009,
  1620.800,    -0.271133,    -0.836559,     0.002490,
  1620.850,    -0.286353,    -0.864981,    -0.000210,
  1620.900,    -0.278925,    -0.872562,    -0.002236,
  1620.950,    -0.284981,    -0.863349,    -0.003641,
  1621.000,    -0.272238,    -0.892779,    -0.004037,
  1621.050,    -0.266963,    -0.900679,    -0.005848,
  1621.100,    -0.289256,    -0.903279,    -0.005975,
  1621.150,    -0.270420,    -0.929399,    -0.009144,
  1621.200,    -0.251263,    -0.946151,    -0.007142,
  1621.250,    -0.257202,    -0.973433,    -0.006603,
  1621.300,    -0.240746,    -1.002156,    -0.008197,
  1621.350,    -0.243923,    -1.031033,    -0.010230,
  1621.400,    -0.229123,    -1.055723,    -0.009315,
  1621.450,    -0.216748,    -1.082439,    -0.011936,
  1621.500,    -0.228472,    -1.040745,    -0.009704,
  1621.550,    -0.210000,    -1.007067,    -0.006178,
  1621.600,    -0.207039,    -0.969472,    -0.004474,
  1621.650,    -0.196687,    -0.923275,    -0.007522,
  1621.700,    -0.199894,    -0.868363,    -0.002966,
  1621.750,    -0.171133,    -0.839668,    -0.002451,
  1621.800,    -0.146150,    -0.839075,    -0.003021,
  1621.850,    -0.107347,    -0.835832,    -0.005060,
  1621.900,    -0.089619,    -0.868083,    -0.001312,
  1621.950,    -0.077921,    -0.905803,     0.004564,
  1622.000,    -0.030396,    -0.925178,     0.008700,
  1622.050,     0.004821,    -0.925425,     0.009454,
  1622.100,     0.032966,    -0.933014,     0.006800,
  1622.150,     0.060725,    -0.943333,     0.007055,
  1622.200,     0.027554,    -0.946160,     0.007776,
  1622.250,    -0.040322,    -0.947706,     0.014698,
  1622.300,    -0.142159,    -0.936598,     0.010125,
  1622.350,    -0.325446,    -0.911204,     0.010043,
  1622.400,    -0.557421,    -0.902913,     0.011223,
  1622.450,    -0.841979,    -0.885350,     0.013022,
  1622.500,    -1.127413,    -0.852988,     0.014183,
  1622.550,    -1.344057,    -0.809969,     0.011604,
  1622.600,    -1.459374,    -0.785377,     0.010463,
  1622.650,    -1.453007,    -0.742969,     0.012277,
  1622.700,    -1.328828,    -0.686576,     0.006555,
  1622.750,    -1.075597,    -0.613374,    -0.000634,
  1622.800,    -0.812811,    -0.510101,     0.002467,
  1622.850,    -0.552416,    -0.403846,     0.005305,
  1622.900,    -0.337202,    -0.275957,    -0.002614,
  1622.950,    -0.168210,    -0.136301,    -0.005050,
  1623.000,    -0.046857,    -0.013895,    -0.004328,
  1623.050,     0.010393,     0.097326,    -0.001917,
  1623.100,    -0.011530,     0.115637,    -0.007693,
  1623.150,    -0.035304,     0.008123,    -0.009694,
  1623.200,    -0.080832,    -0.326249,    -0.006244,
  1623.250,    -0.128750,    -1.001347,    -0.009243,
  1623.300,    -0.162047,    -2.122518,    -0.009369,
  1623.350,    -0.214795,    -3.843026,    -0.008995,
  1623.400,    -0.238415,    -6.190226,    -0.010491,
  1623.450,    -0.281844,    -9.079033,    -0.006667,
  1623.500,    -0.304695,   -12.222148,    -0.007800,
  1623.550,    -0.288209,   -15.132563,    -0.006394,
  1623.600,    -0.299936,   -17.125555,    -0.003830,
  1623.650,    -0.315874,   -17.493563,    -0.005575,
  1623.700,    -0.309451,   -15.827166,    -0.001663,
  1623.750,    -0.309177,   -12.123533,     0.001025,
  1623.800,    -0.342348,    -6.997025,     0.002549,
  1623.850,    -0.362282,    -1.427215,     0.004455,
  1623.900,    -0.391714,     3.484423,     0.007906,
  1623.950,    -0.393149,     6.934489,     0.006812,
  1624.000,    -0.400183,     8.513791,     0.008278,
  1624.050,    -0.404355,     8.337132,     0.009628,
  1624.100,    -0.389675,     6.748450,     0.005365,
  1624.150,    -0.391854,     4.178412,     0.006691,
  1624.200,    -0.392379,     1.205607,     0.007760,
  1624.250,    -0.384350,    -1.618595,     0.001836,
  1624.300,    -0.369903,    -3.847212,     0.005807,
  1624.350,    -0.372685,    -5.274983,     0.009025,
  1624.400,    -0.379132,    -5.999073,     0.000793,
  1624.450,    -0.399044,    -6.210488,    -0.001582,
  1624.500,    -0.402846,    -6.037645,     0.000588,
  1624.550,    -0.405158,    -5.448199,     0.002794,
  1624.600,    -0.423365,    -4.513717,     0.000708,
  1624.650,    -0.419751,    -3.507028,     0.002135,
  1624.700,    -0.415613,    -2.713990,     0.000715,
  1624.750,    -0.420426,    -2.169706,    -0.005886,
  1624.800,    -0.405463,    -1.805950,    -0.011153,
  1624.850,    -0.431723,    -1.469886,    -0.003299,
  1624.900,    -0.446709,    -1.140785,    -0.001037,
  1624.950,    -0.450190,    -0.812284,    -0.007725,
  1625.000,    -0.468019,    -0.407357,    -0.007586,
  1625.050,    -0.474383,     0.132472,    -0.005072,
  1625.100,    -0.495833,     0.838794,    -0.005165,
  1625.150,    -0.508810,     1.727241,    -0.003507,
  1625.200,    -0.535335,     2.765705,    -0.003525,
  1625.250,    -0.546094,     3.889177,    -0.001643,
  1625.300,    -0.534441,     5.077292,    -0.004111,
  1625.350,    -0.495644,     6.273234,     0.000016,
  1625.400,    -0.475611,     7.478472,     0.000708,
  1625.450,    -0.441060,     8.746009,    -0.001669,
  1625.500,    -0.399044,    10.060120,    -0.002699,
  1625.550,    -0.386262,    11.467869,     0.002238,
  1625.600,    -0.374859,    13.071246,     0.004171,
  1625.650,    -0.355590,    14.898890,    -0.000961,
  1625.700,    -0.380802,    17.010325,     0.001578,
  1625.750,    -0.391584,    19.501218,     0.001606,
  1625.800,    -0.385364,    22.428147,     0.001324,
  1625.850,    -0.422344,    25.822997,     0.001724,
  1625.900,    -0.451495,    29.700968,     0.005322,
  1625.950,    -0.457624,    34.164119,     0.004063,
  1626.000,    -0.450359,    39.328189,     0.005329,
  1626.050,    -0.429887,    45.320874,     0.003381,
  1626.100,    -0.437579,    52.213222,     0.005067,
  1626.150,    -0.421397,    60.173804,     0.002448,
  1626.200,    -0.411263,    69.234329,     0.002935,
  1626.250,    -0.367688,    79.317423,     0.004025,
  1626.300,    -0.367476,    90.147328,    -0.002888,
  1626.350,    -0.341057,   101.149397,    -0.002792,
  1626.400,    -0.324432,   111.240914,    -0.000116,
  1626.450,    -0.298411,   118.577158,    -0.004655,
  1626.500,    -0.266633,   120.330037,    -0.005471,
  1626.550,    -0.233805,   112.301036,    -0.001635,
  1626.600,    -0.193960,    88.936240,    -0.007080,
  1626.650,    -0.108504,    43.654300,    -0.004425,
  1626.700,    -0.028210,   -30.080523,    -0.001805,
  1626.750,     0.049557,  -136.599317,    -0.002165,
  1626.800,     0.142639,  -275.383844,    -0.006039,
  1626.850,     0.230995,  -438.202199,    -0.004062,
  1626.900,     0.279166,  -607.466873,    -0.004693,
  1626.950,     0.281518,  -756.832510,    -0.000332,
  1627.000,     0.176550,  -853.304042,    -0.000183,
  1627.050,    -0.086879,  -863.652525,     0.002157,
  1627.100,    -0.573692,  -767.964910,    -0.000561,
  1627.150,    -1.410002,  -573.556554,    -0.002080,
  1627.200,    -2.605437,  -314.836492,     0.006759,
  1627.250,    -4.197684,   -38.717001,     0.007385,
  1627.300,    -6.085960,   213.204124,     0.004057,
  1627.350,    -8.065513,   414.370761,     0.005550,
  1627.400,    -9.735634,   551.418659,     0.004109,
  1627.450,   -10.659380,   618.154752,     0.005100,
  1627.500,   -10.391453,   615.650001,    -0.002876,
  1627.550,    -8.759669,   555.920794,     0.002213,
  1627.600,    -5.912358,   461.606808,     0.002640,
  1627.650,    -2.363520,   358.092630,     0.005909,
  1627.700,     1.148906,   262.795631,     0.005206,
  1627.750,     3.983826,   181.288099,    -0.001042,
  1627.800,     5.672133,   113.143369,     0.003934,
  1627.850,     6.163342,    59.884677,     0.007870,
  1627.900,     5.568512,    26.164406,     0.003391,
  1627.950,     4.175910,    13.388737,    -0.002197,
  1628.000,     2.308719,    14.807836,    -0.005003,
  1628.050,     0.341284,    19.605023,    -0.006839,
  1628.100,    -1.399388,    20.976186,    -0.002368,
  1628.150,    -2.635407,    18.573325,    -0.002071,
  1628.200,    -3.314420,    13.737354,    -0.003278,
  1628.250,    -3.556397,     6.294082,    -0.001695,
  1628.300,    -3.548601,    -3.942722,    -0.006067,
  1628.350,    -3.262165,   -15.291041,    -0.007122,
  1628.400,    -2.737203,   -25.115936,    -0.001100,
  1628.450,    -2.057621,   -31.509963,    -0.004581,
  1628.500,    -1.414286,   -33.304194,    -0.006097,
  1628.550,    -0.928266,   -29.992888,    -0.006268,
  1628.600,    -0.626303,   -22.742302,    -0.000736,
  1628.650,    -0.402771,   -14.414926,     0.000413,
  1628.700,    -0.212188,    -7.483234,    -0.001030,
  1628.750,     0.009897,    -2.984859,     0.000550,
  1628.800,     0.241333,    -1.164252,     0.003157,
  1628.850,     0.492722,    -2.118112,     0.006786,
  1628.900,     0.846347,    -5.174189,     0.007897,
  1628.950,     1.338705,    -9.286403,     0.004666,
  1629.000,     1.924646,   -13.634145,     0.009124,
  1629.050,     2.577358,   -17.083424,     0.010086,
  1629.100,     3.294890,   -18.429742,     0.008613,
  1629.150,     4.016352,   -17.405915,     0.009105,
  1629.200,     4.712055,   -14.983355,     0.009824,
  1629.250,     5.434796,   -11.998510,     0.007053,
  1629.300,     6.179578,    -8.593464,     0.003986,
  1629.350,     6.975667,    -5.354663,     0.010289,
  1629.400,     7.857070,    -3.324842,     0.008846,
  1629.450,     8.849090,    -2.418323,     0.009498,
  1629.500,     9.992903,    -1.744800,     0.008997,
  1629.550,    11.333871,    -1.435813,    -0.000331,
  1629.600,    12.908072,    -2.146204,     0.002195,
  1629.650,    14.720192,    -3.579164,     0.002450,
  1629.700,    16.783976,    -5.007354,    -0.003384,
  1629.750,    19.196776,    -6.289650,    -0.006283,
  1629.800,    21.994725,    -7.321848,    -0.006634,
  1629.850,    25.206414,    -7.916487,    -0.005857,
  1629.900,    28.984135,    -8.401538,    -0.010449,
  1629.950,    33.364164,    -9.063405,    -0.012514,
  1630.000,    38.422753,    -9.528301,    -0.012942,
  1630.050,    44.163041,    -9.995554,    -0.013099,
  1630.100,    50.520879,   -11.552468,    -0.013701,
  1630.150,    57.269200,   -14.581446,    -0.012350,
  1630.200,    63.998053,   -18.110098,    -0.009598,
  1630.250,    69.888583,   -21.159664,    -0.013849,
  1630.300,    73.615689,   -23.552278,    -0.017968,
  1630.350,    73.176914,   -25.200944,    -0.006392,
  1630.400,    65.725028,   -25.526302,    -0.002613,
  1630.450,    47.443977,   -23.619052,     0.000409,
  1630.500,    14.111405,   -18.819349,     0.011461,
  1630.550,   -38.272588,   -11.499617,     0.013410,
  1630.600,  -112.020287,    -3.149112,     0.021268,
  1630.650,  -205.646667,     4.452853,     0.022432,
  1630.700,  -312.015930,    10.046533,     0.021749,
  1630.750,  -417.189495,    13.060233,     0.023813,
  1630.800,  -501.413761,    13.620158,     0.017976,
  1630.850,  -542.414181,    12.157680,     0.013587,
  1630.900,  -521.678876,     9.274574,     0.013146,
  1630.950,  -433.328249,     5.856123,     0.015834,
  1631.000,  -289.376728,     2.993944,     0.021362,
  1631.050,  -115.897030,     1.406954,     0.025321,
  1631.100,    57.343817,     1.309775,     0.019545,
  1631.150,   206.377429,     2.395546,     0.014247,
  1631.200,   316.734721,     3.763499,     0.013637,
  1631.250,   381.734292,     4.322650,     0.004633,
  1631.300,   400.466533,     3.926636,    -0.003872,
  1631.350,   377.480842,     3.166550,    -0.006158,
  1631.400,   323.790337,     2.265575,    -0.001759,
  1631.450,   255.399267,     1.160862,    -0.011820,
  1631.500,   187.523284,     0.170592,    -0.009674,
  1631.550,   128.776549,    -0.376537,    -0.005894,
  1631.600,    80.369380,    -0.448203,    -0.000987,
  1631.650,    41.239158,    -0.184167,    -0.005663,
  1631.700,    12.895200,     0.207198,    -0.003794,
  1631.750,    -1.639945,     0.439720,    -0.002394,
  1631.800,    -3.083401,     0.576219,    -0.002852,
  1631.850,     2.222943,     0.828175,    -0.007136,
  1631.900,     7.071883,     1.151283,    -0.002700,
  1631.950,     8.368242,     1.302174,    -0.000745,
  1632.000,     7.035556,     1.393799,    -0.004125,
  1632.050,     4.087847,     1.363982,    -0.004930,
  1632.100,    -0.752945,     0.892051,    -0.005234,
  1632.150,    -7.263198,    -0.002850,    -0.008393,
  1632.200,   -13.919240,    -0.749953,    -0.006236,
  1632.250,   -19.045130,    -0.775002,    -0.003751,
  1632.300,   -21.686492,    -0.086435,    -0.001190,
  1632.350,   -21.290379,     0.719788,    -0.007795,
  1632.400,   -17.855066,     0.976297,     0.000078,
  1632.450,   -12.643197,     0.479779,    -0.002505,
  1632.500,    -7.632096,    -0.447088,    -0.003274,
  1632.550,    -4.033401,    -1.509570,    -0.002384,
  1632.600,    -2.095464,    -2.620741,    -0.000742,
  1632.650,    -1.829582,    -3.634282,    -0.000727,
  1632.700,    -3.051622,    -4.182021,    -0.004745,
  1632.750,    -5.127276,    -3.906807,    -0.001084,
  1632.800,    -7.404650,    -2.793900,     0.000535,
  1632.850,    -9.464675,    -1.227206,    -0.002824,
  1632.900,   -10.699041,     0.409447,     0.003349,
  1632.950,   -10.502031,     1.757836,    -0.001375,
  1633.000,    -9.180587,     2.638111,     0.001502,
  1633.050,    -7.510361,     3.037544,     0.006030,
  1633.100,    -5.766116,     2.807701,     0.007230,
  1633.150,    -3.888563,     1.846147,     0.004589,
  1633.200,    -2.390428,     0.418482,     0.001771,
  1633.250,    -1.796603,    -0.781082,     0.005400,
  1633.300,    -1.635020,    -1.114038,     0.008025,
  1633.350,    -1.364947,    -0.548134,     0.007621,
  1633.400,    -1.363743,     0.372960,     0.000504,
  1633.450,    -2.021182,     1.093779,     0.000469,
  1633.500,    -2.934649,     1.532629,     0.002150,
  1633.550,    -3.740695,     1.931117,    -0.001470,
  1633.600,    -4.471330,     2.205702,    -0.003694,
  1633.650,    -4.985249,     2.028786,    -0.003099,
  1633.700,    -5.216593,     1.294591,     0.005711,
  1633.750,    -5.487543,     0.509281,     0.002505,
  1633.800,    -5.876080,     0.259539,     0.000529,
  1633.850,    -6.090626,     0.637703,    -0.000107,
  1633.900,    -6.387770,     1.288410,     0.004842,
  1633.950,    -7.466856,     1.735328,     0.004851,
  1634.000,    -9.419107,     2.004661,    -0.000227,
  1634.050,   -11.486218,     2.524687,     0.005546,
  1634.100,   -13.248439,     3.538086,     0.002477,
  1634.150,   -14.664880,     4.817174,    -0.002878,
  1634.200,   -15.606357,     5.771806,    -0.000077,
  1634.250,   -15.549790,     5.894634,    -0.000947,
  1634.300,   -13.985005,     5.019867,     0.004470,
  1634.350,   -10.599732,     3.374413,     0.004090,
  1634.400,    -5.874780,     1.468931,    -0.002145,
  1634.450,    -0.762210,    -0.234864,     0.009381,
  1634.500,     3.753343,    -1.331142,     0.008710,
  1634.550,     7.012962,    -1.620024,     0.005820,
  1634.600,     8.675579,    -1.193751,     0.000246,
  1634.650,     8.848705,    -0.221375,     0.002183,
  1634.700,     7.778794,     0.944310,     0.002885,
  1634.750,     5.872959,     1.802740,     0.005138,
  1634.800,     3.667434,     2.103127,     0.003896,
  1634.850,     1.846501,     1.980898,     0.002040,
  1634.900,     0.819819,     1.834150,     0.000173,
  1634.950,     0.613066,     1.554471,    -0.001720,
  1635.000,     1.024769,     0.849765,     0.000713,
  1635.050,     1.499135,    -0.364628,    -0.005496,
  1635.100,     1.504875,    -1.647068,    -0.003197,
  1635.150,     1.211443,    -2.463542,     0.000903,
  1635.200,     0.918244,    -2.393592,     0.002256,
  1635.250,     0.596346,    -1.539666,    -0.001747,
  1635.300,     0.212902,    -0.367061,    -0.002442,
  1635.350,    -0.070819,     0.786164,    -0.005989,
  1635.400,    -0.127846,     1.800347,    -0.006635,
  1635.450,    -0.028134,     2.567745,    -0.004520,
  1635.500,     0.143888,     2.857418,    -0.002462,
  1635.550,     0.273023,     2.729597,    -0.002063,
  1635.600,     0.254015,     2.507415,    -0.003450,
  1635.650,     0.212789,     2.725166,    -0.007403,
  1635.700,     0.264605,     3.536522,    -0.002893,
  1635.750,     0.353735,     4.719953,    -0.003631,
  1635.800,     0.370096,     5.978758,     0.000454,
  1635.850,     0.414333,     7.139484,    -0.000745,
  1635.900,     0.347558,     8.018270,    -0.002131,
  1635.950,    -0.050917,     8.408722,    -0.000627,
  1636.000,    -0.622450,     8.099335,     0.001212,
  1636.050,    -1.028165,     6.992960,     0.006082,
  1636.100,    -0.968877,     5.083596,     0.000492,
  1636.150,    -0.583859,     2.715300,    -0.002455,
  1636.200,    -0.237329,     0.553834,     0.000904,
  1636.250,    -0.254597,    -0.974464,     0.002032,
  1636.300,    -0.572402,    -1.866223,     0.000791,
  1636.350,    -1.014502,    -2.360050,     0.002287,
  1636.400,    -1.452603,    -2.625182,     0.008358,
  1636.450,    -1.933918,    -2.683920,     0.009079,
  1636.500,    -2.297813,    -2.569406,     0.008117,
  1636.550,    -2.374172,    -2.462354,     0.008168,
  1636.600,    -2.019294,    -2.381856,     0.005058,
  1636.650,    -1.232851,    -2.249739,     0.003705,
  1636.700,    -0.295656,    -1.943175,     0.003520,
  1636.750,     0.586489,    -1.563875,     0.000713,
  1636.800,     1.278361,    -1.173989,    -0.001297,
  1636.850,     1.660219,    -0.740138,     0.002391,
  1636.900,     1.740754,    -0.124872,    -0.000227,
  1636.950,     1.406452,     0.609759,    -0.005692,
  1637.000,     0.647245,     1.406203,    -0.006941,
  1637.050,    -0.238187,     2.317221,    -0.003953,
  1637.100,    -0.828527,     3.254949,    -0.002949,
  1637.150,    -0.881583,     4.003688,    -0.004119,
  1637.200,    -0.482410,     4.135708,    -0.005105,
  1637.250,    -0.005798,     3.405202,    -0.007007,
  1637.300,     0.335803,     1.985505,    -0.010005,
  1637.350,     0.580905,     0.434592,    -0.007315,
  1637.400,     0.831873,    -0.822254,    -0.000376,
  1637.450,     1.017106,    -1.575648,    -0.005076,
  1637.500,     0.920056,    -1.729813,    -0.004033,
  1637.550,     0.546396,    -1.255113,    -0.001788,
  1637.600,     0.219077,    -0.338612,    -0.004812,
  1637.650,     0.250268,     0.763632,    -0.002082,
  1637.700,     0.518230,     1.740224,    -0.001464,
  1637.750,     0.827312,     2.460679,     0.000477,
  1637.800,     0.962826,     2.958997,    -0.000209,
  1637.850,     1.076710,     3.299934,    -0.001640,
  1637.900,     1.391840,     3.385711,     0.001666,
  1637.950,     2.027994,     3.162409,     0.002422,
  1638.000,     2.694599,     2.824086,     0.005456,
  1638.050,     3.161590,     2.523193,     0.002778,
  1638.100,     3.080288,     2.167881,     0.004771,
  1638.150,     2.441366,     1.673464,     0.011403,
  1638.200,     1.481823,     1.097867,     0.011173,
  1638.250,     0.394065,     0.595649,     0.009502,
  1638.300,    -0.509347,     0.267708,     0.006915,
  1638.350,    -1.094015,     0.215812,     0.009372,
  1638.400,    -1.339907,     0.300757,     0.007106,
  1638.450,    -1.335898,     0.210374,     0.004533,
  1638.500,    -1.192194,    -0.234144,     0.004781,
  1638.550,    -1.053713,    -0.859218,     0.005023,
  1638.600,    -1.142908,    -1.345800,    -0.002408,
  1638.650,    -1.384527,    -1.384178,     0.000207,
  1638.700,    -1.515444,    -1.020408,     0.002126,
  1638.750,    -1.308552,    -0.342018,     0.002359,
  1638.800,    -0.891695,     0.725234,    -0.001212,
  1638.850,    -0.518289,     2.078701,    -0.000337,
  1638.900,    -0.363334,     3.398893,     0.001663,
  1638.950,    -0.245298,     4.392974,    -0.004108,
  1639.000,    -0.082588,     4.958612,    -0.008138,
  1639.050,     0.274376,     5.103479,    -0.009752,
  1639.100,     0.703000,     4.824185,    -0.005251,
  1639.150,     1.018747,     3.945542,    -0.005614,
  1639.200,     1.156947,     2.410317,    -0.009379,
  1639.250,     1.193908,     0.343592,    -0.007177,
  1639.300,     1.140752,    -1.854028,    -0.005576,
  1639.350,     0.981992,    -3.661547,    -0.003811,
  1639.400,     0.814731,    -4.850082,     0.001166,
  1639.450,     0.805096,    -5.255514,    -0.000292,
  1639.500,     1.169381,    -4.758078,    -0.004685,
  1639.550,     1.889872,    -3.317165,    -0.005907,
  1639.600,     2.783888,    -1.240698,    -0.008126,
  1639.650,     3.661837,     1.045305,     0.002525,
  1639.700,     4.393683,     2.943423,    -0.000039,
  1639.750,     4.845888,     4.244858,     0.005145,
  1639.800,     4.865323,     5.100088,     0.003238,
  1639.850,     4.399770,     5.546860,     0.003282,
  1639.900,     3.421504,     5.334418,     0.004741,
  1639.950,     2.019763,     4.304736,     0.005018,
  1640.000,     0.542295,     2.511987,     0.006675,
  1640.050,    -0.588153,     0.352506,     0.007682,
  1640.100,    -1.185390,    -1.575325,     0.014008,
  1640.150,    -1.344445,    -2.746470,     0.008256,
  1640.200,    -1.225876,    -3.031769,     0.001786,
  1640.250,    -0.983217,    -2.697153,     0.006334,
  1640.300,    -0.626917,    -2.044046,    -0.000924,
  1640.350,    -0.232551,    -1.309203,     0.000675,
  1640.400,     0.131725,    -0.531349,     0.001944,
  1640.450,     0.423514,     0.062713,     0.004074,
  1640.500,     0.707555,     0.293488,    -0.005485,
  1640.550,     1.083207,     0.269254,     0.004194,
  1640.600,     1.479711,     0.404838,    -0.002583,
  1640.650,     1.871117,     1.032106,    -0.004883,
  1640.700,     2.361294,     2.062719,     0.000322,
  1640.750,     3.016650,     3.106748,    -0.009583,
  1640.800,     3.802430,     3.840306,    -0.000710,
  1640.850,     4.710332,     4.170689,    -0.000009,
  1640.900,     5.675932,     4.128747,    -0.006631,
  1640.950,     6.729809,     3.825790,    -0.002609,
  1641.000,     7.690345,     3.105605,    -0.001709,
  1641.050,     8.327535,     1.919317,    -0.003515,
  1641.100,     8.585692,     0.499471,    -0.004485,
  1641.150,     8.683808,    -0.655401,    -0.000808,
  1641.200,     9.017099,    -1.180790,    -0.002621,
  1641.250,     9.710265,    -0.932680,     0.000858,
  1641.300,    10.866105,     0.065962,    -0.003524,
  1641.350,    12.482191,     1.640657,    -0.007923,
  1641.400,    14.437618,     3.587384,     0.003811,
  1641.450,    16.470601,     5.627009,    -0.003630,
  1641.500,    18.125434,     7.283995,     0.002037,
  1641.550,    18.859012,     7.929273,     0.001406,
  1641.600,    18.001967,     7.229707,     0.002435,
  1641.650,    14.768246,     5.437746,     0.005226,
  1641.700,     8.214275,     3.255428,     0.011363,
  1641.750,    -2.729248,     1.287893,     0.009474,
  1641.800,   -18.677505,    -0.430065,     0.005021,
  1641.850,   -39.535561,    -1.912394,     0.012771,
  1641.900,   -63.918054,    -2.921142,     0.013236,
  1641.950,   -88.946434,    -3.164518,     0.008341,
  1642.000,  -110.306355,    -2.711609,     0.006973,
  1642.050,  -122.765411,    -2.023525,     0.011865,
  1642.100,  -121.614867,    -1.612473,     0.007217,
  1642.150,  -104.589400,    -1.626222,    -0.001335,
  1642.200,   -73.107627,    -1.895577,     0.004421,
  1642.250,   -32.334970,    -2.231396,     0.001886,
  1642.300,    10.379266,    -2.317654,    -0.003156,
  1642.350,    48.114999,    -1.902629,    -0.000052,
  1642.400,    76.202856,    -0.786280,     0.006066,
  1642.450,    92.669688,     1.129492,    -0.004669,
  1642.500,    97.567692,     3.499094,    -0.009075,
  1642.550,    92.145298,     5.749574,    -0.009035,
  1642.600,    78.935089,     7.199591,    -0.001586,
  1642.650,    61.605454,     7.364164,    -0.003077,
  1642.700,    43.985739,     6.108811,    -0.007457,
  1642.750,    28.668573,     3.760737,    -0.002573,
  1642.800,    16.546625,     1.035424,    -0.000514,
  1642.850,     7.230549,    -1.500944,    -0.002493,
  1642.900,     0.517968,    -3.580921,    -0.002285,
  1642.950,    -3.258532,    -5.075783,    -0.000002,
  1643.000,    -4.012141,    -5.654107,     0.002166,
  1643.050,    -2.867966,    -4.892246,     0.002382,
  1643.100,    -1.584249,    -2.572867,     0.003661,
  1643.150,    -1.220519,     0.931624,    -0.001207,
  1643.200,    -1.670804,     4.734468,     0.000065,
  1643.250,    -2.455717,     7.863014,     0.000607,
  1643.300,    -3.359342,     9.581584,     0.007499,
  1643.350,    -4.215369,     9.571676,     0.000423,
  1643.400,    -4.844309,     7.899424,    -0.002946,
  1643.450,    -4.950866,     4.949290,     0.000412,
  1643.500,    -4.507978,     1.389123,     0.006253,
  1643.550,    -3.637215,    -1.934049,     0.000477,
  1643.600,    -2.288494,    -4.311451,    -0.000955,
  1643.650,    -0.613330,    -5.354010,    -0.002855,
  1643.700,     0.929977,    -5.268690,    -0.000212,
  1643.750,     1.786050,    -4.557273,     0.002288,
  1643.800,     1.671285,    -3.695180,    -0.003579,
  1643.850,     0.739761,    -2.738433,    -0.002305,
  1643.900,    -0.699429,    -1.598857,     0.003686,
  1643.950,    -2.136592,    -0.426964,    -0.001620,
  1644.000,    -3.202334,     0.606600,    -0.001149,
  1644.050,    -3.737267,     1.409146,    -0.005704,
  1644.100,    -3.822890,     2.057791,    -0.002104,
  1644.150,    -3.525467,     2.602047,     0.002259,
  1644.200,    -2.842387,     3.052287,    -0.003121,
  1644.250,    -2.020879,     3.248419,    -0.005568,
  1644.300,    -1.322601,     3.271796,     0.001066,
  1644.350,    -0.829943,     3.133470,     0.000131,
  1644.400,    -0.447747,     2.880073,     0.003837,
  1644.450,    -0.073349,     2.369453,     0.003434,
  1644.500,     0.381613,     1.468208,     0.005253,
  1644.550,     0.969050,     0.140516,     0.002488,
  1644.600,     1.488282,    -1.456805,     0.001432,
  1644.650,     1.686860,    -3.080571,     0.002182,
  1644.700,     1.503364,    -4.479910,     0.007823,
  1644.750,     1.233420,    -5.262017,     0.003157,
  1644.800,     0.842201,    -5.094079,     0.003148,
  1644.850,     0.269041,    -3.856473,     0.002072,
  1644.900,    -0.481843,    -1.698483,     0.002816,
  1644.950,    -1.239554,     0.847717,     0.002230,
  1645.000,    -1.791638,     3.351845,    -0.001784,
  1645.050,    -1.938184,     5.478878,     0.001011,
  1645.100,    -1.667993,     6.879348,     0.002378,
  1645.150,    -1.175554,     7.193092,     0.000191,
  1645.200,    -0.687260,     6.209300,     0.000287,
  1645.250,    -0.147502,     4.192611,    -0.000966,
  1645.300,     0.383244,     1.729110,    -0.004183,
  1645.350,     0.682882,    -0.502945,    -0.004378,
  1645.400,     0.514992,    -2.066343,     0.001357,
  1645.450,    -0.205358,    -2.800311,    -0.002773,
  1645.500,    -1.063265,    -2.672023,    -0.000702,
  1645.550,    -1.537905,    -1.756019,    -0.001722,
  1645.600,    -1.469379,    -0.414681,    -0.004045,
  1645.650,    -1.086837,     0.885057,    -0.004218,
  1645.700,    -0.647771,     1.681047,     0.001491,
  1645.750,    -0.171824,     1.914041,     0.004586,
  1645.800,     0.371633,     1.801556,     0.001229,
  1645.850,     0.803224,     1.604196,     0.001920,
  1645.900,     0.882340,     1.597945,    -0.000466,
  1645.950,     0.527534,     1.796716,     0.003807,
  1646.000,    -0.153673,     2.086455,     0.000120,
  1646.050,    -0.830603,     2.404416,    -0.001315,
  1646.100,    -1.283293,     2.883028,    -0.003874,
  1646.150,    -1.347614,     3.470125,    -0.000985,
  1646.200,    -0.924263,     3.800494,    -0.002813,
  1646.250,    -0.038719,     3.519708,     0.000179,
  1646.300,     1.155419,     2.324408,    -0.001113,
  1646.350,     2.399459,     0.377733,    -0.001916,
  1646.400,     3.377184,    -1.639211,     0.001667,
  1646.450,     3.782700,    -3.273408,     0.005183,
  1646.500,     3.492139,    -4.368732,     0.005835,
  1646.550,     2.440682,    -4.902630,     0.005621,
  1646.600,     1.065474,    -4.539004,     0.008207,
  1646.650,    -0.337991,    -2.895854,     0.004108,
  1646.700,    -1.494035,    -0.051166,    -0.000648,
  1646.750,    -2.368783,     3.371334,     0.003601,
  1646.800,    -2.901007,     6.374152,     0.005319,
  1646.850,    -2.966581,     8.159886,     0.009460,
  1646.900,    -2.264600,     8.407146,     0.006011,
  1646.950,    -0.723673,     7.260378,     0.003119,
  1647.000,     1.247391,     5.100806,     0.004406,
  1647.050,     3.131670,     2.369490,    -0.002514,
  1647.100,     4.453951,    -0.467867,    -0.004223,
  1647.150,     4.870143,    -2.881076,     0.002961,
  1647.200,     4.338483,    -4.160517,     0.004494,
  1647.250,     2.953741,    -4.009448,    -0.003933,
  1647.300,     1.184565,    -2.728079,    -0.009118,
  1647.350,    -0.601742,    -0.931201,    -0.011210,
  1647.400,    -2.036770,     0.907262,    -0.004584,
  1647.450,    -2.913229,     2.466837,    -0.001194,
  1647.500,    -3.186710,     3.419829,    -0.000540,
  1647.550,    -2.985538,     3.613173,    -0.007295,
  1647.600,    -2.609508,     2.940241,    -0.008650,
  1647.650,    -2.222758,     1.733533,    -0.004707,
  1647.700,    -1.784607,     0.600073,     0.004293,
  1647.750,    -1.212916,     0.106117,    -0.000581,
  1647.800,    -0.571558,     0.398465,    -0.009424,
  1647.850,     0.057777,     1.138148,    -0.000911,
  1647.900,     0.611095,     1.833618,     0.002235,
  1647.950,     1.134014,     2.254569,    -0.002551,
  1648.000,     1.531260,     2.366573,     0.001222,
  1648.050,     1.787822,     2.160168,     0.001878,
  1648.100,     1.865547,     1.678289,     0.009002,
  1648.150,     1.748098,     1.088022,     0.013083,
  1648.200,     1.494946,     0.468325,     0.005967,
  1648.250,     1.119666,    -0.085080,     0.002312,
  1648.300,     0.614231,    -0.424321,     0.009623,
  1648.350,    -0.010663,    -0.445310,     0.007906,
  1648.400,    -0.690431,    -0.052121,     0.004685,
  1648.450,    -1.399232,     0.676347,     0.009381,
  1648.500,    -2.112229,     1.592305,     0.004093,
  1648.550,    -2.635621,     2.568017,     0.000786,
  1648.600,    -2.798592,     3.345554,    -0.005127,
  1648.650,    -2.430251,     3.660376,     0.002704,
  1648.700,    -1.552454,     3.156357,    -0.002274,
  1648.750,    -0.361050,     1.812877,    -0.005396,
  1648.800,     0.923915,     0.100915,     0.005139,
  1648.850,     2.144298,    -1.311793,    -0.001797,
  1648.900,     3.141069,    -1.930688,    -0.009190,
  1648.950,     3.746661,    -1.794235,    -0.003161,
  1649.000,     3.667203,    -1.199253,    -0.005078,
  1649.050,     2.919850,    -0.342031,    -0.008324,
  1649.100,     1.742402,     0.771827,    -0.003129,
  1649.150,     0.567329,     1.928787,    -0.003458,
  1649.200,    -0.299480,     2.813558,    -0.000288,
  1649.250,    -0.764510,     3.133130,    -0.005827,
  1649.300,    -0.895251,     2.861016,    -0.003943,
  1649.350,    -0.698332,     2.236333,    -0.004328,
  1649.400,    -0.285983,     1.521251,    -0.001016,
  1649.450,     0.222113,     0.906289,    -0.004090,
  1649.500,     0.571669,     0.542241,    -0.002099,
  1649.550,     0.699303,     0.529363,     0.000497,
  1649.600,     0.631820,     0.919639,     0.004958,
  1649.650,     0.495613,     1.593277,     0.005071,
  1649.700,     0.438935,     2.286626,     0.003737,
  1649.750,     0.516796,     2.769640,     0.008242,
  1649.800,     0.658921,     2.829136,     0.004855,
  1649.850,     0.749941,     2.390700,     0.003382,
  1649.900,     0.867087,     1.623867,     0.009026,
  1649.950,     1.103605,     0.734181,     0.006708,
  1650.000,     1.442102,     0.053056,     0.003471,
  1650.050,     1.628504,    -0.300182,     0.003623,
  1650.100,     1.373997,    -0.330311,     0.007246,
  1650.150,     0.578576,     0.160527,     0.006017,
  1650.200,    -0.497888,     1.115636,     0.001273,
  1650.250,    -1.437993,     2.248310,     0.002773,
  1650.300,    -2.051567,     3.317872,     0.001292,
  1650.350,    -2.371483,     4.218050,    -0.001692,
  1650.400,    -2.439655,     4.802698,     0.005307,
  1650.450,    -2.011082,     4.799560,     0.004803,
  1650.500,    -0.920657,     3.937437,    -0.000152,
  1650.550,     0.717819,     2.234988,     0.000573,
  1650.600,     2.434284,     0.093360,    -0.001676,
  1650.650,     3.779477,    -1.962899,    -0.001811,
  1650.700,     4.418240,    -3.475688,    -0.004243,
  1650.750,     4.360191,    -4.036231,    -0.002718,
  1650.800,     3.729106,    -3.473809,    -0.001722,
  1650.850,     2.666416,    -1.886582,     0.000573,
  1650.900,     1.394446,     0.126319,     0.002642,
  1650.950,     0.108221,     1.818449,    -0.000206,
  1651.000,    -0.911535,     2.693813,    -0.000564,
  1651.050,    -1.363996,     2.733047,    -0.000540,
  1651.100,    -1.168343,     2.152289,    -0.000374,
  1651.150,    -0.609950,     1.258361,    -0.002078,
  1651.200,     0.037854,     0.158188,    -0.003778,
  1651.250,     0.650901,    -0.942973,    -0.000400,
  1651.300,     1.175406,    -1.804075,    -0.003244,
  1651.350,     1.481417,    -2.231281,    -0.002306,
  1651.400,     1.421805,    -2.134919,     0.002266,
  1651.450,     0.941508,    -1.592647,    -0.000403,
  1651.500,     0.333042,    -0.586536,    -0.001829,
  1651.550,    -0.104736,     0.569924,     0.000145,
  1651.600,    -0.110790,     1.485851,     0.003713,
  1651.650,     0.317365,     1.863712,     0.003762,
  1651.700,     0.837232,     1.731539,     0.008898,
  1651.750,     1.246425,     1.275343,     0.009751,
  1651.800,     1.486204,     0.735871,     0.001301,
  1651.850,     1.554344,     0.323951,     0.003112,
  1651.900,     1.483311,     0.344839,    -0.000545,
  1651.950,     1.312931,     0.881324,     0.000746,
  1652.000,     1.110271,     1.640736,     0.001554,
  1652.050,     0.968684,     2.277143,    -0.003361,
  1652.100,     0.914626,     2.580827,     0.000372,
  1652.150,     1.006481,     2.568938,     0.001438,
  1652.200,     1.291042,     2.170394,     0.003282,
  1652.250,     1.780303,     1.352140,     0.003206,
  1652.300,     2.317936,     0.204674,    -0.000260,
  1652.350,     2.844393,    -0.882404,    -0.000053,
  1652.400,     3.368040,    -1.414204,    -0.003061,
  1652.450,     3.849301,    -1.075575,    -0.007399,
  1652.500,     4.114750,     0.051595,    -0.004210,
  1652.550,     4.026561,     1.459865,    -0.002218,
  1652.600,     3.630385,     2.605237,    -0.006547,
  1652.650,     3.200088,     3.283422,     0.000997,
  1652.700,     3.034061,     3.466495,    -0.000921,
  1652.750,     3.152491,     3.142623,    -0.001402,
  1652.800,     3.278021,     2.283277,     0.003811,
  1652.850,     3.022954,     0.979266,     0.001228,
  1652.900,     2.125353,    -0.404800,     0.001483,
  1652.950,     0.393890,    -1.550247,     0.001362,
  1653.000,    -2.537892,    -2.182721,     0.002803,
  1653.050,    -6.800469,    -2.153554,     0.003139,
  1653.100,   -12.345684,    -1.634214,     0.001160,
  1653.150,   -18.468113,    -0.797085,     0.002213,
  1653.200,   -24.054119,     0.248118,     0.003899,
  1653.250,   -27.779221,     1.459119,     0.006281,
  1653.300,   -28.376319,     2.663853,    -0.000410,
  1653.350,   -25.038277,     3.522087,     0.004926,
  1653.400,   -17.838180,     3.822955,    -0.000043,
  1653.450,    -7.885128,     3.637938,     0.000953,
  1653.500,     3.073121,     3.161850,     0.001342,
  1653.550,    12.983747,     2.520111,     0.000634,
  1653.600,    20.345024,     1.814874,     0.004318,
  1653.650,    24.458972,     1.234400,     0.001384,
  1653.700,    25.288591,     0.964248,     0.001126,
  1653.750,    23.350514,     1.153447,    -0.001996,
  1653.800,    19.422949,     1.694563,     0.005315,
  1653.850,    14.527092,     2.303654,     0.002618,
  1653.900,     9.650036,     2.495366,     0.005410,
  1653.950,     5.617140,     2.154924,     0.003569,
  1654.000,     2.821766,     1.370564,     0.000278,
  1654.050,     1.128799,     0.382061,    -0.002653,
  1654.100,     0.213976,    -0.531363,     0.005728,
  1654.150,    -0.072154,    -1.062805,     0.001623,
  1654.200,     0.234929,    -1.035515,    -0.002192,
  1654.250,     0.856774,    -0.385731,    -0.000335,
  1654.300,     1.277283,     0.691815,     0.002707,
  1654.350,     1.011336,     1.933382,    -0.001896,
  1654.400,     0.037895,     3.167818,     0.000184,
  1654.450,    -1.274615,     4.040509,     0.001359,
  1654.500,    -2.461960,     4.375167,     0.004416,
  1654.550,    -3.260913,     4.107046,     0.001423,
  1654.600,    -3.521105,     3.441271,     0.002127,
  1654.650,    -3.018083,     2.591825,     0.003195,
  1654.700,    -1.927363,     1.536290,     0.002105,
  1654.750,    -0.613346,     0.339489,    -0.003720,
  1654.800,     0.451350,    -0.839023,     0.002371,
  1654.850,     1.128074,    -1.675263,    -0.002407,
  1654.900,     1.378015,    -1.996982,     0.001584,
  1654.950,     1.264072,    -1.820432,     0.007160,
  1655.000,     0.793890,    -1.270407,     0.003104,
  1655.050,     0.016127,    -0.493290,    -0.003643,
  1655.100,    -0.871258,     0.607018,    -0.001054,
  1655.150,    -1.667004,     1.841395,     0.000794,
  1655.200,    -2.083429,     2.976855,     0.001807,
  1655.250,    -2.094429,     3.762788,     0.005041,
  1655.300,    -1.741269,     4.141734,     0.003596,
  1655.350,    -1.033916,     4.145293,     0.004255,
  1655.400,    -0.254960,     3.864822,     0.000895,
  1655.450,     0.328228,     3.244388,     0.000985,
  1655.500,     0.582585,     2.195073,    -0.006187,
  1655.550,     0.551716,     0.900733,     0.002145,
  1655.600,     0.339917,    -0.429988,    -0.001853,
  1655.650,     0.093256,    -1.408666,     0.001562,
  1655.700,    -0.009229,    -1.807847,     0.002509,
  1655.750,     0.214381,    -1.769096,    -0.000606,
  1655.800,     0.687630,    -1.473016,    -0.000214,
  1655.850,     1.147473,    -1.085380,     0.001682,
  1655.900,     1.406416,    -0.577102,     0.005453,
  1655.950,     1.412479,     0.080463,     0.005494,
  1656.000,     1.243403,     0.942668,     0.003659,
  1656.050,     0.847643,     1.876642,     0.004632,
  1656.100,     0.204910,     2.847501,     0.001836,
  1656.150,    -0.600391,     3.721898,     0.001236,
  1656.200,    -1.270212,     4.248206,     0.004473,
  1656.250,    -1.470504,     4.202214,     0.004081,
  1656.300,    -1.075211,     3.353246,    -0.002931,
  1656.350,    -0.234968,     1.916903,    -0.005383,
  1656.400,     0.641510,     0.319465,     0.002629,
  1656.450,     1.289933,    -1.015867,    -0.000008,
  1656.500,     1.669240,    -1.926385,    -0.003226,
  1656.550,     1.766758,    -2.433142,     0.005276,
  1656.600,     1.507447,    -2.618615,    -0.000185,
  1656.650,     0.852810,    -2.587156,    -0.003611,
  1656.700,    -0.074805,    -2.401076,    -0.000464,
  1656.750,    -0.987972,    -2.161640,    -0.002501,
  1656.800,    -1.554629,    -1.677688,     0.002740,
  1656.850,    -1.659502,    -0.860168,    -0.000974,
  1656.900,    -1.389397,     0.249309,    -0.001426,
  1656.950,    -0.903341,     1.487038,     0.002215,
  1657.000,    -0.305742,     2.530050,     0.004857,
  1657.050,     0.401491,     3.091155,     0.001923,
  1657.100,     1.106319,     3.094993,     0.002875,
  1657.150,     1.631260,     2.552871,     0.001830,
  1657.200,     1.816471,     1.766720,     0.001874,
  1657.250,     1.639221,     0.884781,     0.000687,
  1657.300,     1.329267,     0.133546,     0.002374,
  1657.350,     0.956172,    -0.366438,     0.001931,
  1657.400,     0.656660,    -0.600281,    -0.000507,
  1657.450,     0.490142,    -0.555912,    -0.001018,
  1657.500,     0.486246,    -0.281646,    -0.001138,
  1657.550,     0.710667,     0.095342,     0.002849,
  1657.600,     1.170903,     0.421960,     0.004781,
  1657.650,     1.689622,     0.527875,     0.001155,
  1657.700,     1.952623,     0.364514,     0.003127,
  1657.750,     1.791399,     0.217246,     0.000356,
  1657.800,     1.156109,     0.330583,     0.000063,
  1657.850,     0.304624,     0.759865,    -0.005979,
  1657.900,    -0.525391,     1.271932,    -0.006019,
  1657.950,    -1.170915,     1.754661,    -0.001163,
  1658.000,    -1.474876,     2.053071,     0.000091,
  1658.050,    -1.341240,     2.051475,    -0.000016,
  1658.100,    -0.794096,     1.749968,     0.000750,
  1658.150,     0.148047,     1.257728,    -0.001156,
  1658.200,     1.293111,     0.738166,    -0.000022,
  1658.250,     2.394405,     0.284834,    -0.001253,
  1658.300,     3.124966,    -0.112484,    -0.000142,
  1658.350,     3.347820,    -0.434638,     0.003777,
  1658.400,     3.012688,    -0.599247,     0.000789,
  1658.450,     2.263988,    -0.513607,    -0.005472,
  1658.500,     1.345270,    -0.238587,    -0.002197,
  1658.550,     0.293457,     0.133237,    -0.002303,
  1658.600,    -0.754003,     0.732043,    -0.000878,
  1658.650,    -1.585814,     1.685146,     0.006972,
  1658.700,    -2.014960,     3.120261,    -0.001406,
  1658.750,    -2.017024,     4.878546,    -0.000734,
  1658.800,    -1.669686,     6.469332,     0.000820,
  1658.850,    -1.212042,     7.482532,     0.002359,
  1658.900,    -0.605417,     7.620730,     0.002997,
  1658.950,     0.118896,     6.938656,     0.000510,
  1659.000,     0.918033,     5.741972,     0.000533,
  1659.050,     1.575383,     4.359323,     0.001396,
  1659.100,     2.005343,     2.981788,     0.000550,
  1659.150,     2.185912,     1.775527,     0.000915,
  1659.200,     2.200403,     0.980509,     0.003376,
  1659.250,     2.033725,     0.699717,    -0.002563,
  1659.300,     1.667867,     0.885243,    -0.004332,
  1659.350,     1.061402,     1.351445,     0.000032,
  1659.400,     0.277342,     1.931611,     0.000152,
  1659.450,    -0.460760,     2.507167,    -0.005064,
  1659.500,    -0.948250,     3.134061,    -0.005571,
  1659.550,    -1.164851,     3.689834,    -0.005883,
  1659.600,    -1.183260,     3.875714,     0.005554,
  1659.650,    -1.154367,     3.622396,     0.006546,
  1659.700,    -1.086164,     3.076737,     0.003677,
  1659.750,    -0.938122,     2.395314,     0.004318,
  1659.800,    -0.653399,     1.571273,     0.002026,
  1659.850,    -0.143386,     0.503013,     0.005743,
  1659.900,     0.528632,    -0.738879,     0.002765,
  1659.950,     1.272414,    -1.913048,    -0.003475,
  1660.000,     1.994062,    -2.798245,     0.003718,
  1660.050,     2.473172,    -3.224781,     0.004191,
  1660.100,     2.520221,    -3.221053,     0.001163,
  1660.150,     2.116773,    -2.804620,     0.001144,
  1660.200,     1.292044,    -2.148245,     0.002853,
  1660.250,     0.341221,    -1.410656,     0.000228,
  1660.300,    -0.546277,    -0.797256,    -0.002869,
  1660.350,    -1.222336,    -0.388298,    -0.002519,
  1660.400,    -1.654904,    -0.171309,     0.000781,
  1660.450,    -1.827210,    -0.143347,    -0.001341,
  1660.500,    -1.810962,    -0.234229,     0.003074,
  1660.550,    -1.632971,    -0.228577,    -0.003230,
  1660.600,    -1.351166,     0.068801,    -0.001752,
  1660.650,    -0.925435,     0.701912,     0.001301,
  1660.700,    -0.310429,     1.453997,    -0.002690,
  1660.750,     0.364400,     1.984452,    -0.004787,
  1660.800,     1.005152,     2.009002,    -0.000520,
  1660.850,     1.422305,     1.682645,     0.000381,
  1660.900,     1.535075,     1.189318,     0.001186,
  1660.950,     1.399781,     0.793602,    -0.000717,
  1661.000,     1.038658,     0.557561,     0.005040,
  1661.050,     0.591826,     0.544060,    -0.001838,
  1661.100,     0.195020,     0.916237,     0.001392,
  1661.150,    -0.115936,     1.670847,     0.005731,
  1661.200,    -0.222063,     2.608497,     0.001974,
  1661.250,    -0.236503,     3.331257,    -0.002382,
  1661.300,    -0.152778,     3.644647,     0.001958,
  1661.350,    -0.123353,     3.527449,     0.002271,
  1661.400,    -0.118537,     3.179844,    -0.000146,
  1661.450,    -0.238720,     2.787319,    -0.001396,
  1661.500,    -0.418794,     2.367567,     0.005259,
  1661.550,    -0.600633,     1.812792,    -0.002279,
  1661.600,    -0.667410,     1.181724,     0.003081,
  1661.650,    -0.475138,     0.711117,     0.001199,
  1661.700,    -0.005183,     0.530947,    -0.004738,
  1661.750,     0.654803,     0.488361,     0.001550,
  1661.800,     1.326588,     0.321276,     0.002932,
  1661.850,     1.801013,    -0.099044,     0.000127,
  1661.900,     1.968878,    -0.638216,    -0.002166,
  1661.950,     1.741953,    -1.168492,    -0.003247,
  1662.000,     1.333615,    -1.642323,    -0.003900,
  1662.050,     0.825040,    -2.128541,    -0.001555,
  1662.100,     0.318834,    -2.609287,    -0.000117,
  1662.150,    -0.184268,    -2.854005,     0.006820,
  1662.200,    -0.579246,    -2.758244,     0.002451,
  1662.250,    -0.736140,    -2.142191,    -0.001070,
  1662.300,    -0.603803,    -1.104436,     0.001353,
  1662.350,    -0.277271,     0.149055,    -0.002232,
  1662.400,     0.185241,     1.298726,    -0.005205,
  1662.450,     0.746629,     2.152069,    -0.001867,
  1662.500,     1.477919,     2.652522,    -0.001025,
  1662.550,     2.388074,     2.712479,     0.005281,
  1662.600,     3.331861,     2.335582,    -0.001152,
  1662.650,     3.990827,     1.505367,     0.004765,
  1662.700,     4.166648,     0.331977,     0.003760,
  1662.750,     3.860590,    -0.850503,     0.002796,
  1662.800,     3.279609,    -1.663087,     0.008684,
  1662.850,     2.624985,    -1.851653,     0.002476,
  1662.900,     2.024801,    -1.462013,     0.000378,
  1662.950,     1.477335,    -0.657694,     0.007947,
  1663.000,     1.023446,     0.470056,     0.000754,
  1663.050,     0.736581,     1.611680,    -0.000665,
  1663.100,     0.711880,     2.417804,     0.002690,
  1663.150,     0.868440,     2.618604,     0.005198,
  1663.200,     1.089258,     2.236875,     0.001193,
  1663.250,     1.302698,     1.566728,     0.011074,
  1663.300,     1.569960,     0.909070,     0.004726,
  1663.350,     1.893572,     0.335290,    -0.000471,
  1663.400,     2.149582,    -0.128584,     0.002552,
  1663.450,     2.214368,    -0.489109,     0.001339,
  1663.500,     2.092907,    -0.683536,    -0.003467,
  1663.550,     1.826008,    -0.652590,    -0.007078,
  1663.600,     1.538865,    -0.385626,    -0.003573,
  1663.650,     1.160696,    -0.017839,    -0.001817,
  1663.700,     0.610173,     0.444444,    -0.000453,
  1663.750,    -0.059288,     0.892524,    -0.009171,
  1663.800,    -0.732940,     1.193859,    -0.003344,
  1663.850,    -1.236852,     1.264822,    -0.001777,
  1663.900,    -1.451181,     1.118718,    -0.005500,
  1663.950,    -1.335219,     0.847465,    -0.008744,
  1664.000,    -1.010759,     0.643507,     0.001454,
  1664.050,    -0.646957,     0.751317,     0.002796,
  1664.100,    -0.436662,     1.032894,    -0.002144,
  1664.150,    -0.510869,     1.532328,     0.002563,
  1664.200,    -0.931059,     2.102100,    -0.000523,
  1664.250,    -1.750579,     2.741598,    -0.000723,
  1664.300,    -2.961005,     3.404021,     0.006762,
  1664.350,    -4.425372,     3.894127,     0.008500,
  1664.400,    -5.717522,     4.234944,     0.002699,
  1664.450,    -6.480822,     4.445565,     0.000053,
  1664.500,    -6.347733,     4.695064,     0.002923,
  1664.550,    -5.347985,     4.922722,     0.005844,
  1664.600,    -3.581243,     5.032285,     0.004024,
  1664.650,    -1.300227,     5.117767,     0.000342,
  1664.700,     1.155400,     5.328032,     0.001811,
  1664.750,     3.437607,     5.959065,     0.001083,
  1664.800,     5.235825,     6.803674,     0.006610,
  1664.850,     6.281865,     7.490072,    -0.000229,
  1664.900,     6.607412,     7.701104,    -0.000300,
  1664.950,     6.414203,     7.466733,     0.002218,
  1665.000,     5.843332,     7.052562,     0.000012,
  1665.050,     5.043734,     6.525639,    -0.001756,
  1665.100,     4.046907,     5.904659,     0.001662,
  1665.150,     2.949241,     5.249139,    -0.001272,
  1665.200,     2.015812,     4.756499,    -0.003074,
  1665.250,     1.306159,     4.576828,     0.000725,
  1665.300,     0.909940,     4.564673,    -0.006946,
  1665.350,     0.627107,     4.464241,    -0.005944,
  1665.400,     0.376966,     4.136214,    -0.002838,
  1665.450,     0.225251,     3.484737,    -0.003352,
  1665.500,     0.172555,     2.536612,     0.000307,
  1665.550,     0.149596,     1.379757,    -0.002424,
  1665.600,    -0.025635,     0.066283,     0.001403,
  1665.650,    -0.425247,    -1.190168,    -0.000443,
  1665.700,    -1.018669,    -2.290469,    -0.001721,
  1665.750,    -1.547354,    -3.057807,    -0.002616,
  1665.800,    -1.899647,    -3.343942,     0.000681,
  1665.850,    -2.055397,    -3.233995,     0.001882,
  1665.900,    -2.046701,    -2.801798,     0.002084,
  1665.950,    -1.923643,    -2.240085,     0.005250,
  1666.000,    -1.695483,    -1.840208,     0.001398,
  1666.050,    -1.342636,    -1.816641,     0.001621,
  1666.100,    -0.810574,    -2.159055,    -0.002202,
  1666.150,    -0.219940,    -2.810039,     0.007984,
  1666.200,     0.330498,    -3.625061,     0.003647,
  1666.250,     0.704730,    -4.496968,     0.009004,
  1666.300,     0.825496,    -5.200080,     0.008298,
  1666.350,     0.803924,    -5.598534,     0.004469,
  1666.400,     0.608089,    -5.491304,     0.005010,
  1666.450,     0.275379,    -4.919563,     0.002326,
  1666.500,    -0.130980,    -4.049773,     0.004165,
  1666.550,    -0.639422,    -3.068452,     0.000439,
  1666.600,    -1.018449,    -2.156278,     0.001990,
  1666.650,    -1.147893,    -1.446474,    -0.005026,
  1666.700,    -1.020518,    -1.194588,     0.001899,
  1666.750,    -0.663037,    -1.559614,     0.000129,
  1666.800,    -0.179555,    -2.610727,    -0.005073,
  1666.850,     0.360344,    -4.017934,    -0.004328,
  1666.900,     0.855329,    -5.278189,    -0.004698,
  1666.950,     1.221835,    -5.879807,     0.000925,
  1667.000,     1.246993,    -5.673035,    -0.003053,
  1667.050,     1.059664,    -4.734952,    -0.001011,
  1667.100,     0.719856,    -3.323569,    -0.003687,
  1667.150,     0.419071,    -1.801270,    -0.003049,
  1667.200,     0.111741,    -0.609589,    -0.001838,
  1667.250,    -0.200922,     0.036913,     0.001479,
  1667.300,    -0.489082,     0.033841,     0.000884,
  1667.350,    -0.722321,    -0.348014,     0.003039,
  1667.400,    -0.801148,    -0.789643,     0.004086,
  1667.450,    -0.699229,    -0.890134,     0.004227,
  1667.500,    -0.385053,    -0.600818,     0.008591,
  1667.550,     0.042339,    -0.031359,     0.008075,
  1667.600,     0.530891,     0.591116,     0.004241,
  1667.650,     0.863104,     1.222721,     0.006753,
  1667.700,     0.942987,     1.755580,     0.007973,
  1667.750,     0.843502,     2.199291,    -0.000739,
  1667.800,     0.661537,     2.543486,     0.002561,
  1667.850,     0.439183,     2.887557,     0.006842,
  1667.900,     0.292814,     3.308350,     0.001718,
  1667.950,     0.293392,     3.920214,     0.000588,
  1668.000,     0.414850,     4.728247,    -0.001261,
  1668.050,     0.682268,     5.719417,    -0.004148,
  1668.100,     1.068827,     6.709065,    -0.004364,
  1668.150,     1.499364,     7.467423,    -0.005808,
  1668.200,     1.922905,     7.970446,    -0.001897,
  1668.250,     2.267706,     8.313012,    -0.005260,
  1668.300,     2.587793,     8.562235,    -0.001083,
  1668.350,     2.922851,     8.631434,    -0.000336,
  1668.400,     3.162085,     8.193162,    -0.002600,
  1668.450,     3.249727,     7.142518,    -0.000471,
  1668.500,     3.244669,     5.719724,    -0.001464,
  1668.550,     3.393771,     4.280513,    -0.000309,
  1668.600,     3.743251,     3.139489,     0.000929,
  1668.650,     4.179474,     2.404705,    -0.004428,
  1668.700,     4.488104,     2.141270,     0.000314,
  1668.750,     4.513141,     2.421571,     0.003408,
  1668.800,     4.349916,     3.134096,    -0.001530,
  1668.850,     4.158035,     4.018293,     0.002812,
  1668.900,     3.877959,     4.675298,     0.003527,
  1668.950,     3.489332,     4.926007,     0.000529,
  1669.000,     2.974813,     4.776860,    -0.000675,
  1669.050,     2.510781,     4.290919,    -0.001926,
  1669.100,     2.200805,     3.477075,     0.005563,
  1669.150,     1.982125,     2.435359,     0.003511,
  1669.200,     1.727073,     1.399322,     0.009186,
  1669.250,     1.433312,     0.704683,     0.004519,
  1669.300,     1.085268,     0.384288,     0.001956,
  1669.350,     0.707649,     0.402077,     0.001278,
  1669.400,     0.286757,     0.480567,    -0.001706,
  1669.450,    -0.172578,     0.503144,    -0.005922,
  1669.500,    -0.666375,     0.467499,    -0.006630,
  1669.550,    -1.120039,     0.427364,    -0.005989,
  1669.600,    -1.500997,     0.342480,     0.000837,
  1669.650,    -1.794616,     0.136505,    -0.003025,
  1669.700,    -1.891350,    -0.118072,    -0.003825,
  1669.750,    -1.879625,    -0.314044,    -0.001821,
  1669.800,    -1.861448,    -0.345427,    -0.005813,
  1669.850,    -1.905905,    -0.283695,    -0.007110,
  1669.900,    -2.109966,    -0.104249,     0.002377,
  1669.950,    -2.423294,     0.193024,     0.004653,
  1670.000,    -2.752135,     0.620873,     0.005941,
  1670.050,    -3.088124,     1.022045,     0.002310,
  1670.100,    -3.427727,     1.255514,     0.000249,
  1670.150,    -3.592678,     1.085880,    -0.001213,
  1670.200,    -3.512413,     0.484390,     0.001719,
  1670.250,    -3.181422,    -0.519557,     0.001243,
  1670.300,    -2.648394,    -1.744034,     0.002281,
  1670.350,    -2.120247,    -3.052837,     0.008198,
  1670.400,    -1.591955,    -4.192625,     0.007355,
  1670.450,    -1.167859,    -4.871893,     0.007040,
  1670.500,    -0.958862,    -4.825682,     0.007727,
  1670.550,    -1.042062,    -4.000582,     0.007181,
  1670.600,    -1.551539,    -2.658568,     0.006092,
  1670.650,    -2.380563,    -1.071755,     0.004970,
  1670.700,    -3.280585,     0.485978,     0.001580,
  1670.750,    -3.884485,     1.894552,     0.001760,
  1670.800,    -4.045439,     2.933516,     0.000263,
  1670.850,    -3.693503,     3.411537,    -0.003799,
  1670.900,    -2.992241,     3.192661,    -0.001785,
  1670.950,    -2.118278,     2.448630,    -0.000642,
  1671.000,    -1.252530,     1.430026,    -0.002136,
  1671.050,    -0.527319,     0.408478,    -0.000553,
  1671.100,    -0.146260,    -0.451436,    -0.005440,
  1671.150,    -0.041625,    -0.960817,    -0.008779,
  1671.200,    -0.073477,    -1.060193,    -0.004836,
  1671.250,    -0.064331,    -0.663694,    -0.003895,
  1671.300,     0.061803,     0.062822,     0.001148,
  1671.350,     0.263896,     0.883004,    -0.006640,
  1671.400,     0.454604,     1.683465,    -0.002021,
  1671.450,     0.620803,     2.433776,    -0.000218,
  1671.500,     0.750886,     3.137004,    -0.006332,
  1671.550,     0.915319,     3.789860,    -0.005286,
  1671.600,     1.102472,     4.497620,     0.006105,
  1671.650,     1.311803,     5.222535,     0.002724,
  1671.700,     1.588772,     5.901816,     0.000651,
  1671.750,     1.949774,     6.195639,     0.002154,
  1671.800,     2.429005,     5.981187,     0.004282,
  1671.850,     3.028497,     5.335014,     0.005138,
  1671.900,     3.724071,     4.410735,     0.007029,
  1671.950,     4.398193,     3.321650,     0.009669,
  1672.000,     4.873032,     2.132569,     0.002186,
  1672.050,     5.194551,     0.935982,    -0.002162,
  1672.100,     5.408104,    -0.097018,     0.009344,
  1672.150,     5.527876,    -0.778452,     0.004440,
  1672.200,     5.451017,    -1.038260,    -0.003195,
  1672.250,     5.023488,    -0.783239,    -0.002564,
  1672.300,     4.274425,     0.004783,     0.001182,
  1672.350,     3.387084,     1.387401,    -0.003246,
  1672.400,     2.645456,     3.077046,    -0.004716,
  1672.450,     2.131256,     4.595813,    -0.006081,
  1672.500,     1.898632,     5.531017,    -0.006370,
  1672.550,     1.876483,     5.600975,    -0.004657,
  1672.600,     2.127038,     4.902975,    -0.004907,
  1672.650,     2.565002,     3.582044,    -0.003294,
  1672.700,     2.927348,     1.961807,    -0.001096,
  1672.750,     3.111578,     0.388899,    -0.005937,
  1672.800,     3.074904,    -0.792903,    -0.006496,
  1672.850,     2.893506,    -1.559035,    -0.007069,
  1672.900,     2.598401,    -1.835454,    -0.000452,
  1672.950,     2.174752,    -1.664866,     0.003806,
  1673.000,     1.675852,    -1.176190,    -0.001454,
  1673.050,     1.184109,    -0.496011,     0.006574,
  1673.100,     0.875572,     0.210725,     0.001654,
  1673.150,     0.702436,     0.794993,     0.005778,
  1673.200,     0.605004,     1.214705,     0.004013,
  1673.250,     0.449560,     1.474065,     0.004683,
  1673.300,     0.255436,     1.639771,     0.004932,
  1673.350,     0.050571,     1.766697,     0.007292,
  1673.400,    -0.163625,     1.904042,     0.009222,
  1673.450,    -0.371502,     2.052326,     0.004428,
  1673.500,    -0.582608,     2.186667,     0.003036,
  1673.550,    -0.749210,     2.189667,     0.004229,
  1673.600,    -0.809383,     2.027777,     0.005656,
  1673.650,    -0.824537,     1.665004,     0.008277,
  1673.700,    -0.761109,     1.127236,     0.001171,
  1673.750,    -0.588889,     0.401514,     0.000462,
  1673.800,    -0.339300,    -0.456556,     0.000952,
  1673.850,    -0.095815,    -1.329903,    -0.000858,
  1673.900,     0.000165,    -2.109243,    -0.001432,
  1673.950,    -0.185723,    -2.672158,    -0.001820,
  1674.000,    -0.656215,    -2.853025,     0.000208,
  1674.050,    -1.411235,    -2.533091,    -0.002219,
  1674.100,    -2.335552,    -1.651755,    -0.002685,
  1674.150,    -3.338247,    -0.453523,    -0.001704,
  1674.200,    -4.269438,     0.815121,    -0.011854,
  1674.250,    -5.020016,     1.977493,    -0.005649,
  1674.300,    -5.333665,     2.902698,    -0.003300,
  1674.350,    -5.206160,     3.339133,    -0.000132,
  1674.400,    -4.623125,     3.147577,     0.000543,
  1674.450,    -3.766380,     2.474950,     0.002655,
  1674.500,    -2.833241,     1.639727,     0.003873,
  1674.550,    -1.910111,     0.968594,     0.001905,
  1674.600,    -1.081821,     0.576112,     0.002871,
  1674.650,    -0.522655,     0.331323,    -0.001379,
  1674.700,    -0.319836,     0.255601,     0.000621,
  1674.750,    -0.486133,     0.251998,     0.005778,
  1674.800,    -0.875465,     0.431632,     0.007520,
  1674.850,    -1.369765,     0.652575,     0.002339,
  1674.900,    -1.817005,     0.917843,     0.005157,
  1674.950,    -2.156811,     1.179706,     0.007014,
  1675.000,    -2.331366,     1.596654,     0.001541,
  1675.050,    -2.260291,     2.116539,     0.002038,
  1675.100,    -1.899640,     2.621316,     0.005887,
  1675.150,    -1.348442,     2.884645,     0.003794,
  1675.200,    -0.784413,     2.842668,     0.001559,
  1675.250,    -0.262761,     2.499815,    -0.001534,
  1675.300,     0.166831,     1.903486,    -0.003094,
  1675.350,     0.479238,     1.192339,    -0.003195,
  1675.400,     0.692780,     0.383384,    -0.006000,
  1675.450,     0.885194,    -0.486416,    -0.004799,
  1675.500,     1.147935,    -1.358856,    -0.010951,
  1675.550,     1.281942,    -2.050295,    -0.006281,
  1675.600,     1.266797,    -2.544545,    -0.005266,
  1675.650,     1.191179,    -2.818688,    -0.004445,
  1675.700,     1.222212,    -2.911071,    -0.003197,
  1675.750,     1.470148,    -2.789953,    -0.005073,
  1675.800,     1.922127,    -2.338151,    -0.001753,
  1675.850,     2.543806,    -1.632665,    -0.002616,
  1675.900,     3.281004,    -0.815731,    -0.002015,
  1675.950,     4.057604,    -0.039722,    -0.002819,
  1676.000,     4.870681,     0.452451,     0.007029,
  1676.050,     5.677605,     0.631833,     0.005246,
  1676.100,     6.448138,     0.429057,     0.001876,
  1676.150,     7.240473,     0.003875,     0.000497,
  1676.200,     8.087285,    -0.524078,     0.012558,
  1676.250,     8.787393,    -0.917231,     0.007394,
  1676.300,     9.107778,    -1.026849,    -0.000014,
  1676.350,     8.846132,    -0.739511,     0.003380,
  1676.400,     8.014086,     0.061564,     0.009478,
  1676.450,     6.739770,     1.136488,     0.009577,
  1676.500,     5.208354,     2.296843,     0.006748,
  1676.550,     3.568727,     3.266982,     0.007760,
  1676.600,     2.041443,     3.877250,    -0.000359,
  1676.650,     0.733913,     4.110587,     0.001897,
  1676.700,    -0.247359,     4.057056,     0.001353,
  1676.750,    -0.903474,     3.970703,    -0.005878,
  1676.800,    -1.308841,     3.885809,    -0.002051,
  1676.850,    -1.489668,     3.751709,    -0.007999,
  1676.900,    -1.543645,     3.606453,    -0.005413,
  1676.950,    -1.568867,     3.419206,    -0.005760,
  1677.000,    -1.505488,     3.220927,    -0.006645,
  1677.050,    -1.410353,     2.897958,    -0.004866,
  1677.100,    -1.258905,     2.428987,    -0.006604,
  1677.150,    -1.044138,     1.723588,    -0.011128,
  1677.200,    -0.786088,     0.860726,    -0.005836,
  1677.250,    -0.477010,    -0.001927,    -0.007132,
  1677.300,    -0.102071,    -0.804428,    -0.003705,
  1677.350,     0.271803,    -1.520904,    -0.002412,
  1677.400,     0.577600,    -2.226664,    -0.004794,
  1677.450,     0.725680,    -2.926704,    -0.002805,
  1677.500,     0.699963,    -3.610735,    -0.002618,
  1677.550,     0.480650,    -4.025894,     0.008598,
  1677.600,     0.096328,    -4.085726,     0.008581,
  1677.650,    -0.395036,    -3.749417,     0.005561,
  1677.700,    -0.943198,    -3.089105,     0.009145,
  1677.750,    -1.435327,    -2.255187,     0.005290,
  1677.800,    -1.833280,    -1.326156,     0.005374,
  1677.850,    -1.927068,    -0.414525,     0.004621,
  1677.900,    -1.674557,     0.452047,     0.004016,
  1677.950,    -1.115385,     1.215503,     0.006284,
  1678.000,    -0.400069,     1.867822,     0.010283,
  1678.050,     0.292232,     2.447132,     0.007274,
  1678.100,     0.914568,     2.946269,     0.004265,
  1678.150,     1.320007,     3.329762,     0.004209,
  1678.200,     1.392009,     3.461490,    -0.000264,
  1678.250,     1.057453,     3.286942,     0.002046,
  1678.300,     0.443780,     2.820437,    -0.002946,
  1678.350,    -0.146466,     2.110837,    -0.004454,
  1678.400,    -0.593685,     1.350681,    -0.001377,
  1678.450,    -0.861395,     0.545600,    -0.001548,
  1678.500,    -1.027329,    -0.254601,    -0.006856,
  1678.550,    -1.120709,    -0.950069,    -0.003812,
  1678.600,    -1.108543,    -1.446930,    -0.007123,
  1678.650,    -0.989950,    -1.623106,    -0.008678,
  1678.700,    -0.766372,    -1.444168,    -0.002309,
  1678.750,    -0.541405,    -1.059323,    -0.012141,
  1678.800,    -0.296746,    -0.542013,    -0.000702,
  1678.850,     0.020737,    -0.018378,    -0.000990,
  1678.900,     0.342397,     0.425745,    -0.003544,
  1678.950,     0.561344,     0.790540,    -0.001072,
  1679.000,     0.577412,     0.984693,    -0.000538,
  1679.050,     0.454032,     1.013227,     0.006355,
  1679.100,     0.197086,     0.944345,     0.008455,
  1679.150,    -0.075895,     0.879909,     0.006880,
  1679.200,    -0.358778,     0.987428,     0.009517,
  1679.250,    -0.651872,     1.153498,     0.002724,
  1679.300,    -0.892255,     1.336168,     0.004991,
  1679.350,    -1.107433,     1.444655,    -0.000179,
  1679.400,    -1.207572,     1.384619,     0.001831,
  1679.450,    -1.257437,     1.276190,     0.008245,
  1679.500,    -1.216430,     1.151998,     0.004689,
  1679.550,    -1.114647,     1.036389,     0.000710,
  1679.600,    -0.915057,     0.822260,     0.004030,
  1679.650,    -0.573597,     0.489344,     0.009905,
  1679.700,    -0.177326,     0.111605,     0.005846,
  1679.750,     0.259928,    -0.136383,    -0.001248,
  1679.800,     0.632791,    -0.183329,     0.001917,
  1679.850,     0.889073,     0.089244,    -0.003424,
  1679.900,     0.929122,     0.565430,     0.000506,
  1679.950,     0.749811,     1.250601,    -0.002773,
  1680.000,     0.438514,     2.055370,    -0.002870,
  1680.050,     0.102348,     2.926242,    -0.002205,
  1680.100,    -0.133570,     3.609281,    -0.006601,
  1680.150,    -0.223187,     3.957772,    -0.010389,
  1680.200,    -0.090028,     3.925172,    -0.005732,
  1680.250,     0.300044,     3.677354,    -0.008928,
  1680.300,     0.847693,     3.490739,    -0.003980,
  1680.350,     1.435399,     3.503816,    -0.005326,
  1680.400,     1.883554,     3.660714,    -0.005655,
  1680.450,     2.109445,     3.784592,    -0.003916,
  1680.500,     2.102706,     3.824643,    -0.003110,
  1680.550,     2.020299,     3.731541,     0.003362,
  1680.600,     1.897676,     3.510038,     0.004681,
  1680.650,     1.769040,     2.993122,     0.004906,
  1680.700,     1.574587,     2.112110,     0.007017,
  1680.750,     1.367039,     1.024903,     0.007865,
  1680.800,     1.167639,    -0.076396,     0.003901,
  1680.850,     0.972567,    -0.928485,     0.005570,
  1680.900,     0.728827,    -1.375108,     0.011540,
  1680.950,     0.378153,    -1.509035,     0.006941,
  1681.000,    -0.068259,    -1.330337,     0.003747,
  1681.050,    -0.593296,    -0.869043,     0.009726,
  1681.100,    -1.133192,    -0.272924,     0.007976,
  1681.150,    -1.632710,     0.316817,     0.007877,
  1681.200,    -2.114969,     0.762311,     0.006383,
  1681.250,    -2.597686,     1.087771,     0.004466,
  1681.300,    -3.058296,     1.309974,     0.001526,
  1681.350,    -3.431926,     1.551823,    -0.000851,
  1681.400,    -3.583130,     1.865516,     0.001145,
  1681.450,    -3.425779,     2.190166,     0.001025,
  1681.500,    -2.944085,     2.495474,    -0.000125,
  1681.550,    -2.296144,     2.731245,    -0.002070,
  1681.600,    -1.583489,     2.832177,    -0.001270,
  1681.650,    -0.894274,     2.826116,    -0.006996,
  1681.700,    -0.248075,     2.733490,    -0.008036,
  1681.750,     0.279748,     2.577436,    -0.004869,
  1681.800,     0.632673,     2.285596,    -0.002175,
  1681.850,     0.815700,     1.884823,    -0.008403,
  1681.900,     0.904468,     1.385372,    -0.010318,
  1681.950,     0.966690,     0.872870,    -0.011047,
  1682.000,     1.039678,     0.476956,    -0.007595,
  1682.050,     1.069734,     0.241674,     0.002061,
  1682.100,     0.999425,     0.182498,    -0.003852,
  1682.150,     0.829547,     0.282745,    -0.002891,
  1682.200,     0.591593,     0.487860,    -0.000299,
  1682.250,     0.286329,     0.765049,     0.001172,
  1682.300,    -0.116134,     1.076061,     0.003995,
  1682.350,    -0.528740,     1.345877,     0.000598,
  1682.400,    -0.957240,     1.614656,     0.002341,
  1682.450,    -1.243341,     1.934996,     0.015147,
  1682.500,    -1.261295,     2.317847,     0.011475,
  1682.550,    -1.086831,     2.571037,     0.005592,
  1682.600,    -0.787750,     2.715450,     0.005050,
  1682.650,    -0.453150,     2.695597,     0.008020,
  1682.700,    -0.099501,     2.511846,     0.009130,
  1682.750,     0.227735,     2.259730,     0.006523,
  1682.800,     0.455710,     1.937984,     0.005750,
  1682.850,     0.626793,     1.593883,     0.010768,
  1682.900,     0.742744,     1.197974,     0.006569,
  1682.950,     0.786417,     0.856578,     0.003470,
  1683.000,     0.908163,     0.591795,    -0.002034,
  1683.050,     1.135326,     0.388310,     0.000706,
  1683.100,     1.382400,     0.239085,     0.000375,
  1683.150,     1.603035,     0.154335,    -0.003682,
  1683.200,     1.696858,     0.169285,    -0.002001,
  1683.250,     1.691242,     0.348151,    -0.002498,
  1683.300,     1.625074,     0.705455,    -0.007107,
  1683.350,     1.531149,     1.189040,    -0.004816,
  1683.400,     1.414526,     1.704080,    -0.010486,
  1683.450,     1.201010,     2.117921,    -0.006230,
  1683.500,     0.816161,     2.352159,    -0.009013,
  1683.550,     0.363795,     2.378809,    -0.007392,
  1683.600,     0.038497,     2.300817,    -0.004506,
  1683.650,    -0.103052,     2.207273,    -0.006727,
  1683.700,    -0.014047,     2.084502,    -0.005201,
  1683.750,     0.279687,     1.861927,    -0.001215,
  1683.800,     0.724902,     1.496297,    -0.001712,
  1683.850,     1.308906,     0.958744,     0.000788,
  1683.900,     1.896649,     0.295860,     0.005048,
  1683.950,     2.296182,    -0.417423,    -0.004569,
  1684.000,     2.450145,    -1.076099,     0.003987,
  1684.050,     2.350021,    -1.664791,     0.006190,
  1684.100,     2.162656,    -1.881292,     0.003700,
  1684.150,     2.048015,    -1.641991,     0.003488,
  1684.200,     2.033892,    -0.908922,     0.003204,
  1684.250,     2.026542,     0.057908,     0.012098,
  1684.300,     1.953993,     1.052434,     0.011037,
  1684.350,     1.868619,     1.909970,     0.011541,
  1684.400,     1.690300,     2.528583,     0.009103,
  1684.450,     1.386200,     2.910504,     0.010182,
  1684.500,     0.921178,     3.039462,     0.005536,
  1684.550,     0.259026,     2.959035,     0.005298,
  1684.600,    -0.482851,     2.770499,    -0.000685,
  1684.650,    -1.127880,     2.537622,     0.005996,
  1684.700,    -1.521187,     2.230924,     0.000705,
  1684.750,    -1.648186,     1.831384,    -0.002797,
  1684.800,    -1.547943,     1.285302,     0.002804,
  1684.850,    -1.207714,     0.667263,     0.001236,
  1684.900,    -0.698551,     0.041377,    -0.005812,
  1684.950,    -0.096381,    -0.428136,    -0.004680,
  1685.000,     0.454461,    -0.708761,    -0.008499,
  1685.050,     0.899248,    -0.672982,    -0.007595,
  1685.100,     1.201532,    -0.345578,    -0.009045,
  1685.150,     1.387489,     0.219219,    -0.004258,
  1685.200,     1.483452,     0.930121,    -0.010498,
  1685.250,     1.528385,     1.662913,    -0.005211,
  1685.300,     1.535533,     2.336706,    -0.001906,
  1685.350,     1.459353,     2.790813,    -0.010046,
  1685.400,     1.358290,     2.837893,    -0.001112,
  1685.450,     1.256982,     2.526431,    -0.002531,
  1685.500,     1.178621,     1.958973,    -0.006415,
  1685.550,     1.192476,     1.391149,     0.002005,
  1685.600,     1.267100,     0.930255,     0.001469,
  1685.650,     1.366532,     0.562372,     0.002154,
  1685.700,     1.391053,     0.322827,     0.006940,
  1685.750,     1.363224,     0.155830,     0.001029,
  1685.800,     1.312731,     0.091455,     0.003908,
  1685.850,     1.266287,     0.074935,     0.008218,
  1685.900,     1.192791,     0.001193,     0.005337,
  1685.950,     1.069268,    -0.119799,     0.006233,
  1686.000,     0.961433,    -0.162694,     0.002965,
  1686.050,     0.859056,    -0.039735,     0.006356,
  1686.100,     0.791974,     0.280877,     0.002186,
  1686.150,     0.758009,     0.692554,     0.004632,
  1686.200,     0.760973,     1.156741,     0.010987,
  1686.250,     0.835465,     1.552242,     0.004691,
  1686.300,     1.024470,     1.866623,     0.002270,
  1686.350,     1.304965,     2.019688,    -0.001365,
  1686.400,     1.547353,     1.916365,    -0.003686,
  1686.450,     1.709513,     1.485783,     0.000513,
  1686.500,     1.756712,     0.797933,     0.003284,
  1686.550,     1.704332,     0.052865,    -0.004301,
  1686.600,     1.600414,    -0.647351,    -0.006643,
  1686.650,     1.436942,    -1.141138,    -0.003109,
  1686.700,     1.206232,    -1.368795,    -0.011831,
  1686.750,     0.958574,    -1.369090,    -0.000511,
  1686.800,     0.640727,    -1.112459,    -0.003268,
  1686.850,     0.295602,    -0.498849,    -0.007069,
  1686.900,    -0.021732,     0.373076,    -0.001125,
  1686.950,    -0.310173,     1.343611,    -0.004459,
  1687.000,    -0.572338,     2.220433,    -0.005668,
  1687.050,    -0.738771,     2.790095,    -0.002398,
  1687.100,    -0.772885,     3.106945,    -0.002228,
  1687.150,    -0.725465,     3.106982,     0.003418,
  1687.200,    -0.572469,     2.837052,    -0.007768,
  1687.250,    -0.394839,     2.304517,    -0.007634,
  1687.300,    -0.232846,     1.643385,    -0.000473,
  1687.350,    -0.164393,     0.972145,    -0.002811,
  1687.400,    -0.123814,     0.364439,     0.003129,
  1687.450,    -0.059886,    -0.127680,     0.005770,
  1687.500,     0.050742,    -0.449573,     0.006733,
  1687.550,     0.077379,    -0.711068,     0.001777,
  1687.600,    -0.047760,    -0.992829,    -0.002042,
  1687.650,    -0.290494,    -1.319799,     0.007782,
  1687.700,    -0.610742,    -1.571145,     0.007282,
  1687.750,    -0.991675,    -1.542420,     0.004548,
  1687.800,    -1.358450,    -1.101569,     0.010412,
  1687.850,    -1.599004,    -0.308003,     0.005721,
  1687.900,    -1.714391,     0.731242,     0.001130,
  1687.950,    -1.551754,     1.850057,     0.001967,
  1688.000,    -1.090096,     2.753399,     0.003766,
  1688.050,    -0.422263,     3.277598,     0.003160,
  1688.100,     0.298776,     3.297298,     0.003636,
  1688.150,     0.944681,     2.876221,     0.004205,
  1688.200,     1.413008,     2.170375,     0.002484,
  1688.250,     1.700062,     1.313024,     0.008347,
  1688.300,     1.847523,     0.451004,    -0.003401,
  1688.350,     1.846967,    -0.335147,    -0.000973,
  1688.400,     1.772734,    -0.889231,     0.007818,
  1688.450,     1.656143,    -1.064746,    -0.000717,
  1688.500,     1.523011,    -0.932000,    -0.004781,
  1688.550,     1.332306,    -0.535668,     0.000140,
  1688.600,     1.075291,     0.061993,     0.006175,
  1688.650,     0.688736,     0.744836,    -0.005013,
  1688.700,     0.238149,     1.357723,    -0.008242,
  1688.750,    -0.191782,     1.764261,    -0.009049,
  1688.800,    -0.584493,     1.791242,    -0.004175,
  1688.850,    -0.833000,     1.478882,    -0.004135,
  1688.900,    -0.900126,     0.900863,    -0.001636,
  1688.950,    -0.763808,     0.198671,    -0.005760,
  1689.000,    -0.497708,    -0.468450,    -0.006325,
  1689.050,    -0.091124,    -0.949988,    -0.001186,
  1689.100,     0.421325,    -1.127342,    -0.002169,
  1689.150,     0.974842,    -0.955192,     0.001505,
  1689.200,     1.380411,    -0.573804,     0.000244,
  1689.250,     1.555389,    -0.082558,     0.000883,
  1689.300,     1.491653,     0.400849,     0.000646,
  1689.350,     1.327432,     0.783911,    -0.006587,
  1689.400,     1.075390,     0.997937,    -0.002981,
  1689.450,     0.807599,     1.060174,     0.000792,
  1689.500,     0.539090,     1.013047,     0.006822,
  1689.550,     0.253967,     0.894100,     0.005430,
  1689.600,     0.068167,     0.862166,     0.006929,
  1689.650,    -0.044484,     1.000874,     0.008987,
  1689.700,    -0.064962,     1.370165,     0.003429,
  1689.750,    -0.086840,     1.888734,     0.006947,
  1689.800,    -0.126428,     2.335326,     0.002372,
  1689.850,    -0.101775,     2.624466,     0.009657,
  1689.900,     0.071698,     2.627302,     0.002908,
  1689.950,     0.371890,     2.330004,     0.005363,
  1690.000,     0.644955,     1.838481,     0.001646,
  1690.050,     0.921982,     1.136360,     0.001193,
  1690.100,     1.153819,     0.332646,     0.005420,
  1690.150,     1.291852,    -0.448915,    -0.004447,
  1690.200,     1.297631,    -1.072448,    -0.001475,
  1690.250,     1.113629,    -1.405867,     0.001172,
  1690.300,     0.721384,    -1.384308,    -0.002213,
  1690.350,     0.190044,    -1.002613,    -0.004697,
  1690.400,    -0.345286,    -0.369327,    -0.003372,
  1690.450,    -0.788385,     0.414418,    -0.001452,
  1690.500,    -1.080085,     1.264879,     0.000217,
  1690.550,    -1.218207,     2.078002,    -0.005491,
  1690.600,    -1.214968,     2.690379,    -0.005093,
  1690.650,    -1.012668,     3.037519,    -0.010478,
  1690.700,    -0.632950,     3.023940,    -0.003285,
  1690.750,    -0.088972,     2.709839,    -0.012169,
  1690.800,     0.473372,     2.242089,    -0.008832,
  1690.850,     0.939879,     1.670260,    -0.010358,
  1690.900,     1.270032,     1.163267,    -0.000523,
  1690.950,     1.416706,     0.768299,    -0.001671,
  1691.000,     1.432881,     0.473777,    -0.003487,
  1691.050,     1.306839,     0.285832,     0.001100,
  1691.100,     1.012928,     0.203289,    -0.002155,
  1691.150,     0.602299,     0.125032,     0.000477,
  1691.200,     0.198391,     0.156049,     0.000020,
  1691.250,    -0.165194,     0.241990,    -0.001387,
  1691.300,    -0.429733,     0.509349,     0.002009,
  1691.350,    -0.574806,     0.941554,     0.002765,
  1691.400,    -0.669988,     1.529320,     0.004021,
  1691.450,    -0.710603,     2.191168,     0.002945,
  1691.500,    -0.756523,     2.827658,     0.002096,
  1691.550,    -0.718223,     3.378861,     0.014137,
  1691.600,    -0.532774,     3.692797,     0.009359,
  1691.650,    -0.194326,     3.624742,     0.010743,
  1691.700,     0.310952,     3.149624,     0.012273,
  1691.750,     0.837544,     2.228937,     0.011950,
  1691.800,     1.352928,     1.063858,     0.001719,
  1691.850,     1.707039,    -0.152253,     0.003167,
  1691.900,     1.850033,    -1.174209,     0.007510,
  1691.950,     1.691453,    -1.791788,     0.001620,
  1692.000,     1.320309,    -1.923481,     0.002456,
  1692.050,     0.889798,    -1.494760,     0.003489,
  1692.100,     0.399210,    -0.672926,    -0.000017,
  1692.150,    -0.102664,     0.363339,    -0.001867,
  1692.200,    -0.552132,     1.363359,    -0.006981,
  1692.250,    -0.843022,     2.160327,    -0.004322,
  1692.300,    -1.007117,     2.568445,    -0.009971,
  1692.350,    -0.975721,     2.533085,    -0.006523,
  1692.400,    -0.837209,     2.142730,    -0.007287,
  1692.450,    -0.608076,     1.538134,    -0.006818,
  1692.500,    -0.383421,     0.980385,    -0.004727,
  1692.550,    -0.209729,     0.587184,    -0.005652,
  1692.600,    -0.164548,     0.442132,    -0.012441,
  1692.650,    -0.257050,     0.574560,    -0.010223,
  1692.700,    -0.437328,     0.747681,    -0.003192,
  1692.750,    -0.647915,     0.841796,    -0.000624,
  1692.800,    -0.847975,     0.932781,     0.001306,
  1692.850,    -1.003762,     0.984177,    -0.005025,
  1692.900,    -1.015715,     1.003946,    -0.007800,
  1692.950,    -0.834254,     0.929122,     0.002914,
  1693.000,    -0.558791,     0.783914,     0.003582,
  1693.050,    -0.213110,     0.672512,     0.004384,
  1693.100,     0.142918,     0.662233,     0.007517,
  1693.150,     0.428969,     0.801518,     0.008073,
  1693.200,     0.618718,     1.125919,     0.006599,
  1693.250,     0.708587,     1.556513,     0.007549,
  1693.300,     0.662690,     1.945138,     0.009470,
  1693.350,     0.521407,     2.242532,     0.007147,
  1693.400,     0.366617,     2.400666,     0.011093,
  1693.450,     0.261159,     2.426737,     0.011927,
  1693.500,     0.227200,     2.266734,     0.011187,
  1693.550,     0.338376,     1.909553,     0.011993,
  1693.600,     0.510370,     1.422311,     0.010406,
  1693.650,     0.633970,     0.873087,     0.007620,
  1693.700,     0.698230,     0.341281,     0.002434,
  1693.750,     0.701883,    -0.081404,     0.001969,
  1693.800,     0.583530,    -0.283392,    -0.001964,
  1693.850,     0.376697,    -0.165438,     0.002264,
  1693.900,     0.075410,     0.235648,     0.001979,
  1693.950,    -0.260574,     0.712439,    -0.005539,
  1694.000,    -0.586265,     1.100583,    -0.002985,
  1694.050,    -0.831479,     1.220353,    -0.002647,
  1694.100,    -0.904417,     1.020043,    -0.006312,
  1694.150,    -0.789384,     0.663621,    -0.010633,
  1694.200,    -0.502470,     0.307127,    -0.012636,
  1694.250,    -0.077759,     0.061134,    -0.017222,
  1694.300,     0.398779,     0.025835,    -0.010083,
  1694.350,     0.877324,     0.154167,    -0.013203,
  1694.400,     1.297473,     0.422037,    -0.012318,
  1694.450,     1.574936,     0.740911,    -0.009344,
  1694.500,     1.645074,     1.024193,    -0.005949,
  1694.550,     1.515677,     1.136833,    -0.006822,
  1694.600,     1.270699,     1.020943,    -0.004964,
  1694.650,     0.909850,     0.736161,    -0.000992,
  1694.700,     0.532465,     0.438248,    -0.005713,
  1694.750,     0.197475,     0.248550,    -0.000841,
  1694.800,    -0.030146,     0.179645,    -0.001230,
  1694.850,    -0.164633,     0.195447,     0.001287,
  1694.900,    -0.193188,     0.282804,     0.004025,
  1694.950,    -0.147130,     0.461654,     0.002356,
  1695.000,    -0.030334,     0.742957,     0.006154,
  1695.050,     0.127766,     1.025701,     0.014540,
  1695.100,     0.354108,     1.259097,     0.014757,
  1695.150,     0.642890,     1.238673,     0.009671,
  1695.200,     0.970861,     0.976320,     0.016827,
  1695.250,     1.313761,     0.506294,     0.011428,
  1695.300,     1.600305,    -0.005801,     0.012793,
  1695.350,     1.868453,    -0.496504,     0.013524,
  1695.400,     2.101984,    -0.819703,     0.012957,
  1695.450,     2.229714,    -0.989628,     0.011079,
  1695.500,     2.076913,    -0.954995,     0.000368,
  1695.550,     1.688864,    -0.679936,    -0.000145,
  1695.600,     1.091699,    -0.241350,     0.004400,
  1695.650,     0.348028,     0.298546,    -0.001929,
  1695.700,    -0.393763,     0.761163,    -0.002232,
  1695.750,    -0.995967,     1.142690,    -0.004926,
  1695.800,    -1.412947,     1.287671,    -0.007311,
  1695.850,    -1.504247,     1.216640,    -0.000532,
  1695.900,    -1.263465,     0.942684,     0.000019,
  1695.950,    -0.765390,     0.518857,    -0.005479,
  1696.000,    -0.127764,     0.016242,    -0.007461,
  1696.050,     0.518475,    -0.420836,    -0.007508,
  1696.100,     1.026363,    -0.652076,    -0.004410,
  1696.150,     1.322830,    -0.530327,     0.003297,
  1696.200,     1.378873,    -0.100584,     0.001490,
  1696.250,     1.267578,     0.537141,    -0.013113,
  1696.300,     1.023177,     1.170117,    -0.007356,
  1696.350,     0.795607,     1.612779,    -0.001243,
  1696.400,     0.668243,     1.746676,    -0.008536,
  1696.450,     0.691108,     1.612897,    -0.003295,
  1696.500,     0.803475,     1.228865,    -0.001093,
  1696.550,     0.890102,     0.726397,    -0.003703,
  1696.600,     0.919565,     0.259011,     0.004198,
  1696.650,     0.932906,    -0.063428,     0.007054,
  1696.700,     0.945594,    -0.152744,     0.005314,
  1696.750,     0.952440,    -0.072411,     0.005670,
  1696.800,     0.930281,     0.120159,     0.003937,
  1696.850,     0.845963,     0.423928,     0.009335,
  1696.900,     0.760765,     0.709750,     0.003507,
  1696.950,     0.737627,     1.026023,     0.005262,
  1697.000,     0.830608,     1.315422,     0.007987,
  1697.050,     0.979061,     1.543624,     0.001418,
  1697.100,     1.147338,     1.707006,     0.009199,
  1697.150,     1.303651,     1.788889,     0.008098,
  1697.200,     1.383970,     1.776160,     0.003107,
  1697.250,     1.366280,     1.690371,     0.003813,
  1697.300,     1.298186,     1.527791,     0.008848,
  1697.350,     1.132657,     1.330025,     0.000632,
  1697.400,     0.906193,     1.178847,     0.002825,
  1697.450,     0.625823,     1.114457,     0.005918,
  1697.500,     0.343988,     1.147654,     0.006324,
  1697.550,     0.158993,     1.260431,     0.008142,
  1697.600,     0.056728,     1.396614,     0.007526,
  1697.650,     0.078671,     1.472952,    -0.001470,
  1697.700,     0.263151,     1.368465,    -0.002341,
  1697.750,     0.531365,     1.130898,     0.001431,
  1697.800,     0.813932,     0.844827,     0.000085,
  1697.850,     0.958425,     0.674545,     0.005059,
  1697.900,     0.877422,     0.771067,    -0.002025,
  1697.950,     0.652183,     1.108862,     0.001896,
  1698.000,     0.312146,     1.613853,     0.002826,
  1698.050,    -0.013422,     2.130295,     0.001882,
  1698.100,    -0.235080,     2.564848,    -0.004007,
  1698.150,    -0.374106,     2.775530,    -0.004325,
  1698.200,    -0.406161,     2.623393,    -0.000573,
  1698.250,    -0.404773,     2.157658,     0.000962,
  1698.300,    -0.363171,     1.523636,    -0.001212,
  1698.350,    -0.326520,     0.982200,    -0.006404,
  1698.400,    -0.346865,     0.644066,    -0.000993,
  1698.450,    -0.443278,     0.527354,    -0.002991,
  1698.500,    -0.631099,     0.545730,    -0.002867,
  1698.550,    -0.818565,     0.742787,    -0.002919,
  1698.600,    -0.896032,     0.995847,    -0.005548,
  1698.650,    -0.876833,     1.265533,    -0.002262,
  1698.700,    -0.855114,     1.474968,    -0.000732,
  1698.750,    -0.740477,     1.525778,    -0.000899,
  1698.800,    -0.591630,     1.514488,    -0.002892,
  1698.850,    -0.414749,     1.456610,    -0.002546,
  1698.900,    -0.283093,     1.369822,     0.000468,
  1698.950,    -0.186825,     1.291055,     0.002616,
  1699.000,    -0.216769,     1.147038,     0.006801,
  1699.050,    -0.360333,     0.943440,     0.002323,
  1699.100,    -0.569494,     0.729823,     0.001023,
  1699.150,    -0.745680,     0.651807,     0.005802,
  1699.200,    -0.814416,     0.766728,     0.007830,
  1699.250,    -0.732142,     0.959094,     0.009390,
  1699.300,    -0.568590,     1.079285,     0.010202,
  1699.350,    -0.303294,     1.017662,     0.005793,
  1699.400,     0.019803,     0.750040,    -0.001064,
  1699.450,     0.355762,     0.296059,     0.004327,
  1699.500,     0.652795,    -0.227596,     0.010596,
  1699.550,     0.853163,    -0.738272,     0.008427,
  1699.600,     0.967614,    -1.066399,     0.002411,
  1699.650,     0.918630,    -1.086662,     0.000499,
  1699.700,     0.783523,    -0.732967,     0.002715,
  1699.750,     0.529831,    -0.047674,     0.004334,
  1699.800,     0.194781,     0.839081,     0.005959,
  1699.850,    -0.181127,     1.752978,    -0.002861,
  1699.900,    -0.506833,     2.450384,    -0.005850,
  1699.950,    -0.695134,     2.840175,    -0.004328,
  1700.000,    -0.698595,     2.866925,    -0.008649,
  1700.050,    -0.486861,     2.536581,    -0.011606,
  1700.100,    -0.119954,     1.955277,    -0.006459,
  1700.150,     0.249745,     1.258269,    -0.005812,
  1700.200,     0.504099,     0.631063,    -0.003356,
  1700.250,     0.596236,     0.214407,    -0.004044,
  1700.300,     0.607077,     0.035360,    -0.009448,
  1700.350,     0.505533,     0.106097,    -0.007368,
  1700.400,     0.361968,     0.356125,    -0.004207,
  1700.450,     0.198494,     0.698159,    -0.004047,
  1700.500,     0.113279,     1.100381,    -0.003000,
  1700.550,     0.103831,     1.486258,     0.000976,
  1700.600,     0.133612,     1.795552,    -0.001893,
  1700.650,     0.214954,     1.998714,    -0.003699,
  1700.700,     0.308886,     2.124292,    -0.005509,
  1700.750,     0.452027,     2.223595,     0.001462,
  1700.800,     0.554279,     2.279434,     0.006012,
  1700.850,     0.700509,     2.212552,     0.011144,
  1700.900,     0.812493,     1.975957,     0.004753,
  1700.950,     0.878218,     1.574126,     0.007695,
  1701.000,     0.892328,     1.078355,     0.012553,
  1701.050,     0.870486,     0.565921,    -0.000501,
  1701.100,     0.829303,     0.105276,     0.005097,
  1701.150,     0.807540,    -0.195628,     0.006032,
  1701.200,     0.799565,    -0.379004,     0.009751,
  1701.250,     0.830436,    -0.398505,     0.016266,
  1701.300,     0.858751,    -0.296935,     0.007984,
  1701.350,     0.952270,    -0.112662,     0.006729,
  1701.400,     1.014563,     0.193048,     0.001539,
  1701.450,     1.047750,     0.542926,    -0.001475,
  1701.500,     0.980944,     0.940374,     0.001172,
  1701.550,     0.759967,     1.319942,     0.004369,
  1701.600,     0.454023,     1.636360,     0.003750,
  1701.650,     0.174286,     1.862691,    -0.000296,
  1701.700,     0.031679,     1.914803,    -0.002342,
  1701.750,     0.101507,     1.812830,    -0.000459,
  1701.800,     0.303086,     1.497084,    -0.009135,
  1701.850,     0.632073,     1.093463,    -0.005840,
  1701.900,     0.981930,     0.715838,    -0.010498,
  1701.950,     1.290712,     0.412858,    -0.002609,
  1702.000,     1.455396,     0.207046,    -0.004417,
  1702.050,     1.436393,    -0.002225,    -0.002824,
  1702.100,     1.213152,    -0.152308,    -0.009248,
  1702.150,     0.941243,    -0.196308,    -0.003042,
  1702.200,     0.700239,    -0.144487,    -0.005082,
  1702.250,     0.549715,    -0.024069,    -0.009063,
  1702.300,     0.490343,     0.188871,    -0.001694,
  1702.350,     0.431376,     0.432309,    -0.004285,
  1702.400,     0.453322,     0.746406,     0.000552,
  1702.450,     0.502861,     1.113395,     0.001415,
  1702.500,     0.560940,     1.465388,    -0.004810,
  1702.550,     0.618233,     1.738564,    -0.004461,
  1702.600,     0.635188,     1.847772,     0.000424,
  1702.650,     0.585984,     1.741479,     0.000959,
  1702.700,     0.527169,     1.477008,     0.002861,
  1702.750,     0.496935,     1.112401,     0.002635,
  1702.800,     0.480489,     0.725569,     0.005161,
  1702.850,     0.457009,     0.264683,     0.005758,
  1702.900,     0.445903,    -0.083359,     0.004727,
  1702.950,     0.470549,    -0.329628,     0.005719,
  1703.000,     0.599202,    -0.467160,     0.007598,
  1703.050,     0.784280,    -0.516775,     0.006851,
  1703.100,     0.948823,    -0.552785,     0.001552,
  1703.150,     0.955672,    -0.531802,     0.002044,
  1703.200,     0.791240,    -0.392810,     0.005677,
  1703.250,     0.487818,    -0.156744,     0.006104,
  1703.300,     0.073949,     0.229008,     0.002699,
  1703.350,    -0.341512,     0.770950,     0.000146,
  1703.400,    -0.695597,     1.354544,     0.000490,
  1703.450,    -0.921850,     1.873694,     0.001137,
  1703.500,    -0.884871,     2.146879,     0.003284,
  1703.550,    -0.667142,     2.142156,     0.005033,
  1703.600,    -0.212150,     1.924068,    -0.004621,
  1703.650,     0.322831,     1.563748,    -0.005824,
  1703.700,     0.823321,     1.072622,     0.001827,
  1703.750,     1.153010,     0.518133,     0.001797,
  1703.800,     1.290470,     0.011478,    -0.005871,
  1703.850,     1.218688,    -0.299374,     0.000793,
  1703.900,     0.940151,    -0.382060,     0.000326,
  1703.950,     0.544655,    -0.316831,    -0.003138,
  1704.000,     0.119839,    -0.070874,    -0.002667,
  1704.050,    -0.232070,     0.321376,    -0.001636,
  1704.100,    -0.399608,     0.846238,    -0.003930,
  1704.150,    -0.388784,     1.416767,     0.000372,
  1704.200,    -0.226968,     1.969961,    -0.000601,
  1704.250,     0.003030,     2.376415,    -0.001166,
  1704.300,     0.277929,     2.539956,     0.005093,
  1704.350,     0.583315,     2.443849,     0.002534,
  1704.400,     0.809741,     2.187560,     0.003282,
  1704.450,     0.954006,     1.799463,     0.002825,
  1704.500,     1.009156,     1.304165,     0.006354,
  1704.550,     1.016245,     0.827102,     0.002043,
  1704.600,     1.000794,     0.365469,    -0.002270,
  1704.650,     0.960818,     0.092568,    -0.000315,
  1704.700,     0.887360,     0.001743,    -0.001907,
  1704.750,     0.728069,     0.116562,    -0.001188,
  1704.800,     0.530642,     0.365459,     0.001155,
  1704.850,     0.298606,     0.687396,    -0.003069,
  1704.900,     0.063609,     1.080751,    -0.006891,
  1704.950,    -0.131615,     1.547032,     0.000873,
  1705.000,    -0.273732,     2.028004,     0.002195,
  1705.050,    -0.332300,     2.429532,    -0.001122,
  1705.100,    -0.391281,     2.701087,     0.003414,
  1705.150,    -0.387690,     2.786637,     0.001522,
  1705.200,    -0.347580,     2.728654,    -0.002875,
  1705.250,    -0.258211,     2.588807,     0.005242,
  1705.300,    -0.042202,     2.410819,     0.004235,
  1705.350,     0.203043,     2.126121,     0.001270,
  1705.400,     0.442064,     1.815159,     0.006643,
  1705.450,     0.690729,     1.533803,     0.003537,
  1705.500,     0.888456,     1.343352,     0.004118,
  1705.550,     1.038943,     1.294895,     0.001060,
  1705.600,     1.012834,     1.230120,     0.005961,
  1705.650,     0.886229,     1.093479,     0.004860,
  1705.700,     0.701988,     0.922447,     0.003710,
  1705.750,     0.487603,     0.741133,     0.003234,
  1705.800,     0.323401,     0.618669,    -0.000313,
  1705.850,     0.150904,     0.557503,    -0.002147,
  1705.900,    -0.056043,     0.585135,    -0.000528,
  1705.950,    -0.200005,     0.704118,    -0.003714,
  1706.000,    -0.246814,     0.924126,    -0.002794,
  1706.050,    -0.219107,     1.228105,    -0.005500,
  1706.100,    -0.138868,     1.440186,    -0.008973,
  1706.150,    -0.011560,     1.537056,    -0.009822,
  1706.200,     0.153404,     1.431115,    -0.004461,
  1706.250,     0.355712,     1.193729,    -0.002192,
  1706.300,     0.583123,     0.862866,    -0.006177,
  1706.350,     0.817082,     0.475642,    -0.012735,
  1706.400,     1.012877,     0.149753,    -0.000638,
  1706.450,     1.116293,    -0.050592,     0.004445,
  1706.500,     1.092877,    -0.147607,    -0.002552,
  1706.550,     0.991604,    -0.136650,    -0.000082,
  1706.600,     0.869401,    -0.023186,     0.003575,
  1706.650,     0.683314,     0.111666,     0.002469,
  1706.700,     0.466291,     0.334724,     0.003513,
  1706.750,     0.229402,     0.646764,     0.002977,
  1706.800,     0.012130,     0.982969,     0.001402,
  1706.850,    -0.180887,     1.270086,     0.007852,
  1706.900,    -0.382048,     1.533274,     0.004735,
  1706.950,    -0.512381,     1.732812,     0.002123,
  1707.000,    -0.586486,     1.885977,     0.006624,
  1707.050,    -0.538370,     1.991964,     0.005021,
  1707.100,    -0.354293,     2.012803,     0.004281,
  1707.150,    -0.008973,     1.977728,     0.010249,
  1707.200,     0.462428,     1.943583,     0.006845,
  1707.250,     0.937885,     1.878060,     0.002572,
  1707.300,     1.290442,     1.716188,    -0.000024,
  1707.350,     1.428439,     1.452515,     0.003513,
  1707.400,     1.388049,     1.139832,     0.001916,
  1707.450,     1.198821,     0.851223,     0.004004,
  1707.500,     0.899222,     0.639538,    -0.003635,
  1707.550,     0.548503,     0.604060,    -0.001076,
  1707.600,     0.193585,     0.813209,     0.001953,
  1707.650,    -0.053170,     1.263659,     0.002636,
  1707.700,    -0.166372,     1.836553,    -0.003285,
  1707.750,    -0.144676,     2.379872,    -0.000946,
  1707.800,    -0.044193,     2.806634,    -0.004372,
  1707.850,     0.101898,     3.011721,    -0.007163,
  1707.900,     0.349378,     2.980675,    -0.004209,
  1707.950,     0.626517,     2.724464,    -0.002936,
  1708.000,     0.935238,     2.294835,    -0.004426,
  1708.050,     1.185120,     1.783803,    -0.005178,
  1708.100,     1.356574,     1.269205,    -0.005375,
  1708.150,     1.379095,     0.851650,    -0.006968,
  1708.200,     1.301650,     0.570834,    -0.006724,
  1708.250,     1.146270,     0.472253,     0.001695,
  1708.300,     0.966779,     0.513279,    -0.003301,
  1708.350,     0.735493,     0.688256,     0.000067,
  1708.400,     0.504798,     0.913415,     0.002980,
  1708.450,     0.361055,     1.097041,     0.006337,
  1708.500,     0.229135,     1.167100,     0.006130,
  1708.550,     0.193820,     1.094580,     0.010891,
  1708.600,     0.252628,     0.988459,     0.006205,
  1708.650,     0.353089,     0.890508,     0.003724,
  1708.700,     0.450234,     0.825239,     0.007402,
  1708.750,     0.633868,     0.834482,     0.003580,
  1708.800,     0.869935,     0.937989,     0.005272,
  1708.850,     1.132601,     1.132657,     0.000246,
  1708.900,     1.356775,     1.381238,    -0.000758,
  1708.950,     1.500223,     1.550118,    -0.000076,
  1709.000,     1.566769,     1.592862,     0.002613,
  1709.050,     1.551502,     1.496985,    -0.001554,
  1709.100,     1.476046,     1.364264,     0.001765,
  1709.150,     1.290401,     1.220443,     0.002232,
  1709.200,     1.040418,     1.113766,     0.001272,
  1709.250,     0.760734,     1.030876,     0.004718,
  1709.300,     0.530217,     0.993686,    -0.003140,
  1709.350,     0.403710,     1.015238,     0.000648,
  1709.400,     0.346579,     1.048356,    -0.003960,
  1709.450,     0.326034,     1.140385,     0.000767,
  1709.500,     0.173095,     1.279681,    -0.003635,
  1709.550,     0.063283,     1.419368,    -0.005797,
  1709.600,    -0.063696,     1.520826,     0.003497,
  1709.650,    -0.154541,     1.610550,    -0.006951,
  1709.700,    -0.232722,     1.662439,    -0.003891,
  1709.750,    -0.273925,     1.703517,    -0.001715,
  1709.800,    -0.225402,     1.703155,    -0.005662,
  1709.850,    -0.116911,     1.587031,     0.000403,
  1709.900,     0.076018,     1.316544,     0.004065,
  1709.950,     0.217824,     0.990432,    -0.001080,
  1710.000,     0.274407,     0.662223,     0.002131,
  1710.050,     0.224338,     0.439506,     0.002432,
  1710.100,     0.119355,     0.304805,     0.000512,
  1710.150,    -0.040165,     0.298283,     0.000118,
  1710.200,    -0.220972,     0.349277,     0.003044,
  1710.250,    -0.371728,     0.399695,    -0.002968,
  1710.300,    -0.490184,     0.466908,     0.000581,
  1710.350,    -0.536214,     0.427609,     0.009361,
  1710.400,    -0.498589,     0.349779,     0.001594,
  1710.450,    -0.428792,     0.249391,     0.001824,
  1710.500,    -0.274737,     0.267603,     0.004319,
  1710.550,    -0.063201,     0.425202,     0.001698,
  1710.600,     0.190279,     0.670064,    -0.001020,
  1710.650,     0.453561,     0.961431,     0.000394,
  1710.700,     0.682989,     1.192651,    -0.005602,
  1710.750,     0.845694,     1.314931,     0.001680,
  1710.800,     0.977006,     1.339182,     0.009881,
  1710.850,     1.041251,     1.279172,     0.001495,
  1710.900,     1.026135,     1.094842,     0.001125,
  1710.950,     0.965474,     0.915425,     0.005475,
  1711.000,     0.904603,     0.741791,     0.002593,
  1711.050,     0.778957,     0.671570,    -0.002734,
  1711.100,     0.661137,     0.663055,     0.000485,
  1711.150,     0.520558,     0.693004,     0.003893,
  1711.200,     0.364908,     0.829999,    -0.000867,
  1711.250,     0.255991,     1.120037,     0.004968,
  1711.300,     0.190428,     1.462619,    -0.000423,
  1711.350,     0.214805,     1.783571,     0.000513,
  1711.400,     0.306573,     1.975077,     0.002806,
  1711.450,     0.498129,     1.983953,     0.000125,
  1711.500,     0.775108,     1.791444,    -0.004133,
  1711.550,     1.073688,     1.416287,    -0.004535,
  1711.600,     1.324282,     0.902035,    -0.006987,
  1711.650,     1.459645,     0.412966,    -0.002764,
  1711.700,     1.492659,     0.053998,     0.002241,
  1711.750,     1.421504,    -0.022020,    -0.009375,
  1711.800,     1.261356,     0.139481,     0.001752,
  1711.850,     1.032197,     0.468412,    -0.001059,
  1711.900,     0.810308,     0.870126,    -0.001707,
  1711.950,     0.558183,     1.249804,     0.001834,
  1712.000,     0.428306,     1.590034,    -0.002891,
  1712.050,     0.345970,     1.757380,     0.002995,
  1712.100,     0.389423,     1.704202,    -0.002620,
  1712.150,     0.491840,     1.456662,    -0.000705,
  1712.200,     0.601616,     1.053388,     0.004269,
  1712.250,     0.733415,     0.622955,    -0.004742,
  1712.300,     0.818021,     0.310986,     0.002854,
  1712.350,     0.842387,     0.108602,     0.002683,
  1712.400,     0.779412,     0.160012,     0.002238,
  1712.450,     0.688916,     0.437557,     0.000718,
  1712.500,     0.653555,     0.908591,     0.005576,
  1712.550,     0.663082,     1.471358,     0.005442,
  1712.600,     0.719247,     1.942300,    -0.004749,
  1712.650,     0.782297,     2.241039,     0.004005,
  1712.700,     0.901837,     2.315176,    -0.001642,
  1712.750,     0.983327,     2.166940,     0.005401,
  1712.800,     0.983447,     1.869105,     0.000959,
  1712.850,     0.880795,     1.530207,     0.007670,
  1712.900,     0.775025,     1.262102,    -0.004046,
  1712.950,     0.684740,     1.160561,     0.003247,
  1713.000,     0.681017,     1.214127,    -0.000798,
  1713.050,     0.687689,     1.422144,     0.005186,
  1713.100,     0.715597,     1.647660,    -0.003463,
  1713.150,     0.774691,     1.855765,     0.000801,
  1713.200,     0.844687,     1.931107,    -0.001039,
  1713.250,     0.856618,     1.816466,     0.003481,
  1713.300,     0.884437,     1.621859,    -0.010325,
  1713.350,     0.873793,     1.351444,    -0.009460,
  1713.400,     0.887321,     1.063327,    -0.004001,
  1713.450,     0.874587,     0.848513,    -0.004143,
  1713.500,     0.888771,     0.704341,    -0.008475,
  1713.550,     0.877441,     0.688907,    -0.003313,
  1713.600,     0.891461,     0.819090,     0.002223,
  1713.650,     0.874693,     1.103136,     0.002613,
  1713.700,     0.760998,     1.409114,    -0.001420,
  1713.750,     0.595113,     1.692225,    -0.001539,
  1713.800,     0.437697,     1.811971,     0.000722,
  1713.850,     0.228041,     1.754821,    -0.001016,
  1713.900,     0.074692,     1.591743,    -0.001917,
  1713.950,     0.013447,     1.231281,     0.004782,
  1714.000,     0.016048,     0.797407,     0.009159,
  1714.050,     0.064260,     0.365158,     0.002439,
  1714.100,     0.071093,     0.034516,     0.007033,
  1714.150,     0.073337,    -0.026658,     0.008272,
  1714.200,     0.044022,     0.184675,     0.002683,
  1714.250,    -0.010737,     0.606210,     0.005950,
  1714.300,    -0.020168,     1.089649,     0.010581,
  1714.350,    -0.001989,     1.490815,     0.004542,
  1714.400,     0.073833,     1.707233,     0.004092,
  1714.450,     0.116876,     1.719465,     0.001487,
  1714.500,     0.137982,     1.513489,    -0.001332,
  1714.550,     0.129506,     1.197705,    -0.001289,
  1714.600,     0.076794,     0.856871,     0.002312,
  1714.650,    -0.030138,     0.634544,     0.001351,
  1714.700,    -0.104246,     0.617475,    -0.001023,
  1714.750,    -0.173523,     0.725275,    -0.001411,
  1714.800,    -0.179415,     0.924123,     0.000420,
  1714.850,    -0.104285,     1.106387,     0.001117,
  1714.900,     0.015776,     1.103005,    -0.008153,
  1714.950,     0.097629,     0.913411,    -0.008176,
  1715.000,     0.175177,     0.530180,    -0.009882,
  1715.050,     0.244931,     0.134683,    -0.006976,
  1715.100,     0.383793,    -0.269910,    -0.004113,
  1715.150,     0.504622,    -0.557224,    -0.004419,
  1715.200,     0.562128,    -0.683033,     0.002207,
  1715.250,     0.548743,    -0.571705,    -0.002005,
  1715.300,     0.476265,    -0.304670,    -0.002256,
  1715.350,     0.348406,     0.078485,    -0.003223,
  1715.400,     0.190066,     0.538393,    -0.003368,
  1715.450,    -0.032098,     1.028427,     0.000104,
  1715.500,    -0.182703,     1.502242,     0.004564,
  1715.550,    -0.234830,     1.844738,     0.000392,
  1715.600,    -0.094871,     1.933996,     0.002514,
  1715.650,     0.122162,     1.728565,     0.001906,
  1715.700,     0.376684,     1.229859,     0.003259,
  1715.750,     0.643723,     0.540926,     0.009668,
  1715.800,     0.875700,    -0.165826,     0.010305,
  1715.850,     1.038962,    -0.740224,     0.005686,
  1715.900,     1.114210,    -1.057480,     0.003924,
  1715.950,     1.033084,    -1.035766,     0.007154,
  1716.000,     0.849988,    -0.629646,     0.002266,
  1716.050,     0.593730,     0.073212,     0.001847,
  1716.100,     0.378919,     0.854730,     0.005148,
  1716.150,     0.172716,     1.581930,     0.002781,
  1716.200,     0.109079,     2.064901,    -0.005881,
  1716.250,     0.170117,     2.253151,    -0.004215,
  1716.300,     0.360545,     2.119534,    -0.002033,
  1716.350,     0.652230,     1.736978,    -0.004996,
  1716.400,     0.971874,     1.250300,    -0.006045,
  1716.450,     1.179389,     0.746373,    -0.000967,
  1716.500,     1.314404,     0.391037,    -0.002586,
  1716.550,     1.313538,     0.223613,    -0.002586,
  1716.600,     1.182900,     0.227837,    -0.005794,
  1716.650,     1.001701,     0.283777,    -0.003241,
  1716.700,     0.842729,     0.363875,    -0.001856,
  1716.750,     0.682516,     0.414411,     0.001017,
  1716.800,     0.597024,     0.382238,    -0.000319,
  1716.850,     0.583666,     0.386000,     0.005097,
  1716.900,     0.600895,     0.413724,     0.004467,
  1716.950,     0.656909,     0.532464,     0.008171,
  1717.000,     0.643157,     0.767610,     0.004934,
  1717.050,     0.584503,     1.103108,     0.004732,
  1717.100,     0.423767,     1.447134,     0.002444,
  1717.150,     0.220472,     1.758704,     0.009381,
  1717.200,     0.061569,     1.913312,     0.000155,
  1717.250,    -0.084128,     1.989301,     0.007577,
  1717.300,    -0.172008,     1.956454,     0.006792,
  1717.350,    -0.169544,     1.767766,     0.001941,
  1717.400,    -0.118473,     1.530295,     0.006220,
  1717.450,     0.070820,     1.168417,     0.000585,
  1717.500,     0.282013,     0.812636,     0.001304,
  1717.550,     0.532319,     0.407275,    -0.002151,
  1717.600,     0.732542,     0.038021,    -0.005965,
  1717.650,     0.774382,    -0.290806,    -0.004646,
  1717.700,     0.731578,    -0.475594,    -0.008680,
  1717.750,     0.541472,    -0.410213,    -0.003703,
  1717.800,     0.295916,    -0.052088,    -0.005877,
  1717.850,    -0.037678,     0.457475,    -0.005012,
  1717.900,    -0.356257,     0.988306,    -0.001718,
  1717.950,    -0.551324,     1.415740,     0.000293,
  1718.000,    -0.601633,     1.668179,    -0.004804,
  1718.050,    -0.525474,     1.705765,     0.002442,
  1718.100,    -0.331695,     1.583977,     0.005334,
  1718.150,    -0.129015,     1.329943,    -0.002718,
  1718.200,     0.021656,     1.036802,     0.001544,
  1718.250,     0.124331,     0.768220,    -0.000047,
  1718.300,     0.114639,     0.553401,     0.001076,
  1718.350,     0.082864,     0.472896,     0.003254,
  1718.400,     0.039323,     0.491900,     0.006925,
  1718.450,     0.060452,     0.624468,    -0.000078,
  1718.500,     0.186250,     0.761028,     0.004186,
  1718.550,     0.397168,     0.885877,     0.001163,
  1718.600,     0.638865,     0.965360,    -0.001008,
  1718.650,     0.902162,     1.019752,    -0.001689,
  1718.700,     1.112499,     1.055398,    -0.004537,
  1718.750,     1.217907,     1.122704,     0.001030,
  1718.800,     1.177072,     1.344286,    -0.005275,
  1718.850,     1.092012,     1.613377,    -0.003197,
  1718.900,     1.003944,     1.994283,    -0.002270,
  1718.950,     0.985677,     2.344918,    -0.005096,
  1719.000,     1.022033,     2.580013,    -0.005087,
  1719.050,     1.149130,     2.720220,    -0.006046,
  1719.100,     1.397638,     2.634843,    -0.002201,
  1719.150,     1.683870,     2.351094,     0.001003,
  1719.200,     1.973367,     1.910511,    -0.004096,
  1719.250,     2.241552,     1.332618,     0.000956,
  1719.300,     2.450026,     0.717710,    -0.000374,
  1719.350,     2.582964,     0.149211,     0.003001,
  1719.400,     2.577693,    -0.231224,     0.004667,
  1719.450,     2.363299,    -0.365955,     0.005779,
  1719.500,     1.957835,    -0.252983,     0.004309,
  1719.550,     1.364209,     0.065889,     0.005393,
  1719.600,     0.728374,     0.584058,     0.003531,
  1719.650,     0.121152,     1.177586,    -0.000882,
  1719.700,    -0.357583,     1.803306,     0.002063,
  1719.750,    -0.604596,     2.287425,     0.003700,
  1719.800,    -0.662282,     2.540220,    -0.004205,
  1719.850,    -0.439942,     2.506058,    -0.003621,
  1719.900,    -0.073870,     2.308830,     0.002260,
  1719.950,     0.347916,     1.970036,    -0.001090,
  1720.000,     0.706464,     1.608460,    -0.003694,

