Time_abs/ps, Signal 1/nA, Ref.signal 1/nA, Signal 2/nA, Ref.signal 2/nA
  1600.000,     0.007457,     0.007615,    -0.003382,
  1600.050,     0.005324,    -0.004646,    -0.000226,
  1600.100,     0.010495,     0.011497,     0.002185,
  1600.150,    -0.008362,    -0.005388,     0.001078,
  1600.200,    -0.014914,    -0.009079,     0.000345,
  1600.250,    -0.009399,    -0.022884,    -0.001536,
  1600.300,    -0.025296,    -0.011605,     0.000966,
  1600.350,    -0.030570,     0.000561,    -0.002812,
  1600.400,    -0.011316,     0.010459,     0.002122,
  1600.450,    -0.018505,     0.008771,    -0.005549,
  1600.500,    -0.013272,    -0.000034,    -0.005280,
  1600.550,    -0.011284,    -0.009125,    -0.002076,
  1600.600,    -0.015082,    -0.021215,    -0.006234,
  1600.650,    -0.008937,    -0.028924,     0.000173,
  1600.700,    -0.005849,    -0.024922,    -0.009995,
  1600.750,    -0.018838,    -0.033412,    -0.006558,
  1600.800,    -0.001839,    -0.027306,    -0.007871,
  1600.850,    -0.021878,    -0.001638,    -0.005492,
  1600.900,    -0.050360,    -0.017430,    -0.008732,
  1600.950,    -0.039252,    -0.006954,    -0.012884,
  1601.000,    -0.035013,    -0.025601,    -0.003401,
  1601.050,    -0.046064,    -0.025349,    -0.004480,
  1601.100,    -0.022074,    -0.009534,    -0.006094,
  1601.150,    -0.049316,    -0.028449,     0.002709,
  1601.200,    -0.029284,    -0.018410,    -0.010083,
  1601.250,    -0.048511,    -0.022588,    -0.008952,
  1601.300,    -0.044487,    -0.037640,     0.005198,
  1601.350,    -0.037276,    -0.024145,     0.002048,
  1601.400,    -0.054164,    -0.019708,     0.005756,
  1601.450,    -0.042243,    -0.036830,     0.010318,
  1601.500,    -0.052917,    -0.020360,     0.004933,
  1601.550,    -0.046138,    -0.021295,     0.000426,
  1601.600,    -0.030569,    -0.019094,    -0.000006,
  1601.650,    -0.046962,    -0.038961,    -0.003626,
  1601.700,    -0.043218,    -0.039712,    -0.001918,
  1601.750,    -0.059297,    -0.046448,     0.006655,
  1601.800,    -0.054062,    -0.049859,    -0.002462,
  1601.850,    -0.039059,    -0.056273,    -0.010822,
  1601.900,    -0.065323,    -0.066449,     0.005192,
  1601.950,    -0.049693,    -0.072077,    -0.008024,
  1602.000,    -0.075405,    -0.063971,    -0.001780,
  1602.050,    -0.078161,    -0.049452,    -0.002813,
  1602.100,    -0.050787,    -0.059367,    -0.006715,
  1602.150,    -0.088073,    -0.063293,    -0.011558,
  1602.200,    -0.079611,    -0.057947,    -0.004721,
  1602.250,    -0.066086,    -0.047525,    -0.008566,
  1602.300,    -0.086213,    -0.066134,    -0.007196,
  1602.350,    -0.070166,    -0.074133,    -0.003619,
  1602.400,    -0.074648,    -0.077379,    -0.013123,
  1602.450,    -0.084477,    -0.060169,    -0.003671,
  1602.500,    -0.052730,    -0.080268,    -0.010162,
  1602.550,    -0.087860,    -0.067907,    -0.005607,
  1602.600,    -0.056085,    -0.099132,    -0.004897,
  1602.650,    -0.054176,    -0.079462,     0.000525,
  1602.700,    -0.043790,    -0.061615,     0.000952,
  1602.750,    -0.040833,    -0.055587,    -0.000223,
  1602.800,    -0.050784,    -0.049285,     0.000315,
  1602.850,    -0.054417,    -0.061351,    -0.001268,
  1602.900,    -0.063581,    -0.051576,    -0.001106,
  1602.950,    -0.065883,    -0.030425,     0.004615,
  1603.000,    -0.059508,    -0.045516,     0.003322,
  1603.050,    -0.044812,    -0.046597,    -0.002010,
  1603.100,    -0.064716,    -0.041525,     0.003229,
  1603.150,    -0.059435,    -0.058770,     0.001174,
  1603.200,    -0.059432,    -0.067038,     0.000259,
  1603.250,    -0.062249,    -0.060943,    -0.005403,
  1603.300,    -0.057668,    -0.046130,     0.001953,
  1603.350,    -0.041425,    -0.044856,    -0.002993,
  1603.400,    -0.083890,    -0.048941,    -0.004276,
  1603.450,    -0.055652,    -0.057768,    -0.001432,
  1603.500,    -0.080033,    -0.061647,    -0.004192,
  1603.550,    -0.059018,    -0.072860,    -0.002181,
  1603.600,    -0.049666,    -0.050958,    -0.003088,
  1603.650,    -0.069922,    -0.058043,    -0.004446,
  1603.700,    -0.089512,    -0.046480,    -0.007048,
  1603.750,    -0.075059,    -0.039911,    -0.007340,
  1603.800,    -0.088237,    -0.055079,    -0.006655,
  1603.850,    -0.069593,    -0.055890,    -0.007834,
  1603.900,    -0.087938,    -0.060794,    -0.001231,
  1603.950,    -0.069126,    -0.056321,    -0.001109,
  1604.000,    -0.065594,    -0.053461,    -0.010513,
  1604.050,    -0.060477,    -0.061511,    -0.005375,
  1604.100,    -0.053350,    -0.073083,    -0.005888,
  1604.150,    -0.063806,    -0.058812,    -0.008982,
  1604.200,    -0.071432,    -0.056921,    -0.009525,
  1604.250,    -0.077991,    -0.052816,    -0.007498,
  1604.300,    -0.055303,    -0.051204,    -0.005121,
  1604.350,    -0.047762,    -0.050098,     0.000864,
  1604.400,    -0.088218,    -0.051308,    -0.001941,
  1604.450,    -0.045632,    -0.055452,     0.003797,
  1604.500,    -0.052555,    -0.068069,     0.001744,
  1604.550,    -0.057335,    -0.050001,     0.004441,
  1604.600,    -0.052177,    -0.060544,     0.002218,
  1604.650,    -0.038846,    -0.066102,     0.002057,
  1604.700,    -0.043516,    -0.067510,    -0.003238,
  1604.750,    -0.038314,    -0.069713,    -0.003678,
  1604.800,    -0.071056,    -0.075049,     0.001852,
  1604.850,    -0.070776,    -0.068252,    -0.001644,
  1604.900,    -0.049236,    -0.068048,    -0.002295,
  1604.950,    -0.021728,    -0.057182,     0.000385,
  1605.000,    -0.039313,    -0.074073,     0.007381,
  1605.050,    -0.062009,    -0.073767,     0.008306,
  1605.100,    -0.058281,    -0.058804,     0.001265,
  1605.150,    -0.047112,    -0.074817,     0.000632,
  1605.200,    -0.049151,    -0.054424,    -0.004139,
  1605.250,    -0.049332,    -0.059604,    -0.001563,
  1605.300,    -0.067708,    -0.073760,    -0.006147,
  1605.350,    -0.079319,    -0.080658,    -0.004598,
  1605.400,    -0.072183,    -0.064059,    -0.006366,
  1605.450,    -0.075524,    -0.066206,    -0.011640,
  1605.500,    -0.075095,    -0.061892,    -0.004492,
  1605.550,    -0.079355,    -0.056416,    -0.001352,
  1605.600,    -0.091435,    -0.060449,    -0.002494,
  1605.650,    -0.080773,    -0.062375,    -0.005846,
  1605.700,    -0.075378,    -0.064690,    -0.013351,
  1605.750,    -0.095536,    -0.067201,    -0.010133,
  1605.800,    -0.074591,    -0.053317,    -0.000486,
  1605.850,    -0.094329,    -0.075328,    -0.002236,
  1605.900,    -0.097330,    -0.081720,    -0.012584,
  1605.950,    -0.086876,    -0.084957,    -0.006238,
  1606.000,    -0.082425,    -0.063255,    -0.007164,
  1606.050,    -0.087089,    -0.061329,    -0.006920,
  1606.100,    -0.097695,    -0.043735,    -0.004938,
  1606.150,    -0.084451,    -0.050841,    -0.004893,
  1606.200,    -0.088047,    -0.062682,    -0.000795,
  1606.250,    -0.100428,    -0.048538,     0.000611,
  1606.300,    -0.092601,    -0.051206,     0.002383,
  1606.350,    -0.096883,    -0.056931,     0.003450,
  1606.400,    -0.089011,    -0.061721,    -0.001739,
  1606.450,    -0.075911,    -0.077838,    -0.002171,
  1606.500,    -0.073830,    -0.075351,     0.000780,
  1606.550,    -0.091241,    -0.045355,     0.006211,
  1606.600,    -0.062605,    -0.075436,    -0.000412,
  1606.650,    -0.062513,    -0.075216,    -0.002266,
  1606.700,    -0.088659,    -0.067222,     0.001940,
  1606.750,    -0.092066,    -0.063340,     0.003424,
  1606.800,    -0.091711,    -0.069187,     0.004583,
  1606.850,    -0.085420,    -0.065506,     0.003661,
  1606.900,    -0.096641,    -0.051772,     0.005032,
  1606.950,    -0.090485,    -0.049198,     0.001440,
  1607.000,    -0.098527,    -0.044549,    -0.004672,
  1607.050,    -0.089374,    -0.057717,     0.000996,
  1607.100,    -0.069149,    -0.057853,    -0.001668,
  1607.150,    -0.080625,    -0.075347,    -0.004799,
  1607.200,    -0.092933,    -0.075670,     0.001396,
  1607.250,    -0.084498,    -0.067853,     0.000345,
  1607.300,    -0.086067,    -0.065862,    -0.009488,
  1607.350,    -0.085322,    -0.091792,    -0.005326,
  1607.400,    -0.107879,    -0.095613,    -0.003371,
  1607.450,    -0.098829,    -0.089350,    -0.004776,
  1607.500,    -0.104478,    -0.075400,    -0.007906,
  1607.550,    -0.121502,    -0.104859,    -0.008368,
  1607.600,    -0.117656,    -0.098777,    -0.008278,
  1607.650,    -0.128985,    -0.092790,    -0.006024,
  1607.700,    -0.128731,    -0.102410,    -0.011960,
  1607.750,    -0.133069,    -0.103796,    -0.009444,
  1607.800,    -0.135313,    -0.101278,    -0.009517,
  1607.850,    -0.150206,    -0.124529,    -0.007699,
  1607.900,    -0.149796,    -0.136633,    -0.007330,
  1607.950,    -0.151623,    -0.124998,    -0.006284,
  1608.000,    -0.163110,    -0.137278,    -0.003822,
  1608.050,    -0.156355,    -0.131250,    -0.003009,
  1608.100,    -0.170787,    -0.141260,    -0.001889,
  1608.150,    -0.155959,    -0.161652,    -0.000003,
  1608.200,    -0.156664,    -0.162870,     0.001929,
  1608.250,    -0.163623,    -0.156415,    -0.000297,
  1608.300,    -0.162179,    -0.147483,    -0.006051,
  1608.350,    -0.146571,    -0.147606,     0.001014,
  1608.400,    -0.156586,    -0.157783,    -0.003201,
  1608.450,    -0.138976,    -0.149063,    -0.000489,
  1608.500,    -0.145600,    -0.130967,     0.002080,
  1608.550,    -0.142559,    -0.132564,    -0.003102,
  1608.600,    -0.113995,    -0.131408,    -0.001421,
  1608.650,    -0.117982,    -0.119437,     0.004985,
  1608.700,    -0.115413,    -0.132012,     0.000868,
  1608.750,    -0.092881,    -0.130531,     0.002676,
  1608.800,    -0.102093,    -0.127366,     0.004339,
  1608.850,    -0.104472,    -0.114349,     0.000437,
  1608.900,    -0.090101,    -0.118084,     0.000465,
  1608.950,    -0.098087,    -0.108535,    -0.000197,
  1609.000,    -0.094173,    -0.122791,     0.000156,
  1609.050,    -0.101564,    -0.112637,     0.005562,
  1609.100,    -0.086926,    -0.100752,    -0.001917,
  1609.150,    -0.088157,    -0.101737,    -0.004801,
  1609.200,    -0.091276,    -0.083625,    -0.004353,
  1609.250,    -0.071776,    -0.090299,    -0.004097,
  1609.300,    -0.069210,    -0.092264,    -0.007896,
  1609.350,    -0.050311,    -0.063074,    -0.007152,
  1609.400,    -0.048743,    -0.072413,    -0.003027,
  1609.450,    -0.066363,    -0.097468,    -0.002718,
  1609.500,    -0.047123,    -0.062004,    -0.001337,
  1609.550,    -0.054476,    -0.074665,    -0.004399,
  1609.600,    -0.045072,    -0.082541,    -0.007304,
  1609.650,    -0.061720,    -0.095405,    -0.007195,
  1609.700,    -0.040979,    -0.072481,    -0.009632,
  1609.750,    -0.053145,    -0.073364,    -0.005293,
  1609.800,    -0.058441,    -0.048757,    -0.001723,
  1609.850,    -0.056480,    -0.050317,    -0.005863,
  1609.900,    -0.062210,    -0.050132,    -0.010566,
  1609.950,    -0.065494,    -0.052159,    -0.012590,
  1610.000,    -0.075200,    -0.076507,    -0.011419,
  1610.050,    -0.101676,    -0.090168,    -0.005197,
  1610.100,    -0.109379,    -0.092489,    -0.008784,
  1610.150,    -0.109686,    -0.092585,    -0.008141,
  1610.200,    -0.121594,    -0.087222,    -0.000779,
  1610.250,    -0.134322,    -0.102442,     0.003360,
  1610.300,    -0.126548,    -0.110517,     0.000199,
  1610.350,    -0.127725,    -0.117500,    -0.001966,
  1610.400,    -0.139130,    -0.123959,     0.000185,
  1610.450,    -0.148036,    -0.132789,     0.006400,
  1610.500,    -0.153304,    -0.137259,     0.003464,
  1610.550,    -0.147833,    -0.141640,     0.002649,
  1610.600,    -0.135999,    -0.131035,    -0.001709,
  1610.650,    -0.159286,    -0.137492,    -0.003251,
  1610.700,    -0.164167,    -0.131505,    -0.001417,
  1610.750,    -0.166363,    -0.161033,    -0.000773,
  1610.800,    -0.180859,    -0.172221,     0.001369,
  1610.850,    -0.185460,    -0.194941,     0.003059,
  1610.900,    -0.197357,    -0.172747,     0.005764,
  1610.950,    -0.183730,    -0.179672,     0.000830,
  1611.000,    -0.195617,    -0.196484,    -0.000571,
  1611.050,    -0.191711,    -0.217035,    -0.000623,
  1611.100,    -0.205557,    -0.213329,    -0.006765,
  1611.150,    -0.204895,    -0.239635,    -0.001270,
  1611.200,    -0.207121,    -0.240099,     0.000461,
  1611.250,    -0.212786,    -0.215287,    -0.005575,
  1611.300,    -0.213762,    -0.217257,    -0.006282,
  1611.350,    -0.200843,    -0.223915,    -0.006692,
  1611.400,    -0.200282,    -0.225158,    -0.002380,
  1611.450,    -0.204816,    -0.227445,    -0.001541,
  1611.500,    -0.210966,    -0.219021,    -0.013383,
  1611.550,    -0.204642,    -0.196926,    -0.004894,
  1611.600,    -0.203811,    -0.221091,     0.000278,
  1611.650,    -0.193838,    -0.212736,    -0.002534,
  1611.700,    -0.203339,    -0.199161,    -0.007619,
  1611.750,    -0.211025,    -0.192209,    -0.002523,
  1611.800,    -0.211628,    -0.199529,    -0.004274,
  1611.850,    -0.206218,    -0.174264,    -0.013296,
  1611.900,    -0.211403,    -0.168421,    -0.003657,
  1611.950,    -0.212833,    -0.185613,     0.002970,
  1612.000,    -0.212893,    -0.193127,    -0.009765,
  1612.050,    -0.208079,    -0.202004,    -0.013485,
  1612.100,    -0.216254,    -0.203686,    -0.008231,
  1612.150,    -0.197750,    -0.192196,    -0.006772,
  1612.200,    -0.210795,    -0.228909,    -0.003723,
  1612.250,    -0.208695,    -0.217702,    -0.000062,
  1612.300,    -0.216327,    -0.218946,    -0.004649,
  1612.350,    -0.222065,    -0.226065,     0.000470,
  1612.400,    -0.214969,    -0.209106,    -0.003745,
  1612.450,    -0.218803,    -0.219318,    -0.001150,
  1612.500,    -0.229406,    -0.206316,     0.001066,
  1612.550,    -0.238595,    -0.213026,     0.000709,
  1612.600,    -0.228928,    -0.230964,     0.003924,
  1612.650,    -0.247201,    -0.237960,     0.001096,
  1612.700,    -0.253325,    -0.240506,     0.000732,
  1612.750,    -0.241084,    -0.236160,    -0.003397,
  1612.800,    -0.238541,    -0.233167,    -0.000749,
  1612.850,    -0.251493,    -0.256656,     0.005294,
  1612.900,    -0.246915,    -0.239617,     0.004900,
  1612.950,    -0.250578,    -0.245471,    -0.001654,
  1613.000,    -0.251612,    -0.262886,    -0.000143,
  1613.050,    -0.259140,    -0.251333,     0.004830,
  1613.100,    -0.255646,    -0.256567,     0.001373,
  1613.150,    -0.264731,    -0.244889,     0.001586,
  1613.200,    -0.267563,    -0.267568,    -0.000526,
  1613.250,    -0.280040,    -0.263436,    -0.000156,
  1613.300,    -0.286685,    -0.261406,    -0.002604,
  1613.350,    -0.274646,    -0.262316,    -0.003183,
  1613.400,    -0.289318,    -0.263597,    -0.003075,
  1613.450,    -0.278121,    -0.263895,    -0.002584,
  1613.500,    -0.267156,    -0.253962,    -0.003221,
  1613.550,    -0.292659,    -0.267384,    -0.003820,
  1613.600,    -0.298106,    -0.282852,    -0.002734,
  1613.650,    -0.307422,    -0.294390,    -0.001503,
  1613.700,    -0.305178,    -0.269291,    -0.007067,
  1613.750,    -0.320416,    -0.296063,    -0.002587,
  1613.800,    -0.325527,    -0.295676,    -0.007879,
  1613.850,    -0.326013,    -0.290447,    -0.008734,
  1613.900,    -0.328500,    -0.308364,    -0.003274,
  1613.950,    -0.359410,    -0.311033,    -0.006287,
  1614.000,    -0.364632,    -0.298176,    -0.007820,
  1614.050,    -0.361540,    -0.320096,    -0.007117,
  1614.100,    -0.337434,    -0.327092,    -0.005759,
  1614.150,    -0.356347,    -0.336267,    -0.005000,
  1614.200,    -0.351411,    -0.347295,    -0.007968,
  1614.250,    -0.338679,    -0.345886,    -0.006665,
  1614.300,    -0.343560,    -0.330335,    -0.007081,
  1614.350,    -0.337808,    -0.335595,    -0.000330,
  1614.400,    -0.354095,    -0.326397,    -0.000968,
  1614.450,    -0.347985,    -0.335081,    -0.001975,
  1614.500,    -0.334558,    -0.341281,     0.000705,
  1614.550,    -0.354659,    -0.341916,     0.004132,
  1614.600,    -0.350859,    -0.342900,     0.001837,
  1614.650,    -0.350678,    -0.342125,     0.000928,
  1614.700,    -0.343244,    -0.318097,     0.002109,
  1614.750,    -0.352546,    -0.315540,     0.005066,
  1614.800,    -0.338586,    -0.298863,     0.006616,
  1614.850,    -0.336920,    -0.298416,     0.002776,
  1614.900,    -0.343986,    -0.312369,    -0.001830,
  1614.950,    -0.353149,    -0.298750,    -0.001625,
  1615.000,    -0.370416,    -0.299329,     0.001034,
  1615.050,    -0.383123,    -0.316875,    -0.000693,
  1615.100,    -0.390182,    -0.339941,     0.001361,
  1615.150,    -0.409875,    -0.354372,    -0.000418,
  1615.200,    -0.408206,    -0.349586,    -0.001061,
  1615.250,    -0.420846,    -0.375272,     0.001476,
  1615.300,    -0.440544,    -0.391255,    -0.000681,
  1615.350,    -0.454054,    -0.412063,     0.000539,
  1615.400,    -0.456208,    -0.422098,     0.000245,
  1615.450,    -0.448128,    -0.408363,    -0.003051,
  1615.500,    -0.449019,    -0.404922,    -0.001872,
  1615.550,    -0.451129,    -0.411461,    -0.001233,
  1615.600,    -0.444904,    -0.401083,    -0.001957,
  1615.650,    -0.439249,    -0.408784,    -0.004653,
  1615.700,    -0.453927,    -0.415894,    -0.005784,
  1615.750,    -0.465467,    -0.406058,    -0.009980,
  1615.800,    -0.461877,    -0.429032,    -0.009580,
  1615.850,    -0.462232,    -0.454615,    -0.003136,
  1615.900,    -0.484245,    -0.455064,    -0.001812,
  1615.950,    -0.493728,    -0.455368,     0.001230,
  1616.000,    -0.486259,    -0.466990,    -0.004048,
  1616.050,    -0.497281,    -0.474880,    -0.005659,
  1616.100,    -0.498284,    -0.480263,    -0.003481,
  1616.150,    -0.493417,    -0.480738,     0.000698,
  1616.200,    -0.506249,    -0.476577,    -0.000698,
  1616.250,    -0.509219,    -0.483261,     0.001380,
  1616.300,    -0.528021,    -0.490949,     0.001033,
  1616.350,    -0.519052,    -0.490765,    -0.002024,
  1616.400,    -0.524654,    -0.495713,    -0.000096,
  1616.450,    -0.514368,    -0.492477,     0.004010,
  1616.500,    -0.532525,    -0.503176,     0.002501,
  1616.550,    -0.532894,    -0.526755,     0.003133,
  1616.600,    -0.510310,    -0.506274,    -0.000664,
  1616.650,    -0.529568,    -0.492097,    -0.003932,
  1616.700,    -0.513892,    -0.494707,    -0.005015,
  1616.750,    -0.516666,    -0.491688,    -0.004148,
  1616.800,    -0.510318,    -0.491173,    -0.001320,
  1616.850,    -0.517267,    -0.493725,    -0.007158,
  1616.900,    -0.520950,    -0.487156,    -0.004969,
  1616.950,    -0.496355,    -0.489569,    -0.007572,
  1617.000,    -0.496170,    -0.506868,    -0.005032,
  1617.050,    -0.499646,    -0.487291,    -0.006706,
  1617.100,    -0.488632,    -0.474220,    -0.007801,
  1617.150,    -0.473091,    -0.483483,    -0.006328,
  1617.200,    -0.491859,    -0.473541,    -0.009468,
  1617.250,    -0.500563,    -0.474562,    -0.006819,
  1617.300,    -0.466673,    -0.456456,    -0.007792,
  1617.350,    -0.464225,    -0.446705,    -0.010169,
  1617.400,    -0.462014,    -0.459078,    -0.005738,
  1617.450,    -0.454107,    -0.445847,    -0.005250,
  1617.500,    -0.437394,    -0.438835,    -0.004959,
  1617.550,    -0.437087,    -0.433537,    -0.005425,
  1617.600,    -0.418392,    -0.436497,    -0.008707,
  1617.650,    -0.419382,    -0.418269,    -0.008459,
  1617.700,    -0.389362,    -0.416141,    -0.004065,
  1617.750,    -0.379791,    -0.407228,    -0.002094,
  1617.800,    -0.333766,    -0.401720,    -0.006313,
  1617.850,    -0.309118,    -0.380863,    -0.006012,
  1617.900,    -0.279765,    -0.371745,    -0.003815,
  1617.950,    -0.221653,    -0.338327,    -0.004607,
  1618.000,    -0.185258,    -0.281234,     0.003834,
  1618.050,    -0.134925,    -0.232384,     0.002323,
  1618.100,    -0.083209,    -0.193871,    -0.004619,
  1618.150,    -0.056012,    -0.161821,    -0.002219,
  1618.200,    -0.072053,    -0.119875,    -0.000729,
  1618.250,    -0.136794,    -0.077524,     0.002474,
  1618.300,    -0.282310,    -0.071774,     0.003588,
  1618.350,    -0.503710,    -0.087374,     0.005870,
  1618.400,    -0.820862,    -0.196099,     0.007314,
  1618.450,    -1.211089,    -0.348139,     0.006233,
  1618.500,    -1.640191,    -0.610612,     0.005423,
  1618.550,    -2.043318,    -0.952923,    -0.003788,
  1618.600,    -2.360761,    -1.333053,    -0.003604,
  1618.650,    -2.511521,    -1.743931,     0.000462,
  1618.700,    -2.455362,    -2.126887,    -0.004516,
  1618.750,    -2.198431,    -2.394161,    -0.007575,
  1618.800,    -1.808081,    -2.457728,    -0.006129,
  1618.850,    -1.375235,    -2.309845,    -0.006238,
  1618.900,    -0.966099,    -1.995652,    -0.005768,
  1618.950,    -0.641539,    -1.602009,    -0.005939,
  1619.000,    -0.403943,    -1.184876,    -0.007760,
  1619.050,    -0.225670,    -0.797805,    -0.001942,
  1619.100,    -0.144524,    -0.520714,    -0.010314,
  1619.150,    -0.156782,    -0.297820,    -0.012659,
  1619.200,    -0.189159,    -0.164513,    -0.004523,
  1619.250,    -0.268564,    -0.133796,    -0.004585,
  1619.300,    -0.327876,    -0.141140,    -0.005907,
  1619.350,    -0.398327,    -0.189173,    -0.001106,
  1619.400,    -0.470436,    -0.272831,    -0.002132,
  1619.450,    -0.527095,    -0.366149,    -0.006889,
  1619.500,    -0.576513,    -0.414662,    -0.006135,
  1619.550,    -0.606405,    -0.486669,    -0.009797,
  1619.600,    -0.611856,    -0.532702,    -0.004992,
  1619.650,    -0.610866,    -0.559336,     0.001087,
  1619.700,    -0.609684,    -0.580338,    -0.000377,
  1619.750,    -0.635751,    -0.589772,    -0.003852,
  1619.800,    -0.666910,    -0.591029,     0.000226,
  1619.850,    -0.690268,    -0.607447,     0.006446,
  1619.900,    -0.716667,    -0.624791,     0.000249,
  1619.950,    -0.764227,    -0.651564,     0.004015,
  1620.000,    -0.769925,    -0.699427,     0.010619,
  1620.050,    -0.790392,    -0.712156,     0.004707,
  1620.100,    -0.800927,    -0.740053,     0.007440,
  1620.150,    -0.806045,    -0.779035,     0.008904,
  1620.200,    -0.796991,    -0.777557,     0.001188,
  1620.250,    -0.785818,    -0.783301,     0.001629,
  1620.300,    -0.787152,    -0.795376,     0.005952,
  1620.350,    -0.799706,    -0.762885,     0.002718,
  1620.400,    -0.785698,    -0.756703,    -0.001310,
  1620.450,    -0.786212,    -0.755122,    -0.000702,
  1620.500,    -0.801234,    -0.759587,    -0.001450,
  1620.550,    -0.826113,    -0.770126,    -0.002854,
  1620.600,    -0.837665,    -0.762379,    -0.004294,
  1620.650,    -0.855073,    -0.799293,    -0.003508,
  1620.700,    -0.890393,    -0.826538,    -0.008304,
  1620.750,    -0.877805,    -0.825007,    -0.009981,
  1620.800,    -0.882044,    -0.836559,    -0.013841,
  1620.850,    -0.885730,    -0.864981,    -0.010075,
  1620.900,    -0.894559,    -0.872562,    -0.016056,
  1620.950,    -0.919324,    -0.863349,    -0.015170,
  1621.000,    -0.930633,    -0.892779,    -0.010215,
  1621.050,    -0.963883,    -0.900679,    -0.006762,
  1621.100,    -0.990864,    -0.903279,    -0.009368,
  1621.150,    -1.027125,    -0.929399,    -0.011677,
  1621.200,    -1.032290,    -0.946151,    -0.011517,
  1621.250,    -1.064305,    -0.973433,    -0.011665,
  1621.300,    -1.086515,    -1.002156,    -0.006558,
  1621.350,    -1.082306,    -1.031033,    -0.007604,
  1621.400,    -1.050830,    -1.055723,    -0.003010,
  1621.450,    -1.008934,    -1.082439,    -0.001563,
  1621.500,    -0.938715,    -1.040745,    -0.010001,
  1621.550,    -0.884976,    -1.007067,    -0.006842,
  1621.600,    -0.845836,    -0.969472,    -0.000040,
  1621.650,    -0.814145,    -0.923275,    -0.005968,
  1621.700,    -0.836952,    -0.868363,    -0.002750,
  1621.750,    -0.849737,    -0.839668,     0.008986,
  1621.800,    -0.880783,    -0.839075,     0.006403,
  1621.850,    -0.907299,    -0.835832,     0.004432,
  1621.900,    -0.936977,    -0.868083,     0.008743,
  1621.950,    -0.952074,    -0.905803,     0.003790,
  1622.000,    -0.953138,    -0.925178,     0.008611,
  1622.050,    -0.948155,    -0.925425,     0.010310,
  1622.100,    -0.933622,    -0.933014,     0.003787,
  1622.150,    -0.925667,    -0.943333,     0.007644,
  1622.200,    -0.888290,    -0.946160,     0.007980,
  1622.250,    -0.873155,    -0.947706,     0.000637,
  1622.300,    -0.857868,    -0.936598,    -0.000211,
  1622.350,    -0.826764,    -0.911204,     0.002857,
  1622.400,    -0.804955,    -0.902913,     0.000150,
  1622.450,    -0.810259,    -0.885350,    -0.001941,
  1622.500,    -0.767531,    -0.852988,     0.003538,
  1622.550,    -0.730801,    -0.809969,     0.003547,
  1622.600,    -0.651229,    -0.785377,    -0.003152,
  1622.650,    -0.575469,    -0.742969,    -0.002805,
  1622.700,    -0.465795,    -0.686576,    -0.005320,
  1622.750,    -0.345965,    -0.613374,    -0.008874,
  1622.800,    -0.226520,    -0.510101,    -0.012466,
  1622.850,    -0.086058,    -0.403846,    -0.012921,
  1622.900,     0.028497,    -0.275957,    -0.013527,
  1622.950,     0.078073,    -0.136301,    -0.011258,
  1623.000,     0.049818,    -0.013895,    -0.008331,
  1623.050,    -0.198132,     0.097326,    -0.007641,
  1623.100,    -0.720744,     0.115637,    -0.008569,
  1623.150,    -1.676773,     0.008123,    -0.008824,
  1623.200,    -3.153120,    -0.326249,    -0.006509,
  1623.250,    -5.257792,    -1.001347,    -0.007893,
  1623.300,    -7.951747,    -2.122518,    -0.006039,
  1623.350,   -11.037981,    -3.843026,    -0.005380,
  1623.400,   -14.088501,    -6.190226,    -0.006063,
  1623.450,   -16.491328,    -9.079033,    -0.003332,
  1623.500,   -17.518037,   -12.222148,    -0.001990,
  1623.550,   -16.601164,   -15.132563,    -0.002050,
  1623.600,   -13.597025,   -17.125555,     0.004403,
  1623.650,    -8.911321,   -17.493563,     0.001542,
  1623.700,    -3.396382,   -15.827166,     0.003198,
  1623.750,     1.848949,   -12.123533,     0.006013,
  1623.800,     5.860278,    -6.997025,     0.007446,
  1623.850,     8.117821,    -1.427215,     0.002890,
  1623.900,     8.533293,     3.484423,     0.003360,
  1623.950,     7.411681,     6.934489,     0.011803,
  1624.000,     5.174180,     8.513791,     0.010303,
  1624.050,     2.282598,     8.337132,     0.006219,
  1624.100,    -0.649801,     6.748450,    -0.003751,
  1624.150,    -3.123492,     4.178412,    -0.004383,
  1624.200,    -4.822040,     1.205607,     0.000409,
  1624.250,    -5.766790,    -1.618595,     0.000145,
  1624.300,    -6.156535,    -3.847212,    -0.003532,
  1624.350,    -6.125908,    -5.274983,    -0.004251,
  1624.400,    -5.678453,    -5.999073,    -0.003342,
  1624.450,    -4.875290,    -6.210488,    -0.001976,
  1624.500,    -3.860476,    -6.037645,    -0.004659,
  1624.550,    -2.951467,    -5.448199,    -0.004358,
  1624.600,    -2.332571,    -4.513717,    -0.003645,
  1624.650,    -1.887659,    -3.507028,    -0.001746,
  1624.700,    -1.560802,    -2.713990,    -0.004686,
  1624.750,    -1.236553,    -2.169706,     0.001556,
  1624.800,    -0.891296,    -1.805950,     0.001829,
  1624.850,    -0.524980,    -1.469886,    -0.004870,
  1624.900,    -0.064756,    -1.140785,    -0.002735,
  1624.950,     0.584626,    -0.812284,    -0.003216,
  1625.000,     1.393352,    -0.407357,    -0.006001,
  1625.050,     2.387420,     0.132472,    -0.006936,
  1625.100,     3.496635,     0.838794,    -0.007383,
  1625.150,     4.651951,     1.727241,    -0.005771,
  1625.200,     5.834815,     2.765705,    -0.001337,
  1625.250,     7.017758,     3.889177,    -0.004966,
  1625.300,     8.242028,     5.077292,    -0.000562,
  1625.350,     9.552612,     6.273234,    -0.001997,
  1625.400,    10.931001,     7.478472,     0.000951,
  1625.450,    12.449538,     8.746009,    -0.000268,
  1625.500,    14.184057,    10.060120,    -0.004253,
  1625.550,    16.173814,    11.467869,    -0.002675,
  1625.600,    18.541795,    13.071246,     0.002623,
  1625.650,    21.275320,    14.898890,    -0.002093,
  1625.700,    24.456984,    17.010325,    -0.003033,
  1625.750,    28.129784,    19.501218,    -0.007190,
  1625.800,    32.344235,    22.428147,    -0.014157,
  1625.850,    37.202876,    25.822997,    -0.005336,
  1625.900,    42.825695,    29.700968,    -0.009136,
  1625.950,    49.348703,    34.164119,    -0.016154,
  1626.000,    56.870329,    39.328189,    -0.012293,
  1626.050,    65.499702,    45.320874,    -0.011843,
  1626.100,    75.187613,    52.213222,    -0.017287,
  1626.150,    85.771526,    60.173804,    -0.012076,
  1626.200,    96.766767,    69.234329,    -0.016166,
  1626.250,   107.303937,    79.317423,    -0.017486,
  1626.300,   115.837119,    90.147328,    -0.011975,
  1626.350,   119.971528,   101.149397,    -0.007783,
  1626.400,   115.993584,   111.240914,    -0.000595,
  1626.450,    98.845943,   118.577158,     0.002343,
  1626.500,    62.243487,   120.330037,     0.006665,
  1626.550,    -0.556075,   112.301036,     0.019989,
  1626.600,   -95.020612,    88.936240,     0.030444,
  1626.650,  -222.679593,    43.654300,     0.037224,
  1626.700,  -378.240656,   -30.080523,     0.042626,
  1626.750,  -547.534959,  -136.599317,     0.038245,
  1626.800,  -707.249756,  -275.383844,     0.024532,
  1626.850,  -826.363304,  -438.202199,     0.020024,
  1626.900,  -870.459233,  -607.466873,     0.009998,
  1626.950,  -812.875675,  -756.832510,     0.005151,
  1627.000,  -650.513855,  -853.304042,     0.018647,
  1627.050,  -409.397501,  -863.652525,     0.031191,
  1627.100,  -133.896268,  -767.964910,     0.033430,
  1627.150,   130.463401,  -573.556554,     0.028900,
  1627.200,   351.229051,  -314.836492,     0.019458,
  1627.250,   511.320429,   -38.717001,     0.004985,
  1627.300,   602.656637,   213.204124,    -0.004285,
  1627.350,   623.446012,   414.370761,    -0.012717,
  1627.400,   581.547671,   551.418659,    -0.021366,
  1627.450,   496.179160,   618.154752,    -0.023177,
  1627.500,   393.087949,   615.650001,    -0.024459,
  1627.550,   293.568459,   555.920794,    -0.028401,
  1627.600,   207.180913,   461.606808,    -0.029438,
  1627.650,   134.489344,   358.092630,    -0.023319,
  1627.700,    75.607165,   262.795631,    -0.015142,
  1627.750,    34.636287,   181.288099,    -0.012821,
  1627.800,    14.951354,   113.143369,    -0.014073,
  1627.850,    12.762708,    59.884677,    -0.007747,
  1627.900,    17.671845,    26.164406,     0.001156,
  1627.950,    20.728091,    13.388737,     0.001429,
  1628.000,    19.521953,    14.807836,     0.000351,
  1628.050,    15.554870,    19.605023,     0.003552,
  1628.100,     9.246971,    20.976186,    -0.000566,
  1628.150,    -0.021089,    18.573325,     0.002200,
  1628.200,   -11.193802,    13.737354,     0.001557,
  1628.250,   -21.744959,     6.294082,    -0.002032,
  1628.300,   -29.439018,    -3.942722,     0.000434,
  1628.350,   -32.942871,   -15.291041,     0.001099,
  1628.400,   -31.451905,   -25.115936,    -0.002197,
  1628.450,   -25.451143,   -31.509963,    -0.002248,
  1628.500,   -17.284029,   -33.304194,    -0.000395,
  1628.550,    -9.881621,   -29.992888,    -0.002295,
  1628.600,    -4.649753,   -22.742302,    -0.003172,
  1628.650,    -1.950472,   -14.414926,    -0.005150,
  1628.700,    -1.990536,    -7.483234,    -0.008309,
  1628.750,    -4.392870,    -2.984859,    -0.008875,
  1628.800,    -8.109583,    -1.164252,    -0.007488,
  1628.850,   -12.228094,    -2.118112,    -0.006845,
  1628.900,   -15.908825,    -5.174189,    -0.007849,
  1628.950,   -17.890863,    -9.286403,    -0.012575,
  1629.000,   -17.508570,   -13.634145,    -0.010644,
  1629.050,   -15.456944,   -17.083424,    -0.009059,
  1629.100,   -12.748867,   -18.429742,    -0.005022,
  1629.150,    -9.593548,   -17.405915,    -0.009379,
  1629.200,    -6.275931,   -14.983355,    -0.007050,
  1629.250,    -3.896738,   -11.998510,    -0.000412,
  1629.300,    -2.826814,    -8.593464,    -0.005120,
  1629.350,    -2.183418,    -5.354663,    -0.004539,
  1629.400,    -1.653335,    -3.324842,    -0.004236,
  1629.450,    -1.956711,    -2.418323,    -0.002947,
  1629.500,    -3.172760,    -1.744800,     0.001070,
  1629.550,    -4.572858,    -1.435813,     0.000249,
  1629.600,    -5.836606,    -2.146204,     0.003662,
  1629.650,    -6.918406,    -3.579164,    -0.000775,
  1629.700,    -7.625064,    -5.007354,    -0.001353,
  1629.750,    -8.048925,    -6.289650,     0.005347,
  1629.800,    -8.608639,    -7.321848,     0.006750,
  1629.850,    -9.202093,    -7.916487,     0.004411,
  1629.900,    -9.605112,    -8.401538,     0.004234,
  1629.950,   -10.617868,    -9.063405,     0.002057,
  1630.000,   -13.135626,    -9.528301,     0.003033,
  1630.050,   -16.638252,    -9.995554,     0.007918,
  1630.100,   -19.938450,   -11.552468,     0.006856,
  1630.150,   -22.624693,   -14.581446,     0.007427,
  1630.200,   -24.677644,   -18.110098,     0.004624,
  1630.250,   -25.706955,   -21.159664,     0.007818,
  1630.300,   -24.840931,   -23.552278,     0.009588,
  1630.350,   -21.232994,   -25.200944,     0.007871,
  1630.400,   -14.765191,   -25.526302,     0.001910,
  1630.450,    -6.598758,   -23.619052,     0.003648,
  1630.500,     1.488292,   -18.819349,     0.005406,
  1630.550,     7.995296,   -11.499617,    -0.006206,
  1630.600,    12.134586,    -3.149112,    -0.006709,
  1630.650,    13.719239,     4.452853,    -0.004700,
  1630.700,    13.096812,    10.046533,    -0.004743,
  1630.750,    10.803163,    13.060233,    -0.004624,
  1630.800,     7.534647,    13.620158,    -0.008388,
  1630.850,     4.327648,    12.157680,    -0.010073,
  1630.900,     2.136925,     9.274574,    -0.014958,
  1630.950,     1.344756,     5.856123,    -0.008684,
  1631.000,     1.881264,     2.993944,    -0.006379,
  1631.050,     3.097988,     1.406954,    -0.016002,
  1631.100,     3.920356,     1.309775,    -0.020353,
  1631.150,     3.794169,     2.395546,    -0.016046,
  1631.200,     3.174659,     3.763499,    -0.009978,
  1631.250,     2.425910,     4.322650,    -0.011343,
  1631.300,     1.494525,     3.926636,    -0.011003,
  1631.350,     0.553473,     3.166550,    -0.009765,
  1631.400,    -0.092741,     2.265575,    -0.004696,
  1631.450,    -0.283011,     1.160862,    -0.006763,
  1631.500,    -0.105842,     0.170592,    -0.005124,
  1631.550,     0.246081,    -0.376537,    -0.002005,
  1631.600,     0.513261,    -0.448203,     0.000666,
  1631.650,     0.604141,    -0.184167,    -0.003768,
  1631.700,     0.756568,     0.207198,    -0.004947,
  1631.750,     1.020323,     0.439720,     0.002983,
  1631.800,     1.196304,     0.576219,    -0.002587,
  1631.850,     1.304492,     0.828175,     0.003126,
  1631.900,     1.370019,     1.151283,     0.008100,
  1631.950,     1.082325,     1.302174,     0.008477,
  1632.000,     0.280153,     1.393799,     0.010781,
  1632.050,    -0.587027,     1.363982,     0.010494,
  1632.100,    -0.917221,     0.892051,     0.005749,
  1632.150,    -0.504110,    -0.002850,     0.002160,
  1632.200,     0.290738,    -0.749953,     0.002813,
  1632.250,     0.769271,    -0.775002,     0.004138,
  1632.300,     0.536454,    -0.086435,     0.001875,
  1632.350,    -0.232392,     0.719788,     0.000540,
  1632.400,    -1.163707,     0.976297,     0.002360,
  1632.450,    -2.145180,     0.479779,    -0.001671,
  1632.500,    -3.167738,    -0.447088,    -0.003262,
  1632.550,    -3.867349,    -1.509570,    -0.000997,
  1632.600,    -3.862187,    -2.620741,    -0.002422,
  1632.650,    -3.054327,    -3.634282,    -0.007669,
  1632.700,    -1.647333,    -4.182021,    -0.006533,
  1632.750,    -0.043130,    -3.906807,    -0.004551,
  1632.800,     1.389701,    -2.793900,    -0.009204,
  1632.850,     2.401904,    -1.227206,    -0.006416,
  1632.900,     2.934850,     0.409447,    -0.013195,
  1632.950,     2.930864,     1.757836,    -0.013437,
  1633.000,     2.242361,     2.638111,    -0.012315,
  1633.050,     0.927633,     3.037544,    -0.011892,
  1633.100,    -0.439747,     2.807701,    -0.009762,
  1633.150,    -1.110266,     1.846147,    -0.010905,
  1633.200,    -0.852990,     0.418482,    -0.013564,
  1633.250,    -0.032474,    -0.781082,    -0.010725,
  1633.300,     0.771076,    -1.114038,    -0.005416,
  1633.350,     1.287327,    -0.548134,    -0.005930,
  1633.400,     1.691244,     0.372960,    -0.006857,
  1633.450,     2.052719,     1.093779,     0.000845,
  1633.500,     2.105785,     1.532629,     0.000195,
  1633.550,     1.581820,     1.931117,    -0.001341,
  1633.600,     0.805254,     2.205702,    -0.006685,
  1633.650,     0.368627,     2.028786,     0.000163,
  1633.700,     0.562305,     1.294591,    -0.004215,
  1633.750,     1.162999,     0.509281,    -0.002490,
  1633.800,     1.662841,     0.259539,     0.006767,
  1633.850,     1.938935,     0.637703,     0.001060,
  1633.900,     2.263654,     1.288410,    -0.001521,
  1633.950,     3.051941,     1.735328,     0.004301,
  1634.000,     4.225485,     2.004661,     0.003915,
  1634.050,     5.327310,     2.524687,    -0.004081,
  1634.100,     5.798051,     3.538086,    -0.006317,
  1634.150,     5.301030,     4.817174,     0.003874,
  1634.200,     3.931868,     5.771806,     0.001193,
  1634.250,     2.135790,     5.894634,    -0.004051,
  1634.300,     0.409827,     5.019867,    -0.004139,
  1634.350,    -0.901134,     3.374413,    -0.000191,
  1634.400,    -1.473247,     1.468931,     0.000461,
  1634.450,    -1.264948,    -0.234864,    -0.002411,
  1634.500,    -0.490831,    -1.331142,     0.000487,
  1634.550,     0.597374,    -1.620024,     0.000392,
  1634.600,     1.570441,    -1.193751,    -0.004584,
  1634.650,     2.027876,    -0.221375,    -0.001556,
  1634.700,     2.010953,     0.944310,    -0.008783,
  1634.750,     1.843196,     1.802740,    -0.006479,
  1634.800,     1.632846,     2.103127,    -0.005016,
  1634.850,     1.083192,     1.980898,    -0.008076,
  1634.900,     0.090903,     1.834150,    -0.005647,
  1634.950,    -1.184091,     1.554471,    -0.002551,
  1635.000,    -2.211275,     0.849765,    -0.007871,
  1635.050,    -2.430948,    -0.364628,    -0.006510,
  1635.100,    -1.861279,    -1.647068,    -0.004020,
  1635.150,    -0.801575,    -2.463542,    -0.002642,
  1635.200,     0.350413,    -2.393592,    -0.000597,
  1635.250,     1.384252,    -1.539666,    -0.004412,
  1635.300,     2.243097,    -0.367061,    -0.007024,
  1635.350,     2.742396,     0.786164,    -0.002088,
  1635.400,     2.794569,     1.800347,    -0.001576,
  1635.450,     2.613700,     2.567745,     0.001625,
  1635.500,     2.649054,     2.857418,     0.000654,
  1635.550,     3.295448,     2.729597,    -0.000004,
  1635.600,     4.411395,     2.507415,     0.000840,
  1635.650,     5.667296,     2.725166,    -0.002295,
  1635.700,     6.851606,     3.536522,    -0.001822,
  1635.750,     7.773616,     4.719953,    -0.001968,
  1635.800,     8.302917,     5.978758,    -0.006305,
  1635.850,     8.216244,     7.139484,    -0.005650,
  1635.900,     7.362486,     8.018270,    -0.006606,
  1635.950,     5.665369,     8.408722,    -0.004624,
  1636.000,     3.386077,     8.099335,    -0.005305,
  1636.050,     1.074466,     6.992960,    -0.005069,
  1636.100,    -0.689689,     5.083596,    -0.002616,
  1636.150,    -1.743842,     2.715300,    -0.005576,
  1636.200,    -2.297573,     0.553834,    -0.005019,
  1636.250,    -2.580876,    -0.974464,    -0.006676,
  1636.300,    -2.648110,    -1.866223,    -0.005124,
  1636.350,    -2.547774,    -2.360050,    -0.004385,
  1636.400,    -2.381672,    -2.625182,    -0.005361,
  1636.450,    -2.275802,    -2.683920,    -0.006098,
  1636.500,    -2.163375,    -2.569406,    -0.005583,
  1636.550,    -1.943137,    -2.462354,    -0.003172,
  1636.600,    -1.600895,    -2.381856,    -0.003815,
  1636.650,    -1.231173,    -2.249739,    -0.008154,
  1636.700,    -0.851612,    -1.943175,     0.000590,
  1636.750,    -0.310399,    -1.563875,     0.002693,
  1636.800,     0.372880,    -1.173989,    -0.002757,
  1636.850,     1.118733,    -0.740138,    -0.000165,
  1636.900,     1.941215,    -0.124872,     0.002095,
  1636.950,     2.865544,     0.609759,     0.006834,
  1637.000,     3.684422,     1.406203,     0.002349,
  1637.050,     4.061260,     2.317221,    -0.003800,
  1637.100,     3.656206,     3.254949,    -0.002278,
  1637.150,     2.467382,     4.003688,     0.003036,
  1637.200,     0.962250,     4.135708,     0.005652,
  1637.250,    -0.403237,     3.405202,     0.006151,
  1637.300,    -1.302018,     1.985505,     0.001812,
  1637.350,    -1.681279,     0.434592,    -0.000858,
  1637.400,    -1.432898,    -0.822254,     0.001651,
  1637.450,    -0.677252,    -1.575648,     0.007482,
  1637.500,     0.354626,    -1.729813,     0.001952,
  1637.550,     1.377254,    -1.255113,    -0.008997,
  1637.600,     2.178300,    -0.338612,     0.002408,
  1637.650,     2.726283,     0.763632,    -0.000653,
  1637.700,     3.133055,     1.740224,    -0.001457,
  1637.750,     3.322628,     2.460679,    -0.002727,
  1637.800,     3.202021,     2.958997,    -0.005470,
  1637.850,     2.895043,     3.299934,    -0.009969,
  1637.900,     2.571775,     3.385711,    -0.004501,
  1637.950,     2.254287,     3.162409,    -0.006645,
  1638.000,     1.836055,     2.824086,    -0.008832,
  1638.050,     1.289425,     2.523193,    -0.009783,
  1638.100,     0.739600,     2.167881,    -0.009452,
  1638.150,     0.341200,     1.673464,    -0.008066,
  1638.200,     0.223806,     1.097867,    -0.010795,
  1638.250,     0.269234,     0.595649,    -0.009632,
  1638.300,     0.267616,     0.267708,    -0.006135,
  1638.350,    -0.012875,     0.215812,    -0.011919,
  1638.400,    -0.560420,     0.300757,    -0.009940,
  1638.450,    -1.109770,     0.210374,    -0.008658,
  1638.500,    -1.304244,    -0.234144,    -0.009400,
  1638.550,    -1.052263,    -0.859218,    -0.002141,
  1638.600,    -0.492559,    -1.345800,    -0.004932,
  1638.650,     0.381782,    -1.384178,    -0.004003,
  1638.700,     1.585397,    -1.020408,    -0.002804,
  1638.750,     2.909564,    -0.342018,    -0.002503,
  1638.800,     3.960461,     0.725234,     0.000918,
  1638.850,     4.632830,     2.078701,    -0.002406,
  1638.900,     4.891334,     3.398893,    -0.004684,
  1638.950,     4.753241,     4.392974,     0.004609,
  1639.000,     4.121132,     4.958612,     0.003043,
  1639.050,     2.861019,     5.103479,     0.003722,
  1639.100,     1.013448,     4.824185,     0.000054,
  1639.150,    -1.074078,     3.945542,     0.002310,
  1639.200,    -2.976364,     2.410317,     0.002504,
  1639.250,    -4.318390,     0.343592,     0.005768,
  1639.300,    -4.972092,    -1.854028,     0.002970,
  1639.350,    -4.820723,    -3.661547,     0.000586,
  1639.400,    -3.755892,    -4.850082,     0.004079,
  1639.450,    -1.917467,    -5.255514,     0.001955,
  1639.500,     0.279449,    -4.758078,     0.001376,
  1639.550,     2.228164,    -3.317165,     0.000009,
  1639.600,     3.657414,    -1.240698,     0.001672,
  1639.650,     4.623642,     1.045305,    -0.002540,
  1639.700,     5.218532,     2.943423,    -0.006986,
  1639.750,     5.278121,     4.244858,    -0.003290,
  1639.800,     4.601855,     5.100088,    -0.002151,
  1639.850,     3.112123,     5.546860,    -0.003274,
  1639.900,     1.104154,     5.334418,    -0.006911,
  1639.950,    -0.893713,     4.304736,    -0.010674,
  1640.000,    -2.307556,     2.511987,    -0.007485,
  1640.050,    -2.869092,     0.352506,    -0.008500,
  1640.100,    -2.710460,    -1.575325,    -0.003879,
  1640.150,    -2.182922,    -2.746470,    -0.007948,
  1640.200,    -1.496634,    -3.031769,    -0.005869,
  1640.250,    -0.764011,    -2.697153,    -0.008216,
  1640.300,    -0.119790,    -2.044046,    -0.007687,
  1640.350,     0.235396,    -1.309203,    -0.007728,
  1640.400,     0.269065,    -0.531349,    -0.003049,
  1640.450,     0.298995,     0.062713,    -0.001284,
  1640.500,     0.712955,     0.293488,    -0.004934,
  1640.550,     1.627091,     0.269254,     0.000060,
  1640.600,     2.682877,     0.404838,     0.001636,
  1640.650,     3.527784,     1.032106,    -0.001314,
  1640.700,     3.983203,     2.062719,     0.001884,
  1640.750,     4.051201,     3.106748,    -0.004941,
  1640.800,     3.859566,     3.840306,     0.001016,
  1640.850,     3.352798,     4.170689,     0.002403,
  1640.900,     2.385498,     4.128747,     0.003074,
  1640.950,     1.056769,     3.825790,    -0.000955,
  1641.000,    -0.175890,     3.105605,     0.000684,
  1641.050,    -0.918826,     1.919317,    -0.000404,
  1641.100,    -0.954293,     0.499471,    -0.000404,
  1641.150,    -0.239315,    -0.655401,    -0.004203,
  1641.200,     1.086235,    -1.180790,     0.000036,
  1641.250,     2.836246,    -0.932680,     0.003404,
  1641.300,     4.774130,     0.065962,    -0.002801,
  1641.350,     6.561300,     1.640657,     0.003141,
  1641.400,     7.564640,     3.587384,     0.002390,
  1641.450,     7.325881,     5.627009,    -0.007368,
  1641.500,     5.884444,     7.283995,    -0.003369,
  1641.550,     3.830424,     7.929273,     0.000586,
  1641.600,     1.845885,     7.229707,    -0.005180,
  1641.650,     0.152368,     5.437746,    -0.005336,
  1641.700,    -1.329013,     3.255428,    -0.007044,
  1641.750,    -2.515935,     1.287893,    -0.005957,
  1641.800,    -3.037805,    -0.430065,    -0.009589,
  1641.850,    -2.781979,    -1.912394,    -0.007991,
  1641.900,    -2.151689,    -2.921142,    -0.005324,
  1641.950,    -1.645154,    -3.164518,    -0.009675,
  1642.000,    -1.532446,    -2.711609,    -0.007140,
  1642.050,    -1.709003,    -2.023525,    -0.004298,
  1642.100,    -2.036782,    -1.612473,    -0.002161,
  1642.150,    -2.206894,    -1.626222,    -0.000628,
  1642.200,    -1.994284,    -1.895577,    -0.000730,
  1642.250,    -1.193205,    -2.231396,    -0.002518,
  1642.300,     0.365595,    -2.317654,    -0.002602,
  1642.350,     2.539008,    -1.902629,     0.000070,
  1642.400,     4.802102,    -0.786280,    -0.006848,
  1642.450,     6.511392,     1.129492,    -0.002679,
  1642.500,     7.142095,     3.499094,    -0.003450,
  1642.550,     6.408575,     5.749574,    -0.001930,
  1642.600,     4.456071,     7.199591,     0.002661,
  1642.650,     1.923836,     7.364164,     0.001858,
  1642.700,    -0.596712,     6.108811,    -0.003688,
  1642.750,    -2.734882,     3.760737,     0.000291,
  1642.800,    -4.353725,     1.035424,    -0.000659,
  1642.850,    -5.253789,    -1.500944,    -0.000626,
  1642.900,    -5.039232,    -3.580921,     0.001656,
  1642.950,    -3.333052,    -5.075783,    -0.005289,
  1643.000,    -0.328643,    -5.654107,    -0.003114,
  1643.050,     3.285647,    -4.892246,    -0.000239,
  1643.100,     6.587037,    -2.572867,    -0.002902,
  1643.150,     8.727552,     0.931624,    -0.000852,
  1643.200,     9.321043,     4.734468,    -0.001705,
  1643.250,     8.253959,     7.863014,    -0.005511,
  1643.300,     5.784178,     9.581584,    -0.003286,
  1643.350,     2.524562,     9.571676,    -0.002927,
  1643.400,    -0.787813,     7.899424,    -0.000506,
  1643.450,    -3.447075,     4.949290,    -0.002511,
  1643.500,    -4.894808,     1.389123,    -0.001165,
  1643.550,    -5.091669,    -1.934049,    -0.005237,
  1643.600,    -4.580409,    -4.311451,    -0.005792,
  1643.650,    -3.768487,    -5.354010,    -0.004104,
  1643.700,    -2.882884,    -5.268690,     0.001126,
  1643.750,    -1.896612,    -4.557273,     0.003833,
  1643.800,    -0.799655,    -3.695180,    -0.001599,
  1643.850,     0.305106,    -2.738433,    -0.001997,
  1643.900,     1.111278,    -1.598857,    -0.001047,
  1643.950,     1.743039,    -0.426964,     0.000247,
  1644.000,     2.315265,     0.606600,    -0.002110,
  1644.050,     2.778174,     1.409146,    -0.000554,
  1644.100,     3.050662,     2.057791,    -0.000374,
  1644.150,     3.116644,     2.602047,     0.000066,
  1644.200,     3.018278,     3.052287,    -0.002977,
  1644.250,     2.853387,     3.248419,    -0.004089,
  1644.300,     2.472974,     3.271796,    -0.002342,
  1644.350,     1.775284,     3.133470,     0.000964,
  1644.400,     0.632964,     2.880073,     0.001244,
  1644.450,    -0.837815,     2.369453,    -0.004049,
  1644.500,    -2.414913,     1.468208,    -0.002272,
  1644.550,    -3.852386,     0.140516,    -0.002294,
  1644.600,    -4.832747,    -1.456805,    -0.004636,
  1644.650,    -5.049959,    -3.080571,    -0.009537,
  1644.700,    -4.217849,    -4.479910,    -0.006834,
  1644.750,    -2.404187,    -5.262017,    -0.001030,
  1644.800,    -0.077378,    -5.094079,     0.000042,
  1644.850,     2.393071,    -3.856473,    -0.002891,
  1644.900,     4.585704,    -1.698483,    -0.003251,
  1644.950,     6.220289,     0.847717,    -0.008470,
  1645.000,     6.912466,     3.351845,    -0.007390,
  1645.050,     6.404262,     5.478878,    -0.003920,
  1645.100,     4.788593,     6.879348,    -0.002129,
  1645.150,     2.516563,     7.193092,     0.003692,
  1645.200,     0.242554,     6.209300,     0.001604,
  1645.250,    -1.496264,     4.192611,     0.001518,
  1645.300,    -2.456365,     1.729110,    -0.001842,
  1645.350,    -2.616545,    -0.502945,    -0.003849,
  1645.400,    -1.954806,    -2.066343,    -0.002310,
  1645.450,    -0.754973,    -2.800311,    -0.001187,
  1645.500,     0.526233,    -2.672023,    -0.002878,
  1645.550,     1.460984,    -1.756019,    -0.003263,
  1645.600,     1.886927,    -0.414681,    -0.004800,
  1645.650,     1.841254,     0.885057,    -0.003928,
  1645.700,     1.628894,     1.681047,    -0.004136,
  1645.750,     1.540219,     1.914041,    -0.001724,
  1645.800,     1.680267,     1.801556,     0.002295,
  1645.850,     1.932667,     1.604196,     0.003723,
  1645.900,     2.219410,     1.597945,    -0.007285,
  1645.950,     2.628554,     1.796716,    -0.010733,
  1646.000,     3.117740,     2.086455,     0.001712,
  1646.050,     3.565070,     2.404416,     0.002170,
  1646.100,     3.587514,     2.883028,    -0.000869,
  1646.150,     2.729156,     3.470125,    -0.000407,
  1646.200,     1.079662,     3.800494,     0.001469,
  1646.250,    -0.889203,     3.519708,    -0.000642,
  1646.300,    -2.609593,     2.324408,    -0.001794,
  1646.350,    -3.854776,     0.377733,    -0.007418,
  1646.400,    -4.544045,    -1.639211,    -0.010558,
  1646.450,    -4.546233,    -3.273408,    -0.009306,
  1646.500,    -3.462088,    -4.368732,    -0.010558,
  1646.550,    -1.087440,    -4.902630,    -0.006082,
  1646.600,     2.086234,    -4.539004,    -0.005042,
  1646.650,     5.189209,    -2.895854,    -0.001320,
  1646.700,     7.338830,    -0.051166,    -0.000164,
  1646.750,     8.087355,     3.371334,    -0.001076,
  1646.800,     7.443200,     6.374152,    -0.008584,
  1646.850,     5.710928,     8.159886,    -0.014612,
  1646.900,     3.257935,     8.407146,    -0.005664,
  1646.950,     0.545316,     7.260378,     0.002249,
  1647.000,    -1.961885,     5.100806,     0.000245,
  1647.050,    -3.603708,     2.369490,     0.001603,
  1647.100,    -3.928888,    -0.467867,     0.000719,
  1647.150,    -3.014505,    -2.881076,    -0.009235,
  1647.200,    -1.386926,    -4.160517,    -0.006249,
  1647.250,     0.412912,    -4.009448,     0.001254,
  1647.300,     1.997400,    -2.728079,     0.006335,
  1647.350,     3.124807,    -0.931201,     0.002560,
  1647.400,     3.568705,     0.907262,    -0.003413,
  1647.450,     3.203329,     2.466837,    -0.001930,
  1647.500,     2.150726,     3.419829,    -0.003128,
  1647.550,     0.940568,     3.613173,     0.004473,
  1647.600,     0.192610,     2.940241,     0.007212,
  1647.650,     0.237762,     1.733533,    -0.008055,
  1647.700,     0.880244,     0.600073,    -0.001905,
  1647.750,     1.598653,     0.106117,     0.005344,
  1647.800,     2.127553,     0.398465,     0.006859,
  1647.850,     2.313344,     1.138148,    -0.004525,
  1647.900,     2.230706,     1.833618,    -0.011004,
  1647.950,     1.868838,     2.254569,    -0.006355,
  1648.000,     1.308284,     2.366573,    -0.002677,
  1648.050,     0.668035,     2.160168,    -0.008440,
  1648.100,     0.096689,     1.678289,    -0.007114,
  1648.150,    -0.328037,     1.088022,    -0.001880,
  1648.200,    -0.485921,     0.468325,    -0.006518,
  1648.250,    -0.232736,    -0.085080,    -0.002751,
  1648.300,     0.343555,    -0.424321,    -0.007442,
  1648.350,     1.166908,    -0.445310,    -0.007441,
  1648.400,     2.094870,    -0.052121,    -0.008554,
  1648.450,     2.953092,     0.676347,    -0.003860,
  1648.500,     3.472289,     1.592305,    -0.005194,
  1648.550,     3.306044,     2.568017,     0.002596,
  1648.600,     2.283805,     3.345554,    -0.002466,
  1648.650,     0.695301,     3.660376,    -0.002295,
  1648.700,    -0.846287,     3.156357,    -0.001820,
  1648.750,    -1.710650,     1.812877,    -0.007393,
  1648.800,    -1.775781,     0.100915,     0.001218,
  1648.850,    -1.295339,    -1.311793,     0.003243,
  1648.900,    -0.561374,    -1.930688,    -0.000683,
  1648.950,     0.415852,    -1.794235,    -0.000179,
  1649.000,     1.537048,    -1.199253,     0.002580,
  1649.050,     2.528823,    -0.342031,    -0.000842,
  1649.100,     3.023830,     0.771827,    -0.000451,
  1649.150,     2.948820,     1.928787,     0.005633,
  1649.200,     2.432923,     2.813558,    -0.001459,
  1649.250,     1.785393,     3.133130,     0.001343,
  1649.300,     1.133734,     2.861016,     0.004225,
  1649.350,     0.686515,     2.236333,    -0.000711,
  1649.400,     0.504615,     1.521251,    -0.001858,
  1649.450,     0.740152,     0.906289,    -0.005095,
  1649.500,     1.303046,     0.542241,    -0.005802,
  1649.550,     1.998337,     0.529363,    -0.005644,
  1649.600,     2.526229,     0.919639,    -0.008653,
  1649.650,     2.737143,     1.593277,    -0.003645,
  1649.700,     2.486259,     2.286626,    -0.003380,
  1649.750,     1.847212,     2.769640,    -0.005724,
  1649.800,     1.007867,     2.829136,     0.000271,
  1649.850,     0.270869,     2.390700,    -0.007527,
  1649.900,    -0.164205,     1.623867,    -0.002353,
  1649.950,    -0.306824,     0.734181,    -0.004656,
  1650.000,    -0.019800,     0.053056,    -0.003788,
  1650.050,     0.741087,    -0.300182,    -0.005449,
  1650.100,     1.803176,    -0.330311,    -0.005612,
  1650.150,     2.856796,     0.160527,    -0.005472,
  1650.200,     3.774535,     1.115636,    -0.005042,
  1650.250,     4.450233,     2.248310,    -0.002440,
  1650.300,     4.671628,     3.317872,    -0.005887,
  1650.350,     4.178319,     4.218050,    -0.005082,
  1650.400,     2.801092,     4.802698,    -0.003060,
  1650.450,     0.842956,     4.799560,    -0.002336,
  1650.500,    -1.227619,     3.937437,     0.000931,
  1650.550,    -2.897285,     2.234988,    -0.003809,
  1650.600,    -3.797411,     0.093360,    -0.004064,
  1650.650,    -3.655937,    -1.962899,     0.000002,
  1650.700,    -2.437128,    -3.475688,    -0.002073,
  1650.750,    -0.552897,    -4.036231,     0.000571,
  1650.800,     1.234663,    -3.473809,    -0.003160,
  1650.850,     2.371733,    -1.886582,    -0.001906,
  1650.900,     2.682054,     0.126319,    -0.001232,
  1650.950,     2.304628,     1.818449,     0.004476,
  1651.000,     1.533346,     2.693813,     0.003101,
  1651.050,     0.553543,     2.733047,    -0.007541,
  1651.100,    -0.524565,     2.152289,    -0.003315,
  1651.150,    -1.451651,     1.258361,    -0.004738,
  1651.200,    -2.027503,     0.158188,    -0.000653,
  1651.250,    -2.137422,    -0.942973,    -0.001471,
  1651.300,    -1.734322,    -1.804075,    -0.000183,
  1651.350,    -0.903362,    -2.231281,     0.001097,
  1651.400,     0.193592,    -2.134919,    -0.004301,
  1651.450,     1.195354,    -1.592647,    -0.001896,
  1651.500,     1.738987,    -0.586536,    -0.004476,
  1651.550,     1.781463,     0.569924,    -0.003825,
  1651.600,     1.403152,     1.485851,    -0.005570,
  1651.650,     0.866147,     1.863712,    -0.002510,
  1651.700,     0.404264,     1.731539,    -0.000695,
  1651.750,     0.263311,     1.275343,    -0.002826,
  1651.800,     0.629700,     0.735871,    -0.000723,
  1651.850,     1.312849,     0.323951,     0.000279,
  1651.900,     1.964329,     0.344839,     0.000466,
  1651.950,     2.380401,     0.881324,    -0.008445,
  1652.000,     2.499869,     1.640736,    -0.005220,
  1652.050,     2.258094,     2.277143,    -0.002496,
  1652.100,     1.634669,     2.580827,    -0.007114,
  1652.150,     0.599081,     2.568938,    -0.005510,
  1652.200,    -0.480965,     2.170394,    -0.004747,
  1652.250,    -1.205571,     1.352140,    -0.001184,
  1652.300,    -1.183285,     0.204674,    -0.002867,
  1652.350,    -0.358384,    -0.882404,     0.001919,
  1652.400,     0.963552,    -1.414204,     0.002647,
  1652.450,     2.182327,    -1.075575,    -0.001684,
  1652.500,     2.976786,     0.051595,    -0.004049,
  1652.550,     3.325082,     1.459865,    -0.002847,
  1652.600,     3.194837,     2.605237,    -0.001484,
  1652.650,     2.556801,     3.283422,    -0.005492,
  1652.700,     1.457399,     3.466495,     0.000285,
  1652.750,     0.136232,     3.142623,    -0.000684,
  1652.800,    -1.105936,     2.283277,    -0.002508,
  1652.850,    -1.890237,     0.979266,    -0.002460,
  1652.900,    -2.083064,    -0.404800,    -0.000934,
  1652.950,    -1.732390,    -1.550247,    -0.000176,
  1653.000,    -1.012990,    -2.182721,    -0.002774,
  1653.050,    -0.096554,    -2.153554,    -0.001936,
  1653.100,     1.005093,    -1.634214,    -0.002865,
  1653.150,     2.185549,    -0.797085,     0.000560,
  1653.200,     3.164022,     0.248118,    -0.002517,
  1653.250,     3.634698,     1.459119,    -0.004455,
  1653.300,     3.593343,     2.663853,    -0.003871,
  1653.350,     3.198254,     3.522087,    -0.002722,
  1653.400,     2.614593,     3.822955,    -0.004507,
  1653.450,     1.981145,     3.637938,    -0.000991,
  1653.500,     1.331951,     3.161850,     0.001462,
  1653.550,     0.930666,     2.520111,    -0.000803,
  1653.600,     0.960627,     1.814874,    -0.005280,
  1653.650,     1.404765,     1.234400,    -0.002866,
  1653.700,     2.026568,     0.964248,    -0.006421,
  1653.750,     2.413304,     1.153447,    -0.006813,
  1653.800,     2.267629,     1.694563,    -0.003756,
  1653.850,     1.636519,     2.303654,    -0.004679,
  1653.900,     0.741565,     2.495366,    -0.002183,
  1653.950,    -0.175765,     2.154924,    -0.003764,
  1654.000,    -0.834527,     1.370564,     0.000686,
  1654.050,    -1.018630,     0.382061,     0.000774,
  1654.100,    -0.600207,    -0.531363,    -0.006245,
  1654.150,     0.310207,    -1.062805,    -0.003029,
  1654.200,     1.470056,    -1.035515,     0.001434,
  1654.250,     2.689921,    -0.385731,    -0.005699,
  1654.300,     3.662116,     0.691815,    -0.001266,
  1654.350,     4.162444,     1.933382,    -0.001661,
  1654.400,     4.095622,     3.167818,    -0.008729,
  1654.450,     3.574413,     4.040509,     0.000575,
  1654.500,     2.818083,     4.375167,    -0.000825,
  1654.550,     1.910875,     4.107046,    -0.007189,
  1654.600,     0.781953,     3.441271,    -0.000108,
  1654.650,    -0.381411,     2.591825,    -0.005822,
  1654.700,    -1.339424,     1.536290,     0.001319,
  1654.750,    -1.824062,     0.339489,    -0.004703,
  1654.800,    -1.807979,    -0.839023,    -0.001947,
  1654.850,    -1.387172,    -1.675263,    -0.002967,
  1654.900,    -0.722358,    -1.996982,    -0.003677,
  1654.950,     0.228805,    -1.820432,    -0.002341,
  1655.000,     1.377427,    -1.270407,    -0.003015,
  1655.050,     2.534995,    -0.493290,     0.000090,
  1655.100,     3.394426,     0.607018,    -0.002334,
  1655.150,     3.869824,     1.841395,     0.000172,
  1655.200,     3.981582,     2.976855,    -0.000446,
  1655.250,     3.804525,     3.762788,     0.002235,
  1655.300,     3.335022,     4.141734,     0.002605,
  1655.350,     2.490124,     4.145293,    -0.001506,
  1655.400,     1.315064,     3.864822,     0.000932,
  1655.450,     0.002005,     3.244388,     0.000961,
  1655.500,    -1.069266,     2.195073,     0.000146,
  1655.550,    -1.632916,     0.900733,    -0.003191,
  1655.600,    -1.695901,    -0.429988,    -0.000515,
  1655.650,    -1.477223,    -1.408666,    -0.003702,
  1655.700,    -1.124810,    -1.807847,    -0.000946,
  1655.750,    -0.713657,    -1.769096,     0.001014,
  1655.800,    -0.124599,    -1.473016,    -0.003785,
  1655.850,     0.632057,    -1.085380,    -0.002880,
  1655.900,     1.488237,    -0.577102,    -0.003414,
  1655.950,     2.400366,     0.080463,    -0.009154,
  1656.000,     3.277824,     0.942668,    -0.005361,
  1656.050,     3.914276,     1.876642,    -0.006094,
  1656.100,     4.103727,     2.847501,    -0.001998,
  1656.150,     3.559526,     3.721898,    -0.006611,
  1656.200,     2.358093,     4.248206,    -0.006330,
  1656.250,     0.821930,     4.202214,    -0.005352,
  1656.300,    -0.560595,     3.353246,    -0.001257,
  1656.350,    -1.597565,     1.916903,    -0.006472,
  1656.400,    -2.160792,     0.319465,    -0.005413,
  1656.450,    -2.457099,    -1.015867,     0.002624,
  1656.500,    -2.471895,    -1.926385,    -0.002943,
  1656.550,    -2.328863,    -2.433142,    -0.005516,
  1656.600,    -2.139564,    -2.618615,    -0.005889,
  1656.650,    -1.778014,    -2.587156,    -0.001977,
  1656.700,    -1.138091,    -2.401076,    -0.000280,
  1656.750,    -0.153205,    -2.161640,     0.001452,
  1656.800,     1.004116,    -1.677688,    -0.000162,
  1656.850,     2.102509,    -0.860168,     0.002363,
  1656.900,     2.814918,     0.249309,     0.006138,
  1656.950,     3.021977,     1.487038,     0.003745,
  1657.000,     2.652735,     2.530050,     0.003760,
  1657.050,     1.942629,     3.091155,     0.002818,
  1657.100,     1.131517,     3.094993,    -0.001493,
  1657.150,     0.323925,     2.552871,     0.002051,
  1657.200,    -0.260276,     1.766720,    -0.001327,
  1657.250,    -0.556843,     0.884781,     0.001631,
  1657.300,    -0.588674,     0.133546,    -0.000342,
  1657.350,    -0.418620,    -0.366438,     0.007054,
  1657.400,    -0.085476,    -0.600281,    -0.002719,
  1657.450,     0.290153,    -0.555912,    -0.002174,
  1657.500,     0.474409,    -0.281646,    -0.003470,
  1657.550,     0.401386,     0.095342,    -0.011940,
  1657.600,     0.222966,     0.421960,    -0.013272,
  1657.650,     0.234541,     0.527875,    -0.007015,
  1657.700,     0.552965,     0.364514,    -0.009899,
  1657.750,     1.002220,     0.217246,    -0.010536,
  1657.800,     1.510416,     0.330583,    -0.009615,
  1657.850,     1.877388,     0.759865,    -0.011723,
  1657.900,     2.003462,     1.271932,    -0.011847,
  1657.950,     1.799204,     1.754661,    -0.011715,
  1658.000,     1.377462,     2.053071,    -0.003581,
  1658.050,     0.879331,     2.051475,    -0.004031,
  1658.100,     0.431924,     1.749968,     0.000052,
  1658.150,     0.031597,     1.257728,    -0.004840,
  1658.200,    -0.308916,     0.738166,    -0.010632,
  1658.250,    -0.509610,     0.284834,    -0.002527,
  1658.300,    -0.500421,    -0.112484,    -0.001453,
  1658.350,    -0.250315,    -0.434638,     0.004605,
  1658.400,     0.078444,    -0.599247,     0.005751,
  1658.450,     0.582505,    -0.513607,     0.005609,
  1658.500,     1.367584,    -0.238587,     0.004321,
  1658.550,     2.580223,     0.133237,     0.003218,
  1658.600,     4.203580,     0.732043,     0.003114,
  1658.650,     5.847787,     1.685146,     0.006020,
  1658.700,     7.065001,     3.120261,     0.011718,
  1658.750,     7.511562,     4.878546,     0.005859,
  1658.800,     7.087779,     6.469332,     0.001800,
  1658.850,     6.075301,     7.482532,     0.003099,
  1658.900,     4.766641,     7.620730,     0.003434,
  1658.950,     3.426314,     6.938656,     0.002809,
  1659.000,     2.222473,     5.741972,    -0.001496,
  1659.050,     1.311922,     4.359323,    -0.000719,
  1659.100,     0.846557,     2.981788,    -0.003839,
  1659.150,     0.883815,     1.775527,    -0.008464,
  1659.200,     1.248247,     0.980509,    -0.010741,
  1659.250,     1.773985,     0.699717,    -0.009974,
  1659.300,     2.304985,     0.885243,    -0.011048,
  1659.350,     2.884597,     1.351445,    -0.009542,
  1659.400,     3.449765,     1.931611,    -0.013424,
  1659.450,     3.748479,     2.507167,    -0.010210,
  1659.500,     3.647211,     3.134061,    -0.010635,
  1659.550,     3.160250,     3.689834,    -0.005624,
  1659.600,     2.515956,     3.875714,    -0.005762,
  1659.650,     1.774495,     3.622396,    -0.014586,
  1659.700,     0.852064,     3.076737,    -0.012461,
  1659.750,    -0.343277,     2.395314,    -0.004573,
  1659.800,    -1.501357,     1.571273,    -0.005398,
  1659.850,    -2.464600,     0.503013,    -0.008885,
  1659.900,    -3.056083,    -0.738879,    -0.003695,
  1659.950,    -3.197393,    -1.913048,     0.006375,
  1660.000,    -2.922471,    -2.798245,    -0.001499,
  1660.050,    -2.348303,    -3.224781,    -0.003304,
  1660.100,    -1.683522,    -3.221053,     0.002218,
  1660.150,    -1.060441,    -2.804620,     0.005421,
  1660.200,    -0.570897,    -2.148245,     0.005236,
  1660.250,    -0.279232,    -1.410656,     0.003540,
  1660.300,    -0.190358,    -0.797256,     0.004035,
  1660.350,    -0.219524,    -0.388298,     0.001498,
  1660.400,    -0.270969,    -0.171309,     0.003368,
  1660.450,    -0.104054,    -0.143347,     0.004712,
  1660.500,     0.448599,    -0.234229,     0.008983,
  1660.550,     1.188989,    -0.228577,     0.007290,
  1660.600,     1.798426,     0.068801,     0.005695,
  1660.650,     2.012730,     0.701912,     0.003457,
  1660.700,     1.824060,     1.453997,     0.001235,
  1660.750,     1.382752,     1.984452,    -0.000453,
  1660.800,     0.943105,     2.009002,    -0.005799,
  1660.850,     0.648519,     1.682645,    -0.003051,
  1660.900,     0.550274,     1.189318,    -0.003768,
  1660.950,     0.770165,     0.793602,    -0.012529,
  1661.000,     1.377758,     0.557561,    -0.008103,
  1661.050,     2.264448,     0.544060,    -0.008501,
  1661.100,     3.096121,     0.916237,    -0.010220,
  1661.150,     3.525740,     1.670847,    -0.013897,
  1661.200,     3.506740,     2.608497,    -0.009458,
  1661.250,     3.196438,     3.331257,    -0.006831,
  1661.300,     2.833990,     3.644647,    -0.017808,
  1661.350,     2.467916,     3.527449,    -0.014527,
  1661.400,     1.954899,     3.179844,    -0.005671,
  1661.450,     1.344589,     2.787319,    -0.006844,
  1661.500,     0.809729,     2.367567,    -0.004579,
  1661.550,     0.521847,     1.812792,    -0.005990,
  1661.600,     0.476298,     1.181724,    -0.004813,
  1661.650,     0.381277,     0.711117,    -0.006190,
  1661.700,     0.076198,     0.530947,     0.001170,
  1661.750,    -0.442647,     0.488361,     0.003138,
  1661.800,    -0.986677,     0.321276,    -0.002014,
  1661.850,    -1.456947,    -0.099044,     0.001262,
  1661.900,    -1.898081,    -0.638216,     0.004530,
  1661.950,    -2.364887,    -1.168492,     0.005584,
  1662.000,    -2.705972,    -1.642323,     0.003842,
  1662.050,    -2.737201,    -2.128541,     0.005918,
  1662.100,    -2.335521,    -2.609287,     0.004783,
  1662.150,    -1.442373,    -2.854005,     0.003699,
  1662.200,    -0.294061,    -2.758244,     0.001541,
  1662.250,     0.843612,    -2.142191,     0.004058,
  1662.300,     1.771557,    -1.104436,    -0.000848,
  1662.350,     2.335793,     0.149055,    -0.002461,
  1662.400,     2.584064,     1.298726,    -0.002546,
  1662.450,     2.368971,     2.152069,    -0.001586,
  1662.500,     1.707592,     2.652522,    -0.004335,
  1662.550,     0.684043,     2.712479,    -0.009448,
  1662.600,    -0.447910,     2.335582,    -0.011606,
  1662.650,    -1.387178,     1.505367,    -0.004522,
  1662.700,    -1.786291,     0.331977,    -0.005586,
  1662.750,    -1.597950,    -0.850503,    -0.008738,
  1662.800,    -0.902348,    -1.663087,    -0.006613,
  1662.850,     0.103751,    -1.851653,    -0.003381,
  1662.900,     1.204133,    -1.462013,    -0.004745,
  1662.950,     2.111273,    -0.657694,    -0.006872,
  1663.000,     2.535688,     0.470056,    -0.001087,
  1663.050,     2.331411,     1.611680,    -0.002342,
  1663.100,     1.727803,     2.417804,     0.000357,
  1663.150,     1.059488,     2.618604,    -0.003805,
  1663.200,     0.493491,     2.236875,     0.000040,
  1663.250,     0.008805,     1.566728,     0.001183,
  1663.300,    -0.374436,     0.909070,    -0.001313,
  1663.350,    -0.611518,     0.335290,    -0.004323,
  1663.400,    -0.625528,    -0.128584,    -0.000704,
  1663.450,    -0.443329,    -0.489109,     0.000398,
  1663.500,    -0.127106,    -0.683536,    -0.007357,
  1663.550,     0.272198,    -0.652590,    -0.005423,
  1663.600,     0.724949,    -0.385626,     0.000808,
  1663.650,     1.084612,    -0.017839,    -0.006644,
  1663.700,     1.265066,     0.444444,    -0.004777,
  1663.750,     1.145467,     0.892524,    -0.001114,
  1663.800,     0.905185,     1.193859,    -0.004500,
  1663.850,     0.700262,     1.264822,    -0.005008,
  1663.900,     0.692310,     1.118718,    -0.000103,
  1663.950,     0.905801,     0.847465,    -0.001361,
  1664.000,     1.327157,     0.643507,    -0.005371,
  1664.050,     1.852442,     0.751317,    -0.004567,
  1664.100,     2.457895,     1.032894,    -0.002108,
  1664.150,     3.091112,     1.532328,    -0.002818,
  1664.200,     3.635433,     2.102100,    -0.007137,
  1664.250,     3.999833,     2.741598,    -0.007475,
  1664.300,     4.254820,     3.404021,     0.003652,
  1664.350,     4.475339,     3.894127,    -0.001380,
  1664.400,     4.764868,     4.234944,     0.003547,
  1664.450,     4.965195,     4.445565,    -0.001233,
  1664.500,     5.038385,     4.695064,    -0.004636,
  1664.550,     5.202855,     4.922722,     0.001373,
  1664.600,     5.651029,     5.032285,     0.004309,
  1664.650,     6.454158,     5.117767,    -0.001305,
  1664.700,     7.249014,     5.328032,    -0.001705,
  1664.750,     7.631477,     5.959065,     0.000145,
  1664.800,     7.532827,     6.803674,     0.003307,
  1664.850,     7.155178,     7.490072,     0.001066,
  1664.900,     6.644661,     7.701104,     0.002064,
  1664.950,     6.053111,     7.466733,     0.005045,
  1665.000,     5.389995,     7.052562,    -0.006961,
  1665.050,     4.814016,     6.525639,    -0.005016,
  1665.100,     4.512979,     5.904659,    -0.010367,
  1665.150,     4.461754,     5.249139,    -0.008082,
  1665.200,     4.408559,     4.756499,    -0.001594,
  1665.250,     4.121697,     4.576828,    -0.008062,
  1665.300,     3.600408,     4.564673,    -0.007665,
  1665.350,     2.789149,     4.464241,    -0.004978,
  1665.400,     1.700960,     4.136214,    -0.008916,
  1665.450,     0.482688,     3.484737,    -0.007289,
  1665.500,    -0.779273,     2.536612,    -0.005099,
  1665.550,    -1.902579,     1.379757,    -0.008946,
  1665.600,    -2.764822,     0.066283,    -0.008906,
  1665.650,    -3.206663,    -1.190168,    -0.005416,
  1665.700,    -3.228316,    -2.290469,    -0.003816,
  1665.750,    -2.887801,    -3.057807,     0.000249,
  1665.800,    -2.371127,    -3.343942,     0.007130,
  1665.850,    -1.903738,    -3.233995,     0.002767,
  1665.900,    -1.757656,    -2.801798,     0.002802,
  1665.950,    -1.983069,    -2.240085,     0.003009,
  1666.000,    -2.540520,    -1.840208,    -0.000898,
  1666.050,    -3.310053,    -1.816641,     0.008011,
  1666.100,    -4.182174,    -2.159055,     0.005443,
  1666.150,    -4.939659,    -2.810039,     0.006303,
  1666.200,    -5.458903,    -3.625061,     0.007821,
  1666.250,    -5.554261,    -4.496968,     0.007457,
  1666.300,    -5.171629,    -5.200080,    -0.000604,
  1666.350,    -4.384071,    -5.598534,     0.003172,
  1666.400,    -3.470581,    -5.491304,    -0.003257,
  1666.450,    -2.549605,    -4.919563,    -0.000366,
  1666.500,    -1.757007,    -4.049773,     0.005044,
  1666.550,    -1.346001,    -3.068452,    -0.003360,
  1666.600,    -1.449241,    -2.156278,    -0.002578,
  1666.650,    -2.209703,    -1.446474,    -0.009003,
  1666.700,    -3.500168,    -1.194588,    -0.012772,
  1666.750,    -4.819159,    -1.559614,    -0.004159,
  1666.800,    -5.673834,    -2.610727,    -0.007632,
  1666.850,    -5.780226,    -4.017934,    -0.013785,
  1666.900,    -5.104980,    -5.278189,    -0.014210,
  1666.950,    -3.881186,    -5.879807,    -0.011830,
  1667.000,    -2.435112,    -5.673035,    -0.014447,
  1667.050,    -1.132299,    -4.734952,    -0.009056,
  1667.100,    -0.298597,    -3.323569,    -0.010177,
  1667.150,    -0.088213,    -1.801270,    -0.008908,
  1667.200,    -0.357620,    -0.609589,    -0.008258,
  1667.250,    -0.787984,     0.036913,    -0.004534,
  1667.300,    -0.966356,     0.033841,    -0.002444,
  1667.350,    -0.765762,    -0.348014,    -0.004211,
  1667.400,    -0.276882,    -0.789643,     0.004412,
  1667.450,     0.365390,    -0.890134,     0.007262,
  1667.500,     0.988460,    -0.600818,     0.007390,
  1667.550,     1.585673,    -0.031359,     0.005188,
  1667.600,     2.053111,     0.591116,     0.012019,
  1667.650,     2.448222,     1.222721,     0.008313,
  1667.700,     2.782696,     1.755580,     0.009056,
  1667.750,     3.208576,     2.199291,     0.005444,
  1667.800,     3.723266,     2.543486,     0.009567,
  1667.850,     4.432965,     2.887557,     0.007609,
  1667.900,     5.382435,     3.308350,     0.003898,
  1667.950,     6.360758,     3.920214,     0.003711,
  1668.000,     7.187549,     4.728247,    -0.003570,
  1668.050,     7.744965,     5.719417,     0.003015,
  1668.100,     8.101184,     6.709065,     0.000173,
  1668.150,     8.366160,     7.467423,    -0.003437,
  1668.200,     8.546353,     7.970446,    -0.005252,
  1668.250,     8.343230,     8.313012,    -0.008692,
  1668.300,     7.560420,     8.562235,    -0.013514,
  1668.350,     6.258696,     8.631434,    -0.013784,
  1668.400,     4.843577,     8.193162,    -0.011271,
  1668.450,     3.622764,     7.142518,    -0.017369,
  1668.500,     2.782349,     5.719724,    -0.018257,
  1668.550,     2.340680,     4.280513,    -0.009395,
  1668.600,     2.372962,     3.139489,    -0.013149,
  1668.650,     2.908982,     2.404705,    -0.011782,
  1668.700,     3.715422,     2.141270,    -0.007007,
  1668.750,     4.410094,     2.421571,    -0.009641,
  1668.800,     4.735984,     3.134096,    -0.008890,
  1668.850,     4.695600,     4.018293,    -0.003477,
  1668.900,     4.309126,     4.675298,    -0.001684,
  1668.950,     3.643951,     4.926007,    -0.004871,
  1669.000,     2.694205,     4.776860,     0.000172,
  1669.050,     1.637647,     4.290919,     0.004525,
  1669.100,     0.778901,     3.477075,     0.004320,
  1669.150,     0.343661,     2.435359,     0.009037,
  1669.200,     0.287600,     1.399322,     0.003919,
  1669.250,     0.365818,     0.704683,     0.009152,
  1669.300,     0.449904,     0.384288,     0.003751,
  1669.350,     0.430975,     0.402077,     0.004789,
  1669.400,     0.429263,     0.480567,     0.011952,
  1669.450,     0.380427,     0.503144,     0.009784,
  1669.500,     0.228017,     0.467499,     0.004186,
  1669.550,    -0.003625,     0.427364,     0.003797,
  1669.600,    -0.256280,     0.342480,     0.002406,
  1669.650,    -0.347121,     0.136505,    -0.001850,
  1669.700,    -0.343660,    -0.118072,    -0.001118,
  1669.750,    -0.213109,    -0.314044,    -0.005076,
  1669.800,     0.018680,    -0.345427,    -0.007396,
  1669.850,     0.378274,    -0.283695,    -0.009738,
  1669.900,     0.777046,    -0.104249,    -0.009517,
  1669.950,     1.069085,     0.193024,    -0.014493,
  1670.000,     1.063571,     0.620873,    -0.014493,
  1670.050,     0.603608,     1.022045,    -0.018339,
  1670.100,    -0.194229,     1.255514,    -0.012083,
  1670.150,    -1.305028,     1.085880,    -0.011914,
  1670.200,    -2.544350,     0.484390,    -0.009854,
  1670.250,    -3.731630,    -0.519557,    -0.016674,
  1670.300,    -4.568655,    -1.744034,    -0.010718,
  1670.350,    -4.797493,    -3.052837,    -0.007651,
  1670.400,    -4.222087,    -4.192625,    -0.006041,
  1670.450,    -3.032372,    -4.871893,    -0.002829,
  1670.500,    -1.562035,    -4.825682,    -0.005249,
  1670.550,    -0.030223,    -4.000582,    -0.001651,
  1670.600,     1.410302,    -2.658568,     0.006759,
  1670.650,     2.556004,    -1.071755,     0.003466,
  1670.700,     3.228634,     0.485978,     0.003832,
  1670.750,     3.263203,     1.894552,     0.004808,
  1670.800,     2.721492,     2.933516,     0.010021,
  1670.850,     1.803463,     3.411537,     0.006738,
  1670.900,     0.798653,     3.192661,     0.008877,
  1670.950,    -0.088789,     2.448630,     0.006440,
  1671.000,    -0.707545,     1.430026,     0.005657,
  1671.050,    -0.945410,     0.408478,     0.008143,
  1671.100,    -0.691887,    -0.451436,     0.005181,
  1671.150,    -0.093468,    -0.960817,     0.000855,
  1671.200,     0.691403,    -1.060193,    -0.002985,
  1671.250,     1.509048,    -0.663694,    -0.001546,
  1671.300,     2.240267,     0.062822,    -0.006991,
  1671.350,     2.884567,     0.883004,    -0.009739,
  1671.400,     3.505890,     1.683465,    -0.004267,
  1671.450,     4.120136,     2.433776,    -0.003127,
  1671.500,     4.823701,     3.137004,    -0.013379,
  1671.550,     5.500314,     3.789860,    -0.011373,
  1671.600,     5.950450,     4.497620,    -0.014209,
  1671.650,     5.940552,     5.222535,    -0.019140,
  1671.700,     5.441637,     5.901816,    -0.014068,
  1671.750,     4.637354,     6.195639,    -0.010808,
  1671.800,     3.643411,     5.981187,    -0.017403,
  1671.850,     2.542001,     5.335014,    -0.011953,
  1671.900,     1.390975,     4.410735,    -0.009495,
  1671.950,     0.348587,     3.321650,    -0.009222,
  1672.000,    -0.437182,     2.132569,    -0.009856,
  1672.050,    -0.808181,     0.935982,    -0.003650,
  1672.100,    -0.770223,    -0.097018,     0.000578,
  1672.150,    -0.204491,    -0.778452,    -0.000966,
  1672.200,     0.943069,    -1.038260,     0.001741,
  1672.250,     2.466685,    -0.783239,     0.005266,
  1672.300,     4.045729,     0.004783,     0.011218,
  1672.350,     5.152066,     1.387401,     0.013755,
  1672.400,     5.517496,     3.077046,     0.012341,
  1672.450,     5.087343,     4.595813,     0.010948,
  1672.500,     3.995717,     5.531017,     0.011511,
  1672.550,     2.508542,     5.600975,     0.008077,
  1672.600,     0.946942,     4.902975,     0.007250,
  1672.650,    -0.333626,     3.582044,     0.008221,
  1672.700,    -1.199320,     1.961807,     0.010695,
  1672.750,    -1.629685,     0.388899,    -0.001135,
  1672.800,    -1.646500,    -0.792903,     0.002146,
  1672.850,    -1.264259,    -1.559035,    -0.002159,
  1672.900,    -0.630989,    -1.835454,    -0.002522,
  1672.950,     0.023941,    -1.664866,    -0.004250,
  1673.000,     0.625219,    -1.176190,    -0.008951,
  1673.050,     1.031734,    -0.496011,    -0.006439,
  1673.100,     1.341660,     0.210725,    -0.007690,
  1673.150,     1.538085,     0.794993,    -0.010535,
  1673.200,     1.627247,     1.214705,    -0.010130,
  1673.250,     1.763427,     1.474065,    -0.008436,
  1673.300,     1.850301,     1.639771,    -0.008648,
  1673.350,     1.994133,     1.766697,    -0.012208,
  1673.400,     2.060324,     1.904042,    -0.012106,
  1673.450,     1.957960,     2.052326,    -0.006719,
  1673.500,     1.713796,     2.186667,    -0.009603,
  1673.550,     1.255466,     2.189667,    -0.007725,
  1673.600,     0.637176,     2.027777,    -0.004740,
  1673.650,    -0.138723,     1.665004,    -0.008283,
  1673.700,    -0.981719,     1.127236,    -0.000530,
  1673.750,    -1.748270,     0.401514,    -0.002368,
  1673.800,    -2.375303,    -0.456556,     0.004299,
  1673.850,    -2.731953,    -1.329903,     0.001279,
  1673.900,    -2.574267,    -2.109243,     0.005353,
  1673.950,    -1.882791,    -2.672158,     0.003980,
  1674.000,    -0.827575,    -2.853025,     0.009924,
  1674.050,     0.383999,    -2.533091,     0.008752,
  1674.100,     1.575774,    -1.651755,     0.006608,
  1674.150,     2.548592,    -0.453523,     0.005070,
  1674.200,     3.189281,     0.815121,     0.005190,
  1674.250,     3.215387,     1.977493,     0.001625,
  1674.300,     2.701310,     2.902698,     0.001289,
  1674.350,     1.935878,     3.339133,     0.004684,
  1674.400,     1.208598,     3.147577,    -0.002555,
  1674.450,     0.734521,     2.474950,     0.000077,
  1674.500,     0.486319,     1.639727,    -0.004840,
  1674.550,     0.352530,     0.968594,    -0.009872,
  1674.600,     0.295317,     0.576112,    -0.007516,
  1674.650,     0.422628,     0.331323,    -0.009293,
  1674.700,     0.654354,     0.255601,    -0.011250,
  1674.750,     0.924494,     0.251998,    -0.007134,
  1674.800,     1.150839,     0.431632,    -0.008261,
  1674.850,     1.443307,     0.652575,    -0.011737,
  1674.900,     1.920095,     0.917843,    -0.012255,
  1674.950,     2.425058,     1.179706,    -0.006457,
  1675.000,     2.758878,     1.596654,    -0.006618,
  1675.050,     2.779970,     2.116539,    -0.006097,
  1675.100,     2.530982,     2.621316,    -0.009793,
  1675.150,     2.039825,     2.884645,    -0.004125,
  1675.200,     1.394224,     2.842668,     0.000724,
  1675.250,     0.635211,     2.499815,    -0.001561,
  1675.300,    -0.195899,     1.903486,     0.000536,
  1675.350,    -1.023544,     1.192339,     0.001419,
  1675.400,    -1.748883,     0.383384,    -0.001179,
  1675.450,    -2.305945,    -0.486416,     0.001729,
  1675.500,    -2.634202,    -1.358856,     0.001575,
  1675.550,    -2.805930,    -2.050295,    -0.000410,
  1675.600,    -2.771177,    -2.544545,     0.005998,
  1675.650,    -2.436947,    -2.818688,     0.006150,
  1675.700,    -1.887437,    -2.911071,     0.006093,
  1675.750,    -1.097520,    -2.789953,     0.001605,
  1675.800,    -0.305432,    -2.338151,     0.004324,
  1675.850,     0.267044,    -1.632665,     0.003185,
  1675.900,     0.513424,    -0.815731,    -0.001572,
  1675.950,     0.446064,    -0.039722,     0.003673,
  1676.000,     0.123348,     0.452451,    -0.004943,
  1676.050,    -0.324700,     0.631833,    -0.005853,
  1676.100,    -0.748852,     0.429057,    -0.002465,
  1676.150,    -0.982361,     0.003875,    -0.005751,
  1676.200,    -0.805781,    -0.524078,    -0.000800,
  1676.250,    -0.222571,    -0.917231,    -0.007543,
  1676.300,     0.760772,    -1.026849,    -0.008216,
  1676.350,     1.911726,    -0.739511,    -0.007313,
  1676.400,     2.942393,     0.061564,    -0.005375,
  1676.450,     3.673476,     1.136488,    -0.009888,
  1676.500,     4.038945,     2.296843,    -0.009057,
  1676.550,     4.081516,     3.266982,    -0.011833,
  1676.600,     4.010205,     3.877250,    -0.003558,
  1676.650,     3.921748,     4.110587,    -0.005025,
  1676.700,     3.787221,     4.057056,    -0.005650,
  1676.750,     3.641819,     3.970703,    -0.003929,
  1676.800,     3.472858,     3.885809,    -0.003923,
  1676.850,     3.264500,     3.751709,     0.001077,
  1676.900,     3.007637,     3.606453,     0.001779,
  1676.950,     2.593106,     3.419206,    -0.000659,
  1677.000,     1.968747,     3.220927,    -0.001532,
  1677.050,     1.144500,     2.897958,     0.002969,
  1677.100,     0.282066,     2.428987,     0.006610,
  1677.150,    -0.535633,     1.723588,    -0.001392,
  1677.200,    -1.285245,     0.860726,    -0.003579,
  1677.250,    -1.993111,    -0.001927,    -0.002670,
  1677.300,    -2.691851,    -0.804428,     0.002297,
  1677.350,    -3.351834,    -1.520904,    -0.000541,
  1677.400,    -3.872227,    -2.226664,    -0.001314,
  1677.450,    -4.092902,    -2.926704,    -0.003134,
  1677.500,    -3.887374,    -3.610735,    -0.001760,
  1677.550,    -3.305344,    -4.025894,    -0.001398,
  1677.600,    -2.510489,    -4.085726,    -0.003662,
  1677.650,    -1.601927,    -3.749417,    -0.006568,
  1677.700,    -0.698510,    -3.089105,     0.002135,
  1677.750,     0.181946,    -2.255187,    -0.003616,
  1677.800,     1.007750,    -1.326156,    -0.003393,
  1677.850,     1.699293,    -0.414525,    -0.004812,
  1677.900,     2.297946,     0.452047,     0.002245,
  1677.950,     2.819593,     1.215503,     0.002170,
  1678.000,     3.223624,     1.867822,    -0.002970,
  1678.050,     3.438440,     2.447132,    -0.007568,
  1678.100,     3.377846,     2.946269,    -0.007535,
  1678.150,     2.995978,     3.329762,    -0.002856,
  1678.200,     2.366063,     3.461490,    -0.006207,
  1678.250,     1.594032,     3.286942,     0.000449,
  1678.300,     0.815886,     2.820437,     0.000203,
  1678.350,     0.018890,     2.110837,     0.000615,
  1678.400,    -0.725158,     1.350681,    -0.000069,
  1678.450,    -1.311655,     0.545600,    -0.004394,
  1678.500,    -1.593318,    -0.254601,     0.005216,
  1678.550,    -1.562781,    -0.950069,    -0.004109,
  1678.600,    -1.245065,    -1.446930,    -0.000913,
  1678.650,    -0.792242,    -1.623106,     0.002946,
  1678.700,    -0.275714,    -1.444168,    -0.000346,
  1678.750,     0.217133,    -1.059323,    -0.003718,
  1678.800,     0.623545,    -0.542013,    -0.004422,
  1678.850,     0.898042,    -0.018378,     0.002754,
  1678.900,     1.018300,     0.425745,    -0.000287,
  1678.950,     0.991269,     0.790540,     0.002075,
  1679.000,     0.932768,     0.984693,    -0.003259,
  1679.050,     0.986533,     1.013227,    -0.003755,
  1679.100,     1.141623,     0.944345,     0.001192,
  1679.150,     1.298105,     0.879909,    -0.000203,
  1679.200,     1.429665,     0.987428,    -0.001459,
  1679.250,     1.430475,     1.153498,    -0.004668,
  1679.300,     1.331927,     1.336168,    -0.007389,
  1679.350,     1.190688,     1.444655,    -0.003742,
  1679.400,     1.058264,     1.384619,    -0.004773,
  1679.450,     0.898638,     1.276190,    -0.007657,
  1679.500,     0.628324,     1.151998,    -0.006102,
  1679.550,     0.241927,     1.036389,    -0.007357,
  1679.600,    -0.053083,     0.822260,    -0.005776,
  1679.650,    -0.174837,     0.489344,    -0.001711,
  1679.700,    -0.015671,     0.111605,    -0.009288,
  1679.750,     0.386878,    -0.136383,    -0.004133,
  1679.800,     1.026899,    -0.183329,    -0.006899,
  1679.850,     1.783923,     0.089244,    -0.002738,
  1679.900,     2.617812,     0.565430,    -0.001353,
  1679.950,     3.386537,     1.250601,    -0.005126,
  1680.000,     3.884838,     2.055370,    -0.000606,
  1680.050,     3.995592,     2.926242,    -0.001264,
  1680.100,     3.821263,     3.609281,    -0.003318,
  1680.150,     3.620284,     3.957772,    -0.002433,
  1680.200,     3.558456,     3.925172,     0.002501,
  1680.250,     3.677399,     3.677354,    -0.002608,
  1680.300,     3.806614,     3.490739,    -0.000851,
  1680.350,     3.856831,     3.503816,    -0.002163,
  1680.400,     3.800204,     3.660714,     0.001967,
  1680.450,     3.562369,     3.784592,     0.003258,
  1680.500,     3.113839,     3.824643,     0.003281,
  1680.550,     2.352505,     3.731541,     0.005169,
  1680.600,     1.303333,     3.510038,    -0.001175,
  1680.650,     0.167638,     2.993122,    -0.007976,
  1680.700,    -0.774835,     2.112110,     0.001332,
  1680.750,    -1.364610,     1.024903,    -0.005767,
  1680.800,    -1.579927,    -0.076396,    -0.006249,
  1680.850,    -1.465914,    -0.928485,    -0.006454,
  1680.900,    -1.081854,    -1.375108,    -0.001309,
  1680.950,    -0.493095,    -1.509035,    -0.003813,
  1681.000,     0.141606,    -1.330337,    -0.005304,
  1681.050,     0.712166,    -0.869043,    -0.008084,
  1681.100,     1.062095,    -0.272924,    -0.009759,
  1681.150,     1.322604,     0.316817,    -0.007705,
  1681.200,     1.573830,     0.762311,    -0.007291,
  1681.250,     1.827164,     1.087771,    -0.006568,
  1681.300,     2.156179,     1.309974,    -0.005804,
  1681.350,     2.451374,     1.551823,    -0.005600,
  1681.400,     2.664858,     1.865516,    -0.003869,
  1681.450,     2.789011,     2.190166,    -0.004078,
  1681.500,     2.808483,     2.495474,    -0.005155,
  1681.550,     2.766083,     2.731245,    -0.006386,
  1681.600,     2.611389,     2.832177,    -0.003073,
  1681.650,     2.390546,     2.826116,     0.004503,
  1681.700,     2.066824,     2.733490,    -0.003999,
  1681.750,     1.595186,     2.577436,    -0.002214,
  1681.800,     1.105221,     2.285596,    -0.000070,
  1681.850,     0.661815,     1.884823,    -0.002079,
  1681.900,     0.386264,     1.385372,    -0.001809,
  1681.950,     0.236940,     0.872870,     0.000373,
  1682.000,     0.256566,     0.476956,     0.001197,
  1682.050,     0.409774,     0.241674,     0.006884,
  1682.100,     0.698486,     0.182498,     0.004120,
  1682.150,     0.974293,     0.282745,     0.001042,
  1682.200,     1.225854,     0.487860,    -0.000774,
  1682.250,     1.501330,     0.765049,    -0.000860,
  1682.300,     1.809619,     1.076061,    -0.002264,
  1682.350,     2.119426,     1.345877,    -0.002306,
  1682.400,     2.438551,     1.614656,    -0.000551,
  1682.450,     2.645903,     1.934996,     0.001753,
  1682.500,     2.664685,     2.317847,     0.002245,
  1682.550,     2.539049,     2.571037,    -0.000761,
  1682.600,     2.303516,     2.715450,     0.002356,
  1682.650,     2.012621,     2.695597,    -0.000470,
  1682.700,     1.673568,     2.511846,     0.000254,
  1682.750,     1.317846,     2.259730,    -0.004637,
  1682.800,     0.969040,     1.937984,    -0.007282,
  1682.850,     0.657023,     1.593883,    -0.003809,
  1682.900,     0.426864,     1.197974,    -0.003203,
  1682.950,     0.268053,     0.856578,    -0.009340,
  1683.000,     0.201197,     0.591795,    -0.011810,
  1683.050,     0.182625,     0.388310,    -0.005676,
  1683.100,     0.306555,     0.239085,    -0.009124,
  1683.150,     0.591221,     0.154335,    -0.002988,
  1683.200,     1.008878,     0.169285,    -0.012305,
  1683.250,     1.524765,     0.348151,    -0.012934,
  1683.300,     1.993307,     0.705455,    -0.006438,
  1683.350,     2.273172,     1.189040,    -0.008327,
  1683.400,     2.387358,     1.704080,    -0.007075,
  1683.450,     2.315340,     2.117921,    -0.004557,
  1683.500,     2.218198,     2.352159,    -0.001831,
  1683.550,     2.133287,     2.378809,    -0.001516,
  1683.600,     1.946093,     2.300817,     0.000432,
  1683.650,     1.658590,     2.207273,     0.001048,
  1683.700,     1.187441,     2.084502,    -0.002713,
  1683.750,     0.577975,     1.861927,    -0.001712,
  1683.800,    -0.097423,     1.496297,     0.004085,
  1683.850,    -0.773978,     0.958744,     0.003104,
  1683.900,    -1.386265,     0.295860,     0.003231,
  1683.950,    -1.758846,    -0.417423,     0.001846,
  1684.000,    -1.686630,    -1.076099,     0.001215,
  1684.050,    -1.181896,    -1.664791,     0.001432,
  1684.100,    -0.301015,    -1.881292,     0.001566,
  1684.150,     0.672169,    -1.641991,    -0.000726,
  1684.200,     1.541110,    -0.908922,    -0.000703,
  1684.250,     2.246342,     0.057908,    -0.001421,
  1684.300,     2.691808,     1.052434,    -0.003247,
  1684.350,     2.890331,     1.909970,    -0.003326,
  1684.400,     2.935246,     2.528583,    -0.001864,
  1684.450,     2.820967,     2.910504,    -0.002963,
  1684.500,     2.636767,     3.039462,    -0.009408,
  1684.550,     2.393050,     2.959035,    -0.009702,
  1684.600,     2.045421,     2.770499,    -0.005693,
  1684.650,     1.569260,     2.537622,    -0.008529,
  1684.700,     0.983238,     2.230924,    -0.012180,
  1684.750,     0.341268,     1.831384,    -0.011194,
  1684.800,    -0.231519,     1.285302,    -0.005007,
  1684.850,    -0.589778,     0.667263,    -0.012823,
  1684.900,    -0.670569,     0.041377,    -0.013758,
  1684.950,    -0.481496,    -0.428136,    -0.009878,
  1685.000,    -0.009260,    -0.708761,    -0.003332,
  1685.050,     0.640031,    -0.672982,    -0.008368,
  1685.100,     1.372585,    -0.345578,    -0.006828,
  1685.150,     2.073719,     0.219219,    -0.010106,
  1685.200,     2.596952,     0.930121,    -0.004740,
  1685.250,     2.805356,     1.662913,    -0.000761,
  1685.300,     2.605551,     2.336706,     0.004763,
  1685.350,     2.127012,     2.790813,    -0.002630,
  1685.400,     1.571101,     2.837893,     0.004722,
  1685.450,     1.067087,     2.526431,     0.000654,
  1685.500,     0.695613,     1.958973,     0.002577,
  1685.550,     0.415034,     1.391149,     0.008528,
  1685.600,     0.219909,     0.930255,     0.008168,
  1685.650,     0.132977,     0.562372,     0.004611,
  1685.700,     0.104472,     0.322827,     0.007773,
  1685.750,     0.079774,     0.155830,     0.005999,
  1685.800,    -0.005190,     0.091455,     0.004969,
  1685.850,    -0.107024,     0.074935,     0.004777,
  1685.900,    -0.034895,     0.001193,     0.002580,
  1685.950,     0.224494,    -0.119799,    -0.000926,
  1686.000,     0.587470,    -0.162694,     0.001130,
  1686.050,     1.020515,    -0.039735,    -0.003652,
  1686.100,     1.405704,     0.280877,     0.001861,
  1686.150,     1.739223,     0.692554,    -0.003975,
  1686.200,     1.910566,     1.156741,    -0.002320,
  1686.250,     1.903657,     1.552242,    -0.006763,
  1686.300,     1.600485,     1.866623,    -0.009759,
  1686.350,     1.011464,     2.019688,    -0.014844,
  1686.400,     0.286182,     1.916365,    -0.002963,
  1686.450,    -0.404146,     1.485783,    -0.011787,
  1686.500,    -0.918416,     0.797933,    -0.009803,
  1686.550,    -1.232211,     0.052865,    -0.004956,
  1686.600,    -1.296992,    -0.647351,    -0.009672,
  1686.650,    -1.099424,    -1.141138,    -0.009206,
  1686.700,    -0.629367,    -1.368795,    -0.006835,
  1686.750,     0.151686,    -1.369090,    -0.003885,
  1686.800,     1.070872,    -1.112459,    -0.011939,
  1686.850,     1.952332,    -0.498849,    -0.005320,
  1686.900,     2.618967,     0.373076,    -0.003519,
  1686.950,     2.989317,     1.343611,    -0.001350,
  1687.000,     3.061009,     2.220433,    -0.002214,
  1687.050,     2.871273,     2.790095,     0.001203,
  1687.100,     2.426102,     3.106945,     0.007097,
  1687.150,     1.818528,     3.106982,     0.001435,
  1687.200,     1.161902,     2.837052,     0.009275,
  1687.250,     0.566703,     2.304517,     0.010569,
  1687.300,     0.032474,     1.643385,     0.013545,
  1687.350,    -0.311438,     0.972145,     0.005700,
  1687.400,    -0.558297,     0.364439,     0.004965,
  1687.450,    -0.800760,    -0.127680,     0.000874,
  1687.500,    -1.095669,    -0.449573,     0.003008,
  1687.550,    -1.373769,    -0.711068,     0.000002,
  1687.600,    -1.457669,    -0.992829,     0.003012,
  1687.650,    -1.205355,    -1.319799,     0.007287,
  1687.700,    -0.572552,    -1.571145,    -0.001231,
  1687.750,     0.346469,    -1.542420,    -0.001243,
  1687.800,     1.438260,    -1.101569,    -0.002789,
  1687.850,     2.396144,    -0.308003,    -0.003645,
  1687.900,     3.019233,     0.731242,    -0.003853,
  1687.950,     3.241353,     1.850057,    -0.005474,
  1688.000,     2.964515,     2.753399,    -0.007158,
  1688.050,     2.384270,     3.277598,    -0.010281,
  1688.100,     1.632515,     3.297298,    -0.016241,
  1688.150,     0.802381,     2.876221,    -0.011954,
  1688.200,    -0.016860,     2.170375,    -0.013879,
  1688.250,    -0.619941,     1.313024,    -0.009772,
  1688.300,    -0.895885,     0.451004,    -0.009168,
  1688.350,    -0.882635,    -0.335147,    -0.010418,
  1688.400,    -0.581181,    -0.889231,    -0.006120,
  1688.450,    -0.076576,    -1.064746,    -0.011138,
  1688.500,     0.535038,    -0.932000,    -0.013830,
  1688.550,     1.146908,    -0.535668,    -0.011551,
  1688.600,     1.584277,     0.061993,    -0.001599,
  1688.650,     1.752437,     0.744836,    -0.002740,
  1688.700,     1.536256,     1.357723,    -0.006188,
  1688.750,     1.051878,     1.764261,     0.001903,
  1688.800,     0.391630,     1.791242,     0.004139,
  1688.850,    -0.315360,     1.478882,    -0.000460,
  1688.900,    -0.837408,     0.900863,     0.006253,
  1688.950,    -1.066666,     0.198671,     0.013598,
  1689.000,    -0.982334,    -0.468450,     0.010107,
  1689.050,    -0.682350,    -0.949988,     0.005833,
  1689.100,    -0.221570,    -1.127342,     0.009371,
  1689.150,     0.274436,    -0.955192,     0.009816,
  1689.200,     0.713763,    -0.573804,     0.007055,
  1689.250,     0.979457,    -0.082558,     0.006868,
  1689.300,     1.097505,     0.400849,     0.005168,
  1689.350,     1.065658,     0.783911,     0.003199,
  1689.400,     0.972303,     0.997937,     0.003016,
  1689.450,     0.895582,     1.060174,     0.001062,
  1689.500,     0.948704,     1.013047,    -0.000917,
  1689.550,     1.228994,     0.894100,     0.001845,
  1689.600,     1.696459,     0.862166,    -0.002658,
  1689.650,     2.152399,     1.000874,    -0.004370,
  1689.700,     2.493739,     1.370165,    -0.003385,
  1689.750,     2.580729,     1.888734,    -0.007117,
  1689.800,     2.407734,     2.335326,    -0.011085,
  1689.850,     1.969579,     2.624466,    -0.011682,
  1689.900,     1.373416,     2.627302,    -0.008315,
  1689.950,     0.619968,     2.330004,    -0.009501,
  1690.000,    -0.145871,     1.838481,    -0.007250,
  1690.050,    -0.799133,     1.136360,    -0.010425,
  1690.100,    -1.241315,     0.332646,    -0.011615,
  1690.150,    -1.316030,    -0.448915,    -0.009595,
  1690.200,    -1.070692,    -1.072448,    -0.007058,
  1690.250,    -0.540302,    -1.405867,    -0.009417,
  1690.300,     0.207712,    -1.384308,    -0.005082,
  1690.350,     1.013903,    -1.002613,    -0.009008,
  1690.400,     1.787765,    -0.369327,    -0.008412,
  1690.450,     2.438786,     0.414418,    -0.005564,
  1690.500,     2.853789,     1.264879,    -0.002226,
  1690.550,     2.990751,     2.078002,    -0.007602,
  1690.600,     2.790938,     2.690379,    -0.002529,
  1690.650,     2.339317,     3.037519,    -0.001995,
  1690.700,     1.823271,     3.023940,     0.000033,
  1690.750,     1.316828,     2.709839,     0.004843,
  1690.800,     0.892254,     2.242089,     0.005041,
  1690.850,     0.607366,     1.670260,     0.006990,
  1690.900,     0.425395,     1.163267,     0.010168,
  1690.950,     0.295293,     0.768299,     0.005897,
  1691.000,     0.236135,     0.473777,     0.009958,
  1691.050,     0.209691,     0.285832,     0.004430,
  1691.100,     0.243938,     0.203289,     0.003370,
  1691.150,     0.448347,     0.125032,     0.005271,
  1691.200,     0.808454,     0.156049,     0.007124,
  1691.250,     1.336389,     0.241990,     0.001568,
  1691.300,     1.918334,     0.509349,    -0.000185,
  1691.350,     2.549500,     0.941554,     0.003240,
  1691.400,     3.094832,     1.529320,     0.000277,
  1691.450,     3.493684,     2.191168,    -0.006446,
  1691.500,     3.566781,     2.827658,    -0.007421,
  1691.550,     3.251579,     3.378861,    -0.008684,
  1691.600,     2.524743,     3.692797,    -0.005356,
  1691.650,     1.452898,     3.624742,    -0.007830,
  1691.700,     0.260040,     3.149624,    -0.007536,
  1691.750,    -0.816306,     2.228937,    -0.007105,
  1691.800,    -1.558186,     1.063858,    -0.009066,
  1691.850,    -1.871243,    -0.152253,    -0.007661,
  1691.900,    -1.630484,    -1.174209,    -0.008317,
  1691.950,    -0.951978,    -1.791788,    -0.005736,
  1692.000,    -0.003817,    -1.923481,    -0.007310,
  1692.050,     1.030683,    -1.494760,    -0.005921,
  1692.100,     1.865840,    -0.672926,    -0.009486,
  1692.150,     2.405891,     0.363339,    -0.006775,
  1692.200,     2.532739,     1.363359,    -0.007988,
  1692.250,     2.287124,     2.160327,    -0.010257,
  1692.300,     1.774034,     2.568445,    -0.007290,
  1692.350,     1.182745,     2.533085,    -0.005228,
  1692.400,     0.726502,     2.142730,    -0.004764,
  1692.450,     0.548816,     1.538134,    -0.003087,
  1692.500,     0.579695,     0.980385,    -0.000349,
  1692.550,     0.744021,     0.587184,    -0.003306,
  1692.600,     0.858435,     0.442132,     0.002955,
  1692.650,     0.918050,     0.574560,     0.002271,
  1692.700,     0.988347,     0.747681,    -0.000357,
  1692.750,     1.012723,     0.841796,     0.002849,
  1692.800,     1.005254,     0.932781,    -0.000838,
  1692.850,     0.884313,     0.984177,     0.002514,
  1692.900,     0.726459,     1.003946,     0.000567,
  1692.950,     0.662563,     0.929122,     0.007268,
  1693.000,     0.757891,     0.783914,     0.003109,
  1693.050,     1.024983,     0.672512,     0.002161,
  1693.100,     1.398015,     0.662233,    -0.000510,
  1693.150,     1.775150,     0.801518,     0.003582,
  1693.200,     2.103761,     1.125919,     0.000812,
  1693.250,     2.331578,     1.556513,    -0.004017,
  1693.300,     2.395537,     1.945138,    -0.001044,
  1693.350,     2.321867,     2.242532,    -0.002440,
  1693.400,     2.029952,     2.400666,    -0.002712,
  1693.450,     1.587952,     2.426737,     0.000346,
  1693.500,     1.049477,     2.266734,    -0.006222,
  1693.550,     0.523722,     1.909553,    -0.006557,
  1693.600,     0.072264,     1.422311,    -0.006767,
  1693.650,    -0.214485,     0.873087,    -0.004354,
  1693.700,    -0.187567,     0.341281,    -0.009447,
  1693.750,     0.090187,    -0.081404,    -0.008694,
  1693.800,     0.577857,    -0.283392,    -0.009958,
  1693.850,     1.011667,    -0.165438,    -0.011591,
  1693.900,     1.220823,     0.235648,    -0.004641,
  1693.950,     1.124859,     0.712439,    -0.010388,
  1694.000,     0.834816,     1.100583,    -0.008998,
  1694.050,     0.461465,     1.220353,    -0.004527,
  1694.100,     0.177678,     1.020043,    -0.007917,
  1694.150,     0.060107,     0.663621,    -0.006047,
  1694.200,     0.127489,     0.307127,    -0.001740,
  1694.250,     0.343721,     0.061134,    -0.005469,
  1694.300,     0.644554,     0.025835,    -0.003931,
  1694.350,     0.935602,     0.154167,    -0.003584,
  1694.400,     1.102316,     0.422037,    -0.003914,
  1694.450,     1.100886,     0.740911,     0.003923,
  1694.500,     0.880597,     1.024193,    -0.004677,
  1694.550,     0.591851,     1.136833,    -0.001576,
  1694.600,     0.351757,     1.020943,     0.001311,
  1694.650,     0.240450,     0.736161,    -0.000053,
  1694.700,     0.210826,     0.438248,    -0.001286,
  1694.750,     0.236502,     0.248550,    -0.001217,
  1694.800,     0.365131,     0.179645,     0.002247,
  1694.850,     0.621928,     0.195447,     0.000865,
  1694.900,     0.900702,     0.282804,     0.002282,
  1694.950,     1.140942,     0.461654,     0.002980,
  1695.000,     1.220407,     0.742957,     0.004373,
  1695.050,     1.075837,     1.025701,     0.003655,
  1695.100,     0.689939,     1.259097,     0.006008,
  1695.150,     0.192551,     1.238673,    -0.002620,
  1695.200,    -0.290584,     0.976320,     0.001657,
  1695.250,    -0.635007,     0.506294,    -0.003021,
  1695.300,    -0.863054,    -0.005801,    -0.005217,
  1695.350,    -0.909561,    -0.496504,    -0.003757,
  1695.400,    -0.728588,    -0.819703,    -0.003105,
  1695.450,    -0.351997,    -0.989628,    -0.003160,
  1695.500,     0.141865,    -0.954995,     0.000490,
  1695.550,     0.646779,    -0.679936,    -0.009442,
  1695.600,     1.038495,    -0.241350,    -0.009320,
  1695.650,     1.229652,     0.298546,    -0.009706,
  1695.700,     1.268827,     0.761163,    -0.005731,
  1695.750,     1.088122,     1.142690,    -0.000243,
  1695.800,     0.709033,     1.287671,    -0.005834,
  1695.850,     0.233612,     1.216640,    -0.002893,
  1695.900,    -0.239506,     0.942684,    -0.007584,
  1695.950,    -0.530862,     0.518857,    -0.001976,
  1696.000,    -0.541714,     0.016242,    -0.003064,
  1696.050,    -0.246988,    -0.420836,    -0.003473,
  1696.100,     0.291436,    -0.652076,    -0.006960,
  1696.150,     0.943827,    -0.530327,    -0.002776,
  1696.200,     1.464302,    -0.100584,    -0.004783,
  1696.250,     1.695425,     0.537141,    -0.001877,
  1696.300,     1.669908,     1.170117,    -0.001018,
  1696.350,     1.369611,     1.612779,    -0.002944,
  1696.400,     0.887229,     1.746676,    -0.001682,
  1696.450,     0.420799,     1.612897,     0.000579,
  1696.500,     0.068527,     1.228865,     0.000976,
  1696.550,    -0.088533,     0.726397,     0.002980,
  1696.600,    -0.039109,     0.259011,     0.000955,
  1696.650,     0.131338,    -0.063428,     0.000700,
  1696.700,     0.382962,    -0.152744,    -0.001538,
  1696.750,     0.669021,    -0.072411,     0.002042,
  1696.800,     0.952866,     0.120159,     0.007429,
  1696.850,     1.231903,     0.423928,     0.004182,
  1696.900,     1.489803,     0.709750,     0.000335,
  1696.950,     1.661593,     1.026023,     0.004125,
  1697.000,     1.784237,     1.315422,     0.001714,
  1697.050,     1.794517,     1.543624,     0.003141,
  1697.100,     1.727624,     1.707006,    -0.002581,
  1697.150,     1.595803,     1.788889,    -0.002208,
  1697.200,     1.408162,     1.776160,     0.000563,
  1697.250,     1.263486,     1.690371,    -0.003803,
  1697.300,     1.193679,     1.527791,    -0.003528,
  1697.350,     1.175621,     1.330025,     0.004465,
  1697.400,     1.246731,     1.178847,    -0.004483,
  1697.450,     1.383130,     1.114457,    -0.005607,
  1697.500,     1.478774,     1.147654,    -0.015433,
  1697.550,     1.449900,     1.260431,    -0.005906,
  1697.600,     1.269235,     1.396614,    -0.009347,
  1697.650,     0.965682,     1.472952,    -0.013889,
  1697.700,     0.767702,     1.368465,    -0.011451,
  1697.750,     0.757622,     1.130898,    -0.007880,
  1697.800,     1.000650,     0.844827,    -0.005963,
  1697.850,     1.450817,     0.674545,    -0.006346,
  1697.900,     1.951078,     0.771067,    -0.007151,
  1697.950,     2.416671,     1.108862,    -0.006049,
  1698.000,     2.686068,     1.613853,    -0.006092,
  1698.050,     2.665924,     2.130295,    -0.003533,
  1698.100,     2.277987,     2.564848,    -0.006351,
  1698.150,     1.705145,     2.775530,    -0.001138,
  1698.200,     1.162187,     2.623393,    -0.000772,
  1698.250,     0.779870,     2.157658,    -0.009144,
  1698.300,     0.603894,     1.523636,    -0.004172,
  1698.350,     0.580975,     0.982200,    -0.001372,
  1698.400,     0.728321,     0.644066,    -0.002687,
  1698.450,     0.913042,     0.527354,    -0.003320,
  1698.500,     1.180321,     0.545730,    -0.000411,
  1698.550,     1.409415,     0.742787,     0.002439,
  1698.600,     1.529486,     0.995847,     0.001119,
  1698.650,     1.531983,     1.265533,     0.002613,
  1698.700,     1.450569,     1.474968,    -0.000737,
  1698.750,     1.368989,     1.525778,     0.005721,
  1698.800,     1.295465,     1.514488,     0.002663,
  1698.850,     1.165394,     1.456610,     0.003973,
  1698.900,     0.983557,     1.369822,     0.005394,
  1698.950,     0.786838,     1.291055,    -0.002717,
  1699.000,     0.682837,     1.147038,     0.000207,
  1699.050,     0.725973,     0.943440,    -0.000183,
  1699.100,     0.906451,     0.729823,     0.000352,
  1699.150,     1.076121,     0.651807,     0.000152,
  1699.200,     1.083664,     0.766728,    -0.002378,
  1699.250,     0.895727,     0.959094,    -0.002991,
  1699.300,     0.536619,     1.079285,    -0.007228,
  1699.350,     0.011666,     1.017662,    -0.005652,
  1699.400,    -0.512620,     0.750040,    -0.006690,
  1699.450,    -0.901555,     0.296059,    -0.005808,
  1699.500,    -1.022254,    -0.227596,    -0.005369,
  1699.550,    -0.839899,    -0.738272,    -0.006444,
  1699.600,    -0.271611,    -1.066399,    -0.001931,
  1699.650,     0.551214,    -1.086662,    -0.004859,
  1699.700,     1.429621,    -0.732967,    -0.009154,
  1699.750,     2.168361,    -0.047674,    -0.002936,
  1699.800,     2.631269,     0.839081,    -0.006430,
  1699.850,     2.791945,     1.752978,    -0.008839,
  1699.900,     2.618491,     2.450384,    -0.003169,
  1699.950,     2.147281,     2.840175,    -0.008266,
  1700.000,     1.502746,     2.866925,    -0.004821,
  1700.050,     0.844735,     2.536581,    -0.007344,
  1700.100,     0.367251,     1.955277,    -0.007818,
  1700.150,     0.132480,     1.258269,    -0.007712,
  1700.200,     0.117729,     0.631063,    -0.006661,
  1700.250,     0.300382,     0.214407,    -0.010228,
  1700.300,     0.607314,     0.035360,    -0.000030,
  1700.350,     0.973477,     0.106097,    -0.003631,
  1700.400,     1.348868,     0.356125,     0.001121,
  1700.450,     1.701460,     0.698159,    -0.000560,
  1700.500,     1.922547,     1.100381,    -0.000904,
  1700.550,     2.039910,     1.486258,    -0.000790,
  1700.600,     2.137051,     1.795552,    -0.000382,
  1700.650,     2.217471,     1.998714,    -0.001127,
  1700.700,     2.201469,     2.124292,     0.005362,
  1700.750,     2.048749,     2.223595,     0.005063,
  1700.800,     1.700331,     2.279434,     0.006000,
  1700.850,     1.229479,     2.212552,     0.004276,
  1700.900,     0.731016,     1.975957,    -0.001169,
  1700.950,     0.280042,     1.574126,     0.001361,
  1701.000,    -0.057420,     1.078355,     0.001820,
  1701.050,    -0.273727,     0.565921,     0.000427,
  1701.100,    -0.353221,     0.105276,     0.003121,
  1701.150,    -0.281799,    -0.195628,     0.002549,
  1701.200,    -0.101963,    -0.379004,     0.002591,
  1701.250,     0.110960,    -0.398505,     0.002799,
  1701.300,     0.460878,    -0.296935,     0.000784,
  1701.350,     0.826549,    -0.112662,    -0.004776,
  1701.400,     1.213220,     0.193048,    -0.000904,
  1701.450,     1.529453,     0.542926,    -0.001466,
  1701.500,     1.754176,     0.940374,    -0.005653,
  1701.550,     1.886171,     1.319942,    -0.001380,
  1701.600,     1.831085,     1.636360,    -0.001187,
  1701.650,     1.587406,     1.862691,     0.002826,
  1701.700,     1.198481,     1.914803,    -0.010208,
  1701.750,     0.807714,     1.812830,    -0.006347,
  1701.800,     0.507419,     1.497084,    -0.008298,
  1701.850,     0.272879,     1.093463,    -0.005102,
  1701.900,     0.083330,     0.715838,    -0.009382,
  1701.950,    -0.089296,     0.412858,    -0.007867,
  1702.000,    -0.182688,     0.207046,    -0.012196,
  1702.050,    -0.146487,    -0.002225,    -0.008461,
  1702.100,    -0.051991,    -0.152308,    -0.005786,
  1702.150,     0.109043,    -0.196308,    -0.002960,
  1702.200,     0.357912,    -0.144487,    -0.010439,
  1702.250,     0.640163,    -0.024069,    -0.009931,
  1702.300,     0.961253,     0.188871,    -0.005659,
  1702.350,     1.306872,     0.432309,    -0.006287,
  1702.400,     1.582217,     0.746406,     0.004584,
  1702.450,     1.754871,     1.113395,     0.000383,
  1702.500,     1.731751,     1.465388,    -0.006674,
  1702.550,     1.522034,     1.738564,    -0.000425,
  1702.600,     1.199375,     1.847772,    -0.005582,
  1702.650,     0.812245,     1.741479,     0.001346,
  1702.700,     0.422480,     1.477008,    -0.000815,
  1702.750,     0.021320,     1.112401,     0.001265,
  1702.800,    -0.227805,     0.725569,     0.000995,
  1702.850,    -0.384189,     0.264683,     0.005400,
  1702.900,    -0.462813,    -0.083359,     0.003269,
  1702.950,    -0.499557,    -0.329628,    -0.000024,
  1703.000,    -0.477025,    -0.467160,     0.004342,
  1703.050,    -0.387995,    -0.516775,     0.000622,
  1703.100,    -0.176837,    -0.552785,     0.000765,
  1703.150,     0.122566,    -0.531802,     0.001386,
  1703.200,     0.570843,    -0.392810,    -0.000255,
  1703.250,     1.146147,    -0.156744,     0.000732,
  1703.300,     1.675456,     0.229008,     0.001267,
  1703.350,     2.043213,     0.770950,    -0.006053,
  1703.400,     2.139841,     1.354544,    -0.000864,
  1703.450,     1.952829,     1.873694,    -0.008678,
  1703.500,     1.673229,     2.146879,    -0.009145,
  1703.550,     1.231958,     2.142156,    -0.003374,
  1703.600,     0.690329,     1.924068,    -0.008955,
  1703.650,     0.154709,     1.563748,    -0.009998,
  1703.700,    -0.201144,     1.072622,    -0.013646,
  1703.750,    -0.362400,     0.518133,    -0.010145,
  1703.800,    -0.317454,     0.011478,    -0.000890,
  1703.850,    -0.162171,    -0.299374,    -0.006489,
  1703.900,     0.172837,    -0.382060,    -0.009020,
  1703.950,     0.639597,    -0.316831,    -0.005403,
  1704.000,     1.184805,    -0.070874,    -0.007816,
  1704.050,     1.740762,     0.321376,    -0.006727,
  1704.100,     2.184526,     0.846238,    -0.007109,
  1704.150,     2.424192,     1.416767,    -0.003773,
  1704.200,     2.438735,     1.969961,    -0.007301,
  1704.250,     2.249437,     2.376415,    -0.003360,
  1704.300,     1.895425,     2.539956,    -0.000363,
  1704.350,     1.461540,     2.443849,    -0.002321,
  1704.400,     1.003589,     2.187560,    -0.000322,
  1704.450,     0.543040,     1.799463,     0.002485,
  1704.500,     0.219778,     1.304165,     0.001458,
  1704.550,     0.075909,     0.827102,     0.001293,
  1704.600,     0.113774,     0.365469,    -0.002985,
  1704.650,     0.335748,     0.092568,    -0.001662,
  1704.700,     0.624866,     0.001743,     0.006445,
  1704.750,     0.992758,     0.116562,     0.007942,
  1704.800,     1.420188,     0.365459,     0.004634,
  1704.850,     1.877217,     0.687396,    -0.001088,
  1704.900,     2.331721,     1.080751,    -0.004563,
  1704.950,     2.635471,     1.547032,    -0.002251,
  1705.000,     2.749184,     2.028004,    -0.002205,
  1705.050,     2.743381,     2.429532,    -0.000694,
  1705.100,     2.638774,     2.701087,     0.003687,
  1705.150,     2.461369,     2.786637,    -0.000251,
  1705.200,     2.223520,     2.728654,    -0.001658,
  1705.250,     1.915869,     2.588807,     0.002139,
  1705.300,     1.624845,     2.410819,    -0.000523,
  1705.350,     1.382849,     2.126121,    -0.001104,
  1705.400,     1.293762,     1.815159,    -0.003606,
  1705.450,     1.265022,     1.533803,    -0.004142,
  1705.500,     1.169593,     1.343352,    -0.002992,
  1705.550,     1.006416,     1.294895,    -0.005841,
  1705.600,     0.818736,     1.230120,    -0.001866,
  1705.650,     0.653515,     1.093479,    -0.006009,
  1705.700,     0.566531,     0.922447,    -0.006149,
  1705.750,     0.567200,     0.741133,    -0.003155,
  1705.800,     0.638880,     0.618669,    -0.000842,
  1705.850,     0.808532,     0.557503,    -0.004716,
  1705.900,     1.060716,     0.585135,    -0.001472,
  1705.950,     1.327941,     0.704118,    -0.008759,
  1706.000,     1.513946,     0.924126,    -0.007661,
  1706.050,     1.452498,     1.228105,    -0.003107,
  1706.100,     1.248233,     1.440186,    -0.004367,
  1706.150,     0.938767,     1.537056,    -0.005345,
  1706.200,     0.600382,     1.431115,    -0.003333,
  1706.250,     0.246108,     1.193729,    -0.003740,
  1706.300,    -0.012757,     0.862866,    -0.006117,
  1706.350,    -0.137187,     0.475642,    -0.002243,
  1706.400,    -0.128556,     0.149753,    -0.001796,
  1706.450,    -0.067783,    -0.050592,    -0.001059,
  1706.500,     0.047564,    -0.147607,    -0.004262,
  1706.550,     0.233187,    -0.136650,    -0.008400,
  1706.600,     0.517392,    -0.023186,     0.002931,
  1706.650,     0.854907,     0.111666,    -0.000841,
  1706.700,     1.156949,     0.334724,    -0.004855,
  1706.750,     1.414395,     0.646764,    -0.001032,
  1706.800,     1.617442,     0.982969,     0.001739,
  1706.850,     1.793588,     1.270086,    -0.000470,
  1706.900,     1.913308,     1.533274,    -0.002996,
  1706.950,     1.957105,     1.732812,    -0.003914,
  1707.000,     1.935843,     1.885977,    -0.001407,
  1707.050,     1.925552,     1.991964,     0.002892,
  1707.100,     1.870200,     2.012803,     0.004290,
  1707.150,     1.748137,     1.977728,     0.002393,
  1707.200,     1.540268,     1.943583,     0.000748,
  1707.250,     1.258432,     1.878060,     0.001180,
  1707.300,     0.957673,     1.716188,     0.001814,
  1707.350,     0.727582,     1.452515,    -0.001318,
  1707.400,     0.633266,     1.139832,    -0.002470,
  1707.450,     0.752364,     0.851223,     0.001752,
  1707.500,     1.105568,     0.639538,    -0.002125,
  1707.550,     1.620502,     0.604060,     0.001601,
  1707.600,     2.177973,     0.813209,     0.000576,
  1707.650,     2.640187,     1.263659,     0.003085,
  1707.700,     2.896489,     1.836553,    -0.003509,
  1707.750,     2.938007,     2.379872,    -0.002764,
  1707.800,     2.765645,     2.806634,    -0.004078,
  1707.850,     2.406418,     3.011721,    -0.002265,
  1707.900,     1.931310,     2.980675,    -0.002197,
  1707.950,     1.432226,     2.724464,    -0.006626,
  1708.000,     0.987173,     2.294835,    -0.009381,
  1708.050,     0.671204,     1.783803,    -0.006328,
  1708.100,     0.511652,     1.269205,    -0.004925,
  1708.150,     0.511260,     0.851650,    -0.008069,
  1708.200,     0.654362,     0.570834,    -0.005973,
  1708.250,     0.865171,     0.472253,    -0.007512,
  1708.300,     1.058057,     0.513279,    -0.006211,
  1708.350,     1.177706,     0.688256,    -0.006931,
  1708.400,     1.160918,     0.913415,    -0.005736,
  1708.450,     1.062753,     1.097041,    -0.005330,
  1708.500,     0.925719,     1.167100,    -0.002082,
  1708.550,     0.839512,     1.094580,    -0.004265,
  1708.600,     0.825841,     0.988459,    -0.004595,
  1708.650,     0.881029,     0.890508,    -0.001496,
  1708.700,     1.059445,     0.825239,    -0.002588,
  1708.750,     1.243313,     0.834482,    -0.000837,
  1708.800,     1.467947,     0.937989,     0.002463,
  1708.850,     1.563140,     1.132657,     0.003330,
  1708.900,     1.525484,     1.381238,     0.001804,
  1708.950,     1.397492,     1.550118,    -0.000889,
  1709.000,     1.268547,     1.592862,     0.000125,
  1709.050,     1.154635,     1.496985,     0.003573,
  1709.100,     1.043578,     1.364264,    -0.000960,
  1709.150,     1.008489,     1.220443,    -0.001814,
  1709.200,     0.992358,     1.113766,     0.000987,
  1709.250,     1.022518,     1.030876,     0.004813,
  1709.300,     1.096089,     0.993686,    -0.000018,
  1709.350,     1.242361,     1.015238,    -0.001348,
  1709.400,     1.369291,     1.048356,    -0.005233,
  1709.450,     1.496069,     1.140385,    -0.002308,
  1709.500,     1.582369,     1.279681,    -0.002563,
  1709.550,     1.658129,     1.419368,     0.000003,
  1709.600,     1.686070,     1.520826,    -0.003536,
  1709.650,     1.704672,     1.610550,    -0.001667,
  1709.700,     1.637879,     1.662439,     0.000122,
  1709.750,     1.432150,     1.703517,    -0.008017,
  1709.800,     1.125201,     1.703155,    -0.009498,
  1709.850,     0.816895,     1.587031,    -0.008273,
  1709.900,     0.520566,     1.316544,    -0.008477,
  1709.950,     0.350552,     0.990432,    -0.006050,
  1710.000,     0.309732,     0.662223,    -0.006130,
  1710.050,     0.353843,     0.439506,    -0.005943,
  1710.100,     0.405596,     0.304805,    -0.012551,
  1710.150,     0.475021,     0.298283,    -0.004490,
  1710.200,     0.472135,     0.349277,    -0.005230,
  1710.250,     0.373055,     0.399695,    -0.007927,
  1710.300,     0.291314,     0.466908,    -0.007969,
  1710.350,     0.256257,     0.427609,    -0.001681,
  1710.400,     0.342268,     0.349779,    -0.007446,
  1710.450,     0.576531,     0.249391,    -0.008351,
  1710.500,     0.869288,     0.267603,    -0.000697,
  1710.550,     1.093575,     0.425202,     0.001845,
  1710.600,     1.253114,     0.670064,     0.000505,
  1710.650,     1.323447,     0.961431,     0.003778,
  1710.700,     1.280177,     1.192651,     0.001329,
  1710.750,     1.162444,     1.314931,     0.002542,
  1710.800,     0.981915,     1.339182,     0.001160,
  1710.850,     0.809245,     1.279172,     0.008425,
  1710.900,     0.726771,     1.094842,     0.001710,
  1710.950,     0.688953,     0.915425,    -0.000214,
  1711.000,     0.696694,     0.741791,     0.003288,
  1711.050,     0.780642,     0.671570,     0.004369,
  1711.100,     0.998389,     0.663055,    -0.005267,
  1711.150,     1.329321,     0.693004,    -0.002875,
  1711.200,     1.674380,     0.829999,     0.003553,
  1711.250,     1.887635,     1.120037,    -0.005290,
  1711.300,     1.953854,     1.462619,    -0.003122,
  1711.350,     1.858769,     1.783571,    -0.003042,
  1711.400,     1.541591,     1.975077,    -0.002224,
  1711.450,     1.070333,     1.983953,    -0.002255,
  1711.500,     0.564127,     1.791444,    -0.002469,
  1711.550,     0.157547,     1.416287,    -0.007823,
  1711.600,    -0.026425,     0.902035,    -0.006393,
  1711.650,     0.053864,     0.412966,    -0.007593,
  1711.700,     0.335858,     0.053998,    -0.002137,
  1711.750,     0.731023,    -0.022020,    -0.009905,
  1711.800,     1.115615,     0.139481,    -0.008972,
  1711.850,     1.440427,     0.468412,    -0.004278,
  1711.900,     1.684923,     0.870126,    -0.008095,
  1711.950,     1.697974,     1.249804,    -0.002889,
  1712.000,     1.521680,     1.590034,    -0.005659,
  1712.050,     1.176678,     1.757380,    -0.000551,
  1712.100,     0.773769,     1.704202,    -0.003408,
  1712.150,     0.435524,     1.456662,    -0.000126,
  1712.200,     0.185342,     1.053388,    -0.001854,
  1712.250,     0.160084,     0.622955,    -0.000796,
  1712.300,     0.332731,     0.310986,     0.003387,
  1712.350,     0.761397,     0.108602,    -0.002577,
  1712.400,     1.305946,     0.160012,     0.002568,
  1712.450,     1.828439,     0.437557,     0.006099,
  1712.500,     2.189021,     0.908591,     0.001511,
  1712.550,     2.317182,     1.471358,     0.002007,
  1712.600,     2.232369,     1.942300,     0.000867,
  1712.650,     1.974835,     2.241039,     0.005648,
  1712.700,     1.640038,     2.315176,    -0.003701,
  1712.750,     1.333711,     2.166940,     0.005542,
  1712.800,     1.192221,     1.869105,    -0.004781,
  1712.850,     1.147634,     1.530207,     0.003768,
  1712.900,     1.283833,     1.262102,    -0.006766,
  1712.950,     1.543550,     1.160561,    -0.002746,
  1713.000,     1.785154,     1.214127,    -0.010154,
  1713.050,     1.883224,     1.422144,    -0.004101,
  1713.100,     1.839397,     1.647660,    -0.012289,
  1713.150,     1.646296,     1.855765,    -0.007333,
  1713.200,     1.416574,     1.931107,    -0.011108,
  1713.250,     1.139055,     1.816466,    -0.006598,
  1713.300,     0.907195,     1.621859,    -0.006211,
  1713.350,     0.718757,     1.351444,     0.000354,
  1713.400,     0.684890,     1.063327,    -0.007249,
  1713.450,     0.743108,     0.848513,    -0.005348,
  1713.500,     0.970423,     0.704341,     0.002951,
  1713.550,     1.271277,     0.688907,    -0.006702,
  1713.600,     1.554456,     0.819090,     0.003807,
  1713.650,     1.742908,     1.103136,    -0.006279,
  1713.700,     1.771403,     1.409114,    -0.003134,
  1713.750,     1.597452,     1.692225,    -0.000846,
  1713.800,     1.336094,     1.811971,    -0.007734,
  1713.850,     0.953769,     1.754821,     0.003350,
  1713.900,     0.493139,     1.591743,     0.001424,
  1713.950,     0.150425,     1.231281,     0.000217,
  1714.000,    -0.018265,     0.797407,     0.005717,
  1714.050,     0.102453,     0.365158,     0.000207,
  1714.100,     0.480407,     0.034516,     0.002745,
  1714.150,     0.916503,    -0.026658,     0.002738,
  1714.200,     1.343053,     0.184675,     0.004503,
  1714.250,     1.628211,     0.606210,    -0.008005,
  1714.300,     1.723818,     1.089649,     0.000341,
  1714.350,     1.582214,     1.490815,    -0.005824,
  1714.400,     1.309514,     1.707233,    -0.006690,
  1714.450,     0.940687,     1.719465,    -0.000205,
  1714.500,     0.678643,     1.513489,     0.005521,
  1714.550,     0.564231,     1.197705,    -0.005009,
  1714.600,     0.631493,     0.856871,    -0.008681,
  1714.650,     0.807273,     0.634544,    -0.006577,
  1714.700,     1.001528,     0.617475,    -0.001650,
  1714.750,     1.081395,     0.725275,    -0.006759,
  1714.800,     0.970831,     0.924123,    -0.008435,
  1714.850,     0.683300,     1.106387,    -0.010161,
  1714.900,     0.256226,     1.103005,    -0.004808,
  1714.950,    -0.154621,     0.913411,     0.001586,
  1715.000,    -0.480473,     0.530180,     0.002666,
  1715.050,    -0.656302,     0.134683,    -0.003183,
  1715.100,    -0.614479,    -0.269910,    -0.006030,
  1715.150,    -0.389648,    -0.557224,    -0.010268,
  1715.200,    -0.046722,    -0.683033,    -0.005563,
  1715.250,     0.390558,    -0.571705,    -0.006018,
  1715.300,     0.836350,    -0.304670,    -0.005527,
  1715.350,     1.290599,     0.078485,    -0.000695,
  1715.400,     1.664650,     0.538393,     0.006190,
  1715.450,     1.883167,     1.028427,     0.005528,
  1715.500,     1.784968,     1.502242,     0.006031,
  1715.550,     1.379647,     1.844738,     0.007783,
  1715.600,     0.750741,     1.933996,     0.001326,
  1715.650,     0.051658,     1.728565,     0.003530,
  1715.700,    -0.563728,     1.229859,    -0.001275,
  1715.750,    -0.954841,     0.540926,     0.000741,
  1715.800,    -1.043036,    -0.165826,    -0.005283,
  1715.850,    -0.761289,    -0.740224,    -0.002659,
  1715.900,    -0.196694,    -1.057480,    -0.010331,
  1715.950,     0.552477,    -1.035766,    -0.011258,
  1716.000,     1.324373,    -0.629646,    -0.005588,
  1716.050,     1.866721,     0.073212,    -0.002728,
  1716.100,     2.136213,     0.854730,     0.003118,
  1716.150,     2.115665,     1.581930,    -0.003075,
  1716.200,     1.830262,     2.064901,    -0.010107,
  1716.250,     1.361159,     2.253151,    -0.009719,
  1716.300,     0.862880,     2.119534,     0.004029,
  1716.350,     0.479900,     1.736978,     0.008016,
  1716.400,     0.250797,     1.250300,    -0.008163,
  1716.450,     0.198170,     0.746373,    -0.004889,
  1716.500,     0.238170,     0.391037,     0.008254,
  1716.550,     0.330068,     0.223613,    -0.001293,
  1716.600,     0.392748,     0.227837,    -0.004214,
  1716.650,     0.395737,     0.283777,    -0.002316,
  1716.700,     0.402632,     0.363875,    -0.008222,
  1716.750,     0.382175,     0.414411,    -0.001281,
  1716.800,     0.472880,     0.382238,     0.000422,
  1716.850,     0.645976,     0.386000,    -0.011527,
  1716.900,     0.924971,     0.413724,    -0.003072,
  1716.950,     1.273281,     0.532464,    -0.005026,
  1717.000,     1.573088,     0.767610,    -0.002708,
  1717.050,     1.800257,     1.103108,    -0.008991,
  1717.100,     1.913537,     1.447134,    -0.007836,
  1717.150,     1.893951,     1.758704,    -0.004379,
  1717.200,     1.797570,     1.913312,    -0.008122,
  1717.250,     1.575569,     1.989301,     0.001276,
  1717.300,     1.249061,     1.956454,    -0.003999,
  1717.350,     0.905156,     1.767766,    -0.004617,
  1717.400,     0.560361,     1.530295,    -0.002011,
  1717.450,     0.199170,     1.168417,     0.002369,
  1717.500,    -0.156133,     0.812636,    -0.005131,
  1717.550,    -0.399711,     0.407275,    -0.003273,
  1717.600,    -0.437453,     0.038021,    -0.000886,
  1717.650,    -0.156843,    -0.290806,    -0.000670,
  1717.700,     0.286380,    -0.475594,    -0.002964,
  1717.750,     0.808713,    -0.410213,    -0.001640,
  1717.800,     1.254801,    -0.052088,    -0.001933,
  1717.850,     1.528158,     0.457475,     0.000251,
  1717.900,     1.646091,     0.988306,    -0.000896,
  1717.950,     1.563584,     1.415740,    -0.002488,
  1718.000,     1.378227,     1.668179,    -0.005866,
  1718.050,     1.090671,     1.705765,     0.003382,
  1718.100,     0.826958,     1.583977,    -0.007437,
  1718.150,     0.602021,     1.329943,     0.000076,
  1718.200,     0.485402,     1.036802,    -0.005832,
  1718.250,     0.471263,     0.768220,    -0.005959,
  1718.300,     0.574343,     0.553401,    -0.007533,
  1718.350,     0.695766,     0.472896,    -0.007628,
  1718.400,     0.852417,     0.491900,    -0.010677,
  1718.450,     0.926139,     0.624468,     0.001463,
  1718.500,     0.971961,     0.761028,    -0.006648,
  1718.550,     1.029148,     0.885877,    -0.004615,
  1718.600,     1.085016,     0.965360,    -0.002993,
  1718.650,     1.217538,     1.019752,    -0.001827,
  1718.700,     1.477479,     1.055398,    -0.003102,
  1718.750,     1.826830,     1.122704,    -0.000331,
  1718.800,     2.187500,     1.344286,     0.001339,
  1718.850,     2.493500,     1.613377,    -0.000553,
  1718.900,     2.638460,     1.994283,     0.001968,
  1718.950,     2.617869,     2.344918,     0.005823,
  1719.000,     2.431499,     2.580013,     0.002593,
  1719.050,     2.040338,     2.720220,     0.007157,
  1719.100,     1.552262,     2.634843,    -0.002289,
  1719.150,     0.956013,     2.351094,     0.002609,
  1719.200,     0.382468,     1.910511,    -0.002146,
  1719.250,    -0.053987,     1.332618,    -0.002208,
  1719.300,    -0.287571,     0.717710,    -0.004040,
  1719.350,    -0.263405,     0.149211,    -0.010588,
  1719.400,    -0.021059,    -0.231224,    -0.010393,
  1719.450,     0.375932,    -0.365955,    -0.010335,
  1719.500,     0.934995,    -0.252983,    -0.007040,
  1719.550,     1.519691,     0.065889,    -0.006579,
  1719.600,     2.060731,     0.584058,    -0.005752,
  1719.650,     2.380169,     1.177586,    -0.011722,
  1719.700,     2.465511,     1.803306,    -0.008390,
  1719.750,     2.287130,     2.287425,    -0.002258,
  1719.800,     2.012461,     2.540220,    -0.001000,
  1719.850,     1.671335,     2.506058,    -0.003311,
  1719.900,     1.336970,     2.308830,     0.000619,
  1719.950,     1.056654,     1.970036,    -0.000524,
  1720.000,     0.901335,     1.608460,     0.003255,

