Time_abs/ps, Signal 1/nA, Ref.signal 1/nA, Signal 2/nA, Ref.signal 2/nA
  1600.000,     0.004440,     0.007615,     0.003185,
  1600.050,    -0.000422,    -0.004646,    -0.003805,
  1600.100,     0.003785,     0.011497,    -0.001249,
  1600.150,     0.005314,    -0.005388,     0.004684,
  1600.200,    -0.013117,    -0.009079,    -0.002815,
  1600.250,    -0.001863,    -0.022884,     0.001750,
  1600.300,    -0.004837,    -0.011605,     0.002013,
  1600.350,    -0.017255,     0.000561,     0.004806,
  1600.400,     0.007972,     0.010459,     0.005129,
  1600.450,    -0.004757,     0.008771,     0.002485,
  1600.500,    -0.011783,    -0.000034,     0.007895,
  1600.550,    -0.020782,    -0.009125,     0.011519,
  1600.600,    -0.011413,    -0.021215,     0.003034,
  1600.650,    -0.026550,    -0.028924,     0.004498,
  1600.700,    -0.009058,    -0.024922,     0.000248,
  1600.750,    -0.020763,    -0.033412,     0.004276,
  1600.800,    -0.022164,    -0.027306,     0.000118,
  1600.850,    -0.019522,    -0.001638,     0.003726,
  1600.900,    -0.031733,    -0.017430,     0.004877,
  1600.950,    -0.025128,    -0.006954,    -0.004862,
  1601.000,    -0.018231,    -0.025601,     0.000492,
  1601.050,    -0.018536,    -0.025349,    -0.007992,
  1601.100,    -0.026403,    -0.009534,    -0.003444,
  1601.150,    -0.043476,    -0.028449,     0.007472,
  1601.200,    -0.033805,    -0.018410,     0.001834,
  1601.250,    -0.042375,    -0.022588,     0.001887,
  1601.300,    -0.017062,    -0.037640,     0.005446,
  1601.350,    -0.048230,    -0.024145,     0.000110,
  1601.400,    -0.036189,    -0.019708,     0.001337,
  1601.450,    -0.041044,    -0.036830,     0.000754,
  1601.500,    -0.026995,    -0.020360,     0.005223,
  1601.550,    -0.030442,    -0.021295,    -0.002955,
  1601.600,    -0.040951,    -0.019094,     0.000677,
  1601.650,    -0.048804,    -0.038961,     0.002232,
  1601.700,    -0.057295,    -0.039712,     0.002424,
  1601.750,    -0.066252,    -0.046448,     0.000151,
  1601.800,    -0.054727,    -0.049859,     0.004243,
  1601.850,    -0.072108,    -0.056273,     0.004410,
  1601.900,    -0.049013,    -0.066449,    -0.000824,
  1601.950,    -0.051003,    -0.072077,    -0.005969,
  1602.000,    -0.054258,    -0.063971,     0.000684,
  1602.050,    -0.062328,    -0.049452,    -0.000276,
  1602.100,    -0.076137,    -0.059367,    -0.000340,
  1602.150,    -0.069323,    -0.063293,     0.004230,
  1602.200,    -0.077655,    -0.057947,    -0.000939,
  1602.250,    -0.088473,    -0.047525,     0.003906,
  1602.300,    -0.086127,    -0.066134,     0.005754,
  1602.350,    -0.089417,    -0.074133,     0.008797,
  1602.400,    -0.083380,    -0.077379,     0.005701,
  1602.450,    -0.078079,    -0.060169,     0.004892,
  1602.500,    -0.064161,    -0.080268,     0.006447,
  1602.550,    -0.081635,    -0.067907,     0.011261,
  1602.600,    -0.081902,    -0.099132,     0.006770,
  1602.650,    -0.068412,    -0.079462,     0.004693,
  1602.700,    -0.075697,    -0.061615,     0.004657,
  1602.750,    -0.060294,    -0.055587,     0.002099,
  1602.800,    -0.092114,    -0.049285,     0.006039,
  1602.850,    -0.084789,    -0.061351,    -0.002362,
  1602.900,    -0.074372,    -0.051576,    -0.005689,
  1602.950,    -0.063169,    -0.030425,    -0.001149,
  1603.000,    -0.063412,    -0.045516,    -0.003750,
  1603.050,    -0.081309,    -0.046597,    -0.005779,
  1603.100,    -0.080378,    -0.041525,    -0.001657,
  1603.150,    -0.072690,    -0.058770,     0.001840,
  1603.200,    -0.064856,    -0.067038,    -0.002311,
  1603.250,    -0.070207,    -0.060943,     0.002798,
  1603.300,    -0.074454,    -0.046130,     0.008477,
  1603.350,    -0.045845,    -0.044856,     0.004368,
  1603.400,    -0.064357,    -0.048941,     0.006151,
  1603.450,    -0.069068,    -0.057768,     0.008901,
  1603.500,    -0.063285,    -0.061647,     0.008729,
  1603.550,    -0.053748,    -0.072860,     0.012919,
  1603.600,    -0.058772,    -0.050958,     0.009643,
  1603.650,    -0.085057,    -0.058043,     0.006908,
  1603.700,    -0.085429,    -0.046480,     0.007158,
  1603.750,    -0.087619,    -0.039911,     0.002793,
  1603.800,    -0.095667,    -0.055079,     0.004622,
  1603.850,    -0.102018,    -0.055890,     0.003690,
  1603.900,    -0.090150,    -0.060794,     0.002652,
  1603.950,    -0.094870,    -0.056321,    -0.001073,
  1604.000,    -0.088961,    -0.053461,     0.000588,
  1604.050,    -0.074083,    -0.061511,    -0.007212,
  1604.100,    -0.078712,    -0.073083,    -0.007461,
  1604.150,    -0.088955,    -0.058812,    -0.004764,
  1604.200,    -0.090396,    -0.056921,    -0.004434,
  1604.250,    -0.080977,    -0.052816,    -0.001688,
  1604.300,    -0.079474,    -0.051204,    -0.003648,
  1604.350,    -0.073831,    -0.050098,    -0.000520,
  1604.400,    -0.094036,    -0.051308,     0.005938,
  1604.450,    -0.073196,    -0.055452,     0.006050,
  1604.500,    -0.083633,    -0.068069,     0.007658,
  1604.550,    -0.078302,    -0.050001,     0.009480,
  1604.600,    -0.068848,    -0.060544,     0.014522,
  1604.650,    -0.050453,    -0.066102,     0.017367,
  1604.700,    -0.062173,    -0.067510,     0.013575,
  1604.750,    -0.036324,    -0.069713,     0.011638,
  1604.800,    -0.043406,    -0.075049,     0.007819,
  1604.850,    -0.052694,    -0.068252,     0.005907,
  1604.900,    -0.068674,    -0.068048,     0.004031,
  1604.950,    -0.077853,    -0.057182,     0.001828,
  1605.000,    -0.083043,    -0.074073,     0.001487,
  1605.050,    -0.077435,    -0.073767,     0.002700,
  1605.100,    -0.073038,    -0.058804,    -0.004725,
  1605.150,    -0.071984,    -0.074817,    -0.004421,
  1605.200,    -0.073962,    -0.054424,    -0.009074,
  1605.250,    -0.078657,    -0.059604,    -0.003896,
  1605.300,    -0.092176,    -0.073760,    -0.005524,
  1605.350,    -0.058081,    -0.080658,    -0.008098,
  1605.400,    -0.072253,    -0.064059,    -0.008069,
  1605.450,    -0.062662,    -0.066206,    -0.001928,
  1605.500,    -0.068779,    -0.061892,     0.001113,
  1605.550,    -0.051163,    -0.056416,     0.003066,
  1605.600,    -0.052464,    -0.060449,     0.004295,
  1605.650,    -0.070219,    -0.062375,     0.012924,
  1605.700,    -0.070624,    -0.064690,     0.012693,
  1605.750,    -0.053921,    -0.067201,     0.012676,
  1605.800,    -0.070494,    -0.053317,     0.006881,
  1605.850,    -0.068365,    -0.075328,     0.013513,
  1605.900,    -0.065906,    -0.081720,     0.014623,
  1605.950,    -0.046815,    -0.084957,     0.005810,
  1606.000,    -0.059640,    -0.063255,     0.008832,
  1606.050,    -0.080120,    -0.061329,     0.005669,
  1606.100,    -0.087575,    -0.043735,     0.009515,
  1606.150,    -0.080240,    -0.050841,     0.005610,
  1606.200,    -0.089294,    -0.062682,     0.005341,
  1606.250,    -0.076384,    -0.048538,    -0.000322,
  1606.300,    -0.091999,    -0.051206,    -0.003433,
  1606.350,    -0.097302,    -0.056931,    -0.004484,
  1606.400,    -0.095058,    -0.061721,     0.001212,
  1606.450,    -0.093349,    -0.077838,    -0.008124,
  1606.500,    -0.108994,    -0.075351,    -0.001626,
  1606.550,    -0.101369,    -0.045355,    -0.002469,
  1606.600,    -0.096299,    -0.075436,    -0.008155,
  1606.650,    -0.106946,    -0.075216,    -0.007626,
  1606.700,    -0.098114,    -0.067222,    -0.000039,
  1606.750,    -0.069250,    -0.063340,     0.003617,
  1606.800,    -0.093901,    -0.069187,     0.006963,
  1606.850,    -0.084165,    -0.065506,     0.006253,
  1606.900,    -0.092976,    -0.051772,     0.006348,
  1606.950,    -0.065897,    -0.049198,     0.006943,
  1607.000,    -0.059187,    -0.044549,     0.009623,
  1607.050,    -0.073731,    -0.057717,     0.014265,
  1607.100,    -0.077508,    -0.057853,     0.007060,
  1607.150,    -0.079132,    -0.075347,     0.011930,
  1607.200,    -0.089826,    -0.075670,     0.012216,
  1607.250,    -0.066691,    -0.067853,     0.009360,
  1607.300,    -0.083003,    -0.065862,     0.003474,
  1607.350,    -0.076439,    -0.091792,     0.005177,
  1607.400,    -0.089554,    -0.095613,     0.002468,
  1607.450,    -0.098433,    -0.089350,     0.002535,
  1607.500,    -0.105069,    -0.075400,    -0.003005,
  1607.550,    -0.089899,    -0.104859,    -0.000537,
  1607.600,    -0.095879,    -0.098777,     0.011339,
  1607.650,    -0.112826,    -0.092790,     0.002879,
  1607.700,    -0.118917,    -0.102410,    -0.003123,
  1607.750,    -0.112827,    -0.103796,     0.001349,
  1607.800,    -0.112468,    -0.101278,     0.001194,
  1607.850,    -0.118875,    -0.124529,    -0.005260,
  1607.900,    -0.122797,    -0.136633,    -0.006531,
  1607.950,    -0.139742,    -0.124998,     0.000469,
  1608.000,    -0.138291,    -0.137278,    -0.000927,
  1608.050,    -0.131542,    -0.131250,     0.005653,
  1608.100,    -0.132441,    -0.141260,     0.009497,
  1608.150,    -0.145158,    -0.161652,     0.006817,
  1608.200,    -0.171877,    -0.162870,     0.006604,
  1608.250,    -0.142595,    -0.156415,     0.010326,
  1608.300,    -0.152166,    -0.147483,     0.008133,
  1608.350,    -0.148165,    -0.147606,     0.005958,
  1608.400,    -0.149076,    -0.157783,     0.005616,
  1608.450,    -0.149204,    -0.149063,     0.006905,
  1608.500,    -0.142672,    -0.130967,     0.005696,
  1608.550,    -0.132658,    -0.132564,     0.005117,
  1608.600,    -0.141658,    -0.131408,     0.005362,
  1608.650,    -0.117661,    -0.119437,     0.004624,
  1608.700,    -0.102784,    -0.132012,    -0.002149,
  1608.750,    -0.105365,    -0.130531,    -0.002862,
  1608.800,    -0.114012,    -0.127366,     0.002489,
  1608.850,    -0.136600,    -0.114349,     0.006493,
  1608.900,    -0.120077,    -0.118084,    -0.002089,
  1608.950,    -0.113344,    -0.108535,    -0.004315,
  1609.000,    -0.089597,    -0.122791,     0.002336,
  1609.050,    -0.087780,    -0.112637,     0.000686,
  1609.100,    -0.091950,    -0.100752,    -0.004555,
  1609.150,    -0.080911,    -0.101737,    -0.002329,
  1609.200,    -0.073405,    -0.083625,    -0.000334,
  1609.250,    -0.094355,    -0.090299,     0.001559,
  1609.300,    -0.094700,    -0.092264,     0.005764,
  1609.350,    -0.074487,    -0.063074,     0.001632,
  1609.400,    -0.077584,    -0.072413,     0.000606,
  1609.450,    -0.059742,    -0.097468,     0.007414,
  1609.500,    -0.057044,    -0.062004,     0.001536,
  1609.550,    -0.075108,    -0.074665,     0.007142,
  1609.600,    -0.053525,    -0.082541,     0.003380,
  1609.650,    -0.050942,    -0.095405,     0.002375,
  1609.700,    -0.055846,    -0.072481,     0.002942,
  1609.750,    -0.067206,    -0.073364,     0.001954,
  1609.800,    -0.054322,    -0.048757,     0.004978,
  1609.850,    -0.059710,    -0.050317,     0.002394,
  1609.900,    -0.078606,    -0.050132,     0.005940,
  1609.950,    -0.070409,    -0.052159,     0.003682,
  1610.000,    -0.076973,    -0.076507,     0.005087,
  1610.050,    -0.082555,    -0.090168,     0.008427,
  1610.100,    -0.082611,    -0.092489,     0.001741,
  1610.150,    -0.084863,    -0.092585,     0.006572,
  1610.200,    -0.093189,    -0.087222,     0.008479,
  1610.250,    -0.087740,    -0.102442,     0.004570,
  1610.300,    -0.081223,    -0.110517,     0.005245,
  1610.350,    -0.124948,    -0.117500,     0.009517,
  1610.400,    -0.107210,    -0.123959,     0.005641,
  1610.450,    -0.097234,    -0.132789,     0.005095,
  1610.500,    -0.138312,    -0.137259,     0.004255,
  1610.550,    -0.138616,    -0.141640,     0.005965,
  1610.600,    -0.131742,    -0.131035,     0.003822,
  1610.650,    -0.153719,    -0.137492,     0.001255,
  1610.700,    -0.170600,    -0.131505,    -0.002019,
  1610.750,    -0.165867,    -0.161033,     0.004488,
  1610.800,    -0.173875,    -0.172221,     0.001394,
  1610.850,    -0.187439,    -0.194941,     0.005202,
  1610.900,    -0.183340,    -0.172747,     0.002624,
  1610.950,    -0.170679,    -0.179672,    -0.001626,
  1611.000,    -0.193487,    -0.196484,     0.000691,
  1611.050,    -0.206492,    -0.217035,     0.002087,
  1611.100,    -0.189378,    -0.213329,     0.001231,
  1611.150,    -0.196387,    -0.239635,     0.000692,
  1611.200,    -0.211183,    -0.240099,     0.002633,
  1611.250,    -0.195658,    -0.215287,     0.003145,
  1611.300,    -0.201811,    -0.217257,     0.002112,
  1611.350,    -0.200536,    -0.223915,     0.007033,
  1611.400,    -0.181581,    -0.225158,     0.006460,
  1611.450,    -0.183078,    -0.227445,    -0.000232,
  1611.500,    -0.209500,    -0.219021,     0.007487,
  1611.550,    -0.194868,    -0.196926,     0.010887,
  1611.600,    -0.202724,    -0.221091,     0.010765,
  1611.650,    -0.190794,    -0.212736,     0.012729,
  1611.700,    -0.195177,    -0.199161,     0.011847,
  1611.750,    -0.176583,    -0.192209,     0.014518,
  1611.800,    -0.210591,    -0.199529,     0.011335,
  1611.850,    -0.202288,    -0.174264,     0.010547,
  1611.900,    -0.199990,    -0.168421,     0.004505,
  1611.950,    -0.194426,    -0.185613,     0.003039,
  1612.000,    -0.177996,    -0.193127,     0.007229,
  1612.050,    -0.183706,    -0.202004,     0.001380,
  1612.100,    -0.204784,    -0.203686,    -0.004811,
  1612.150,    -0.204241,    -0.192196,    -0.002980,
  1612.200,    -0.198329,    -0.228909,    -0.003113,
  1612.250,    -0.210997,    -0.217702,    -0.006041,
  1612.300,    -0.228682,    -0.218946,    -0.005659,
  1612.350,    -0.237868,    -0.226065,    -0.001969,
  1612.400,    -0.223112,    -0.209106,    -0.008800,
  1612.450,    -0.217693,    -0.219318,    -0.008929,
  1612.500,    -0.233830,    -0.206316,    -0.003043,
  1612.550,    -0.231582,    -0.213026,    -0.003644,
  1612.600,    -0.219825,    -0.230964,    -0.003651,
  1612.650,    -0.213992,    -0.237960,     0.003124,
  1612.700,    -0.229829,    -0.240506,     0.006479,
  1612.750,    -0.223621,    -0.236160,     0.005521,
  1612.800,    -0.228348,    -0.233167,     0.003037,
  1612.850,    -0.229836,    -0.256656,     0.008860,
  1612.900,    -0.227874,    -0.239617,     0.013007,
  1612.950,    -0.205163,    -0.245471,     0.012067,
  1613.000,    -0.233931,    -0.262886,     0.015553,
  1613.050,    -0.230696,    -0.251333,     0.010397,
  1613.100,    -0.238739,    -0.256567,     0.009078,
  1613.150,    -0.240609,    -0.244889,     0.015167,
  1613.200,    -0.261853,    -0.267568,     0.008956,
  1613.250,    -0.257720,    -0.263436,     0.012711,
  1613.300,    -0.258954,    -0.261406,     0.007472,
  1613.350,    -0.278066,    -0.262316,     0.001276,
  1613.400,    -0.288188,    -0.263597,     0.006559,
  1613.450,    -0.280191,    -0.263895,     0.007656,
  1613.500,    -0.296685,    -0.253962,    -0.001151,
  1613.550,    -0.299032,    -0.267384,    -0.001065,
  1613.600,    -0.285302,    -0.282852,     0.003020,
  1613.650,    -0.295208,    -0.294390,     0.001638,
  1613.700,    -0.281601,    -0.269291,    -0.006398,
  1613.750,    -0.295921,    -0.296063,    -0.005198,
  1613.800,    -0.316527,    -0.295676,    -0.007013,
  1613.850,    -0.309802,    -0.290447,    -0.008116,
  1613.900,    -0.315831,    -0.308364,    -0.003708,
  1613.950,    -0.322290,    -0.311033,     0.000636,
  1614.000,    -0.326940,    -0.298176,    -0.001136,
  1614.050,    -0.337205,    -0.320096,     0.001175,
  1614.100,    -0.333371,    -0.327092,     0.004506,
  1614.150,    -0.332646,    -0.336267,     0.007118,
  1614.200,    -0.332117,    -0.347295,     0.005194,
  1614.250,    -0.334059,    -0.345886,     0.006055,
  1614.300,    -0.336379,    -0.330335,     0.010109,
  1614.350,    -0.345997,    -0.335595,     0.006265,
  1614.400,    -0.339088,    -0.326397,     0.008004,
  1614.450,    -0.347577,    -0.335081,     0.010648,
  1614.500,    -0.359794,    -0.341281,     0.013887,
  1614.550,    -0.338171,    -0.341916,     0.011310,
  1614.600,    -0.343711,    -0.342900,     0.008821,
  1614.650,    -0.332560,    -0.342125,     0.009474,
  1614.700,    -0.327503,    -0.318097,     0.010292,
  1614.750,    -0.333050,    -0.315540,     0.006370,
  1614.800,    -0.335602,    -0.298863,     0.004372,
  1614.850,    -0.345197,    -0.298416,     0.008693,
  1614.900,    -0.360712,    -0.312369,     0.004491,
  1614.950,    -0.352559,    -0.298750,     0.001105,
  1615.000,    -0.345940,    -0.299329,    -0.002380,
  1615.050,    -0.349282,    -0.316875,    -0.004338,
  1615.100,    -0.383355,    -0.339941,    -0.002521,
  1615.150,    -0.376849,    -0.354372,     0.000319,
  1615.200,    -0.391523,    -0.349586,    -0.006246,
  1615.250,    -0.419979,    -0.375272,    -0.006655,
  1615.300,    -0.433027,    -0.391255,    -0.000302,
  1615.350,    -0.439416,    -0.412063,    -0.000196,
  1615.400,    -0.447725,    -0.422098,    -0.002844,
  1615.450,    -0.435853,    -0.408363,    -0.003629,
  1615.500,    -0.427773,    -0.404922,    -0.002921,
  1615.550,    -0.427819,    -0.411461,     0.002738,
  1615.600,    -0.428267,    -0.401083,     0.003216,
  1615.650,    -0.425638,    -0.408784,    -0.002342,
  1615.700,    -0.430250,    -0.415894,     0.001935,
  1615.750,    -0.435113,    -0.406058,     0.008003,
  1615.800,    -0.425063,    -0.429032,     0.007713,
  1615.850,    -0.437274,    -0.454615,     0.008149,
  1615.900,    -0.471847,    -0.455064,     0.010088,
  1615.950,    -0.461417,    -0.455368,     0.008892,
  1616.000,    -0.476662,    -0.466990,     0.008396,
  1616.050,    -0.483009,    -0.474880,     0.005901,
  1616.100,    -0.482659,    -0.480263,     0.001741,
  1616.150,    -0.503366,    -0.480738,     0.004766,
  1616.200,    -0.506399,    -0.476577,     0.008997,
  1616.250,    -0.495426,    -0.483261,     0.014590,
  1616.300,    -0.498158,    -0.490949,     0.006869,
  1616.350,    -0.475008,    -0.490765,     0.003890,
  1616.400,    -0.500171,    -0.495713,     0.008256,
  1616.450,    -0.512880,    -0.492477,     0.004923,
  1616.500,    -0.521470,    -0.503176,     0.001118,
  1616.550,    -0.523028,    -0.526755,     0.003247,
  1616.600,    -0.503879,    -0.506274,     0.003957,
  1616.650,    -0.505910,    -0.492097,    -0.003990,
  1616.700,    -0.517525,    -0.494707,    -0.001216,
  1616.750,    -0.515474,    -0.491688,    -0.002546,
  1616.800,    -0.506168,    -0.491173,    -0.000614,
  1616.850,    -0.495021,    -0.493725,     0.004664,
  1616.900,    -0.496938,    -0.487156,     0.002653,
  1616.950,    -0.510615,    -0.489569,     0.005804,
  1617.000,    -0.501323,    -0.506868,     0.007312,
  1617.050,    -0.509244,    -0.487291,     0.000625,
  1617.100,    -0.482089,    -0.474220,     0.000841,
  1617.150,    -0.468463,    -0.483483,     0.003696,
  1617.200,    -0.477439,    -0.473541,     0.001925,
  1617.250,    -0.461945,    -0.474562,     0.005435,
  1617.300,    -0.484622,    -0.456456,     0.000955,
  1617.350,    -0.471780,    -0.446705,     0.001770,
  1617.400,    -0.447061,    -0.459078,    -0.000150,
  1617.450,    -0.444361,    -0.445847,     0.004248,
  1617.500,    -0.437277,    -0.438835,     0.003639,
  1617.550,    -0.421597,    -0.433537,     0.001852,
  1617.600,    -0.429635,    -0.436497,     0.005162,
  1617.650,    -0.427931,    -0.418269,     0.003892,
  1617.700,    -0.410541,    -0.416141,     0.005862,
  1617.750,    -0.398458,    -0.407228,     0.006402,
  1617.800,    -0.386535,    -0.401720,     0.004601,
  1617.850,    -0.358416,    -0.380863,     0.005434,
  1617.900,    -0.337387,    -0.371745,     0.007861,
  1617.950,    -0.320195,    -0.338327,     0.006849,
  1618.000,    -0.272515,    -0.281234,     0.004488,
  1618.050,    -0.231230,    -0.232384,     0.007111,
  1618.100,    -0.190514,    -0.193871,     0.005419,
  1618.150,    -0.138885,    -0.161821,     0.004872,
  1618.200,    -0.084780,    -0.119875,     0.002180,
  1618.250,    -0.082999,    -0.077524,     0.003266,
  1618.300,    -0.088317,    -0.071774,     0.003639,
  1618.350,    -0.152416,    -0.087374,     0.003411,
  1618.400,    -0.286091,    -0.196099,     0.001332,
  1618.450,    -0.519296,    -0.348139,     0.006250,
  1618.500,    -0.837843,    -0.610612,     0.004359,
  1618.550,    -1.209891,    -0.952923,     0.002265,
  1618.600,    -1.622303,    -1.333053,    -0.005131,
  1618.650,    -2.011058,    -1.743931,    -0.000922,
  1618.700,    -2.314713,    -2.126887,     0.002904,
  1618.750,    -2.444970,    -2.394161,    -0.003157,
  1618.800,    -2.386397,    -2.457728,    -0.007130,
  1618.850,    -2.122058,    -2.309845,     0.002237,
  1618.900,    -1.743483,    -1.995652,     0.000306,
  1618.950,    -1.324762,    -1.602009,    -0.000603,
  1619.000,    -0.920397,    -1.184876,    -0.000284,
  1619.050,    -0.610211,    -0.797805,    -0.000816,
  1619.100,    -0.365040,    -0.520714,     0.001886,
  1619.150,    -0.211461,    -0.297820,    -0.004293,
  1619.200,    -0.132619,    -0.164513,     0.000293,
  1619.250,    -0.133416,    -0.133796,     0.007165,
  1619.300,    -0.195800,    -0.141140,     0.005005,
  1619.350,    -0.247776,    -0.189173,     0.005590,
  1619.400,    -0.334190,    -0.272831,     0.011920,
  1619.450,    -0.412637,    -0.366149,     0.013354,
  1619.500,    -0.470877,    -0.414662,     0.011689,
  1619.550,    -0.540604,    -0.486669,     0.017108,
  1619.600,    -0.564775,    -0.532702,     0.014956,
  1619.650,    -0.580658,    -0.559336,     0.006084,
  1619.700,    -0.594301,    -0.580338,     0.012158,
  1619.750,    -0.603433,    -0.589772,     0.009791,
  1619.800,    -0.617395,    -0.591029,     0.002346,
  1619.850,    -0.644485,    -0.607447,     0.002684,
  1619.900,    -0.656312,    -0.624791,     0.002178,
  1619.950,    -0.692589,    -0.651564,    -0.001883,
  1620.000,    -0.728149,    -0.699427,    -0.006346,
  1620.050,    -0.764605,    -0.712156,     0.000737,
  1620.100,    -0.780627,    -0.740053,     0.003755,
  1620.150,    -0.800314,    -0.779035,    -0.004071,
  1620.200,    -0.794940,    -0.777557,    -0.005513,
  1620.250,    -0.806616,    -0.783301,    -0.003596,
  1620.300,    -0.795419,    -0.795376,    -0.002631,
  1620.350,    -0.783212,    -0.762885,    -0.003014,
  1620.400,    -0.794017,    -0.756703,    -0.000839,
  1620.450,    -0.779044,    -0.755122,    -0.001787,
  1620.500,    -0.791260,    -0.759587,     0.004304,
  1620.550,    -0.819948,    -0.770126,     0.007789,
  1620.600,    -0.798737,    -0.762379,     0.003470,
  1620.650,    -0.827968,    -0.799293,     0.005084,
  1620.700,    -0.849390,    -0.826538,     0.010681,
  1620.750,    -0.850919,    -0.825007,     0.008696,
  1620.800,    -0.855463,    -0.836559,     0.011373,
  1620.850,    -0.856270,    -0.864981,     0.011869,
  1620.900,    -0.864506,    -0.872562,     0.012145,
  1620.950,    -0.879700,    -0.863349,     0.010473,
  1621.000,    -0.862484,    -0.892779,     0.016207,
  1621.050,    -0.890402,    -0.900679,     0.014517,
  1621.100,    -0.910923,    -0.903279,     0.005634,
  1621.150,    -0.942415,    -0.929399,     0.001802,
  1621.200,    -0.983414,    -0.946151,     0.002489,
  1621.250,    -1.024572,    -0.973433,     0.002033,
  1621.300,    -1.047497,    -1.002156,     0.001452,
  1621.350,    -1.056966,    -1.031033,     0.000879,
  1621.400,    -1.081321,    -1.055723,    -0.005148,
  1621.450,    -1.062769,    -1.082439,    -0.003648,
  1621.500,    -1.026549,    -1.040745,    -0.003710,
  1621.550,    -1.003882,    -1.007067,    -0.008046,
  1621.600,    -0.975182,    -0.969472,    -0.003959,
  1621.650,    -0.902397,    -0.923275,    -0.002856,
  1621.700,    -0.868979,    -0.868363,    -0.002669,
  1621.750,    -0.853660,    -0.839668,     0.000008,
  1621.800,    -0.843187,    -0.839075,    -0.000525,
  1621.850,    -0.840940,    -0.835832,     0.001399,
  1621.900,    -0.881941,    -0.868083,     0.003633,
  1621.950,    -0.916149,    -0.905803,     0.006417,
  1622.000,    -0.938977,    -0.925178,     0.007499,
  1622.050,    -0.932290,    -0.925425,     0.008995,
  1622.100,    -0.933944,    -0.933014,     0.009573,
  1622.150,    -0.950358,    -0.943333,     0.003702,
  1622.200,    -0.933758,    -0.946160,     0.004041,
  1622.250,    -0.916625,    -0.947706,     0.008749,
  1622.300,    -0.896654,    -0.936598,     0.007582,
  1622.350,    -0.870997,    -0.911204,     0.005111,
  1622.400,    -0.841454,    -0.902913,     0.009761,
  1622.450,    -0.832618,    -0.885350,     0.009872,
  1622.500,    -0.826855,    -0.852988,     0.008708,
  1622.550,    -0.791015,    -0.809969,     0.003973,
  1622.600,    -0.752229,    -0.785377,     0.000702,
  1622.650,    -0.700614,    -0.742969,     0.006689,
  1622.700,    -0.646625,    -0.686576,     0.003332,
  1622.750,    -0.547851,    -0.613374,     0.001308,
  1622.800,    -0.459551,    -0.510101,     0.003918,
  1622.850,    -0.345675,    -0.403846,     0.002814,
  1622.900,    -0.215824,    -0.275957,     0.001387,
  1622.950,    -0.078141,    -0.136301,     0.000203,
  1623.000,     0.055766,    -0.013895,    -0.001467,
  1623.050,     0.098132,     0.097326,     0.004324,
  1623.100,     0.044540,     0.115637,     0.004815,
  1623.150,    -0.204230,     0.008123,     0.004693,
  1623.200,    -0.722787,    -0.326249,     0.000763,
  1623.250,    -1.672409,    -1.001347,     0.002477,
  1623.300,    -3.182360,    -2.122518,     0.004576,
  1623.350,    -5.309636,    -3.843026,     0.003725,
  1623.400,    -8.041288,    -6.190226,     0.001861,
  1623.450,   -11.172163,    -9.079033,     0.004149,
  1623.500,   -14.223018,   -12.222148,     0.005236,
  1623.550,   -16.593499,   -15.132563,     0.005969,
  1623.600,   -17.561583,   -17.125555,     0.004872,
  1623.650,   -16.603652,   -17.493563,     0.005713,
  1623.700,   -13.540665,   -15.827166,     0.001616,
  1623.750,    -8.781471,   -12.123533,     0.000166,
  1623.800,    -3.239433,    -6.997025,     0.003118,
  1623.850,     2.006649,    -1.427215,     0.006665,
  1623.900,     5.976791,     3.484423,     0.007226,
  1623.950,     8.182153,     6.934489,     0.001270,
  1624.000,     8.560769,     8.513791,     0.003314,
  1624.050,     7.373631,     8.337132,     0.006618,
  1624.100,     5.097446,     6.748450,     0.001291,
  1624.150,     2.187351,     4.178412,     0.007060,
  1624.200,    -0.767242,     1.205607,     0.008744,
  1624.250,    -3.231025,    -1.618595,     0.000899,
  1624.300,    -4.913685,    -3.847212,     0.001387,
  1624.350,    -5.819872,    -5.274983,     0.001658,
  1624.400,    -6.203797,    -5.999073,     0.001436,
  1624.450,    -6.138198,    -6.210488,     0.006598,
  1624.500,    -5.676439,    -6.037645,     0.008883,
  1624.550,    -4.846635,    -5.448199,     0.002887,
  1624.600,    -3.809410,    -4.513717,     0.007740,
  1624.650,    -2.926363,    -3.507028,     0.010620,
  1624.700,    -2.299035,    -2.713990,     0.009107,
  1624.750,    -1.913992,    -2.169706,     0.005459,
  1624.800,    -1.584326,    -1.805950,     0.005183,
  1624.850,    -1.261039,    -1.469886,     0.004840,
  1624.900,    -0.925407,    -1.140785,     0.002799,
  1624.950,    -0.569874,    -0.812284,     0.002194,
  1625.000,    -0.090642,    -0.407357,     0.001411,
  1625.050,     0.560144,     0.132472,     0.001066,
  1625.100,     1.378381,     0.838794,     0.002031,
  1625.150,     2.373107,     1.727241,    -0.003890,
  1625.200,     3.481609,     2.765705,    -0.007301,
  1625.250,     4.649713,     3.889177,    -0.000460,
  1625.300,     5.840792,     5.077292,     0.006458,
  1625.350,     7.030747,     6.273234,    -0.003157,
  1625.400,     8.255506,     7.478472,     0.000031,
  1625.450,     9.543301,     8.746009,     0.005376,
  1625.500,    10.942073,    10.060120,     0.004859,
  1625.550,    12.491887,    11.467869,     0.004266,
  1625.600,    14.229801,    13.071246,     0.008401,
  1625.650,    16.255994,    14.898890,     0.008672,
  1625.700,    18.629793,    17.010325,     0.008154,
  1625.750,    21.399330,    19.501218,     0.009442,
  1625.800,    24.588078,    22.428147,     0.005969,
  1625.850,    28.264316,    25.822997,     0.004995,
  1625.900,    32.536443,    29.700968,     0.005383,
  1625.950,    37.457611,    34.164119,     0.004762,
  1626.000,    43.098458,    39.328189,    -0.000010,
  1626.050,    49.647553,    45.320874,    -0.006241,
  1626.100,    57.226500,    52.213222,    -0.004523,
  1626.150,    65.918976,    60.173804,    -0.004969,
  1626.200,    75.659875,    69.234329,    -0.009295,
  1626.250,    86.257117,    79.317423,    -0.008840,
  1626.300,    97.274570,    90.147328,    -0.007179,
  1626.350,   107.801730,   101.149397,    -0.007032,
  1626.400,   116.298050,   111.240914,    -0.008903,
  1626.450,   120.254263,   118.577158,    -0.010229,
  1626.500,   115.974015,   120.330037,     0.004006,
  1626.550,    98.383503,   112.301036,     0.003418,
  1626.600,    61.138896,    88.936240,     0.007387,
  1626.650,    -2.495218,    43.654300,     0.022743,
  1626.700,   -97.926634,   -30.080523,     0.029056,
  1626.750,  -226.529895,  -136.599317,     0.039493,
  1626.800,  -382.878553,  -275.383844,     0.043873,
  1626.850,  -552.525364,  -438.202199,     0.040212,
  1626.900,  -711.973231,  -607.466873,     0.030385,
  1626.950,  -829.943063,  -756.832510,     0.018764,
  1627.000,  -871.911440,  -853.304042,     0.012543,
  1627.050,  -811.693173,  -863.652525,     0.012784,
  1627.100,  -646.861170,  -767.964910,     0.021216,
  1627.150,  -403.754506,  -573.556554,     0.032465,
  1627.200,  -127.480912,  -314.836492,     0.037149,
  1627.250,   136.626432,   -38.717001,     0.035933,
  1627.300,   356.531047,   213.204124,     0.025210,
  1627.350,   515.387893,   414.370761,     0.011798,
  1627.400,   605.190511,   551.418659,     0.001285,
  1627.450,   624.290189,   618.154752,    -0.002789,
  1627.500,   580.827561,   615.650001,    -0.002284,
  1627.550,   494.472658,   555.920794,    -0.009449,
  1627.600,   390.938706,   461.606808,    -0.016846,
  1627.650,   291.415035,   358.092630,    -0.017789,
  1627.700,   205.291827,   262.795631,    -0.013913,
  1627.750,   132.938896,   181.288099,    -0.011214,
  1627.800,    74.519457,   113.143369,    -0.009716,
  1627.850,    34.083300,    59.884677,    -0.005121,
  1627.900,    14.954306,    26.164406,    -0.001617,
  1627.950,    13.117913,    13.388737,     0.001809,
  1628.000,    18.099926,    14.807836,     0.001419,
  1628.050,    21.015171,    19.605023,     0.002281,
  1628.100,    19.696158,    20.976186,     0.009206,
  1628.150,    15.587607,    18.573325,     0.003522,
  1628.200,     9.171382,    13.737354,    -0.000607,
  1628.250,    -0.087686,     6.294082,     0.000641,
  1628.300,   -11.190617,    -3.942722,     0.001664,
  1628.350,   -21.607372,   -15.291041,    -0.002363,
  1628.400,   -29.121292,   -25.115936,    -0.003818,
  1628.450,   -32.504205,   -31.509963,    -0.006363,
  1628.500,   -30.943180,   -33.304194,    -0.004413,
  1628.550,   -25.051287,   -29.992888,    -0.003031,
  1628.600,   -17.193012,   -22.742302,    -0.004279,
  1628.650,   -10.145998,   -14.414926,    -0.000872,
  1628.700,    -5.273338,    -7.483234,     0.000969,
  1628.750,    -2.865740,    -2.984859,     0.000979,
  1628.800,    -3.017686,    -1.164252,    -0.000653,
  1628.850,    -5.317017,    -2.118112,    -0.001298,
  1628.900,    -8.787820,    -5.174189,    -0.000186,
  1628.950,   -12.475107,    -9.286403,     0.001829,
  1629.000,   -15.627897,   -13.634145,     0.003372,
  1629.050,   -17.147476,   -17.083424,     0.003516,
  1629.100,   -16.467175,   -18.429742,     0.004295,
  1629.150,   -14.356506,   -17.405915,     0.003949,
  1629.200,   -11.778809,   -14.983355,     0.005742,
  1629.250,    -8.874699,   -11.998510,     0.004117,
  1629.300,    -5.920473,    -8.593464,     0.008666,
  1629.350,    -3.854635,    -5.354663,     0.009446,
  1629.400,    -3.007957,    -3.324842,     0.008289,
  1629.450,    -2.536859,    -2.418323,     0.016323,
  1629.500,    -2.073801,    -1.744800,     0.013444,
  1629.550,    -2.355583,    -1.435813,     0.001530,
  1629.600,    -3.536369,    -2.146204,     0.003609,
  1629.650,    -4.886168,    -3.579164,     0.007723,
  1629.700,    -6.049329,    -5.007354,     0.002717,
  1629.750,    -7.067040,    -6.289650,     0.000497,
  1629.800,    -7.729344,    -7.321848,     0.002260,
  1629.850,    -8.131834,    -7.916487,     0.010709,
  1629.900,    -8.684022,    -8.401538,     0.006493,
  1629.950,    -9.234311,    -9.063405,     0.007805,
  1630.000,    -9.600147,    -9.528301,     0.004973,
  1630.050,   -10.593559,    -9.995554,     0.003090,
  1630.100,   -13.016585,   -11.552468,     0.003753,
  1630.150,   -16.374725,   -14.581446,     0.000322,
  1630.200,   -19.581451,   -18.110098,    -0.002342,
  1630.250,   -22.206248,   -21.159664,     0.002920,
  1630.300,   -24.327076,   -23.552278,     0.003780,
  1630.350,   -25.492663,   -25.200944,     0.000158,
  1630.400,   -24.786858,   -25.526302,    -0.003375,
  1630.450,   -21.392208,   -23.619052,    -0.000200,
  1630.500,   -15.125733,   -18.819349,     0.001553,
  1630.550,    -7.104245,   -11.499617,     0.000465,
  1630.600,     0.871767,    -3.149112,     0.001509,
  1630.650,     7.401852,     4.452853,     0.005675,
  1630.700,    11.713822,    10.046533,     0.005057,
  1630.750,    13.583101,    13.060233,     0.000373,
  1630.800,    13.307203,    13.620158,     0.002052,
  1630.850,    11.337431,    12.157680,     0.002556,
  1630.900,     8.266060,     9.274574,     0.003305,
  1630.950,     5.088413,     5.856123,     0.008707,
  1631.000,     2.780665,     2.993944,     0.006530,
  1631.050,     1.755902,     1.406954,     0.006061,
  1631.100,     1.960707,     1.309775,     0.011619,
  1631.150,     2.831433,     2.395546,     0.010238,
  1631.200,     3.408700,     3.763499,     0.007034,
  1631.250,     3.230435,     4.322650,     0.009629,
  1631.300,     2.675735,     3.926636,     0.013516,
  1631.350,     2.113297,     3.166550,     0.016475,
  1631.400,     1.424214,     2.265575,     0.008651,
  1631.450,     0.706656,     1.160862,     0.009746,
  1631.500,     0.247982,     0.170592,     0.008321,
  1631.550,     0.155349,    -0.376537,     0.008989,
  1631.600,     0.330164,    -0.448203,     0.006317,
  1631.650,     0.617285,    -0.184167,     0.003777,
  1631.700,     0.793915,     0.207198,     0.000839,
  1631.750,     0.817141,     0.439720,    -0.006971,
  1631.800,     0.865995,     0.576219,    -0.004309,
  1631.850,     1.031348,     0.828175,    -0.004832,
  1631.900,     1.131161,     1.151283,    -0.002207,
  1631.950,     1.180098,     1.302174,    -0.000675,
  1632.000,     1.218107,     1.393799,    -0.000368,
  1632.050,     0.947136,     1.363982,    -0.000687,
  1632.100,     0.207400,     0.892051,    -0.004367,
  1632.150,    -0.633725,    -0.002850,    -0.004148,
  1632.200,    -0.998600,    -0.749953,    -0.002965,
  1632.250,    -0.693442,    -0.775002,     0.002515,
  1632.300,    -0.065282,    -0.086435,     0.001005,
  1632.350,     0.303622,     0.719788,     0.000094,
  1632.400,     0.092071,     0.976297,     0.000578,
  1632.450,    -0.537354,     0.479779,     0.004469,
  1632.500,    -1.304015,    -0.447088,     0.001988,
  1632.550,    -2.132374,    -1.509570,     0.005330,
  1632.600,    -2.975277,    -2.620741,     0.006849,
  1632.650,    -3.563239,    -3.634282,     0.006107,
  1632.700,    -3.494982,    -4.182021,     0.005535,
  1632.750,    -2.707080,    -3.906807,     0.008571,
  1632.800,    -1.384844,    -2.793900,     0.007507,
  1632.850,     0.115713,    -1.227206,     0.006111,
  1632.900,     1.435447,     0.409447,     0.001996,
  1632.950,     2.412026,     1.757836,     0.008842,
  1633.000,     2.958108,     2.638111,     0.011089,
  1633.050,     2.945868,     3.037544,     0.007101,
  1633.100,     2.284154,     2.807701,     0.006850,
  1633.150,     1.017504,     1.846147,     0.002898,
  1633.200,    -0.281183,     0.418482,     0.002378,
  1633.250,    -0.931024,    -0.781082,    -0.005720,
  1633.300,    -0.734261,    -1.114038,    -0.001687,
  1633.350,    -0.030634,    -0.548134,     0.004111,
  1633.400,     0.673010,     0.372960,     0.002227,
  1633.450,     1.149574,     1.093779,     0.000461,
  1633.500,     1.541484,     1.532629,    -0.002473,
  1633.550,     1.918014,     1.931117,     0.001093,
  1633.600,     2.007841,     2.205702,     0.002099,
  1633.650,     1.594708,     2.028786,     0.000928,
  1633.700,     0.939972,     1.294591,    -0.002367,
  1633.750,     0.591951,     0.509281,    -0.000872,
  1633.800,     0.759051,     0.259539,    -0.001478,
  1633.850,     1.269610,     0.637703,    -0.000576,
  1633.900,     1.684337,     1.288410,     0.004751,
  1633.950,     1.900281,     1.735328,     0.006069,
  1634.000,     2.201574,     2.004661,     0.004383,
  1634.050,     2.896886,     2.524687,     0.005221,
  1634.100,     3.978034,     3.538086,     0.010933,
  1634.150,     4.980400,     4.817174,     0.009377,
  1634.200,     5.409567,     5.771806,     0.005801,
  1634.250,     4.988703,     5.894634,     0.010026,
  1634.300,     3.792484,     5.019867,     0.009179,
  1634.350,     2.166886,     3.374413,    -0.000181,
  1634.400,     0.573363,     1.468931,     0.006192,
  1634.450,    -0.597437,    -0.234864,     0.004974,
  1634.500,    -1.091566,    -1.331142,     0.005514,
  1634.550,    -0.932323,    -1.620024,     0.007609,
  1634.600,    -0.237651,    -1.193751,     0.008304,
  1634.650,     0.739954,    -0.221375,     0.005419,
  1634.700,     1.601251,     0.944310,     0.005220,
  1634.750,     1.969087,     1.802740,     0.003833,
  1634.800,     1.921542,     2.103127,     0.001642,
  1634.850,     1.737438,     1.980898,     0.001411,
  1634.900,     1.523232,     1.834150,    -0.000723,
  1634.950,     1.026725,     1.554471,     0.002930,
  1635.000,     0.083239,     0.849765,    -0.000010,
  1635.050,    -1.072721,    -0.364628,     0.002064,
  1635.100,    -1.987931,    -1.647068,     0.007818,
  1635.150,    -2.221136,    -2.463542,    -0.000068,
  1635.200,    -1.703150,    -2.393592,    -0.005792,
  1635.250,    -0.759103,    -1.539666,     0.000510,
  1635.300,     0.284431,    -0.367061,     0.002317,
  1635.350,     1.249117,     0.786164,     0.000540,
  1635.400,     2.052271,     1.800347,    -0.005695,
  1635.450,     2.598117,     2.567745,    -0.001159,
  1635.500,     2.749243,     2.857418,     0.001304,
  1635.550,     2.705065,     2.729597,     0.000852,
  1635.600,     2.866051,     2.507415,    -0.001772,
  1635.650,     3.553440,     2.725166,    -0.000346,
  1635.700,     4.646614,     3.536522,     0.002986,
  1635.750,     5.867507,     4.719953,     0.007932,
  1635.800,     6.987706,     5.978758,     0.009319,
  1635.850,     7.858842,     7.139484,     0.010546,
  1635.900,     8.294778,     8.018270,     0.010435,
  1635.950,     8.104599,     8.408722,     0.012593,
  1636.000,     7.125302,     8.099335,     0.018592,
  1636.050,     5.349770,     6.992960,     0.009305,
  1636.100,     3.027145,     5.083596,     0.009313,
  1636.150,     0.735533,     2.715300,     0.011045,
  1636.200,    -0.964723,     0.553834,     0.010882,
  1636.250,    -1.943942,    -0.974464,     0.003353,
  1636.300,    -2.434479,    -1.866223,    -0.002041,
  1636.350,    -2.602194,    -2.360050,     0.000327,
  1636.400,    -2.553170,    -2.625182,     0.001672,
  1636.450,    -2.356228,    -2.683920,     0.001463,
  1636.500,    -2.132964,    -2.569406,    -0.001418,
  1636.550,    -1.960507,    -2.462354,    -0.005555,
  1636.600,    -1.837023,    -2.381856,    -0.003725,
  1636.650,    -1.615525,    -2.249739,    -0.003551,
  1636.700,    -1.308510,    -1.943175,    -0.005392,
  1636.750,    -1.028913,    -1.563875,    -0.003931,
  1636.800,    -0.698238,    -1.173989,    -0.000960,
  1636.850,    -0.260773,    -0.740138,     0.000304,
  1636.900,     0.370069,    -0.124872,     0.000539,
  1636.950,     1.097129,     0.609759,     0.001061,
  1637.000,     1.893140,     1.406203,     0.001779,
  1637.050,     2.770907,     2.317221,     0.000972,
  1637.100,     3.516515,     3.254949,     0.000630,
  1637.150,     3.857272,     4.003688,     0.000464,
  1637.200,     3.495327,     4.135708,     0.005349,
  1637.250,     2.383557,     3.405202,     0.011630,
  1637.300,     0.998893,     1.985505,     0.010412,
  1637.350,    -0.250067,     0.434592,     0.011027,
  1637.400,    -1.129266,    -0.822254,     0.011328,
  1637.450,    -1.473985,    -1.575648,     0.009546,
  1637.500,    -1.286339,    -1.729813,     0.010228,
  1637.550,    -0.635750,    -1.255113,     0.010311,
  1637.600,     0.340127,    -0.338612,     0.010068,
  1637.650,     1.296730,     0.763632,     0.012980,
  1637.700,     2.043002,     1.740224,     0.013028,
  1637.750,     2.584127,     2.460679,     0.006524,
  1637.800,     2.984844,     2.958997,     0.001329,
  1637.850,     3.179458,     3.299934,     0.001745,
  1637.900,     3.085038,     3.385711,     0.001175,
  1637.950,     2.785388,     3.162409,    -0.000782,
  1638.000,     2.520193,     2.824086,    -0.004496,
  1638.050,     2.239855,     2.523193,    -0.000046,
  1638.100,     1.862640,     2.167881,    -0.001226,
  1638.150,     1.337969,     1.673464,    -0.007492,
  1638.200,     0.816588,     1.097867,    -0.004960,
  1638.250,     0.471274,     0.595649,    -0.000514,
  1638.300,     0.347424,     0.267708,    -0.001588,
  1638.350,     0.363182,     0.215812,     0.001483,
  1638.400,     0.366455,     0.300757,     0.001344,
  1638.450,     0.137675,     0.210374,    -0.001210,
  1638.500,    -0.331767,    -0.234144,    -0.001453,
  1638.550,    -0.801346,    -0.859218,     0.003352,
  1638.600,    -0.943361,    -1.345800,     0.004313,
  1638.650,    -0.702587,    -1.384178,     0.006739,
  1638.700,    -0.186988,    -1.020408,     0.005572,
  1638.750,     0.585308,    -0.342018,     0.002075,
  1638.800,     1.668459,     0.725234,     0.001390,
  1638.850,     2.812704,     2.078701,     0.005767,
  1638.900,     3.727867,     3.398893,     0.010407,
  1638.950,     4.279732,     4.392974,     0.006227,
  1639.000,     4.491989,     4.958612,     0.008130,
  1639.050,     4.323526,     5.103479,     0.008359,
  1639.100,     3.712358,     4.824185,     0.003579,
  1639.150,     2.535024,     3.945542,     0.006566,
  1639.200,     0.843354,     2.410317,     0.008172,
  1639.250,    -1.034189,     0.343592,     0.007801,
  1639.300,    -2.713934,    -1.854028,     0.004905,
  1639.350,    -3.914527,    -3.661547,    -0.000913,
  1639.400,    -4.501802,    -4.850082,     0.002664,
  1639.450,    -4.335405,    -5.255514,     0.002419,
  1639.500,    -3.358222,    -4.758078,    -0.000886,
  1639.550,    -1.699190,    -3.317165,     0.001472,
  1639.600,     0.267470,    -1.240698,     0.001546,
  1639.650,     2.054171,     1.045305,     0.003335,
  1639.700,     3.362785,     2.943423,    -0.001857,
  1639.750,     4.249415,     4.244858,    -0.003044,
  1639.800,     4.782784,     5.100088,     0.000078,
  1639.850,     4.884035,     5.546860,     0.002650,
  1639.900,     4.250218,     5.334418,     0.001259,
  1639.950,     2.913621,     4.304736,    -0.001656,
  1640.000,     1.115185,     2.511987,    -0.003262,
  1640.050,    -0.692552,     0.352506,    -0.005790,
  1640.100,    -1.967471,    -1.575325,    -0.002406,
  1640.150,    -2.485199,    -2.746470,    -0.000768,
  1640.200,    -2.347756,    -3.031769,    -0.002256,
  1640.250,    -1.884556,    -2.697153,    -0.003162,
  1640.300,    -1.285741,    -2.044046,     0.002254,
  1640.350,    -0.642348,    -1.309203,    -0.000372,
  1640.400,    -0.067072,    -0.531349,     0.004341,
  1640.450,     0.242099,     0.062713,     0.001854,
  1640.500,     0.288941,     0.293488,     0.005711,
  1640.550,     0.340926,     0.269254,     0.004099,
  1640.600,     0.773225,     0.404838,     0.000106,
  1640.650,     1.599684,     1.032106,     0.009041,
  1640.700,     2.563778,     2.062719,     0.009141,
  1640.750,     3.332540,     3.106748,     0.006697,
  1640.800,     3.746466,     3.840306,     0.004725,
  1640.850,     3.852564,     4.170689,     0.004263,
  1640.900,     3.695500,     4.128747,     0.006122,
  1640.950,     3.277268,     3.825790,     0.001050,
  1641.000,     2.414652,     3.105605,     0.000356,
  1641.050,     1.219643,     1.919317,     0.004158,
  1641.100,     0.127204,     0.499471,     0.003007,
  1641.150,    -0.510231,    -0.655401,    -0.001705,
  1641.200,    -0.516771,    -1.180790,     0.000187,
  1641.250,     0.117683,    -0.932680,    -0.005097,
  1641.300,     1.306404,     0.065962,    -0.006079,
  1641.350,     2.886554,     1.640657,     0.002086,
  1641.400,     4.585405,     3.587384,    -0.008815,
  1641.450,     6.129649,     5.627009,    -0.004053,
  1641.500,     6.995742,     7.283995,     0.001707,
  1641.550,     6.734312,     7.929273,     0.001376,
  1641.600,     5.409613,     7.229707,     0.002395,
  1641.650,     3.532852,     5.437746,     0.002577,
  1641.700,     1.700901,     3.255428,     0.002685,
  1641.750,     0.175527,     1.287893,     0.004421,
  1641.800,    -1.159178,    -0.430065,     0.007055,
  1641.850,    -2.210687,    -1.912394,     0.004701,
  1641.900,    -2.670166,    -2.921142,     0.002770,
  1641.950,    -2.401724,    -3.164518,     0.011707,
  1642.000,    -1.854838,    -2.711609,     0.010081,
  1642.050,    -1.424384,    -2.023525,     0.006649,
  1642.100,    -1.309983,    -1.612473,     0.006472,
  1642.150,    -1.474034,    -1.626222,     0.010817,
  1642.200,    -1.748308,    -1.895577,     0.007782,
  1642.250,    -1.890069,    -2.231396,     0.005224,
  1642.300,    -1.714280,    -2.317654,     0.004311,
  1642.350,    -0.980933,    -1.902629,     0.008832,
  1642.400,     0.421030,    -0.786280,    -0.000181,
  1642.450,     2.390289,     1.129492,     0.003942,
  1642.500,     4.442748,     3.499094,     0.003853,
  1642.550,     6.000865,     5.749574,     0.004475,
  1642.600,     6.541348,     7.199591,    -0.000192,
  1642.650,     5.837462,     7.364164,     0.001500,
  1642.700,     4.096399,     6.108811,     0.001249,
  1642.750,     1.806967,     3.760737,    -0.003044,
  1642.800,    -0.444263,     1.035424,     0.000108,
  1642.850,    -2.317425,    -1.500944,    -0.000963,
  1642.900,    -3.756350,    -3.580921,     0.003382,
  1642.950,    -4.569843,    -5.075783,     0.008370,
  1643.000,    -4.339941,    -5.654107,     0.006189,
  1643.050,    -2.805954,    -4.892246,     0.001171,
  1643.100,    -0.104480,    -2.572867,     0.000452,
  1643.150,     3.149463,     0.931624,     0.003587,
  1643.200,     6.076683,     4.734468,     0.005292,
  1643.250,     7.959029,     7.863014,     0.008282,
  1643.300,     8.449047,     9.581584,     0.004290,
  1643.350,     7.439125,     9.571676,     0.001250,
  1643.400,     5.212917,     7.899424,     0.007174,
  1643.450,     2.288474,     4.949290,     0.010236,
  1643.500,    -0.726240,     1.389123,     0.005198,
  1643.550,    -3.046994,    -1.934049,     0.004280,
  1643.600,    -4.270331,    -4.311451,     0.000978,
  1643.650,    -4.464748,    -5.354010,    -0.002806,
  1643.700,    -3.964422,    -5.268690,     0.001818,
  1643.750,    -3.236955,    -4.557273,     0.003843,
  1643.800,    -2.474288,    -3.695180,     0.008804,
  1643.850,    -1.571957,    -2.738433,     0.007767,
  1643.900,    -0.568833,    -1.598857,     0.001582,
  1643.950,     0.337198,    -0.426964,     0.007327,
  1644.000,     1.059921,     0.606600,     0.008210,
  1644.050,     1.621883,     1.409146,    -0.001409,
  1644.100,     2.122071,     2.057791,     0.007971,
  1644.150,     2.523480,     2.602047,     0.005645,
  1644.200,     2.768521,     3.052287,     0.008977,
  1644.250,     2.831512,     3.248419,     0.006725,
  1644.300,     2.752407,     3.271796,     0.004929,
  1644.350,     2.594016,     3.133470,     0.001735,
  1644.400,     2.253742,     2.880073,     0.003791,
  1644.450,     1.604385,     2.369453,     0.004035,
  1644.500,     0.562274,     1.468208,     0.000356,
  1644.550,    -0.775239,     0.140516,     0.001903,
  1644.600,    -2.191502,    -1.456805,    -0.000385,
  1644.650,    -3.466777,    -3.080571,    -0.001314,
  1644.700,    -4.358297,    -4.479910,    -0.003246,
  1644.750,    -4.526585,    -5.262017,    -0.007203,
  1644.800,    -3.751680,    -5.094079,    -0.007906,
  1644.850,    -2.130839,    -3.856473,     0.001030,
  1644.900,     0.018219,    -1.698483,     0.003217,
  1644.950,     2.252908,     0.847717,     0.006079,
  1645.000,     4.226959,     3.351845,     0.003579,
  1645.050,     5.706740,     5.478878,     0.001937,
  1645.100,     6.317745,     6.879348,     0.006221,
  1645.150,     5.857319,     7.193092,     0.008010,
  1645.200,     4.386475,     6.209300,     0.007741,
  1645.250,     2.322952,     4.192611,     0.006743,
  1645.300,     0.309776,     1.729110,     0.006032,
  1645.350,    -1.211919,    -0.502945,     0.005983,
  1645.400,    -2.064939,    -2.066343,     0.004607,
  1645.450,    -2.140958,    -2.800311,     0.008496,
  1645.500,    -1.527953,    -2.672023,     0.007095,
  1645.550,    -0.460213,    -1.756019,     0.004359,
  1645.600,     0.716824,    -0.414681,     0.004855,
  1645.650,     1.555900,     0.885057,     0.002540,
  1645.700,     1.908401,     1.681047,     0.005981,
  1645.750,     1.878507,     1.914041,     0.007796,
  1645.800,     1.689383,     1.801556,    -0.002561,
  1645.850,     1.622265,     1.604196,    -0.000097,
  1645.900,     1.722171,     1.597945,     0.001061,
  1645.950,     1.920688,     1.796716,    -0.002896,
  1646.000,     2.168757,     2.086455,    -0.001151,
  1646.050,     2.543485,     2.404416,     0.001332,
  1646.100,     2.949617,     2.883028,    -0.003545,
  1646.150,     3.340209,     3.470125,    -0.003373,
  1646.200,     3.298029,     3.800494,     0.001076,
  1646.250,     2.516978,     3.519708,     0.000705,
  1646.300,     0.999829,     2.324408,    -0.000951,
  1646.350,    -0.777928,     0.377733,     0.006597,
  1646.400,    -2.315397,    -1.639211,     0.004256,
  1646.450,    -3.381329,    -3.273408,     0.004907,
  1646.500,    -4.011697,    -4.368732,     0.012602,
  1646.550,    -3.987017,    -4.902630,     0.010795,
  1646.600,    -2.978254,    -4.539004,     0.008741,
  1646.650,    -0.857940,    -2.895854,     0.006186,
  1646.700,     1.974590,    -0.051166,     0.007511,
  1646.750,     4.775472,     3.371334,     0.005160,
  1646.800,     6.705888,     6.374152,    -0.000511,
  1646.850,     7.361236,     8.159886,     0.003298,
  1646.900,     6.762228,     8.407146,     0.002661,
  1646.950,     5.187691,     7.260378,     0.006300,
  1647.000,     3.015790,     5.100806,     0.004342,
  1647.050,     0.601719,     2.369490,    -0.007348,
  1647.100,    -1.641085,    -0.467867,     0.002653,
  1647.150,    -3.099742,    -2.881076,     0.001472,
  1647.200,    -3.352577,    -4.160517,     0.000916,
  1647.250,    -2.492304,    -4.009448,     0.001201,
  1647.300,    -1.027204,    -2.728079,     0.003272,
  1647.350,     0.566154,    -0.931201,    -0.000474,
  1647.400,     2.026888,     0.907262,     0.001963,
  1647.450,     3.045138,     2.466837,     0.009852,
  1647.500,     3.430063,     3.419829,     0.009110,
  1647.550,     3.093223,     3.613173,     0.006940,
  1647.600,     2.099888,     2.940241,     0.002268,
  1647.650,     0.990573,     1.733533,     0.005140,
  1647.700,     0.321020,     0.600073,     0.009440,
  1647.750,     0.383085,     0.106117,     0.009331,
  1647.800,     0.952368,     0.398465,     0.007592,
  1647.850,     1.647397,     1.138148,     0.005388,
  1647.900,     2.099656,     1.833618,     0.002124,
  1647.950,     2.286755,     2.254569,     0.003249,
  1648.000,     2.170540,     2.366573,     0.000913,
  1648.050,     1.807030,     2.160168,     0.003565,
  1648.100,     1.300337,     1.678289,     0.002849,
  1648.150,     0.685471,     1.088022,     0.002568,
  1648.200,     0.155955,     0.468325,    -0.003543,
  1648.250,    -0.273907,    -0.085080,    -0.001626,
  1648.300,    -0.430348,    -0.424321,     0.001829,
  1648.350,    -0.191748,    -0.445310,     0.002300,
  1648.400,     0.355216,    -0.052121,     0.001088,
  1648.450,     1.145989,     0.676347,     0.003581,
  1648.500,     1.993644,     1.592305,     0.006969,
  1648.550,     2.771840,     2.568017,     0.005450,
  1648.600,     3.211434,     3.345554,     0.005557,
  1648.650,     3.059206,     3.660376,     0.006868,
  1648.700,     2.142927,     3.156357,     0.005402,
  1648.750,     0.692566,     1.812877,     0.002290,
  1648.800,    -0.668487,     0.100915,     0.010851,
  1648.850,    -1.403935,    -1.311793,     0.004693,
  1648.900,    -1.440580,    -1.930688,    -0.003431,
  1648.950,    -1.025042,    -1.794235,     0.005559,
  1649.000,    -0.315394,    -1.199253,     0.002000,
  1649.050,     0.565523,    -0.342031,    -0.000223,
  1649.100,     1.594166,     0.771827,    -0.001033,
  1649.150,     2.477808,     1.928787,    -0.000242,
  1649.200,     2.958550,     2.813558,     0.002604,
  1649.250,     2.913325,     3.133130,    -0.001098,
  1649.300,     2.441234,     2.861016,    -0.000472,
  1649.350,     1.826154,     2.236333,     0.001680,
  1649.400,     1.231467,     1.521251,    -0.002026,
  1649.450,     0.808222,     0.906289,     0.001207,
  1649.500,     0.640787,     0.542241,     0.005537,
  1649.550,     0.792682,     0.529363,     0.003059,
  1649.600,     1.300743,     0.919639,     0.004465,
  1649.650,     1.917979,     1.593277,     0.010183,
  1649.700,     2.410447,     2.286626,     0.008448,
  1649.750,     2.589020,     2.769640,     0.007460,
  1649.800,     2.386160,     2.829136,     0.010879,
  1649.850,     1.800145,     2.390700,     0.012940,
  1649.900,     1.083509,     1.623867,     0.006702,
  1649.950,     0.463472,     0.734181,    -0.001314,
  1650.000,     0.043428,     0.053056,     0.005561,
  1650.050,    -0.061132,    -0.300182,     0.008406,
  1650.100,     0.220899,    -0.330311,     0.004693,
  1650.150,     0.916110,     0.160527,     0.005627,
  1650.200,     1.860303,     1.115636,     0.000495,
  1650.250,     2.801257,     2.248310,     0.000755,
  1650.300,     3.605439,     3.317872,     0.005710,
  1650.350,     4.210041,     4.218050,    -0.006062,
  1650.400,     4.372750,     4.802698,    -0.002229,
  1650.450,     3.857744,     4.799560,    -0.003300,
  1650.500,     2.580764,     3.937437,    -0.005403,
  1650.550,     0.771384,     2.234988,     0.000052,
  1650.600,    -1.100744,     0.093360,     0.000140,
  1650.650,    -2.617381,    -1.962899,    -0.001659,
  1650.700,    -3.414932,    -3.475688,     0.002812,
  1650.750,    -3.282719,    -4.036231,     0.005464,
  1650.800,    -2.163423,    -3.473809,     0.003895,
  1650.850,    -0.463617,    -1.886582,     0.001463,
  1650.900,     1.152423,     0.126319,     0.006675,
  1650.950,     2.175450,     1.818449,     0.003821,
  1651.000,     2.416300,     2.693813,     0.006469,
  1651.050,     2.062529,     2.733047,     0.008363,
  1651.100,     1.397289,     2.152289,     0.008041,
  1651.150,     0.519692,     1.258361,     0.006487,
  1651.200,    -0.442637,     0.158188,     0.010363,
  1651.250,    -1.261377,    -0.942973,     0.006604,
  1651.300,    -1.751519,    -1.804075,     0.007600,
  1651.350,    -1.808666,    -2.231281,     0.005303,
  1651.400,    -1.461104,    -2.134919,    -0.003475,
  1651.450,    -0.694217,    -1.592647,     0.002364,
  1651.500,     0.284793,    -0.586536,     0.001542,
  1651.550,     1.172152,     0.569924,     0.000869,
  1651.600,     1.665930,     1.485851,     0.005071,
  1651.650,     1.674597,     1.863712,     0.004109,
  1651.700,     1.376464,     1.731539,     0.000403,
  1651.750,     0.863129,     1.275343,    -0.000279,
  1651.800,     0.406098,     0.735871,    -0.004779,
  1651.850,     0.281285,     0.323951,    -0.001462,
  1651.900,     0.611925,     0.344839,     0.001495,
  1651.950,     1.228081,     0.881324,    -0.000506,
  1652.000,     1.859135,     1.640736,    -0.000281,
  1652.050,     2.232601,     2.277143,     0.003011,
  1652.100,     2.317187,     2.580827,     0.004459,
  1652.150,     2.111356,     2.568938,     0.003504,
  1652.200,     1.539692,     2.170394,     0.004219,
  1652.250,     0.657532,     1.352140,     0.006833,
  1652.300,    -0.343235,     0.204674,     0.004782,
  1652.350,    -0.989828,    -0.882404,     0.006163,
  1652.400,    -0.972295,    -1.414204,     0.009309,
  1652.450,    -0.205704,    -1.075575,     0.007186,
  1652.500,     0.984677,     0.051595,     0.007589,
  1652.550,     2.086726,     1.459865,     0.008053,
  1652.600,     2.813681,     2.605237,     0.006040,
  1652.650,     3.103282,     3.283422,     0.003585,
  1652.700,     2.996726,     3.466495,     0.003691,
  1652.750,     2.445250,     3.142623,     0.005932,
  1652.800,     1.484845,     2.283277,     0.005156,
  1652.850,     0.277124,     0.979266,    -0.002369,
  1652.900,    -0.856928,    -0.404800,    -0.000906,
  1652.950,    -1.564287,    -1.550247,     0.003632,
  1653.000,    -1.720781,    -2.182721,     0.001419,
  1653.050,    -1.404933,    -2.153554,    -0.004365,
  1653.100,    -0.800655,    -1.634214,     0.004903,
  1653.150,     0.036219,    -0.797085,    -0.003835,
  1653.200,     1.071299,     0.248118,     0.001688,
  1653.250,     2.132211,     1.459119,    -0.000628,
  1653.300,     2.999989,     2.663853,    -0.003869,
  1653.350,     3.411998,     3.522087,     0.002951,
  1653.400,     3.373566,     3.822955,     0.003636,
  1653.450,     3.042611,     3.637938,     0.001790,
  1653.500,     2.514310,     3.161850,     0.004446,
  1653.550,     1.902916,     2.520111,     0.000414,
  1653.600,     1.332508,     1.814874,     0.007661,
  1653.650,     0.996787,     1.234400,     0.007087,
  1653.700,     1.023691,     0.964248,     0.010444,
  1653.750,     1.398765,     1.153447,     0.008150,
  1653.800,     1.966385,     1.694563,     0.005104,
  1653.850,     2.308262,     2.303654,     0.007232,
  1653.900,     2.183460,     2.495366,     0.006557,
  1653.950,     1.636405,     2.154924,     0.005610,
  1654.000,     0.820843,     1.370564,     0.006459,
  1654.050,    -0.003221,     0.382061,     0.001472,
  1654.100,    -0.608143,    -0.531363,    -0.001243,
  1654.150,    -0.763599,    -1.062805,     0.001265,
  1654.200,    -0.349352,    -1.035515,     0.000443,
  1654.250,     0.429915,    -0.385731,    -0.001331,
  1654.300,     1.480562,     0.691815,    -0.001736,
  1654.350,     2.592798,     1.933382,    -0.002568,
  1654.400,     3.504902,     3.167818,     0.003519,
  1654.450,     3.943688,     4.040509,     0.002188,
  1654.500,     3.853081,     4.375167,     0.001422,
  1654.550,     3.380345,     4.107046,    -0.000433,
  1654.600,     2.711921,     3.441271,    -0.001603,
  1654.650,     1.884255,     2.591825,     0.001323,
  1654.700,     0.857733,     1.536290,     0.004269,
  1654.750,    -0.194304,     0.339489,     0.005025,
  1654.800,    -1.072036,    -0.839023,     0.003866,
  1654.850,    -1.497622,    -1.675263,     0.001342,
  1654.900,    -1.474716,    -1.996982,     0.004601,
  1654.950,    -1.097336,    -1.820432,     0.004260,
  1655.000,    -0.486974,    -1.270407,     0.000484,
  1655.050,     0.344988,    -0.493290,     0.005303,
  1655.100,     1.393742,     0.607018,     0.006214,
  1655.150,     2.409853,     1.841395,     0.005743,
  1655.200,     3.177558,     2.976855,     0.008083,
  1655.250,     3.565800,     3.762788,     0.003903,
  1655.300,     3.638922,     4.141734,    -0.000194,
  1655.350,     3.478084,     4.145293,     0.001731,
  1655.400,     3.029779,     3.864822,    -0.000711,
  1655.450,     2.286790,     3.244388,    -0.004951,
  1655.500,     1.223742,     2.195073,     0.006893,
  1655.550,     0.041220,     0.900733,     0.004186,
  1655.600,    -0.902290,    -0.429988,    -0.000679,
  1655.650,    -1.408480,    -1.408666,     0.000506,
  1655.700,    -1.454990,    -1.807847,     0.001200,
  1655.750,    -1.235994,    -1.769096,    -0.001743,
  1655.800,    -0.908851,    -1.473016,     0.004514,
  1655.850,    -0.548613,    -1.085380,     0.000665,
  1655.900,    -0.025841,    -0.577102,     0.000003,
  1655.950,     0.630439,     0.080463,     0.004294,
  1656.000,     1.408269,     0.942668,     0.005291,
  1656.050,     2.221385,     1.876642,     0.000339,
  1656.100,     3.007472,     2.847501,     0.006698,
  1656.150,     3.585594,     3.721898,     0.005733,
  1656.200,     3.738192,     4.248206,     0.002876,
  1656.250,     3.263945,     4.202214,     0.002805,
  1656.300,     2.146857,     3.353246,     0.007259,
  1656.350,     0.754589,     1.916903,     0.010189,
  1656.400,    -0.486358,     0.319465,     0.008351,
  1656.450,    -1.375782,    -1.015867,     0.003261,
  1656.500,    -1.916075,    -1.926385,     0.005802,
  1656.550,    -2.158076,    -2.433142,     0.007343,
  1656.600,    -2.174169,    -2.618615,     0.001156,
  1656.650,    -2.061360,    -2.587156,     0.003866,
  1656.700,    -1.903042,    -2.401076,     0.001274,
  1656.750,    -1.587397,    -2.161640,     0.003216,
  1656.800,    -1.005223,    -1.677688,     0.005078,
  1656.850,    -0.109593,    -0.860168,     0.005646,
  1656.900,     0.954743,     0.249309,     0.003475,
  1656.950,     1.916938,     1.487038,     0.000105,
  1657.000,     2.560107,     2.530050,     0.003084,
  1657.050,     2.714540,     3.091155,    -0.000419,
  1657.100,     2.370379,     3.094993,     0.004175,
  1657.150,     1.707498,     2.552871,     0.001688,
  1657.200,     0.968781,     1.766720,     0.004792,
  1657.250,     0.263549,     0.884781,     0.007688,
  1657.300,    -0.217803,     0.133546,    -0.002276,
  1657.350,    -0.456772,    -0.366438,     0.000452,
  1657.400,    -0.501242,    -0.600281,    -0.001840,
  1657.450,    -0.340991,    -0.555912,    -0.001407,
  1657.500,    -0.029696,    -0.281646,     0.001425,
  1657.550,     0.316342,     0.095342,     0.006516,
  1657.600,     0.494400,     0.421960,     0.006459,
  1657.650,     0.400569,     0.527875,     0.004543,
  1657.700,     0.265175,     0.364514,     0.007422,
  1657.750,     0.277514,     0.217246,     0.003912,
  1657.800,     0.559206,     0.330583,     0.003928,
  1657.850,     0.975388,     0.759865,     0.002336,
  1657.900,     1.406343,     1.271932,     0.003151,
  1657.950,     1.754759,     1.754661,     0.002203,
  1658.000,     1.905200,     2.053071,     0.001301,
  1658.050,     1.739024,     2.051475,     0.000477,
  1658.100,     1.332687,     1.749968,     0.005394,
  1658.150,     0.896843,     1.257728,     0.004510,
  1658.200,     0.500249,     0.738166,     0.004452,
  1658.250,     0.178808,     0.284834,     0.005628,
  1658.300,    -0.138987,    -0.112484,     0.000139,
  1658.350,    -0.270896,    -0.434638,     0.001166,
  1658.400,    -0.233836,    -0.599247,    -0.000337,
  1658.450,    -0.015332,    -0.513607,    -0.000949,
  1658.500,     0.312526,    -0.238587,     0.001038,
  1658.550,     0.787243,     0.133237,     0.002214,
  1658.600,     1.504035,     0.732043,     0.003261,
  1658.650,     2.626998,     1.685146,     0.005338,
  1658.700,     4.110121,     3.120261,     0.004963,
  1658.750,     5.606105,     4.878546,    -0.000786,
  1658.800,     6.705211,     6.469332,     0.007352,
  1658.850,     7.059656,     7.482532,     0.006250,
  1658.900,     6.669840,     7.620730,     0.011011,
  1658.950,     5.753683,     6.938656,     0.005209,
  1659.000,     4.588177,     5.741972,     0.006131,
  1659.050,     3.386346,     4.359323,     0.004209,
  1659.100,     2.292934,     2.981788,     0.007275,
  1659.150,     1.486579,     1.775527,     0.005605,
  1659.200,     1.111496,     0.980509,     0.004514,
  1659.250,     1.140517,     0.699717,     0.002587,
  1659.300,     1.482124,     0.885243,    -0.001412,
  1659.350,     1.903177,     1.351445,     0.005108,
  1659.400,     2.380108,     1.931611,     0.000487,
  1659.450,     2.883092,     2.507167,     0.001511,
  1659.500,     3.357648,     3.134061,     0.000617,
  1659.550,     3.616339,     3.689834,    -0.003214,
  1659.600,     3.491634,     3.875714,     0.001151,
  1659.650,     2.999702,     3.622396,    -0.003041,
  1659.700,     2.375620,     3.076737,     0.001497,
  1659.750,     1.653546,     2.395314,     0.003751,
  1659.800,     0.774777,     1.571273,    -0.002175,
  1659.850,    -0.285512,     0.503013,     0.000587,
  1659.900,    -1.361856,    -0.738879,     0.000551,
  1659.950,    -2.249221,    -1.913048,     0.002211,
  1660.000,    -2.788846,    -2.798245,     0.005612,
  1660.050,    -2.941330,    -3.224781,     0.009017,
  1660.100,    -2.703932,    -3.221053,     0.008353,
  1660.150,    -2.231205,    -2.804620,     0.007067,
  1660.200,    -1.625236,    -2.148245,     0.013203,
  1660.250,    -1.087391,    -1.410656,     0.007571,
  1660.300,    -0.658987,    -0.797256,     0.004074,
  1660.350,    -0.377717,    -0.388298,     0.007207,
  1660.400,    -0.283248,    -0.171309,     0.006692,
  1660.450,    -0.308435,    -0.143347,     0.001244,
  1660.500,    -0.315066,    -0.234229,     0.002735,
  1660.550,    -0.116955,    -0.228577,     0.002034,
  1660.600,     0.385950,     0.068801,     0.000790,
  1660.650,     1.092877,     0.701912,     0.002347,
  1660.700,     1.683596,     1.453997,     0.008106,
  1660.750,     1.890187,     1.984452,     0.005657,
  1660.800,     1.701435,     2.009002,     0.002941,
  1660.850,     1.328374,     1.682645,     0.000101,
  1660.900,     0.986289,     1.189318,     0.001617,
  1660.950,     0.752937,     0.793602,    -0.002599,
  1661.000,     0.702191,     0.557561,     0.000389,
  1661.050,     0.922091,     0.544060,     0.000268,
  1661.100,     1.500454,     0.916237,     0.003628,
  1661.150,     2.312986,     1.670847,     0.002550,
  1661.200,     3.067859,     2.608497,     0.005079,
  1661.250,     3.457825,     3.331257,     0.004163,
  1661.300,     3.414576,     3.644647,     0.002690,
  1661.350,     3.127701,     3.527449,     0.006604,
  1661.400,     2.755334,     3.179844,     0.009748,
  1661.450,     2.394332,     2.787319,     0.008226,
  1661.500,     1.917406,     2.367567,     0.005809,
  1661.550,     1.333916,     1.812792,     0.005013,
  1661.600,     0.813238,     1.181724,     0.001957,
  1661.650,     0.530419,     0.711117,     0.002398,
  1661.700,     0.459627,     0.530947,     0.002457,
  1661.750,     0.355671,     0.488361,     0.002057,
  1661.800,     0.031033,     0.321276,     0.001329,
  1661.850,    -0.448768,    -0.099044,     0.002197,
  1661.900,    -0.905602,    -0.638216,     0.003361,
  1661.950,    -1.339985,    -1.168492,    -0.000074,
  1662.000,    -1.753371,    -1.642323,     0.000722,
  1662.050,    -2.179032,    -2.128541,     0.000033,
  1662.100,    -2.503632,    -2.609287,     0.003625,
  1662.150,    -2.524694,    -2.854005,     0.002109,
  1662.200,    -2.122001,    -2.758244,     0.000546,
  1662.250,    -1.328979,    -2.142191,     0.000236,
  1662.300,    -0.275160,    -1.104436,     0.001888,
  1662.350,     0.750359,     0.149055,     0.001695,
  1662.400,     1.577681,     1.298726,    -0.000093,
  1662.450,     2.112468,     2.152069,     0.004871,
  1662.500,     2.316269,     2.652522,     0.006325,
  1662.550,     2.121090,     2.712479,     0.004424,
  1662.600,     1.527387,     2.335582,     0.006773,
  1662.650,     0.588212,     1.505367,     0.007267,
  1662.700,    -0.454828,     0.331977,     0.009351,
  1662.750,    -1.272386,    -0.850503,     0.005735,
  1662.800,    -1.593981,    -1.663087,     0.002853,
  1662.850,    -1.387853,    -1.851653,     0.006506,
  1662.900,    -0.742692,    -1.462013,     0.001285,
  1662.950,     0.165921,    -0.657694,     0.005933,
  1663.000,     1.171400,     0.470056,     0.004970,
  1663.050,     2.002794,     1.611680,     0.000485,
  1663.100,     2.338826,     2.417804,     0.006649,
  1663.150,     2.178598,     2.618604,     0.003918,
  1663.200,     1.591160,     2.236875,     0.003196,
  1663.250,     0.969935,     1.566728,    -0.001787,
  1663.300,     0.462435,     0.909070,     0.001604,
  1663.350,     0.039167,     0.335290,    -0.000742,
  1663.400,    -0.302340,    -0.128584,     0.002296,
  1663.450,    -0.497998,    -0.489109,     0.004243,
  1663.500,    -0.512229,    -0.683536,     0.003213,
  1663.550,    -0.340167,    -0.652590,     0.004356,
  1663.600,    -0.011829,    -0.385626,    -0.002006,
  1663.650,     0.384096,    -0.017839,    -0.003036,
  1663.700,     0.801124,     0.444444,    -0.000021,
  1663.750,     1.150867,     0.892524,     0.002298,
  1663.800,     1.268593,     1.193859,     0.000971,
  1663.850,     1.188938,     1.264822,     0.009427,
  1663.900,     0.959154,     1.118718,     0.006875,
  1663.950,     0.740451,     0.847465,     0.005464,
  1664.000,     0.720087,     0.643507,     0.004013,
  1664.050,     0.963135,     0.751317,     0.004793,
  1664.100,     1.364672,     1.032894,    -0.001265,
  1664.150,     1.850250,     1.532328,     0.003725,
  1664.200,     2.432602,     2.102100,     0.003771,
  1664.250,     2.999412,     2.741598,    -0.000063,
  1664.300,     3.506960,     3.404021,     0.002617,
  1664.350,     3.887280,     3.894127,     0.003819,
  1664.400,     4.160728,     4.234944,    -0.001750,
  1664.450,     4.421215,     4.445565,     0.000979,
  1664.500,     4.723468,     4.695064,    -0.000380,
  1664.550,     4.957030,     4.922722,    -0.003264,
  1664.600,     5.098581,     5.032285,     0.001911,
  1664.650,     5.318271,     5.117767,     0.002715,
  1664.700,     5.810211,     5.328032,     0.003347,
  1664.750,     6.581736,     5.959065,    -0.000898,
  1664.800,     7.331552,     6.803674,    -0.002217,
  1664.850,     7.688784,     7.490072,    -0.003380,
  1664.900,     7.591969,     7.701104,    -0.002529,
  1664.950,     7.205749,     7.466733,    -0.001842,
  1665.000,     6.747934,     7.052562,     0.001399,
  1665.050,     6.163573,     6.525639,     0.002530,
  1665.100,     5.495070,     5.904659,     0.005838,
  1665.150,     4.935482,     5.249139,     0.004255,
  1665.200,     4.622149,     4.756499,     0.003167,
  1665.250,     4.515326,     4.576828,     0.007459,
  1665.300,     4.399684,     4.564673,     0.003570,
  1665.350,     4.105288,     4.464241,     0.005621,
  1665.400,     3.537784,     4.136214,     0.007398,
  1665.450,     2.722615,     3.484737,     0.006459,
  1665.500,     1.666206,     2.536612,     0.005642,
  1665.550,     0.497044,     1.379757,     0.004970,
  1665.600,    -0.755612,     0.066283,     0.005680,
  1665.650,    -1.814565,    -1.190168,     0.005604,
  1665.700,    -2.621683,    -2.290469,     0.002384,
  1665.750,    -3.097975,    -3.057807,     0.003507,
  1665.800,    -3.170026,    -3.343942,     0.000375,
  1665.850,    -2.900874,    -3.233995,    -0.002126,
  1665.900,    -2.461712,    -2.801798,    -0.005578,
  1665.950,    -2.066039,    -2.240085,    -0.001629,
  1666.000,    -1.936580,    -1.840208,    -0.001984,
  1666.050,    -2.165122,    -1.816641,    -0.006375,
  1666.100,    -2.674561,    -2.159055,    -0.000998,
  1666.150,    -3.379401,    -2.810039,     0.004444,
  1666.200,    -4.141202,    -3.625061,     0.005435,
  1666.250,    -4.855516,    -4.496968,     0.006204,
  1666.300,    -5.314270,    -5.200080,     0.008989,
  1666.350,    -5.401660,    -5.598534,     0.011618,
  1666.400,    -5.023612,    -5.491304,     0.006875,
  1666.450,    -4.326624,    -4.919563,     0.012170,
  1666.500,    -3.510766,    -4.049773,     0.014659,
  1666.550,    -2.695985,    -3.068452,     0.012075,
  1666.600,    -1.959133,    -2.156278,     0.015149,
  1666.650,    -1.575536,    -1.446474,     0.006679,
  1666.700,    -1.646198,    -1.194588,     0.003186,
  1666.750,    -2.347540,    -1.559614,     0.003818,
  1666.800,    -3.505844,    -2.610727,    -0.001450,
  1666.850,    -4.660613,    -4.017934,     0.001724,
  1666.900,    -5.414007,    -5.278189,     0.002251,
  1666.950,    -5.441584,    -5.879807,     0.000157,
  1667.000,    -4.784970,    -5.673035,    -0.005119,
  1667.050,    -3.630439,    -4.734952,    -0.005631,
  1667.100,    -2.286007,    -3.323569,    -0.007757,
  1667.150,    -1.096132,    -1.801270,    -0.001505,
  1667.200,    -0.325718,    -0.609589,    -0.001892,
  1667.250,    -0.106118,     0.036913,    -0.005212,
  1667.300,    -0.358349,     0.033841,    -0.001761,
  1667.350,    -0.701292,    -0.348014,     0.003035,
  1667.400,    -0.873032,    -0.789643,     0.011093,
  1667.450,    -0.639439,    -0.890134,     0.007757,
  1667.500,    -0.169203,    -0.600818,     0.009168,
  1667.550,     0.406440,    -0.031359,     0.010753,
  1667.600,     1.011899,     0.591116,     0.008942,
  1667.650,     1.593969,     1.222721,     0.010779,
  1667.700,     2.086304,     1.755580,     0.010961,
  1667.750,     2.497821,     2.199291,     0.003728,
  1667.800,     2.894619,     2.543486,     0.008963,
  1667.850,     3.304429,     2.887557,     0.006088,
  1667.900,     3.818756,     3.308350,     0.007193,
  1667.950,     4.513846,     3.920214,     0.002368,
  1668.000,     5.366352,     4.728247,     0.001183,
  1668.050,     6.254482,     5.719417,     0.003446,
  1668.100,     7.014851,     6.709065,    -0.006002,
  1668.150,     7.518877,     7.467423,    -0.007097,
  1668.200,     7.856997,     7.970446,    -0.003680,
  1668.250,     8.109622,     8.313012,    -0.002484,
  1668.300,     8.282957,     8.562235,    -0.005293,
  1668.350,     8.081013,     8.631434,    -0.003747,
  1668.400,     7.377020,     8.193162,    -0.004452,
  1668.450,     6.192818,     7.142518,     0.000717,
  1668.500,     4.904390,     5.719724,     0.000502,
  1668.550,     3.774692,     4.280513,    -0.003163,
  1668.600,     3.001066,     3.139489,     0.007115,
  1668.650,     2.603889,     2.404705,     0.007598,
  1668.700,     2.623285,     2.141270,     0.003859,
  1668.750,     3.108718,     2.421571,     0.009608,
  1668.800,     3.810021,     3.134096,     0.008191,
  1668.850,     4.426240,     4.018293,     0.002927,
  1668.900,     4.744117,     4.675298,     0.009991,
  1668.950,     4.651021,     4.926007,     0.005534,
  1669.000,     4.283879,     4.776860,    -0.000512,
  1669.050,     3.645522,     4.290919,     0.004818,
  1669.100,     2.731529,     3.477075,    -0.000192,
  1669.150,     1.720191,     2.435359,     0.000750,
  1669.200,     0.941143,     1.399322,    -0.002844,
  1669.250,     0.488688,     0.704683,    -0.006634,
  1669.300,     0.398436,     0.384288,    -0.002082,
  1669.350,     0.468774,     0.402077,    -0.008236,
  1669.400,     0.508404,     0.480567,    -0.004501,
  1669.450,     0.467263,     0.503144,     0.003232,
  1669.500,     0.427716,     0.467499,    -0.000671,
  1669.550,     0.354079,     0.427364,     0.003203,
  1669.600,     0.190601,     0.342480,     0.002644,
  1669.650,    -0.031779,     0.136505,    -0.000442,
  1669.700,    -0.247042,    -0.118072,     0.002517,
  1669.750,    -0.349726,    -0.314044,     0.006147,
  1669.800,    -0.343392,    -0.345427,     0.011505,
  1669.850,    -0.243762,    -0.283695,     0.012235,
  1669.900,    -0.015856,    -0.104249,     0.013855,
  1669.950,     0.294444,     0.193024,     0.007990,
  1670.000,     0.663496,     0.620873,     0.006256,
  1670.050,     0.911770,     1.022045,     0.011838,
  1670.100,     0.901266,     1.255514,     0.007471,
  1670.150,     0.524423,     1.085880,     0.004441,
  1670.200,    -0.253416,     0.484390,     0.008576,
  1670.250,    -1.256628,    -0.519557,     0.004601,
  1670.300,    -2.407265,    -1.744034,     0.000834,
  1670.350,    -3.503996,    -3.052837,    -0.001247,
  1670.400,    -4.281971,    -4.192625,    -0.005503,
  1670.450,    -4.473889,    -4.871893,     0.002826,
  1670.500,    -3.954719,    -4.825682,    -0.003384,
  1670.550,    -2.876982,    -4.000582,    -0.002126,
  1670.600,    -1.540363,    -2.658568,     0.004330,
  1670.650,    -0.154731,    -1.071755,    -0.000740,
  1670.700,     1.161343,     0.485978,    -0.002695,
  1670.750,     2.229541,     1.894552,    -0.002379,
  1670.800,     2.864307,     2.933516,    -0.001986,
  1670.850,     2.921788,     3.411537,     0.006032,
  1670.900,     2.450558,     3.192661,     0.000636,
  1670.950,     1.635391,     2.448630,     0.004383,
  1671.000,     0.797596,     1.430026,     0.006640,
  1671.050,     0.026671,     0.408478,     0.008412,
  1671.100,    -0.505091,    -0.451436,     0.006846,
  1671.150,    -0.665121,    -0.960817,     0.007451,
  1671.200,    -0.418970,    -1.060193,     0.010951,
  1671.250,     0.177658,    -0.663694,     0.003905,
  1671.300,     0.936277,     0.062822,     0.005429,
  1671.350,     1.668429,     0.883004,     0.006543,
  1671.400,     2.327021,     1.683465,     0.001482,
  1671.450,     2.935574,     2.433776,     0.000930,
  1671.500,     3.482615,     3.137004,     0.000131,
  1671.550,     4.051752,     3.789860,    -0.001205,
  1671.600,     4.672437,     4.497620,     0.000648,
  1671.650,     5.293352,     5.222535,    -0.000933,
  1671.700,     5.702802,     5.901816,     0.000192,
  1671.750,     5.658911,     6.195639,     0.000027,
  1671.800,     5.227330,     5.981187,    -0.003654,
  1671.850,     4.467686,     5.335014,     0.002809,
  1671.900,     3.613019,     4.410735,    -0.001018,
  1671.950,     2.604121,     3.321650,    -0.002687,
  1672.000,     1.558831,     2.132569,     0.000975,
  1672.050,     0.591815,     0.935982,     0.000850,
  1672.100,    -0.127747,    -0.097018,     0.000795,
  1672.150,    -0.487443,    -0.778452,     0.004849,
  1672.200,    -0.465625,    -1.038260,     0.004400,
  1672.250,     0.028637,    -0.783239,     0.003942,
  1672.300,     1.039837,     0.004783,     0.007189,
  1672.350,     2.450253,     1.387401,     0.002751,
  1672.400,     3.854057,     3.077046,     0.005862,
  1672.450,     4.867968,     4.595813,     0.007993,
  1672.500,     5.170192,     5.531017,     0.004820,
  1672.550,     4.754785,     5.600975,     0.007104,
  1672.600,     3.744894,     4.902975,     0.005109,
  1672.650,     2.364872,     3.582044,     0.001685,
  1672.700,     0.999395,     1.961807,     0.001773,
  1672.750,    -0.170184,     0.388899,    -0.000477,
  1672.800,    -0.967955,    -0.792903,    -0.002242,
  1672.850,    -1.342983,    -1.559035,    -0.003534,
  1672.900,    -1.352781,    -1.835454,    -0.003351,
  1672.950,    -1.023001,    -1.664866,     0.004578,
  1673.000,    -0.450128,    -1.176190,    -0.002053,
  1673.050,     0.151318,    -0.496011,    -0.006030,
  1673.100,     0.674570,     0.210725,     0.001095,
  1673.150,     1.066801,     0.794993,    -0.001260,
  1673.200,     1.321186,     1.214705,     0.005343,
  1673.250,     1.454199,     1.474065,     0.001987,
  1673.300,     1.543177,     1.639771,     0.000966,
  1673.350,     1.610401,     1.766697,     0.005258,
  1673.400,     1.710084,     1.904042,     0.001865,
  1673.450,     1.841820,     2.052326,     0.005758,
  1673.500,     1.874466,     2.186667,     0.001486,
  1673.550,     1.803766,     2.189667,     0.003558,
  1673.600,     1.554483,     2.027777,     0.000905,
  1673.650,     1.177699,     1.665004,     0.009522,
  1673.700,     0.607146,     1.127236,     0.013050,
  1673.750,    -0.110884,     0.401514,     0.006513,
  1673.800,    -0.857048,    -0.456556,     0.006624,
  1673.850,    -1.582199,    -1.329903,     0.006589,
  1673.900,    -2.129236,    -2.109243,     0.008398,
  1673.950,    -2.429783,    -2.672158,     0.008845,
  1674.000,    -2.304763,    -2.853025,     0.000017,
  1674.050,    -1.691489,    -2.533091,     0.005563,
  1674.100,    -0.720494,    -1.651755,     0.001458,
  1674.150,     0.383935,    -0.453523,    -0.002439,
  1674.200,     1.443058,     0.815121,    -0.001368,
  1674.250,     2.369573,     1.977493,    -0.001980,
  1674.300,     2.972588,     2.902698,     0.003346,
  1674.350,     3.005024,     3.339133,     0.000303,
  1674.400,     2.533737,     3.147577,     0.002404,
  1674.450,     1.817660,     2.474950,     0.007901,
  1674.500,     1.160998,     1.639727,     0.003922,
  1674.550,     0.770341,     0.968594,    -0.001479,
  1674.600,     0.563273,     0.576112,     0.001172,
  1674.650,     0.469826,     0.331323,     0.003734,
  1674.700,     0.455299,     0.255601,     0.000013,
  1674.750,     0.563949,     0.251998,     0.002451,
  1674.800,     0.781696,     0.431632,     0.003035,
  1674.850,     1.012193,     0.652575,     0.004608,
  1674.900,     1.235069,     0.917843,     0.001344,
  1674.950,     1.491571,     1.179706,     0.000425,
  1675.000,     1.904774,     1.596654,     0.006788,
  1675.050,     2.317574,     2.116539,     0.007092,
  1675.100,     2.596845,     2.621316,     0.005774,
  1675.150,     2.589601,     2.884645,     0.005486,
  1675.200,     2.306348,     2.842668,     0.005089,
  1675.250,     1.837307,     2.499815,    -0.001497,
  1675.300,     1.209133,     1.903486,     0.003901,
  1675.350,     0.523999,     1.192339,    -0.000707,
  1675.400,    -0.211626,     0.383384,     0.004500,
  1675.450,    -0.958372,    -0.486416,    -0.002161,
  1675.500,    -1.652039,    -1.358856,     0.000773,
  1675.550,    -2.134452,    -2.050295,     0.002521,
  1675.600,    -2.457283,    -2.544545,     0.001432,
  1675.650,    -2.614068,    -2.818688,     0.011408,
  1675.700,    -2.606099,    -2.911071,     0.006083,
  1675.750,    -2.337039,    -2.789953,     0.003746,
  1675.800,    -1.813122,    -2.338151,     0.004315,
  1675.850,    -1.111358,    -1.632665,     0.006908,
  1675.900,    -0.439973,    -0.815731,     0.007750,
  1675.950,     0.088745,    -0.039722,     0.009141,
  1676.000,     0.352182,     0.452451,     0.006849,
  1676.050,     0.296293,     0.631833,     0.006443,
  1676.100,     0.024046,     0.429057,     0.010774,
  1676.150,    -0.354647,     0.003875,     0.004593,
  1676.200,    -0.695398,    -0.524078,     0.003764,
  1676.250,    -0.847740,    -0.917231,     0.007793,
  1676.300,    -0.643677,    -1.026849,     0.002447,
  1676.350,    -0.044691,    -0.739511,     0.006028,
  1676.400,     0.921066,     0.061564,    -0.001083,
  1676.450,     1.972935,     1.136488,    -0.002777,
  1676.500,     2.952778,     2.296843,     0.000306,
  1676.550,     3.691188,     3.266982,     0.001796,
  1676.600,     4.025673,     3.877250,    -0.000354,
  1676.650,     4.080568,     4.110587,     0.001140,
  1676.700,     4.043492,     4.057056,     0.001105,
  1676.750,     3.979025,     3.970703,    -0.002791,
  1676.800,     3.861646,     3.885809,    -0.000065,
  1676.850,     3.658042,     3.751709,     0.001225,
  1676.900,     3.480879,     3.606453,     0.004787,
  1676.950,     3.260750,     3.419206,    -0.005772,
  1677.000,     2.977111,     3.220927,     0.003628,
  1677.050,     2.526508,     2.897958,     0.008886,
  1677.100,     1.877701,     2.428987,     0.007642,
  1677.150,     1.058417,     1.723588,     0.002805,
  1677.200,     0.187807,     0.860726,     0.004448,
  1677.250,    -0.617684,    -0.001927,     0.007771,
  1677.300,    -1.351563,    -0.804428,     0.004281,
  1677.350,    -2.026492,    -1.520904,     0.008498,
  1677.400,    -2.736229,    -2.226664,     0.008498,
  1677.450,    -3.370441,    -2.926704,     0.003928,
  1677.500,    -3.869796,    -3.610735,     0.004548,
  1677.550,    -4.062861,    -4.025894,     0.006745,
  1677.600,    -3.840785,    -4.085726,     0.000751,
  1677.650,    -3.263593,    -3.749417,     0.004336,
  1677.700,    -2.474151,    -3.089105,     0.002773,
  1677.750,    -1.575215,    -2.255187,    -0.001302,
  1677.800,    -0.663452,    -1.326156,    -0.002305,
  1677.850,     0.231244,    -0.414525,     0.002731,
  1677.900,     1.062791,     0.452047,    -0.002667,
  1677.950,     1.778338,     1.215503,    -0.000967,
  1678.000,     2.372355,     1.867822,    -0.000942,
  1678.050,     2.879844,     2.447132,    -0.001204,
  1678.100,     3.288681,     2.946269,     0.003431,
  1678.150,     3.508347,     3.329762,     0.009851,
  1678.200,     3.427579,     3.461490,     0.009710,
  1678.250,     3.047757,     3.286942,     0.005734,
  1678.300,     2.411158,     2.820437,     0.008371,
  1678.350,     1.647702,     2.110837,     0.001668,
  1678.400,     0.882898,     1.350681,     0.009632,
  1678.450,     0.103169,     0.545600,     0.008508,
  1678.500,    -0.624142,    -0.254601,     0.005120,
  1678.550,    -1.208353,    -0.950069,     0.009997,
  1678.600,    -1.538712,    -1.446930,     0.008829,
  1678.650,    -1.538187,    -1.623106,     0.008962,
  1678.700,    -1.291857,    -1.444168,     0.005900,
  1678.750,    -0.879259,    -1.059323,     0.000575,
  1678.800,    -0.405332,    -0.542013,    -0.004502,
  1678.850,     0.067030,    -0.018378,    -0.005894,
  1678.900,     0.471600,     0.425745,    -0.000626,
  1678.950,     0.771102,     0.790540,    -0.004896,
  1679.000,     0.947444,     0.984693,    -0.007039,
  1679.050,     0.966334,     1.013227,    -0.003715,
  1679.100,     0.974581,     0.944345,    -0.005853,
  1679.150,     1.059176,     0.879909,     0.000140,
  1679.200,     1.225440,     0.987428,     0.010603,
  1679.250,     1.400794,     1.153498,     0.008669,
  1679.300,     1.487816,     1.336168,     0.002284,
  1679.350,     1.486010,     1.444655,     0.010239,
  1679.400,     1.351270,     1.384619,     0.014623,
  1679.450,     1.223330,     1.276190,     0.008358,
  1679.500,     1.090098,     1.151998,     0.009178,
  1679.550,     0.931320,     1.036389,     0.008703,
  1679.600,     0.670834,     0.822260,     0.006578,
  1679.650,     0.323167,     0.489344,     0.010015,
  1679.700,     0.027278,     0.111605,     0.005033,
  1679.750,    -0.088032,    -0.136383,     0.005007,
  1679.800,     0.048166,    -0.183329,     0.004915,
  1679.850,     0.401007,     0.089244,     0.002476,
  1679.900,     0.971262,     0.565430,    -0.001063,
  1679.950,     1.682471,     1.250601,     0.002558,
  1680.000,     2.475465,     2.055370,    -0.001225,
  1680.050,     3.223433,     2.926242,     0.001341,
  1680.100,     3.716932,     3.609281,    -0.001517,
  1680.150,     3.866208,     3.957772,    -0.004312,
  1680.200,     3.781913,     3.925172,    -0.000731,
  1680.250,     3.624422,     3.677354,    -0.000518,
  1680.300,     3.651894,     3.490739,    -0.001081,
  1680.350,     3.818566,     3.503816,     0.001515,
  1680.400,     3.975743,     3.660714,     0.003074,
  1680.450,     3.981273,     3.784592,     0.004925,
  1680.500,     3.843632,     3.824643,     0.007982,
  1680.550,     3.581951,     3.731541,     0.005425,
  1680.600,     3.097359,     3.510038,     0.010871,
  1680.650,     2.283725,     2.993122,     0.006902,
  1680.700,     1.218349,     2.112110,     0.006388,
  1680.750,     0.081222,     1.024903,     0.008964,
  1680.800,    -0.847462,    -0.076396,     0.007832,
  1680.850,    -1.390846,    -0.928485,     0.006852,
  1680.900,    -1.610846,    -1.375108,     0.004663,
  1680.950,    -1.465916,    -1.509035,     0.004401,
  1681.000,    -1.061086,    -1.330337,     0.004718,
  1681.050,    -0.434209,    -0.869043,     0.002507,
  1681.100,     0.251982,    -0.272924,     0.000130,
  1681.150,     0.828149,     0.316817,    -0.002436,
  1681.200,     1.207680,     0.762311,    -0.001443,
  1681.250,     1.444625,     1.087771,    -0.002589,
  1681.300,     1.674181,     1.309974,    -0.007092,
  1681.350,     1.903329,     1.551823,    -0.004072,
  1681.400,     2.145241,     1.865516,    -0.006068,
  1681.450,     2.383150,     2.190166,     0.001730,
  1681.500,     2.590360,     2.495474,     0.005787,
  1681.550,     2.677353,     2.731245,     0.006087,
  1681.600,     2.688738,     2.832177,     0.007647,
  1681.650,     2.623347,     2.826116,     0.005302,
  1681.700,     2.522460,     2.733490,     0.003268,
  1681.750,     2.307496,     2.577436,     0.009584,
  1681.800,     2.018062,     2.285596,     0.008349,
  1681.850,     1.600406,     1.884823,     0.005770,
  1681.900,     1.157873,     1.385372,     0.012387,
  1681.950,     0.765518,     0.872870,     0.006545,
  1682.000,     0.509703,     0.476956,     0.004438,
  1682.050,     0.393775,     0.241674,     0.000801,
  1682.100,     0.404750,     0.182498,     0.005569,
  1682.150,     0.534643,     0.282745,    -0.004394,
  1682.200,     0.756887,     0.487860,    -0.001714,
  1682.250,     1.021865,     0.765049,     0.000664,
  1682.300,     1.269144,     1.076061,     0.001261,
  1682.350,     1.480346,     1.345877,    -0.005391,
  1682.400,     1.748395,     1.614656,    -0.001798,
  1682.450,     2.048058,     1.934996,    -0.002585,
  1682.500,     2.353655,     2.317847,    -0.000349,
  1682.550,     2.522541,     2.571037,     0.005853,
  1682.600,     2.541770,     2.715450,     0.000574,
  1682.650,     2.402962,     2.695597,     0.004307,
  1682.700,     2.182552,     2.511846,     0.006136,
  1682.750,     1.927829,     2.259730,     0.001357,
  1682.800,     1.612915,     1.937984,     0.000931,
  1682.850,     1.290053,     1.593883,     0.007086,
  1682.900,     0.976156,     1.197974,     0.004475,
  1682.950,     0.699768,     0.856578,     0.006413,
  1683.000,     0.509276,     0.591795,     0.004474,
  1683.050,     0.387406,     0.388310,     0.008360,
  1683.100,     0.319047,     0.239085,     0.005496,
  1683.150,     0.323359,     0.154335,     0.008421,
  1683.200,     0.454269,     0.169285,     0.003785,
  1683.250,     0.699081,     0.348151,    -0.000318,
  1683.300,     1.120436,     0.705455,     0.004845,
  1683.350,     1.601639,     1.189040,     0.005240,
  1683.400,     2.034225,     1.704080,    -0.002858,
  1683.450,     2.284347,     2.117921,    -0.002088,
  1683.500,     2.367041,     2.352159,    -0.005282,
  1683.550,     2.275387,     2.378809,    -0.000863,
  1683.600,     2.141127,     2.300817,     0.002866,
  1683.650,     1.989310,     2.207273,     0.000145,
  1683.700,     1.815961,     2.084502,     0.000525,
  1683.750,     1.508585,     1.861927,     0.004725,
  1683.800,     1.048484,     1.496297,     0.004041,
  1683.850,     0.498580,     0.958744,     0.002026,
  1683.900,    -0.111853,     0.295860,     0.005277,
  1683.950,    -0.743769,    -0.417423,     0.007065,
  1684.000,    -1.299649,    -1.076099,     0.002427,
  1684.050,    -1.604225,    -1.664791,    -0.001197,
  1684.100,    -1.528524,    -1.881292,     0.003836,
  1684.150,    -1.050985,    -1.641991,     0.002029,
  1684.200,    -0.242679,    -0.908922,     0.003956,
  1684.250,     0.667510,     0.057908,     0.002357,
  1684.300,     1.451327,     1.052434,     0.003045,
  1684.350,     2.074178,     1.909970,     0.005672,
  1684.400,     2.514786,     2.528583,     0.003942,
  1684.450,     2.724108,     2.910504,     0.002576,
  1684.500,     2.786761,     3.039462,     0.005432,
  1684.550,     2.689141,     2.959035,     0.001776,
  1684.600,     2.559179,     2.770499,     0.000399,
  1684.650,     2.384809,     2.537622,     0.003044,
  1684.700,     2.062957,     2.230924,     0.002571,
  1684.750,     1.635735,     1.831384,     0.001585,
  1684.800,     1.068392,     1.285302,     0.000236,
  1684.850,     0.476112,     0.667263,    -0.001575,
  1684.900,    -0.065683,     0.041377,     0.002210,
  1684.950,    -0.418439,    -0.428136,     0.005286,
  1685.000,    -0.521389,    -0.708761,     0.003842,
  1685.050,    -0.345377,    -0.672982,     0.006732,
  1685.100,     0.075303,    -0.345578,     0.010982,
  1685.150,     0.668854,     0.219219,     0.006278,
  1685.200,     1.334877,     0.930121,     0.005467,
  1685.250,     1.993691,     1.662913,     0.008058,
  1685.300,     2.501263,     2.336706,    -0.003020,
  1685.350,     2.696356,     2.790813,    -0.003416,
  1685.400,     2.512710,     2.837893,     0.003232,
  1685.450,     2.056483,     2.526431,     0.001571,
  1685.500,     1.531019,     1.958973,     0.000966,
  1685.550,     1.059427,     1.391149,     0.004299,
  1685.600,     0.699012,     0.930255,    -0.002260,
  1685.650,     0.448130,     0.562372,     0.002834,
  1685.700,     0.248968,     0.322827,     0.004956,
  1685.750,     0.154212,     0.155830,     0.006469,
  1685.800,     0.113457,     0.091455,     0.004490,
  1685.850,     0.081168,     0.074935,     0.006668,
  1685.900,     0.002573,     0.001193,     0.001027,
  1685.950,    -0.081672,    -0.119799,     0.006687,
  1686.000,    -0.009920,    -0.162694,     0.007219,
  1686.050,     0.250577,    -0.039735,     0.006796,
  1686.100,     0.594022,     0.280877,     0.005616,
  1686.150,     0.986266,     0.692554,     0.002941,
  1686.200,     1.328556,     1.156741,     0.002972,
  1686.250,     1.604761,     1.552242,     0.002898,
  1686.300,     1.768127,     1.866623,     0.001707,
  1686.350,     1.749828,     2.019688,     0.009245,
  1686.400,     1.447626,     1.916365,     0.004703,
  1686.450,     0.898744,     1.485783,     0.004778,
  1686.500,     0.235782,     0.797933,     0.003232,
  1686.550,    -0.402112,     0.052865,    -0.000132,
  1686.600,    -0.870780,    -0.647351,    -0.004680,
  1686.650,    -1.114377,    -1.141138,    -0.002352,
  1686.700,    -1.141420,    -1.368795,    -0.000901,
  1686.750,    -0.926545,    -1.369090,     0.002555,
  1686.800,    -0.467922,    -1.112459,     0.000895,
  1686.850,     0.253613,    -0.498849,     0.001374,
  1686.900,     1.141282,     0.373076,     0.003831,
  1686.950,     1.959311,     1.343611,     0.004857,
  1687.000,     2.559873,     2.220433,     0.001410,
  1687.050,     2.886789,     2.790095,     0.004209,
  1687.100,     2.969644,     3.106945,     0.009474,
  1687.150,     2.763077,     3.106982,     0.007201,
  1687.200,     2.339696,     2.837052,     0.005493,
  1687.250,     1.787260,     2.304517,     0.004939,
  1687.300,     1.174922,     1.643385,     0.005265,
  1687.350,     0.604481,     0.972145,     0.006401,
  1687.400,     0.129561,     0.364439,     0.006072,
  1687.450,    -0.210970,    -0.127680,     0.004824,
  1687.500,    -0.486575,    -0.449573,     0.004082,
  1687.550,    -0.716016,    -0.711068,     0.006634,
  1687.600,    -1.009776,    -0.992829,    -0.003153,
  1687.650,    -1.305717,    -1.319799,    -0.000699,
  1687.700,    -1.384763,    -1.571145,     0.003025,
  1687.750,    -1.167931,    -1.542420,     0.003560,
  1687.800,    -0.590663,    -1.101569,     0.002434,
  1687.850,     0.267165,    -0.308003,     0.000052,
  1687.900,     1.222925,     0.731242,     0.001525,
  1687.950,     2.122297,     1.850057,     0.004308,
  1688.000,     2.742415,     2.753399,     0.003217,
  1688.050,     2.922496,     3.277598,     0.002342,
  1688.100,     2.699249,     3.297298,     0.004611,
  1688.150,     2.208642,     2.876221,     0.004698,
  1688.200,     1.556292,     2.170375,     0.006106,
  1688.250,     0.821740,     1.313024,     0.003385,
  1688.300,     0.148958,     0.451004,     0.004208,
  1688.350,    -0.376715,    -0.335147,     0.007606,
  1688.400,    -0.642051,    -0.889231,     0.003393,
  1688.450,    -0.607061,    -1.064746,     0.003199,
  1688.500,    -0.342089,    -0.932000,     0.005327,
  1688.550,     0.097063,    -0.535668,     0.004392,
  1688.600,     0.645500,     0.061993,     0.001307,
  1688.650,     1.165936,     0.744836,     0.006050,
  1688.700,     1.528577,     1.357723,     0.006155,
  1688.750,     1.628484,     1.764261,     0.006362,
  1688.800,     1.381181,     1.791242,    -0.000049,
  1688.850,     0.897806,     1.478882,     0.001598,
  1688.900,     0.256987,     0.900863,     0.000166,
  1688.950,    -0.386337,     0.198671,    -0.001179,
  1689.000,    -0.844312,    -0.468450,    -0.002717,
  1689.050,    -1.059201,    -0.949988,     0.000012,
  1689.100,    -0.949447,    -1.127342,    -0.002655,
  1689.150,    -0.617376,    -0.955192,    -0.000138,
  1689.200,    -0.147607,    -0.573804,     0.003936,
  1689.250,     0.352276,    -0.082558,     0.003000,
  1689.300,     0.745492,     0.400849,     0.001875,
  1689.350,     1.038361,     0.783911,     0.001837,
  1689.400,     1.119036,     0.997937,     0.000955,
  1689.450,     1.075545,     1.060174,     0.005344,
  1689.500,     0.966671,     1.013047,     0.011613,
  1689.550,     0.847682,     0.894100,     0.008693,
  1689.600,     0.877472,     0.862166,     0.010182,
  1689.650,     1.124714,     1.000874,     0.011026,
  1689.700,     1.517558,     1.370165,     0.003180,
  1689.750,     1.951464,     1.888734,     0.001987,
  1689.800,     2.269400,     2.335326,     0.002712,
  1689.850,     2.405280,     2.624466,     0.005286,
  1689.900,     2.250496,     2.627302,     0.001581,
  1689.950,     1.879785,     2.330004,     0.003804,
  1690.000,     1.322268,     1.838481,    -0.000909,
  1690.050,     0.653674,     1.136360,    -0.002387,
  1690.100,    -0.049262,     0.332646,     0.000636,
  1690.150,    -0.663778,    -0.448915,     0.002411,
  1690.200,    -1.012939,    -1.072448,    -0.004105,
  1690.250,    -1.117000,    -1.405867,    -0.004348,
  1690.300,    -0.876184,    -1.384308,    -0.003811,
  1690.350,    -0.394979,    -1.002613,    -0.000693,
  1690.400,     0.275463,    -0.369327,    -0.000436,
  1690.450,     1.011171,     0.414418,     0.001487,
  1690.500,     1.699838,     1.264879,     0.002902,
  1690.550,     2.296253,     2.078002,     0.000990,
  1690.600,     2.669366,     2.690379,     0.006768,
  1690.650,     2.797665,     3.037519,     0.002782,
  1690.700,     2.601658,     3.023940,     0.007335,
  1690.750,     2.219968,     2.709839,     0.007958,
  1690.800,     1.718690,     2.242089,     0.008661,
  1690.850,     1.282581,     1.670260,     0.006899,
  1690.900,     0.936192,     1.163267,     0.004322,
  1690.950,     0.674616,     0.768299,     0.004101,
  1691.000,     0.517389,     0.473777,     0.006321,
  1691.050,     0.400108,     0.285832,     0.006176,
  1691.100,     0.356452,     0.203289,     0.001808,
  1691.150,     0.337844,     0.125032,     0.000376,
  1691.200,     0.375470,     0.156049,     0.004136,
  1691.250,     0.542519,     0.241990,     0.002754,
  1691.300,     0.862104,     0.509349,    -0.001709,
  1691.350,     1.345229,     0.941554,    -0.003371,
  1691.400,     1.892391,     1.529320,    -0.002531,
  1691.450,     2.471583,     2.191168,    -0.003484,
  1691.500,     2.972638,     2.827658,     0.001294,
  1691.550,     3.311575,     3.378861,    -0.003423,
  1691.600,     3.397530,     3.692797,     0.001779,
  1691.650,     3.084798,     3.624742,     0.000448,
  1691.700,     2.395668,     3.149624,    -0.000416,
  1691.750,     1.421430,     2.228937,     0.006025,
  1691.800,     0.301387,     1.063858,     0.007641,
  1691.850,    -0.679159,    -0.152253,     0.010771,
  1691.900,    -1.388223,    -1.174209,     0.006876,
  1691.950,    -1.648875,    -1.791788,     0.004088,
  1692.000,    -1.456334,    -1.923481,     0.001220,
  1692.050,    -0.832773,    -1.494760,     0.002796,
  1692.100,     0.060632,    -0.672926,     0.006741,
  1692.150,     1.021806,     0.363339,     0.006735,
  1692.200,     1.805064,     1.363359,     0.002465,
  1692.250,     2.320217,     2.160327,     0.003364,
  1692.300,     2.433131,     2.568445,     0.003132,
  1692.350,     2.196799,     2.533085,     0.003700,
  1692.400,     1.750654,     2.142730,     0.004300,
  1692.450,     1.198971,     1.538134,     0.002879,
  1692.500,     0.799454,     0.980385,     0.005290,
  1692.550,     0.614228,     0.587184,    -0.000635,
  1692.600,     0.624937,     0.442132,    -0.000461,
  1692.650,     0.752470,     0.574560,     0.000521,
  1692.700,     0.852854,     0.747681,    -0.000969,
  1692.750,     0.933256,     0.841796,     0.005324,
  1692.800,     0.981274,     0.932781,     0.003563,
  1692.850,     1.044233,     0.984177,     0.004885,
  1692.900,     1.009487,     1.003946,     0.002882,
  1692.950,     0.910261,     0.929122,     0.005482,
  1693.000,     0.771535,     0.783914,     0.002877,
  1693.050,     0.711487,     0.672512,    -0.001465,
  1693.100,     0.772911,     0.662233,     0.005374,
  1693.150,     1.018001,     0.801518,     0.007197,
  1693.200,     1.388010,     1.125919,     0.007513,
  1693.250,     1.759830,     1.556513,     0.004326,
  1693.300,     2.045010,     1.945138,     0.005262,
  1693.350,     2.219638,     2.242532,     0.005698,
  1693.400,     2.284365,     2.400666,    -0.001607,
  1693.450,     2.194579,     2.426737,     0.004244,
  1693.500,     1.947655,     2.266734,    -0.003142,
  1693.550,     1.520755,     1.909553,    -0.000968,
  1693.600,     1.042845,     1.422311,     0.000649,
  1693.650,     0.543316,     0.873087,    -0.000345,
  1693.700,     0.146204,     0.341281,     0.001767,
  1693.750,    -0.085604,    -0.081404,     0.005187,
  1693.800,    -0.084268,    -0.283392,     0.003325,
  1693.850,     0.201219,    -0.165438,    -0.000056,
  1693.900,     0.623870,     0.235648,    -0.000966,
  1693.950,     1.015768,     0.712439,     0.009738,
  1694.000,     1.242742,     1.100583,     0.008077,
  1694.050,     1.141549,     1.220353,     0.008252,
  1694.100,     0.859697,     1.020043,     0.007203,
  1694.150,     0.497031,     0.663621,     0.001092,
  1694.200,     0.212643,     0.307127,     0.001559,
  1694.250,     0.107274,     0.061134,     0.005228,
  1694.300,     0.180082,     0.025835,     0.002720,
  1694.350,     0.372754,     0.154167,    -0.000422,
  1694.400,     0.616545,     0.422037,     0.003740,
  1694.450,     0.857582,     0.740911,     0.003858,
  1694.500,     1.044842,     1.024193,     0.000756,
  1694.550,     1.030135,     1.136833,     0.008217,
  1694.600,     0.831804,     1.020943,     0.001546,
  1694.650,     0.588355,     0.736161,     0.001781,
  1694.700,     0.360042,     0.438248,     0.004238,
  1694.750,     0.274766,     0.248550,     0.001204,
  1694.800,     0.233102,     0.179645,     0.000478,
  1694.850,     0.252585,     0.195447,     0.000293,
  1694.900,     0.372159,     0.282804,     0.005639,
  1694.950,     0.591067,     0.461654,     0.004844,
  1695.000,     0.824977,     0.742957,     0.003329,
  1695.050,     1.046534,     1.025701,     0.008844,
  1695.100,     1.124023,     1.259097,     0.002080,
  1695.150,     0.975283,     1.238673,     0.007720,
  1695.200,     0.637582,     0.976320,     0.009452,
  1695.250,     0.167699,     0.506294,     0.005643,
  1695.300,    -0.249997,    -0.005801,     0.002593,
  1695.350,    -0.600024,    -0.496504,     0.007849,
  1695.400,    -0.795521,    -0.819703,     0.008413,
  1695.450,    -0.824418,    -0.989628,     0.009062,
  1695.500,    -0.669575,    -0.954995,     0.011008,
  1695.550,    -0.338946,    -0.679936,     0.003688,
  1695.600,     0.112706,    -0.241350,     0.000151,
  1695.650,     0.579978,     0.298546,    -0.001755,
  1695.700,     0.955538,     0.761163,    -0.006282,
  1695.750,     1.154143,     1.142690,     0.003598,
  1695.800,     1.195732,     1.287671,     0.001139,
  1695.850,     1.038680,     1.216640,    -0.000436,
  1695.900,     0.687503,     0.942684,    -0.002730,
  1695.950,     0.290352,     0.518857,    -0.007611,
  1696.000,    -0.144635,     0.016242,    -0.008026,
  1696.050,    -0.428098,    -0.420836,     0.001656,
  1696.100,    -0.445938,    -0.652076,     0.002184,
  1696.150,    -0.140131,    -0.530327,     0.004533,
  1696.200,     0.364832,    -0.100584,     0.008135,
  1696.250,     0.941998,     0.537141,     0.005291,
  1696.300,     1.408107,     1.170117,     0.003008,
  1696.350,     1.610149,     1.612779,     0.009702,
  1696.400,     1.569301,     1.746676,     0.007457,
  1696.450,     1.292485,     1.612897,     0.003580,
  1696.500,     0.881341,     1.228865,     0.006534,
  1696.550,     0.460202,     0.726397,     0.008670,
  1696.600,     0.133510,     0.259011,     0.006686,
  1696.650,    -0.001903,    -0.063428,     0.002456,
  1696.700,     0.035160,    -0.152744,     0.006205,
  1696.750,     0.204688,    -0.072411,     0.003359,
  1696.800,     0.406432,     0.120159,     0.002775,
  1696.850,     0.656299,     0.423928,     0.004158,
  1696.900,     0.941791,     0.709750,    -0.003546,
  1696.950,     1.191637,     1.026023,    -0.003162,
  1697.000,     1.413419,     1.315422,     0.000212,
  1697.050,     1.593309,     1.543624,    -0.004273,
  1697.100,     1.690342,     1.707006,     0.001545,
  1697.150,     1.726617,     1.788889,     0.004887,
  1697.200,     1.653281,     1.776160,     0.004742,
  1697.250,     1.529321,     1.690371,     0.003892,
  1697.300,     1.384530,     1.527791,     0.005895,
  1697.350,     1.251506,     1.330025,     0.007866,
  1697.400,     1.205538,     1.178847,     0.003462,
  1697.450,     1.212166,     1.114457,     0.004959,
  1697.500,     1.276537,     1.147654,     0.004616,
  1697.550,     1.416205,     1.260431,     0.007273,
  1697.600,     1.499854,     1.396614,     0.006780,
  1697.650,     1.480296,     1.472952,     0.005715,
  1697.700,     1.312205,     1.368465,     0.004730,
  1697.750,     1.049080,     1.130898,     0.001282,
  1697.800,     0.864747,     0.844827,     0.001399,
  1697.850,     0.859649,     0.674545,     0.001706,
  1697.900,     1.100750,     0.771067,     0.000695,
  1697.950,     1.472512,     1.108862,    -0.000627,
  1698.000,     1.922324,     1.613853,     0.007301,
  1698.050,     2.355921,     2.130295,    -0.006237,
  1698.100,     2.618165,     2.564848,    -0.005517,
  1698.150,     2.573747,     2.775530,     0.004032,
  1698.200,     2.239241,     2.623393,     0.006192,
  1698.250,     1.710221,     2.157658,     0.006116,
  1698.300,     1.211111,     1.523636,     0.004674,
  1698.350,     0.834437,     0.982200,     0.001712,
  1698.400,     0.668366,     0.644066,     0.011025,
  1698.450,     0.664922,     0.527354,     0.008753,
  1698.500,     0.768057,     0.545730,     0.003646,
  1698.550,     0.966454,     0.742787,     0.002040,
  1698.600,     1.166359,     0.995847,     0.004430,
  1698.650,     1.380633,     1.265533,     0.005847,
  1698.700,     1.501472,     1.474968,     0.004033,
  1698.750,     1.482037,     1.525778,     0.004848,
  1698.800,     1.403429,     1.514488,     0.001022,
  1698.850,     1.313882,     1.456610,    -0.000502,
  1698.900,     1.245766,     1.369822,     0.001443,
  1698.950,     1.145096,     1.291055,    -0.001824,
  1699.000,     0.967822,     1.147038,    -0.000171,
  1699.050,     0.769906,     0.943440,     0.000831,
  1699.100,     0.677309,     0.729823,    -0.001885,
  1699.150,     0.733072,     0.651807,    -0.000740,
  1699.200,     0.921742,     0.766728,     0.001972,
  1699.250,     1.088128,     0.959094,     0.003684,
  1699.300,     1.106009,     1.079285,     0.003208,
  1699.350,     0.937374,     1.017662,     0.005695,
  1699.400,     0.578083,     0.750040,     0.012513,
  1699.450,     0.144236,     0.296059,     0.007671,
  1699.500,    -0.334102,    -0.227596,     0.009371,
  1699.550,    -0.721676,    -0.738272,     0.011248,
  1699.600,    -0.859029,    -1.066399,     0.011967,
  1699.650,    -0.661371,    -1.086662,     0.003949,
  1699.700,    -0.166539,    -0.732967,     0.006413,
  1699.750,     0.562439,    -0.047674,     0.005952,
  1699.800,     1.342137,     0.839081,     0.004073,
  1699.850,     2.011381,     1.752978,     0.003222,
  1699.900,     2.458332,     2.450384,    -0.003601,
  1699.950,     2.589248,     2.840175,    -0.001625,
  1700.000,     2.430972,     2.866925,    -0.004516,
  1700.050,     2.032887,     2.536581,    -0.001293,
  1700.100,     1.442154,     1.955277,    -0.001941,
  1700.150,     0.884748,     1.258269,    -0.002614,
  1700.200,     0.456740,     0.631063,    -0.003437,
  1700.250,     0.253882,     0.214407,     0.000727,
  1700.300,     0.256214,     0.035360,     0.000058,
  1700.350,     0.424808,     0.106097,     0.004182,
  1700.400,     0.709490,     0.356125,     0.012170,
  1700.450,     1.042595,     0.698159,     0.008545,
  1700.500,     1.395802,     1.100381,     0.001751,
  1700.550,     1.686453,     1.486258,     0.000269,
  1700.600,     1.852746,     1.795552,     0.010610,
  1700.650,     1.983177,     1.998714,     0.012154,
  1700.700,     2.025467,     2.124292,     0.011141,
  1700.750,     2.090398,     2.223595,     0.004684,
  1700.800,     2.088367,     2.279434,     0.002952,
  1700.850,     1.932770,     2.212552,     0.003978,
  1700.900,     1.625410,     1.975957,     0.007333,
  1700.950,     1.193804,     1.574126,     0.006016,
  1701.000,     0.741962,     1.078355,     0.006555,
  1701.050,     0.324837,     0.565921,    -0.001772,
  1701.100,     0.026570,     0.105276,     0.004070,
  1701.150,    -0.163671,    -0.195628,     0.002425,
  1701.200,    -0.223516,    -0.379004,     0.001331,
  1701.250,    -0.165872,    -0.398505,    -0.004407,
  1701.300,    -0.036482,    -0.296935,    -0.002577,
  1701.350,     0.179329,    -0.112662,    -0.004997,
  1701.400,     0.463931,     0.193048,    -0.001701,
  1701.450,     0.838452,     0.542926,     0.003719,
  1701.500,     1.169098,     0.940374,     0.003307,
  1701.550,     1.449097,     1.319942,     0.003550,
  1701.600,     1.661784,     1.636360,     0.001805,
  1701.650,     1.797751,     1.862691,     0.000926,
  1701.700,     1.749361,     1.914803,     0.002652,
  1701.750,     1.505752,     1.812830,     0.005292,
  1701.800,     1.154185,     1.497084,     0.001919,
  1701.850,     0.791149,     1.093463,     0.005902,
  1701.900,     0.532289,     0.715838,     0.005125,
  1701.950,     0.332257,     0.412858,     0.010255,
  1702.000,     0.146908,     0.207046,     0.011575,
  1702.050,    -0.017841,    -0.002225,     0.002603,
  1702.100,    -0.084001,    -0.152308,     0.002833,
  1702.150,    -0.073024,    -0.196308,     0.002246,
  1702.200,     0.036513,    -0.144487,     0.008169,
  1702.250,     0.208600,    -0.024069,     0.005674,
  1702.300,     0.418312,     0.188871,     0.003447,
  1702.350,     0.642346,     0.432309,     0.000011,
  1702.400,     0.935534,     0.746406,     0.002921,
  1702.450,     1.246885,     1.113395,     0.004471,
  1702.500,     1.481505,     1.465388,    -0.000229,
  1702.550,     1.619300,     1.738564,     0.002065,
  1702.600,     1.600555,     1.847772,     0.004519,
  1702.650,     1.431496,     1.741479,     0.006462,
  1702.700,     1.138344,     1.477008,     0.007554,
  1702.750,     0.767022,     1.112401,     0.007215,
  1702.800,     0.400163,     0.725569,    -0.000220,
  1702.850,     0.061941,     0.264683,    -0.000507,
  1702.900,    -0.171685,    -0.083359,    -0.001100,
  1702.950,    -0.286234,    -0.329628,     0.000947,
  1703.000,    -0.356078,    -0.467160,     0.004157,
  1703.050,    -0.369444,    -0.516775,    -0.000428,
  1703.100,    -0.369397,    -0.552785,    -0.000640,
  1703.150,    -0.292396,    -0.531802,    -0.002043,
  1703.200,    -0.109636,    -0.392810,    -0.000159,
  1703.250,     0.157666,    -0.156744,     0.002450,
  1703.300,     0.582235,     0.229008,     0.002325,
  1703.350,     1.118779,     0.770950,    -0.001327,
  1703.400,     1.601892,     1.354544,     0.000368,
  1703.450,     1.944789,     1.873694,     0.003319,
  1703.500,     1.991663,     2.146879,     0.001497,
  1703.550,     1.862122,     2.142156,     0.007054,
  1703.600,     1.584184,     1.924068,     0.009734,
  1703.650,     1.191244,     1.563748,     0.005804,
  1703.700,     0.723627,     1.072622,     0.011498,
  1703.750,     0.248747,     0.518133,     0.010295,
  1703.800,    -0.085338,     0.011478,     0.007805,
  1703.850,    -0.239504,    -0.299374,     0.006758,
  1703.900,    -0.195889,    -0.382060,     0.004114,
  1703.950,    -0.038803,    -0.316831,     0.010099,
  1704.000,     0.260080,    -0.070874,     0.008603,
  1704.050,     0.673746,     0.321376,     0.005702,
  1704.100,     1.187714,     0.846238,     0.003627,
  1704.150,     1.683797,     1.416767,     0.005437,
  1704.200,     2.073991,     1.969961,    -0.000673,
  1704.250,     2.283388,     2.376415,     0.002452,
  1704.300,     2.307782,     2.539956,     0.002833,
  1704.350,     2.150781,     2.443849,    -0.003512,
  1704.400,     1.828252,     2.187560,    -0.006748,
  1704.450,     1.435010,     1.799463,    -0.001235,
  1704.500,     1.029500,     1.304165,    -0.006612,
  1704.550,     0.621387,     0.827102,    -0.002283,
  1704.600,     0.330178,     0.365469,     0.001153,
  1704.650,     0.230990,     0.092568,     0.000448,
  1704.700,     0.267031,     0.001743,    -0.002950,
  1704.750,     0.454585,     0.116562,     0.000440,
  1704.800,     0.722546,     0.365459,     0.003907,
  1704.850,     1.046794,     0.687396,    -0.000282,
  1704.900,     1.454061,     1.080751,    -0.002800,
  1704.950,     1.880000,     1.547032,     0.000368,
  1705.000,     2.291273,     2.028004,     0.004130,
  1705.050,     2.549298,     2.429532,     0.010023,
  1705.100,     2.662405,     2.701087,     0.006792,
  1705.150,     2.646428,     2.786637,     0.003652,
  1705.200,     2.558097,     2.728654,     0.006002,
  1705.250,     2.407150,     2.588807,     0.010466,
  1705.300,     2.193359,     2.410819,     0.011637,
  1705.350,     1.886958,     2.126121,     0.005988,
  1705.400,     1.598966,     1.815159,     0.005143,
  1705.450,     1.403921,     1.533803,     0.007156,
  1705.500,     1.316267,     1.343352,     0.013555,
  1705.550,     1.257243,     1.294895,     0.007097,
  1705.600,     1.178982,     1.230120,     0.000631,
  1705.650,     1.012426,     1.093479,     0.002857,
  1705.700,     0.811879,     0.922447,     0.003266,
  1705.750,     0.670620,     0.741133,    -0.001512,
  1705.800,     0.585419,     0.618669,    -0.005638,
  1705.850,     0.589752,     0.557503,     0.002577,
  1705.900,     0.640316,     0.585135,    -0.001976,
  1705.950,     0.781698,     0.704118,    -0.004102,
  1706.000,     1.036507,     0.924126,    -0.001445,
  1706.050,     1.286669,     1.228105,    -0.004224,
  1706.100,     1.415412,     1.440186,    -0.002374,
  1706.150,     1.359414,     1.537056,     0.000169,
  1706.200,     1.194234,     1.431115,     0.000764,
  1706.250,     0.911527,     1.193729,     0.007926,
  1706.300,     0.586166,     0.862866,     0.002321,
  1706.350,     0.262089,     0.475642,    -0.000758,
  1706.400,     0.052726,     0.149753,     0.006794,
  1706.450,    -0.042128,    -0.050592,     0.008445,
  1706.500,    -0.052436,    -0.147607,     0.006806,
  1706.550,     0.045154,    -0.136650,     0.017098,
  1706.600,     0.157032,    -0.023186,     0.012453,
  1706.650,     0.328711,     0.111666,     0.010603,
  1706.700,     0.598999,     0.334724,     0.015649,
  1706.750,     0.882030,     0.646764,     0.010618,
  1706.800,     1.182301,     0.982969,     0.010400,
  1706.850,     1.411359,     1.270086,     0.011409,
  1706.900,     1.600742,     1.533274,     0.007434,
  1706.950,     1.738449,     1.732812,    -0.000615,
  1707.000,     1.855072,     1.885977,     0.000730,
  1707.050,     1.896039,     1.991964,    -0.000983,
  1707.100,     1.878681,     2.012803,    -0.002265,
  1707.150,     1.870806,     1.977728,    -0.004774,
  1707.200,     1.842192,     1.943583,    -0.004994,
  1707.250,     1.755911,     1.878060,     0.001138,
  1707.300,     1.561695,     1.716188,    -0.001947,
  1707.350,     1.309637,     1.452515,    -0.005454,
  1707.400,     1.026508,     1.139832,    -0.005489,
  1707.450,     0.814756,     0.851223,     0.004023,
  1707.500,     0.745485,     0.639538,     0.000633,
  1707.550,     0.831071,     0.604060,     0.003523,
  1707.600,     1.153667,     0.813209,     0.007207,
  1707.650,     1.623266,     1.263659,     0.006135,
  1707.700,     2.136482,     1.836553,     0.005417,
  1707.750,     2.546080,     2.379872,     0.005546,
  1707.800,     2.765110,     2.806634,     0.008115,
  1707.850,     2.798958,     3.011721,     0.008622,
  1707.900,     2.646988,     2.980675,     0.008818,
  1707.950,     2.349511,     2.724464,     0.006661,
  1708.000,     1.904983,     2.294835,     0.007699,
  1708.050,     1.431604,     1.783803,     0.005618,
  1708.100,     1.020153,     1.269205,     0.012782,
  1708.150,     0.740005,     0.851650,     0.008482,
  1708.200,     0.609615,     0.570834,     0.006835,
  1708.250,     0.612556,     0.472253,     0.005335,
  1708.300,     0.710807,     0.513279,     0.006312,
  1708.350,     0.901701,     0.688256,     0.001685,
  1708.400,     1.098702,     0.913415,    -0.002939,
  1708.450,     1.203170,     1.097041,    -0.009117,
  1708.500,     1.174601,     1.167100,     0.002851,
  1708.550,     1.053625,     1.094580,     0.005271,
  1708.600,     0.938078,     0.988459,     0.001714,
  1708.650,     0.886261,     0.890508,    -0.004655,
  1708.700,     0.857212,     0.825239,    -0.003481,
  1708.750,     0.906916,     0.834482,    -0.001100,
  1708.800,     1.061834,     0.937989,     0.001236,
  1708.850,     1.256230,     1.132657,    -0.001043,
  1708.900,     1.420318,     1.381238,    -0.002710,
  1708.950,     1.518467,     1.550118,     0.004377,
  1709.000,     1.483289,     1.592862,     0.000607,
  1709.050,     1.378843,     1.496985,    -0.000167,
  1709.100,     1.255154,     1.364264,     0.003743,
  1709.150,     1.128549,     1.220443,     0.004432,
  1709.200,     1.048926,     1.113766,     0.005791,
  1709.250,     1.012949,     1.030876,     0.008167,
  1709.300,     0.984148,     0.993686,     0.012632,
  1709.350,     1.011796,     1.015238,     0.004698,
  1709.400,     1.105517,     1.048356,     0.008019,
  1709.450,     1.224017,     1.140385,     0.005219,
  1709.500,     1.363369,     1.279681,     0.005679,
  1709.550,     1.485551,     1.419368,     0.005317,
  1709.600,     1.564949,     1.520826,     0.007209,
  1709.650,     1.614726,     1.610550,     0.002595,
  1709.700,     1.656709,     1.662439,     0.007989,
  1709.750,     1.654147,     1.703517,     0.000366,
  1709.800,     1.581193,     1.703155,     0.003652,
  1709.850,     1.397728,     1.587031,     0.002694,
  1709.900,     1.129595,     1.316544,    -0.000729,
  1709.950,     0.816676,     0.990432,    -0.004893,
  1710.000,     0.559194,     0.662223,    -0.000877,
  1710.050,     0.410740,     0.439506,     0.001115,
  1710.100,     0.372185,     0.304805,     0.004339,
  1710.150,     0.411460,     0.298283,     0.002302,
  1710.200,     0.452963,     0.349277,    -0.000715,
  1710.250,     0.505686,     0.399695,    -0.002488,
  1710.300,     0.511592,     0.466908,     0.002629,
  1710.350,     0.448007,     0.427609,     0.002395,
  1710.400,     0.336620,     0.349779,    -0.001037,
  1710.450,     0.291339,     0.249391,    -0.000663,
  1710.500,     0.346506,     0.267603,     0.005032,
  1710.550,     0.551437,     0.425202,     0.007019,
  1710.600,     0.811793,     0.670064,     0.005599,
  1710.650,     1.021151,     0.961431,     0.011778,
  1710.700,     1.180391,     1.192651,     0.012652,
  1710.750,     1.266544,     1.314931,     0.012922,
  1710.800,     1.245865,     1.339182,     0.009208,
  1710.850,     1.140580,     1.279172,     0.009898,
  1710.900,     0.984223,     1.094842,     0.006276,
  1710.950,     0.853956,     0.915425,     0.003000,
  1711.000,     0.760758,     0.741791,     0.001034,
  1711.050,     0.714064,     0.671570,     0.001291,
  1711.100,     0.724559,     0.663055,    -0.000062,
  1711.150,     0.812427,     0.693004,    -0.001017,
  1711.200,     1.007040,     0.829999,    -0.002454,
  1711.250,     1.300708,     1.120037,    -0.001326,
  1711.300,     1.617789,     1.462619,    -0.003517,
  1711.350,     1.818475,     1.783571,    -0.005656,
  1711.400,     1.873207,     1.975077,    -0.006220,
  1711.450,     1.796675,     1.983953,    -0.004238,
  1711.500,     1.517658,     1.791444,    -0.006424,
  1711.550,     1.073829,     1.416287,    -0.005992,
  1711.600,     0.614595,     0.902035,     0.002185,
  1711.650,     0.241470,     0.412966,     0.000050,
  1711.700,     0.088284,     0.053998,     0.007565,
  1711.750,     0.162582,    -0.022020,     0.005505,
  1711.800,     0.416728,     0.139481,     0.006531,
  1711.850,     0.768511,     0.468412,     0.012139,
  1711.900,     1.117490,     0.870126,     0.008308,
  1711.950,     1.413631,     1.249804,     0.008862,
  1712.000,     1.621429,     1.590034,     0.010782,
  1712.050,     1.647683,     1.757380,     0.010795,
  1712.100,     1.480425,     1.704202,     0.011570,
  1712.150,     1.183292,     1.456662,     0.007357,
  1712.200,     0.809146,     1.053388,     0.003005,
  1712.250,     0.460140,     0.622955,    -0.001097,
  1712.300,     0.259921,     0.310986,    -0.003226,
  1712.350,     0.248274,     0.108602,    -0.002566,
  1712.400,     0.424431,     0.160012,    -0.001000,
  1712.450,     0.823136,     0.437557,    -0.003740,
  1712.500,     1.309294,     0.908591,    -0.002781,
  1712.550,     1.780312,     1.471358,    -0.001780,
  1712.600,     2.112110,     1.942300,    -0.001721,
  1712.650,     2.258788,     2.241039,    -0.001947,
  1712.700,     2.170867,     2.315176,    -0.001395,
  1712.750,     1.922158,     2.166940,    -0.000320,
  1712.800,     1.614353,     1.869105,     0.001878,
  1712.850,     1.353640,     1.530207,     0.003100,
  1712.900,     1.210787,     1.262102,     0.008518,
  1712.950,     1.193620,     1.160561,     0.009862,
  1713.000,     1.323527,     1.214127,     0.009445,
  1713.050,     1.531254,     1.422144,     0.010998,
  1713.100,     1.758998,     1.647660,     0.006564,
  1713.150,     1.863203,     1.855765,     0.006251,
  1713.200,     1.833849,     1.931107,     0.006101,
  1713.250,     1.650481,     1.816466,     0.007077,
  1713.300,     1.427431,     1.621859,     0.006399,
  1713.350,     1.170684,     1.351444,     0.009441,
  1713.400,     0.941870,     1.063327,     0.002825,
  1713.450,     0.807588,     0.848513,     0.005230,
  1713.500,     0.758013,     0.704341,    -0.001174,
  1713.550,     0.836101,     0.688907,    -0.002810,
  1713.600,     1.017623,     0.819090,     0.000239,
  1713.650,     1.293478,     1.103136,    -0.001782,
  1713.700,     1.587386,     1.409114,     0.002578,
  1713.750,     1.727514,     1.692225,     0.000722,
  1713.800,     1.738417,     1.811971,     0.006701,
  1713.850,     1.580422,     1.754821,     0.001118,
  1713.900,     1.321227,     1.591743,    -0.000897,
  1713.950,     0.954708,     1.231281,     0.000415,
  1714.000,     0.563821,     0.797407,     0.004417,
  1714.050,     0.228960,     0.365158,    -0.000615,
  1714.100,     0.087877,     0.034516,     0.008672,
  1714.150,     0.227600,    -0.026658,     0.009392,
  1714.200,     0.539400,     0.184675,     0.004949,
  1714.250,     0.964474,     0.606210,     0.006108,
  1714.300,     1.353292,     1.089649,     0.004851,
  1714.350,     1.614150,     1.490815,    -0.002675,
  1714.400,     1.654405,     1.707233,     0.003217,
  1714.450,     1.542127,     1.719465,     0.004499,
  1714.500,     1.263885,     1.513489,     0.006007,
  1714.550,     0.941678,     1.197705,    -0.001141,
  1714.600,     0.688671,     0.856871,     0.002426,
  1714.650,     0.575170,     0.634544,     0.005684,
  1714.700,     0.609684,     0.617475,     0.002748,
  1714.750,     0.786556,     0.725275,    -0.000284,
  1714.800,     0.960802,     0.924123,     0.003759,
  1714.850,     1.009207,     1.106387,     0.002700,
  1714.900,     0.909510,     1.103005,     0.008627,
  1714.950,     0.628376,     0.913411,     0.000344,
  1715.000,     0.283806,     0.530180,    -0.009573,
  1715.050,    -0.085705,     0.134683,    -0.006808,
  1715.100,    -0.392482,    -0.269910,    -0.000945,
  1715.150,    -0.546113,    -0.557224,     0.000161,
  1715.200,    -0.510428,    -0.683033,     0.004079,
  1715.250,    -0.300585,    -0.571705,     0.003627,
  1715.300,     0.034879,    -0.304670,     0.005812,
  1715.350,     0.386248,     0.078485,     0.009227,
  1715.400,     0.860527,     0.538393,     0.000996,
  1715.450,     1.253555,     1.028427,     0.002887,
  1715.500,     1.607287,     1.502242,     0.005996,
  1715.550,     1.782679,     1.844738,     0.000232,
  1715.600,     1.700923,     1.933996,     0.005715,
  1715.650,     1.343755,     1.728565,     0.010433,
  1715.700,     0.779171,     1.229859,     0.011860,
  1715.750,     0.123341,     0.540926,     0.006855,
  1715.800,    -0.432915,    -0.165826,     0.009338,
  1715.850,    -0.775262,    -0.740224,     0.004157,
  1715.900,    -0.861482,    -1.057480,     0.010692,
  1715.950,    -0.610797,    -1.035766,     0.001145,
  1716.000,    -0.070837,    -0.629646,     0.003538,
  1716.050,     0.617451,     0.073212,    -0.004909,
  1716.100,     1.297899,     0.854730,    -0.004212,
  1716.150,     1.787646,     1.581930,    -0.002333,
  1716.200,     2.012307,     2.064901,    -0.005533,
  1716.250,     1.987442,     2.253151,    -0.002894,
  1716.300,     1.701374,     2.119534,    -0.003727,
  1716.350,     1.275578,     1.736978,    -0.001147,
  1716.400,     0.829929,     1.250300,     0.005134,
  1716.450,     0.480497,     0.746373,     0.000518,
  1716.500,     0.277557,     0.391037,     0.002927,
  1716.550,     0.261279,     0.223613,     0.006664,
  1716.600,     0.321478,     0.227837,     0.005635,
  1716.650,     0.418645,     0.283777,     0.003959,
  1716.700,     0.486447,     0.363875,     0.017661,
  1716.750,     0.516106,     0.414411,     0.010162,
  1716.800,     0.479181,     0.382238,     0.006160,
  1716.850,     0.486872,     0.386000,     0.008602,
  1716.900,     0.526178,     0.413724,     0.005199,
  1716.950,     0.674288,     0.532464,     0.003462,
  1717.000,     0.939808,     0.767610,     0.005140,
  1717.050,     1.261225,     1.103108,     0.002676,
  1717.100,     1.530841,     1.447134,     0.001231,
  1717.150,     1.729273,     1.758704,    -0.008546,
  1717.200,     1.828139,     1.913312,    -0.000648,
  1717.250,     1.841521,     1.989301,    -0.000502,
  1717.300,     1.744914,     1.956454,    -0.001220,
  1717.350,     1.557305,     1.767766,     0.002915,
  1717.400,     1.290442,     1.530295,    -0.000859,
  1717.450,     0.954900,     1.168417,     0.003753,
  1717.500,     0.625007,     0.812636,     0.009028,
  1717.550,     0.287872,     0.407275,     0.000551,
  1717.600,    -0.049682,     0.038021,     0.008883,
  1717.650,    -0.263085,    -0.290806,     0.005479,
  1717.700,    -0.288960,    -0.475594,     0.010199,
  1717.750,    -0.069444,    -0.410213,     0.007256,
  1717.800,     0.373651,    -0.052088,     0.004964,
  1717.850,     0.824869,     0.457475,     0.006919,
  1717.900,     1.208404,     0.988306,    -0.003031,
  1717.950,     1.459171,     1.415740,     0.010450,
  1718.000,     1.567881,     1.668179,    -0.001652,
  1718.050,     1.473002,     1.705765,    -0.001208,
  1718.100,     1.289118,     1.583977,    -0.007864,
  1718.150,     1.031326,     1.329943,    -0.002729,
  1718.200,     0.805593,     1.036802,    -0.001953,
  1718.250,     0.600045,     0.768220,     0.000641,
  1718.300,     0.516459,     0.553401,    -0.006500,
  1718.350,     0.507808,     0.472896,     0.005224,
  1718.400,     0.623050,     0.491900,     0.008404,
  1718.450,     0.776307,     0.624468,     0.010503,
  1718.500,     0.896499,     0.761028,     0.006481,
  1718.550,     0.992889,     0.885877,     0.013054,
  1718.600,     1.049293,     0.965360,     0.015556,
  1718.650,     1.087874,     1.019752,     0.009228,
  1718.700,     1.120965,     1.055398,     0.009665,
  1718.750,     1.235850,     1.122704,    -0.001152,
  1718.800,     1.483569,     1.344286,     0.000014,
  1718.850,     1.796667,     1.613377,    -0.000772,
  1718.900,     2.145816,     1.994283,    -0.007340,
  1718.950,     2.403855,     2.344918,    -0.007640,
  1719.000,     2.558325,     2.580013,    -0.012188,
  1719.050,     2.565805,     2.720220,    -0.005335,
  1719.100,     2.355215,     2.634843,    -0.005606,
  1719.150,     2.019841,     2.351094,    -0.000382,
  1719.200,     1.536551,     1.910511,     0.002748,
  1719.250,     1.011133,     1.332618,     0.012385,
  1719.300,     0.501489,     0.717710,     0.006806,
  1719.350,     0.079785,     0.149211,     0.010504,
  1719.400,    -0.121155,    -0.231224,     0.013322,
  1719.450,    -0.101319,    -0.365955,     0.012371,
  1719.500,     0.114896,    -0.252983,     0.007381,
  1719.550,     0.473454,     0.065889,     0.000782,
  1719.600,     0.980922,     0.584058,     0.000694,
  1719.650,     1.509705,     1.177586,    -0.002786,
  1719.700,     1.991645,     1.803306,    -0.008012,
  1719.750,     2.292059,     2.287425,    -0.011967,
  1719.800,     2.332995,     2.540220,    -0.005840,
  1719.850,     2.191790,     2.506058,    -0.006783,
  1719.900,     1.939384,     2.308830,    -0.004662,
  1719.950,     1.617498,     1.970036,     0.004690,
  1720.000,     1.339889,     1.608460,    -0.000046,

