Time_abs/ps, Signal 1/nA, Ref.signal 1/nA, Signal 2/nA, Ref.signal 2/nA
  1600.000,     0.013449,     0.007615,    -0.004051,
  1600.050,     0.000676,    -0.004646,     0.000001,
  1600.100,    -0.019090,     0.011497,    -0.001309,
  1600.150,     0.003472,    -0.005388,     0.005453,
  1600.200,     0.001493,    -0.009079,    -0.000094,
  1600.250,     0.001280,    -0.022884,     0.003141,
  1600.300,    -0.000772,    -0.011605,     0.002871,
  1600.350,     0.005188,     0.000561,     0.005669,
  1600.400,    -0.018377,     0.010459,     0.002502,
  1600.450,    -0.022832,     0.008771,     0.007228,
  1600.500,    -0.025254,    -0.000034,     0.002820,
  1600.550,    -0.018127,    -0.009125,     0.002428,
  1600.600,    -0.008004,    -0.021215,     0.001163,
  1600.650,    -0.042875,    -0.028924,     0.005256,
  1600.700,    -0.020053,    -0.024922,    -0.005088,
  1600.750,    -0.040912,    -0.033412,    -0.000109,
  1600.800,    -0.039061,    -0.027306,     0.000181,
  1600.850,    -0.032397,    -0.001638,     0.000601,
  1600.900,    -0.052617,    -0.017430,    -0.005486,
  1600.950,    -0.056575,    -0.006954,     0.001344,
  1601.000,    -0.043448,    -0.025601,    -0.002515,
  1601.050,    -0.064530,    -0.025349,    -0.000512,
  1601.100,    -0.048746,    -0.009534,    -0.002831,
  1601.150,    -0.055441,    -0.028449,    -0.004681,
  1601.200,    -0.041628,    -0.018410,     0.005394,
  1601.250,    -0.055399,    -0.022588,     0.001022,
  1601.300,    -0.050861,    -0.037640,     0.001758,
  1601.350,    -0.052893,    -0.024145,    -0.003467,
  1601.400,    -0.049532,    -0.019708,     0.001965,
  1601.450,    -0.056411,    -0.036830,    -0.001009,
  1601.500,    -0.042798,    -0.020360,    -0.001315,
  1601.550,    -0.059321,    -0.021295,     0.004988,
  1601.600,    -0.038927,    -0.019094,     0.005713,
  1601.650,    -0.045023,    -0.038961,     0.007683,
  1601.700,    -0.064709,    -0.039712,     0.001873,
  1601.750,    -0.054003,    -0.046448,     0.001222,
  1601.800,    -0.070316,    -0.049859,     0.002361,
  1601.850,    -0.080525,    -0.056273,     0.000634,
  1601.900,    -0.067460,    -0.066449,     0.001367,
  1601.950,    -0.064872,    -0.072077,     0.000084,
  1602.000,    -0.089949,    -0.063971,    -0.003056,
  1602.050,    -0.103079,    -0.049452,    -0.000898,
  1602.100,    -0.097792,    -0.059367,     0.002024,
  1602.150,    -0.099649,    -0.063293,    -0.003702,
  1602.200,    -0.085706,    -0.057947,    -0.004427,
  1602.250,    -0.076888,    -0.047525,     0.000429,
  1602.300,    -0.088720,    -0.066134,     0.000183,
  1602.350,    -0.065719,    -0.074133,    -0.004962,
  1602.400,    -0.094386,    -0.077379,    -0.000886,
  1602.450,    -0.087897,    -0.060169,    -0.001576,
  1602.500,    -0.072228,    -0.080268,    -0.002736,
  1602.550,    -0.057433,    -0.067907,    -0.000772,
  1602.600,    -0.075802,    -0.099132,     0.002148,
  1602.650,    -0.066354,    -0.079462,    -0.000264,
  1602.700,    -0.064659,    -0.061615,     0.002623,
  1602.750,    -0.081944,    -0.055587,     0.005381,
  1602.800,    -0.055239,    -0.049285,     0.003805,
  1602.850,    -0.067694,    -0.061351,     0.009427,
  1602.900,    -0.053013,    -0.051576,     0.005249,
  1602.950,    -0.058583,    -0.030425,     0.006782,
  1603.000,    -0.070669,    -0.045516,     0.009161,
  1603.050,    -0.061147,    -0.046597,     0.002983,
  1603.100,    -0.060719,    -0.041525,     0.004526,
  1603.150,    -0.070579,    -0.058770,     0.001065,
  1603.200,    -0.073221,    -0.067038,     0.008673,
  1603.250,    -0.070334,    -0.060943,     0.000101,
  1603.300,    -0.058763,    -0.046130,    -0.000518,
  1603.350,    -0.102558,    -0.044856,     0.001608,
  1603.400,    -0.077596,    -0.048941,     0.000855,
  1603.450,    -0.066643,    -0.057768,     0.000634,
  1603.500,    -0.077977,    -0.061647,    -0.003609,
  1603.550,    -0.091052,    -0.072860,    -0.003534,
  1603.600,    -0.084513,    -0.050958,    -0.005998,
  1603.650,    -0.084736,    -0.058043,    -0.003963,
  1603.700,    -0.092589,    -0.046480,    -0.002960,
  1603.750,    -0.080713,    -0.039911,    -0.000840,
  1603.800,    -0.080807,    -0.055079,     0.000803,
  1603.850,    -0.083389,    -0.055890,     0.000486,
  1603.900,    -0.104917,    -0.060794,    -0.002336,
  1603.950,    -0.076991,    -0.056321,    -0.000205,
  1604.000,    -0.081614,    -0.053461,     0.001796,
  1604.050,    -0.096270,    -0.061511,    -0.002961,
  1604.100,    -0.058090,    -0.073083,    -0.002535,
  1604.150,    -0.070775,    -0.058812,     0.000657,
  1604.200,    -0.069767,    -0.056921,     0.004522,
  1604.250,    -0.085407,    -0.052816,     0.003614,
  1604.300,    -0.078584,    -0.051204,     0.005584,
  1604.350,    -0.070343,    -0.050098,     0.009719,
  1604.400,    -0.082997,    -0.051308,     0.002456,
  1604.450,    -0.081789,    -0.055452,     0.001321,
  1604.500,    -0.081569,    -0.068069,     0.008954,
  1604.550,    -0.052518,    -0.050001,     0.006229,
  1604.600,    -0.066392,    -0.060544,     0.001203,
  1604.650,    -0.066099,    -0.066102,     0.005151,
  1604.700,    -0.067999,    -0.067510,     0.002444,
  1604.750,    -0.080896,    -0.069713,     0.004307,
  1604.800,    -0.061084,    -0.075049,     0.003031,
  1604.850,    -0.083012,    -0.068252,     0.004462,
  1604.900,    -0.081755,    -0.068048,     0.001051,
  1604.950,    -0.075756,    -0.057182,     0.004272,
  1605.000,    -0.075487,    -0.074073,     0.001606,
  1605.050,    -0.093890,    -0.073767,    -0.006912,
  1605.100,    -0.104954,    -0.058804,    -0.002251,
  1605.150,    -0.105965,    -0.074817,     0.000399,
  1605.200,    -0.100887,    -0.054424,    -0.000369,
  1605.250,    -0.075641,    -0.059604,    -0.005821,
  1605.300,    -0.076026,    -0.073760,    -0.006988,
  1605.350,    -0.072811,    -0.080658,    -0.006414,
  1605.400,    -0.094304,    -0.064059,     0.000987,
  1605.450,    -0.092741,    -0.066206,     0.000683,
  1605.500,    -0.077187,    -0.061892,     0.001135,
  1605.550,    -0.094497,    -0.056416,    -0.000789,
  1605.600,    -0.077594,    -0.060449,    -0.003882,
  1605.650,    -0.088835,    -0.062375,     0.000589,
  1605.700,    -0.076918,    -0.064690,     0.004631,
  1605.750,    -0.091109,    -0.067201,     0.000836,
  1605.800,    -0.084831,    -0.053317,     0.004900,
  1605.850,    -0.096683,    -0.075328,     0.002322,
  1605.900,    -0.100936,    -0.081720,     0.000886,
  1605.950,    -0.103139,    -0.084957,     0.004691,
  1606.000,    -0.108928,    -0.063255,     0.007509,
  1606.050,    -0.090834,    -0.061329,     0.011408,
  1606.100,    -0.092844,    -0.043735,     0.003512,
  1606.150,    -0.107300,    -0.050841,     0.000836,
  1606.200,    -0.112444,    -0.062682,     0.003851,
  1606.250,    -0.094001,    -0.048538,     0.002604,
  1606.300,    -0.086937,    -0.051206,     0.002891,
  1606.350,    -0.091157,    -0.056931,     0.003377,
  1606.400,    -0.092141,    -0.061721,    -0.000091,
  1606.450,    -0.097898,    -0.077838,     0.002909,
  1606.500,    -0.091273,    -0.075351,     0.000858,
  1606.550,    -0.084683,    -0.045355,    -0.003185,
  1606.600,    -0.097702,    -0.075436,    -0.001468,
  1606.650,    -0.097008,    -0.075216,    -0.000979,
  1606.700,    -0.113834,    -0.067222,    -0.001754,
  1606.750,    -0.106169,    -0.063340,     0.000126,
  1606.800,    -0.082843,    -0.069187,    -0.002485,
  1606.850,    -0.095983,    -0.065506,    -0.002744,
  1606.900,    -0.064054,    -0.051772,    -0.000175,
  1606.950,    -0.078424,    -0.049198,     0.001195,
  1607.000,    -0.072475,    -0.044549,    -0.005944,
  1607.050,    -0.077655,    -0.057717,    -0.005346,
  1607.100,    -0.088447,    -0.057853,    -0.006093,
  1607.150,    -0.086926,    -0.075347,    -0.005776,
  1607.200,    -0.061252,    -0.075670,    -0.005535,
  1607.250,    -0.085203,    -0.067853,     0.000107,
  1607.300,    -0.092007,    -0.065862,    -0.002310,
  1607.350,    -0.073250,    -0.091792,    -0.001725,
  1607.400,    -0.088807,    -0.095613,     0.004561,
  1607.450,    -0.081150,    -0.089350,     0.001627,
  1607.500,    -0.081054,    -0.075400,     0.001308,
  1607.550,    -0.094983,    -0.104859,     0.000758,
  1607.600,    -0.090477,    -0.098777,    -0.001021,
  1607.650,    -0.112964,    -0.092790,     0.004662,
  1607.700,    -0.122654,    -0.102410,     0.008464,
  1607.750,    -0.104684,    -0.103796,     0.006382,
  1607.800,    -0.126673,    -0.101278,     0.004613,
  1607.850,    -0.147664,    -0.124529,     0.006217,
  1607.900,    -0.155084,    -0.136633,     0.004428,
  1607.950,    -0.155240,    -0.124998,     0.003285,
  1608.000,    -0.127839,    -0.137278,    -0.000501,
  1608.050,    -0.131064,    -0.131250,     0.000906,
  1608.100,    -0.173218,    -0.141260,     0.002804,
  1608.150,    -0.142875,    -0.161652,     0.005286,
  1608.200,    -0.160313,    -0.162870,    -0.000588,
  1608.250,    -0.147117,    -0.156415,    -0.001012,
  1608.300,    -0.159452,    -0.147483,     0.000148,
  1608.350,    -0.158661,    -0.147606,    -0.002245,
  1608.400,    -0.153764,    -0.157783,     0.002051,
  1608.450,    -0.158476,    -0.149063,    -0.002315,
  1608.500,    -0.158776,    -0.130967,    -0.004739,
  1608.550,    -0.159291,    -0.132564,    -0.004459,
  1608.600,    -0.130780,    -0.131408,    -0.003102,
  1608.650,    -0.121299,    -0.119437,    -0.006243,
  1608.700,    -0.147648,    -0.132012,    -0.004668,
  1608.750,    -0.121571,    -0.130531,    -0.001075,
  1608.800,    -0.111075,    -0.127366,    -0.001536,
  1608.850,    -0.125172,    -0.114349,    -0.000704,
  1608.900,    -0.108362,    -0.118084,     0.000499,
  1608.950,    -0.110383,    -0.108535,     0.001776,
  1609.000,    -0.104535,    -0.122791,     0.004044,
  1609.050,    -0.077114,    -0.112637,     0.000462,
  1609.100,    -0.071485,    -0.100752,    -0.000229,
  1609.150,    -0.082828,    -0.101737,    -0.002327,
  1609.200,    -0.070767,    -0.083625,     0.000568,
  1609.250,    -0.083545,    -0.090299,     0.004872,
  1609.300,    -0.059353,    -0.092264,     0.003255,
  1609.350,    -0.055231,    -0.063074,     0.005963,
  1609.400,    -0.070918,    -0.072413,     0.005963,
  1609.450,    -0.060716,    -0.097468,     0.007688,
  1609.500,    -0.066488,    -0.062004,     0.006292,
  1609.550,    -0.061532,    -0.074665,     0.001101,
  1609.600,    -0.042729,    -0.082541,    -0.005802,
  1609.650,    -0.059259,    -0.095405,    -0.001315,
  1609.700,    -0.073847,    -0.072481,     0.002383,
  1609.750,    -0.075040,    -0.073364,     0.000025,
  1609.800,    -0.061435,    -0.048757,     0.001304,
  1609.850,    -0.064017,    -0.050317,     0.004495,
  1609.900,    -0.072009,    -0.050132,     0.000183,
  1609.950,    -0.096651,    -0.052159,    -0.001133,
  1610.000,    -0.098536,    -0.076507,     0.003652,
  1610.050,    -0.087974,    -0.090168,    -0.004174,
  1610.100,    -0.093079,    -0.092489,    -0.009750,
  1610.150,    -0.096050,    -0.092585,     0.000437,
  1610.200,    -0.108574,    -0.087222,    -0.001959,
  1610.250,    -0.117602,    -0.102442,    -0.006764,
  1610.300,    -0.127255,    -0.110517,    -0.005531,
  1610.350,    -0.122193,    -0.117500,    -0.008890,
  1610.400,    -0.154638,    -0.123959,    -0.003622,
  1610.450,    -0.147580,    -0.132789,    -0.004598,
  1610.500,    -0.137056,    -0.137259,    -0.003289,
  1610.550,    -0.151078,    -0.141640,    -0.002159,
  1610.600,    -0.161291,    -0.131035,    -0.002410,
  1610.650,    -0.166520,    -0.137492,     0.000601,
  1610.700,    -0.176980,    -0.131505,     0.001964,
  1610.750,    -0.186100,    -0.161033,     0.005458,
  1610.800,    -0.176110,    -0.172221,     0.001907,
  1610.850,    -0.189315,    -0.194941,    -0.002041,
  1610.900,    -0.206201,    -0.172747,     0.002024,
  1610.950,    -0.193450,    -0.179672,     0.004066,
  1611.000,    -0.218157,    -0.196484,     0.004787,
  1611.050,    -0.199919,    -0.217035,     0.004739,
  1611.100,    -0.194851,    -0.213329,     0.000490,
  1611.150,    -0.221509,    -0.239635,     0.001203,
  1611.200,    -0.218333,    -0.240099,    -0.003158,
  1611.250,    -0.219135,    -0.215287,    -0.001405,
  1611.300,    -0.207883,    -0.217257,     0.003994,
  1611.350,    -0.205207,    -0.223915,     0.004572,
  1611.400,    -0.204147,    -0.225158,     0.007795,
  1611.450,    -0.209531,    -0.227445,     0.011873,
  1611.500,    -0.203712,    -0.219021,     0.004574,
  1611.550,    -0.215584,    -0.196926,    -0.001672,
  1611.600,    -0.215563,    -0.221091,    -0.000027,
  1611.650,    -0.203534,    -0.212736,     0.002709,
  1611.700,    -0.199136,    -0.199161,     0.000906,
  1611.750,    -0.203966,    -0.192209,    -0.000408,
  1611.800,    -0.218515,    -0.199529,     0.001080,
  1611.850,    -0.209356,    -0.174264,    -0.005427,
  1611.900,    -0.197219,    -0.168421,    -0.008591,
  1611.950,    -0.185217,    -0.185613,     0.002544,
  1612.000,    -0.205291,    -0.193127,    -0.001214,
  1612.050,    -0.203914,    -0.202004,    -0.002280,
  1612.100,    -0.195102,    -0.203686,     0.002891,
  1612.150,    -0.208105,    -0.192196,    -0.000775,
  1612.200,    -0.224964,    -0.228909,    -0.004068,
  1612.250,    -0.205099,    -0.217702,    -0.000995,
  1612.300,    -0.203863,    -0.218946,    -0.002667,
  1612.350,    -0.236105,    -0.226065,    -0.001586,
  1612.400,    -0.227447,    -0.209106,    -0.003077,
  1612.450,    -0.228378,    -0.219318,     0.001095,
  1612.500,    -0.227426,    -0.206316,     0.002763,
  1612.550,    -0.225927,    -0.213026,    -0.005064,
  1612.600,    -0.233470,    -0.230964,    -0.005191,
  1612.650,    -0.222687,    -0.237960,     0.004182,
  1612.700,    -0.230299,    -0.240506,     0.002508,
  1612.750,    -0.246787,    -0.236160,     0.003511,
  1612.800,    -0.258736,    -0.233167,     0.005888,
  1612.850,    -0.243168,    -0.256656,     0.005273,
  1612.900,    -0.256640,    -0.239617,     0.003521,
  1612.950,    -0.255110,    -0.245471,     0.005599,
  1613.000,    -0.240483,    -0.262886,     0.006358,
  1613.050,    -0.257155,    -0.251333,     0.005343,
  1613.100,    -0.270980,    -0.256567,     0.007276,
  1613.150,    -0.263337,    -0.244889,     0.009502,
  1613.200,    -0.258145,    -0.267568,     0.012080,
  1613.250,    -0.244033,    -0.263436,     0.010511,
  1613.300,    -0.282928,    -0.261406,     0.008992,
  1613.350,    -0.267803,    -0.262316,     0.006741,
  1613.400,    -0.259628,    -0.263597,     0.002990,
  1613.450,    -0.289004,    -0.263895,     0.003570,
  1613.500,    -0.306263,    -0.253962,     0.001408,
  1613.550,    -0.289532,    -0.267384,     0.001952,
  1613.600,    -0.307009,    -0.282852,    -0.001837,
  1613.650,    -0.328109,    -0.294390,    -0.008953,
  1613.700,    -0.301506,    -0.269291,    -0.009864,
  1613.750,    -0.331985,    -0.296063,    -0.000611,
  1613.800,    -0.333905,    -0.295676,    -0.001634,
  1613.850,    -0.336544,    -0.290447,    -0.006018,
  1613.900,    -0.341980,    -0.308364,    -0.012637,
  1613.950,    -0.329326,    -0.311033,    -0.014377,
  1614.000,    -0.338447,    -0.298176,    -0.011005,
  1614.050,    -0.337678,    -0.320096,    -0.008323,
  1614.100,    -0.356479,    -0.327092,    -0.010529,
  1614.150,    -0.360004,    -0.336267,    -0.003338,
  1614.200,    -0.379596,    -0.347295,    -0.001081,
  1614.250,    -0.364690,    -0.345886,    -0.000278,
  1614.300,    -0.366429,    -0.330335,    -0.002323,
  1614.350,    -0.375741,    -0.335595,     0.002021,
  1614.400,    -0.372707,    -0.326397,     0.001333,
  1614.450,    -0.348436,    -0.335081,     0.002476,
  1614.500,    -0.334981,    -0.341281,     0.000499,
  1614.550,    -0.339764,    -0.341916,     0.000899,
  1614.600,    -0.347526,    -0.342900,     0.002822,
  1614.650,    -0.322764,    -0.342125,     0.001528,
  1614.700,    -0.336441,    -0.318097,     0.004683,
  1614.750,    -0.350260,    -0.315540,     0.008004,
  1614.800,    -0.323475,    -0.298863,     0.011850,
  1614.850,    -0.343780,    -0.298416,     0.009735,
  1614.900,    -0.340955,    -0.312369,     0.007320,
  1614.950,    -0.340682,    -0.298750,     0.013559,
  1615.000,    -0.364430,    -0.299329,     0.012215,
  1615.050,    -0.366338,    -0.316875,     0.010289,
  1615.100,    -0.376237,    -0.339941,     0.005867,
  1615.150,    -0.403893,    -0.354372,     0.004470,
  1615.200,    -0.432269,    -0.349586,     0.005145,
  1615.250,    -0.430443,    -0.375272,     0.004273,
  1615.300,    -0.451287,    -0.391255,    -0.000645,
  1615.350,    -0.461710,    -0.412063,    -0.002523,
  1615.400,    -0.445710,    -0.422098,    -0.003621,
  1615.450,    -0.453404,    -0.408363,    -0.002603,
  1615.500,    -0.454503,    -0.404922,    -0.002392,
  1615.550,    -0.453960,    -0.411461,    -0.010310,
  1615.600,    -0.463049,    -0.401083,    -0.010764,
  1615.650,    -0.469807,    -0.408784,    -0.007026,
  1615.700,    -0.476252,    -0.415894,    -0.007296,
  1615.750,    -0.485528,    -0.406058,    -0.006027,
  1615.800,    -0.490020,    -0.429032,    -0.005973,
  1615.850,    -0.495156,    -0.454615,    -0.002656,
  1615.900,    -0.501253,    -0.455064,    -0.005986,
  1615.950,    -0.484290,    -0.455368,    -0.006134,
  1616.000,    -0.502753,    -0.466990,    -0.002522,
  1616.050,    -0.527904,    -0.474880,    -0.002033,
  1616.100,    -0.520808,    -0.480263,     0.001890,
  1616.150,    -0.515687,    -0.480738,     0.005373,
  1616.200,    -0.513079,    -0.476577,     0.001545,
  1616.250,    -0.519614,    -0.483261,     0.001438,
  1616.300,    -0.528316,    -0.490949,     0.006001,
  1616.350,    -0.523491,    -0.490765,     0.006884,
  1616.400,    -0.525788,    -0.495713,     0.006529,
  1616.450,    -0.522514,    -0.492477,     0.008483,
  1616.500,    -0.516007,    -0.503176,     0.008497,
  1616.550,    -0.522481,    -0.526755,     0.005628,
  1616.600,    -0.522919,    -0.506274,     0.005590,
  1616.650,    -0.552242,    -0.492097,     0.006141,
  1616.700,    -0.539905,    -0.494707,     0.001788,
  1616.750,    -0.522342,    -0.491688,     0.003607,
  1616.800,    -0.529720,    -0.491173,     0.004453,
  1616.850,    -0.517363,    -0.493725,     0.000419,
  1616.900,    -0.508312,    -0.487156,    -0.002296,
  1616.950,    -0.518986,    -0.489569,     0.002781,
  1617.000,    -0.529668,    -0.506868,     0.000662,
  1617.050,    -0.517403,    -0.487291,    -0.005994,
  1617.100,    -0.515722,    -0.474220,    -0.001521,
  1617.150,    -0.507687,    -0.483483,     0.004101,
  1617.200,    -0.498765,    -0.473541,    -0.002304,
  1617.250,    -0.495971,    -0.474562,     0.000258,
  1617.300,    -0.484583,    -0.456456,     0.005210,
  1617.350,    -0.486642,    -0.446705,    -0.001167,
  1617.400,    -0.465796,    -0.459078,    -0.003578,
  1617.450,    -0.467342,    -0.445847,     0.000747,
  1617.500,    -0.464267,    -0.438835,    -0.000305,
  1617.550,    -0.440434,    -0.433537,     0.002505,
  1617.600,    -0.426397,    -0.436497,     0.005485,
  1617.650,    -0.432160,    -0.418269,    -0.000040,
  1617.700,    -0.425480,    -0.416141,    -0.002827,
  1617.750,    -0.405593,    -0.407228,    -0.000828,
  1617.800,    -0.359813,    -0.401720,     0.004961,
  1617.850,    -0.342955,    -0.380863,     0.005962,
  1617.900,    -0.312344,    -0.371745,     0.002772,
  1617.950,    -0.260218,    -0.338327,     0.003656,
  1618.000,    -0.234251,    -0.281234,     0.003977,
  1618.050,    -0.196280,    -0.232384,     0.001786,
  1618.100,    -0.159098,    -0.193871,    -0.000065,
  1618.150,    -0.099086,    -0.161821,     0.002487,
  1618.200,    -0.104967,    -0.119875,     0.001976,
  1618.250,    -0.133679,    -0.077524,    -0.000795,
  1618.300,    -0.205365,    -0.071774,     0.002247,
  1618.350,    -0.369969,    -0.087374,     0.000944,
  1618.400,    -0.614689,    -0.196099,     0.000782,
  1618.450,    -0.954202,    -0.348139,     0.000224,
  1618.500,    -1.350500,    -0.610612,     0.004210,
  1618.550,    -1.775381,    -0.952923,     0.000949,
  1618.600,    -2.181455,    -1.333053,     0.001042,
  1618.650,    -2.449741,    -1.743931,     0.000047,
  1618.700,    -2.497441,    -2.126887,    -0.002459,
  1618.750,    -2.360976,    -2.394161,    -0.001731,
  1618.800,    -2.057848,    -2.457728,    -0.001275,
  1618.850,    -1.662349,    -2.309845,    -0.001309,
  1618.900,    -1.235076,    -1.995652,     0.002514,
  1618.950,    -0.858870,    -1.602009,     0.002448,
  1619.000,    -0.561204,    -1.184876,     0.006347,
  1619.050,    -0.342613,    -0.797805,     0.006681,
  1619.100,    -0.209928,    -0.520714,     0.006254,
  1619.150,    -0.179415,    -0.297820,     0.000726,
  1619.200,    -0.167141,    -0.164513,    -0.000614,
  1619.250,    -0.217012,    -0.133796,     0.006531,
  1619.300,    -0.301685,    -0.141140,     0.008042,
  1619.350,    -0.356363,    -0.189173,     0.006247,
  1619.400,    -0.451643,    -0.272831,     0.004713,
  1619.450,    -0.498693,    -0.366149,     0.004348,
  1619.500,    -0.545230,    -0.414662,    -0.000864,
  1619.550,    -0.588543,    -0.486669,     0.003152,
  1619.600,    -0.596105,    -0.532702,     0.005194,
  1619.650,    -0.606245,    -0.559336,     0.003395,
  1619.700,    -0.627143,    -0.580338,     0.000147,
  1619.750,    -0.635906,    -0.589772,    -0.002096,
  1619.800,    -0.647488,    -0.591029,    -0.001450,
  1619.850,    -0.698698,    -0.607447,    -0.002953,
  1619.900,    -0.722479,    -0.624791,    -0.001681,
  1619.950,    -0.744584,    -0.651564,    -0.002725,
  1620.000,    -0.764857,    -0.699427,    -0.002299,
  1620.050,    -0.795421,    -0.712156,    -0.002555,
  1620.100,    -0.793772,    -0.740053,    -0.001406,
  1620.150,    -0.805700,    -0.779035,    -0.003748,
  1620.200,    -0.806482,    -0.777557,    -0.003604,
  1620.250,    -0.794741,    -0.783301,     0.000320,
  1620.300,    -0.792559,    -0.795376,    -0.002926,
  1620.350,    -0.791599,    -0.762885,    -0.000311,
  1620.400,    -0.784651,    -0.756703,     0.001099,
  1620.450,    -0.808674,    -0.755122,    -0.000167,
  1620.500,    -0.833295,    -0.759587,    -0.004676,
  1620.550,    -0.837607,    -0.770126,    -0.006031,
  1620.600,    -0.844206,    -0.762379,    -0.000827,
  1620.650,    -0.844404,    -0.799293,    -0.002479,
  1620.700,    -0.862976,    -0.826538,     0.000468,
  1620.750,    -0.867658,    -0.825007,     0.000772,
  1620.800,    -0.874040,    -0.836559,     0.000760,
  1620.850,    -0.886653,    -0.864981,     0.000637,
  1620.900,    -0.902581,    -0.872562,     0.005201,
  1620.950,    -0.886845,    -0.863349,     0.006552,
  1621.000,    -0.911359,    -0.892779,     0.001668,
  1621.050,    -0.934518,    -0.900679,     0.006304,
  1621.100,    -0.961290,    -0.903279,     0.005421,
  1621.150,    -0.993658,    -0.929399,     0.002777,
  1621.200,    -1.025842,    -0.946151,     0.009199,
  1621.250,    -1.069515,    -0.973433,     0.010372,
  1621.300,    -1.076940,    -1.002156,     0.004116,
  1621.350,    -1.083668,    -1.031033,     0.004559,
  1621.400,    -1.078339,    -1.055723,     0.003449,
  1621.450,    -1.027855,    -1.082439,    -0.001035,
  1621.500,    -0.968679,    -1.040745,    -0.004488,
  1621.550,    -0.930625,    -1.007067,    -0.003859,
  1621.600,    -0.880469,    -0.969472,    -0.000822,
  1621.650,    -0.858320,    -0.923275,    -0.001540,
  1621.700,    -0.832804,    -0.868363,    -0.005784,
  1621.750,    -0.859533,    -0.839668,    -0.004258,
  1621.800,    -0.893693,    -0.839075,    -0.000206,
  1621.850,    -0.917726,    -0.835832,    -0.005544,
  1621.900,    -0.926706,    -0.868083,    -0.001788,
  1621.950,    -0.952292,    -0.905803,    -0.005992,
  1622.000,    -0.967570,    -0.925178,    -0.002017,
  1622.050,    -0.983372,    -0.925425,     0.001426,
  1622.100,    -0.965149,    -0.933014,    -0.006422,
  1622.150,    -0.956472,    -0.943333,    -0.005316,
  1622.200,    -0.937851,    -0.946160,    -0.001220,
  1622.250,    -0.913204,    -0.947706,    -0.000909,
  1622.300,    -0.897791,    -0.936598,    -0.000668,
  1622.350,    -0.856178,    -0.911204,    -0.002679,
  1622.400,    -0.823559,    -0.902913,    -0.002355,
  1622.450,    -0.810916,    -0.885350,    -0.000778,
  1622.500,    -0.769089,    -0.852988,     0.001953,
  1622.550,    -0.726554,    -0.809969,    -0.004063,
  1622.600,    -0.688316,    -0.785377,     0.001706,
  1622.650,    -0.633862,    -0.742969,     0.003740,
  1622.700,    -0.545123,    -0.686576,     0.002659,
  1622.750,    -0.435038,    -0.613374,     0.003016,
  1622.800,    -0.295051,    -0.510101,     0.004374,
  1622.850,    -0.163260,    -0.403846,     0.001471,
  1622.900,    -0.010600,    -0.275957,     0.005867,
  1622.950,     0.072619,    -0.136301,     0.007309,
  1623.000,     0.113470,    -0.013895,     0.009665,
  1623.050,     0.010549,     0.097326,     0.007453,
  1623.100,    -0.320652,     0.115637,     0.005461,
  1623.150,    -0.945155,     0.008123,     0.009602,
  1623.200,    -2.077454,    -0.326249,     0.008384,
  1623.250,    -3.756183,    -1.001347,     0.005362,
  1623.300,    -6.039873,    -2.122518,     0.006151,
  1623.350,    -8.907864,    -3.843026,     0.004608,
  1623.400,   -12.085270,    -6.190226,     0.002820,
  1623.450,   -15.001285,    -9.079033,     0.000076,
  1623.500,   -17.036152,   -12.222148,    -0.000270,
  1623.550,   -17.468769,   -15.132563,    -0.002048,
  1623.600,   -15.866076,   -17.125555,    -0.000778,
  1623.650,   -12.237050,   -17.493563,     0.001189,
  1623.700,    -7.134780,   -15.827166,    -0.000746,
  1623.750,    -1.566196,   -12.123533,    -0.003256,
  1623.800,     3.379143,    -6.997025,     0.000456,
  1623.850,     6.830285,    -1.427215,    -0.004846,
  1623.900,     8.468333,     3.484423,    -0.008102,
  1623.950,     8.341979,     6.934489,    -0.003301,
  1624.000,     6.768797,     8.513791,    -0.001336,
  1624.050,     4.225096,     8.337132,    -0.000764,
  1624.100,     1.256060,     6.748450,    -0.004788,
  1624.150,    -1.573559,     4.178412,    -0.003506,
  1624.200,    -3.812969,     1.205607,    -0.003841,
  1624.250,    -5.249360,    -1.618595,    -0.002243,
  1624.300,    -5.980721,    -3.847212,     0.001256,
  1624.350,    -6.208149,    -5.274983,     0.000445,
  1624.400,    -6.020503,    -5.999073,    -0.002575,
  1624.450,    -5.426252,    -6.210488,    -0.003581,
  1624.500,    -4.525328,    -6.037645,     0.005092,
  1624.550,    -3.540096,    -5.448199,     0.002347,
  1624.600,    -2.711123,    -4.513717,     0.003050,
  1624.650,    -2.171967,    -3.507028,     0.003822,
  1624.700,    -1.813542,    -2.713990,    -0.000665,
  1624.750,    -1.478994,    -2.169706,     0.003493,
  1624.800,    -1.146047,    -1.805950,     0.006735,
  1624.850,    -0.811391,    -1.469886,     0.006274,
  1624.900,    -0.417203,    -1.140785,     0.001617,
  1624.950,     0.124335,    -0.812284,     0.003079,
  1625.000,     0.821676,    -0.407357,     0.006234,
  1625.050,     1.667898,     0.132472,     0.003661,
  1625.100,     2.691926,     0.838794,     0.001174,
  1625.150,     3.832873,     1.727241,     0.006070,
  1625.200,     4.959305,     2.765705,     0.007519,
  1625.250,     6.142502,     3.889177,     0.003596,
  1625.300,     7.345565,     5.077292,     0.001697,
  1625.350,     8.587828,     6.273234,     0.001373,
  1625.400,     9.900626,     7.478472,     0.002752,
  1625.450,    11.323251,     8.746009,    -0.000626,
  1625.500,    12.941512,    10.060120,    -0.001436,
  1625.550,    14.771788,    11.467869,    -0.004194,
  1625.600,    16.881604,    13.071246,    -0.000179,
  1625.650,    19.371718,    14.898890,    -0.010402,
  1625.700,    22.266870,    17.010325,    -0.008986,
  1625.750,    25.579032,    19.501218,    -0.002176,
  1625.800,    29.403079,    22.428147,    -0.007260,
  1625.850,    33.815148,    25.822997,    -0.011195,
  1625.900,    38.915400,    29.700968,    -0.005712,
  1625.950,    44.814524,    34.164119,    -0.010522,
  1626.000,    51.664481,    39.328189,    -0.009462,
  1626.050,    59.562471,    45.320874,    -0.007142,
  1626.100,    68.588956,    52.213222,    -0.011581,
  1626.150,    78.604922,    60.173804,    -0.011119,
  1626.200,    89.411056,    69.234329,    -0.008231,
  1626.250,   100.441500,    79.317423,    -0.013509,
  1626.300,   110.583267,    90.147328,    -0.015060,
  1626.350,   118.045433,   101.149397,    -0.008099,
  1626.400,   120.048011,   111.240914,    -0.004563,
  1626.450,   112.470104,   118.577158,    -0.000606,
  1626.500,    89.777669,   120.330037,     0.011874,
  1626.550,    45.381188,   112.301036,     0.023639,
  1626.600,   -27.285682,    88.936240,     0.029826,
  1626.650,  -132.781357,    43.654300,     0.038474,
  1626.700,  -270.744798,   -30.080523,     0.048540,
  1626.750,  -433.043819,  -136.599317,     0.048122,
  1626.800,  -602.472046,  -275.383844,     0.039335,
  1626.850,  -753.053728,  -438.202199,     0.028505,
  1626.900,  -851.781110,  -607.466873,     0.024663,
  1626.950,  -864.857237,  -756.832510,     0.017660,
  1627.000,  -771.736007,  -853.304042,     0.014502,
  1627.050,  -578.851921,  -863.652525,     0.026823,
  1627.100,  -320.211472,  -767.964910,     0.043492,
  1627.150,   -43.028625,  -573.556554,     0.042072,
  1627.200,   210.272668,  -314.836492,     0.031471,
  1627.250,   412.631208,   -38.717001,     0.019210,
  1627.300,   550.631477,   213.204124,     0.008153,
  1627.350,   618.314466,   414.370761,     0.000343,
  1627.400,   616.587129,   551.418659,    -0.006272,
  1627.450,   557.110982,   618.154752,    -0.015473,
  1627.500,   462.454716,   615.650001,    -0.018748,
  1627.550,   358.150537,   555.920794,    -0.018218,
  1627.600,   262.185465,   461.606808,    -0.016322,
  1627.650,   180.488370,   358.092630,    -0.018320,
  1627.700,   112.380409,   262.795631,    -0.015876,
  1627.750,    59.066814,   181.288099,    -0.013807,
  1627.800,    25.160538,   113.143369,    -0.012027,
  1627.850,    12.344076,    59.884677,    -0.009356,
  1627.900,    14.046744,    26.164406,    -0.004102,
  1627.950,    19.243495,    13.388737,    -0.000219,
  1628.000,    20.912686,    14.807836,    -0.000936,
  1628.050,    18.605126,    19.605023,     0.003495,
  1628.100,    13.896706,    20.976186,    -0.002412,
  1628.150,     6.730351,    18.573325,    -0.000956,
  1628.200,    -3.198876,    13.737354,     0.006984,
  1628.250,   -14.303666,     6.294082,     0.005346,
  1628.300,   -23.898307,    -3.942722,    -0.000364,
  1628.350,   -30.156673,   -15.291041,    -0.003812,
  1628.400,   -32.072485,   -25.115936,    -0.006264,
  1628.450,   -29.178196,   -31.509963,    -0.004949,
  1628.500,   -22.557413,   -33.304194,    -0.009397,
  1628.550,   -14.993148,   -29.992888,    -0.005738,
  1628.600,    -8.844974,   -22.742302,    -0.007118,
  1628.650,    -4.970888,   -14.414926,    -0.002748,
  1628.700,    -3.517189,    -7.483234,    -0.008453,
  1628.750,    -4.388604,    -2.984859,    -0.006548,
  1628.800,    -6.999048,    -1.164252,     0.000525,
  1628.850,   -10.325497,    -2.118112,     0.001137,
  1628.900,   -13.546895,    -5.174189,    -0.003590,
  1628.950,   -15.881422,    -9.286403,    -0.007757,
  1629.000,   -16.405227,   -13.634145,    -0.003886,
  1629.050,   -15.011932,   -17.083424,    -0.004836,
  1629.100,   -12.743192,   -18.429742,    -0.006223,
  1629.150,   -10.285025,   -17.405915,     0.000263,
  1629.200,    -7.559689,   -14.983355,    -0.001021,
  1629.250,    -5.014432,   -11.998510,     0.000633,
  1629.300,    -3.605738,    -8.593464,     0.003793,
  1629.350,    -3.157719,    -5.354663,    -0.001126,
  1629.400,    -2.731270,    -3.324842,     0.002346,
  1629.450,    -2.443696,    -2.418323,     0.004462,
  1629.500,    -3.021895,    -1.744800,     0.006233,
  1629.550,    -4.223626,    -1.435813,     0.008688,
  1629.600,    -5.396544,    -2.146204,     0.008422,
  1629.650,    -6.439158,    -3.579164,     0.007894,
  1629.700,    -7.323922,    -5.007354,     0.008352,
  1629.750,    -7.810996,    -6.289650,     0.009909,
  1629.800,    -8.154310,    -7.321848,     0.009439,
  1629.850,    -8.752415,    -7.916487,     0.010908,
  1629.900,    -9.233707,    -8.401538,     0.007171,
  1629.950,    -9.665460,    -9.063405,     0.000244,
  1630.000,   -10.966355,    -9.528301,     0.001525,
  1630.050,   -13.682737,    -9.995554,     0.001981,
  1630.100,   -17.043061,   -11.552468,     0.004362,
  1630.150,   -20.050791,   -14.581446,     0.003363,
  1630.200,   -22.592604,   -18.110098,     0.000075,
  1630.250,   -24.621971,   -21.159664,     0.002230,
  1630.300,   -25.494524,   -23.552278,     0.001957,
  1630.350,   -24.273652,   -25.200944,    -0.003091,
  1630.400,   -20.177069,   -25.526302,    -0.002706,
  1630.450,   -13.396026,   -23.619052,    -0.005861,
  1630.500,    -5.323248,   -18.819349,    -0.011905,
  1630.550,     2.334767,   -11.499617,    -0.007930,
  1630.600,     8.383116,    -3.149112,    -0.005904,
  1630.650,    12.184702,     4.452853,    -0.005516,
  1630.700,    13.700970,    10.046533,    -0.005864,
  1630.750,    13.182423,    13.060233,    -0.004397,
  1630.800,    11.002932,    13.620158,    -0.000251,
  1630.850,     7.890326,    12.157680,     0.003439,
  1630.900,     4.850932,     9.274574,    -0.003053,
  1630.950,     2.755885,     5.856123,    -0.004288,
  1631.000,     1.881841,     2.993944,     0.000650,
  1631.050,     2.060462,     1.406954,     0.005019,
  1631.100,     2.655925,     1.309775,     0.001408,
  1631.150,     2.886642,     2.395546,     0.008461,
  1631.200,     2.545806,     3.763499,     0.010946,
  1631.250,     2.119695,     4.322650,     0.009874,
  1631.300,     1.704601,     3.926636,     0.012410,
  1631.350,     1.153822,     3.166550,     0.010539,
  1631.400,     0.651960,     2.265575,     0.004513,
  1631.450,     0.468062,     1.160862,     0.004628,
  1631.500,     0.541386,     0.170592,     0.007177,
  1631.550,     0.756211,    -0.376537,     0.004652,
  1631.600,     0.964597,    -0.448203,     0.005252,
  1631.650,     0.992597,    -0.184167,     0.004939,
  1631.700,     0.914406,     0.207198,     0.005882,
  1631.750,     0.958648,     0.439720,     0.001786,
  1631.800,     1.027253,     0.576219,     0.001926,
  1631.850,     1.019537,     0.828175,     0.001536,
  1631.900,     1.072241,     1.151283,    -0.005948,
  1631.950,     1.045573,     1.302174,    -0.006706,
  1632.000,     0.669344,     1.393799,    -0.004916,
  1632.050,    -0.157212,     1.363982,    -0.004487,
  1632.100,    -0.931586,     0.892051,    -0.009406,
  1632.150,    -1.143591,    -0.002850,    -0.002537,
  1632.200,    -0.769321,    -0.749953,    -0.001360,
  1632.250,    -0.257894,    -0.775002,    -0.002263,
  1632.300,    -0.101550,    -0.086435,    -0.002068,
  1632.350,    -0.422575,     0.719788,    -0.003222,
  1632.400,    -0.987885,     0.976297,    -0.004275,
  1632.450,    -1.609830,     0.479779,    -0.001151,
  1632.500,    -2.285817,    -0.447088,    -0.001140,
  1632.550,    -2.977599,    -1.509570,     0.002567,
  1632.600,    -3.333850,    -2.620741,    -0.001843,
  1632.650,    -3.033307,    -3.634282,    -0.001535,
  1632.700,    -2.069339,    -4.182021,    -0.001244,
  1632.750,    -0.751376,    -3.906807,    -0.000871,
  1632.800,     0.637992,    -2.793900,    -0.000999,
  1632.850,     1.810270,    -1.227206,    -0.001907,
  1632.900,     2.591194,     0.409447,     0.004019,
  1632.950,     2.972300,     1.757836,     0.008816,
  1633.000,     2.779021,     2.638111,     0.002391,
  1633.050,     1.925640,     3.037544,     0.001312,
  1633.100,     0.638670,     2.807701,     0.008614,
  1633.150,    -0.464007,     1.846147,     0.003041,
  1633.200,    -0.882261,     0.418482,     0.001609,
  1633.250,    -0.546441,    -0.781082,     0.002533,
  1633.300,     0.107388,    -1.114038,     0.003272,
  1633.350,     0.685999,    -0.548134,     0.001491,
  1633.400,     1.099799,     0.372960,    -0.003933,
  1633.450,     1.506367,     1.093779,    -0.002087,
  1633.500,     1.861592,     1.532629,    -0.002376,
  1633.550,     1.876803,     1.931117,    -0.007168,
  1633.600,     1.438789,     2.205702,    -0.004819,
  1633.650,     0.942004,     2.028786,    -0.004631,
  1633.700,     0.773977,     1.294591,    -0.001330,
  1633.750,     1.038628,     0.509281,     0.000605,
  1633.800,     1.478635,     0.259539,     0.002568,
  1633.850,     1.742640,     0.637703,     0.002390,
  1633.900,     1.900689,     1.288410,    -0.000256,
  1633.950,     2.257185,     1.735328,    -0.002716,
  1634.000,     3.015064,     2.004661,    -0.000112,
  1634.050,     4.022010,     2.524687,     0.003530,
  1634.100,     4.855902,     3.538086,    -0.001367,
  1634.150,     5.049813,     4.817174,     0.005889,
  1634.200,     4.455425,     5.771806,     0.006593,
  1634.250,     3.235949,     5.894634,    -0.001059,
  1634.300,     1.715933,     5.019867,    -0.002383,
  1634.350,     0.351454,     3.374413,     0.002810,
  1634.400,    -0.535359,     1.468931,    -0.001782,
  1634.450,    -0.829555,    -0.234864,    -0.005145,
  1634.500,    -0.548394,    -1.331142,    -0.003353,
  1634.550,     0.159819,    -1.620024,    -0.000218,
  1634.600,     1.063840,    -1.193751,    -0.004145,
  1634.650,     1.722679,    -0.221375,    -0.001596,
  1634.700,     1.924718,     0.944310,    -0.005438,
  1634.750,     1.778135,     1.802740,    -0.006696,
  1634.800,     1.572134,     2.103127,    -0.004218,
  1634.850,     1.285892,     1.980898,    -0.001053,
  1634.900,     0.687490,     1.834150,    -0.001153,
  1634.950,    -0.275497,     1.554471,    -0.006731,
  1635.000,    -1.310966,     0.849765,    -0.005210,
  1635.050,    -2.016479,    -0.364628,     0.001476,
  1635.100,    -2.054527,    -1.647068,    -0.002452,
  1635.150,    -1.419813,    -2.463542,     0.000843,
  1635.200,    -0.500241,    -2.393592,     0.002336,
  1635.250,     0.450489,    -1.539666,     0.003549,
  1635.300,     1.330570,    -0.367061,    -0.001624,
  1635.350,     2.076875,     0.786164,    -0.002534,
  1635.400,     2.554937,     1.800347,     0.000789,
  1635.450,     2.700998,     2.567745,     0.003517,
  1635.500,     2.775369,     2.857418,     0.005947,
  1635.550,     3.148192,     2.729597,     0.002001,
  1635.600,     4.010191,     2.507415,     0.003267,
  1635.650,     5.186750,     2.725166,     0.006177,
  1635.700,     6.354571,     3.536522,     0.003167,
  1635.750,     7.365207,     4.719953,     0.002043,
  1635.800,     8.067571,     5.978758,     0.000072,
  1635.850,     8.211890,     7.139484,     0.004231,
  1635.900,     7.695982,     8.018270,     0.003326,
  1635.950,     6.402373,     8.408722,     0.003820,
  1636.000,     4.349895,     8.099335,    -0.000331,
  1636.050,     1.953955,     6.992960,    -0.003888,
  1636.100,    -0.179370,     5.083596,     0.001194,
  1636.150,    -1.630335,     2.715300,    -0.005203,
  1636.200,    -2.381441,     0.553834,    -0.002614,
  1636.250,    -2.634155,    -0.974464,    -0.004174,
  1636.300,    -2.624519,    -1.866223,    -0.006206,
  1636.350,    -2.450519,    -2.360050,    -0.003037,
  1636.400,    -2.144157,    -2.625182,    -0.000547,
  1636.450,    -1.850099,    -2.683920,    -0.002213,
  1636.500,    -1.669479,    -2.569406,    -0.007704,
  1636.550,    -1.515753,    -2.462354,    -0.002850,
  1636.600,    -1.267608,    -2.381856,    -0.001646,
  1636.650,    -1.022202,    -2.249739,    -0.004633,
  1636.700,    -0.781182,    -1.943175,    -0.002891,
  1636.750,    -0.481075,    -1.563875,    -0.001643,
  1636.800,     0.006516,    -1.173989,    -0.001175,
  1636.850,     0.607228,    -0.740138,    -0.001871,
  1636.900,     1.299995,    -0.124872,     0.005057,
  1636.950,     2.067669,     0.609759,     0.002783,
  1637.000,     2.861948,     1.406203,    -0.000670,
  1637.050,     3.506274,     2.317221,     0.000374,
  1637.100,     3.641663,     3.254949,    -0.002468,
  1637.150,     3.051825,     4.003688,     0.005316,
  1637.200,     1.903191,     4.135708,     0.006834,
  1637.250,     0.604991,     3.405202,     0.001539,
  1637.300,    -0.469275,     1.985505,     0.005591,
  1637.350,    -1.171092,     0.434592,     0.006232,
  1637.400,    -1.376186,    -0.822254,     0.003088,
  1637.450,    -1.078785,    -1.575648,     0.000670,
  1637.500,    -0.360561,    -1.729813,     0.003259,
  1637.550,     0.557157,    -1.255113,     0.001832,
  1637.600,     1.398440,    -0.338612,    -0.002588,
  1637.650,     2.054069,     0.763632,     0.000843,
  1637.700,     2.542569,     1.740224,     0.001354,
  1637.750,     2.879638,     2.460679,     0.001681,
  1637.800,     3.005309,     2.958997,     0.005499,
  1637.850,     2.879724,     3.299934,     0.004404,
  1637.900,     2.625493,     3.385711,     0.003228,
  1637.950,     2.381769,     3.162409,     0.005005,
  1638.000,     2.097694,     2.824086,     0.003328,
  1638.050,     1.712421,     2.523193,    -0.003159,
  1638.100,     1.219856,     2.167881,    -0.001632,
  1638.150,     0.732893,     1.673464,    -0.002548,
  1638.200,     0.439663,     1.097867,    -0.003947,
  1638.250,     0.370019,     0.595649,    -0.001286,
  1638.300,     0.433354,     0.267708,     0.001974,
  1638.350,     0.401416,     0.215812,    -0.000650,
  1638.400,     0.116959,     0.300757,    -0.002960,
  1638.450,    -0.329449,     0.210374,    -0.002016,
  1638.500,    -0.682867,    -0.234144,    -0.004998,
  1638.550,    -0.688816,    -0.859218,    -0.006877,
  1638.600,    -0.355950,    -1.345800,    -0.001718,
  1638.650,     0.182357,    -1.384178,    -0.000020,
  1638.700,     0.961998,    -1.020408,    -0.002445,
  1638.750,     1.964479,    -0.342018,    -0.002332,
  1638.800,     2.927663,     0.725234,    -0.003305,
  1638.850,     3.643095,     2.078701,    -0.003210,
  1638.900,     4.022583,     3.398893,    -0.004575,
  1638.950,     4.077116,     4.392974,    -0.006617,
  1639.000,     3.803310,     4.958612,    -0.001318,
  1639.050,     3.080568,     5.103479,    -0.001623,
  1639.100,     1.850408,     4.824185,    -0.008551,
  1639.150,     0.230897,     3.945542,     0.000172,
  1639.200,    -1.476261,     2.410317,     0.004296,
  1639.250,    -2.891651,     0.343592,     0.004014,
  1639.300,    -3.818984,    -1.854028,     0.000471,
  1639.350,    -4.149791,    -3.661547,     0.003555,
  1639.400,    -3.771274,    -4.850082,     0.006844,
  1639.450,    -2.695314,    -5.255514,     0.005322,
  1639.500,    -1.034279,    -4.758078,     0.002941,
  1639.550,     0.768310,    -3.317165,     0.009593,
  1639.600,     2.255160,    -1.240698,     0.007837,
  1639.650,     3.338951,     1.045305,     0.005542,
  1639.700,     4.062602,     2.943423,    -0.000359,
  1639.750,     4.483685,     4.244858,     0.002713,
  1639.800,     4.414664,     5.100088,     0.005352,
  1639.850,     3.664860,     5.546860,     0.002118,
  1639.900,     2.310297,     5.334418,     0.003727,
  1639.950,     0.617785,     4.304736,     0.003041,
  1640.000,    -0.958136,     2.511987,     0.003699,
  1640.050,    -1.923454,     0.352506,    -0.003751,
  1640.100,    -2.202281,    -1.575325,     0.001858,
  1640.150,    -1.993708,    -2.746470,    -0.000745,
  1640.200,    -1.538188,    -3.031769,    -0.003786,
  1640.250,    -0.989023,    -2.697153,    -0.005736,
  1640.300,    -0.397907,    -2.044046,    -0.008592,
  1640.350,     0.068281,    -1.309203,    -0.003921,
  1640.400,     0.262023,    -0.531349,    -0.004937,
  1640.450,     0.311967,     0.062713,    -0.002786,
  1640.500,     0.447221,     0.293488,    -0.004531,
  1640.550,     0.967654,     0.269254,    -0.001540,
  1640.600,     1.782097,     0.404838,     0.002168,
  1640.650,     2.662226,     1.032106,    -0.000435,
  1640.700,     3.278138,     2.062719,     0.000053,
  1640.750,     3.573755,     3.106748,     0.003762,
  1640.800,     3.600792,     3.840306,     0.004538,
  1640.850,     3.447965,     4.170689,     0.000253,
  1640.900,     2.971306,     4.128747,    -0.004827,
  1640.950,     2.095117,     3.825790,     0.000215,
  1641.000,     1.024005,     3.105605,     0.005661,
  1641.050,     0.144416,     1.919317,     0.008208,
  1641.100,    -0.274772,     0.499471,     0.005204,
  1641.150,    -0.083184,    -0.655401,     0.004388,
  1641.200,     0.670239,    -1.180790,     0.001457,
  1641.250,     1.821717,    -0.932680,     0.001570,
  1641.300,     3.293224,     0.065962,    -0.000623,
  1641.350,     4.807768,     1.640657,     0.000242,
  1641.400,     6.044473,     3.587384,     0.000561,
  1641.450,     6.516061,     5.627009,    -0.004390,
  1641.500,     5.909880,     7.283995,    -0.004224,
  1641.550,     4.447704,     7.929273,     0.000748,
  1641.600,     2.716044,     7.229707,    -0.004711,
  1641.650,     1.164991,     5.437746,     0.001195,
  1641.700,    -0.168105,     3.255428,     0.000879,
  1641.750,    -1.356950,     1.287893,    -0.000518,
  1641.800,    -2.216730,    -0.430065,     0.001299,
  1641.850,    -2.400252,    -1.912394,     0.000575,
  1641.900,    -2.045277,    -2.921142,    -0.005125,
  1641.950,    -1.509438,    -3.164518,    -0.008492,
  1642.000,    -1.206043,    -2.711609,    -0.008253,
  1642.050,    -1.187807,    -2.023525,    -0.000138,
  1642.100,    -1.390293,    -1.612473,     0.002060,
  1642.150,    -1.641950,    -1.626222,    -0.000760,
  1642.200,    -1.726885,    -1.895577,    -0.001377,
  1642.250,    -1.415233,    -2.231396,     0.005626,
  1642.300,    -0.552104,    -2.317654,     0.005615,
  1642.350,     0.937486,    -1.902629,     0.000978,
  1642.400,     2.808671,    -0.786280,     0.000375,
  1642.450,     4.560210,     1.129492,     0.003784,
  1642.500,     5.740712,     3.499094,     0.002338,
  1642.550,     5.912968,     5.749574,    -0.003601,
  1642.600,     4.966077,     7.199591,    -0.002757,
  1642.650,     3.217006,     7.364164,     0.000512,
  1642.700,     1.108282,     6.108811,     0.000443,
  1642.750,    -0.854866,     3.760737,     0.000002,
  1642.800,    -2.421204,     1.035424,     0.000256,
  1642.850,    -3.558318,    -1.500944,     0.003860,
  1642.900,    -4.039493,    -3.580921,     0.003185,
  1642.950,    -3.533174,    -5.075783,    -0.001253,
  1643.000,    -1.788189,    -5.654107,    -0.003146,
  1643.050,     0.865783,    -4.892246,    -0.002347,
  1643.100,     3.792550,    -2.572867,    -0.000336,
  1643.150,     6.193286,     0.931624,     0.005230,
  1643.200,     7.513098,     4.734468,     0.001969,
  1643.250,     7.531943,     7.863014,     0.002168,
  1643.300,     6.259083,     9.581584,     0.001735,
  1643.350,     3.987466,     9.571676,     0.001163,
  1643.400,     1.262224,     7.899424,     0.002265,
  1643.450,    -1.313840,     4.949290,     0.001455,
  1643.500,    -3.142099,     1.389123,     0.006772,
  1643.550,    -3.948556,    -1.934049,     0.006072,
  1643.600,    -3.856587,    -4.311451,    -0.002338,
  1643.650,    -3.286492,    -5.354010,    -0.002162,
  1643.700,    -2.624141,    -5.268690,     0.000657,
  1643.750,    -1.908665,    -4.557273,     0.000404,
  1643.800,    -1.091188,    -3.695180,     0.000317,
  1643.850,    -0.194876,    -2.738433,     0.008641,
  1643.900,     0.591791,    -1.598857,     0.001357,
  1643.950,     1.160180,    -0.426964,     0.000768,
  1644.000,     1.620716,     0.606600,     0.004520,
  1644.050,     2.005169,     1.409146,     0.000976,
  1644.100,     2.336362,     2.057791,    -0.004288,
  1644.150,     2.510121,     2.602047,    -0.002403,
  1644.200,     2.520965,     3.052287,     0.002008,
  1644.250,     2.458104,     3.248419,     0.000526,
  1644.300,     2.286696,     3.271796,    -0.005258,
  1644.350,     1.921031,     3.133470,    -0.005611,
  1644.400,     1.264011,     2.880073,    -0.008470,
  1644.450,     0.201861,     2.369453,    -0.003213,
  1644.500,    -1.089168,     1.468208,    -0.003958,
  1644.550,    -2.376490,     0.140516,    -0.003787,
  1644.600,    -3.456870,    -1.456805,     0.000259,
  1644.650,    -4.093303,    -3.080571,     0.002618,
  1644.700,    -3.998037,    -4.479910,     0.003549,
  1644.750,    -3.018850,    -5.262017,     0.001063,
  1644.800,    -1.332148,    -5.094079,    -0.001388,
  1644.850,     0.673216,    -3.856473,     0.002283,
  1644.900,     2.655815,    -1.698483,     0.006417,
  1644.950,     4.336654,     0.847717,     0.008300,
  1645.000,     5.470601,     3.351845,    -0.000407,
  1645.050,     5.764373,     5.478878,     0.002425,
  1645.100,     5.058961,     6.879348,     0.005772,
  1645.150,     3.485914,     7.193092,     0.005817,
  1645.200,     1.601557,     6.209300,     0.003880,
  1645.250,    -0.105108,     4.192611,    -0.000168,
  1645.300,    -1.295860,     1.729110,     0.004026,
  1645.350,    -1.840374,    -0.502945,     0.004226,
  1645.400,    -1.692161,    -2.066343,    -0.000567,
  1645.450,    -0.943771,    -2.800311,    -0.002351,
  1645.500,     0.141267,    -2.672023,    -0.000367,
  1645.550,     1.136814,    -1.756019,    -0.003356,
  1645.600,     1.750599,    -0.414681,    -0.003720,
  1645.650,     1.934010,     0.885057,    -0.006322,
  1645.700,     1.822519,     1.681047,    -0.002322,
  1645.750,     1.648953,     1.914041,    -0.006897,
  1645.800,     1.637752,     1.801556,    -0.004831,
  1645.850,     1.758049,     1.604196,    -0.007333,
  1645.900,     1.957939,     1.597945,    -0.010618,
  1645.950,     2.199424,     1.796716,    -0.006352,
  1646.000,     2.511159,     2.086455,    -0.008206,
  1646.050,     2.881188,     2.404416,    -0.009089,
  1646.100,     3.105972,     2.883028,    -0.000443,
  1646.150,     2.890958,     3.470125,     0.001656,
  1646.200,     1.951890,     3.800494,    -0.001518,
  1646.250,     0.441101,     3.519708,     0.003978,
  1646.300,    -1.163882,     2.324408,     0.005167,
  1646.350,    -2.437049,     0.377733,     0.009151,
  1646.400,    -3.263434,    -1.639211,     0.005333,
  1646.450,    -3.665798,    -3.273408,     0.005472,
  1646.500,    -3.425375,    -4.368732,     0.004572,
  1646.550,    -2.196693,    -4.902630,     0.006201,
  1646.600,    -0.002264,    -4.539004,     0.007121,
  1646.650,     2.641055,    -2.895854,     0.010909,
  1646.700,     4.972870,    -0.051166,     0.009678,
  1646.750,     6.389911,     3.371334,     0.003528,
  1646.800,     6.651032,     6.374152,     0.006769,
  1646.850,     5.839734,     8.159886,     0.006884,
  1646.900,     4.245249,     8.407146,     0.002933,
  1646.950,     2.212606,     7.260378,    -0.002214,
  1647.000,     0.033516,     5.100806,    -0.001405,
  1647.050,    -1.829723,     2.369490,    -0.002293,
  1647.100,    -2.829798,    -0.467867,    -0.003408,
  1647.150,    -2.738048,    -2.881076,    -0.001680,
  1647.200,    -1.720572,    -4.160517,    -0.007406,
  1647.250,    -0.295518,    -4.009448,    -0.012613,
  1647.300,     1.143926,    -2.728079,    -0.008936,
  1647.350,     2.330246,    -0.931201,    -0.006422,
  1647.400,     3.119503,     0.907262,    -0.007990,
  1647.450,     3.257311,     2.466837,    -0.011629,
  1647.500,     2.718779,     3.419829,    -0.004191,
  1647.550,     1.722570,     3.613173,    -0.005944,
  1647.600,     0.755680,     2.940241,    -0.003576,
  1647.650,     0.353002,     1.733533,    -0.000796,
  1647.700,     0.592575,     0.600073,    -0.002000,
  1647.750,     1.205654,     0.106117,    -0.002246,
  1647.800,     1.767086,     0.398465,     0.001893,
  1647.850,     2.118890,     1.138148,     0.008299,
  1647.900,     2.198001,     1.833618,     0.001811,
  1647.950,     2.030262,     2.254569,    -0.002666,
  1648.000,     1.625123,     2.366573,     0.004817,
  1648.050,     1.068037,     2.160168,     0.008102,
  1648.100,     0.490357,     1.678289,     0.009607,
  1648.150,     0.033907,     1.088022,     0.007755,
  1648.200,    -0.304412,     0.468325,     0.011021,
  1648.250,    -0.360005,    -0.085080,     0.008121,
  1648.300,    -0.031251,    -0.424321,     0.004777,
  1648.350,     0.551860,    -0.445310,     0.004797,
  1648.400,     1.280978,    -0.052121,     0.002001,
  1648.450,     2.047967,     0.676347,     0.008958,
  1648.500,     2.693620,     1.592305,     0.001098,
  1648.550,     2.988888,     2.568017,    -0.005586,
  1648.600,     2.649354,     3.345554,    -0.005599,
  1648.650,     1.616372,     3.660376,    -0.004292,
  1648.700,     0.268980,     3.156357,    -0.007963,
  1648.750,    -0.836572,     1.812877,    -0.003990,
  1648.800,    -1.280796,     0.100915,    -0.006280,
  1648.850,    -1.134237,    -1.311793,    -0.006541,
  1648.900,    -0.640343,    -1.930688,    -0.005677,
  1648.950,     0.082637,    -1.794235,    -0.002327,
  1649.000,     0.952154,    -1.199253,    -0.001460,
  1649.050,     1.884679,    -0.342031,    -0.005714,
  1649.100,     2.624292,     0.771827,     0.001348,
  1649.150,     2.903019,     1.928787,     0.004593,
  1649.200,     2.711783,     2.813558,     0.007688,
  1649.250,     2.250057,     3.133130,     0.001650,
  1649.300,     1.656538,     2.861016,    -0.000828,
  1649.350,     1.159111,     2.236333,     0.001263,
  1649.400,     0.821913,     1.521251,     0.000330,
  1649.450,     0.723705,     0.906289,    -0.001307,
  1649.500,     0.962601,     0.542241,     0.001900,
  1649.550,     1.442048,     0.529363,     0.003632,
  1649.600,     1.968045,     0.919639,     0.001998,
  1649.650,     2.356453,     1.593277,     0.006258,
  1649.700,     2.430301,     2.286626,     0.000285,
  1649.750,     2.135318,     2.769640,     0.003982,
  1649.800,     1.580097,     2.829136,     0.009310,
  1649.850,     0.932085,     2.390700,     0.008082,
  1649.900,     0.439362,     1.623867,     0.006072,
  1649.950,     0.168433,     0.734181,     0.010697,
  1650.000,     0.172055,     0.053056,     0.007755,
  1650.050,     0.558422,    -0.300182,     0.002869,
  1650.100,     1.267977,    -0.330311,     0.002661,
  1650.150,     2.120624,     0.160527,    -0.000391,
  1650.200,     2.935484,     1.115636,    -0.004176,
  1650.250,     3.596506,     2.248310,     0.000788,
  1650.300,     4.012520,     3.317872,    -0.001410,
  1650.350,     4.004648,     4.218050,    -0.009210,
  1650.400,     3.311543,     4.802698,    -0.005428,
  1650.450,     1.961212,     4.799560,    -0.004711,
  1650.500,     0.223642,     3.937437,    -0.003673,
  1650.550,    -1.445390,     2.234988,    -0.001525,
  1650.600,    -2.667063,     0.093360,    -0.006012,
  1650.650,    -3.173877,    -1.962899,    -0.002912,
  1650.700,    -2.785137,    -3.475688,    -0.001290,
  1650.750,    -1.550352,    -4.036231,    -0.005054,
  1650.800,     0.050631,    -3.473809,    -0.001638,
  1650.850,     1.383060,    -1.886582,     0.001697,
  1650.900,     2.091994,     0.126319,    -0.005340,
  1650.950,     2.112286,     1.818449,     0.000874,
  1651.000,     1.687301,     2.693813,     0.000779,
  1651.050,     1.042638,     2.733047,     0.000028,
  1651.100,     0.226834,     2.152289,    -0.000466,
  1651.150,    -0.623901,     1.258361,     0.000664,
  1651.200,    -1.313117,     0.158188,    -0.001595,
  1651.250,    -1.602680,    -0.942973,     0.005966,
  1651.300,    -1.547294,    -1.804075,     0.001421,
  1651.350,    -1.106100,    -2.231281,     0.001592,
  1651.400,    -0.325462,    -2.134919,     0.002509,
  1651.450,     0.596971,    -1.592647,     0.002807,
  1651.500,     1.321667,    -0.586536,     0.002953,
  1651.550,     1.605908,     0.569924,     0.003395,
  1651.600,     1.497055,     1.485851,     0.006549,
  1651.650,     1.156486,     1.863712,     0.002370,
  1651.700,     0.679923,     1.731539,     0.000445,
  1651.750,     0.350462,     1.275343,     0.008474,
  1651.800,     0.330216,     0.735871,     0.002317,
  1651.850,     0.725619,     0.323951,     0.003686,
  1651.900,     1.334136,     0.344839,    -0.000029,
  1651.950,     1.820579,     0.881324,     0.003605,
  1652.000,     2.078395,     1.640736,     0.002818,
  1652.050,     2.107631,     2.277143,     0.000601,
  1652.100,     1.826904,     2.580827,     0.000733,
  1652.150,     1.262501,     2.568938,    -0.000498,
  1652.200,     0.402456,     2.170394,    -0.003154,
  1652.250,    -0.433128,     1.352140,    -0.000588,
  1652.300,    -0.895295,     0.204674,    -0.000360,
  1652.350,    -0.655533,    -0.882404,     0.001267,
  1652.400,     0.199813,    -1.414204,    -0.003894,
  1652.450,     1.289400,    -1.075575,    -0.005145,
  1652.500,     2.208246,     0.051595,    -0.000798,
  1652.550,     2.776202,     1.459865,     0.001578,
  1652.600,     2.944201,     2.605237,    -0.002894,
  1652.650,     2.763754,     3.283422,    -0.000416,
  1652.700,     2.133933,     3.466495,    -0.001074,
  1652.750,     1.171169,     3.142623,     0.001478,
  1652.800,     0.078827,     2.283277,     0.001402,
  1652.850,    -0.876626,     0.979266,     0.001820,
  1652.900,    -1.370837,    -0.404800,    -0.003001,
  1652.950,    -1.386142,    -1.550247,    -0.000623,
  1653.000,    -1.005101,    -2.182721,     0.003614,
  1653.050,    -0.390902,    -2.153554,    -0.000457,
  1653.100,     0.420198,    -1.634214,    -0.003505,
  1653.150,     1.384213,    -0.797085,     0.004256,
  1653.200,     2.333194,     0.248118,    -0.000341,
  1653.250,     2.990221,     1.459119,     0.005402,
  1653.300,     3.223278,     2.663853,    -0.001366,
  1653.350,     3.085934,     3.522087,     0.003942,
  1653.400,     2.714239,     3.822955,     0.007385,
  1653.450,     2.210314,     3.637938,     0.001955,
  1653.500,     1.674764,     3.161850,    -0.000567,
  1653.550,     1.181763,     2.520111,     0.001530,
  1653.600,     0.940619,     1.814874,    -0.001611,
  1653.650,     1.053890,     1.234400,    -0.004918,
  1653.700,     1.497336,     0.964248,    -0.003241,
  1653.750,     2.017847,     1.153447,    -0.000073,
  1653.800,     2.222288,     1.694563,     0.001951,
  1653.850,     1.985387,     2.303654,     0.003091,
  1653.900,     1.383465,     2.495366,     0.001055,
  1653.950,     0.622339,     2.154924,     0.003296,
  1654.000,    -0.078283,     1.370564,     0.004099,
  1654.050,    -0.505585,     0.382061,     0.000692,
  1654.100,    -0.480484,    -0.531363,    -0.003416,
  1654.150,     0.012012,    -1.062805,    -0.000126,
  1654.200,     0.815111,    -1.035515,    -0.002251,
  1654.250,     1.796201,    -0.385731,    -0.001735,
  1654.300,     2.778245,     0.691815,    -0.003985,
  1654.350,     3.502405,     1.933382,    -0.006403,
  1654.400,     3.786608,     3.167818,    -0.004292,
  1654.450,     3.581162,     4.040509,    -0.003899,
  1654.500,     3.078317,     4.375167,     0.000031,
  1654.550,     2.405774,     4.107046,    -0.002646,
  1654.600,     1.599496,     3.441271,    -0.001763,
  1654.650,     0.630471,     2.591825,    -0.001717,
  1654.700,    -0.337054,     1.536290,     0.000322,
  1654.750,    -1.029332,     0.339489,    -0.005584,
  1654.800,    -1.275168,    -0.839023,    -0.001881,
  1654.850,    -1.146430,    -1.675263,     0.002387,
  1654.900,    -0.728949,    -1.996982,     0.001567,
  1654.950,    -0.116982,    -1.820432,     0.006888,
  1655.000,     0.718365,    -1.270407,     0.005927,
  1655.050,     1.675076,    -0.493290,     0.000344,
  1655.100,     2.527804,     0.607018,     0.004308,
  1655.150,     3.078774,     1.841395,     0.002231,
  1655.200,     3.350198,     2.976855,     0.008929,
  1655.250,     3.349776,     3.762788,     0.004812,
  1655.300,     3.102230,     4.141734,     0.003683,
  1655.350,     2.631274,     4.145293,     0.005060,
  1655.400,     1.875327,     3.864822,     0.001843,
  1655.450,     0.867652,     3.244388,     0.002098,
  1655.500,    -0.172653,     2.195073,     0.005872,
  1655.550,    -0.908774,     0.900733,     0.002120,
  1655.600,    -1.243156,    -0.429988,    -0.000264,
  1655.650,    -1.183787,    -1.408666,     0.002067,
  1655.700,    -0.952296,    -1.807847,     0.000281,
  1655.750,    -0.651030,    -1.769096,    -0.006638,
  1655.800,    -0.283396,    -1.473016,    -0.002590,
  1655.850,     0.214931,    -1.085380,    -0.005388,
  1655.900,     0.829921,    -0.577102,    -0.003019,
  1655.950,     1.530970,     0.080463,    -0.001916,
  1656.000,     2.282196,     0.942668,    -0.004326,
  1656.050,     2.957395,     1.876642,    -0.002998,
  1656.100,     3.408848,     2.847501,    -0.000003,
  1656.150,     3.387869,     3.721898,    -0.002606,
  1656.200,     2.754947,     4.248206,    -0.003563,
  1656.250,     1.653725,     4.202214,     0.002737,
  1656.300,     0.406861,     3.353246,     0.000487,
  1656.350,    -0.656166,     1.916903,     0.000466,
  1656.400,    -1.342496,     0.319465,     0.000683,
  1656.450,    -1.761237,    -1.015867,     0.003015,
  1656.500,    -1.911523,    -1.926385,     0.006024,
  1656.550,    -1.895722,    -2.433142,     0.002995,
  1656.600,    -1.800665,    -2.618615,     0.005967,
  1656.650,    -1.621955,    -2.587156,     0.006152,
  1656.700,    -1.261907,    -2.401076,     0.005491,
  1656.750,    -0.629661,    -2.161640,     0.007214,
  1656.800,     0.244349,    -1.677688,     0.013261,
  1656.850,     1.206304,    -0.860168,     0.002214,
  1656.900,     2.023900,     0.249309,     0.003518,
  1656.950,     2.461457,     1.487038,     0.001983,
  1657.000,     2.439654,     2.530050,    -0.006392,
  1657.050,     2.009682,     3.091155,     0.001305,
  1657.100,     1.393367,     3.094993,     0.002404,
  1657.150,     0.718333,     2.552871,     0.001166,
  1657.200,     0.127124,     1.766720,    -0.004722,
  1657.250,    -0.245365,     0.884781,    -0.000097,
  1657.300,    -0.451379,     0.133546,    -0.007313,
  1657.350,    -0.412692,    -0.366438,    -0.008169,
  1657.400,    -0.230049,    -0.600281,    -0.009022,
  1657.450,     0.113121,    -0.555912,    -0.009172,
  1657.500,     0.393677,    -0.281646,    -0.000016,
  1657.550,     0.489786,     0.095342,     0.000119,
  1657.600,     0.388475,     0.421960,     0.000525,
  1657.650,     0.261320,     0.527875,     0.002907,
  1657.700,     0.365425,     0.364514,     0.001636,
  1657.750,     0.658374,     0.217246,     0.003215,
  1657.800,     1.069426,     0.330583,     0.004939,
  1657.850,     1.461005,     0.759865,     0.005817,
  1657.900,     1.731343,     1.271932,     0.006911,
  1657.950,     1.765531,     1.754661,     0.006131,
  1658.000,     1.561510,     2.053071,     0.006233,
  1658.050,     1.185198,     2.051475,     0.009451,
  1658.100,     0.802429,     1.749968,     0.002644,
  1658.150,     0.476882,     1.257728,     0.003071,
  1658.200,     0.218105,     0.738166,     0.006408,
  1658.250,    -0.039081,     0.284834,     0.003729,
  1658.300,    -0.115444,    -0.112484,    -0.000203,
  1658.350,    -0.012558,    -0.434638,     0.001818,
  1658.400,     0.273180,    -0.599247,    -0.002622,
  1658.450,     0.625380,    -0.513607,     0.000132,
  1658.500,     1.128962,    -0.238587,    -0.001418,
  1658.550,     1.907284,     0.133237,    -0.006904,
  1658.600,     3.043213,     0.732043,    -0.008554,
  1658.650,     4.452564,     1.685146,    -0.007444,
  1658.700,     5.751882,     3.120261,    -0.004019,
  1658.750,     6.560443,     4.878546,    -0.003789,
  1658.800,     6.676606,     6.469332,    -0.001629,
  1658.850,     6.159543,     7.482532,    -0.004382,
  1658.900,     5.213725,     7.620730,    -0.002546,
  1658.950,     4.130522,     6.938656,    -0.004566,
  1659.000,     3.077103,     5.741972,     0.003718,
  1659.050,     2.157866,     4.359323,     0.004061,
  1659.100,     1.540153,     2.981788,     0.003818,
  1659.150,     1.299439,     1.775527,     0.004191,
  1659.200,     1.441748,     0.980509,     0.005313,
  1659.250,     1.799176,     0.699717,     0.004167,
  1659.300,     2.168728,     0.885243,     0.008442,
  1659.350,     2.572425,     1.351445,     0.003257,
  1659.400,     3.005183,     1.931611,     0.007423,
  1659.450,     3.354066,     2.507167,     0.002712,
  1659.500,     3.488856,     3.134061,     0.005645,
  1659.550,     3.212955,     3.689834,     0.007396,
  1659.600,     2.680306,     3.875714,    -0.000661,
  1659.650,     2.048664,     3.622396,     0.003058,
  1659.700,     1.344626,     3.076737,     0.003856,
  1659.750,     0.466081,     2.395314,     0.001197,
  1659.800,    -0.562999,     1.571273,     0.001246,
  1659.850,    -1.548168,     0.503013,     0.003063,
  1659.900,    -2.320160,    -0.738879,    -0.003208,
  1659.950,    -2.702962,    -1.913048,    -0.004054,
  1660.000,    -2.739129,    -2.798245,    -0.004855,
  1660.050,    -2.462318,    -3.224781,     0.001510,
  1660.100,    -1.968680,    -3.221053,    -0.000413,
  1660.150,    -1.425518,    -2.804620,    -0.006281,
  1660.200,    -0.947900,    -2.148245,    -0.002080,
  1660.250,    -0.613596,    -1.410656,    -0.003708,
  1660.300,    -0.391346,    -0.797256,    -0.001354,
  1660.350,    -0.277823,    -0.388298,     0.001156,
  1660.400,    -0.322358,    -0.171309,     0.000361,
  1660.450,    -0.246406,    -0.143347,     0.002609,
  1660.500,     0.011019,    -0.234229,     0.003725,
  1660.550,     0.597959,    -0.228577,     0.002550,
  1660.600,     1.244812,     0.068801,     0.003635,
  1660.650,     1.728583,     0.701912,     0.003456,
  1660.700,     1.801859,     1.453997,     0.003306,
  1660.750,     1.598439,     1.984452,     0.009231,
  1660.800,     1.270059,     2.009002,     0.006034,
  1660.850,     1.012298,     1.682645,     0.000283,
  1660.900,     0.838622,     1.189318,    -0.003677,
  1660.950,     0.880172,     0.793602,    -0.001354,
  1661.000,     1.200431,     0.557561,    -0.002406,
  1661.050,     1.830084,     0.544060,    -0.003051,
  1661.100,     2.594666,     0.916237,     0.001345,
  1661.150,     3.166911,     1.670847,     0.002439,
  1661.200,     3.384717,     2.608497,    -0.004703,
  1661.250,     3.225658,     3.331257,     0.000224,
  1661.300,     2.918257,     3.644647,     0.002945,
  1661.350,     2.574008,     3.527449,    -0.003374,
  1661.400,     2.217160,     3.179844,     0.001097,
  1661.450,     1.725601,     2.787319,     0.003869,
  1661.500,     1.159531,     2.367567,     0.002895,
  1661.550,     0.714169,     1.812792,     0.000479,
  1661.600,     0.532665,     1.181724,     0.000273,
  1661.650,     0.463725,     0.711117,    -0.003680,
  1661.700,     0.309054,     0.530947,     0.002497,
  1661.750,    -0.053814,     0.488361,     0.001011,
  1661.800,    -0.510265,     0.321276,     0.002237,
  1661.850,    -0.949309,    -0.099044,     0.000922,
  1661.900,    -1.361710,    -0.638216,    -0.000157,
  1661.950,    -1.744186,    -1.168492,     0.002248,
  1662.000,    -2.122484,    -1.642323,    -0.000804,
  1662.050,    -2.362046,    -2.128541,    -0.000734,
  1662.100,    -2.286290,    -2.609287,    -0.002742,
  1662.150,    -1.798083,    -2.854005,     0.001951,
  1662.200,    -0.964486,    -2.758244,    -0.002196,
  1662.250,     0.030008,    -2.142191,    -0.000663,
  1662.300,     0.930612,    -1.104436,    -0.000398,
  1662.350,     1.576914,     0.149055,    -0.004284,
  1662.400,     1.960302,     1.298726,    -0.003307,
  1662.450,     2.046419,     2.152069,    -0.001368,
  1662.500,     1.757213,     2.652522,     0.001355,
  1662.550,     1.134637,     2.712479,    -0.004001,
  1662.600,     0.244969,     2.335582,    -0.003940,
  1662.650,    -0.656004,     1.505367,    -0.003449,
  1662.700,    -1.282717,     0.331977,    -0.002766,
  1662.750,    -1.393879,    -0.850503,     0.003860,
  1662.800,    -1.069194,    -1.663087,     0.001449,
  1662.850,    -0.377755,    -1.851653,     0.006396,
  1662.900,     0.503085,    -1.462013,     0.010748,
  1662.950,     1.404741,    -0.657694,     0.002939,
  1663.000,     2.045625,     0.470056,     0.001382,
  1663.050,     2.218126,     1.611680,     0.004910,
  1663.100,     1.898163,     2.417804,     0.007116,
  1663.150,     1.311359,     2.618604,     0.007855,
  1663.200,     0.773426,     2.236875,     0.001393,
  1663.250,     0.333317,     1.566728,     0.004304,
  1663.300,    -0.016212,     0.909070,     0.001834,
  1663.350,    -0.297074,     0.335290,    -0.001225,
  1663.400,    -0.450041,    -0.128584,    -0.001165,
  1663.450,    -0.359111,    -0.489109,    -0.003984,
  1663.500,    -0.138600,    -0.683536,    -0.003942,
  1663.550,     0.179183,    -0.652590,    -0.002467,
  1663.600,     0.561438,    -0.385626,    -0.008391,
  1663.650,     0.942905,    -0.017839,    -0.004913,
  1663.700,     1.190597,     0.444444,    -0.005061,
  1663.750,     1.281383,     0.892524,    -0.006277,
  1663.800,     1.149271,     1.193859,    -0.004800,
  1663.850,     0.893766,     1.264822,    -0.004358,
  1663.900,     0.763032,     1.118718,    -0.001817,
  1663.950,     0.806980,     0.847465,    -0.003967,
  1664.000,     1.085637,     0.643507,    -0.001979,
  1664.050,     1.481144,     0.751317,    -0.000347,
  1664.100,     1.972338,     1.032894,    -0.002580,
  1664.150,     2.515513,     1.532328,    -0.001088,
  1664.200,     3.048637,     2.102100,     0.003570,
  1664.250,     3.489676,     2.741598,     0.005832,
  1664.300,     3.809528,     3.404021,     0.003198,
  1664.350,     4.107696,     3.894127,     0.004140,
  1664.400,     4.389761,     4.234944,    -0.000383,
  1664.450,     4.718393,     4.445565,     0.004590,
  1664.500,     4.975644,     4.695064,     0.003460,
  1664.550,     5.166907,     4.922722,     0.008322,
  1664.600,     5.490482,     5.032285,     0.006803,
  1664.650,     6.074573,     5.117767,     0.007104,
  1664.700,     6.833833,     5.328032,     0.005634,
  1664.750,     7.484287,     5.959065,     0.000728,
  1664.800,     7.678071,     6.803674,    -0.002733,
  1664.850,     7.474141,     7.490072,     0.001214,
  1664.900,     7.047990,     7.701104,    -0.001796,
  1664.950,     6.537606,     7.466733,     0.000575,
  1665.000,     5.959931,     7.052562,    -0.007152,
  1665.050,     5.318897,     6.525639,    -0.002164,
  1665.100,     4.804041,     5.904659,    -0.009103,
  1665.150,     4.545285,     5.249139,    -0.007000,
  1665.200,     4.419968,     4.756499,    -0.011897,
  1665.250,     4.221130,     4.576828,    -0.006422,
  1665.300,     3.820217,     4.564673,    -0.005007,
  1665.350,     3.175497,     4.464241,    -0.004590,
  1665.400,     2.340352,     4.136214,    -0.001404,
  1665.450,     1.278559,     3.484737,    -0.000097,
  1665.500,     0.128116,     2.536612,     0.000504,
  1665.550,    -0.975774,     1.379757,    -0.000641,
  1665.600,    -1.952926,     0.066283,     0.001890,
  1665.650,    -2.634195,    -1.190168,     0.003360,
  1665.700,    -2.989616,    -2.290469,    -0.001272,
  1665.750,    -2.964822,    -3.057807,     0.007164,
  1665.800,    -2.676897,    -3.343942,     0.008333,
  1665.850,    -2.276465,    -3.233995,     0.009541,
  1665.900,    -1.997326,    -2.801798,     0.009266,
  1665.950,    -2.006138,    -2.240085,     0.007549,
  1666.000,    -2.341516,    -1.840208,     0.012605,
  1666.050,    -2.898573,    -1.816641,     0.009658,
  1666.100,    -3.582908,    -2.159055,     0.012239,
  1666.150,    -4.343274,    -2.810039,     0.004622,
  1666.200,    -4.958838,    -3.625061,     0.006167,
  1666.250,    -5.316663,    -4.496968,     0.001212,
  1666.300,    -5.249183,    -5.200080,    -0.002073,
  1666.350,    -4.770645,    -5.598534,    -0.002117,
  1666.400,    -4.111786,    -5.491304,    -0.005653,
  1666.450,    -3.333927,    -4.919563,    -0.006283,
  1666.500,    -2.596776,    -4.049773,    -0.004520,
  1666.550,    -1.984641,    -3.068452,    -0.006230,
  1666.600,    -1.715190,    -2.156278,    -0.007918,
  1666.650,    -1.944905,    -1.446474,    -0.005562,
  1666.700,    -2.715904,    -1.194588,    -0.006543,
  1666.750,    -3.799284,    -1.559614,    -0.007439,
  1666.800,    -4.784221,    -2.610727,    -0.009938,
  1666.850,    -5.262437,    -4.017934,    -0.003090,
  1666.900,    -5.081488,    -5.278189,    -0.003765,
  1666.950,    -4.330573,    -5.879807,     0.002516,
  1667.000,    -3.216437,    -5.673035,    -0.001307,
  1667.050,    -1.992339,    -4.734952,     0.001023,
  1667.100,    -0.981145,    -3.323569,     0.006393,
  1667.150,    -0.392720,    -1.801270,     0.012386,
  1667.200,    -0.325723,    -0.609589,     0.006461,
  1667.250,    -0.555862,     0.036913,     0.014729,
  1667.300,    -0.804000,     0.033841,     0.010075,
  1667.350,    -0.771235,    -0.348014,     0.010593,
  1667.400,    -0.455733,    -0.789643,     0.010429,
  1667.450,     0.075563,    -0.890134,     0.008411,
  1667.500,     0.676925,    -0.600818,     0.005378,
  1667.550,     1.242254,    -0.031359,     0.001631,
  1667.600,     1.789918,     0.591116,     0.005377,
  1667.650,     2.275287,     1.222721,     0.001671,
  1667.700,     2.703454,     1.755580,    -0.001228,
  1667.750,     3.095087,     2.199291,    -0.002615,
  1667.800,     3.523052,     2.543486,    -0.007461,
  1667.850,     4.089291,     2.887557,    -0.009786,
  1667.900,     4.797497,     3.308350,    -0.009077,
  1667.950,     5.625546,     3.920214,    -0.007791,
  1668.000,     6.430010,     4.728247,    -0.010222,
  1668.050,     7.052368,     5.719417,    -0.011859,
  1668.100,     7.467429,     6.709065,    -0.016422,
  1668.150,     7.774760,     7.467423,    -0.011714,
  1668.200,     7.995360,     7.970446,    -0.009639,
  1668.250,     8.095077,     8.313012,    -0.007415,
  1668.300,     7.823219,     8.562235,    -0.007800,
  1668.350,     7.037644,     8.631434,    -0.002306,
  1668.400,     5.871513,     8.193162,     0.002557,
  1668.450,     4.706362,     7.142518,     0.006244,
  1668.500,     3.779846,     5.719724,     0.010115,
  1668.550,     3.140198,     4.280513,     0.007395,
  1668.600,     2.849053,     3.139489,     0.012370,
  1668.650,     2.942872,     2.404705,     0.016481,
  1668.700,     3.413402,     2.141270,     0.014989,
  1668.750,     4.048821,     2.421571,     0.013252,
  1668.800,     4.465442,     3.134096,     0.010470,
  1668.850,     4.596150,     4.018293,     0.009305,
  1668.900,     4.386087,     4.675298,     0.005306,
  1668.950,     3.971264,     4.926007,     0.009561,
  1669.000,     3.269540,     4.776860,     0.001525,
  1669.050,     2.353621,     4.290919,     0.000005,
  1669.100,     1.434834,     3.477075,    -0.005712,
  1669.150,     0.758197,     2.435359,    -0.003879,
  1669.200,     0.438017,     1.399322,    -0.006464,
  1669.250,     0.410328,     0.704683,    -0.009537,
  1669.300,     0.469395,     0.384288,    -0.009117,
  1669.350,     0.479768,     0.402077,    -0.012902,
  1669.400,     0.476687,     0.480567,    -0.015628,
  1669.450,     0.423976,     0.503144,    -0.012652,
  1669.500,     0.349154,     0.467499,    -0.010398,
  1669.550,     0.171105,     0.427364,    -0.009411,
  1669.600,    -0.068052,     0.342480,    -0.009596,
  1669.650,    -0.226037,     0.136505,    -0.006263,
  1669.700,    -0.314716,    -0.118072,    -0.003930,
  1669.750,    -0.294176,    -0.314044,    -0.004209,
  1669.800,    -0.202627,    -0.345427,     0.001263,
  1669.850,     0.001538,    -0.283695,     0.004832,
  1669.900,     0.320887,    -0.104249,     0.011527,
  1669.950,     0.623163,     0.193024,     0.010739,
  1670.000,     0.812113,     0.620873,     0.011471,
  1670.050,     0.699237,     1.022045,     0.013379,
  1670.100,     0.223683,     1.255514,     0.009190,
  1670.150,    -0.557614,     1.085880,     0.005365,
  1670.200,    -1.535617,     0.484390,     0.007299,
  1670.250,    -2.600198,    -0.519557,     0.000964,
  1670.300,    -3.528956,    -1.744034,     0.002352,
  1670.350,    -4.131971,    -3.052837,     0.006863,
  1670.400,    -4.087541,    -4.192625,    -0.001637,
  1670.450,    -3.441140,    -4.871893,    -0.003192,
  1670.500,    -2.365126,    -4.825682,    -0.005080,
  1670.550,    -1.066841,    -4.000582,    -0.004182,
  1670.600,     0.211282,    -2.658568,    -0.006394,
  1670.650,     1.376027,    -1.071755,    -0.005383,
  1670.700,     2.261239,     0.485978,    -0.001079,
  1670.750,     2.682168,     1.894552,    -0.004334,
  1670.800,     2.599765,     2.933516,    -0.005549,
  1670.850,     2.077104,     3.411537,    -0.004762,
  1670.900,     1.342562,     3.192661,    -0.006814,
  1670.950,     0.588464,     2.448630,    -0.000291,
  1671.000,    -0.016727,     1.430026,    -0.002345,
  1671.050,    -0.380916,     0.408478,    -0.000518,
  1671.100,    -0.404501,    -0.451436,    -0.002307,
  1671.150,    -0.054458,    -0.960817,     0.001922,
  1671.200,     0.580409,    -1.060193,     0.006266,
  1671.250,     1.292621,    -0.663694,     0.001741,
  1671.300,     1.957103,     0.062822,     0.000736,
  1671.350,     2.550883,     0.883004,     0.009799,
  1671.400,     3.086116,     1.683465,     0.007194,
  1671.450,     3.567489,     2.433776,     0.005388,
  1671.500,     4.081129,     3.137004,     0.004520,
  1671.550,     4.664876,     3.789860,     0.005275,
  1671.600,     5.220972,     4.497620,     0.002533,
  1671.650,     5.465729,     5.222535,     0.003116,
  1671.700,     5.306037,     5.901816,     0.001791,
  1671.750,     4.792128,     6.195639,    -0.001052,
  1671.800,     4.093008,     5.981187,    -0.004669,
  1671.850,     3.261427,     5.335014,     0.006275,
  1671.900,     2.350211,     4.410735,     0.000505,
  1671.950,     1.397183,     3.321650,    -0.003279,
  1672.000,     0.571760,     2.132569,    -0.007301,
  1672.050,     0.004383,     0.935982,    -0.005272,
  1672.100,    -0.261174,    -0.097018,    -0.002088,
  1672.150,    -0.133204,    -0.778452,    -0.001740,
  1672.200,     0.445702,    -1.038260,    -0.008847,
  1672.250,     1.478653,    -0.783239,    -0.005144,
  1672.300,     2.789463,     0.004783,     0.001082,
  1672.350,     4.016962,     1.387401,     0.003028,
  1672.400,     4.742921,     3.077046,    -0.001752,
  1672.450,     4.829679,     4.595813,    -0.002965,
  1672.500,     4.264816,     5.531017,    -0.000672,
  1672.550,     3.237310,     5.600975,     0.006210,
  1672.600,     1.931868,     4.902975,     0.005957,
  1672.650,     0.721760,     3.582044,     0.000242,
  1672.700,    -0.257354,     1.961807,     0.004384,
  1672.750,    -0.868637,     0.388899,     0.002513,
  1672.800,    -1.113965,    -0.792903,    -0.000419,
  1672.850,    -1.037427,    -1.559035,    -0.000751,
  1672.900,    -0.666513,    -1.835454,     0.004903,
  1672.950,    -0.125487,    -1.664866,     0.003808,
  1673.000,     0.401767,    -1.176190,     0.001452,
  1673.050,     0.818954,    -0.496011,     0.002979,
  1673.100,     1.125095,     0.210725,    -0.001910,
  1673.150,     1.313519,     0.794993,     0.001673,
  1673.200,     1.369430,     1.214705,    -0.000387,
  1673.250,     1.437849,     1.474065,    -0.003042,
  1673.300,     1.480413,     1.639771,    -0.006089,
  1673.350,     1.569111,     1.766697,    -0.003237,
  1673.400,     1.659141,     1.904042,    -0.001456,
  1673.450,     1.661351,     2.052326,    -0.000194,
  1673.500,     1.558564,     2.186667,    -0.002627,
  1673.550,     1.324741,     2.189667,     0.001030,
  1673.600,     0.933299,     2.027777,    -0.001516,
  1673.650,     0.378913,     1.665004,    -0.004192,
  1673.700,    -0.279492,     1.127236,     0.002270,
  1673.750,    -0.986808,     0.401514,     0.002496,
  1673.800,    -1.594804,    -0.456556,     0.003996,
  1673.850,    -2.058235,    -1.329903,     0.005640,
  1673.900,    -2.234744,    -2.109243,     0.000639,
  1673.950,    -1.959400,    -2.672158,     0.002553,
  1674.000,    -1.263875,    -2.853025,     0.003540,
  1674.050,    -0.310318,    -2.533091,     0.003859,
  1674.100,     0.716642,    -1.651755,     0.001562,
  1674.150,     1.654468,    -0.453523,     0.002385,
  1674.200,     2.441614,     0.815121,     0.001357,
  1674.250,     2.865437,     1.977493,     0.002193,
  1674.300,     2.771232,     2.902698,     0.006171,
  1674.350,     2.249869,     3.339133,     0.006894,
  1674.400,     1.583959,     3.147577,     0.004187,
  1674.450,     1.093325,     2.474950,     0.000947,
  1674.500,     0.780861,     1.639727,     0.004213,
  1674.550,     0.655746,     0.968594,     0.001148,
  1674.600,     0.573731,     0.576112,     0.003501,
  1674.650,     0.614705,     0.331323,     0.001905,
  1674.700,     0.749124,     0.255601,    -0.002160,
  1674.750,     0.984879,     0.251998,     0.001030,
  1674.800,     1.169442,     0.431632,    -0.000632,
  1674.850,     1.353885,     0.652575,    -0.004208,
  1674.900,     1.612113,     0.917843,    -0.001754,
  1674.950,     1.985964,     1.179706,     0.004533,
  1675.000,     2.318338,     1.596654,    -0.002695,
  1675.050,     2.468270,     2.116539,     0.001296,
  1675.100,     2.359801,     2.621316,    -0.001250,
  1675.150,     2.016228,     2.884645,     0.000403,
  1675.200,     1.513991,     2.842668,     0.003303,
  1675.250,     0.907111,     2.499815,    -0.000665,
  1675.300,     0.247577,     1.903486,     0.006801,
  1675.350,    -0.443237,     1.192339,     0.004023,
  1675.400,    -1.132740,     0.383384,    -0.004712,
  1675.450,    -1.706969,    -0.486416,    -0.007079,
  1675.500,    -2.136441,    -1.358856,     0.001647,
  1675.550,    -2.396646,    -2.050295,    -0.001117,
  1675.600,    -2.512038,    -2.544545,     0.001856,
  1675.650,    -2.439122,    -2.818688,     0.004180,
  1675.700,    -2.142662,    -2.911071,     0.003963,
  1675.750,    -1.623521,    -2.789953,     0.003202,
  1675.800,    -0.968839,    -2.338151,     0.003123,
  1675.850,    -0.359300,    -1.632665,     0.000505,
  1675.900,     0.050045,    -0.815731,    -0.002078,
  1675.950,     0.184145,    -0.039722,     0.000022,
  1676.000,     0.104280,     0.452451,    -0.003871,
  1676.050,    -0.152471,     0.631833,     0.002425,
  1676.100,    -0.458793,     0.429057,     0.004092,
  1676.150,    -0.716404,     0.003875,     0.005827,
  1676.200,    -0.745563,    -0.524078,    -0.001265,
  1676.250,    -0.396946,    -0.917231,    -0.000960,
  1676.300,     0.334396,    -1.026849,     0.002638,
  1676.350,     1.266073,    -0.739511,    -0.001276,
  1676.400,     2.285089,     0.061564,     0.001231,
  1676.450,     3.168224,     1.136488,     0.002849,
  1676.500,     3.743070,     2.296843,    -0.002880,
  1676.550,     4.014289,     3.266982,     0.001912,
  1676.600,     4.034489,     3.877250,     0.001426,
  1676.650,     4.006088,     4.110587,    -0.003916,
  1676.700,     3.927886,     4.057056,    -0.004156,
  1676.750,     3.814488,     3.970703,     0.002519,
  1676.800,     3.634409,     3.885809,    -0.002693,
  1676.850,     3.411753,     3.751709,    -0.001965,
  1676.900,     3.175511,     3.606453,    -0.001509,
  1676.950,     2.821173,     3.419206,     0.000539,
  1677.000,     2.302301,     3.220927,     0.001156,
  1677.050,     1.570189,     2.897958,     0.002739,
  1677.100,     0.750570,     2.428987,     0.002875,
  1677.150,    -0.107026,     1.723588,     0.005584,
  1677.200,    -0.898540,     0.860726,     0.012094,
  1677.250,    -1.608759,    -0.001927,     0.002983,
  1677.300,    -2.313776,    -0.804428,    -0.000992,
  1677.350,    -2.966151,    -1.520904,     0.003000,
  1677.400,    -3.559181,    -2.226664,     0.004739,
  1677.450,    -3.954353,    -2.926704,    -0.002873,
  1677.500,    -4.007299,    -3.610735,     0.003710,
  1677.550,    -3.693602,    -4.025894,     0.001064,
  1677.600,    -3.032513,    -4.085726,     0.002950,
  1677.650,    -2.176206,    -3.749417,    -0.002623,
  1677.700,    -1.273500,    -3.089105,     0.002400,
  1677.750,    -0.368235,    -2.255187,    -0.003261,
  1677.800,     0.537022,    -1.326156,    -0.002447,
  1677.850,     1.321964,    -0.414525,    -0.001395,
  1677.900,     1.991954,     0.452047,    -0.000683,
  1677.950,     2.570192,     1.215503,    -0.004039,
  1678.000,     3.043156,     1.867822,    -0.002708,
  1678.050,     3.344797,     2.447132,     0.002479,
  1678.100,     3.466131,     2.946269,    -0.000276,
  1678.150,     3.275122,     3.329762,     0.003124,
  1678.200,     2.798012,     3.461490,     0.000414,
  1678.250,     2.140099,     3.286942,    -0.003080,
  1678.300,     1.407420,     2.820437,     0.003321,
  1678.350,     0.632655,     2.110837,    -0.000489,
  1678.400,    -0.136466,     1.350681,     0.000039,
  1678.450,    -0.818242,     0.545600,     0.002007,
  1678.500,    -1.359100,    -0.254601,     0.000303,
  1678.550,    -1.586048,    -0.950069,    -0.001662,
  1678.600,    -1.542954,    -1.446930,    -0.000755,
  1678.650,    -1.266857,    -1.623106,     0.001093,
  1678.700,    -0.871583,    -1.444168,    -0.000422,
  1678.750,    -0.409395,    -1.059323,     0.001352,
  1678.800,     0.054528,    -0.542013,     0.003820,
  1678.850,     0.451176,    -0.018378,     0.005674,
  1678.900,     0.752172,     0.425745,     0.001297,
  1678.950,     0.918213,     0.790540,     0.005072,
  1679.000,     0.981644,     0.984693,     0.000607,
  1679.050,     1.014636,     1.013227,     0.001997,
  1679.100,     1.155133,     0.944345,    -0.002023,
  1679.150,     1.345816,     0.879909,    -0.001600,
  1679.200,     1.470031,     0.987428,     0.001995,
  1679.250,     1.508593,     1.153498,    -0.003707,
  1679.300,     1.412472,     1.336168,     0.001442,
  1679.350,     1.256411,     1.444655,     0.003982,
  1679.400,     1.119024,     1.384619,    -0.001556,
  1679.450,     1.007449,     1.276190,     0.001425,
  1679.500,     0.842093,     1.151998,    -0.003499,
  1679.550,     0.552218,     1.036389,     0.001890,
  1679.600,     0.236244,     0.822260,    -0.001422,
  1679.650,     0.031346,     0.489344,    -0.002971,
  1679.700,    -0.021278,     0.111605,    -0.000461,
  1679.750,     0.177636,    -0.136383,     0.001789,
  1679.800,     0.589188,    -0.183329,     0.004982,
  1679.850,     1.168033,     0.089244,     0.003436,
  1679.900,     1.892906,     0.565430,     0.002006,
  1679.950,     2.658766,     1.250601,    -0.003754,
  1680.000,     3.332167,     2.055370,     0.001732,
  1680.050,     3.762009,     2.926242,     0.004108,
  1680.100,     3.822681,     3.609281,     0.001981,
  1680.150,     3.748319,     3.957772,    -0.003598,
  1680.200,     3.675897,     3.925172,     0.002998,
  1680.250,     3.790009,     3.677354,     0.006797,
  1680.300,     3.971162,     3.490739,    -0.000483,
  1680.350,     4.071808,     3.503816,     0.001793,
  1680.400,     3.987136,     3.660714,     0.006712,
  1680.450,     3.770730,     3.784592,     0.002756,
  1680.500,     3.361747,     3.824643,    -0.001661,
  1680.550,     2.713763,     3.731541,     0.004966,
  1680.600,     1.810588,     3.510038,     0.004786,
  1680.650,     0.676296,     2.993122,     0.002264,
  1680.700,    -0.414211,     2.112110,     0.001928,
  1680.750,    -1.210128,     1.024903,    -0.004313,
  1680.800,    -1.629102,    -0.076396,    -0.002290,
  1680.850,    -1.694005,    -0.928485,     0.002665,
  1680.900,    -1.418223,    -1.375108,    -0.000986,
  1680.950,    -0.905315,    -1.509035,    -0.004259,
  1681.000,    -0.182083,    -1.330337,    -0.004493,
  1681.050,     0.499220,    -0.869043,    -0.000252,
  1681.100,     1.042785,    -0.272924,    -0.000302,
  1681.150,     1.411587,     0.316817,     0.002428,
  1681.200,     1.657523,     0.762311,     0.001850,
  1681.250,     1.878530,     1.087771,    -0.002739,
  1681.300,     2.069901,     1.309974,     0.005703,
  1681.350,     2.253917,     1.551823,     0.002600,
  1681.400,     2.450990,     1.865516,    -0.001486,
  1681.450,     2.585966,     2.190166,    -0.003002,
  1681.500,     2.603114,     2.495474,     0.000896,
  1681.550,     2.566285,     2.731245,    -0.000717,
  1681.600,     2.512770,     2.832177,    -0.002239,
  1681.650,     2.397011,     2.826116,     0.000975,
  1681.700,     2.176484,     2.733490,     0.000432,
  1681.750,     1.862306,     2.577436,     0.001823,
  1681.800,     1.485758,     2.285596,     0.000847,
  1681.850,     1.096634,     1.884823,     0.003029,
  1681.900,     0.759188,     1.385372,     0.002487,
  1681.950,     0.560457,     0.872870,     0.002216,
  1682.000,     0.480935,     0.476956,    -0.002868,
  1682.050,     0.501300,     0.241674,    -0.002287,
  1682.100,     0.621527,     0.182498,    -0.003863,
  1682.150,     0.843195,     0.282745,    -0.005089,
  1682.200,     1.062085,     0.487860,    -0.000728,
  1682.250,     1.278614,     0.765049,     0.000783,
  1682.300,     1.504727,     1.076061,    -0.000042,
  1682.350,     1.756382,     1.345877,     0.001680,
  1682.400,     2.056006,     1.614656,    -0.001301,
  1682.450,     2.314740,     1.934996,    -0.001905,
  1682.500,     2.445384,     2.317847,    -0.000191,
  1682.550,     2.404419,     2.571037,     0.000373,
  1682.600,     2.269031,     2.715450,    -0.002172,
  1682.650,     2.040520,     2.695597,     0.000528,
  1682.700,     1.790611,     2.511846,     0.002997,
  1682.750,     1.486532,     2.259730,     0.005693,
  1682.800,     1.161107,     1.937984,     0.003180,
  1682.850,     0.878310,     1.593883,     0.006599,
  1682.900,     0.668499,     1.197974,     0.004432,
  1682.950,     0.494235,     0.856578,    -0.001362,
  1683.000,     0.415855,     0.591795,     0.004021,
  1683.050,     0.387332,     0.388310,    -0.000708,
  1683.100,     0.420153,     0.239085,    -0.000205,
  1683.150,     0.582638,     0.154335,    -0.007479,
  1683.200,     0.883581,     0.169285,    -0.003108,
  1683.250,     1.308869,     0.348151,     0.002156,
  1683.300,     1.767333,     0.705455,    -0.001912,
  1683.350,     2.131585,     1.189040,    -0.002647,
  1683.400,     2.318996,     1.704080,    -0.006584,
  1683.450,     2.296343,     2.117921,    -0.004254,
  1683.500,     2.191270,     2.352159,    -0.003114,
  1683.550,     2.074036,     2.378809,    -0.007359,
  1683.600,     1.914918,     2.300817,    -0.002259,
  1683.650,     1.681112,     2.207273,    -0.006019,
  1683.700,     1.336639,     2.084502,    -0.002698,
  1683.750,     0.891027,     1.861927,     0.000179,
  1683.800,     0.318809,     1.496297,    -0.002838,
  1683.850,    -0.257675,     0.958744,    -0.000750,
  1683.900,    -0.821597,     0.295860,     0.002195,
  1683.950,    -1.278787,    -0.417423,     0.001212,
  1684.000,    -1.491784,    -1.076099,     0.001132,
  1684.050,    -1.321863,    -1.664791,     0.003007,
  1684.100,    -0.771898,    -1.881292,     0.003567,
  1684.150,     0.003925,    -1.641991,     0.005613,
  1684.200,     0.797976,    -0.908922,     0.003565,
  1684.250,     1.482536,     0.057908,     0.006876,
  1684.300,     2.013299,     1.052434,     0.001031,
  1684.350,     2.396520,     1.909970,     0.003665,
  1684.400,     2.577557,     2.528583,     0.003231,
  1684.450,     2.654352,     2.910504,     0.001212,
  1684.500,     2.622460,     3.039462,     0.000730,
  1684.550,     2.520407,     2.959035,    -0.005422,
  1684.600,     2.357238,     2.770499,     0.002378,
  1684.650,     2.045734,     2.537622,     0.002027,
  1684.700,     1.580111,     2.230924,    -0.006836,
  1684.750,     1.003514,     1.831384,    -0.004364,
  1684.800,     0.420357,     1.285302,    -0.005202,
  1684.850,    -0.074396,     0.667263,    -0.008808,
  1684.900,    -0.373434,     0.041377,    -0.002122,
  1684.950,    -0.428290,    -0.428136,    -0.005800,
  1685.000,    -0.228632,    -0.708761,    -0.000428,
  1685.050,     0.232245,    -0.672982,     0.000330,
  1685.100,     0.805259,    -0.345578,    -0.006530,
  1685.150,     1.442068,     0.219219,    -0.004919,
  1685.200,     2.062404,     0.930121,     0.001550,
  1685.250,     2.491777,     1.662913,     0.002366,
  1685.300,     2.576151,     2.336706,    -0.000013,
  1685.350,     2.331079,     2.790813,    -0.000932,
  1685.400,     1.854057,     2.837893,     0.004724,
  1685.450,     1.361494,     2.526431,     0.008600,
  1685.500,     0.950104,     1.958973,     0.009591,
  1685.550,     0.636635,     1.391149,     0.009682,
  1685.600,     0.410258,     0.930255,     0.005897,
  1685.650,     0.225092,     0.562372,     0.007079,
  1685.700,     0.141523,     0.322827,     0.006694,
  1685.750,     0.132859,     0.155830,     0.007867,
  1685.800,     0.101384,     0.091455,    -0.000382,
  1685.850,    -0.005296,     0.074935,     0.001165,
  1685.900,     0.013740,     0.001193,     0.001081,
  1685.950,     0.110088,    -0.119799,     0.000776,
  1686.000,     0.372750,    -0.162694,    -0.007091,
  1686.050,     0.728602,    -0.039735,    -0.002744,
  1686.100,     1.059637,     0.280877,    -0.000992,
  1686.150,     1.308986,     0.692554,    -0.004618,
  1686.200,     1.540927,     1.156741,    -0.011287,
  1686.250,     1.625717,     1.552242,    -0.001131,
  1686.300,     1.511828,     1.866623,     0.002988,
  1686.350,     1.197084,     2.019688,    -0.001090,
  1686.400,     0.638608,     1.916365,    -0.002277,
  1686.450,     0.026154,     1.485783,    -0.002345,
  1686.500,    -0.503232,     0.797933,     0.001501,
  1686.550,    -0.865992,     0.052865,    -0.002150,
  1686.600,    -0.984802,    -0.647351,     0.000881,
  1686.650,    -0.930823,    -1.141138,    -0.001684,
  1686.700,    -0.638629,    -1.368795,     0.001164,
  1686.750,    -0.095681,    -1.369090,     0.000438,
  1686.800,     0.636818,    -1.112459,     0.000282,
  1686.850,     1.438563,    -0.498849,     0.006225,
  1686.900,     2.122401,     0.373076,    -0.000885,
  1686.950,     2.599444,     1.343611,     0.004018,
  1687.000,     2.804678,     2.220433,     0.008825,
  1687.050,     2.769722,     2.790095,     0.002793,
  1687.100,     2.538448,     3.106945,     0.007407,
  1687.150,     2.087217,     3.106982,     0.005060,
  1687.200,     1.520057,     2.837052,     0.008044,
  1687.250,     0.942861,     2.304517,     0.004700,
  1687.300,     0.453069,     1.643385,    -0.001377,
  1687.350,     0.040234,     0.972145,     0.001084,
  1687.400,    -0.230481,     0.364439,     0.002977,
  1687.450,    -0.450059,    -0.127680,    -0.003596,
  1687.500,    -0.686172,    -0.449573,    -0.000223,
  1687.550,    -0.976359,    -0.711068,    -0.001854,
  1687.600,    -1.223894,    -0.992829,    -0.001102,
  1687.650,    -1.237642,    -1.319799,     0.003061,
  1687.700,    -0.942660,    -1.571145,    -0.004083,
  1687.750,    -0.333149,    -1.542420,    -0.000775,
  1687.800,     0.477954,    -1.101569,     0.005509,
  1687.850,     1.379483,    -0.308003,    -0.000376,
  1687.900,     2.134990,     0.731242,    -0.002178,
  1687.950,     2.595122,     1.850057,    -0.002529,
  1688.000,     2.656817,     2.753399,    -0.000949,
  1688.050,     2.364575,     3.277598,     0.005170,
  1688.100,     1.869219,     3.297298,     0.001282,
  1688.150,     1.267844,     2.876221,     0.003082,
  1688.200,     0.659322,     2.170375,     0.000696,
  1688.250,     0.104268,     1.313024,     0.006195,
  1688.300,    -0.305876,     0.451004,    -0.002076,
  1688.350,    -0.456558,    -0.335147,    -0.001265,
  1688.400,    -0.343347,    -0.889231,     0.002542,
  1688.450,    -0.048404,    -1.064746,     0.000735,
  1688.500,     0.372301,    -0.932000,     0.004842,
  1688.550,     0.858774,    -0.535668,     0.002841,
  1688.600,     1.266423,     0.061993,     0.004247,
  1688.650,     1.504399,     0.744836,     0.005792,
  1688.700,     1.432601,     1.357723,     0.005385,
  1688.750,     1.108115,     1.764261,     0.004871,
  1688.800,     0.547403,     1.791242,     0.002976,
  1688.850,    -0.068515,     1.478882,    -0.000799,
  1688.900,    -0.614032,     0.900863,    -0.000097,
  1688.950,    -0.971740,     0.198671,    -0.001919,
  1689.000,    -1.035442,    -0.468450,    -0.002663,
  1689.050,    -0.824137,    -0.949988,     0.000154,
  1689.100,    -0.445625,    -1.127342,    -0.000237,
  1689.150,     0.046939,    -0.955192,     0.001723,
  1689.200,     0.523989,    -0.573804,     0.000636,
  1689.250,     0.901849,    -0.082558,     0.002027,
  1689.300,     1.124680,     0.400849,    -0.000308,
  1689.350,     1.181090,     0.783911,     0.004386,
  1689.400,     1.099739,     0.997937,    -0.004012,
  1689.450,     0.948344,     1.060174,    -0.000417,
  1689.500,     0.836775,     1.013047,     0.002435,
  1689.550,     0.896283,     0.894100,     0.004072,
  1689.600,     1.150720,     0.862166,     0.002209,
  1689.650,     1.547755,     1.000874,     0.002331,
  1689.700,     1.933692,     1.370165,     0.004113,
  1689.750,     2.185479,     1.888734,     0.000322,
  1689.800,     2.219096,     2.335326,     0.003370,
  1689.850,     2.043879,     2.624466,     0.004809,
  1689.900,     1.668827,     2.627302,     0.001761,
  1689.950,     1.143856,     2.330004,     0.005534,
  1690.000,     0.495625,     1.838481,    -0.002583,
  1690.050,    -0.129248,     1.136360,    -0.003390,
  1690.100,    -0.625900,     0.332646,    -0.004557,
  1690.150,    -0.880164,    -0.448915,     0.000295,
  1690.200,    -0.861731,    -1.072448,    -0.000184,
  1690.250,    -0.577962,    -1.405867,    -0.003071,
  1690.300,    -0.088044,    -1.384308,     0.001188,
  1690.350,     0.563741,    -1.002613,    -0.005211,
  1690.400,     1.235534,    -0.369327,     0.000266,
  1690.450,     1.848262,     0.414418,     0.002106,
  1690.500,     2.342980,     1.264879,     0.000528,
  1690.550,     2.614100,     2.078002,     0.004637,
  1690.600,     2.598399,     2.690379,     0.009354,
  1690.650,     2.345382,     3.037519,     0.002224,
  1690.700,     1.962115,     3.023940,     0.001421,
  1690.750,     1.507385,     2.709839,     0.000724,
  1690.800,     1.138897,     2.242089,    -0.000214,
  1690.850,     0.847269,     1.670260,     0.002667,
  1690.900,     0.643890,     1.163267,     0.002039,
  1690.950,     0.566200,     0.768299,     0.003114,
  1691.000,     0.478343,     0.473777,     0.000806,
  1691.050,     0.438192,     0.285832,     0.005523,
  1691.100,     0.433551,     0.203289,     0.001260,
  1691.150,     0.503667,     0.125032,     0.000901,
  1691.200,     0.695155,     0.156049,    -0.001290,
  1691.250,     1.042438,     0.241990,     0.000528,
  1691.300,     1.512729,     0.509349,     0.002954,
  1691.350,     2.000670,     0.941554,     0.003739,
  1691.400,     2.498558,     1.529320,    -0.000021,
  1691.450,     2.903870,     2.191168,    -0.000189,
  1691.500,     3.165017,     2.827658,     0.002538,
  1691.550,     3.141815,     3.378861,     0.002603,
  1691.600,     2.752680,     3.692797,    -0.002155,
  1691.650,     2.027016,     3.624742,    -0.001173,
  1691.700,     1.055868,     3.149624,    -0.002102,
  1691.750,     0.008225,     2.228937,     0.001385,
  1691.800,    -0.815915,     1.063858,    -0.004788,
  1691.850,    -1.353295,    -0.152253,    -0.000343,
  1691.900,    -1.496902,    -1.174209,     0.002428,
  1691.950,    -1.178879,    -1.791788,    -0.001664,
  1692.000,    -0.501460,    -1.923481,    -0.001114,
  1692.050,     0.370053,    -1.494760,     0.003551,
  1692.100,     1.223939,    -0.672926,     0.002074,
  1692.150,     1.909390,     0.363339,    -0.002416,
  1692.200,     2.280377,     1.363359,     0.001066,
  1692.250,     2.285801,     2.160327,     0.004213,
  1692.300,     2.015127,     2.568445,     0.003191,
  1692.350,     1.583429,     2.533085,     0.003410,
  1692.400,     1.102452,     2.142730,     0.000834,
  1692.450,     0.775010,     1.538134,     0.002863,
  1692.500,     0.632556,     0.980385,     0.002048,
  1692.550,     0.692215,     0.587184,     0.001604,
  1692.600,     0.826354,     0.442132,     0.001872,
  1692.650,     0.894038,     0.574560,    -0.000433,
  1692.700,     0.952393,     0.747681,    -0.002272,
  1692.750,     0.987685,     0.841796,     0.002538,
  1692.800,     0.997635,     0.932781,     0.001365,
  1692.850,     0.967684,     0.984177,    -0.005460,
  1692.900,     0.877094,     1.003946,    -0.004177,
  1692.950,     0.735608,     0.929122,    -0.002715,
  1693.000,     0.704446,     0.783914,    -0.001696,
  1693.050,     0.831196,     0.672512,     0.002206,
  1693.100,     1.084487,     0.662233,     0.004283,
  1693.150,     1.446755,     0.801518,    -0.002689,
  1693.200,     1.776961,     1.125919,    -0.002892,
  1693.250,     2.006795,     1.556513,    -0.002283,
  1693.300,     2.171309,     1.945138,    -0.001771,
  1693.350,     2.178872,     2.242532,    -0.002970,
  1693.400,     2.031683,     2.400666,     0.001045,
  1693.450,     1.765055,     2.426737,     0.003065,
  1693.500,     1.354103,     2.266734,     0.000481,
  1693.550,     0.904105,     1.909553,     0.006756,
  1693.600,     0.463430,     1.422311,     0.007985,
  1693.650,     0.099588,     0.873087,     0.003072,
  1693.700,    -0.059896,     0.341281,     0.007422,
  1693.750,     0.031426,    -0.081404,     0.003060,
  1693.800,     0.347412,    -0.283392,    -0.003950,
  1693.850,     0.766048,    -0.165438,     0.007559,
  1693.900,     1.096565,     0.235648,     0.009845,
  1693.950,     1.238768,     0.712439,     0.000855,
  1694.000,     1.098197,     1.100583,     0.005584,
  1694.050,     0.767146,     1.220353,     0.001220,
  1694.100,     0.409272,     1.020043,     0.000117,
  1694.150,     0.181092,     0.663621,     0.001997,
  1694.200,     0.134916,     0.307127,    -0.000480,
  1694.250,     0.245662,     0.061134,     0.002761,
  1694.300,     0.436866,     0.025835,    -0.001990,
  1694.350,     0.675919,     0.154167,    -0.002204,
  1694.400,     0.874441,     0.422037,    -0.001842,
  1694.450,     1.009548,     0.740911,    -0.002918,
  1694.500,     0.969978,     1.024193,    -0.009623,
  1694.550,     0.765464,     1.136833,    -0.003606,
  1694.600,     0.500317,     1.020943,    -0.004908,
  1694.650,     0.362424,     0.736161,    -0.000959,
  1694.700,     0.307132,     0.438248,    -0.002128,
  1694.750,     0.280908,     0.248550,    -0.002357,
  1694.800,     0.312232,     0.179645,    -0.006324,
  1694.850,     0.400183,     0.195447,     0.000031,
  1694.900,     0.582711,     0.282804,    -0.006096,
  1694.950,     0.822559,     0.461654,    -0.001805,
  1695.000,     0.975104,     0.742957,     0.003633,
  1695.050,     0.992108,     1.025701,     0.001904,
  1695.100,     0.827508,     1.259097,     0.003698,
  1695.150,     0.472354,     1.238673,    -0.000693,
  1695.200,     0.052631,     0.976320,     0.003622,
  1695.250,    -0.328170,     0.506294,     0.004337,
  1695.300,    -0.597818,    -0.005801,     0.002273,
  1695.350,    -0.739587,    -0.496504,     0.005439,
  1695.400,    -0.720173,    -0.819703,     0.004227,
  1695.450,    -0.495965,    -0.989628,     0.001036,
  1695.500,    -0.152287,    -0.954995,     0.003243,
  1695.550,     0.288333,    -0.679936,     0.001635,
  1695.600,     0.696625,    -0.241350,     0.005303,
  1695.650,     1.004817,     0.298546,    -0.000153,
  1695.700,     1.136362,     0.761163,    -0.005512,
  1695.750,     1.118768,     1.142690,     0.002466,
  1695.800,     0.945899,     1.287671,    -0.000135,
  1695.850,     0.595929,     1.216640,    -0.001257,
  1695.900,     0.183822,     0.942684,     0.002193,
  1695.950,    -0.175125,     0.518857,     0.000078,
  1696.000,    -0.372598,     0.016242,    -0.000078,
  1696.050,    -0.316572,    -0.420836,     0.004529,
  1696.100,     0.022824,    -0.652076,    -0.001208,
  1696.150,     0.547959,    -0.530327,     0.002051,
  1696.200,     1.049900,    -0.100584,     0.000884,
  1696.250,     1.406354,     0.537141,    -0.003111,
  1696.300,     1.536176,     1.170117,     0.001235,
  1696.350,     1.398058,     1.612779,    -0.001739,
  1696.400,     1.118927,     1.746676,    -0.006536,
  1696.450,     0.725928,     1.612897,    -0.002094,
  1696.500,     0.340760,     1.228865,    -0.004522,
  1696.550,     0.100603,     0.726397,    -0.007471,
  1696.600,     0.049981,     0.259011,    -0.000606,
  1696.650,     0.123533,    -0.063428,     0.000692,
  1696.700,     0.271886,    -0.152744,    -0.005453,
  1696.750,     0.508536,    -0.072411,    -0.004885,
  1696.800,     0.730320,     0.120159,     0.001060,
  1696.850,     0.997048,     0.423928,     0.001436,
  1696.900,     1.223585,     0.709750,     0.001145,
  1696.950,     1.441243,     1.026023,    -0.000951,
  1697.000,     1.557418,     1.315422,    -0.002231,
  1697.050,     1.620488,     1.543624,     0.001725,
  1697.100,     1.628359,     1.707006,     0.008068,
  1697.150,     1.537841,     1.788889,     0.004844,
  1697.200,     1.429450,     1.776160,    -0.001874,
  1697.250,     1.328210,     1.690371,    -0.001343,
  1697.300,     1.230574,     1.527791,     0.000022,
  1697.350,     1.192211,     1.330025,     0.001183,
  1697.400,     1.249131,     1.178847,     0.001823,
  1697.450,     1.329597,     1.114457,     0.000646,
  1697.500,     1.470348,     1.147654,     0.001057,
  1697.550,     1.526548,     1.260431,     0.007185,
  1697.600,     1.477000,     1.396614,     0.006941,
  1697.650,     1.271607,     1.472952,     0.001055,
  1697.700,     1.029943,     1.368465,     0.005617,
  1697.750,     0.873293,     1.130898,     0.007058,
  1697.800,     0.957360,     0.844827,     0.002398,
  1697.850,     1.206682,     0.674545,     0.003251,
  1697.900,     1.586770,     0.771067,     0.002881,
  1697.950,     2.004578,     1.108862,     0.001589,
  1698.000,     2.353050,     1.613853,    -0.001363,
  1698.050,     2.532100,     2.130295,     0.003207,
  1698.100,     2.429785,     2.564848,     0.000841,
  1698.150,     2.030817,     2.775530,    -0.000439,
  1698.200,     1.509300,     2.623393,     0.001784,
  1698.250,     1.097999,     2.157658,     0.004116,
  1698.300,     0.816829,     1.523636,    -0.001753,
  1698.350,     0.687753,     0.982200,    -0.000486,
  1698.400,     0.702080,     0.644066,     0.000532,
  1698.450,     0.826122,     0.527354,     0.000945,
  1698.500,     1.007459,     0.545730,    -0.001213,
  1698.550,     1.220523,     0.742787,    -0.004198,
  1698.600,     1.381707,     0.995847,    -0.003636,
  1698.650,     1.435923,     1.265533,    -0.000002,
  1698.700,     1.394465,     1.474968,    -0.005717,
  1698.750,     1.300382,     1.525778,    -0.001737,
  1698.800,     1.206327,     1.514488,     0.000110,
  1698.850,     1.157921,     1.456610,    -0.001316,
  1698.900,     1.050015,     1.369822,     0.001150,
  1698.950,     0.885981,     1.291055,     0.002419,
  1699.000,     0.740405,     1.147038,    -0.000755,
  1699.050,     0.679057,     0.943440,     0.002679,
  1699.100,     0.763243,     0.729823,     0.000454,
  1699.150,     0.967588,     0.651807,     0.001681,
  1699.200,     1.095271,     0.766728,     0.006871,
  1699.250,     1.062637,     0.959094,     0.006529,
  1699.300,     0.866211,     1.079285,     0.005102,
  1699.350,     0.508252,     1.017662,     0.003565,
  1699.400,     0.054186,     0.750040,     0.001660,
  1699.450,    -0.370836,     0.296059,    -0.000638,
  1699.500,    -0.681889,    -0.227596,    -0.000210,
  1699.550,    -0.727916,    -0.738272,     0.000746,
  1699.600,    -0.468415,    -1.066399,     0.001834,
  1699.650,     0.071799,    -1.086662,    -0.001494,
  1699.700,     0.769368,    -0.732967,    -0.003227,
  1699.750,     1.469065,    -0.047674,     0.001565,
  1699.800,     2.015311,     0.839081,    -0.004574,
  1699.850,     2.324968,     1.752978,     0.002935,
  1699.900,     2.402150,     2.450384,     0.000503,
  1699.950,     2.178939,     2.840175,     0.000901,
  1700.000,     1.778406,     2.866925,    -0.003096,
  1700.050,     1.258026,     2.536581,    -0.004159,
  1700.100,     0.753106,     1.955277,    -0.003741,
  1700.150,     0.463112,     1.258269,    -0.001602,
  1700.200,     0.362791,     0.631063,     0.001903,
  1700.250,     0.418488,     0.214407,     0.006417,
  1700.300,     0.605055,     0.035360,     0.002597,
  1700.350,     0.860371,     0.106097,    -0.001160,
  1700.400,     1.196499,     0.356125,    -0.001660,
  1700.450,     1.497795,     0.698159,     0.006581,
  1700.500,     1.715652,     1.100381,     0.007469,
  1700.550,     1.839828,     1.486258,    -0.002774,
  1700.600,     1.889705,     1.795552,     0.002848,
  1700.650,     1.954730,     1.998714,     0.004544,
  1700.700,     1.994561,     2.124292,     0.009796,
  1700.750,     1.950877,     2.223595,     0.006933,
  1700.800,     1.778515,     2.279434,     0.012399,
  1700.850,     1.462659,     2.212552,     0.008074,
  1700.900,     1.048648,     1.975957,     0.003481,
  1700.950,     0.653282,     1.574126,    -0.002448,
  1701.000,     0.284169,     1.078355,     0.000058,
  1701.050,     0.021694,     0.565921,    -0.002277,
  1701.100,    -0.105216,     0.105276,     0.002444,
  1701.150,    -0.106512,    -0.195628,     0.000062,
  1701.200,    -0.040647,    -0.379004,     0.004042,
  1701.250,     0.090454,    -0.398505,     0.000111,
  1701.300,     0.290227,    -0.296935,    -0.004043,
  1701.350,     0.603309,    -0.112662,    -0.008517,
  1701.400,     0.893395,     0.193048,    -0.010444,
  1701.450,     1.204368,     0.542926,    -0.006913,
  1701.500,     1.461957,     0.940374,    -0.008649,
  1701.550,     1.650101,     1.319942,    -0.005787,
  1701.600,     1.698999,     1.636360,    -0.001381,
  1701.650,     1.596483,     1.862691,     0.004359,
  1701.700,     1.324177,     1.914803,     0.001443,
  1701.750,     0.990092,     1.812830,    -0.005843,
  1701.800,     0.675811,     1.497084,    -0.000338,
  1701.850,     0.484064,     1.093463,    -0.006036,
  1701.900,     0.322407,     0.715838,     0.003620,
  1701.950,     0.150110,     0.412858,     0.006859,
  1702.000,     0.012232,     0.207046,     0.011117,
  1702.050,    -0.026754,    -0.002225,     0.008173,
  1702.100,     0.019196,    -0.152308,     0.008156,
  1702.150,     0.135118,    -0.196308,     0.005020,
  1702.200,     0.298756,    -0.144487,     0.000139,
  1702.250,     0.467483,    -0.024069,     0.003437,
  1702.300,     0.689754,     0.188871,     0.006458,
  1702.350,     0.978120,     0.432309,     0.005093,
  1702.400,     1.244610,     0.746406,     0.008524,
  1702.450,     1.466668,     1.113395,     0.004784,
  1702.500,     1.507192,     1.465388,    -0.001698,
  1702.550,     1.444848,     1.738564,     0.001469,
  1702.600,     1.229668,     1.847772,    -0.009169,
  1702.650,     0.974266,     1.741479,    -0.003534,
  1702.700,     0.653378,     1.477008,     0.000013,
  1702.750,     0.311409,     1.112401,    -0.004521,
  1702.800,     0.029357,     0.725569,    -0.001529,
  1702.850,    -0.157087,     0.264683,    -0.004937,
  1702.900,    -0.238729,    -0.083359,    -0.006068,
  1702.950,    -0.289740,    -0.329628,    -0.007957,
  1703.000,    -0.277864,    -0.467160,    -0.009897,
  1703.050,    -0.262602,    -0.516775,    -0.002140,
  1703.100,    -0.142831,    -0.552785,     0.003305,
  1703.150,     0.045857,    -0.531802,    -0.002725,
  1703.200,     0.317036,    -0.392810,    -0.000989,
  1703.250,     0.738651,    -0.156744,    -0.005346,
  1703.300,     1.236109,     0.229008,    -0.003350,
  1703.350,     1.642737,     0.770950,     0.000899,
  1703.400,     1.892503,     1.354544,     0.002487,
  1703.450,     1.874816,     1.873694,     0.007580,
  1703.500,     1.713313,     2.146879,     0.010752,
  1703.550,     1.431164,     2.142156,     0.004731,
  1703.600,     1.040155,     1.924068,     0.004684,
  1703.650,     0.599760,     1.563748,     0.004213,
  1703.700,     0.198748,     1.072622,     0.002071,
  1703.750,    -0.038536,     0.518133,     0.006708,
  1703.800,    -0.132852,     0.011478,     0.005481,
  1703.850,    -0.075615,    -0.299374,    -0.002459,
  1703.900,     0.083294,    -0.382060,    -0.001865,
  1703.950,     0.388290,    -0.316831,     0.000665,
  1704.000,     0.806974,    -0.070874,    -0.002928,
  1704.050,     1.267958,     0.321376,     0.002150,
  1704.100,     1.723224,     0.846238,     0.005786,
  1704.150,     2.039668,     1.416767,    -0.006018,
  1704.200,     2.170647,     1.969961,    -0.004695,
  1704.250,     2.139070,     2.376415,     0.002584,
  1704.300,     1.971812,     2.539956,    -0.004018,
  1704.350,     1.669267,     2.443849,    -0.003724,
  1704.400,     1.307437,     2.187560,     0.001649,
  1704.450,     0.922271,     1.799463,    -0.004226,
  1704.500,     0.594964,     1.304165,    -0.004788,
  1704.550,     0.385587,     0.827102,    -0.000657,
  1704.600,     0.364908,     0.365469,     0.006509,
  1704.650,     0.450817,     0.092568,     0.008372,
  1704.700,     0.635210,     0.001743,     0.000147,
  1704.750,     0.926583,     0.116562,    -0.003666,
  1704.800,     1.243055,     0.365459,    -0.000670,
  1704.850,     1.646352,     0.687396,     0.006715,
  1704.900,     2.029191,     1.080751,     0.005179,
  1704.950,     2.353918,     1.547032,     0.001088,
  1705.000,     2.537066,     2.028004,     0.000525,
  1705.050,     2.622855,     2.429532,     0.004109,
  1705.100,     2.568968,     2.701087,     0.003980,
  1705.150,     2.463757,     2.786637,     0.004269,
  1705.200,     2.322376,     2.728654,     0.003872,
  1705.250,     2.115503,     2.588807,     0.003982,
  1705.300,     1.833521,     2.410819,     0.005510,
  1705.350,     1.560421,     2.126121,     0.005095,
  1705.400,     1.404829,     1.815159,     0.001967,
  1705.450,     1.328281,     1.533803,    -0.001688,
  1705.500,     1.281737,     1.343352,     0.002272,
  1705.550,     1.141466,     1.294895,     0.001150,
  1705.600,     0.966815,     1.230120,    -0.003470,
  1705.650,     0.790049,     1.093479,    -0.004768,
  1705.700,     0.684366,     0.922447,     0.003732,
  1705.750,     0.630718,     0.741133,     0.000791,
  1705.800,     0.603516,     0.618669,    -0.000042,
  1705.850,     0.708026,     0.557503,    -0.001884,
  1705.900,     0.864310,     0.585135,     0.001631,
  1705.950,     1.096880,     0.704118,     0.003324,
  1706.000,     1.293249,     0.924126,     0.001045,
  1706.050,     1.353049,     1.228105,    -0.004180,
  1706.100,     1.287361,     1.440186,     0.003188,
  1706.150,     1.084361,     1.537056,     0.003502,
  1706.200,     0.800595,     1.431115,    -0.002180,
  1706.250,     0.514835,     1.193729,    -0.002256,
  1706.300,     0.236549,     0.862866,     0.004198,
  1706.350,     0.055026,     0.475642,    -0.001722,
  1706.400,     0.008362,     0.149753,     0.001496,
  1706.450,     0.044864,    -0.050592,    -0.001327,
  1706.500,     0.138230,    -0.147607,    -0.001420,
  1706.550,     0.259966,    -0.136650,     0.001203,
  1706.600,     0.450158,    -0.023186,     0.000045,
  1706.650,     0.707605,     0.111666,    -0.002001,
  1706.700,     0.994624,     0.334724,     0.000563,
  1706.750,     1.229169,     0.646764,     0.000554,
  1706.800,     1.443422,     0.982969,    -0.001264,
  1706.850,     1.623697,     1.270086,    -0.001903,
  1706.900,     1.747155,     1.533274,     0.001263,
  1706.950,     1.819760,     1.732812,    -0.001880,
  1707.000,     1.848871,     1.885977,    -0.004742,
  1707.050,     1.862514,     1.991964,     0.000351,
  1707.100,     1.858754,     2.012803,    -0.000744,
  1707.150,     1.847646,     1.977728,    -0.000152,
  1707.200,     1.726180,     1.943583,     0.005315,
  1707.250,     1.524393,     1.878060,    -0.000850,
  1707.300,     1.308679,     1.716188,     0.002650,
  1707.350,     1.058380,     1.452515,     0.007754,
  1707.400,     0.875021,     1.139832,     0.000707,
  1707.450,     0.831819,     0.851223,     0.003291,
  1707.500,     0.978993,     0.639538,     0.001774,
  1707.550,     1.304718,     0.604060,     0.000679,
  1707.600,     1.768728,     0.813209,     0.003825,
  1707.650,     2.204853,     1.263659,    -0.004560,
  1707.700,     2.542775,     1.836553,    -0.002796,
  1707.750,     2.692430,     2.379872,    -0.002758,
  1707.800,     2.676341,     2.806634,    -0.001133,
  1707.850,     2.496374,     3.011721,    -0.001581,
  1707.900,     2.170021,     2.980675,    -0.001341,
  1707.950,     1.765807,     2.724464,     0.003578,
  1708.000,     1.328775,     2.294835,    -0.002737,
  1708.050,     0.978476,     1.783803,    -0.007363,
  1708.100,     0.754929,     1.269205,    -0.005217,
  1708.150,     0.657002,     0.851650,    -0.005453,
  1708.200,     0.693319,     0.570834,    -0.001533,
  1708.250,     0.820058,     0.472253,    -0.000455,
  1708.300,     1.002337,     0.513279,    -0.003175,
  1708.350,     1.169336,     0.688256,    -0.002537,
  1708.400,     1.236321,     0.913415,    -0.004488,
  1708.450,     1.175292,     1.097041,     0.002279,
  1708.500,     1.058765,     1.167100,     0.005536,
  1708.550,     0.955432,     1.094580,     0.001829,
  1708.600,     0.916253,     0.988459,     0.005721,
  1708.650,     0.910508,     0.890508,     0.003223,
  1708.700,     1.000902,     0.825239,     0.001802,
  1708.750,     1.142634,     0.834482,     0.007465,
  1708.800,     1.336964,     0.937989,     0.009971,
  1708.850,     1.474786,     1.132657,     0.005596,
  1708.900,     1.512859,     1.381238,     0.001213,
  1708.950,     1.454129,     1.550118,     0.004107,
  1709.000,     1.334309,     1.592862,     0.001709,
  1709.050,     1.242897,     1.496985,     0.004041,
  1709.100,     1.153559,     1.364264,     0.003842,
  1709.150,     1.051353,     1.220443,     0.007574,
  1709.200,     1.006675,     1.113766,     0.004246,
  1709.250,     1.025047,     1.030876,     0.001197,
  1709.300,     1.041541,     0.993686,     0.000765,
  1709.350,     1.119496,     1.015238,     0.001437,
  1709.400,     1.262531,     1.048356,    -0.003801,
  1709.450,     1.397444,     1.140385,    -0.002558,
  1709.500,     1.498055,     1.279681,    -0.002918,
  1709.550,     1.568159,     1.419368,    -0.000928,
  1709.600,     1.605151,     1.520826,     0.000744,
  1709.650,     1.646341,     1.610550,    -0.005001,
  1709.700,     1.612027,     1.662439,    -0.005008,
  1709.750,     1.514007,     1.703517,     0.000677,
  1709.800,     1.307442,     1.703155,    -0.001150,
  1709.850,     1.047407,     1.587031,    -0.000114,
  1709.900,     0.760714,     1.316544,     0.001194,
  1709.950,     0.559112,     0.990432,    -0.001914,
  1710.000,     0.465987,     0.662223,     0.003711,
  1710.050,     0.416829,     0.439506,     0.004941,
  1710.100,     0.486688,     0.304805,     0.006673,
  1710.150,     0.544334,     0.298283,     0.010099,
  1710.200,     0.573823,     0.349277,     0.008882,
  1710.250,     0.537275,     0.399695,     0.004129,
  1710.300,     0.462541,     0.466908,     0.003726,
  1710.350,     0.339276,     0.427609,     0.004900,
  1710.400,     0.328296,     0.349779,     0.001184,
  1710.450,     0.439971,     0.249391,     0.004574,
  1710.500,     0.645978,     0.267603,     0.000721,
  1710.550,     0.876839,     0.425202,    -0.000658,
  1710.600,     1.065621,     0.670064,     0.001659,
  1710.650,     1.178730,     0.961431,    -0.001024,
  1710.700,     1.244280,     1.192651,    -0.003528,
  1710.750,     1.205257,     1.314931,    -0.000688,
  1710.800,     1.086206,     1.339182,     0.004107,
  1710.850,     0.968163,     1.279172,    -0.000579,
  1710.900,     0.866309,     1.094842,     0.000478,
  1710.950,     0.808164,     0.915425,    -0.003669,
  1711.000,     0.787536,     0.741791,     0.004115,
  1711.050,     0.800642,     0.671570,     0.001850,
  1711.100,     0.902178,     0.663055,     0.001869,
  1711.150,     1.110306,     0.693004,    -0.001390,
  1711.200,     1.404692,     0.829999,     0.000073,
  1711.250,     1.667406,     1.120037,    -0.002337,
  1711.300,     1.826930,     1.462619,     0.001642,
  1711.350,     1.830745,     1.783571,     0.002730,
  1711.400,     1.681544,     1.975077,    -0.004348,
  1711.450,     1.399839,     1.983953,     0.001715,
  1711.500,     0.981162,     1.791444,     0.006318,
  1711.550,     0.541832,     1.416287,     0.004866,
  1711.600,     0.244054,     0.902035,     0.003950,
  1711.650,     0.166249,     0.412966,    -0.002646,
  1711.700,     0.293305,     0.053998,    -0.002344,
  1711.750,     0.556704,    -0.022020,     0.001464,
  1711.800,     0.879984,     0.139481,    -0.000568,
  1711.850,     1.174684,     0.468412,     0.000297,
  1711.900,     1.438060,     0.870126,    -0.002017,
  1711.950,     1.593922,     1.249804,     0.004251,
  1712.000,     1.554389,     1.590034,     0.001011,
  1712.050,     1.370727,     1.757380,     0.001524,
  1712.100,     1.054509,     1.704202,    -0.000302,
  1712.150,     0.720726,     1.456662,     0.003521,
  1712.200,     0.485985,     1.053388,     0.002299,
  1712.250,     0.332128,     0.622955,    -0.003668,
  1712.300,     0.364755,     0.310986,     0.000829,
  1712.350,     0.602507,     0.108602,     0.004104,
  1712.400,     1.035272,     0.160012,     0.008080,
  1712.450,     1.512632,     0.437557,     0.005698,
  1712.500,     1.936702,     0.908591,     0.003278,
  1712.550,     2.191873,     1.471358,     0.004875,
  1712.600,     2.250084,     1.942300,     0.002140,
  1712.650,     2.103996,     2.241039,    -0.001220,
  1712.700,     1.837024,     2.315176,    -0.001664,
  1712.750,     1.539984,     2.166940,     0.000256,
  1712.800,     1.317888,     1.869105,     0.001511,
  1712.850,     1.201309,     1.530207,     0.000389,
  1712.900,     1.228770,     1.262102,    -0.002070,
  1712.950,     1.374370,     1.160561,     0.000833,
  1713.000,     1.573153,     1.214127,    -0.000597,
  1713.050,     1.739728,     1.422144,    -0.002512,
  1713.100,     1.804684,     1.647660,    -0.001090,
  1713.150,     1.734459,     1.855765,    -0.004776,
  1713.200,     1.550826,     1.931107,    -0.006232,
  1713.250,     1.320619,     1.816466,    -0.003427,
  1713.300,     1.103329,     1.621859,    -0.001139,
  1713.350,     0.922420,     1.351444,    -0.000845,
  1713.400,     0.810504,     1.063327,    -0.005790,
  1713.450,     0.796138,     0.848513,    -0.002199,
  1713.500,     0.895687,     0.704341,     0.002086,
  1713.550,     1.097386,     0.688907,    -0.002718,
  1713.600,     1.386284,     0.819090,     0.005096,
  1713.650,     1.614372,     1.103136,     0.003202,
  1713.700,     1.709144,     1.409114,     0.003412,
  1713.750,     1.676762,     1.692225,     0.002133,
  1713.800,     1.516113,     1.811971,     0.001809,
  1713.850,     1.223796,     1.754821,     0.004636,
  1713.900,     0.886457,     1.591743,     0.002958,
  1713.950,     0.513986,     1.231281,     0.007151,
  1714.000,     0.241487,     0.797407,     0.005908,
  1714.050,     0.175142,     0.365158,     0.002632,
  1714.100,     0.346632,     0.034516,     0.006493,
  1714.150,     0.702832,    -0.026658,     0.003485,
  1714.200,     1.096162,     0.184675,    -0.001474,
  1714.250,     1.423589,     0.606210,    -0.001627,
  1714.300,     1.596202,     1.089649,     0.001080,
  1714.350,     1.602216,     1.490815,    -0.005403,
  1714.400,     1.433588,     1.707233,    -0.006123,
  1714.450,     1.141100,     1.719465,    -0.003867,
  1714.500,     0.851989,     1.513489,     0.000749,
  1714.550,     0.623160,     1.197705,    -0.000542,
  1714.600,     0.566972,     0.856871,     0.003418,
  1714.650,     0.641235,     0.634544,     0.003167,
  1714.700,     0.792098,     0.617475,    -0.001747,
  1714.750,     0.937052,     0.725275,    -0.002327,
  1714.800,     0.948556,     0.924123,    -0.005146,
  1714.850,     0.795746,     1.106387,     0.002795,
  1714.900,     0.497780,     1.103005,     0.006613,
  1714.950,     0.188242,     0.913411,     0.001735,
  1715.000,    -0.142267,     0.530180,     0.000744,
  1715.050,    -0.370778,     0.134683,     0.005192,
  1715.100,    -0.462246,    -0.269910,     0.003597,
  1715.150,    -0.348837,    -0.557224,     0.010675,
  1715.200,    -0.130037,    -0.683033,     0.009655,
  1715.250,     0.189294,    -0.571705,     0.001900,
  1715.300,     0.555903,    -0.304670,     0.000207,
  1715.350,     0.947792,     0.078485,     0.001697,
  1715.400,     1.314204,     0.538393,    -0.000062,
  1715.450,     1.581433,     1.028427,    -0.002698,
  1715.500,     1.708156,     1.502242,    -0.003979,
  1715.550,     1.557915,     1.844738,    -0.006556,
  1715.600,     1.135845,     1.933996,    -0.008167,
  1715.650,     0.566732,     1.728565,    -0.009355,
  1715.700,    -0.012894,     1.229859,    -0.005030,
  1715.750,    -0.473780,     0.540926,    -0.007322,
  1715.800,    -0.719989,    -0.165826,    -0.001052,
  1715.850,    -0.675798,    -0.740224,    -0.000612,
  1715.900,    -0.388629,    -1.057480,    -0.002444,
  1715.950,     0.188148,    -1.035766,     0.003936,
  1716.000,     0.855052,    -0.629646,     0.007834,
  1716.050,     1.421312,     0.073212,    -0.000223,
  1716.100,     1.816490,     0.854730,     0.002386,
  1716.150,     1.936793,     1.581930,     0.003332,
  1716.200,     1.796236,     2.064901,     0.007938,
  1716.250,     1.492879,     2.253151,     0.005568,
  1716.300,     1.094709,     2.119534,     0.000860,
  1716.350,     0.693436,     1.736978,     0.005143,
  1716.400,     0.402029,     1.250300,     0.003318,
  1716.450,     0.290464,     0.746373,     0.005181,
  1716.500,     0.294764,     0.391037,    -0.002340,
  1716.550,     0.388566,     0.223613,     0.001197,
  1716.600,     0.472166,     0.227837,    -0.001842,
  1716.650,     0.532251,     0.283777,     0.000265,
  1716.700,     0.558339,     0.363875,     0.000008,
  1716.750,     0.551575,     0.414411,    -0.002526,
  1716.800,     0.533137,     0.382238,    -0.003961,
  1716.850,     0.592671,     0.386000,    -0.001524,
  1716.900,     0.763588,     0.413724,    -0.005635,
  1716.950,     1.009858,     0.532464,     0.000125,
  1717.000,     1.309939,     0.767610,    -0.000744,
  1717.050,     1.544189,     1.103108,    -0.004572,
  1717.100,     1.721413,     1.447134,     0.002467,
  1717.150,     1.773861,     1.758704,    -0.002422,
  1717.200,     1.799375,     1.913312,     0.002775,
  1717.250,     1.692336,     1.989301,     0.003166,
  1717.300,     1.487490,     1.956454,     0.007262,
  1717.350,     1.221498,     1.767766,     0.007628,
  1717.400,     0.908485,     1.530295,     0.003772,
  1717.450,     0.628802,     1.168417,     0.001302,
  1717.500,     0.302982,     0.812636,     0.004966,
  1717.550,    -0.011227,     0.407275,     0.005198,
  1717.600,    -0.190563,     0.038021,     0.001495,
  1717.650,    -0.153814,    -0.290806,     0.003248,
  1717.700,     0.141141,    -0.475594,     0.002481,
  1717.750,     0.546404,    -0.410213,    -0.001381,
  1717.800,     0.963352,    -0.052088,    -0.006178,
  1717.850,     1.281705,     0.457475,    -0.005187,
  1717.900,     1.454615,     0.988306,    -0.002095,
  1717.950,     1.491831,     1.415740,     0.001906,
  1718.000,     1.363465,     1.668179,    -0.000412,
  1718.050,     1.198993,     1.705765,    -0.005908,
  1718.100,     0.965547,     1.583977,    -0.001673,
  1718.150,     0.735771,     1.329943,     0.000788,
  1718.200,     0.600851,     1.036802,    -0.002888,
  1718.250,     0.537189,     0.768220,     0.003692,
  1718.300,     0.598406,     0.553401,    -0.001687,
  1718.350,     0.719628,     0.472896,     0.002701,
  1718.400,     0.865335,     0.491900,     0.000644,
  1718.450,     1.002101,     0.624468,     0.004589,
  1718.500,     1.034406,     0.761028,     0.004816,
  1718.550,     1.094619,     0.885877,    -0.000708,
  1718.600,     1.114747,     0.965360,     0.002605,
  1718.650,     1.185244,     1.019752,     0.003475,
  1718.700,     1.319857,     1.055398,     0.001967,
  1718.750,     1.576430,     1.122704,    -0.001060,
  1718.800,     1.876224,     1.344286,    -0.000551,
  1718.850,     2.203408,     1.613377,     0.000172,
  1718.900,     2.424867,     1.994283,     0.002369,
  1718.950,     2.540409,     2.344918,     0.001305,
  1719.000,     2.456380,     2.580013,    -0.003843,
  1719.050,     2.254584,     2.720220,     0.002579,
  1719.100,     1.890653,     2.634843,     0.001393,
  1719.150,     1.441011,     2.351094,    -0.003172,
  1719.200,     0.899181,     1.910511,    -0.004034,
  1719.250,     0.452167,     1.332618,    -0.004042,
  1719.300,     0.113102,     0.717710,     0.001388,
  1719.350,    -0.015360,     0.149211,    -0.000083,
  1719.400,     0.062665,    -0.231224,     0.001647,
  1719.450,     0.290499,    -0.365955,     0.002013,
  1719.500,     0.652538,    -0.252983,    -0.001605,
  1719.550,     1.127890,     0.065889,    -0.002248,
  1719.600,     1.615867,     0.584058,     0.001759,
  1719.650,     2.029846,     1.177586,     0.001869,
  1719.700,     2.255961,     1.803306,     0.001484,
  1719.750,     2.225426,     2.287425,     0.000201,
  1719.800,     2.032804,     2.540220,     0.007295,
  1719.850,     1.788170,     2.506058,     0.002927,
  1719.900,     1.516692,     2.308830,     0.002653,
  1719.950,     1.277856,     1.970036,     0.002290,
  1720.000,     1.076764,     1.608460,    -0.001043,

