Time_abs/ps, Signal 1/nA, Ref.signal 1/nA, Signal 2/nA, Ref.signal 2/nA
  1600.000,    -0.003924,     0.007615,     0.000162,
  1600.050,     0.003105,    -0.004646,    -0.005115,
  1600.100,    -0.001704,     0.011497,     0.004746,
  1600.150,     0.010133,    -0.005388,    -0.001562,
  1600.200,    -0.007610,    -0.009079,     0.001770,
  1600.250,    -0.004257,    -0.022884,    -0.003808,
  1600.300,    -0.002270,    -0.011605,    -0.000447,
  1600.350,     0.005921,     0.000561,    -0.004704,
  1600.400,    -0.000117,     0.010459,    -0.004772,
  1600.450,    -0.021440,     0.008771,    -0.000770,
  1600.500,    -0.011557,    -0.000034,    -0.002538,
  1600.550,    -0.027777,    -0.009125,     0.001202,
  1600.600,    -0.032741,    -0.021215,     0.001226,
  1600.650,    -0.019224,    -0.028924,     0.000745,
  1600.700,    -0.015732,    -0.024922,     0.000879,
  1600.750,    -0.035941,    -0.033412,    -0.000635,
  1600.800,    -0.012483,    -0.027306,     0.004917,
  1600.850,    -0.021165,    -0.001638,     0.007061,
  1600.900,    -0.017645,    -0.017430,     0.001357,
  1600.950,    -0.021043,    -0.006954,     0.005634,
  1601.000,    -0.030376,    -0.025601,     0.001726,
  1601.050,    -0.037820,    -0.025349,     0.006233,
  1601.100,    -0.021977,    -0.009534,     0.007597,
  1601.150,    -0.030671,    -0.028449,     0.007836,
  1601.200,    -0.047582,    -0.018410,     0.011358,
  1601.250,    -0.032472,    -0.022588,     0.005057,
  1601.300,    -0.030830,    -0.037640,     0.011742,
  1601.350,    -0.018160,    -0.024145,     0.005803,
  1601.400,    -0.031853,    -0.019708,     0.005607,
  1601.450,    -0.030254,    -0.036830,     0.005553,
  1601.500,    -0.033174,    -0.020360,     0.003586,
  1601.550,    -0.053314,    -0.021295,     0.008059,
  1601.600,    -0.048164,    -0.019094,     0.000875,
  1601.650,    -0.063441,    -0.038961,     0.002921,
  1601.700,    -0.062407,    -0.039712,    -0.007736,
  1601.750,    -0.053378,    -0.046448,    -0.002287,
  1601.800,    -0.041670,    -0.049859,     0.003257,
  1601.850,    -0.039775,    -0.056273,     0.000086,
  1601.900,    -0.061056,    -0.066449,    -0.004559,
  1601.950,    -0.064783,    -0.072077,     0.002708,
  1602.000,    -0.073065,    -0.063971,    -0.007849,
  1602.050,    -0.081683,    -0.049452,     0.003758,
  1602.100,    -0.078208,    -0.059367,    -0.006469,
  1602.150,    -0.089512,    -0.063293,    -0.003279,
  1602.200,    -0.093712,    -0.057947,    -0.002337,
  1602.250,    -0.082600,    -0.047525,    -0.000855,
  1602.300,    -0.072422,    -0.066134,    -0.001279,
  1602.350,    -0.095951,    -0.074133,    -0.000311,
  1602.400,    -0.072015,    -0.077379,    -0.010329,
  1602.450,    -0.080500,    -0.060169,     0.001837,
  1602.500,    -0.071153,    -0.080268,     0.001249,
  1602.550,    -0.075098,    -0.067907,    -0.003928,
  1602.600,    -0.075438,    -0.099132,    -0.002878,
  1602.650,    -0.076098,    -0.079462,    -0.003036,
  1602.700,    -0.065481,    -0.061615,     0.002745,
  1602.750,    -0.064199,    -0.055587,    -0.001866,
  1602.800,    -0.064763,    -0.049285,     0.001340,
  1602.850,    -0.076198,    -0.061351,    -0.004841,
  1602.900,    -0.086092,    -0.051576,     0.006254,
  1602.950,    -0.091469,    -0.030425,     0.002987,
  1603.000,    -0.073170,    -0.045516,     0.001658,
  1603.050,    -0.061419,    -0.046597,     0.004507,
  1603.100,    -0.071738,    -0.041525,     0.002497,
  1603.150,    -0.081436,    -0.058770,     0.006547,
  1603.200,    -0.080436,    -0.067038,     0.005258,
  1603.250,    -0.080865,    -0.060943,     0.009087,
  1603.300,    -0.070149,    -0.046130,     0.002479,
  1603.350,    -0.092115,    -0.044856,     0.006679,
  1603.400,    -0.094279,    -0.048941,    -0.001319,
  1603.450,    -0.103549,    -0.057768,     0.002079,
  1603.500,    -0.089895,    -0.061647,     0.007200,
  1603.550,    -0.083463,    -0.072860,     0.007868,
  1603.600,    -0.089964,    -0.050958,     0.001939,
  1603.650,    -0.083472,    -0.058043,    -0.001025,
  1603.700,    -0.110589,    -0.046480,    -0.000194,
  1603.750,    -0.083977,    -0.039911,    -0.000243,
  1603.800,    -0.086696,    -0.055079,    -0.001772,
  1603.850,    -0.084627,    -0.055890,     0.002190,
  1603.900,    -0.088587,    -0.060794,    -0.002699,
  1603.950,    -0.082689,    -0.056321,    -0.003024,
  1604.000,    -0.097992,    -0.053461,    -0.003397,
  1604.050,    -0.103154,    -0.061511,    -0.006091,
  1604.100,    -0.096968,    -0.073083,    -0.000212,
  1604.150,    -0.080603,    -0.058812,     0.001805,
  1604.200,    -0.100644,    -0.056921,    -0.005607,
  1604.250,    -0.096799,    -0.052816,    -0.006689,
  1604.300,    -0.097993,    -0.051204,    -0.000478,
  1604.350,    -0.075031,    -0.050098,    -0.000618,
  1604.400,    -0.082498,    -0.051308,     0.000332,
  1604.450,    -0.097140,    -0.055452,     0.005327,
  1604.500,    -0.089713,    -0.068069,     0.004143,
  1604.550,    -0.070961,    -0.050001,     0.000136,
  1604.600,    -0.080882,    -0.060544,    -0.004981,
  1604.650,    -0.074310,    -0.066102,     0.001284,
  1604.700,    -0.081903,    -0.067510,     0.000609,
  1604.750,    -0.073321,    -0.069713,     0.004585,
  1604.800,    -0.100626,    -0.075049,     0.001477,
  1604.850,    -0.082089,    -0.068252,    -0.001696,
  1604.900,    -0.071661,    -0.068048,    -0.003250,
  1604.950,    -0.073165,    -0.057182,     0.001419,
  1605.000,    -0.076488,    -0.074073,     0.001866,
  1605.050,    -0.089885,    -0.073767,     0.000653,
  1605.100,    -0.082031,    -0.058804,     0.004537,
  1605.150,    -0.092393,    -0.074817,     0.005103,
  1605.200,    -0.069771,    -0.054424,    -0.001661,
  1605.250,    -0.079540,    -0.059604,     0.000160,
  1605.300,    -0.086751,    -0.073760,     0.000233,
  1605.350,    -0.075240,    -0.080658,     0.004545,
  1605.400,    -0.087185,    -0.064059,     0.004069,
  1605.450,    -0.083448,    -0.066206,     0.006542,
  1605.500,    -0.086099,    -0.061892,     0.007621,
  1605.550,    -0.079876,    -0.056416,     0.001372,
  1605.600,    -0.068853,    -0.060449,     0.006107,
  1605.650,    -0.093601,    -0.062375,     0.007759,
  1605.700,    -0.084124,    -0.064690,     0.003905,
  1605.750,    -0.076480,    -0.067201,    -0.001707,
  1605.800,    -0.082989,    -0.053317,     0.003897,
  1605.850,    -0.087488,    -0.075328,     0.010683,
  1605.900,    -0.101816,    -0.081720,     0.001764,
  1605.950,    -0.090023,    -0.084957,    -0.002982,
  1606.000,    -0.077159,    -0.063255,     0.000715,
  1606.050,    -0.075863,    -0.061329,     0.000057,
  1606.100,    -0.067072,    -0.043735,    -0.000922,
  1606.150,    -0.100033,    -0.050841,    -0.000919,
  1606.200,    -0.095670,    -0.062682,     0.001960,
  1606.250,    -0.093157,    -0.048538,     0.002705,
  1606.300,    -0.081445,    -0.051206,     0.003345,
  1606.350,    -0.070023,    -0.056931,    -0.000814,
  1606.400,    -0.077840,    -0.061721,    -0.003923,
  1606.450,    -0.102168,    -0.077838,    -0.000940,
  1606.500,    -0.094566,    -0.075351,    -0.003306,
  1606.550,    -0.076838,    -0.045355,    -0.001571,
  1606.600,    -0.078273,    -0.075436,    -0.000741,
  1606.650,    -0.077633,    -0.075216,    -0.006140,
  1606.700,    -0.072853,    -0.067222,    -0.000883,
  1606.750,    -0.082340,    -0.063340,    -0.003495,
  1606.800,    -0.094035,    -0.069187,    -0.001305,
  1606.850,    -0.099065,    -0.065506,     0.002833,
  1606.900,    -0.060264,    -0.051772,    -0.002851,
  1606.950,    -0.063192,    -0.049198,    -0.002399,
  1607.000,    -0.068764,    -0.044549,    -0.002523,
  1607.050,    -0.077087,    -0.057717,     0.004714,
  1607.100,    -0.087013,    -0.057853,     0.005565,
  1607.150,    -0.073213,    -0.075347,     0.001135,
  1607.200,    -0.076907,    -0.075670,     0.002640,
  1607.250,    -0.080645,    -0.067853,    -0.001881,
  1607.300,    -0.090591,    -0.065862,     0.003644,
  1607.350,    -0.081978,    -0.091792,     0.000329,
  1607.400,    -0.101048,    -0.095613,     0.001711,
  1607.450,    -0.078656,    -0.089350,     0.001934,
  1607.500,    -0.102522,    -0.075400,     0.001898,
  1607.550,    -0.103876,    -0.104859,     0.001348,
  1607.600,    -0.094156,    -0.098777,     0.002687,
  1607.650,    -0.123124,    -0.092790,     0.007219,
  1607.700,    -0.136721,    -0.102410,     0.010267,
  1607.750,    -0.118006,    -0.103796,    -0.001004,
  1607.800,    -0.126166,    -0.101278,     0.008294,
  1607.850,    -0.149238,    -0.124529,     0.005538,
  1607.900,    -0.164631,    -0.136633,     0.003236,
  1607.950,    -0.141805,    -0.124998,     0.009458,
  1608.000,    -0.137267,    -0.137278,     0.007546,
  1608.050,    -0.150538,    -0.131250,     0.005435,
  1608.100,    -0.157926,    -0.141260,     0.006039,
  1608.150,    -0.160783,    -0.161652,    -0.000472,
  1608.200,    -0.137212,    -0.162870,     0.006718,
  1608.250,    -0.146498,    -0.156415,     0.005244,
  1608.300,    -0.150919,    -0.147483,     0.006726,
  1608.350,    -0.153335,    -0.147606,     0.007802,
  1608.400,    -0.145675,    -0.157783,    -0.000259,
  1608.450,    -0.140453,    -0.149063,     0.003656,
  1608.500,    -0.138731,    -0.130967,    -0.000852,
  1608.550,    -0.147900,    -0.132564,     0.003761,
  1608.600,    -0.136774,    -0.131408,     0.003012,
  1608.650,    -0.118625,    -0.119437,    -0.003021,
  1608.700,    -0.131359,    -0.132012,    -0.002114,
  1608.750,    -0.130772,    -0.130531,    -0.001241,
  1608.800,    -0.119393,    -0.127366,    -0.000302,
  1608.850,    -0.136322,    -0.114349,    -0.002182,
  1608.900,    -0.125286,    -0.118084,    -0.008654,
  1608.950,    -0.092978,    -0.108535,    -0.006906,
  1609.000,    -0.113687,    -0.122791,    -0.006504,
  1609.050,    -0.104867,    -0.112637,     0.001371,
  1609.100,    -0.095103,    -0.100752,     0.004227,
  1609.150,    -0.085737,    -0.101737,     0.004425,
  1609.200,    -0.090242,    -0.083625,     0.002668,
  1609.250,    -0.089486,    -0.090299,    -0.006348,
  1609.300,    -0.089759,    -0.092264,    -0.004908,
  1609.350,    -0.077191,    -0.063074,     0.004439,
  1609.400,    -0.067054,    -0.072413,     0.001390,
  1609.450,    -0.094703,    -0.097468,    -0.001054,
  1609.500,    -0.082355,    -0.062004,     0.000225,
  1609.550,    -0.078046,    -0.074665,    -0.004528,
  1609.600,    -0.063794,    -0.082541,    -0.002524,
  1609.650,    -0.061986,    -0.095405,     0.002373,
  1609.700,    -0.066890,    -0.072481,    -0.004905,
  1609.750,    -0.084605,    -0.073364,    -0.003698,
  1609.800,    -0.064026,    -0.048757,     0.005735,
  1609.850,    -0.075874,    -0.050317,     0.001685,
  1609.900,    -0.083745,    -0.050132,    -0.000597,
  1609.950,    -0.063018,    -0.052159,     0.002060,
  1610.000,    -0.075943,    -0.076507,     0.000834,
  1610.050,    -0.091733,    -0.090168,     0.004035,
  1610.100,    -0.106520,    -0.092489,     0.007449,
  1610.150,    -0.113894,    -0.092585,     0.006591,
  1610.200,    -0.103917,    -0.087222,     0.004381,
  1610.250,    -0.122603,    -0.102442,     0.007600,
  1610.300,    -0.111694,    -0.110517,     0.007938,
  1610.350,    -0.125910,    -0.117500,     0.007685,
  1610.400,    -0.140270,    -0.123959,     0.008549,
  1610.450,    -0.131062,    -0.132789,     0.005415,
  1610.500,    -0.144802,    -0.137259,     0.004793,
  1610.550,    -0.150860,    -0.141640,     0.003077,
  1610.600,    -0.139004,    -0.131035,     0.002223,
  1610.650,    -0.171074,    -0.137492,     0.010781,
  1610.700,    -0.182531,    -0.131505,     0.010525,
  1610.750,    -0.165902,    -0.161033,     0.005685,
  1610.800,    -0.176479,    -0.172221,     0.010873,
  1610.850,    -0.180342,    -0.194941,     0.007611,
  1610.900,    -0.202365,    -0.172747,     0.003179,
  1610.950,    -0.213357,    -0.179672,     0.003166,
  1611.000,    -0.192273,    -0.196484,     0.003646,
  1611.050,    -0.177603,    -0.217035,     0.005828,
  1611.100,    -0.184994,    -0.213329,     0.005600,
  1611.150,    -0.191206,    -0.239635,     0.000794,
  1611.200,    -0.176479,    -0.240099,    -0.000050,
  1611.250,    -0.184564,    -0.215287,    -0.000646,
  1611.300,    -0.188082,    -0.217257,     0.001186,
  1611.350,    -0.194148,    -0.223915,    -0.000463,
  1611.400,    -0.203055,    -0.225158,    -0.003457,
  1611.450,    -0.185994,    -0.227445,    -0.001527,
  1611.500,    -0.207703,    -0.219021,     0.003342,
  1611.550,    -0.209403,    -0.196926,     0.002915,
  1611.600,    -0.196678,    -0.221091,     0.002822,
  1611.650,    -0.199134,    -0.212736,    -0.003050,
  1611.700,    -0.186207,    -0.199161,    -0.004735,
  1611.750,    -0.205094,    -0.192209,     0.001395,
  1611.800,    -0.199281,    -0.199529,    -0.001347,
  1611.850,    -0.188511,    -0.174264,    -0.005464,
  1611.900,    -0.192125,    -0.168421,    -0.007015,
  1611.950,    -0.209646,    -0.185613,    -0.003263,
  1612.000,    -0.210183,    -0.193127,    -0.005322,
  1612.050,    -0.206844,    -0.202004,    -0.006362,
  1612.100,    -0.212109,    -0.203686,    -0.002576,
  1612.150,    -0.187961,    -0.192196,    -0.001889,
  1612.200,    -0.194373,    -0.228909,    -0.004984,
  1612.250,    -0.206724,    -0.217702,    -0.001248,
  1612.300,    -0.218072,    -0.218946,    -0.001957,
  1612.350,    -0.216615,    -0.226065,    -0.003369,
  1612.400,    -0.224690,    -0.209106,     0.002401,
  1612.450,    -0.224992,    -0.219318,     0.002066,
  1612.500,    -0.220733,    -0.206316,    -0.002766,
  1612.550,    -0.218331,    -0.213026,     0.000196,
  1612.600,    -0.214289,    -0.230964,     0.000248,
  1612.650,    -0.213520,    -0.237960,     0.002099,
  1612.700,    -0.224736,    -0.240506,    -0.000779,
  1612.750,    -0.230274,    -0.236160,     0.002524,
  1612.800,    -0.224330,    -0.233167,     0.006545,
  1612.850,    -0.232161,    -0.256656,     0.005357,
  1612.900,    -0.226069,    -0.239617,     0.004745,
  1612.950,    -0.241878,    -0.245471,     0.008117,
  1613.000,    -0.225752,    -0.262886,     0.008922,
  1613.050,    -0.245477,    -0.251333,     0.007733,
  1613.100,    -0.242982,    -0.256567,     0.006493,
  1613.150,    -0.240452,    -0.244889,     0.002230,
  1613.200,    -0.260298,    -0.267568,     0.005592,
  1613.250,    -0.259028,    -0.263436,     0.007153,
  1613.300,    -0.270234,    -0.261406,     0.003141,
  1613.350,    -0.274499,    -0.262316,     0.001341,
  1613.400,    -0.265123,    -0.263597,     0.005057,
  1613.450,    -0.276905,    -0.263895,     0.002388,
  1613.500,    -0.305931,    -0.253962,     0.004520,
  1613.550,    -0.288831,    -0.267384,     0.003509,
  1613.600,    -0.312159,    -0.282852,     0.003772,
  1613.650,    -0.327511,    -0.294390,     0.004787,
  1613.700,    -0.308909,    -0.269291,     0.005795,
  1613.750,    -0.306966,    -0.296063,     0.006180,
  1613.800,    -0.316374,    -0.295676,     0.004317,
  1613.850,    -0.316753,    -0.290447,     0.001352,
  1613.900,    -0.317993,    -0.308364,     0.000748,
  1613.950,    -0.310516,    -0.311033,     0.000515,
  1614.000,    -0.319333,    -0.298176,     0.001242,
  1614.050,    -0.331969,    -0.320096,    -0.005084,
  1614.100,    -0.336482,    -0.327092,    -0.003882,
  1614.150,    -0.356365,    -0.336267,    -0.005962,
  1614.200,    -0.353499,    -0.347295,    -0.003993,
  1614.250,    -0.354475,    -0.345886,     0.000538,
  1614.300,    -0.356841,    -0.330335,     0.000108,
  1614.350,    -0.342495,    -0.335595,    -0.010234,
  1614.400,    -0.350769,    -0.326397,    -0.007187,
  1614.450,    -0.348381,    -0.335081,    -0.006052,
  1614.500,    -0.352971,    -0.341281,    -0.010394,
  1614.550,    -0.354574,    -0.341916,    -0.004695,
  1614.600,    -0.339206,    -0.342900,    -0.003812,
  1614.650,    -0.331888,    -0.342125,    -0.003218,
  1614.700,    -0.349491,    -0.318097,    -0.004359,
  1614.750,    -0.357324,    -0.315540,    -0.006118,
  1614.800,    -0.358337,    -0.298863,    -0.004557,
  1614.850,    -0.354553,    -0.298416,    -0.001035,
  1614.900,    -0.366205,    -0.312369,    -0.001705,
  1614.950,    -0.354227,    -0.298750,     0.000060,
  1615.000,    -0.347959,    -0.299329,     0.001136,
  1615.050,    -0.394475,    -0.316875,     0.002839,
  1615.100,    -0.415827,    -0.339941,    -0.003647,
  1615.150,    -0.419479,    -0.354372,     0.000561,
  1615.200,    -0.423743,    -0.349586,     0.003405,
  1615.250,    -0.441508,    -0.375272,    -0.002722,
  1615.300,    -0.443796,    -0.391255,     0.002680,
  1615.350,    -0.439647,    -0.412063,     0.007862,
  1615.400,    -0.440568,    -0.422098,     0.001115,
  1615.450,    -0.448776,    -0.408363,     0.002777,
  1615.500,    -0.433895,    -0.404922,     0.005077,
  1615.550,    -0.444949,    -0.411461,     0.004342,
  1615.600,    -0.453027,    -0.401083,     0.003345,
  1615.650,    -0.459227,    -0.408784,     0.002974,
  1615.700,    -0.476307,    -0.415894,     0.006757,
  1615.750,    -0.482727,    -0.406058,     0.009283,
  1615.800,    -0.473032,    -0.429032,     0.006879,
  1615.850,    -0.486295,    -0.454615,     0.006271,
  1615.900,    -0.491170,    -0.455064,     0.006706,
  1615.950,    -0.480525,    -0.455368,     0.010899,
  1616.000,    -0.485854,    -0.466990,     0.005902,
  1616.050,    -0.489175,    -0.474880,     0.007411,
  1616.100,    -0.489784,    -0.480263,     0.005452,
  1616.150,    -0.502357,    -0.480738,     0.004660,
  1616.200,    -0.493354,    -0.476577,     0.003786,
  1616.250,    -0.517089,    -0.483261,     0.006241,
  1616.300,    -0.501530,    -0.490949,     0.005649,
  1616.350,    -0.508295,    -0.490765,     0.000372,
  1616.400,    -0.527758,    -0.495713,     0.000009,
  1616.450,    -0.531053,    -0.492477,     0.003625,
  1616.500,    -0.511186,    -0.503176,    -0.000396,
  1616.550,    -0.522130,    -0.526755,    -0.006209,
  1616.600,    -0.513666,    -0.506274,     0.002195,
  1616.650,    -0.496334,    -0.492097,     0.003631,
  1616.700,    -0.518080,    -0.494707,     0.004745,
  1616.750,    -0.518619,    -0.491688,     0.002372,
  1616.800,    -0.513274,    -0.491173,    -0.001638,
  1616.850,    -0.507181,    -0.493725,     0.001761,
  1616.900,    -0.503525,    -0.487156,     0.000920,
  1616.950,    -0.510285,    -0.489569,    -0.003064,
  1617.000,    -0.511013,    -0.506868,     0.000212,
  1617.050,    -0.504189,    -0.487291,    -0.000326,
  1617.100,    -0.509811,    -0.474220,    -0.001262,
  1617.150,    -0.484994,    -0.483483,    -0.003076,
  1617.200,    -0.474273,    -0.473541,    -0.005560,
  1617.250,    -0.480726,    -0.474562,    -0.006742,
  1617.300,    -0.480649,    -0.456456,    -0.007935,
  1617.350,    -0.470566,    -0.446705,     0.002698,
  1617.400,    -0.482630,    -0.459078,     0.001238,
  1617.450,    -0.481286,    -0.445847,    -0.004701,
  1617.500,    -0.433203,    -0.438835,    -0.003698,
  1617.550,    -0.437743,    -0.433537,    -0.000163,
  1617.600,    -0.434620,    -0.436497,     0.001761,
  1617.650,    -0.414125,    -0.418269,     0.001305,
  1617.700,    -0.368872,    -0.416141,     0.000325,
  1617.750,    -0.351695,    -0.407228,     0.000573,
  1617.800,    -0.329405,    -0.401720,    -0.001416,
  1617.850,    -0.290149,    -0.380863,    -0.001726,
  1617.900,    -0.258863,    -0.371745,     0.001741,
  1617.950,    -0.222715,    -0.338327,     0.001672,
  1618.000,    -0.176434,    -0.281234,     0.001536,
  1618.050,    -0.118488,    -0.232384,    -0.000104,
  1618.100,    -0.084511,    -0.193871,     0.002404,
  1618.150,    -0.065195,    -0.161821,     0.005788,
  1618.200,    -0.109129,    -0.119875,     0.008745,
  1618.250,    -0.189005,    -0.077524,     0.011382,
  1618.300,    -0.365778,    -0.071774,     0.009750,
  1618.350,    -0.606415,    -0.087374,     0.008439,
  1618.400,    -0.952957,    -0.196099,     0.010369,
  1618.450,    -1.361152,    -0.348139,     0.010447,
  1618.500,    -1.771938,    -0.610612,     0.008810,
  1618.550,    -2.181542,    -0.952923,     0.009448,
  1618.600,    -2.424493,    -1.333053,     0.007628,
  1618.650,    -2.494461,    -1.743931,     0.004221,
  1618.700,    -2.368387,    -2.126887,     0.004468,
  1618.750,    -2.042676,    -2.394161,     0.004590,
  1618.800,    -1.623609,    -2.457728,     0.004145,
  1618.850,    -1.191803,    -2.309845,     0.004032,
  1618.900,    -0.806920,    -1.995652,     0.005207,
  1618.950,    -0.527857,    -1.602009,     0.001585,
  1619.000,    -0.311857,    -1.184876,     0.000339,
  1619.050,    -0.206922,    -0.797805,    -0.000414,
  1619.100,    -0.150645,    -0.520714,    -0.000953,
  1619.150,    -0.153038,    -0.297820,     0.005984,
  1619.200,    -0.197529,    -0.164513,    -0.000113,
  1619.250,    -0.267935,    -0.133796,    -0.003418,
  1619.300,    -0.335279,    -0.141140,     0.000069,
  1619.350,    -0.417737,    -0.189173,    -0.002985,
  1619.400,    -0.483090,    -0.272831,     0.000670,
  1619.450,    -0.520999,    -0.366149,    -0.000142,
  1619.500,    -0.579696,    -0.414662,    -0.000112,
  1619.550,    -0.605838,    -0.486669,    -0.000641,
  1619.600,    -0.585288,    -0.532702,    -0.002847,
  1619.650,    -0.593500,    -0.559336,    -0.004631,
  1619.700,    -0.622388,    -0.580338,    -0.004810,
  1619.750,    -0.630776,    -0.589772,    -0.002887,
  1619.800,    -0.659999,    -0.591029,    -0.002881,
  1619.850,    -0.701195,    -0.607447,     0.000469,
  1619.900,    -0.721883,    -0.624791,    -0.004548,
  1619.950,    -0.743198,    -0.651564,    -0.003735,
  1620.000,    -0.771458,    -0.699427,    -0.002721,
  1620.050,    -0.787762,    -0.712156,    -0.000197,
  1620.100,    -0.805673,    -0.740053,    -0.000013,
  1620.150,    -0.795309,    -0.779035,    -0.004498,
  1620.200,    -0.776473,    -0.777557,     0.000862,
  1620.250,    -0.785265,    -0.783301,    -0.000215,
  1620.300,    -0.775882,    -0.795376,    -0.002573,
  1620.350,    -0.768271,    -0.762885,    -0.000127,
  1620.400,    -0.777562,    -0.756703,     0.003541,
  1620.450,    -0.791890,    -0.755122,     0.006343,
  1620.500,    -0.801964,    -0.759587,     0.006116,
  1620.550,    -0.817482,    -0.770126,     0.001765,
  1620.600,    -0.839366,    -0.762379,     0.002674,
  1620.650,    -0.844857,    -0.799293,     0.004913,
  1620.700,    -0.831061,    -0.826538,     0.012010,
  1620.750,    -0.850089,    -0.825007,     0.011943,
  1620.800,    -0.852760,    -0.836559,     0.006329,
  1620.850,    -0.859003,    -0.864981,     0.007370,
  1620.900,    -0.867916,    -0.872562,     0.011384,
  1620.950,    -0.905773,    -0.863349,     0.002284,
  1621.000,    -0.919316,    -0.892779,     0.003931,
  1621.050,    -0.925068,    -0.900679,     0.004305,
  1621.100,    -0.953834,    -0.903279,     0.005743,
  1621.150,    -1.006846,    -0.929399,     0.008070,
  1621.200,    -1.029452,    -0.946151,     0.008163,
  1621.250,    -1.056964,    -0.973433,     0.001399,
  1621.300,    -1.062531,    -1.002156,     0.002999,
  1621.350,    -1.032885,    -1.031033,     0.006136,
  1621.400,    -1.001202,    -1.055723,     0.002067,
  1621.450,    -0.943124,    -1.082439,     0.004087,
  1621.500,    -0.907264,    -1.040745,     0.004045,
  1621.550,    -0.844170,    -1.007067,     0.002160,
  1621.600,    -0.814287,    -0.969472,     0.004576,
  1621.650,    -0.806544,    -0.923275,     0.005808,
  1621.700,    -0.812702,    -0.868363,     0.000923,
  1621.750,    -0.846281,    -0.839668,    -0.001787,
  1621.800,    -0.870702,    -0.839075,     0.006308,
  1621.850,    -0.896711,    -0.835832,     0.007021,
  1621.900,    -0.917825,    -0.868083,    -0.000160,
  1621.950,    -0.923117,    -0.905803,     0.000288,
  1622.000,    -0.924894,    -0.925178,     0.004408,
  1622.050,    -0.928439,    -0.925425,     0.001533,
  1622.100,    -0.913342,    -0.933014,    -0.001869,
  1622.150,    -0.902332,    -0.943333,    -0.001518,
  1622.200,    -0.889546,    -0.946160,    -0.001220,
  1622.250,    -0.864795,    -0.947706,    -0.000503,
  1622.300,    -0.842734,    -0.936598,    -0.002511,
  1622.350,    -0.821705,    -0.911204,    -0.003381,
  1622.400,    -0.792913,    -0.902913,    -0.005100,
  1622.450,    -0.775884,    -0.885350,    -0.004572,
  1622.500,    -0.716132,    -0.852988,    -0.002244,
  1622.550,    -0.650752,    -0.809969,    -0.002638,
  1622.600,    -0.597869,    -0.785377,    -0.004114,
  1622.650,    -0.519590,    -0.742969,    -0.006887,
  1622.700,    -0.399489,    -0.686576,    -0.002114,
  1622.750,    -0.286360,    -0.613374,     0.000787,
  1622.800,    -0.150119,    -0.510101,    -0.002718,
  1622.850,     0.001656,    -0.403846,     0.000013,
  1622.900,     0.091094,    -0.275957,     0.005631,
  1622.950,     0.102606,    -0.136301,    -0.000411,
  1623.000,     0.010595,    -0.013895,    -0.005264,
  1623.050,    -0.303378,     0.097326,     0.001333,
  1623.100,    -0.951064,     0.115637,     0.001766,
  1623.150,    -2.061335,     0.008123,     0.003702,
  1623.200,    -3.752512,    -0.326249,     0.004611,
  1623.250,    -6.073930,    -1.001347,     0.002614,
  1623.300,    -8.947021,    -2.122518,     0.002740,
  1623.350,   -12.071587,    -3.843026,     0.004367,
  1623.400,   -14.981495,    -6.190226,     0.005133,
  1623.450,   -16.981768,    -9.079033,     0.007888,
  1623.500,   -17.382759,   -12.222148,    -0.000147,
  1623.550,   -15.762869,   -15.132563,     0.003089,
  1623.600,   -12.106558,   -17.125555,     0.010610,
  1623.650,    -7.010871,   -17.493563,     0.009013,
  1623.700,    -1.479809,   -15.827166,     0.010787,
  1623.750,     3.410919,   -12.123533,     0.006782,
  1623.800,     6.836862,    -6.997025,     0.010055,
  1623.850,     8.446199,    -1.427215,     0.010487,
  1623.900,     8.324145,     3.484423,     0.006431,
  1623.950,     6.752357,     6.934489,     0.006794,
  1624.000,     4.229162,     8.513791,     0.005011,
  1624.050,     1.277437,     8.337132,     0.003679,
  1624.100,    -1.567182,     6.748450,     0.004875,
  1624.150,    -3.776838,     4.178412,     0.001870,
  1624.200,    -5.203713,     1.205607,     0.003958,
  1624.250,    -5.922524,    -1.618595,     0.002728,
  1624.300,    -6.147854,    -3.847212,    -0.000248,
  1624.350,    -5.976574,    -5.274983,     0.002215,
  1624.400,    -5.404981,    -5.999073,    -0.001694,
  1624.450,    -4.482260,    -6.210488,     0.000954,
  1624.500,    -3.514191,    -6.037645,    -0.000177,
  1624.550,    -2.719019,    -5.448199,     0.000954,
  1624.600,    -2.172553,    -4.513717,     0.001224,
  1624.650,    -1.781275,    -3.507028,    -0.001111,
  1624.700,    -1.451207,    -2.713990,    -0.003494,
  1624.750,    -1.122747,    -2.169706,    -0.002448,
  1624.800,    -0.791000,    -1.805950,     0.001547,
  1624.850,    -0.388851,    -1.469886,    -0.002378,
  1624.900,     0.143750,    -1.140785,    -0.000640,
  1624.950,     0.837548,    -0.812284,    -0.002546,
  1625.000,     1.701822,    -0.407357,    -0.002565,
  1625.050,     2.730505,     0.132472,    -0.000940,
  1625.100,     3.868141,     0.838794,    -0.003561,
  1625.150,     5.055409,     1.727241,    -0.005314,
  1625.200,     6.230889,     2.765705,    -0.005616,
  1625.250,     7.431183,     3.889177,     0.002079,
  1625.300,     8.682057,     5.077292,    -0.001386,
  1625.350,     9.973027,     6.273234,    -0.003425,
  1625.400,    11.405935,     7.478472,    -0.000808,
  1625.450,    12.989064,     8.746009,     0.004064,
  1625.500,    14.806150,    10.060120,    -0.000007,
  1625.550,    16.919986,    11.467869,     0.002827,
  1625.600,    19.395565,    13.071246,     0.002562,
  1625.650,    22.308651,    14.898890,    -0.001942,
  1625.700,    25.648310,    17.010325,    -0.003232,
  1625.750,    29.481848,    19.501218,    -0.003507,
  1625.800,    33.920476,    22.428147,    -0.004076,
  1625.850,    39.022512,    25.822997,    -0.008763,
  1625.900,    44.922452,    29.700968,    -0.007794,
  1625.950,    51.768643,    34.164119,    -0.004873,
  1626.000,    59.694770,    39.328189,    -0.004036,
  1626.050,    68.713622,    45.320874,    -0.008496,
  1626.100,    78.745374,    52.213222,    -0.010331,
  1626.150,    89.526911,    60.173804,    -0.008366,
  1626.200,   100.528857,    69.234329,    -0.003349,
  1626.250,   110.611303,    79.317423,    -0.000723,
  1626.300,   117.961201,    90.147328,    -0.002199,
  1626.350,   119.750270,   101.149397,    -0.003504,
  1626.400,   111.861663,   111.240914,     0.001835,
  1626.450,    88.707354,   118.577158,     0.017110,
  1626.500,    43.696770,   120.330037,     0.025176,
  1626.550,   -29.705704,   112.301036,     0.028887,
  1626.600,  -135.859484,    88.936240,     0.037870,
  1626.650,  -274.255056,    43.654300,     0.045437,
  1626.700,  -436.682159,   -30.080523,     0.049384,
  1626.750,  -605.741085,  -136.599317,     0.046033,
  1626.800,  -755.052122,  -275.383844,     0.040596,
  1626.850,  -851.607739,  -438.202199,     0.023653,
  1626.900,  -862.050822,  -607.466873,     0.020352,
  1626.950,  -766.482147,  -756.832510,     0.019252,
  1627.000,  -572.165983,  -853.304042,     0.028902,
  1627.050,  -313.384855,  -863.652525,     0.032794,
  1627.100,   -37.145409,  -767.964910,     0.036094,
  1627.150,   214.625824,  -573.556554,     0.031716,
  1627.200,   415.232377,  -314.836492,     0.019906,
  1627.250,   551.478387,   -38.717001,     0.007778,
  1627.300,   617.526638,   213.204124,     0.004847,
  1627.350,   614.503123,   414.370761,    -0.006387,
  1627.400,   554.393007,   551.418659,    -0.015836,
  1627.450,   459.746691,   618.154752,    -0.018395,
  1627.500,   355.963804,   615.650001,    -0.018253,
  1627.550,   260.640131,   555.920794,    -0.016259,
  1627.600,   179.330729,   461.606808,    -0.013423,
  1627.650,   111.433332,   358.092630,    -0.018089,
  1627.700,    58.403176,   262.795631,    -0.013559,
  1627.750,    24.939972,   181.288099,    -0.011210,
  1627.800,    12.465022,   113.143369,    -0.006387,
  1627.850,    14.192004,    59.884677,    -0.007529,
  1627.900,    19.212073,    26.164406,    -0.009335,
  1627.950,    20.741723,    13.388737,    -0.005794,
  1628.000,    18.381054,    14.807836,    -0.004238,
  1628.050,    13.634112,    19.605023,    -0.001740,
  1628.100,     6.323044,    20.976186,     0.003091,
  1628.150,    -3.798923,    18.573325,    -0.001959,
  1628.200,   -15.056328,    13.737354,    -0.001360,
  1628.250,   -24.781631,     6.294082,    -0.004440,
  1628.300,   -31.103356,    -3.942722,    -0.002504,
  1628.350,   -32.906092,   -15.291041,     0.000086,
  1628.400,   -29.652799,   -25.115936,    -0.002462,
  1628.450,   -22.578428,   -31.509963,    -0.001572,
  1628.500,   -14.479071,   -33.304194,    -0.000572,
  1628.550,    -7.796156,   -29.992888,    -0.000827,
  1628.600,    -3.505327,   -22.742302,    -0.004188,
  1628.650,    -1.833509,   -14.414926,    -0.003374,
  1628.700,    -2.774700,    -7.483234,     0.000207,
  1628.750,    -5.729799,    -2.984859,    -0.000674,
  1628.800,    -9.642204,    -1.164252,     0.001170,
  1628.850,   -13.632367,    -2.118112,     0.000458,
  1628.900,   -16.763125,    -5.174189,    -0.001018,
  1628.950,   -17.851110,    -9.286403,    -0.001158,
  1629.000,   -16.670917,   -13.634145,    -0.002344,
  1629.050,   -14.292722,   -17.083424,     0.000021,
  1629.100,   -11.495853,   -18.429742,    -0.005043,
  1629.150,    -8.266119,   -17.405915,     0.001771,
  1629.200,    -5.202564,   -14.983355,     0.002101,
  1629.250,    -3.404106,   -11.998510,     0.003081,
  1629.300,    -2.652573,    -8.593464,     0.000530,
  1629.350,    -2.037786,    -5.354663,    -0.001766,
  1629.400,    -1.708810,    -3.324842,     0.000388,
  1629.450,    -2.372051,    -2.418323,     0.001585,
  1629.500,    -3.710306,    -1.744800,     0.001504,
  1629.550,    -5.043661,    -1.435813,    -0.000925,
  1629.600,    -6.216092,    -2.146204,     0.003562,
  1629.650,    -7.183885,    -3.579164,     0.006993,
  1629.700,    -7.751052,    -5.007354,     0.008190,
  1629.750,    -8.192032,    -6.289650,     0.005264,
  1629.800,    -8.793060,    -7.321848,     0.010416,
  1629.850,    -9.307833,    -7.916487,     0.007055,
  1629.900,    -9.772335,    -8.401538,     0.002338,
  1629.950,   -11.276032,    -9.063405,     0.009588,
  1630.000,   -14.239613,    -9.528301,     0.012998,
  1630.050,   -17.751076,    -9.995554,     0.008534,
  1630.100,   -20.812855,   -11.552468,     0.002564,
  1630.150,   -23.289070,   -14.581446,     0.002593,
  1630.200,   -25.069858,   -18.110098,    -0.000103,
  1630.250,   -25.580036,   -21.159664,     0.000436,
  1630.300,   -23.841180,   -23.552278,    -0.000597,
  1630.350,   -19.232594,   -25.200944,     0.001527,
  1630.400,   -12.044208,   -25.526302,    -0.000536,
  1630.450,    -3.736222,   -23.619052,     0.000284,
  1630.500,     3.895711,   -18.819349,     0.002281,
  1630.550,     9.642735,   -11.499617,     0.002952,
  1630.600,    12.905421,    -3.149112,    -0.001401,
  1630.650,    13.686770,     4.452853,     0.002366,
  1630.700,    12.483709,    10.046533,    -0.001938,
  1630.750,     9.823429,    13.060233,    -0.000624,
  1630.800,     6.497759,    13.620158,    -0.004431,
  1630.850,     3.550224,    12.157680,    -0.004058,
  1630.900,     1.795618,     9.274574,    -0.006139,
  1630.950,     1.473479,     5.856123,    -0.000990,
  1631.000,     2.284868,     2.993944,     0.001313,
  1631.050,     3.410587,     1.406954,    -0.001641,
  1631.100,     3.875476,     1.309775,    -0.002354,
  1631.150,     3.534276,     2.395546,    -0.000551,
  1631.200,     2.886495,     3.763499,    -0.001153,
  1631.250,     2.105502,     4.322650,    -0.001539,
  1631.300,     1.171400,     3.926636,    -0.004419,
  1631.350,     0.320631,     3.166550,    -0.006040,
  1631.400,    -0.106753,     2.265575,    -0.002696,
  1631.450,    -0.154010,     1.160862,     0.000081,
  1631.500,     0.102914,     0.170592,     0.001106,
  1631.550,     0.435397,    -0.376537,     0.000390,
  1631.600,     0.589136,    -0.448203,     0.003053,
  1631.650,     0.659786,    -0.184167,    -0.000715,
  1631.700,     0.864421,     0.207198,    -0.001068,
  1631.750,     1.084237,     0.439720,     0.002919,
  1631.800,     1.212188,     0.576219,     0.003302,
  1631.850,     1.317282,     0.828175,     0.004425,
  1631.900,     1.301785,     1.151283,     0.006317,
  1631.950,     0.853328,     1.302174,     0.009906,
  1632.000,    -0.043323,     1.393799,     0.007851,
  1632.050,    -0.817869,     1.363982,     0.005477,
  1632.100,    -0.878589,     0.892051,     0.009491,
  1632.150,    -0.279292,    -0.002850,     0.005969,
  1632.200,     0.432505,    -0.749953,     0.004487,
  1632.250,     0.668865,    -0.775002,     0.006951,
  1632.300,     0.232964,    -0.086435,     0.006229,
  1632.350,    -0.602132,     0.719788,     0.003410,
  1632.400,    -1.513307,     0.976297,     0.007442,
  1632.450,    -2.476893,     0.479779,     0.005781,
  1632.500,    -3.383199,    -0.447088,     0.003082,
  1632.550,    -3.850896,    -1.509570,     0.005940,
  1632.600,    -3.542392,    -2.620741,     0.008627,
  1632.650,    -2.494909,    -3.634282,     0.009739,
  1632.700,    -1.001240,    -4.182021,     0.007045,
  1632.750,     0.520854,    -3.906807,     0.002628,
  1632.800,     1.787959,    -2.793900,     0.005077,
  1632.850,     2.642150,    -1.227206,     0.008860,
  1632.900,     3.005195,     0.409447,     0.005741,
  1632.950,     2.774032,     1.757836,     0.008190,
  1633.000,     1.827526,     2.638111,     0.011306,
  1633.050,     0.427813,     3.037544,     0.007576,
  1633.100,    -0.741195,     2.807701,     0.001302,
  1633.150,    -1.086416,     1.846147,     0.002285,
  1633.200,    -0.577797,     0.418482,     0.006233,
  1633.250,     0.276228,    -0.781082,     0.001232,
  1633.300,     0.961251,    -1.114038,     0.002963,
  1633.350,     1.389870,    -0.548134,    -0.001899,
  1633.400,     1.802560,     0.372960,    -0.004359,
  1633.450,     2.124445,     1.093779,     0.000326,
  1633.500,     1.984448,     1.532629,    -0.004200,
  1633.550,     1.340202,     1.931117,    -0.003692,
  1633.600,     0.626564,     2.205702,    -0.002924,
  1633.650,     0.399225,     2.028786,    -0.001583,
  1633.700,     0.765341,     1.294591,    -0.002100,
  1633.750,     1.368495,     0.509281,    -0.006135,
  1633.800,     1.774638,     0.259539,    -0.002950,
  1633.850,     2.010435,     0.637703,    -0.005738,
  1633.900,     2.470350,     1.288410,    -0.005353,
  1633.950,     3.385058,     1.735328,    -0.001722,
  1634.000,     4.594042,     2.004661,    -0.004292,
  1634.050,     5.528023,     2.524687,    -0.003959,
  1634.100,     5.636860,     3.538086,    -0.004880,
  1634.150,     4.855284,     4.817174,    -0.000398,
  1634.200,     3.319058,     5.771806,    -0.002198,
  1634.250,     1.525369,     5.894634,    -0.004071,
  1634.300,    -0.076967,     5.019867,    -0.000601,
  1634.350,    -1.108712,     3.374413,     0.002541,
  1634.400,    -1.379411,     1.468931,    -0.001077,
  1634.450,    -0.975769,    -0.234864,     0.001439,
  1634.500,    -0.062188,    -1.331142,     0.000953,
  1634.550,     1.030784,    -1.620024,     0.000524,
  1634.600,     1.814010,    -1.193751,     0.003692,
  1634.650,     2.071427,    -0.221375,     0.003143,
  1634.700,     1.980211,     0.944310,     0.001416,
  1634.750,     1.788641,     1.802740,     0.001399,
  1634.800,     1.486858,     2.103127,     0.003569,
  1634.850,     0.821355,     1.980898,     0.006838,
  1634.900,    -0.325109,     1.834150,     0.005295,
  1634.950,    -1.539216,     1.554471,     0.000738,
  1635.000,    -2.298373,     0.849765,     0.004496,
  1635.050,    -2.256528,    -0.364628,     0.002721,
  1635.100,    -1.489729,    -1.647068,     0.003138,
  1635.150,    -0.367827,    -2.463542,     0.009753,
  1635.200,     0.733163,    -2.393592,     0.001078,
  1635.250,     1.684055,    -1.539666,    -0.001802,
  1635.300,     2.439104,    -0.367061,     0.004270,
  1635.350,     2.803419,     0.786164,    -0.000927,
  1635.400,     2.730846,     1.800347,    -0.000530,
  1635.450,     2.589400,     2.567745,     0.001594,
  1635.500,     2.858269,     2.857418,    -0.003152,
  1635.550,     3.707274,     2.729597,    -0.000284,
  1635.600,     4.877094,     2.507415,     0.004657,
  1635.650,     6.094715,     2.725166,     0.004070,
  1635.700,     7.214142,     3.536522,     0.001764,
  1635.750,     8.030591,     4.719953,     0.002243,
  1635.800,     8.335325,     5.978758,     0.003258,
  1635.850,     7.992421,     7.139484,     0.004316,
  1635.900,     6.806555,     8.018270,    -0.001647,
  1635.950,     4.832471,     8.408722,     0.003032,
  1636.000,     2.472411,     8.099335,     0.007354,
  1636.050,     0.313863,     6.992960,     0.003420,
  1636.100,    -1.188070,     5.083596,    -0.002767,
  1636.150,    -2.023649,     2.715300,    -0.001633,
  1636.200,    -2.450612,     0.553834,     0.001427,
  1636.250,    -2.610122,    -0.974464,    -0.002727,
  1636.300,    -2.588954,    -1.866223,     0.000679,
  1636.350,    -2.433975,    -2.360050,     0.002881,
  1636.400,    -2.275486,    -2.625182,     0.003074,
  1636.450,    -2.172196,    -2.683920,     0.003571,
  1636.500,    -2.019470,    -2.569406,    -0.002270,
  1636.550,    -1.740405,    -2.462354,    -0.001696,
  1636.600,    -1.404444,    -2.381856,     0.001223,
  1636.650,    -1.065666,    -2.249739,     0.000449,
  1636.700,    -0.657449,    -1.943175,     0.001542,
  1636.750,    -0.076210,    -1.563875,     0.000305,
  1636.800,     0.625345,    -1.173989,    -0.004336,
  1636.850,     1.395170,    -0.740138,    -0.002170,
  1636.900,     2.246634,    -0.124872,    -0.001341,
  1636.950,     3.152629,     0.609759,    -0.001904,
  1637.000,     3.864890,     1.406203,    -0.005548,
  1637.050,     3.964950,     2.317221,    -0.007974,
  1637.100,     3.274866,     3.254949,    -0.003749,
  1637.150,     1.951715,     4.003688,     0.000023,
  1637.200,     0.477264,     4.135708,    -0.000519,
  1637.250,    -0.725891,     3.405202,    -0.002721,
  1637.300,    -1.462039,     1.985505,    -0.004871,
  1637.350,    -1.620952,     0.434592,    -0.003239,
  1637.400,    -1.195397,    -0.822254,    -0.005075,
  1637.450,    -0.335388,    -1.575648,     0.000405,
  1637.500,     0.725035,    -1.729813,    -0.000128,
  1637.550,     1.663219,    -1.255113,    -0.001088,
  1637.600,     2.363352,    -0.338612,     0.000637,
  1637.650,     2.851419,     0.763632,     0.003299,
  1637.700,     3.198326,     1.740224,     0.008515,
  1637.750,     3.303095,     2.460679,     0.006419,
  1637.800,     3.081604,     2.958997,     0.003908,
  1637.850,     2.748840,     3.299934,     0.003541,
  1637.900,     2.472449,     3.385711,     0.001791,
  1637.950,     2.150297,     3.162409,     0.001892,
  1638.000,     1.678066,     2.824086,    -0.002193,
  1638.050,     1.119926,     2.523193,     0.005136,
  1638.100,     0.640105,     2.167881,     0.007723,
  1638.150,     0.320206,     1.673464,     0.007448,
  1638.200,     0.278039,     1.097867,     0.004457,
  1638.250,     0.348236,     0.595649,     0.007182,
  1638.300,     0.252047,     0.267708,     0.009760,
  1638.350,    -0.119142,     0.215812,     0.006057,
  1638.400,    -0.704588,     0.300757,     0.003684,
  1638.450,    -1.133676,     0.210374,     0.002540,
  1638.500,    -1.150582,    -0.234144,     0.002039,
  1638.550,    -0.821306,    -0.859218,     0.009705,
  1638.600,    -0.159274,    -1.345800,     0.012044,
  1638.650,     0.820078,    -1.384178,     0.002899,
  1638.700,     2.065754,    -1.020408,     0.002281,
  1638.750,     3.278453,    -0.342018,     0.006589,
  1638.800,     4.171325,     0.725234,     0.001960,
  1638.850,     4.691968,     2.078701,     0.002175,
  1638.900,     4.807280,     3.398893,     0.006768,
  1638.950,     4.504536,     4.392974,    -0.000121,
  1639.000,     3.672218,     4.958612,    -0.005189,
  1639.050,     2.228246,     5.103479,     0.003174,
  1639.100,     0.267642,     4.824185,    -0.000183,
  1639.150,    -1.764728,     3.945542,     0.003292,
  1639.200,    -3.462191,     2.410317,     0.002573,
  1639.250,    -4.556796,     0.343592,    -0.003177,
  1639.300,    -4.932922,    -1.854028,    -0.000528,
  1639.350,    -4.454881,    -3.661547,    -0.001998,
  1639.400,    -3.134265,    -4.850082,    -0.003193,
  1639.450,    -1.145602,    -5.255514,    -0.005861,
  1639.500,     0.976880,    -4.758078,    -0.004021,
  1639.550,     2.738252,    -3.317165,    -0.001739,
  1639.600,     3.984154,    -1.240698,     0.002126,
  1639.650,     4.783530,     1.045305,    -0.005451,
  1639.700,     5.216192,     2.943423,    -0.006718,
  1639.750,     5.062534,     4.244858,    -0.006486,
  1639.800,     4.095528,     5.100088,    -0.003123,
  1639.850,     2.422345,     5.546860,    -0.000047,
  1639.900,     0.397829,     5.334418,    -0.003311,
  1639.950,    -1.423670,     4.304736,    -0.004167,
  1640.000,    -2.521734,     2.511987,    -0.003627,
  1640.050,    -2.784848,     0.352506,    -0.006950,
  1640.100,    -2.488371,    -1.575325,    -0.001745,
  1640.150,    -1.909958,    -2.746470,    -0.004096,
  1640.200,    -1.210350,    -3.031769,    -0.006580,
  1640.250,    -0.496395,    -2.697153,    -0.004161,
  1640.300,     0.051754,    -2.044046,     0.004999,
  1640.350,     0.278604,    -1.309203,     0.003767,
  1640.400,     0.288149,    -0.531349,    -0.000449,
  1640.450,     0.421141,     0.062713,     0.004541,
  1640.500,     0.999049,     0.293488,    -0.001594,
  1640.550,     1.968193,     0.269254,     0.003479,
  1640.600,     2.960979,     0.404838,     0.005084,
  1640.650,     3.682927,     1.032106,     0.000814,
  1640.700,     3.993062,     2.062719,    -0.002535,
  1640.750,     3.980533,     3.106748,     0.000399,
  1640.800,     3.717950,     3.840306,     0.001634,
  1640.850,     3.077605,     4.170689,     0.002093,
  1640.900,     1.952324,     4.128747,     0.002777,
  1640.950,     0.647807,     3.825790,     0.008947,
  1641.000,    -0.451787,     3.105605,     0.010261,
  1641.050,    -0.920155,     1.919317,     0.009362,
  1641.100,    -0.680330,     0.499471,     0.005105,
  1641.150,     0.237502,    -0.655401,     0.006760,
  1641.200,     1.690475,    -1.180790,     0.012633,
  1641.250,     3.508546,    -0.932680,     0.007543,
  1641.300,     5.390580,     0.065962,     0.005139,
  1641.350,     6.926995,     1.640657,     0.005183,
  1641.400,     7.512064,     3.587384,     0.002994,
  1641.450,     6.849465,     5.627009,     0.002576,
  1641.500,     5.127126,     7.283995,     0.006421,
  1641.550,     3.079295,     7.929273,     0.006194,
  1641.600,     1.229544,     7.229707,    -0.000798,
  1641.650,    -0.340257,     5.437746,     0.002017,
  1641.700,    -1.737914,     3.255428,    -0.003032,
  1641.750,    -2.705729,     1.287893,    -0.000986,
  1641.800,    -2.932878,    -0.430065,     0.001239,
  1641.850,    -2.501453,    -1.912394,     0.002753,
  1641.900,    -1.874274,    -2.921142,    -0.000110,
  1641.950,    -1.501964,    -3.164518,     0.001415,
  1642.000,    -1.479478,    -2.711609,     0.002650,
  1642.050,    -1.758355,    -2.023525,    -0.006457,
  1642.100,    -2.054468,    -1.612473,     0.002203,
  1642.150,    -2.134279,    -1.626222,    -0.001492,
  1642.200,    -1.759214,    -1.895577,    -0.009792,
  1642.250,    -0.724571,    -2.231396,    -0.000254,
  1642.300,     1.062756,    -2.317654,    -0.003081,
  1642.350,     3.303849,    -1.902629,    -0.001395,
  1642.400,     5.389029,    -0.786280,    -0.002778,
  1642.450,     6.760100,     1.129492,    -0.002063,
  1642.500,     6.934275,     3.499094,    -0.003351,
  1642.550,     5.740372,     5.749574,    -0.002556,
  1642.600,     3.564309,     7.199591,    -0.006826,
  1642.650,     1.017283,     7.364164,    -0.006486,
  1642.700,    -1.347308,     6.108811,    -0.001967,
  1642.750,    -3.255927,     3.760737,    -0.002339,
  1642.800,    -4.628711,     1.035424,    -0.007912,
  1642.850,    -5.176416,    -1.500944,    -0.003376,
  1642.900,    -4.479514,    -3.580921,    -0.001284,
  1642.950,    -2.319824,    -5.075783,    -0.001620,
  1643.000,     0.941461,    -5.654107,     0.004204,
  1643.050,     4.463911,    -4.892246,     0.000874,
  1643.100,     7.395058,    -2.572867,    -0.001837,
  1643.150,     9.006478,     0.931624,     0.001889,
  1643.200,     8.984334,     4.734468,    -0.000407,
  1643.250,     7.413387,     7.863014,    -0.000200,
  1643.300,     4.657822,     9.581584,     0.004891,
  1643.350,     1.334473,     9.571676,     0.003843,
  1643.400,    -1.777760,     7.899424,    -0.006378,
  1643.450,    -3.968009,     4.949290,     0.003884,
  1643.500,    -4.876571,     1.389123,     0.010184,
  1643.550,    -4.807100,    -1.934049,     0.005346,
  1643.600,    -4.164075,    -4.311451,     0.004594,
  1643.650,    -3.364283,    -5.354010,     0.005131,
  1643.700,    -2.471176,    -5.268690,     0.008057,
  1643.750,    -1.429795,    -4.557273,     0.005911,
  1643.800,    -0.342740,    -3.695180,     0.009385,
  1643.850,     0.617583,    -2.738433,     0.010648,
  1643.900,     1.353677,    -1.598857,     0.006983,
  1643.950,     1.926136,    -0.426964,     0.006875,
  1644.000,     2.446363,     0.606600,     0.008471,
  1644.050,     2.846870,     1.409146,     0.005417,
  1644.100,     3.042010,     2.057791,     0.007464,
  1644.150,     3.044021,     2.602047,     0.010568,
  1644.200,     2.924273,     3.052287,     0.009381,
  1644.250,     2.712445,     3.248419,     0.007239,
  1644.300,     2.257335,     3.271796,     0.010739,
  1644.350,     1.413618,     3.133470,     0.006504,
  1644.400,     0.148116,     2.880073,     0.004225,
  1644.450,    -1.343048,     2.369453,    -0.005375,
  1644.500,    -2.868083,     1.468208,    -0.002974,
  1644.550,    -4.156860,     0.140516,     0.001214,
  1644.600,    -4.892903,    -1.456805,    -0.000682,
  1644.650,    -4.735516,    -3.080571,    -0.005271,
  1644.700,    -3.565461,    -4.479910,    -0.003943,
  1644.750,    -1.580614,    -5.262017,     0.002716,
  1644.800,     0.810461,    -5.094079,    -0.003078,
  1644.850,     3.173249,    -3.856473,    -0.004481,
  1644.900,     5.153790,    -1.698483,    -0.002203,
  1644.950,     6.487420,     0.847717,    -0.006621,
  1645.000,     6.774357,     3.351845,     0.004352,
  1645.050,     5.876526,     5.478878,     0.002874,
  1645.100,     3.997706,     6.879348,     0.000467,
  1645.150,     1.695801,     7.193092,     0.003964,
  1645.200,    -0.380946,     6.209300,     0.003346,
  1645.250,    -1.829291,     4.192611,    -0.002607,
  1645.300,    -2.496543,     1.729110,    -0.000107,
  1645.350,    -2.353181,    -0.502945,    -0.004498,
  1645.400,    -1.495557,    -2.066343,    -0.005334,
  1645.450,    -0.249841,    -2.800311,    -0.007910,
  1645.500,     0.962117,    -2.672023,    -0.000288,
  1645.550,     1.703678,    -1.756019,    -0.000911,
  1645.600,     1.938755,    -0.414681,    -0.008412,
  1645.650,     1.803449,     0.885057,    -0.001708,
  1645.700,     1.605876,     1.681047,     0.002549,
  1645.750,     1.592740,     1.914041,     0.002378,
  1645.800,     1.770947,     1.801556,    -0.006421,
  1645.850,     2.015974,     1.604196,    -0.002239,
  1645.900,     2.328276,     1.597945,    -0.003515,
  1645.950,     2.763989,     1.796716,    -0.006305,
  1646.000,     3.268463,     2.086455,    -0.002409,
  1646.050,     3.585343,     2.404416,     0.001524,
  1646.100,     3.333029,     2.883028,     0.002170,
  1646.150,     2.204425,     3.470125,     0.000825,
  1646.200,     0.392013,     3.800494,    -0.000560,
  1646.250,    -1.522798,     3.519708,     0.000376,
  1646.300,    -3.049542,     2.324408,     0.003844,
  1646.350,    -4.029918,     0.377733,     0.011005,
  1646.400,    -4.500764,    -1.639211,     0.012378,
  1646.450,    -4.195194,    -3.273408,     0.010990,
  1646.500,    -2.688643,    -4.368732,     0.010065,
  1646.550,     0.000719,    -4.902630,     0.004394,
  1646.600,     3.180521,    -4.539004,     0.003089,
  1646.650,     5.973693,    -2.895854,     0.008408,
  1646.700,     7.645413,    -0.051166,     0.010579,
  1646.750,     7.896653,     3.371334,     0.012077,
  1646.800,     6.825980,     6.374152,     0.007625,
  1646.850,     4.837135,     8.159886,     0.008655,
  1646.900,     2.317062,     8.407146,     0.008735,
  1646.950,    -0.348688,     7.260378,     0.003804,
  1647.000,    -2.608074,     5.100806,     0.006036,
  1647.050,    -3.763333,     2.369490,     0.004245,
  1647.100,    -3.582564,    -0.467867,     0.006281,
  1647.150,    -2.399441,    -2.881076,     0.010924,
  1647.200,    -0.695441,    -4.160517,     0.007426,
  1647.250,     1.004087,    -4.009448,     0.007468,
  1647.300,     2.432329,    -2.728079,     0.003184,
  1647.350,     3.353209,    -0.931201,     0.003479,
  1647.400,     3.505643,     0.907262,     0.002965,
  1647.450,     2.861447,     2.466837,     0.001442,
  1647.500,     1.700672,     3.419829,     0.002868,
  1647.550,     0.621350,     3.613173,     0.006983,
  1647.600,     0.160602,     2.940241,    -0.001813,
  1647.650,     0.459487,     1.733533,    -0.007714,
  1647.700,     1.157394,     0.600073,    -0.000582,
  1647.750,     1.805298,     0.106117,    -0.002039,
  1647.800,     2.209185,     0.398465,    -0.001630,
  1647.850,     2.315345,     1.138148,    -0.000165,
  1647.900,     2.133671,     1.833618,    -0.003839,
  1647.950,     1.702780,     2.254569,    -0.005430,
  1648.000,     1.083290,     2.366573,    -0.007915,
  1648.050,     0.461864,     2.160168,    -0.002626,
  1648.100,    -0.065259,     1.678289,     0.000497,
  1648.150,    -0.414505,     1.088022,    -0.002756,
  1648.200,    -0.420156,     0.468325,    -0.000752,
  1648.250,    -0.061269,    -0.085080,    -0.002448,
  1648.300,     0.631202,    -0.424321,    -0.003514,
  1648.350,     1.489090,    -0.445310,    -0.005281,
  1648.400,     2.392529,    -0.052121,    -0.001428,
  1648.450,     3.145000,     0.676347,     0.001689,
  1648.500,     3.468066,     1.592305,     0.004203,
  1648.550,     2.999825,     2.568017,    -0.001325,
  1648.600,     1.730566,     3.345554,    -0.006085,
  1648.650,     0.115903,     3.660376,    -0.002297,
  1648.700,    -1.178101,     3.156357,    -0.002519,
  1648.750,    -1.759336,     1.812877,    -0.003145,
  1648.800,    -1.584365,     0.100915,    -0.000357,
  1648.850,    -1.014634,    -1.311793,     0.007354,
  1648.900,    -0.202361,    -1.930688,    -0.000176,
  1648.950,     0.834976,    -1.794235,    -0.003926,
  1649.000,     1.936667,    -1.199253,     0.002564,
  1649.050,     2.766370,    -0.342031,     0.001258,
  1649.100,     3.046639,     0.771827,     0.001038,
  1649.150,     2.799353,     1.928787,     0.006717,
  1649.200,     2.222316,     2.813558,     0.002502,
  1649.250,     1.559391,     3.133130,     0.007540,
  1649.300,     0.974715,     2.861016,     0.002215,
  1649.350,     0.631058,     2.236333,     0.002186,
  1649.400,     0.581079,     1.521251,     0.001858,
  1649.450,     0.924904,     0.906289,    -0.000267,
  1649.500,     1.554518,     0.542241,     0.007224,
  1649.550,     2.195868,     0.529363,     0.006538,
  1649.600,     2.621457,     0.919639,    -0.000092,
  1649.650,     2.698355,     1.593277,     0.001933,
  1649.700,     2.296010,     2.286626,     0.004598,
  1649.750,     1.567614,     2.769640,     0.007800,
  1649.800,     0.753197,     2.829136,     0.006898,
  1649.850,     0.137206,     2.390700,    -0.000150,
  1649.900,    -0.205863,     1.623867,     0.007178,
  1649.950,    -0.200288,     0.734181,     0.006824,
  1650.000,     0.257620,     0.053056,     0.005849,
  1650.050,     1.132930,    -0.300182,     0.003967,
  1650.100,     2.190199,    -0.330311,    -0.003288,
  1650.150,     3.171736,     0.160527,     0.003698,
  1650.200,     4.005579,     1.115636,     0.003367,
  1650.250,     4.554826,     2.248310,    -0.001387,
  1650.300,     4.556808,     3.317872,     0.004023,
  1650.350,     3.754347,     4.218050,     0.008377,
  1650.400,     2.133821,     4.802698,     0.001607,
  1650.450,     0.107595,     4.799560,     0.007856,
  1650.500,    -1.848530,     3.937437,     0.008839,
  1650.550,    -3.271187,     2.234988,     0.004679,
  1650.600,    -3.794928,     0.093360,    -0.002262,
  1650.650,    -3.268330,    -1.962899,     0.003269,
  1650.700,    -1.757271,    -3.475688,     0.004872,
  1650.750,     0.149124,    -4.036231,     0.003675,
  1650.800,     1.724138,    -3.473809,     0.003809,
  1650.850,     2.539930,    -1.886582,     0.005479,
  1650.900,     2.583108,     0.126319,     0.003563,
  1650.950,     2.059950,     1.818449,     0.003262,
  1651.000,     1.199501,     2.693813,    -0.001834,
  1651.050,     0.193993,     2.733047,     0.003217,
  1651.100,    -0.836798,     2.152289,     0.004870,
  1651.150,    -1.644560,     1.258361,     0.004571,
  1651.200,    -2.044984,     0.158188,    -0.000665,
  1651.250,    -1.937727,    -0.942973,     0.003084,
  1651.300,    -1.397501,    -1.804075,    -0.002161,
  1651.350,    -0.468050,    -2.231281,    -0.002544,
  1651.400,     0.607668,    -2.134919,    -0.003379,
  1651.450,     1.434221,    -1.592647,    -0.002623,
  1651.500,     1.785618,    -0.586536,     0.000290,
  1651.550,     1.692134,     0.569924,    -0.003815,
  1651.600,     1.248735,     1.485851,     0.003365,
  1651.650,     0.702323,     1.863712,    -0.002655,
  1651.700,     0.330810,     1.731539,    -0.003739,
  1651.750,     0.339981,     1.275343,    -0.002661,
  1651.800,     0.823766,     0.735871,    -0.000656,
  1651.850,     1.543963,     0.323951,    -0.005495,
  1651.900,     2.117940,     0.344839,    -0.000127,
  1651.950,     2.441255,     0.881324,     0.000114,
  1652.000,     2.425655,     1.640736,    -0.000801,
  1652.050,     2.065052,     2.277143,    -0.001115,
  1652.100,     1.296914,     2.580827,    -0.001962,
  1652.150,     0.224038,     2.568938,    -0.000090,
  1652.200,    -0.774609,     2.170394,    -0.002008,
  1652.250,    -1.267782,     1.352140,    -0.005338,
  1652.300,    -0.958297,     0.204674,    -0.005154,
  1652.350,     0.120466,    -0.882404,    -0.000541,
  1652.400,     1.410288,    -1.414204,     0.002885,
  1652.450,     2.491242,    -1.075575,    -0.002478,
  1652.500,     3.127572,     0.051595,    -0.000140,
  1652.550,     3.306195,     1.459865,    -0.000173,
  1652.600,     2.993430,     2.605237,     0.000710,
  1652.650,     2.217164,     3.283422,     0.003964,
  1652.700,     1.012422,     3.466495,     0.009029,
  1652.750,    -0.288985,     3.142623,     0.006356,
  1652.800,    -1.354395,     2.283277,     0.005334,
  1652.850,    -1.940820,     0.979266,     0.005438,
  1652.900,    -1.929964,    -0.404800,     0.007278,
  1652.950,    -1.437241,    -1.550247,     0.008594,
  1653.000,    -0.650984,    -2.182721,     0.003921,
  1653.050,     0.308816,    -2.153554,     0.005730,
  1653.100,     1.469211,    -1.634214,    -0.001505,
  1653.150,     2.576916,    -0.797085,     0.006879,
  1653.200,     3.365060,     0.248118,     0.007971,
  1653.250,     3.639213,     1.459119,     0.003955,
  1653.300,     3.447831,     2.663853,     0.010096,
  1653.350,     3.013112,     3.522087,     0.005931,
  1653.400,     2.394016,     3.822955,     0.003115,
  1653.450,     1.743435,     3.637938,     0.009952,
  1653.500,     1.207441,     3.161850,     0.005656,
  1653.550,     0.934915,     2.520111,     0.003937,
  1653.600,     1.106365,     1.814874,     0.009208,
  1653.650,     1.645876,     1.234400,     0.010434,
  1653.700,     2.204445,     0.964248,     0.001883,
  1653.750,     2.420350,     1.153447,     0.007842,
  1653.800,     2.099732,     1.694563,     0.001071,
  1653.850,     1.362538,     2.303654,     0.003096,
  1653.900,     0.446859,     2.495366,     0.001568,
  1653.950,    -0.405179,     2.154924,    -0.000093,
  1654.000,    -0.896468,     1.370564,    -0.001210,
  1654.050,    -0.885230,     0.382061,    -0.005557,
  1654.100,    -0.297120,    -0.531363,    -0.005366,
  1654.150,     0.707768,    -1.062805,    -0.001795,
  1654.200,     1.868963,    -1.035515,    -0.005552,
  1654.250,     3.027561,    -0.385731,    -0.007947,
  1654.300,     3.871639,     0.691815,    -0.010182,
  1654.350,     4.182525,     1.933382,    -0.003797,
  1654.400,     3.900258,     3.167818,    -0.007582,
  1654.450,     3.310647,     4.040509,    -0.009065,
  1654.500,     2.492209,     4.375167,    -0.007511,
  1654.550,     1.517848,     4.107046,    -0.006583,
  1654.600,     0.395315,     3.441271,     0.000073,
  1654.650,    -0.706917,     2.591825,    -0.005610,
  1654.700,    -1.521919,     1.536290,    -0.001665,
  1654.750,    -1.834629,     0.339489,    -0.002394,
  1654.800,    -1.629074,    -0.839023,    -0.006483,
  1654.850,    -1.128362,    -1.675263,    -0.002085,
  1654.900,    -0.379739,    -1.996982,    -0.005756,
  1654.950,     0.624863,    -1.820432,    -0.000955,
  1655.000,     1.784941,    -1.270407,     0.000840,
  1655.050,     2.823229,    -0.493290,     0.002576,
  1655.100,     3.535852,     0.607018,     0.001614,
  1655.150,     3.875215,     1.841395,     0.002354,
  1655.200,     3.890312,     2.976855,     0.005258,
  1655.250,     3.622741,     3.762788,     0.007405,
  1655.300,     3.020273,     4.141734,     0.003959,
  1655.350,     2.088104,     4.145293,     0.010225,
  1655.400,     0.848881,     3.864822,     0.009685,
  1655.450,    -0.372963,     3.244388,     0.006339,
  1655.500,    -1.282531,     2.195073,     0.005969,
  1655.550,    -1.638844,     0.900733,     0.009851,
  1655.600,    -1.560778,    -0.429988,     0.011366,
  1655.650,    -1.301307,    -1.408666,     0.008121,
  1655.700,    -0.945647,    -1.807847,     0.012474,
  1655.750,    -0.490623,    -1.769096,     0.012827,
  1655.800,     0.164732,    -1.473016,     0.008748,
  1655.850,     0.926483,    -1.085380,     0.007145,
  1655.900,     1.790166,    -0.577102,     0.008737,
  1655.950,     2.700878,     0.080463,     0.006620,
  1656.000,     3.484304,     0.942668,     0.007905,
  1656.050,     3.998050,     1.876642,     0.003947,
  1656.100,     3.928193,     2.847501,     0.006239,
  1656.150,     3.150618,     3.721898,     0.001404,
  1656.200,     1.808318,     4.248206,     0.005562,
  1656.250,     0.319027,     4.202214,     0.008221,
  1656.300,    -0.930269,     3.353246,     0.003723,
  1656.350,    -1.784131,     1.916903,     0.005615,
  1656.400,    -2.234377,     0.319465,    -0.000528,
  1656.450,    -2.418034,    -1.015867,    -0.004479,
  1656.500,    -2.400134,    -1.926385,    -0.004634,
  1656.550,    -2.228439,    -2.433142,    -0.004904,
  1656.600,    -1.980716,    -2.618615,    -0.005742,
  1656.650,    -1.555892,    -2.587156,    -0.006925,
  1656.700,    -0.794688,    -2.401076,    -0.008222,
  1656.750,     0.241460,    -2.161640,    -0.010156,
  1656.800,     1.406763,    -1.677688,    -0.009158,
  1656.850,     2.376391,    -0.860168,    -0.007737,
  1656.900,     2.934014,     0.249309,    -0.007828,
  1656.950,     2.881609,     1.487038,    -0.005874,
  1657.000,     2.375385,     2.530050,    -0.007641,
  1657.050,     1.610904,     3.091155,    -0.010871,
  1657.100,     0.810633,     3.094993,    -0.004270,
  1657.150,     0.105467,     2.552871,    -0.003896,
  1657.200,    -0.381345,     1.766720,    -0.009322,
  1657.250,    -0.575673,     0.884781,    -0.003816,
  1657.300,    -0.543067,     0.133546,    -0.005005,
  1657.350,    -0.279278,    -0.366438,    -0.004641,
  1657.400,     0.103325,    -0.600281,     0.001633,
  1657.450,     0.429081,    -0.555912,    -0.001077,
  1657.500,     0.487818,    -0.281646,     0.001747,
  1657.550,     0.338990,     0.095342,    -0.001733,
  1657.600,     0.217383,     0.421960,     0.000285,
  1657.650,     0.314655,     0.527875,     0.003464,
  1657.700,     0.714343,     0.364514,     0.000510,
  1657.750,     1.204249,     0.217246,     0.004172,
  1657.800,     1.648191,     0.330583,     0.010593,
  1657.850,     1.967115,     0.759865,     0.009895,
  1657.900,     1.973071,     1.271932,     0.005127,
  1657.950,     1.698970,     1.754661,     0.007395,
  1658.000,     1.238638,     2.053071,     0.009001,
  1658.050,     0.746551,     2.051475,     0.016619,
  1658.100,     0.332567,     1.749968,     0.005363,
  1658.150,    -0.023970,     1.257728,     0.009175,
  1658.200,    -0.330411,     0.738166,     0.014304,
  1658.250,    -0.445952,     0.284834,     0.012130,
  1658.300,    -0.352525,    -0.112484,     0.008436,
  1658.350,    -0.101577,    -0.434638,     0.011873,
  1658.400,     0.294714,    -0.599247,     0.007802,
  1658.450,     0.846456,    -0.513607,     0.008763,
  1658.500,     1.754014,    -0.238587,     0.004479,
  1658.550,     3.137826,     0.133237,     0.002751,
  1658.600,     4.784936,     0.732043,     0.007885,
  1658.650,     6.293159,     1.685146,     0.006051,
  1658.700,     7.220979,     3.120261,     0.000045,
  1658.750,     7.340910,     4.878546,     0.003363,
  1658.800,     6.704111,     6.469332,    -0.000013,
  1658.850,     5.588362,     7.482532,    -0.000656,
  1658.900,     4.273527,     7.620730,    -0.004445,
  1658.950,     2.973560,     6.938656,    -0.000188,
  1659.000,     1.884386,     5.741972,    -0.008946,
  1659.050,     1.136538,     4.359323,    -0.004509,
  1659.100,     0.855123,     2.981788,    -0.003207,
  1659.150,     1.012734,     1.775527,    -0.009466,
  1659.200,     1.480048,     0.980509,    -0.007512,
  1659.250,     1.993481,     0.699717,    -0.003230,
  1659.300,     2.504529,     0.885243,    -0.002792,
  1659.350,     3.067807,     1.351445,    -0.008877,
  1659.400,     3.570500,     1.931611,    -0.009160,
  1659.450,     3.762958,     2.507167,    -0.007686,
  1659.500,     3.484256,     3.134061,    -0.008369,
  1659.550,     2.933605,     3.689834,    -0.005549,
  1659.600,     2.278407,     3.875714,    -0.002609,
  1659.650,     1.462227,     3.622396,    -0.005238,
  1659.700,     0.460918,     3.076737,    -0.008918,
  1659.750,    -0.714982,     2.395314,    -0.007349,
  1659.800,    -1.836969,     1.571273,    -0.009643,
  1659.850,    -2.671006,     0.503013,    -0.004635,
  1659.900,    -3.095895,    -0.738879,    -0.000061,
  1659.950,    -3.083667,    -1.913048,    -0.005659,
  1660.000,    -2.689818,    -2.798245,    -0.001106,
  1660.050,    -2.092323,    -3.224781,     0.006201,
  1660.100,    -1.437784,    -3.221053,     0.006632,
  1660.150,    -0.857592,    -2.804620,     0.003480,
  1660.200,    -0.449013,    -2.148245,     0.005026,
  1660.250,    -0.236650,    -1.410656,     0.009919,
  1660.300,    -0.212677,    -0.797256,     0.007941,
  1660.350,    -0.253984,    -0.388298,     0.006610,
  1660.400,    -0.250350,    -0.171309,     0.008623,
  1660.450,     0.049518,    -0.143347,     0.005759,
  1660.500,     0.695380,    -0.234229,     0.008700,
  1660.550,     1.425553,    -0.228577,     0.009241,
  1660.600,     1.921299,     0.068801,     0.011186,
  1660.650,     1.990950,     0.701912,     0.004630,
  1660.700,     1.672329,     1.453997,     0.005870,
  1660.750,     1.220528,     1.984452,     0.008889,
  1660.800,     0.868320,     2.009002,     0.006094,
  1660.850,     0.650706,     1.682645,     0.009947,
  1660.900,     0.643087,     1.189318,     0.006263,
  1660.950,     0.997874,     0.793602,     0.008924,
  1661.000,     1.734650,     0.557561,     0.005873,
  1661.050,     2.614992,     0.544060,     0.003336,
  1661.100,     3.306588,     0.916237,     0.004138,
  1661.150,     3.567811,     1.670847,     0.004867,
  1661.200,     3.408566,     2.608497,     0.007374,
  1661.250,     3.074657,     3.331257,     0.002295,
  1661.300,     2.725695,     3.644647,    -0.003234,
  1661.350,     2.293124,     3.527449,     0.000124,
  1661.400,     1.778670,     3.179844,    -0.004412,
  1661.450,     1.175524,     2.787319,    -0.001896,
  1661.500,     0.690235,     2.367567,    -0.001823,
  1661.550,     0.522035,     1.812792,    -0.006374,
  1661.600,     0.457979,     1.181724,    -0.000598,
  1661.650,     0.303185,     0.711117,    -0.001955,
  1661.700,    -0.111438,     0.530947,    -0.002257,
  1661.750,    -0.623987,     0.488361,    -0.000051,
  1661.800,    -1.131048,     0.321276,    -0.010018,
  1661.850,    -1.568591,    -0.099044,    -0.006558,
  1661.900,    -2.026461,    -0.638216,    -0.006932,
  1661.950,    -2.476518,    -1.168492,    -0.007811,
  1662.000,    -2.736110,    -1.642323,    -0.003166,
  1662.050,    -2.621316,    -2.128541,     0.001781,
  1662.100,    -2.036593,    -2.609287,    -0.003735,
  1662.150,    -1.063342,    -2.854005,    -0.003798,
  1662.200,     0.090907,    -2.758244,     0.006592,
  1662.250,     1.171430,    -2.142191,     0.003862,
  1662.300,     1.967170,    -1.104436,     0.003264,
  1662.350,     2.418144,     0.149055,     0.000142,
  1662.400,     2.480746,     1.298726,     0.002177,
  1662.450,     2.120073,     2.152069,    -0.003110,
  1662.500,     1.356201,     2.652522,     0.003347,
  1662.550,     0.279992,     2.712479,     0.004258,
  1662.600,    -0.834280,     2.335582,     0.008813,
  1662.650,    -1.556831,     1.505367,     0.003839,
  1662.700,    -1.723679,     0.331977,     0.004806,
  1662.750,    -1.339490,    -0.850503,     0.006330,
  1662.800,    -0.576341,    -1.663087,     0.005291,
  1662.850,     0.475480,    -1.851653,     0.000159,
  1662.900,     1.537410,    -1.462013,     0.005750,
  1662.950,     2.301731,    -0.657694,     0.010767,
  1663.000,     2.490647,     0.470056,     0.002758,
  1663.050,     2.134119,     1.611680,     0.000508,
  1663.100,     1.478284,     2.417804,     0.004257,
  1663.150,     0.844895,     2.618604,     0.001282,
  1663.200,     0.328891,     2.236875,     0.004314,
  1663.250,    -0.119493,     1.566728,     0.007120,
  1663.300,    -0.438755,     0.909070,     0.005170,
  1663.350,    -0.623262,     0.335290,     0.000110,
  1663.400,    -0.596510,    -0.128584,     0.001021,
  1663.450,    -0.335339,    -0.489109,     0.004628,
  1663.500,     0.023574,    -0.683536,    -0.001027,
  1663.550,     0.463343,    -0.652590,     0.001524,
  1663.600,     0.880834,    -0.385626,    -0.002094,
  1663.650,     1.167699,    -0.017839,     0.004418,
  1663.700,     1.245882,     0.444444,    -0.003500,
  1663.750,     1.101920,     0.892524,     0.000242,
  1663.800,     0.844173,     1.193859,     0.001140,
  1663.850,     0.682828,     1.264822,     0.001439,
  1663.900,     0.754412,     1.118718,     0.000753,
  1663.950,     1.042322,     0.847465,     0.001282,
  1664.000,     1.512881,     0.643507,    -0.000370,
  1664.050,     2.058321,     0.751317,     0.000896,
  1664.100,     2.650006,     1.032894,    -0.000962,
  1664.150,     3.260102,     1.532328,     0.001848,
  1664.200,     3.742338,     2.102100,     0.003600,
  1664.250,     4.050664,     2.741598,    -0.003311,
  1664.300,     4.294847,     3.404021,    -0.002404,
  1664.350,     4.563592,     3.894127,     0.004371,
  1664.400,     4.826485,     4.234944,    -0.000951,
  1664.450,     4.971192,     4.445565,    -0.004379,
  1664.500,     5.088699,     4.695064,     0.002117,
  1664.550,     5.342674,     4.922722,    -0.001611,
  1664.600,     5.932824,     5.032285,    -0.003476,
  1664.650,     6.794396,     5.117767,     0.000868,
  1664.700,     7.443574,     5.328032,    -0.002854,
  1664.750,     7.657388,     5.959065,     0.004881,
  1664.800,     7.433632,     6.803674,     0.000665,
  1664.850,     6.980868,     7.490072,    -0.002800,
  1664.900,     6.455237,     7.701104,    -0.004775,
  1664.950,     5.831006,     7.466733,    -0.000418,
  1665.000,     5.163261,     7.052562,     0.002884,
  1665.050,     4.687007,     6.525639,     0.005094,
  1665.100,     4.490520,     5.904659,    -0.000638,
  1665.150,     4.439152,     5.249139,     0.000575,
  1665.200,     4.322333,     4.756499,    -0.000695,
  1665.250,     3.975827,     4.576828,    -0.000452,
  1665.300,     3.318064,     4.564673,    -0.003512,
  1665.350,     2.408099,     4.464241,    -0.000032,
  1665.400,     1.287478,     4.136214,     0.003572,
  1665.450,     0.043777,     3.484737,     0.007090,
  1665.500,    -1.171501,     2.536612,     0.004408,
  1665.550,    -2.190234,     1.379757,     0.000314,
  1665.600,    -2.927709,     0.066283,     0.000122,
  1665.650,    -3.225928,    -1.190168,     0.005826,
  1665.700,    -3.124191,    -2.290469,     0.003258,
  1665.750,    -2.720591,    -3.057807,     0.002548,
  1665.800,    -2.180303,    -3.343942,     0.005357,
  1665.850,    -1.841725,    -3.233995,     0.000571,
  1665.900,    -1.816447,    -2.801798,     0.002664,
  1665.950,    -2.188055,    -2.240085,     0.003229,
  1666.000,    -2.806750,    -1.840208,     0.006560,
  1666.050,    -3.573914,    -1.816641,     0.003382,
  1666.100,    -4.418000,    -2.159055,     0.003438,
  1666.150,    -5.121404,    -2.810039,     0.004558,
  1666.200,    -5.511794,    -3.625061,     0.007829,
  1666.250,    -5.408007,    -4.496968,     0.000031,
  1666.300,    -4.885357,    -5.200080,    -0.000627,
  1666.350,    -4.063840,    -5.598534,     0.005252,
  1666.400,    -3.174416,    -5.491304,     0.000118,
  1666.450,    -2.265035,    -4.919563,     0.003106,
  1666.500,    -1.622735,    -4.049773,     0.001895,
  1666.550,    -1.335001,    -3.068452,     0.006729,
  1666.600,    -1.671373,    -2.156278,     0.006275,
  1666.650,    -2.626925,    -1.446474,     0.004251,
  1666.700,    -3.949466,    -1.194588,     0.007061,
  1666.750,    -5.120932,    -1.559614,     0.002541,
  1666.800,    -5.707606,    -2.610727,     0.000945,
  1666.850,    -5.529597,    -4.017934,     0.001998,
  1666.900,    -4.648692,    -5.278189,     0.001337,
  1666.950,    -3.358925,    -5.879807,    -0.000992,
  1667.000,    -1.947549,    -5.673035,    -0.000829,
  1667.050,    -0.802073,    -4.734952,     0.000855,
  1667.100,    -0.173433,    -3.323569,    -0.000496,
  1667.150,    -0.179503,    -1.801270,    -0.003499,
  1667.200,    -0.534701,    -0.609589,    -0.004511,
  1667.250,    -0.884212,     0.036913,    -0.002647,
  1667.300,    -0.924778,     0.033841,    -0.005171,
  1667.350,    -0.619146,    -0.348014,    -0.003368,
  1667.400,    -0.066567,    -0.789643,    -0.002512,
  1667.450,     0.572856,    -0.890134,     0.000649,
  1667.500,     1.190201,    -0.600818,     0.001066,
  1667.550,     1.724577,    -0.031359,     0.001023,
  1667.600,     2.189065,     0.591116,    -0.001252,
  1667.650,     2.567891,     1.222721,     0.003616,
  1667.700,     2.936215,     1.755580,    -0.000687,
  1667.750,     3.368659,     2.199291,     0.000806,
  1667.800,     3.932578,     2.543486,    -0.001001,
  1667.850,     4.739993,     2.887557,    -0.001464,
  1667.900,     5.690779,     3.308350,     0.005801,
  1667.950,     6.628841,     3.920214,    -0.002161,
  1668.000,     7.320574,     4.728247,    -0.001488,
  1668.050,     7.809121,     5.719417,     0.006323,
  1668.100,     8.124452,     6.709065,     0.005033,
  1668.150,     8.371679,     7.467423,     0.002691,
  1668.200,     8.468302,     7.970446,     0.003248,
  1668.250,     8.080904,     8.313012,     0.010388,
  1668.300,     7.133336,     8.562235,     0.010345,
  1668.350,     5.769263,     8.631434,     0.007115,
  1668.400,     4.391667,     8.193162,     0.004093,
  1668.450,     3.318721,     7.142518,     0.007332,
  1668.500,     2.630589,     5.719724,     0.000598,
  1668.550,     2.350007,     4.280513,     0.004999,
  1668.600,     2.576755,     3.139489,     0.004447,
  1668.650,     3.198997,     2.404705,     0.002092,
  1668.700,     3.999822,     2.141270,     0.005963,
  1668.750,     4.575049,     2.421571,    -0.001406,
  1668.800,     4.759193,     3.134096,     0.004495,
  1668.850,     4.591892,     4.018293,     0.002824,
  1668.900,     4.128152,     4.675298,     0.010227,
  1668.950,     3.326819,     4.926007,     0.000257,
  1669.000,     2.322837,     4.776860,    -0.001781,
  1669.050,     1.308210,     4.290919,    -0.001636,
  1669.100,     0.595273,     3.477075,    -0.000585,
  1669.150,     0.297780,     2.435359,    -0.001352,
  1669.200,     0.305948,     1.399322,     0.000003,
  1669.250,     0.400055,     0.704683,    -0.005639,
  1669.300,     0.457898,     0.384288,    -0.003610,
  1669.350,     0.460393,     0.402077,     0.002331,
  1669.400,     0.409124,     0.480567,     0.000052,
  1669.450,     0.349456,     0.503144,    -0.000009,
  1669.500,     0.130407,     0.467499,    -0.005759,
  1669.550,    -0.090179,     0.427364,    -0.001193,
  1669.600,    -0.270828,     0.342480,     0.004736,
  1669.650,    -0.339400,     0.136505,    -0.002391,
  1669.700,    -0.275229,    -0.118072,    -0.003786,
  1669.750,    -0.130008,    -0.314044,    -0.005021,
  1669.800,     0.141061,    -0.345427,    -0.001857,
  1669.850,     0.552851,    -0.283695,    -0.005661,
  1669.900,     0.912743,    -0.104249,    -0.003908,
  1669.950,     1.097378,     0.193024,    -0.001521,
  1670.000,     0.961513,     0.620873,     0.000329,
  1670.050,     0.409895,     1.022045,    -0.000516,
  1670.100,    -0.542108,     1.255514,     0.006891,
  1670.150,    -1.680438,     1.085880,     0.005355,
  1670.200,    -2.929596,     0.484390,     0.006595,
  1670.250,    -3.991426,    -0.519557,     0.001293,
  1670.300,    -4.630100,    -1.744034,     0.005248,
  1670.350,    -4.583350,    -3.052837,     0.005683,
  1670.400,    -3.784249,    -4.192625,     0.005327,
  1670.450,    -2.528765,    -4.871893,     0.004285,
  1670.500,    -1.017067,    -4.825682,     0.006206,
  1670.550,     0.461491,    -4.000582,     0.006425,
  1670.600,     1.800786,    -2.658568,     0.008662,
  1670.650,     2.805817,    -1.071755,     0.005408,
  1670.700,     3.240878,     0.485978,     0.008661,
  1670.750,     3.049132,     1.894552,     0.003695,
  1670.800,     2.376811,     2.933516,     0.009128,
  1670.850,     1.398266,     3.411537,     0.008768,
  1670.900,     0.453848,     3.192661,     0.006193,
  1670.950,    -0.318803,     2.448630,     0.001722,
  1671.000,    -0.809341,     1.430026,     0.003501,
  1671.050,    -0.870397,     0.408478,    -0.001461,
  1671.100,    -0.475724,    -0.451436,    -0.000331,
  1671.150,     0.214186,    -0.960817,     0.003347,
  1671.200,     1.024214,    -1.060193,    -0.001302,
  1671.250,     1.778292,    -0.663694,     0.002558,
  1671.300,     2.473965,     0.062822,    -0.007331,
  1671.350,     3.099438,     0.883004,    -0.006874,
  1671.400,     3.708300,     1.683465,    -0.003734,
  1671.450,     4.324896,     2.433776,    -0.000790,
  1671.500,     5.052263,     3.137004,     0.001626,
  1671.550,     5.670618,     3.789860,    -0.004008,
  1671.600,     5.955826,     4.497620,    -0.002570,
  1671.650,     5.764591,     5.222535,    -0.006782,
  1671.700,     5.156756,     5.901816,    -0.006268,
  1671.750,     4.290446,     6.195639,     0.002850,
  1671.800,     3.285729,     5.981187,    -0.002890,
  1671.850,     2.175086,     5.335014,     0.003349,
  1671.900,     1.058998,     4.410735,     0.002240,
  1671.950,     0.113251,     3.321650,    -0.000816,
  1672.000,    -0.538660,     2.132569,     0.001791,
  1672.050,    -0.779528,     0.935982,    -0.000179,
  1672.100,    -0.575330,    -0.097018,    -0.001098,
  1672.150,     0.173472,    -0.778452,     0.000732,
  1672.200,     1.450375,    -1.038260,    -0.001878,
  1672.250,     3.036346,    -0.783239,     0.000447,
  1672.300,     4.446044,     0.004783,     0.003821,
  1672.350,     5.326435,     1.387401,     0.003477,
  1672.400,     5.400642,     3.077046,     0.003990,
  1672.450,     4.737081,     4.595813,     0.000798,
  1672.500,     3.475388,     5.531017,     0.004029,
  1672.550,     1.947259,     5.600975,     0.004351,
  1672.600,     0.479850,     4.902975,     0.008596,
  1672.650,    -0.659065,     3.582044,     0.003965,
  1672.700,    -1.359800,     1.961807,     0.002056,
  1672.750,    -1.622408,     0.388899,     0.008772,
  1672.800,    -1.488008,    -0.792903,     0.005021,
  1672.850,    -1.016753,    -1.559035,     0.001553,
  1672.900,    -0.385496,    -1.835454,     0.010530,
  1672.950,     0.274462,    -1.664866,     0.007575,
  1673.000,     0.800360,    -1.176190,     0.005113,
  1673.050,     1.191768,    -0.496011,     0.003873,
  1673.100,     1.431632,     0.210725,     0.004461,
  1673.150,     1.573660,     0.794993,     0.002964,
  1673.200,     1.664404,     1.214705,     0.004073,
  1673.250,     1.784190,     1.474065,     0.000846,
  1673.300,     1.900305,     1.639771,     0.007075,
  1673.350,     2.025381,     1.766697,     0.008425,
  1673.400,     2.024826,     1.904042,     0.001372,
  1673.450,     1.875819,     2.052326,    -0.002966,
  1673.500,     1.554258,     2.186667,    -0.002871,
  1673.550,     1.054026,     2.189667,     0.005133,
  1673.600,     0.388310,     2.027777,    -0.002693,
  1673.650,    -0.406964,     1.665004,    -0.006077,
  1673.700,    -1.229106,     1.127236,    -0.004044,
  1673.750,    -1.962454,     0.401514,    -0.007387,
  1673.800,    -2.490120,    -0.456556,    -0.005902,
  1673.850,    -2.685506,    -1.329903,    -0.006592,
  1673.900,    -2.362843,    -2.109243,    -0.002173,
  1673.950,    -1.518234,    -2.672158,     0.000614,
  1674.000,    -0.383175,    -2.853025,    -0.003961,
  1674.050,     0.795604,    -2.533091,    -0.002174,
  1674.100,     1.916331,    -1.651755,     0.001366,
  1674.150,     2.789567,    -0.453523,    -0.003782,
  1674.200,     3.217231,     0.815121,    -0.001609,
  1674.250,     3.034947,     1.977493,     0.000894,
  1674.300,     2.405137,     2.902698,    -0.000606,
  1674.350,     1.625455,     3.339133,     0.001902,
  1674.400,     1.005744,     3.147577,     0.005496,
  1674.450,     0.630793,     2.474950,     0.001108,
  1674.500,     0.446245,     1.639727,    -0.000323,
  1674.550,     0.351052,     0.968594,     0.009976,
  1674.600,     0.389371,     0.576112,     0.006499,
  1674.650,     0.544109,     0.331323,     0.002161,
  1674.700,     0.773011,     0.255601,     0.008103,
  1674.750,     1.028994,     0.251998,     0.004186,
  1674.800,     1.252774,     0.431632,     0.007222,
  1674.850,     1.634463,     0.652575,     0.000577,
  1674.900,     2.114199,     0.917843,     0.005880,
  1674.950,     2.571485,     1.179706,     0.003725,
  1675.000,     2.784579,     1.596654,     0.005321,
  1675.050,     2.709075,     2.116539,     0.003717,
  1675.100,     2.360673,     2.621316,     0.005953,
  1675.150,     1.792893,     2.884645,     0.005919,
  1675.200,     1.126967,     2.842668,     0.002827,
  1675.250,     0.338397,     2.499815,    -0.000564,
  1675.300,    -0.480742,     1.903486,    -0.000837,
  1675.350,    -1.257102,     1.192339,     0.003252,
  1675.400,    -1.925573,     0.383384,     0.004878,
  1675.450,    -2.395789,    -0.486416,     0.000020,
  1675.500,    -2.684343,    -1.358856,     0.000986,
  1675.550,    -2.787739,    -2.050295,     0.006782,
  1675.600,    -2.641809,    -2.544545,     0.006748,
  1675.650,    -2.257674,    -2.818688,    -0.001925,
  1675.700,    -1.600577,    -2.911071,    -0.002940,
  1675.750,    -0.827331,    -2.789953,     0.002985,
  1675.800,    -0.125283,    -2.338151,     0.004880,
  1675.850,     0.341016,    -1.632665,     0.002486,
  1675.900,     0.516054,    -0.815731,    -0.006182,
  1675.950,     0.329393,    -0.039722,    -0.001953,
  1676.000,    -0.049159,     0.452451,    -0.000158,
  1676.050,    -0.503710,     0.631833,    -0.003568,
  1676.100,    -0.866055,     0.429057,    -0.006188,
  1676.150,    -0.955045,     0.003875,    -0.005154,
  1676.200,    -0.630189,    -0.524078,     0.000764,
  1676.250,     0.105840,    -0.917231,     0.000990,
  1676.300,     1.172073,    -1.026849,    -0.002849,
  1676.350,     2.289113,    -0.739511,    -0.001148,
  1676.400,     3.243003,     0.061564,    -0.000963,
  1676.450,     3.857165,     1.136488,    -0.000569,
  1676.500,     4.089905,     2.296843,    -0.001554,
  1676.550,     4.063796,     3.266982,     0.002643,
  1676.600,     3.989128,     3.877250,     0.008069,
  1676.650,     3.914180,     4.110587,     0.004116,
  1676.700,     3.756900,     4.057056,    -0.000807,
  1676.750,     3.584986,     3.970703,     0.003801,
  1676.800,     3.420320,     3.885809,     0.004020,
  1676.850,     3.201367,     3.751709,    -0.000272,
  1676.900,     2.902589,     3.606453,     0.002937,
  1676.950,     2.390258,     3.419206,     0.003761,
  1677.000,     1.692890,     3.220927,     0.007398,
  1677.050,     0.838176,     2.897958,     0.008791,
  1677.100,    -0.021831,     2.428987,     0.003202,
  1677.150,    -0.795150,     1.723588,     0.007353,
  1677.200,    -1.503199,     0.860726,     0.004429,
  1677.250,    -2.215358,    -0.001927,     0.009205,
  1677.300,    -2.893441,    -0.804428,     0.008233,
  1677.350,    -3.525178,    -1.520904,     0.005736,
  1677.400,    -3.939173,    -2.226664,     0.005849,
  1677.450,    -4.008051,    -2.926704,     0.004642,
  1677.500,    -3.669244,    -3.610735,     0.006884,
  1677.550,    -3.024461,    -4.025894,     0.005744,
  1677.600,    -2.176370,    -4.085726,     0.006810,
  1677.650,    -1.277068,    -3.749417,    -0.000773,
  1677.700,    -0.365036,    -3.089105,     0.004737,
  1677.750,     0.524045,    -2.255187,     0.004601,
  1677.800,     1.299804,    -1.326156,    -0.000523,
  1677.850,     1.935506,    -0.414525,     0.003795,
  1677.900,     2.510750,     0.452047,    -0.001431,
  1677.950,     2.971814,     1.215503,    -0.001760,
  1678.000,     3.335422,     1.867822,    -0.004087,
  1678.050,     3.471543,     2.447132,    -0.005808,
  1678.100,     3.281239,     2.946269,     0.003064,
  1678.150,     2.806793,     3.329762,     0.000609,
  1678.200,     2.129489,     3.461490,    -0.002430,
  1678.250,     1.346657,     3.286942,    -0.005402,
  1678.300,     0.555523,     2.820437,    -0.002339,
  1678.350,    -0.208115,     2.110837,    -0.004392,
  1678.400,    -0.942106,     1.350681,     0.000294,
  1678.450,    -1.427386,     0.545600,    -0.004186,
  1678.500,    -1.611566,    -0.254601,    -0.001712,
  1678.550,    -1.479549,    -0.950069,    -0.001865,
  1678.600,    -1.118660,    -1.446930,    -0.003068,
  1678.650,    -0.628111,    -1.623106,    -0.001123,
  1678.700,    -0.138829,    -1.444168,     0.001868,
  1678.750,     0.321093,    -1.059323,    -0.002234,
  1678.800,     0.733408,    -0.542013,    -0.002604,
  1678.850,     0.948014,    -0.018378,     0.000291,
  1678.900,     1.017998,     0.425745,    -0.002296,
  1678.950,     0.978949,     0.790540,     0.000275,
  1679.000,     0.975542,     0.984693,     0.003745,
  1679.050,     1.067715,     1.013227,     0.000700,
  1679.100,     1.237974,     0.944345,     0.002437,
  1679.150,     1.399757,     0.879909,     0.004742,
  1679.200,     1.475578,     0.987428,     0.007848,
  1679.250,     1.426245,     1.153498,     0.009319,
  1679.300,     1.287055,     1.336168,     0.009429,
  1679.350,     1.157350,     1.444655,     0.004473,
  1679.400,     1.012212,     1.384619,     0.008396,
  1679.450,     0.818577,     1.276190,     0.009221,
  1679.500,     0.514187,     1.151998,     0.001489,
  1679.550,     0.142482,     1.036389,     0.013408,
  1679.600,    -0.097664,     0.822260,     0.004862,
  1679.650,    -0.131261,     0.489344,     0.000621,
  1679.700,     0.095741,     0.111605,     0.005452,
  1679.750,     0.592882,    -0.136383,     0.007446,
  1679.800,     1.268232,    -0.183329,     0.007373,
  1679.850,     2.050516,     0.089244,     0.005540,
  1679.900,     2.889207,     0.565430,     0.004603,
  1679.950,     3.596270,     1.250601,     0.003310,
  1680.000,     3.950616,     2.055370,     0.002698,
  1680.050,     3.954167,     2.926242,    -0.001131,
  1680.100,     3.741437,     3.609281,    -0.002730,
  1680.150,     3.587964,     3.957772,     0.003682,
  1680.200,     3.624316,     3.925172,    -0.000596,
  1680.250,     3.755233,     3.677354,    -0.005133,
  1680.300,     3.882455,     3.490739,    -0.004167,
  1680.350,     3.862247,     3.503816,    -0.004204,
  1680.400,     3.731111,     3.660714,    -0.002859,
  1680.450,     3.442771,     3.784592,    -0.002939,
  1680.500,     2.875805,     3.824643,    -0.002115,
  1680.550,     2.001716,     3.731541,    -0.004423,
  1680.600,     0.870688,     3.510038,    -0.008327,
  1680.650,    -0.220302,     2.993122,    -0.005244,
  1680.700,    -1.037965,     2.112110,    -0.002474,
  1680.750,    -1.477262,     1.024903,    -0.008802,
  1680.800,    -1.580691,    -0.076396,    -0.004892,
  1680.850,    -1.368285,    -0.928485,    -0.000633,
  1680.900,    -0.887076,    -1.375108,    -0.002234,
  1680.950,    -0.241337,    -1.509035,    -0.001642,
  1681.000,     0.390615,    -1.330337,     0.006073,
  1681.050,     0.887469,    -0.869043,    -0.000096,
  1681.100,     1.202622,    -0.272924,     0.005455,
  1681.150,     1.430533,     0.316817,     0.009990,
  1681.200,     1.687165,     0.762311,     0.005226,
  1681.250,     1.959136,     1.087771,     0.001825,
  1681.300,     2.242295,     1.309974,     0.006260,
  1681.350,     2.535969,     1.551823,     0.000311,
  1681.400,     2.714124,     1.865516,     0.003450,
  1681.450,     2.822702,     2.190166,     0.005129,
  1681.500,     2.793847,     2.495474,     0.006658,
  1681.550,     2.719226,     2.731245,     0.006139,
  1681.600,     2.554135,     2.832177,     0.007126,
  1681.650,     2.295502,     2.826116,     0.015161,
  1681.700,     1.908631,     2.733490,     0.003672,
  1681.750,     1.457791,     2.577436,     0.010400,
  1681.800,     0.961811,     2.285596,     0.013619,
  1681.850,     0.589424,     1.884823,     0.012384,
  1681.900,     0.355718,     1.385372,     0.009412,
  1681.950,     0.281129,     0.872870,     0.007193,
  1682.000,     0.351842,     0.476956,     0.010195,
  1682.050,     0.544234,     0.241674,     0.005153,
  1682.100,     0.792621,     0.182498,     0.003800,
  1682.150,     1.058907,     0.282745,     0.005180,
  1682.200,     1.322420,     0.487860,     0.004870,
  1682.250,     1.596172,     0.765049,     0.003009,
  1682.300,     1.885228,     1.076061,     0.000873,
  1682.350,     2.232500,     1.345877,    -0.002153,
  1682.400,     2.524960,     1.614656,    -0.000491,
  1682.450,     2.644388,     1.934996,    -0.004578,
  1682.500,     2.598227,     2.317847,    -0.008205,
  1682.550,     2.441506,     2.571037,    -0.004009,
  1682.600,     2.190098,     2.715450,    -0.004249,
  1682.650,     1.897964,     2.695597,    -0.008365,
  1682.700,     1.533627,     2.511846,    -0.008862,
  1682.750,     1.182176,     2.259730,    -0.005765,
  1682.800,     0.851792,     1.937984,    -0.009417,
  1682.850,     0.573156,     1.593883,    -0.009974,
  1682.900,     0.387001,     1.197974,    -0.005709,
  1682.950,     0.283311,     0.856578,    -0.004610,
  1683.000,     0.207683,     0.591795,    -0.001537,
  1683.050,     0.205129,     0.388310,    -0.001445,
  1683.100,     0.396321,     0.239085,    -0.004635,
  1683.150,     0.736443,     0.154335,    -0.000164,
  1683.200,     1.209020,     0.169285,    -0.006535,
  1683.250,     1.719652,     0.348151,    -0.002417,
  1683.300,     2.128192,     0.705455,    -0.003535,
  1683.350,     2.333363,     1.189040,    -0.003330,
  1683.400,     2.365628,     1.704080,     0.003590,
  1683.450,     2.278118,     2.117921,     0.001534,
  1683.500,     2.166052,     2.352159,     0.004153,
  1683.550,     2.068962,     2.378809,     0.001641,
  1683.600,     1.844321,     2.300817,     0.005833,
  1683.650,     1.501952,     2.207273,     0.007208,
  1683.700,     0.992188,     2.084502,     0.005077,
  1683.750,     0.355266,     1.861927,     0.013359,
  1683.800,    -0.329873,     1.496297,     0.009178,
  1683.850,    -0.948576,     0.958744,     0.009045,
  1683.900,    -1.494846,     0.295860,     0.009239,
  1683.950,    -1.737665,    -0.417423,     0.017440,
  1684.000,    -1.519995,    -1.076099,     0.009853,
  1684.050,    -0.847947,    -1.664791,     0.003313,
  1684.100,     0.057619,    -1.881292,     0.005122,
  1684.150,     1.003495,    -1.641991,     0.009862,
  1684.200,     1.804227,    -0.908922,     0.010034,
  1684.250,     2.404544,     0.057908,     0.008139,
  1684.300,     2.760414,     1.052434,     0.009492,
  1684.350,     2.940113,     1.909970,     0.007706,
  1684.400,     2.901433,     2.528583,     0.003871,
  1684.450,     2.764386,     2.910504,     0.002666,
  1684.500,     2.579704,     3.039462,     0.005399,
  1684.550,     2.336518,     2.959035,     0.007828,
  1684.600,     1.962468,     2.770499,     0.007202,
  1684.650,     1.432767,     2.537622,     0.001277,
  1684.700,     0.814566,     2.230924,     0.001473,
  1684.750,     0.185717,     1.831384,    -0.003802,
  1684.800,    -0.320938,     1.285302,    -0.000783,
  1684.850,    -0.601963,     0.667263,    -0.001086,
  1684.900,    -0.575065,     0.041377,    -0.002844,
  1684.950,    -0.286483,    -0.428136,    -0.008593,
  1685.000,     0.233987,    -0.708761,    -0.001138,
  1685.050,     0.918366,    -0.672982,    -0.008924,
  1685.100,     1.626674,    -0.345578,    -0.016803,
  1685.150,     2.282201,     0.219219,    -0.012962,
  1685.200,     2.700228,     0.930121,    -0.013213,
  1685.250,     2.777016,     1.662913,    -0.010348,
  1685.300,     2.479686,     2.336706,    -0.013782,
  1685.350,     1.945652,     2.790813,    -0.013807,
  1685.400,     1.408691,     2.837893,    -0.012394,
  1685.450,     0.936558,     2.526431,    -0.015114,
  1685.500,     0.597573,     1.958973,    -0.010477,
  1685.550,     0.368289,     1.391149,    -0.005665,
  1685.600,     0.205141,     0.930255,    -0.005895,
  1685.650,     0.148344,     0.562372,    -0.001595,
  1685.700,     0.102262,     0.322827,    -0.002185,
  1685.750,     0.048602,     0.155830,    -0.000433,
  1685.800,    -0.028258,     0.091455,     0.002375,
  1685.850,    -0.076540,     0.074935,     0.003844,
  1685.900,     0.044389,     0.001193,     0.003304,
  1685.950,     0.360449,    -0.119799,     0.003827,
  1686.000,     0.755379,    -0.162694,     0.008587,
  1686.050,     1.156450,    -0.039735,     0.005072,
  1686.100,     1.525329,     0.280877,     0.002357,
  1686.150,     1.807262,     0.692554,     0.000557,
  1686.200,     1.946131,     1.156741,     0.011443,
  1686.250,     1.826255,     1.552242,     0.010438,
  1686.300,     1.428334,     1.866623,     0.007096,
  1686.350,     0.771910,     2.019688,     0.009320,
  1686.400,     0.059296,     1.916365,     0.010895,
  1686.450,    -0.566944,     1.485783,     0.012301,
  1686.500,    -1.011181,     0.797933,     0.008923,
  1686.550,    -1.212129,     0.052865,     0.011232,
  1686.600,    -1.168371,    -0.647351,     0.010940,
  1686.650,    -0.904808,    -1.141138,     0.009800,
  1686.700,    -0.302452,    -1.368795,     0.012527,
  1686.750,     0.520054,    -1.369090,     0.012535,
  1686.800,     1.438867,    -1.112459,     0.004559,
  1686.850,     2.232876,    -0.498849,     0.004411,
  1686.900,     2.795584,     0.373076,     0.003291,
  1686.950,     3.065687,     1.343611,     0.000560,
  1687.000,     3.036204,     2.220433,     0.002299,
  1687.050,     2.746778,     2.790095,     0.005420,
  1687.100,     2.254638,     3.106945,    -0.005524,
  1687.150,     1.605009,     3.106982,    -0.004946,
  1687.200,     0.947974,     2.837052,    -0.001993,
  1687.250,     0.370472,     2.304517,    -0.004519,
  1687.300,    -0.046410,     1.643385,    -0.005177,
  1687.350,    -0.360015,     0.972145,    -0.006654,
  1687.400,    -0.596314,     0.364439,    -0.009764,
  1687.450,    -0.870368,    -0.127680,    -0.007488,
  1687.500,    -1.188377,    -0.449573,    -0.012008,
  1687.550,    -1.409605,    -0.711068,    -0.007204,
  1687.600,    -1.383738,    -0.992829,    -0.004440,
  1687.650,    -1.018885,    -1.319799,    -0.007349,
  1687.700,    -0.258656,    -1.571145,    -0.005918,
  1687.750,     0.729014,    -1.542420,    -0.005368,
  1687.800,     1.753639,    -1.101569,    -0.007736,
  1687.850,     2.618189,    -0.308003,    -0.010031,
  1687.900,     3.111412,     0.731242,    -0.007116,
  1687.950,     3.127471,     1.850057,    -0.003000,
  1688.000,     2.772850,     2.753399,    -0.004678,
  1688.050,     2.120028,     3.277598,    -0.006355,
  1688.100,     1.323840,     3.297298,    -0.007912,
  1688.150,     0.520874,     2.876221,    -0.002028,
  1688.200,    -0.209042,     2.170375,     0.001004,
  1688.250,    -0.667689,     1.313024,    -0.003539,
  1688.300,    -0.857734,     0.451004,     0.004504,
  1688.350,    -0.728836,    -0.335147,     0.000305,
  1688.400,    -0.354211,    -0.889231,    -0.004520,
  1688.450,     0.178320,    -1.064746,     0.003939,
  1688.500,     0.787431,    -0.932000,     0.005823,
  1688.550,     1.364430,    -0.535668,     0.002655,
  1688.600,     1.694247,     0.061993,     0.005715,
  1688.650,     1.694025,     0.744836,     0.011068,
  1688.700,     1.392033,     1.357723,     0.008060,
  1688.750,     0.813385,     1.764261,     0.005081,
  1688.800,     0.145197,     1.791242,     0.008552,
  1688.850,    -0.497731,     1.478882,     0.006677,
  1688.900,    -0.952688,     0.900863,     0.009701,
  1688.950,    -1.067210,     0.198671,     0.006621,
  1689.000,    -0.881536,    -0.468450,     0.010410,
  1689.050,    -0.491754,    -0.949988,     0.007546,
  1689.100,    -0.027020,    -1.127342,     0.004134,
  1689.150,     0.475414,    -0.955192,     0.012618,
  1689.200,     0.843394,    -0.573804,     0.008110,
  1689.250,     1.081228,    -0.082558,     0.006419,
  1689.300,     1.106099,     0.400849,     0.006136,
  1689.350,     1.062315,     0.783911,     0.005905,
  1689.400,     0.930853,     0.997937,     0.005585,
  1689.450,     0.885262,     1.060174,     0.002895,
  1689.500,     1.002139,     1.013047,    -0.000815,
  1689.550,     1.333230,     0.894100,     0.002269,
  1689.600,     1.810226,     0.862166,     0.001130,
  1689.650,     2.242869,     1.000874,    -0.000636,
  1689.700,     2.511849,     1.370165,     0.002386,
  1689.750,     2.524594,     1.888734,     0.000671,
  1689.800,     2.284774,     2.335326,     0.002375,
  1689.850,     1.776111,     2.624466,    -0.000201,
  1689.900,     1.134436,     2.627302,    -0.004155,
  1689.950,     0.392876,     2.330004,    -0.002979,
  1690.000,    -0.338571,     1.838481,     0.000016,
  1690.050,    -0.954568,     1.136360,    -0.005232,
  1690.100,    -1.242095,     0.332646,    -0.010098,
  1690.150,    -1.213119,    -0.448915,    -0.005797,
  1690.200,    -0.865753,    -1.072448,    -0.002293,
  1690.250,    -0.253989,    -1.405867,     0.000603,
  1690.300,     0.497883,    -1.384308,    -0.006913,
  1690.350,     1.286237,    -1.002613,     0.000428,
  1690.400,     2.017671,    -0.369327,    -0.002377,
  1690.450,     2.589586,     0.414418,    -0.004508,
  1690.500,     2.907682,     1.264879,    -0.001448,
  1690.550,     2.923242,     2.078002,    -0.007936,
  1690.600,     2.602777,     2.690379,    -0.012594,
  1690.650,     2.151601,     3.037519,    -0.007285,
  1690.700,     1.627739,     3.023940,    -0.006209,
  1690.750,     1.151976,     2.709839,    -0.003713,
  1690.800,     0.783615,     2.242089,    -0.001551,
  1690.850,     0.547463,     1.670260,    -0.003552,
  1690.900,     0.378774,     1.163267,    -0.004660,
  1690.950,     0.290029,     0.768299,     0.001355,
  1691.000,     0.244124,     0.473777,    -0.000954,
  1691.050,     0.247902,     0.285832,    -0.002011,
  1691.100,     0.324446,     0.203289,    -0.001115,
  1691.150,     0.581692,     0.125032,     0.004475,
  1691.200,     1.001375,     0.156049,     0.004966,
  1691.250,     1.540204,     0.241990,     0.004299,
  1691.300,     2.151487,     0.509349,     0.005344,
  1691.350,     2.757966,     0.941554,     0.004451,
  1691.400,     3.250622,     1.529320,     0.007455,
  1691.450,     3.530117,     2.191168,     0.007690,
  1691.500,     3.505656,     2.827658,     0.001959,
  1691.550,     3.020943,     3.378861,     0.006073,
  1691.600,     2.164647,     3.692797,     0.009517,
  1691.650,     1.073271,     3.624742,     0.000690,
  1691.700,    -0.110531,     3.149624,     0.000469,
  1691.750,    -1.085002,     2.228937,     0.002792,
  1691.800,    -1.661245,     1.063858,     0.008608,
  1691.850,    -1.780371,    -0.152253,     0.006307,
  1691.900,    -1.397112,    -1.174209,     0.001606,
  1691.950,    -0.609869,    -1.791788,    -0.000628,
  1692.000,     0.399372,    -1.923481,     0.002643,
  1692.050,     1.370095,    -1.494760,     0.006020,
  1692.100,     2.117113,    -0.672926,     0.000403,
  1692.150,     2.521243,     0.363339,     0.000503,
  1692.200,     2.494768,     1.363359,     0.003936,
  1692.250,     2.135548,     2.160327,     0.004642,
  1692.300,     1.573281,     2.568445,    -0.005987,
  1692.350,     1.035223,     2.533085,    -0.003961,
  1692.400,     0.688073,     2.142730,     0.000011,
  1692.450,     0.564174,     1.538134,     0.003649,
  1692.500,     0.658802,     0.980385,    -0.004330,
  1692.550,     0.818687,     0.587184,     0.005722,
  1692.600,     0.898787,     0.442132,    -0.002478,
  1692.650,     0.955802,     0.574560,    -0.005596,
  1692.700,     1.015535,     0.747681,     0.000895,
  1692.750,     1.011379,     0.841796,     0.002008,
  1692.800,     0.950308,     0.932781,     0.001690,
  1692.850,     0.840797,     0.984177,    -0.000327,
  1692.900,     0.699589,     1.003946,     0.004345,
  1692.950,     0.683479,     0.929122,    -0.000874,
  1693.000,     0.826595,     0.783914,    -0.002340,
  1693.050,     1.145673,     0.672512,    -0.000671,
  1693.100,     1.527879,     0.662233,    -0.003299,
  1693.150,     1.904922,     0.801518,    -0.002591,
  1693.200,     2.191157,     1.125919,    -0.001092,
  1693.250,     2.372317,     1.556513,     0.003496,
  1693.300,     2.381386,     1.945138,    -0.004243,
  1693.350,     2.220765,     2.242532,    -0.003698,
  1693.400,     1.880794,     2.400666,    -0.005374,
  1693.450,     1.397904,     2.426737,    -0.000406,
  1693.500,     0.895403,     2.266734,     0.000508,
  1693.550,     0.391604,     1.909553,    -0.000674,
  1693.600,    -0.000231,     1.422311,    -0.000694,
  1693.650,    -0.191851,     0.873087,     0.000996,
  1693.700,    -0.070002,     0.341281,    -0.001993,
  1693.750,     0.296445,    -0.081404,     0.002843,
  1693.800,     0.766369,    -0.283392,     0.003207,
  1693.850,     1.130109,    -0.165438,    -0.001800,
  1693.900,     1.241663,     0.235648,     0.004002,
  1693.950,     1.069355,     0.712439,     0.002220,
  1694.000,     0.726481,     1.100583,    -0.000337,
  1694.050,     0.368440,     1.220353,     0.003520,
  1694.100,     0.138550,     1.020043,     0.004478,
  1694.150,     0.101741,     0.663621,    -0.001576,
  1694.200,     0.226954,     0.307127,    -0.004448,
  1694.250,     0.464164,     0.061134,     0.000785,
  1694.300,     0.764835,     0.025835,     0.004034,
  1694.350,     1.037171,     0.154167,     0.004608,
  1694.400,     1.149862,     0.422037,     0.000422,
  1694.450,     1.049910,     0.740911,     0.003958,
  1694.500,     0.781694,     1.024193,     0.001708,
  1694.550,     0.498089,     1.136833,     0.005314,
  1694.600,     0.322413,     1.020943,     0.005371,
  1694.650,     0.222794,     0.736161,     0.005091,
  1694.700,     0.250630,     0.438248,     0.003134,
  1694.750,     0.312341,     0.248550,     0.003780,
  1694.800,     0.463271,     0.179645,     0.004156,
  1694.850,     0.731803,     0.195447,     0.000108,
  1694.900,     1.012688,     0.282804,     0.006123,
  1694.950,     1.190967,     0.461654,     0.001112,
  1695.000,     1.187908,     0.742957,     0.004514,
  1695.050,     0.975692,     1.025701,     0.007414,
  1695.100,     0.535515,     1.259097,     0.008596,
  1695.150,     0.045767,     1.238673,     0.007615,
  1695.200,    -0.397651,     0.976320,     0.002007,
  1695.250,    -0.707933,     0.506294,     0.009523,
  1695.300,    -0.853245,    -0.005801,     0.006938,
  1695.350,    -0.819988,    -0.496504,     0.005385,
  1695.400,    -0.559952,    -0.819703,     0.011270,
  1695.450,    -0.150468,    -0.989628,     0.007854,
  1695.500,     0.357399,    -0.954995,     0.006232,
  1695.550,     0.800847,    -0.679936,     0.002182,
  1695.600,     1.124290,    -0.241350,     0.004952,
  1695.650,     1.286351,     0.298546,     0.008944,
  1695.700,     1.233197,     0.761163,     0.009467,
  1695.750,     0.981703,     1.142690,     0.003656,
  1695.800,     0.564175,     1.287671,    -0.000851,
  1695.850,     0.077043,     1.216640,    -0.000968,
  1695.900,    -0.297329,     0.942684,     0.003836,
  1695.950,    -0.532076,     0.518857,    -0.004882,
  1696.000,    -0.421391,     0.016242,    -0.003967,
  1696.050,    -0.014268,    -0.420836,     0.001291,
  1696.100,     0.584053,    -0.652076,     0.002062,
  1696.150,     1.183526,    -0.530327,     0.000530,
  1696.200,     1.595446,    -0.100584,     0.000447,
  1696.250,     1.739288,     0.537141,     0.001426,
  1696.300,     1.569070,     1.170117,    -0.002766,
  1696.350,     1.232059,     1.612779,    -0.010069,
  1696.400,     0.752375,     1.746676,    -0.004277,
  1696.450,     0.293601,     1.612897,    -0.008025,
  1696.500,     0.013088,     1.228865,    -0.012254,
  1696.550,    -0.064657,     0.726397,    -0.003617,
  1696.600,     0.019957,     0.259011,    -0.002570,
  1696.650,     0.228553,    -0.063428,    -0.008859,
  1696.700,     0.471853,    -0.152744,    -0.009104,
  1696.750,     0.761773,    -0.072411,    -0.004198,
  1696.800,     1.056857,     0.120159,    -0.003969,
  1696.850,     1.329422,     0.423928,    -0.004505,
  1696.900,     1.547247,     0.709750,    -0.001947,
  1696.950,     1.709383,     1.026023,    -0.001995,
  1697.000,     1.783319,     1.315422,    -0.003585,
  1697.050,     1.762137,     1.543624,    -0.006267,
  1697.100,     1.686849,     1.707006,    -0.000465,
  1697.150,     1.543770,     1.788889,     0.000821,
  1697.200,     1.390121,     1.776160,    -0.005707,
  1697.250,     1.262719,     1.690371,     0.000642,
  1697.300,     1.214838,     1.527791,     0.006752,
  1697.350,     1.244571,     1.330025,     0.008199,
  1697.400,     1.315115,     1.178847,     0.006866,
  1697.450,     1.475746,     1.114457,     0.004058,
  1697.500,     1.535523,     1.147654,     0.007803,
  1697.550,     1.460781,     1.260431,     0.008009,
  1697.600,     1.209768,     1.396614,     0.005452,
  1697.650,     0.916330,     1.472952,     0.006062,
  1697.700,     0.795114,     1.368465,     0.013717,
  1697.750,     0.875412,     1.130898,     0.013000,
  1697.800,     1.197473,     0.844827,     0.012466,
  1697.850,     1.649000,     0.674545,     0.013337,
  1697.900,     2.148694,     0.771067,     0.014626,
  1697.950,     2.544447,     1.108862,     0.014273,
  1698.000,     2.735965,     1.613853,     0.012356,
  1698.050,     2.582785,     2.130295,     0.010493,
  1698.100,     2.130386,     2.564848,     0.013570,
  1698.150,     1.548238,     2.775530,     0.014056,
  1698.200,     1.022597,     2.623393,     0.010520,
  1698.250,     0.716297,     2.157658,     0.009291,
  1698.300,     0.597339,     1.523636,     0.003461,
  1698.350,     0.631856,     0.982200,     0.011522,
  1698.400,     0.806526,     0.644066,     0.008342,
  1698.450,     1.029277,     0.527354,     0.003503,
  1698.500,     1.266622,     0.545730,     0.003409,
  1698.550,     1.459178,     0.742787,    -0.004973,
  1698.600,     1.534885,     0.995847,    -0.004825,
  1698.650,     1.501943,     1.265533,    -0.006656,
  1698.700,     1.420380,     1.474968,    -0.010633,
  1698.750,     1.331773,     1.525778,    -0.012037,
  1698.800,     1.254113,     1.514488,    -0.006098,
  1698.850,     1.125557,     1.456610,    -0.006868,
  1698.900,     0.926661,     1.369822,    -0.007584,
  1698.950,     0.747964,     1.291055,    -0.008160,
  1699.000,     0.688733,     1.147038,    -0.013311,
  1699.050,     0.794195,     0.943440,    -0.013411,
  1699.100,     0.966467,     0.729823,    -0.008280,
  1699.150,     1.096150,     0.651807,    -0.002585,
  1699.200,     1.058016,     0.766728,    -0.009061,
  1699.250,     0.777428,     0.959094,    -0.007905,
  1699.300,     0.354093,     1.079285,    -0.009431,
  1699.350,    -0.131773,     1.017662,    -0.010329,
  1699.400,    -0.621377,     0.750040,    -0.012680,
  1699.450,    -0.927117,     0.296059,    -0.009201,
  1699.500,    -0.939932,    -0.227596,     0.003277,
  1699.550,    -0.629488,    -0.738272,    -0.001561,
  1699.600,     0.019922,    -1.066399,    -0.002478,
  1699.650,     0.870544,    -1.086662,    -0.004816,
  1699.700,     1.717861,    -0.732967,     0.002587,
  1699.750,     2.368984,    -0.047674,     0.008608,
  1699.800,     2.742637,     0.839081,     0.008655,
  1699.850,     2.755649,     1.752978,     0.002407,
  1699.900,     2.478788,     2.450384,     0.007702,
  1699.950,     1.948611,     2.840175,     0.010342,
  1700.000,     1.286345,     2.866925,     0.012280,
  1700.050,     0.691171,     2.536581,     0.013907,
  1700.100,     0.304009,     1.955277,     0.011710,
  1700.150,     0.170683,     1.258269,     0.013985,
  1700.200,     0.235769,     0.631063,     0.008228,
  1700.250,     0.460223,     0.214407,     0.012768,
  1700.300,     0.777304,     0.035360,     0.013825,
  1700.350,     1.161421,     0.106097,     0.012100,
  1700.400,     1.534272,     0.356125,     0.015409,
  1700.450,     1.829914,     0.698159,     0.005535,
  1700.500,     1.982443,     1.100381,     0.006931,
  1700.550,     2.099896,     1.486258,     0.003083,
  1700.600,     2.158299,     1.795552,     0.009254,
  1700.650,     2.225239,     1.998714,     0.004694,
  1700.700,     2.164566,     2.124292,     0.005157,
  1700.750,     1.944377,     2.223595,     0.003706,
  1700.800,     1.551681,     2.279434,     0.005355,
  1700.850,     1.073282,     2.212552,     0.000728,
  1700.900,     0.607251,     1.975957,    -0.004330,
  1700.950,     0.173313,     1.574126,    -0.001135,
  1701.000,    -0.113140,     1.078355,     0.001585,
  1701.050,    -0.265491,     0.565921,     0.001222,
  1701.100,    -0.277757,     0.105276,    -0.000410,
  1701.150,    -0.193520,    -0.195628,    -0.001380,
  1701.200,    -0.032732,    -0.379004,    -0.004375,
  1701.250,     0.260355,    -0.398505,    -0.000841,
  1701.300,     0.587242,    -0.296935,    -0.002040,
  1701.350,     0.979396,    -0.112662,    -0.005873,
  1701.400,     1.313700,     0.193048,    -0.002355,
  1701.450,     1.591337,     0.542926,    -0.003430,
  1701.500,     1.806051,     0.940374,    -0.003229,
  1701.550,     1.870574,     1.319942,    -0.005939,
  1701.600,     1.751898,     1.636360,    -0.012133,
  1701.650,     1.439588,     1.862691,    -0.005754,
  1701.700,     1.042062,     1.914803,    -0.004652,
  1701.750,     0.696921,     1.812830,    -0.005480,
  1701.800,     0.434779,     1.497084,    -0.004971,
  1701.850,     0.227354,     1.093463,    -0.000748,
  1701.900,     0.033741,     0.715838,    -0.007740,
  1701.950,    -0.107144,     0.412858,    -0.002541,
  1702.000,    -0.154882,     0.207046,     0.005442,
  1702.050,    -0.104390,    -0.002225,     0.001075,
  1702.100,     0.040638,    -0.152308,    -0.001412,
  1702.150,     0.254172,    -0.196308,     0.002082,
  1702.200,     0.487881,    -0.144487,     0.004584,
  1702.250,     0.761629,    -0.024069,     0.004032,
  1702.300,     1.092021,     0.188871,     0.002716,
  1702.350,     1.418472,     0.432309,     0.002764,
  1702.400,     1.673511,     0.746406,     0.006389,
  1702.450,     1.757826,     1.113395,     0.005163,
  1702.500,     1.659558,     1.465388,     0.009545,
  1702.550,     1.416378,     1.738564,     0.008885,
  1702.600,     1.073804,     1.847772,     0.009328,
  1702.650,     0.680487,     1.741479,     0.005151,
  1702.700,     0.275539,     1.477008,     0.006952,
  1702.750,    -0.053815,     1.112401,     0.006892,
  1702.800,    -0.281667,     0.725569,     0.007625,
  1702.850,    -0.393267,     0.264683,     0.002062,
  1702.900,    -0.467577,    -0.083359,     0.002880,
  1702.950,    -0.485241,    -0.329628,     0.007001,
  1703.000,    -0.439208,    -0.467160,    -0.001696,
  1703.050,    -0.328521,    -0.516775,     0.005675,
  1703.100,    -0.112260,    -0.552785,     0.002159,
  1703.150,     0.261481,    -0.531802,    -0.001382,
  1703.200,     0.763049,    -0.392810,    -0.000158,
  1703.250,     1.323916,    -0.156744,     0.000691,
  1703.300,     1.821312,     0.229008,     0.000485,
  1703.350,     2.073897,     0.770950,     0.002252,
  1703.400,     2.047381,     1.354544,    -0.004035,
  1703.450,     1.844901,     1.873694,    -0.002371,
  1703.500,     1.504784,     2.146879,    -0.003880,
  1703.550,     1.038898,     2.142156,    -0.005554,
  1703.600,     0.522363,     1.924068,     0.001828,
  1703.650,     0.059593,     1.563748,     0.001574,
  1703.700,    -0.268751,     1.072622,     0.001555,
  1703.750,    -0.346803,     0.518133,    -0.006011,
  1703.800,    -0.258985,     0.011478,    -0.007764,
  1703.850,    -0.036052,    -0.299374,     0.001852,
  1703.900,     0.331366,    -0.382060,     0.001597,
  1703.950,     0.842140,    -0.316831,     0.000545,
  1704.000,     1.393763,    -0.070874,     0.001448,
  1704.050,     1.922692,     0.321376,     0.000844,
  1704.100,     2.274832,     0.846238,     0.001171,
  1704.150,     2.452876,     1.416767,     0.007435,
  1704.200,     2.378483,     1.969961,     0.004666,
  1704.250,     2.142030,     2.376415,     0.000698,
  1704.300,     1.760871,     2.539956,     0.005307,
  1704.350,     1.316990,     2.443849,     0.005043,
  1704.400,     0.879554,     2.187560,     0.009526,
  1704.450,     0.454657,     1.799463,     0.006067,
  1704.500,     0.193484,     1.304165,     0.006259,
  1704.550,     0.097671,     0.827102,     0.007955,
  1704.600,     0.241039,     0.365469,     0.000808,
  1704.650,     0.473223,     0.092568,     0.000441,
  1704.700,     0.780833,     0.001743,     0.008532,
  1704.750,     1.153178,     0.116562,     0.007927,
  1704.800,     1.587965,     0.365459,     0.003508,
  1704.850,     2.063608,     0.687396,     0.004227,
  1704.900,     2.442335,     1.080751,     0.008548,
  1704.950,     2.695338,     1.547032,     0.003682,
  1705.000,     2.743930,     2.028004,     0.000014,
  1705.050,     2.700302,     2.429532,     0.002440,
  1705.100,     2.575188,     2.701087,    -0.004403,
  1705.150,     2.396226,     2.786637,     0.000171,
  1705.200,     2.132123,     2.728654,     0.000908,
  1705.250,     1.795512,     2.588807,    -0.000121,
  1705.300,     1.529895,     2.410819,    -0.006139,
  1705.350,     1.361748,     2.126121,    -0.000829,
  1705.400,     1.298563,     1.815159,     0.001100,
  1705.450,     1.230500,     1.533803,    -0.003457,
  1705.500,     1.099277,     1.343352,    -0.009526,
  1705.550,     0.922390,     1.294895,    -0.009432,
  1705.600,     0.758615,     1.230120,    -0.007464,
  1705.650,     0.613856,     1.093479,    -0.006744,
  1705.700,     0.560822,     0.922447,    -0.013150,
  1705.750,     0.591714,     0.741133,    -0.010595,
  1705.800,     0.694186,     0.618669,    -0.002718,
  1705.850,     0.892230,     0.557503,    -0.005116,
  1705.900,     1.149024,     0.585135,    -0.011479,
  1705.950,     1.386784,     0.704118,    -0.008996,
  1706.000,     1.477668,     0.924126,     0.001664,
  1706.050,     1.385139,     1.228105,    -0.003044,
  1706.100,     1.148024,     1.440186,    -0.006185,
  1706.150,     0.815878,     1.537056,    -0.001458,
  1706.200,     0.467599,     1.431115,     0.000954,
  1706.250,     0.153856,     1.193729,    -0.003242,
  1706.300,    -0.035010,     0.862866,    -0.001911,
  1706.350,    -0.113433,     0.475642,     0.003795,
  1706.400,    -0.077709,     0.149753,     0.000262,
  1706.450,     0.005673,    -0.050592,    -0.001709,
  1706.500,     0.155223,    -0.147607,     0.007629,
  1706.550,     0.353884,    -0.136650,     0.006143,
  1706.600,     0.665845,    -0.023186,     0.008828,
  1706.650,     0.992123,     0.111666,     0.013003,
  1706.700,     1.282265,     0.334724,     0.010157,
  1706.750,     1.499760,     0.646764,     0.008600,
  1706.800,     1.718456,     0.982969,     0.010898,
  1706.850,     1.856998,     1.270086,     0.010654,
  1706.900,     1.925069,     1.533274,     0.010972,
  1706.950,     1.954081,     1.732812,     0.016901,
  1707.000,     1.946283,     1.885977,     0.005811,
  1707.050,     1.933395,     1.991964,     0.010268,
  1707.100,     1.861742,     2.012803,     0.015447,
  1707.150,     1.703749,     1.977728,     0.006928,
  1707.200,     1.483129,     1.943583,     0.010595,
  1707.250,     1.184592,     1.878060,     0.010697,
  1707.300,     0.905504,     1.716188,     0.002088,
  1707.350,     0.698310,     1.452515,     0.003454,
  1707.400,     0.690762,     1.139832,     0.004108,
  1707.450,     0.884997,     0.851223,     0.003280,
  1707.500,     1.275903,     0.639538,     0.003066,
  1707.550,     1.824409,     0.604060,     0.005472,
  1707.600,     2.373682,     0.813209,    -0.002719,
  1707.650,     2.744112,     1.263659,    -0.005309,
  1707.700,     2.921828,     1.836553,    -0.005193,
  1707.750,     2.887095,     2.379872,     0.000037,
  1707.800,     2.655848,     2.806634,    -0.005850,
  1707.850,     2.264761,     3.011721,    -0.001519,
  1707.900,     1.771786,     2.980675,    -0.006454,
  1707.950,     1.280125,     2.724464,    -0.008639,
  1708.000,     0.853350,     2.294835,    -0.008368,
  1708.050,     0.613305,     1.783803,    -0.011919,
  1708.100,     0.531123,     1.269205,    -0.011412,
  1708.150,     0.564112,     0.851650,    -0.009234,
  1708.200,     0.725686,     0.570834,    -0.007654,
  1708.250,     0.926015,     0.472253,    -0.008455,
  1708.300,     1.099869,     0.513279,    -0.007933,
  1708.350,     1.175028,     0.688256,    -0.002745,
  1708.400,     1.116678,     0.913415,    -0.003644,
  1708.450,     1.000876,     1.097041,    -0.003610,
  1708.500,     0.881119,     1.167100,    -0.004896,
  1708.550,     0.849520,     1.094580,    -0.007655,
  1708.600,     0.862132,     0.988459,    -0.002789,
  1708.650,     0.962445,     0.890508,     0.002207,
  1708.700,     1.145764,     0.825239,     0.001838,
  1708.750,     1.345040,     0.834482,     0.000637,
  1708.800,     1.502000,     0.937989,     0.002015,
  1708.850,     1.557254,     1.132657,     0.001384,
  1708.900,     1.495549,     1.381238,     0.003309,
  1708.950,     1.361589,     1.550118,     0.007126,
  1709.000,     1.232907,     1.592862,     0.004201,
  1709.050,     1.133347,     1.496985,     0.007073,
  1709.100,     1.051442,     1.364264,     0.012504,
  1709.150,     1.029031,     1.220443,     0.011247,
  1709.200,     1.025735,     1.113766,     0.011887,
  1709.250,     1.076801,     1.030876,     0.010102,
  1709.300,     1.171840,     0.993686,     0.005261,
  1709.350,     1.294817,     1.015238,     0.006640,
  1709.400,     1.434820,     1.048356,     0.009713,
  1709.450,     1.545301,     1.140385,     0.008170,
  1709.500,     1.628454,     1.279681,     0.005246,
  1709.550,     1.695682,     1.419368,     0.001471,
  1709.600,     1.713086,     1.520826,     0.004517,
  1709.650,     1.723485,     1.610550,     0.003295,
  1709.700,     1.607724,     1.662439,     0.000653,
  1709.750,     1.355516,     1.703517,     0.004989,
  1709.800,     1.044186,     1.703155,     0.003868,
  1709.850,     0.724929,     1.587031,     0.002757,
  1709.900,     0.479255,     1.316544,     0.002871,
  1709.950,     0.366734,     0.990432,     0.001975,
  1710.000,     0.351843,     0.662223,    -0.003528,
  1710.050,     0.403419,     0.439506,     0.000132,
  1710.100,     0.494270,     0.304805,     0.001536,
  1710.150,     0.500524,     0.298283,    -0.004934,
  1710.200,     0.486495,     0.349277,    -0.000344,
  1710.250,     0.408761,     0.399695,    -0.006078,
  1710.300,     0.320971,     0.466908,    -0.002775,
  1710.350,     0.300238,     0.427609,    -0.002418,
  1710.400,     0.434551,     0.349779,    -0.005709,
  1710.450,     0.697962,     0.249391,    -0.008992,
  1710.500,     0.954046,     0.267603,    -0.003837,
  1710.550,     1.157690,     0.425202,    -0.003590,
  1710.600,     1.273831,     0.670064,    -0.004815,
  1710.650,     1.296630,     0.961431,    -0.000946,
  1710.700,     1.248028,     1.192651,    -0.001813,
  1710.750,     1.084931,     1.314931,     0.000259,
  1710.800,     0.908818,     1.339182,    -0.000744,
  1710.850,     0.783970,     1.279172,    -0.002610,
  1710.900,     0.717333,     1.094842,     0.000723,
  1710.950,     0.691799,     0.915425,     0.004462,
  1711.000,     0.720822,     0.741791,     0.004312,
  1711.050,     0.841988,     0.671570,     0.006150,
  1711.100,     1.113192,     0.663055,     0.009012,
  1711.150,     1.453879,     0.693004,     0.000380,
  1711.200,     1.738166,     0.829999,     0.007756,
  1711.250,     1.933775,     1.120037,     0.009417,
  1711.300,     1.932970,     1.462619,     0.003330,
  1711.350,     1.765918,     1.783571,     0.004677,
  1711.400,     1.411221,     1.975077,     0.001679,
  1711.450,     0.915019,     1.983953,     0.003050,
  1711.500,     0.443559,     1.791444,     0.000240,
  1711.550,     0.074297,     1.416287,     0.005390,
  1711.600,    -0.015334,     0.902035,     0.005835,
  1711.650,     0.157684,     0.412966,     0.004667,
  1711.700,     0.476323,     0.053998,     0.002293,
  1711.750,     0.864905,    -0.022020,     0.000484,
  1711.800,     1.230195,     0.139481,    -0.001671,
  1711.850,     1.540756,     0.468412,     0.005064,
  1711.900,     1.700095,     0.870126,    -0.000217,
  1711.950,     1.635523,     1.249804,    -0.001495,
  1712.000,     1.418991,     1.590034,     0.001105,
  1712.050,     1.048424,     1.757380,    -0.005701,
  1712.100,     0.638669,     1.704202,    -0.002044,
  1712.150,     0.328597,     1.456662,    -0.000338,
  1712.200,     0.176256,     1.053388,    -0.006790,
  1712.250,     0.186745,     0.622955,    -0.001111,
  1712.300,     0.459443,     0.310986,    -0.002131,
  1712.350,     0.938301,     0.108602,    -0.000267,
  1712.400,     1.476012,     0.160012,    -0.008782,
  1712.450,     1.944381,     0.437557,    -0.003425,
  1712.500,     2.258049,     0.908591,     0.001730,
  1712.550,     2.300313,     1.471358,    -0.002012,
  1712.600,     2.161790,     1.942300,     0.001422,
  1712.650,     1.851999,     2.241039,     0.003204,
  1712.700,     1.508130,     2.315176,    -0.005630,
  1712.750,     1.273623,     2.166940,    -0.001492,
  1712.800,     1.170989,     1.869105,     0.003490,
  1712.850,     1.202181,     1.530207,    -0.002768,
  1712.900,     1.397628,     1.262102,     0.004638,
  1712.950,     1.644966,     1.160561,     0.008029,
  1713.000,     1.836666,     1.214127,     0.006884,
  1713.050,     1.893316,     1.422144,     0.004362,
  1713.100,     1.803508,     1.647660,     0.005900,
  1713.150,     1.560410,     1.855765,     0.001562,
  1713.200,     1.307780,     1.931107,     0.007226,
  1713.250,     1.061156,     1.816466,     0.002032,
  1713.300,     0.846587,     1.621859,     0.005747,
  1713.350,     0.719473,     1.351444,     0.001700,
  1713.400,     0.725729,     1.063327,     0.001717,
  1713.450,     0.846622,     0.848513,     0.002885,
  1713.500,     1.072756,     0.704341,    -0.004712,
  1713.550,     1.394947,     0.688907,     0.007095,
  1713.600,     1.673337,     0.819090,    -0.000943,
  1713.650,     1.755245,     1.103136,     0.002195,
  1713.700,     1.717546,     1.409114,    -0.000243,
  1713.750,     1.534667,     1.692225,    -0.001641,
  1713.800,     1.192051,     1.811971,     0.003876,
  1713.850,     0.796501,     1.754821,     0.000706,
  1713.900,     0.375660,     1.591743,     0.004642,
  1713.950,     0.067394,     1.231281,     0.004727,
  1714.000,    -0.004714,     0.797407,    -0.005855,
  1714.050,     0.217752,     0.365158,    -0.002332,
  1714.100,     0.626184,     0.034516,     0.004567,
  1714.150,     1.102989,    -0.026658,    -0.004011,
  1714.200,     1.472523,     0.184675,     0.002892,
  1714.250,     1.678780,     0.606210,    -0.003568,
  1714.300,     1.682239,     1.089649,    -0.007147,
  1714.350,     1.488872,     1.490815,    -0.005219,
  1714.400,     1.138102,     1.707233,     0.000086,
  1714.450,     0.823259,     1.719465,    -0.004955,
  1714.500,     0.634399,     1.513489,    -0.007027,
  1714.550,     0.568489,     1.197705,    -0.000415,
  1714.600,     0.679575,     0.856871,    -0.003330,
  1714.650,     0.891479,     0.634544,    -0.004674,
  1714.700,     1.040894,     0.617475,    -0.004652,
  1714.750,     1.048487,     0.725275,     0.000309,
  1714.800,     0.876440,     0.924123,     0.002760,
  1714.850,     0.530946,     1.106387,     0.002182,
  1714.900,     0.131434,     1.103005,    -0.000324,
  1714.950,    -0.232057,     0.913411,     0.001999,
  1715.000,    -0.528097,     0.530180,    -0.000647,
  1715.050,    -0.637581,     0.134683,     0.004929,
  1715.100,    -0.527174,    -0.269910,     0.003541,
  1715.150,    -0.260219,    -0.557224,     0.005358,
  1715.200,     0.109851,    -0.683033,     0.011381,
  1715.250,     0.536930,    -0.571705,     0.009701,
  1715.300,     1.002430,    -0.304670,     0.008962,
  1715.350,     1.429129,     0.078485,     0.006288,
  1715.400,     1.752199,     0.538393,    -0.003497,
  1715.450,     1.865189,     1.028427,     0.004942,
  1715.500,     1.676493,     1.502242,    -0.003452,
  1715.550,     1.187972,     1.844738,     0.004267,
  1715.600,     0.525282,     1.933996,    -0.003570,
  1715.650,    -0.137470,     1.728565,     0.004109,
  1715.700,    -0.686888,     1.229859,     0.001083,
  1715.750,    -0.989221,     0.540926,     0.000698,
  1715.800,    -0.966839,    -0.165826,    -0.003482,
  1715.850,    -0.578971,    -0.740224,     0.001819,
  1715.900,     0.076410,    -1.057480,     0.002083,
  1715.950,     0.849803,    -1.035766,     0.000422,
  1716.000,     1.531110,    -0.629646,     0.003792,
  1716.050,     1.973700,     0.073212,     0.004176,
  1716.100,     2.136138,     0.854730,    -0.002453,
  1716.150,     2.009252,     1.581930,    -0.006359,
  1716.200,     1.654281,     2.064901,     0.000360,
  1716.250,     1.163485,     2.253151,    -0.003283,
  1716.300,     0.708195,     2.119534,    -0.000660,
  1716.350,     0.395937,     1.736978,    -0.003164,
  1716.400,     0.233405,     1.250300,     0.000477,
  1716.450,     0.218891,     0.746373,    -0.004432,
  1716.500,     0.316503,     0.391037,    -0.006456,
  1716.550,     0.402494,     0.223613,    -0.001457,
  1716.600,     0.421796,     0.227837,    -0.000188,
  1716.650,     0.449949,     0.283777,    -0.004353,
  1716.700,     0.425027,     0.363875,     0.003752,
  1716.750,     0.444307,     0.414411,     0.003187,
  1716.800,     0.551473,     0.382238,     0.000661,
  1716.850,     0.753840,     0.386000,     0.002984,
  1716.900,     1.085706,     0.413724,     0.004761,
  1716.950,     1.412329,     0.532464,     0.003731,
  1717.000,     1.676055,     0.767610,     0.005497,
  1717.050,     1.843329,     1.103108,     0.004004,
  1717.100,     1.909218,     1.447134,     0.009332,
  1717.150,     1.879875,     1.758704,     0.006770,
  1717.200,     1.726449,     1.913312,     0.006921,
  1717.250,     1.482643,     1.989301,     0.005388,
  1717.300,     1.165559,     1.956454,    -0.001386,
  1717.350,     0.822688,     1.767766,    -0.000169,
  1717.400,     0.483651,     1.530295,     0.011659,
  1717.450,     0.089236,     1.168417,     0.010874,
  1717.500,    -0.231784,     0.812636,     0.000902,
  1717.550,    -0.412550,     0.407275,    -0.004077,
  1717.600,    -0.345356,     0.038021,     0.001878,
  1717.650,    -0.012041,    -0.290806,     0.002136,
  1717.700,     0.485744,    -0.475594,    -0.001211,
  1717.750,     1.003691,    -0.410213,     0.000180,
  1717.800,     1.365999,    -0.052088,     0.002269,
  1717.850,     1.591233,     0.457475,    -0.001515,
  1717.900,     1.639103,     0.988306,    -0.006523,
  1717.950,     1.514217,     1.415740,    -0.000359,
  1718.000,     1.276943,     1.668179,     0.004815,
  1718.050,     1.013632,     1.705765,     0.007139,
  1718.100,     0.750023,     1.583977,    -0.007195,
  1718.150,     0.572317,     1.329943,    -0.001408,
  1718.200,     0.485191,     1.036802,     0.003675,
  1718.250,     0.526294,     0.768220,    -0.004922,
  1718.300,     0.653398,     0.553401,     0.003318,
  1718.350,     0.775555,     0.472896,    -0.004391,
  1718.400,     0.901070,     0.491900,    -0.001572,
  1718.450,     0.978942,     0.624468,    -0.000736,
  1718.500,     1.032021,     0.761028,     0.003061,
  1718.550,     1.071135,     0.885877,    -0.001635,
  1718.600,     1.136753,     0.965360,    -0.004676,
  1718.650,     1.304286,     1.019752,    -0.004441,
  1718.700,     1.591052,     1.055398,     0.000738,
  1718.750,     1.957663,     1.122704,    -0.001396,
  1718.800,     2.290178,     1.344286,    -0.000176,
  1718.850,     2.542573,     1.613377,     0.000355,
  1718.900,     2.641522,     1.994283,     0.001737,
  1718.950,     2.581011,     2.344918,     0.006913,
  1719.000,     2.308158,     2.580013,     0.003993,
  1719.050,     1.872500,     2.720220,     0.007474,
  1719.100,     1.320858,     2.634843,     0.003291,
  1719.150,     0.736660,     2.351094,     0.006316,
  1719.200,     0.221855,     1.910511,     0.000164,
  1719.250,    -0.130982,     1.332618,     0.004280,
  1719.300,    -0.263618,     0.717710,    -0.004738,
  1719.350,    -0.178455,     0.149211,     0.002695,
  1719.400,     0.139623,    -0.231224,     0.002095,
  1719.450,     0.597912,    -0.365955,     0.001294,
  1719.500,     1.159523,    -0.252983,    -0.000308,
  1719.550,     1.731725,     0.065889,     0.005820,
  1719.600,     2.221324,     0.584058,     0.002116,
  1719.650,     2.440635,     1.177586,    -0.001573,
  1719.700,     2.445712,     1.803306,     0.001717,
  1719.750,     2.219260,     2.287425,     0.001841,
  1719.800,     1.896262,     2.540220,     0.002269,
  1719.850,     1.569097,     2.506058,     0.001709,
  1719.900,     1.238300,     2.308830,     0.003960,
  1719.950,     1.033426,     1.970036,    -0.002892,
  1720.000,     0.892920,     1.608460,     0.000296,

