Time_abs/ps, Signal 1/nA, Ref.signal 1/nA, Signal 2/nA, Ref.signal 2/nA
  1600.000,     0.013974,     0.007615,     0.002526,
  1600.050,    -0.000474,    -0.004646,    -0.001814,
  1600.100,    -0.013346,     0.011497,    -0.000127,
  1600.150,     0.007352,    -0.005388,     0.000066,
  1600.200,    -0.007506,    -0.009079,    -0.000651,
  1600.250,    -0.002304,    -0.022884,    -0.001565,
  1600.300,    -0.001985,    -0.011605,    -0.002685,
  1600.350,     0.013976,     0.000561,    -0.007506,
  1600.400,     0.005339,     0.010459,    -0.006886,
  1600.450,     0.004408,     0.008771,    -0.008785,
  1600.500,     0.033890,    -0.000034,    -0.009423,
  1600.550,    -0.011230,    -0.009125,    -0.002579,
  1600.600,     0.003557,    -0.021215,    -0.007766,
  1600.650,    -0.001736,    -0.028924,    -0.009434,
  1600.700,    -0.011364,    -0.024922,    -0.009112,
  1600.750,    -0.011493,    -0.033412,    -0.010840,
  1600.800,     0.000153,    -0.027306,    -0.007332,
  1600.850,    -0.013187,    -0.001638,    -0.009938,
  1600.900,    -0.004465,    -0.017430,    -0.008412,
  1600.950,    -0.016820,    -0.006954,    -0.001541,
  1601.000,    -0.022942,    -0.025601,    -0.010387,
  1601.050,    -0.017996,    -0.025349,    -0.007618,
  1601.100,    -0.015262,    -0.009534,    -0.011098,
  1601.150,    -0.035658,    -0.028449,    -0.001594,
  1601.200,    -0.010169,    -0.018410,    -0.004537,
  1601.250,    -0.025531,    -0.022588,    -0.004087,
  1601.300,    -0.031252,    -0.037640,    -0.003619,
  1601.350,    -0.005866,    -0.024145,    -0.006915,
  1601.400,    -0.020347,    -0.019708,    -0.012180,
  1601.450,    -0.025207,    -0.036830,    -0.001662,
  1601.500,    -0.024139,    -0.020360,     0.005800,
  1601.550,    -0.023087,    -0.021295,     0.000402,
  1601.600,    -0.012415,    -0.019094,     0.001205,
  1601.650,    -0.023376,    -0.038961,     0.001393,
  1601.700,    -0.012554,    -0.039712,     0.008395,
  1601.750,    -0.014464,    -0.046448,     0.001661,
  1601.800,    -0.002137,    -0.049859,    -0.004394,
  1601.850,     0.016211,    -0.056273,    -0.004204,
  1601.900,    -0.031297,    -0.066449,     0.003606,
  1601.950,    -0.013371,    -0.072077,    -0.000755,
  1602.000,    -0.028293,    -0.063971,     0.003268,
  1602.050,    -0.005503,    -0.049452,    -0.002529,
  1602.100,    -0.011175,    -0.059367,    -0.000571,
  1602.150,    -0.028429,    -0.063293,    -0.004890,
  1602.200,    -0.000763,    -0.057947,    -0.005940,
  1602.250,    -0.028885,    -0.047525,    -0.006023,
  1602.300,    -0.014613,    -0.066134,    -0.008369,
  1602.350,    -0.011059,    -0.074133,    -0.006193,
  1602.400,    -0.019115,    -0.077379,    -0.013398,
  1602.450,    -0.022653,    -0.060169,    -0.017142,
  1602.500,    -0.037356,    -0.080268,    -0.005216,
  1602.550,    -0.010279,    -0.067907,    -0.006944,
  1602.600,    -0.012652,    -0.099132,    -0.006698,
  1602.650,    -0.023222,    -0.079462,    -0.012340,
  1602.700,    -0.023901,    -0.061615,    -0.011421,
  1602.750,    -0.044172,    -0.055587,    -0.010165,
  1602.800,    -0.028989,    -0.049285,    -0.012316,
  1602.850,    -0.018252,    -0.061351,    -0.007963,
  1602.900,    -0.021755,    -0.051576,    -0.006095,
  1602.950,    -0.014710,    -0.030425,    -0.010823,
  1603.000,    -0.032525,    -0.045516,    -0.010575,
  1603.050,    -0.048467,    -0.046597,    -0.007168,
  1603.100,    -0.034407,    -0.041525,    -0.005595,
  1603.150,    -0.024200,    -0.058770,    -0.002114,
  1603.200,    -0.027962,    -0.067038,    -0.004127,
  1603.250,    -0.042618,    -0.060943,     0.001540,
  1603.300,    -0.042477,    -0.046130,     0.001413,
  1603.350,    -0.029980,    -0.044856,     0.007547,
  1603.400,    -0.009570,    -0.048941,     0.003565,
  1603.450,    -0.026700,    -0.057768,     0.002385,
  1603.500,    -0.024155,    -0.061647,     0.005975,
  1603.550,    -0.017543,    -0.072860,    -0.003877,
  1603.600,    -0.021772,    -0.050958,     0.002166,
  1603.650,     0.006814,    -0.058043,     0.009317,
  1603.700,    -0.004773,    -0.046480,     0.001697,
  1603.750,    -0.001831,    -0.039911,    -0.000135,
  1603.800,    -0.000539,    -0.055079,     0.007915,
  1603.850,    -0.024765,    -0.055890,     0.002767,
  1603.900,    -0.009432,    -0.060794,     0.002318,
  1603.950,    -0.029700,    -0.056321,     0.004767,
  1604.000,    -0.034743,    -0.053461,    -0.002996,
  1604.050,    -0.021219,    -0.061511,     0.004085,
  1604.100,    -0.030571,    -0.073083,    -0.002044,
  1604.150,    -0.033730,    -0.058812,    -0.002675,
  1604.200,    -0.032806,    -0.056921,    -0.000577,
  1604.250,    -0.033802,    -0.052816,    -0.005162,
  1604.300,    -0.019852,    -0.051204,    -0.007672,
  1604.350,    -0.050502,    -0.050098,    -0.006840,
  1604.400,    -0.053216,    -0.051308,    -0.012234,
  1604.450,    -0.041714,    -0.055452,    -0.011650,
  1604.500,    -0.049201,    -0.068069,    -0.012133,
  1604.550,    -0.027753,    -0.050001,    -0.009004,
  1604.600,    -0.019750,    -0.060544,    -0.009467,
  1604.650,    -0.024902,    -0.066102,    -0.016607,
  1604.700,    -0.039006,    -0.067510,    -0.014990,
  1604.750,    -0.031992,    -0.069713,    -0.015312,
  1604.800,    -0.050783,    -0.075049,    -0.014924,
  1604.850,    -0.043223,    -0.068252,    -0.008185,
  1604.900,    -0.032794,    -0.068048,    -0.020950,
  1604.950,    -0.047993,    -0.057182,    -0.016081,
  1605.000,    -0.028714,    -0.074073,    -0.008371,
  1605.050,    -0.023401,    -0.073767,    -0.014181,
  1605.100,    -0.034007,    -0.058804,    -0.013065,
  1605.150,    -0.037145,    -0.074817,    -0.005402,
  1605.200,    -0.045280,    -0.054424,    -0.008681,
  1605.250,    -0.031313,    -0.059604,    -0.014450,
  1605.300,    -0.030508,    -0.073760,    -0.007385,
  1605.350,    -0.037885,    -0.080658,    -0.007289,
  1605.400,    -0.036052,    -0.064059,    -0.003701,
  1605.450,    -0.031275,    -0.066206,     0.003968,
  1605.500,    -0.016062,    -0.061892,    -0.000371,
  1605.550,    -0.009777,    -0.056416,    -0.000417,
  1605.600,    -0.016680,    -0.060449,     0.002725,
  1605.650,    -0.015131,    -0.062375,     0.003927,
  1605.700,    -0.026630,    -0.064690,    -0.001253,
  1605.750,    -0.011836,    -0.067201,     0.002073,
  1605.800,    -0.012596,    -0.053317,     0.006282,
  1605.850,    -0.008849,    -0.075328,     0.007914,
  1605.900,    -0.001800,    -0.081720,     0.007174,
  1605.950,    -0.013953,    -0.084957,     0.007755,
  1606.000,     0.003332,    -0.063255,     0.009403,
  1606.050,    -0.006109,    -0.061329,     0.010145,
  1606.100,    -0.014291,    -0.043735,     0.010297,
  1606.150,     0.005590,    -0.050841,     0.006126,
  1606.200,    -0.007976,    -0.062682,     0.006060,
  1606.250,    -0.008736,    -0.048538,     0.001532,
  1606.300,    -0.000290,    -0.051206,    -0.003891,
  1606.350,    -0.000496,    -0.056931,     0.004441,
  1606.400,    -0.008628,    -0.061721,     0.000697,
  1606.450,    -0.001806,    -0.077838,     0.002533,
  1606.500,     0.002984,    -0.075351,     0.001680,
  1606.550,     0.004217,    -0.045355,    -0.000344,
  1606.600,    -0.014725,    -0.075436,    -0.003769,
  1606.650,    -0.023263,    -0.075216,    -0.009371,
  1606.700,     0.012636,    -0.067222,    -0.010433,
  1606.750,    -0.013823,    -0.063340,    -0.009055,
  1606.800,    -0.021294,    -0.069187,    -0.010301,
  1606.850,    -0.010300,    -0.065506,    -0.009282,
  1606.900,    -0.002114,    -0.051772,    -0.014521,
  1606.950,     0.013217,    -0.049198,    -0.014684,
  1607.000,    -0.004375,    -0.044549,    -0.016522,
  1607.050,     0.000487,    -0.057717,    -0.012449,
  1607.100,     0.017046,    -0.057853,    -0.013492,
  1607.150,     0.021392,    -0.075347,    -0.017080,
  1607.200,    -0.001421,    -0.075670,    -0.011919,
  1607.250,    -0.015434,    -0.067853,    -0.002336,
  1607.300,     0.003754,    -0.065862,    -0.007316,
  1607.350,     0.018738,    -0.091792,    -0.014299,
  1607.400,     0.009613,    -0.095613,    -0.013364,
  1607.450,    -0.002424,    -0.089350,    -0.014274,
  1607.500,     0.016173,    -0.075400,    -0.007219,
  1607.550,    -0.007047,    -0.104859,    -0.017413,
  1607.600,     0.001522,    -0.098777,    -0.012282,
  1607.650,     0.023591,    -0.092790,    -0.006870,
  1607.700,     0.002520,    -0.102410,    -0.008675,
  1607.750,     0.012851,    -0.103796,    -0.007834,
  1607.800,     0.009063,    -0.101278,    -0.009146,
  1607.850,     0.015211,    -0.124529,    -0.005105,
  1607.900,     0.027893,    -0.136633,    -0.008272,
  1607.950,    -0.003508,    -0.124998,    -0.001379,
  1608.000,     0.005419,    -0.137278,    -0.002617,
  1608.050,     0.019428,    -0.131250,     0.003434,
  1608.100,     0.020544,    -0.141260,     0.002217,
  1608.150,     0.028701,    -0.161652,     0.002263,
  1608.200,     0.041498,    -0.162870,     0.003082,
  1608.250,     0.017731,    -0.156415,     0.003163,
  1608.300,     0.029068,    -0.147483,     0.000299,
  1608.350,     0.039689,    -0.147606,     0.001416,
  1608.400,     0.031582,    -0.157783,     0.005239,
  1608.450,     0.049154,    -0.149063,     0.005434,
  1608.500,     0.051193,    -0.130967,     0.005853,
  1608.550,     0.049232,    -0.132564,     0.007714,
  1608.600,     0.025243,    -0.131408,     0.007585,
  1608.650,     0.024892,    -0.119437,     0.006246,
  1608.700,     0.022523,    -0.132012,     0.008975,
  1608.750,     0.021181,    -0.130531,     0.007764,
  1608.800,     0.027322,    -0.127366,     0.004464,
  1608.850,     0.027901,    -0.114349,     0.009470,
  1608.900,     0.037706,    -0.118084,     0.004480,
  1608.950,     0.024703,    -0.108535,     0.001684,
  1609.000,     0.021491,    -0.122791,     0.000718,
  1609.050,     0.029932,    -0.112637,    -0.002588,
  1609.100,     0.042500,    -0.100752,    -0.002281,
  1609.150,     0.020326,    -0.101737,    -0.002514,
  1609.200,     0.016833,    -0.083625,    -0.005105,
  1609.250,     0.006499,    -0.090299,    -0.001057,
  1609.300,     0.021067,    -0.092264,    -0.004375,
  1609.350,     0.015026,    -0.063074,    -0.008147,
  1609.400,     0.004272,    -0.072413,    -0.006137,
  1609.450,     0.035271,    -0.097468,    -0.014523,
  1609.500,     0.023908,    -0.062004,    -0.012115,
  1609.550,     0.023832,    -0.074665,    -0.002708,
  1609.600,     0.029671,    -0.082541,    -0.004701,
  1609.650,     0.024869,    -0.095405,    -0.010509,
  1609.700,     0.003512,    -0.072481,    -0.007501,
  1609.750,     0.008796,    -0.073364,    -0.011594,
  1609.800,     0.021912,    -0.048757,    -0.011486,
  1609.850,     0.013071,    -0.050317,    -0.012875,
  1609.900,    -0.009002,    -0.050132,    -0.015324,
  1609.950,     0.003982,    -0.052159,    -0.009730,
  1610.000,     0.008934,    -0.076507,    -0.011981,
  1610.050,     0.007421,    -0.090168,    -0.015302,
  1610.100,     0.023475,    -0.092489,    -0.010832,
  1610.150,     0.021828,    -0.092585,    -0.011808,
  1610.200,     0.007992,    -0.087222,    -0.011015,
  1610.250,     0.009640,    -0.102442,    -0.003454,
  1610.300,     0.004666,    -0.110517,    -0.002806,
  1610.350,     0.018291,    -0.117500,    -0.009437,
  1610.400,     0.029982,    -0.123959,    -0.003920,
  1610.450,     0.027784,    -0.132789,    -0.005449,
  1610.500,     0.016822,    -0.137259,     0.002516,
  1610.550,     0.028635,    -0.141640,     0.004362,
  1610.600,     0.039198,    -0.131035,    -0.001288,
  1610.650,     0.023379,    -0.137492,    -0.006608,
  1610.700,     0.038406,    -0.131505,     0.003238,
  1610.750,     0.040428,    -0.161033,     0.003041,
  1610.800,     0.038476,    -0.172221,    -0.000874,
  1610.850,     0.062718,    -0.194941,    -0.002213,
  1610.900,     0.052635,    -0.172747,    -0.005173,
  1610.950,     0.025580,    -0.179672,     0.003444,
  1611.000,     0.047788,    -0.196484,     0.006572,
  1611.050,     0.043719,    -0.217035,     0.005240,
  1611.100,     0.024320,    -0.213329,     0.000378,
  1611.150,     0.032967,    -0.239635,    -0.001770,
  1611.200,     0.015086,    -0.240099,     0.001451,
  1611.250,     0.029221,    -0.215287,     0.003367,
  1611.300,     0.032915,    -0.217257,     0.007040,
  1611.350,     0.032411,    -0.223915,     0.004842,
  1611.400,     0.007657,    -0.225158,    -0.000481,
  1611.450,    -0.000108,    -0.227445,     0.001249,
  1611.500,     0.022384,    -0.219021,     0.002073,
  1611.550,     0.026349,    -0.196926,    -0.002333,
  1611.600,    -0.003609,    -0.221091,     0.006861,
  1611.650,     0.014966,    -0.212736,     0.006630,
  1611.700,     0.012823,    -0.199161,     0.000506,
  1611.750,    -0.010473,    -0.192209,    -0.001745,
  1611.800,    -0.014844,    -0.199529,    -0.001618,
  1611.850,    -0.015469,    -0.174264,    -0.002085,
  1611.900,    -0.030722,    -0.168421,    -0.000444,
  1611.950,    -0.028938,    -0.185613,    -0.001041,
  1612.000,    -0.037296,    -0.193127,    -0.004064,
  1612.050,    -0.028094,    -0.202004,    -0.007372,
  1612.100,    -0.044653,    -0.203686,    -0.009574,
  1612.150,    -0.031213,    -0.192196,    -0.008476,
  1612.200,    -0.042815,    -0.228909,    -0.003902,
  1612.250,    -0.059622,    -0.217702,    -0.006016,
  1612.300,    -0.042415,    -0.218946,    -0.013094,
  1612.350,    -0.044635,    -0.226065,    -0.012270,
  1612.400,    -0.050912,    -0.209106,    -0.010119,
  1612.450,    -0.046342,    -0.219318,    -0.003527,
  1612.500,    -0.060698,    -0.206316,    -0.003728,
  1612.550,    -0.043326,    -0.213026,    -0.006542,
  1612.600,    -0.048706,    -0.230964,    -0.001539,
  1612.650,    -0.041079,    -0.237960,    -0.000781,
  1612.700,    -0.050679,    -0.240506,    -0.010496,
  1612.750,    -0.034066,    -0.236160,    -0.012290,
  1612.800,    -0.043240,    -0.233167,    -0.010814,
  1612.850,    -0.035763,    -0.256656,    -0.012741,
  1612.900,    -0.012500,    -0.239617,    -0.006501,
  1612.950,    -0.026432,    -0.245471,    -0.008325,
  1613.000,    -0.020052,    -0.262886,    -0.005364,
  1613.050,    -0.015998,    -0.251333,    -0.003082,
  1613.100,    -0.031535,    -0.256567,    -0.006690,
  1613.150,    -0.013058,    -0.244889,    -0.006518,
  1613.200,     0.001647,    -0.267568,    -0.008413,
  1613.250,    -0.012412,    -0.263436,    -0.007957,
  1613.300,     0.003769,    -0.261406,    -0.006516,
  1613.350,     0.001455,    -0.262316,    -0.003973,
  1613.400,    -0.005716,    -0.263597,    -0.001749,
  1613.450,     0.005942,    -0.263895,    -0.001797,
  1613.500,    -0.002225,    -0.253962,    -0.003874,
  1613.550,     0.000952,    -0.267384,    -0.004177,
  1613.600,    -0.009242,    -0.282852,    -0.005182,
  1613.650,    -0.006158,    -0.294390,    -0.004331,
  1613.700,     0.016292,    -0.269291,    -0.003330,
  1613.750,     0.023655,    -0.296063,     0.001088,
  1613.800,     0.006095,    -0.295676,     0.003015,
  1613.850,    -0.005911,    -0.290447,    -0.002524,
  1613.900,     0.000730,    -0.308364,    -0.002524,
  1613.950,    -0.004676,    -0.311033,     0.000516,
  1614.000,    -0.009791,    -0.298176,    -0.000354,
  1614.050,     0.001367,    -0.320096,    -0.002985,
  1614.100,     0.002533,    -0.327092,    -0.000685,
  1614.150,    -0.004236,    -0.336267,     0.002578,
  1614.200,    -0.004959,    -0.347295,     0.003075,
  1614.250,    -0.007642,    -0.345886,     0.002720,
  1614.300,    -0.011870,    -0.330335,    -0.004271,
  1614.350,    -0.013378,    -0.335595,    -0.004286,
  1614.400,    -0.018116,    -0.326397,    -0.001247,
  1614.450,    -0.021516,    -0.335081,     0.001101,
  1614.500,    -0.013760,    -0.341281,    -0.000728,
  1614.550,    -0.049992,    -0.341916,    -0.001027,
  1614.600,    -0.045831,    -0.342900,     0.000292,
  1614.650,    -0.046623,    -0.342125,     0.000737,
  1614.700,    -0.049798,    -0.318097,     0.004005,
  1614.750,    -0.051056,    -0.315540,    -0.003041,
  1614.800,    -0.051646,    -0.298863,    -0.002154,
  1614.850,    -0.061484,    -0.298416,     0.003031,
  1614.900,    -0.082825,    -0.312369,    -0.006151,
  1614.950,    -0.074883,    -0.298750,    -0.001990,
  1615.000,    -0.079996,    -0.299329,    -0.003818,
  1615.050,    -0.090229,    -0.316875,    -0.003818,
  1615.100,    -0.096345,    -0.339941,     0.001825,
  1615.150,    -0.068180,    -0.354372,    -0.001092,
  1615.200,    -0.081257,    -0.349586,    -0.006605,
  1615.250,    -0.079739,    -0.375272,    -0.007278,
  1615.300,    -0.089288,    -0.391255,    -0.004775,
  1615.350,    -0.097678,    -0.412063,    -0.004519,
  1615.400,    -0.112440,    -0.422098,    -0.007001,
  1615.450,    -0.081757,    -0.408363,    -0.008700,
  1615.500,    -0.083694,    -0.404922,    -0.003833,
  1615.550,    -0.088046,    -0.411461,    -0.008634,
  1615.600,    -0.104225,    -0.401083,    -0.009387,
  1615.650,    -0.101799,    -0.408784,    -0.004256,
  1615.700,    -0.078569,    -0.415894,    -0.003105,
  1615.750,    -0.090003,    -0.406058,    -0.002683,
  1615.800,    -0.080728,    -0.429032,    -0.002763,
  1615.850,    -0.080480,    -0.454615,    -0.007782,
  1615.900,    -0.090157,    -0.455064,    -0.006988,
  1615.950,    -0.087589,    -0.455368,    -0.007110,
  1616.000,    -0.098286,    -0.466990,    -0.003423,
  1616.050,    -0.096372,    -0.474880,    -0.002263,
  1616.100,    -0.101174,    -0.480263,    -0.003503,
  1616.150,    -0.110868,    -0.480738,    -0.007311,
  1616.200,    -0.103261,    -0.476577,    -0.004171,
  1616.250,    -0.100549,    -0.483261,    -0.006575,
  1616.300,    -0.089837,    -0.490949,    -0.002915,
  1616.350,    -0.099805,    -0.490765,    -0.000048,
  1616.400,    -0.101991,    -0.495713,    -0.007316,
  1616.450,    -0.097518,    -0.492477,    -0.008541,
  1616.500,    -0.094642,    -0.503176,    -0.008781,
  1616.550,    -0.114357,    -0.526755,    -0.002828,
  1616.600,    -0.121140,    -0.506274,    -0.003278,
  1616.650,    -0.112564,    -0.492097,    -0.004173,
  1616.700,    -0.113959,    -0.494707,    -0.005946,
  1616.750,    -0.108937,    -0.491688,    -0.004224,
  1616.800,    -0.128915,    -0.491173,    -0.006079,
  1616.850,    -0.118437,    -0.493725,    -0.001032,
  1616.900,    -0.123808,    -0.487156,    -0.002241,
  1616.950,    -0.118111,    -0.489569,    -0.001631,
  1617.000,    -0.128867,    -0.506868,     0.002085,
  1617.050,    -0.118939,    -0.487291,    -0.001507,
  1617.100,    -0.103895,    -0.474220,    -0.007138,
  1617.150,    -0.107772,    -0.483483,    -0.005395,
  1617.200,    -0.120415,    -0.473541,     0.001568,
  1617.250,    -0.131455,    -0.474562,     0.002785,
  1617.300,    -0.102312,    -0.456456,    -0.005283,
  1617.350,    -0.106469,    -0.446705,     0.000527,
  1617.400,    -0.125759,    -0.459078,     0.005485,
  1617.450,    -0.122083,    -0.445847,    -0.000208,
  1617.500,    -0.102913,    -0.438835,    -0.004130,
  1617.550,    -0.120576,    -0.433537,    -0.001054,
  1617.600,    -0.130287,    -0.436497,    -0.002564,
  1617.650,    -0.115334,    -0.418269,    -0.001432,
  1617.700,    -0.129669,    -0.416141,     0.000835,
  1617.750,    -0.137069,    -0.407228,    -0.000653,
  1617.800,    -0.141066,    -0.401720,    -0.000158,
  1617.850,    -0.141055,    -0.380863,     0.002319,
  1617.900,    -0.136731,    -0.371745,     0.000388,
  1617.950,    -0.132954,    -0.338327,    -0.002083,
  1618.000,    -0.147077,    -0.281234,    -0.005750,
  1618.050,    -0.156815,    -0.232384,    -0.001755,
  1618.100,    -0.146776,    -0.193871,     0.004382,
  1618.150,    -0.158586,    -0.161821,     0.002635,
  1618.200,    -0.164648,    -0.119875,     0.000593,
  1618.250,    -0.163931,    -0.077524,    -0.003573,
  1618.300,    -0.173214,    -0.071774,    -0.007341,
  1618.350,    -0.175097,    -0.087374,    -0.006850,
  1618.400,    -0.172672,    -0.196099,    -0.003099,
  1618.450,    -0.163407,    -0.348139,    -0.005969,
  1618.500,    -0.157089,    -0.610612,    -0.004874,
  1618.550,    -0.164181,    -0.952923,    -0.004838,
  1618.600,    -0.164529,    -1.333053,    -0.003430,
  1618.650,    -0.154559,    -1.743931,    -0.003351,
  1618.700,    -0.149470,    -2.126887,    -0.004266,
  1618.750,    -0.166981,    -2.394161,    -0.004327,
  1618.800,    -0.156925,    -2.457728,    -0.005338,
  1618.850,    -0.159667,    -2.309845,    -0.006112,
  1618.900,    -0.159532,    -1.995652,    -0.006682,
  1618.950,    -0.168006,    -1.602009,    -0.007045,
  1619.000,    -0.180197,    -1.184876,    -0.004821,
  1619.050,    -0.175627,    -0.797805,    -0.009465,
  1619.100,    -0.164489,    -0.520714,    -0.011346,
  1619.150,    -0.159146,    -0.297820,    -0.005827,
  1619.200,    -0.159008,    -0.164513,    -0.006624,
  1619.250,    -0.170192,    -0.133796,    -0.010415,
  1619.300,    -0.190928,    -0.141140,    -0.004645,
  1619.350,    -0.205746,    -0.189173,    -0.007255,
  1619.400,    -0.201332,    -0.272831,    -0.010525,
  1619.450,    -0.223295,    -0.366149,    -0.006894,
  1619.500,    -0.241631,    -0.414662,     0.002308,
  1619.550,    -0.216611,    -0.486669,     0.004323,
  1619.600,    -0.193765,    -0.532702,    -0.004911,
  1619.650,    -0.201044,    -0.559336,    -0.010878,
  1619.700,    -0.207884,    -0.580338,    -0.007479,
  1619.750,    -0.220732,    -0.589772,    -0.010572,
  1619.800,    -0.198886,    -0.591029,    -0.007284,
  1619.850,    -0.185622,    -0.607447,     0.000112,
  1619.900,    -0.202316,    -0.624791,    -0.003739,
  1619.950,    -0.223829,    -0.651564,    -0.002337,
  1620.000,    -0.218434,    -0.699427,    -0.002643,
  1620.050,    -0.211362,    -0.712156,    -0.003972,
  1620.100,    -0.229716,    -0.740053,    -0.002035,
  1620.150,    -0.217698,    -0.779035,    -0.000967,
  1620.200,    -0.231511,    -0.777557,    -0.005819,
  1620.250,    -0.244811,    -0.783301,    -0.002031,
  1620.300,    -0.229066,    -0.795376,     0.001497,
  1620.350,    -0.247824,    -0.762885,    -0.004467,
  1620.400,    -0.239543,    -0.756703,    -0.007875,
  1620.450,    -0.232929,    -0.755122,    -0.003438,
  1620.500,    -0.239516,    -0.759587,    -0.001072,
  1620.550,    -0.229989,    -0.770126,     0.001933,
  1620.600,    -0.226595,    -0.762379,     0.001585,
  1620.650,    -0.219108,    -0.799293,     0.000093,
  1620.700,    -0.222568,    -0.826538,     0.005243,
  1620.750,    -0.206530,    -0.825007,     0.004428,
  1620.800,    -0.210259,    -0.836559,     0.005022,
  1620.850,    -0.207557,    -0.864981,     0.001774,
  1620.900,    -0.210032,    -0.872562,     0.004507,
  1620.950,    -0.216941,    -0.863349,     0.003115,
  1621.000,    -0.201639,    -0.892779,     0.003602,
  1621.050,    -0.196648,    -0.900679,     0.001042,
  1621.100,    -0.201191,    -0.903279,    -0.001189,
  1621.150,    -0.195205,    -0.929399,    -0.002202,
  1621.200,    -0.200212,    -0.946151,     0.000211,
  1621.250,    -0.190227,    -0.973433,    -0.001757,
  1621.300,    -0.183736,    -1.002156,     0.000781,
  1621.350,    -0.189897,    -1.031033,    -0.000850,
  1621.400,    -0.184673,    -1.055723,    -0.001072,
  1621.450,    -0.189780,    -1.082439,     0.000054,
  1621.500,    -0.181334,    -1.040745,    -0.003818,
  1621.550,    -0.180999,    -1.007067,    -0.006427,
  1621.600,    -0.164146,    -0.969472,    -0.002958,
  1621.650,    -0.186178,    -0.923275,     0.000384,
  1621.700,    -0.187339,    -0.868363,    -0.002904,
  1621.750,    -0.173595,    -0.839668,    -0.008289,
  1621.800,    -0.172692,    -0.839075,    -0.005390,
  1621.850,    -0.179102,    -0.835832,    -0.006414,
  1621.900,    -0.152856,    -0.868083,    -0.007641,
  1621.950,    -0.125585,    -0.905803,    -0.004574,
  1622.000,    -0.118174,    -0.925178,    -0.007182,
  1622.050,    -0.124181,    -0.925425,    -0.005794,
  1622.100,    -0.101803,    -0.933014,     0.000560,
  1622.150,    -0.065400,    -0.943333,    -0.003791,
  1622.200,    -0.034647,    -0.946160,    -0.002388,
  1622.250,    -0.015630,    -0.947706,    -0.005955,
  1622.300,     0.022952,    -0.936598,    -0.006066,
  1622.350,     0.028207,    -0.911204,    -0.006091,
  1622.400,     0.037545,    -0.902913,    -0.012034,
  1622.450,     0.018849,    -0.885350,    -0.010460,
  1622.500,    -0.051936,    -0.852988,    -0.011009,
  1622.550,    -0.155067,    -0.809969,    -0.010779,
  1622.600,    -0.338470,    -0.785377,    -0.010119,
  1622.650,    -0.547670,    -0.742969,    -0.007105,
  1622.700,    -0.776066,    -0.686576,    -0.003952,
  1622.750,    -1.033006,    -0.613374,    -0.004059,
  1622.800,    -1.267783,    -0.510101,    -0.005896,
  1622.850,    -1.369897,    -0.403846,    -0.004336,
  1622.900,    -1.359158,    -0.275957,    -0.004753,
  1622.950,    -1.200111,    -0.136301,    -0.006492,
  1623.000,    -0.958742,    -0.013895,    -0.006974,
  1623.050,    -0.701751,     0.097326,    -0.005435,
  1623.100,    -0.442147,     0.115637,    -0.005772,
  1623.150,    -0.185528,     0.008123,    -0.002079,
  1623.200,    -0.024370,    -0.326249,    -0.005584,
  1623.250,     0.069042,    -1.001347,    -0.004122,
  1623.300,     0.113975,    -2.122518,    -0.005615,
  1623.350,     0.113677,    -3.843026,    -0.003668,
  1623.400,     0.098065,    -6.190226,    -0.003146,
  1623.450,     0.042049,    -9.079033,    -0.002343,
  1623.500,    -0.043470,   -12.222148,    -0.003934,
  1623.550,    -0.090273,   -15.132563,    -0.007039,
  1623.600,    -0.148124,   -17.125555,    -0.001280,
  1623.650,    -0.195339,   -17.493563,    -0.000393,
  1623.700,    -0.235733,   -15.827166,     0.000048,
  1623.750,    -0.229800,   -12.123533,     0.002185,
  1623.800,    -0.246768,    -6.997025,     0.004692,
  1623.850,    -0.239086,    -1.427215,    -0.001592,
  1623.900,    -0.254025,     3.484423,    -0.001311,
  1623.950,    -0.263755,     6.934489,    -0.003783,
  1624.000,    -0.291487,     8.513791,    -0.001212,
  1624.050,    -0.311942,     8.337132,     0.003839,
  1624.100,    -0.309427,     6.748450,     0.003458,
  1624.150,    -0.317301,     4.178412,    -0.000574,
  1624.200,    -0.344833,     1.205607,    -0.002342,
  1624.250,    -0.359003,    -1.618595,    -0.002041,
  1624.300,    -0.353147,    -3.847212,    -0.004300,
  1624.350,    -0.355124,    -5.274983,    -0.003431,
  1624.400,    -0.351831,    -5.999073,    -0.002168,
  1624.450,    -0.344655,    -6.210488,    -0.001765,
  1624.500,    -0.336160,    -6.037645,     0.000731,
  1624.550,    -0.347251,    -5.448199,     0.000218,
  1624.600,    -0.341084,    -4.513717,    -0.001962,
  1624.650,    -0.354440,    -3.507028,    -0.005399,
  1624.700,    -0.362922,    -2.713990,    -0.002755,
  1624.750,    -0.365895,    -2.169706,    -0.004647,
  1624.800,    -0.370215,    -1.805950,    -0.006435,
  1624.850,    -0.368300,    -1.469886,    -0.007300,
  1624.900,    -0.379468,    -1.140785,    -0.003008,
  1624.950,    -0.364007,    -0.812284,    -0.004484,
  1625.000,    -0.367293,    -0.407357,    -0.007368,
  1625.050,    -0.361698,     0.132472,    -0.007968,
  1625.100,    -0.361354,     0.838794,    -0.001530,
  1625.150,    -0.385195,     1.727241,    -0.003723,
  1625.200,    -0.398364,     2.765705,    -0.008494,
  1625.250,    -0.390736,     3.889177,    -0.003604,
  1625.300,    -0.401058,     5.077292,    -0.003771,
  1625.350,    -0.440354,     6.273234,    -0.008094,
  1625.400,    -0.451002,     7.478472,    -0.002035,
  1625.450,    -0.471748,     8.746009,    -0.006008,
  1625.500,    -0.484708,    10.060120,    -0.012060,
  1625.550,    -0.471787,    11.467869,    -0.004414,
  1625.600,    -0.435464,    13.071246,    -0.002216,
  1625.650,    -0.404592,    14.898890,    -0.004023,
  1625.700,    -0.384265,    17.010325,    -0.007164,
  1625.750,    -0.343345,    19.501218,    -0.008533,
  1625.800,    -0.312678,    22.428147,    -0.010972,
  1625.850,    -0.302680,    25.822997,    -0.009272,
  1625.900,    -0.300890,    29.700968,    -0.004493,
  1625.950,    -0.328126,    34.164119,    -0.005790,
  1626.000,    -0.342910,    39.328189,    -0.005804,
  1626.050,    -0.359881,    45.320874,    -0.004532,
  1626.100,    -0.369716,    52.213222,    -0.007237,
  1626.150,    -0.382209,    60.173804,    -0.002786,
  1626.200,    -0.414134,    69.234329,    -0.005039,
  1626.250,    -0.396786,    79.317423,    -0.005320,
  1626.300,    -0.392113,    90.147328,     0.001000,
  1626.350,    -0.379252,   101.149397,    -0.004010,
  1626.400,    -0.385023,   111.240914,    -0.000484,
  1626.450,    -0.362791,   118.577158,    -0.000815,
  1626.500,    -0.347027,   120.330037,    -0.002344,
  1626.550,    -0.341313,   112.301036,    -0.002220,
  1626.600,    -0.332919,    88.936240,     0.001194,
  1626.650,    -0.297745,    43.654300,     0.001337,
  1626.700,    -0.280821,   -30.080523,    -0.002510,
  1626.750,    -0.261599,  -136.599317,    -0.000667,
  1626.800,    -0.217599,  -275.383844,     0.002871,
  1626.850,    -0.183416,  -438.202199,     0.000536,
  1626.900,    -0.103901,  -607.466873,    -0.002829,
  1626.950,    -0.043549,  -756.832510,    -0.002033,
  1627.000,     0.044798,  -853.304042,    -0.002676,
  1627.050,     0.113146,  -863.652525,    -0.002875,
  1627.100,     0.190218,  -767.964910,    -0.004521,
  1627.150,     0.226251,  -573.556554,    -0.005163,
  1627.200,     0.238911,  -314.836492,    -0.006298,
  1627.250,     0.160322,   -38.717001,     0.000076,
  1627.300,    -0.064301,   213.204124,    -0.004888,
  1627.350,    -0.522762,   414.370761,    -0.005785,
  1627.400,    -1.262420,   551.418659,    -0.000805,
  1627.450,    -2.392832,   618.154752,    -0.001163,
  1627.500,    -3.866036,   615.650001,    -0.001396,
  1627.550,    -5.630419,   555.920794,    -0.003787,
  1627.600,    -7.481521,   461.606808,    -0.001185,
  1627.650,    -9.069215,   358.092630,     0.004043,
  1627.700,    -9.958918,   262.795631,     0.002249,
  1627.750,    -9.710588,   181.288099,     0.001597,
  1627.800,    -8.141756,   113.143369,     0.001519,
  1627.850,    -5.411833,    59.884677,     0.004161,
  1627.900,    -1.949444,    26.164406,     0.001971,
  1627.950,     1.554784,    13.388737,    -0.002942,
  1628.000,     4.384049,    14.807836,    -0.000414,
  1628.050,     6.072154,    19.605023,    -0.001463,
  1628.100,     6.538855,    20.976186,     0.000108,
  1628.150,     5.887650,    18.573325,     0.002699,
  1628.200,     4.426004,    13.737354,    -0.003122,
  1628.250,     2.520587,     6.294082,    -0.001613,
  1628.300,     0.477914,    -3.942722,     0.004064,
  1628.350,    -1.340183,   -15.291041,     0.000264,
  1628.400,    -2.593697,   -25.115936,    -0.000666,
  1628.450,    -3.300440,   -31.509963,    -0.001477,
  1628.500,    -3.561687,   -33.304194,    -0.001550,
  1628.550,    -3.492205,   -29.992888,    -0.001947,
  1628.600,    -3.170656,   -22.742302,    -0.002217,
  1628.650,    -2.632045,   -14.414926,    -0.007311,
  1628.700,    -1.942210,    -7.483234,    -0.005011,
  1628.750,    -1.270179,    -2.984859,    -0.004570,
  1628.800,    -0.776953,    -1.164252,    -0.008920,
  1628.850,    -0.459552,    -2.118112,    -0.008355,
  1628.900,    -0.270691,    -5.174189,    -0.005709,
  1628.950,    -0.098507,    -9.286403,    -0.009067,
  1629.000,     0.071301,   -13.634145,    -0.005788,
  1629.050,     0.258592,   -17.083424,    -0.005752,
  1629.100,     0.497298,   -18.429742,    -0.008549,
  1629.150,     0.809086,   -17.405915,    -0.012622,
  1629.200,     1.224239,   -14.983355,    -0.013676,
  1629.250,     1.724742,   -11.998510,    -0.010239,
  1629.300,     2.319534,    -8.593464,    -0.007222,
  1629.350,     2.964235,    -5.354663,    -0.012113,
  1629.400,     3.593908,    -3.324842,    -0.004945,
  1629.450,     4.225595,    -2.418323,    -0.007552,
  1629.500,     4.825016,    -1.744800,    -0.009701,
  1629.550,     5.480211,    -1.435813,    -0.004815,
  1629.600,     6.165059,    -2.146204,    -0.006872,
  1629.650,     6.883358,    -3.579164,    -0.007062,
  1629.700,     7.747045,    -5.007354,    -0.002071,
  1629.750,     8.734714,    -6.289650,     0.000350,
  1629.800,     9.903956,    -7.321848,    -0.005258,
  1629.850,    11.276111,    -7.916487,    -0.001010,
  1629.900,    12.863147,    -8.401538,    -0.004418,
  1629.950,    14.689301,    -9.063405,    -0.009936,
  1630.000,    16.826871,    -9.528301,    -0.008335,
  1630.050,    19.281029,    -9.995554,    -0.005589,
  1630.100,    22.135586,   -11.552468,    -0.005683,
  1630.150,    25.469905,   -14.581446,    -0.008916,
  1630.200,    29.351314,   -18.110098,    -0.007920,
  1630.250,    33.875626,   -21.159664,    -0.002693,
  1630.300,    39.018574,   -23.552278,    -0.001345,
  1630.350,    44.728261,   -25.200944,    -0.004765,
  1630.400,    50.823778,   -25.526302,    -0.004634,
  1630.450,    56.903269,   -23.619052,    -0.008380,
  1630.500,    62.241303,   -18.819349,    -0.002738,
  1630.550,    65.662705,   -11.499617,    -0.001781,
  1630.600,    65.343593,    -3.149112,    -0.001907,
  1630.650,    58.625520,     4.452853,     0.002117,
  1630.700,    42.027922,    10.046533,     0.003104,
  1630.750,    11.520456,    13.060233,     0.014780,
  1630.800,   -36.668254,    13.620158,     0.018442,
  1630.850,  -104.894451,    12.157680,     0.016476,
  1630.900,  -192.092854,     9.274574,     0.018966,
  1630.950,  -291.766747,     5.856123,     0.024419,
  1631.000,  -390.918868,     2.993944,     0.022869,
  1631.050,  -470.781095,     1.406954,     0.016447,
  1631.100,  -509.691599,     1.309775,     0.008719,
  1631.150,  -489.367651,     2.395546,     0.002816,
  1631.200,  -403.414148,     3.763499,     0.007263,
  1631.250,  -262.608552,     4.322650,     0.008921,
  1631.300,   -92.007352,     3.926636,     0.013087,
  1631.350,    78.838374,     3.166550,     0.009546,
  1631.400,   225.479352,     2.265575,     0.004101,
  1631.450,   332.828807,     1.160862,    -0.003596,
  1631.500,   393.905815,     0.170592,    -0.011066,
  1631.550,   408.013609,    -0.376537,    -0.018377,
  1631.600,   380.097203,    -0.448203,    -0.012926,
  1631.650,   321.336204,    -0.184167,    -0.018948,
  1631.700,   247.748401,     0.207198,    -0.023104,
  1631.750,   175.104619,     0.439720,    -0.016392,
  1631.800,   112.792868,     0.576219,    -0.012140,
  1631.850,    62.460480,     0.828175,    -0.016160,
  1631.900,    22.731579,     1.151283,    -0.016958,
  1631.950,    -5.694184,     1.302174,    -0.015477,
  1632.000,   -20.099933,     1.393799,    -0.010125,
  1632.050,   -20.894785,     1.363982,    -0.006273,
  1632.100,   -13.979410,     0.892051,    -0.005037,
  1632.150,    -6.939038,    -0.002850,    -0.006951,
  1632.200,    -3.504017,    -0.749953,    -0.004850,
  1632.250,    -3.148990,    -0.775002,    -0.005422,
  1632.300,    -4.596745,    -0.086435,    -0.006860,
  1632.350,    -7.960459,     0.719788,    -0.010064,
  1632.400,   -13.191793,     0.976297,    -0.003033,
  1632.450,   -18.825002,     0.479779,    -0.002228,
  1632.500,   -23.078484,    -0.447088,    -0.003371,
  1632.550,   -25.013979,    -1.509570,    -0.005016,
  1632.600,   -24.095900,    -2.620741,    -0.005174,
  1632.650,   -20.258336,    -3.634282,    -0.003755,
  1632.700,   -14.560681,    -4.182021,    -0.006551,
  1632.750,    -8.957789,    -3.906807,    -0.008696,
  1632.800,    -4.837376,    -2.793900,    -0.004398,
  1632.850,    -2.533340,    -1.227206,    -0.003470,
  1632.900,    -1.894912,     0.409447,    -0.004125,
  1632.950,    -2.809761,     1.757836,    -0.002918,
  1633.000,    -4.714775,     2.638111,     0.000857,
  1633.050,    -6.840137,     3.037544,    -0.000541,
  1633.100,    -8.747524,     2.807701,    -0.001446,
  1633.150,    -9.886330,     1.846147,    -0.001728,
  1633.200,    -9.715382,     0.418482,    -0.005014,
  1633.250,    -8.350617,    -0.781082,    -0.003318,
  1633.300,    -6.616737,    -1.114038,     0.002928,
  1633.350,    -4.863876,    -0.548134,    -0.000398,
  1633.400,    -3.039966,     0.372960,     0.004885,
  1633.450,    -1.518842,     1.093779,     0.007161,
  1633.500,    -0.868013,     1.532629,    -0.003592,
  1633.550,    -0.779021,     1.931117,    -0.007460,
  1633.600,    -0.623286,     2.205702,    -0.002107,
  1633.650,    -0.603244,     2.028786,    -0.008087,
  1633.700,    -1.198109,     1.294591,    -0.007369,
  1633.750,    -2.129768,     0.509281,    -0.001222,
  1633.800,    -2.921664,     0.259539,     0.001182,
  1633.850,    -3.580808,     0.637703,    -0.001202,
  1633.900,    -4.053020,     1.288410,    -0.005942,
  1633.950,    -4.227366,     1.735328,    -0.009925,
  1634.000,    -4.385257,     2.004661,    -0.011172,
  1634.050,    -4.669392,     2.524687,    -0.003017,
  1634.100,    -4.871173,     3.538086,     0.003349,
  1634.150,    -5.075712,     4.817174,     0.000095,
  1634.200,    -6.018644,     5.771806,     0.000965,
  1634.250,    -7.837161,     5.894634,    -0.000186,
  1634.300,    -9.834954,     5.019867,    -0.003085,
  1634.350,   -11.554666,     3.374413,    -0.004456,
  1634.400,   -12.882481,     1.468931,    -0.004328,
  1634.450,   -13.777298,    -0.234864,    -0.001059,
  1634.500,   -13.752760,    -1.331142,     0.002145,
  1634.550,   -12.329085,    -1.620024,     0.000035,
  1634.600,    -9.189904,    -1.193751,    -0.005066,
  1634.650,    -4.728239,    -0.221375,    -0.001281,
  1634.700,     0.158648,     0.944310,    -0.002177,
  1634.750,     4.507320,     1.802740,    -0.004434,
  1634.800,     7.634133,     2.103127,    -0.004771,
  1634.850,     9.261864,     1.980898,    -0.001377,
  1634.900,     9.392227,     1.834150,    -0.000378,
  1634.950,     8.306205,     1.554471,    -0.000415,
  1635.000,     6.372350,     0.849765,    -0.003901,
  1635.050,     4.092166,    -0.364628,    -0.005074,
  1635.100,     2.148410,    -1.647068,    -0.004483,
  1635.150,     0.960890,    -2.463542,    -0.003175,
  1635.200,     0.621930,    -2.393592,    -0.006857,
  1635.250,     0.929206,    -1.539666,    -0.008200,
  1635.300,     1.361818,    -0.367061,    -0.007530,
  1635.350,     1.415798,     0.786164,    -0.005507,
  1635.400,     1.103553,     1.800347,    -0.008159,
  1635.450,     0.809895,     2.567745,    -0.006232,
  1635.500,     0.509332,     2.857418,    -0.004064,
  1635.550,     0.131979,     2.729597,    -0.002822,
  1635.600,    -0.132297,     2.507415,    -0.003447,
  1635.650,    -0.176749,     2.725166,    -0.000280,
  1635.700,    -0.084951,     3.536522,    -0.001868,
  1635.750,     0.100199,     4.719953,    -0.004952,
  1635.800,     0.233762,     5.978758,    -0.003128,
  1635.850,     0.237564,     7.139484,    -0.005058,
  1635.900,     0.197821,     8.018270,    -0.008583,
  1635.950,     0.238139,     8.408722,    -0.007276,
  1636.000,     0.284875,     8.099335,    -0.002652,
  1636.050,     0.319138,     6.992960,    -0.003938,
  1636.100,     0.353705,     5.083596,    -0.004934,
  1636.150,     0.320124,     2.715300,    -0.003108,
  1636.200,    -0.026413,     0.553834,    -0.000143,
  1636.250,    -0.582255,    -0.974464,    -0.003731,
  1636.300,    -0.984514,    -1.866223,    -0.001072,
  1636.350,    -0.975989,    -2.360050,     0.001926,
  1636.400,    -0.617963,    -2.625182,    -0.003190,
  1636.450,    -0.241242,    -2.683920,    -0.008065,
  1636.500,    -0.177565,    -2.569406,    -0.009849,
  1636.550,    -0.467188,    -2.462354,    -0.009339,
  1636.600,    -0.853350,    -2.381856,    -0.009634,
  1636.650,    -1.245836,    -2.249739,    -0.005309,
  1636.700,    -1.659296,    -1.943175,    -0.004327,
  1636.750,    -2.023855,    -1.563875,    -0.004937,
  1636.800,    -2.132763,    -1.173989,    -0.007703,
  1636.850,    -1.787516,    -0.740138,    -0.006234,
  1636.900,    -1.070186,    -0.124872,    -0.007100,
  1636.950,    -0.181848,     0.609759,    -0.006066,
  1637.000,     0.674515,     1.406203,    -0.006099,
  1637.050,     1.304190,     2.317221,    -0.003891,
  1637.100,     1.704727,     3.254949,    -0.002025,
  1637.150,     1.796830,     4.003688,     0.001277,
  1637.200,     1.486132,     4.135708,     0.001951,
  1637.250,     0.755132,     3.405202,    -0.001539,
  1637.300,    -0.163963,     1.985505,    -0.001596,
  1637.350,    -0.805796,     0.434592,     0.000164,
  1637.400,    -0.896932,    -0.822254,    -0.003148,
  1637.450,    -0.551332,    -1.575648,    -0.001631,
  1637.500,    -0.054541,    -1.729813,    -0.001564,
  1637.550,     0.311542,    -1.255113,     0.000276,
  1637.600,     0.539208,    -0.338612,     0.003278,
  1637.650,     0.776822,     0.763632,     0.001232,
  1637.700,     0.973129,     1.740224,    -0.003971,
  1637.750,     0.914914,     2.460679,     0.003364,
  1637.800,     0.544812,     2.958997,     0.005489,
  1637.850,     0.226115,     3.299934,     0.001444,
  1637.900,     0.185138,     3.385711,    -0.000683,
  1637.950,     0.409164,     3.162409,     0.004370,
  1638.000,     0.689735,     2.824086,    -0.001320,
  1638.050,     0.827935,     2.523193,    -0.002100,
  1638.100,     0.901406,     2.167881,     0.000763,
  1638.150,     1.134999,     1.673464,    -0.001168,
  1638.200,     1.663666,     1.097867,    -0.002551,
  1638.250,     2.285620,     0.595649,    -0.000738,
  1638.300,     2.726547,     0.267708,    -0.000261,
  1638.350,     2.697216,     0.215812,    -0.005988,
  1638.400,     2.106938,     0.300757,    -0.003790,
  1638.450,     1.174312,     0.210374,    -0.002175,
  1638.500,     0.193649,    -0.234144,    -0.001651,
  1638.550,    -0.625028,    -0.859218,    -0.008075,
  1638.600,    -1.053246,    -1.345800,    -0.008982,
  1638.650,    -1.036814,    -1.384178,    -0.006649,
  1638.700,    -0.686059,    -1.020408,    -0.007063,
  1638.750,    -0.119836,    -0.342018,    -0.008415,
  1638.800,     0.502940,     0.725234,    -0.008785,
  1638.850,     0.904659,     2.078701,    -0.007838,
  1638.900,     0.956059,     3.398893,    -0.004594,
  1638.950,     0.840468,     4.392974,    -0.002494,
  1639.000,     0.722841,     4.958612,    -0.007074,
  1639.050,     0.519303,     5.103479,    -0.009947,
  1639.100,     0.092065,     4.824185,    -0.005644,
  1639.150,    -0.576030,     3.945542,    -0.002848,
  1639.200,    -1.255771,     2.410317,    -0.005800,
  1639.250,    -1.653486,     0.343592,    -0.005395,
  1639.300,    -1.609442,    -1.854028,    -0.001825,
  1639.350,    -1.229425,    -3.661547,    -0.002838,
  1639.400,    -0.857648,    -4.850082,    -0.003683,
  1639.450,    -0.606055,    -5.255514,    -0.007454,
  1639.500,    -0.461970,    -4.758078,    -0.008080,
  1639.550,    -0.400068,    -3.317165,    -0.002470,
  1639.600,    -0.457603,    -1.240698,    -0.003839,
  1639.650,    -0.515161,     1.045305,    -0.007116,
  1639.700,    -0.272793,     2.943423,    -0.002332,
  1639.750,     0.558211,     4.244858,    -0.004235,
  1639.800,     1.901212,     5.100088,    -0.004384,
  1639.850,     3.452733,     5.546860,    -0.004119,
  1639.900,     4.868950,     5.334418,    -0.002050,
  1639.950,     5.896873,     4.304736,     0.000744,
  1640.000,     6.324820,     2.511987,     0.000709,
  1640.050,     6.114219,     0.352506,     0.003000,
  1640.100,     5.202685,    -1.575325,     0.003142,
  1640.150,     3.658468,    -2.746470,     0.008731,
  1640.200,     1.701501,    -3.031769,     0.003610,
  1640.250,    -0.326514,    -2.697153,    -0.000839,
  1640.300,    -1.893794,    -2.044046,    -0.000364,
  1640.350,    -2.774356,    -1.309203,    -0.002706,
  1640.400,    -3.044203,    -0.531349,     0.004345,
  1640.450,    -2.972738,     0.062713,    -0.002321,
  1640.500,    -2.697473,     0.293488,    -0.000741,
  1640.550,    -2.294583,     0.269254,     0.002626,
  1640.600,    -1.843373,     0.404838,     0.000724,
  1640.650,    -1.426351,     1.032106,     0.001667,
  1640.700,    -1.094449,     2.062719,    -0.000682,
  1640.750,    -0.844392,     3.106748,    -0.003982,
  1640.800,    -0.602703,     3.840306,    -0.000883,
  1640.850,    -0.408748,     4.170689,    -0.002784,
  1640.900,    -0.254312,     4.128747,    -0.002795,
  1640.950,    -0.018187,     3.825790,    -0.002652,
  1641.000,     0.342736,     3.105605,    -0.001647,
  1641.050,     0.777006,     1.919317,    -0.000875,
  1641.100,     1.256606,     0.499471,    -0.001366,
  1641.150,     1.846516,    -0.655401,    -0.003036,
  1641.200,     2.422183,    -1.180790,    -0.005683,
  1641.250,     2.845094,    -0.932680,    -0.002288,
  1641.300,     2.898009,     0.065962,    -0.005404,
  1641.350,     2.489445,     1.640657,    -0.002446,
  1641.400,     1.751443,     3.587384,    -0.005444,
  1641.450,     0.998787,     5.627009,    -0.004154,
  1641.500,     0.496890,     7.283995,    -0.008501,
  1641.550,     0.311326,     7.929273,    -0.009246,
  1641.600,     0.456654,     7.229707,    -0.005449,
  1641.650,     0.972133,     5.437746,    -0.006724,
  1641.700,     1.706152,     3.255428,    -0.006355,
  1641.750,     2.575541,     1.287893,    -0.001199,
  1641.800,     3.380877,    -0.430065,    -0.002653,
  1641.850,     4.071763,    -1.912394,    -0.005110,
  1641.900,     4.728329,    -2.921142,    -0.009535,
  1641.950,     5.329522,    -3.164518,    -0.010376,
  1642.000,     5.822594,    -2.711609,    -0.007715,
  1642.050,     6.235856,    -2.023525,    -0.003937,
  1642.100,     6.714734,    -1.612473,    -0.004496,
  1642.150,     7.348793,    -1.626222,    -0.002246,
  1642.200,     8.067794,    -1.895577,    -0.007181,
  1642.250,     8.830473,    -2.231396,    -0.006569,
  1642.300,     9.638567,    -2.317654,    -0.011485,
  1642.350,    10.535183,    -1.902629,    -0.006784,
  1642.400,    11.529366,    -0.786280,    -0.005037,
  1642.450,    12.397116,     1.129492,    -0.003304,
  1642.500,    12.784872,     3.499094,    -0.000326,
  1642.550,    12.056428,     5.749574,    -0.005499,
  1642.600,     9.510769,     7.199591,    -0.004684,
  1642.650,     4.454785,     7.364164,     0.000670,
  1642.700,    -3.775687,     6.108811,     0.001419,
  1642.750,   -15.744684,     3.760737,    -0.006812,
  1642.800,   -31.755872,     1.035424,     0.002135,
  1642.850,   -51.127232,    -1.500944,     0.005522,
  1642.900,   -71.692456,    -3.580921,     0.002971,
  1642.950,   -89.946835,    -5.075783,    -0.002906,
  1643.000,  -101.347273,    -5.654107,     0.005157,
  1643.050,  -101.415875,    -4.892246,     0.004083,
  1643.100,   -87.230646,    -2.572867,    -0.000942,
  1643.150,   -59.086710,     0.931624,    -0.001967,
  1643.200,   -21.091626,     4.734468,     0.000537,
  1643.250,    19.861442,     7.863014,    -0.000745,
  1643.300,    56.431343,     9.581584,     0.000386,
  1643.350,    83.071241,     9.571676,    -0.001530,
  1643.400,    97.333087,     7.899424,    -0.003388,
  1643.450,    99.355308,     4.949290,    -0.002661,
  1643.500,    90.814374,     1.389123,    -0.004653,
  1643.550,    74.407701,    -1.934049,    -0.008871,
  1643.600,    53.701675,    -4.311451,    -0.002193,
  1643.650,    32.886563,    -5.354010,    -0.003418,
  1643.700,    15.322135,    -5.268690,    -0.000465,
  1643.750,     2.403834,    -4.557273,    -0.002190,
  1643.800,    -6.494281,    -3.695180,    -0.005832,
  1643.850,   -12.299871,    -2.738433,    -0.005879,
  1643.900,   -15.075275,    -1.598857,    -0.005262,
  1643.950,   -14.502771,    -0.426964,     0.000330,
  1644.000,   -11.375331,     0.606600,     0.001274,
  1644.050,    -7.661521,     1.409146,    -0.000940,
  1644.100,    -5.234197,     2.057791,     0.001630,
  1644.150,    -4.493166,     2.602047,    -0.001450,
  1644.200,    -4.637247,     3.052287,     0.000226,
  1644.250,    -4.971002,     3.248419,     0.000896,
  1644.300,    -5.423581,     3.271796,    -0.006596,
  1644.350,    -6.051016,     3.133470,    -0.003064,
  1644.400,    -6.571420,     2.880073,    -0.003335,
  1644.450,    -6.661372,     2.369453,    -0.002331,
  1644.500,    -6.114131,     1.468208,    -0.002599,
  1644.550,    -4.960256,     0.140516,    -0.000162,
  1644.600,    -3.392967,    -1.456805,     0.002372,
  1644.650,    -1.713792,    -3.080571,     0.000891,
  1644.700,    -0.189624,    -4.479910,    -0.003340,
  1644.750,     1.061742,    -5.262017,    -0.007305,
  1644.800,     1.930168,    -5.094079,    -0.002652,
  1644.850,     2.311599,    -3.856473,    -0.004233,
  1644.900,     2.132582,    -1.698483,    -0.010733,
  1644.950,     1.559585,     0.847717,    -0.007519,
  1645.000,     0.878844,     3.351845,    -0.008897,
  1645.050,     0.225434,     5.478878,    -0.011914,
  1645.100,    -0.375032,     6.879348,    -0.005526,
  1645.150,    -0.826861,     7.193092,    -0.006936,
  1645.200,    -1.089432,     6.209300,    -0.012398,
  1645.250,    -1.113986,     4.192611,    -0.010554,
  1645.300,    -0.837468,     1.729110,    -0.004767,
  1645.350,    -0.163577,    -0.502945,    -0.009853,
  1645.400,     0.704215,    -2.066343,    -0.009411,
  1645.450,     1.547301,    -2.800311,    -0.007138,
  1645.500,     2.422175,    -2.672023,    -0.011697,
  1645.550,     3.304915,    -1.756019,    -0.014931,
  1645.600,     3.863996,    -0.414681,    -0.006305,
  1645.650,     3.688099,     0.885057,    -0.008014,
  1645.700,     2.775206,     1.681047,    -0.009243,
  1645.750,     1.448763,     1.914041,    -0.001466,
  1645.800,     0.142309,     1.801556,    -0.005240,
  1645.850,    -0.911190,     1.604196,    -0.006814,
  1645.900,    -1.711145,     1.597945,    -0.004199,
  1645.950,    -2.325638,     1.796716,    -0.006037,
  1646.000,    -2.732472,     2.086455,    -0.005943,
  1646.050,    -2.672782,     2.404416,    -0.000592,
  1646.100,    -2.319141,     2.883028,    -0.002499,
  1646.150,    -2.152449,     3.470125,    -0.001287,
  1646.200,    -2.348451,     3.800494,    -0.003681,
  1646.250,    -2.817882,     3.519708,     0.002327,
  1646.300,    -3.269074,     2.324408,     0.000393,
  1646.350,    -3.595085,     0.377733,     0.001749,
  1646.400,    -3.580901,    -1.639211,     0.006812,
  1646.450,    -3.084627,    -3.273408,     0.005556,
  1646.500,    -1.892443,    -4.368732,     0.004981,
  1646.550,     0.037883,    -4.902630,     0.003807,
  1646.600,     2.321464,    -4.539004,     0.007020,
  1646.650,     4.391606,    -2.895854,     0.006272,
  1646.700,     5.743983,    -0.051166,     0.000181,
  1646.750,     5.981916,     3.371334,    -0.003777,
  1646.800,     5.128360,     6.374152,     0.001256,
  1646.850,     3.474890,     8.159886,     0.003392,
  1646.900,     1.527665,     8.407146,    -0.003427,
  1646.950,    -0.311768,     7.260378,     0.000296,
  1647.000,    -1.837934,     5.100806,    -0.001307,
  1647.050,    -2.855348,     2.369490,    -0.003421,
  1647.100,    -3.110949,    -0.467867,     0.001752,
  1647.150,    -2.428372,    -2.881076,    -0.000039,
  1647.200,    -0.875482,    -4.160517,    -0.003344,
  1647.250,     1.146507,    -4.009448,    -0.006087,
  1647.300,     3.028184,    -2.728079,    -0.009550,
  1647.350,     4.281216,    -0.931201,    -0.006096,
  1647.400,     4.737199,     0.907262,    -0.003292,
  1647.450,     4.280445,     2.466837,    -0.006387,
  1647.500,     3.020010,     3.419829,    -0.006034,
  1647.550,     1.322089,     3.613173,    -0.002309,
  1647.600,    -0.488189,     2.940241,    -0.006738,
  1647.650,    -1.988514,     1.733533,    -0.009229,
  1647.700,    -2.855302,     0.600073,    -0.012256,
  1647.750,    -3.023087,     0.106117,    -0.008702,
  1647.800,    -2.689008,     0.398465,    -0.014642,
  1647.850,    -2.169292,     1.138148,    -0.012882,
  1647.900,    -1.624606,     1.833618,    -0.015250,
  1647.950,    -1.072653,     2.254569,    -0.016714,
  1648.000,    -0.467376,     2.366573,    -0.014030,
  1648.050,     0.130172,     2.160168,    -0.014944,
  1648.100,     0.556172,     1.678289,    -0.009928,
  1648.150,     0.765326,     1.088022,    -0.013933,
  1648.200,     0.873567,     0.468325,    -0.011766,
  1648.250,     0.988655,    -0.085080,    -0.011622,
  1648.300,     1.181793,    -0.424321,    -0.008004,
  1648.350,     1.331174,    -0.445310,    -0.005434,
  1648.400,     1.373966,    -0.052121,    -0.006429,
  1648.450,     1.231926,     0.676347,    -0.007360,
  1648.500,     0.998063,     1.592305,    -0.008489,
  1648.550,     0.608836,     2.568017,    -0.006037,
  1648.600,    -0.016407,     3.345554,    -0.002413,
  1648.650,    -0.811361,     3.660376,    -0.002297,
  1648.700,    -1.682867,     3.156357,    -0.003923,
  1648.750,    -2.415956,     1.812877,    -0.002793,
  1648.800,    -2.855854,     0.100915,    -0.003698,
  1648.850,    -2.875692,    -1.311793,     0.003900,
  1648.900,    -2.332429,    -1.930688,     0.003214,
  1648.950,    -1.296389,    -1.794235,     0.002237,
  1649.000,     0.051131,    -1.199253,     0.007720,
  1649.050,     1.401453,    -0.342031,     0.006978,
  1649.100,     2.562169,     0.771827,     0.004286,
  1649.150,     3.380239,     1.928787,     0.008273,
  1649.200,     3.632375,     2.813558,     0.003825,
  1649.250,     3.299883,     3.133130,     0.004216,
  1649.300,     2.438240,     2.861016,     0.011457,
  1649.350,     1.272430,     2.236333,     0.011170,
  1649.400,     0.109945,     1.521251,     0.004005,
  1649.450,    -0.795635,     0.906289,     0.009590,
  1649.500,    -1.341309,     0.542241,     0.006220,
  1649.550,    -1.469558,     0.529363,     0.006280,
  1649.600,    -1.119199,     0.919639,     0.006077,
  1649.650,    -0.459631,     1.593277,    -0.002300,
  1649.700,     0.227793,     2.286626,    -0.005025,
  1649.750,     0.749702,     2.769640,    -0.003858,
  1649.800,     0.970798,     2.829136,    -0.003608,
  1649.850,     1.023757,     2.390700,    -0.006960,
  1649.900,     0.965607,     1.623867,    -0.006735,
  1649.950,     0.904600,     0.734181,    -0.006814,
  1650.000,     0.937091,     0.053056,    -0.011797,
  1650.050,     1.024340,    -0.300182,    -0.011601,
  1650.100,     1.200900,    -0.330311,    -0.015066,
  1650.150,     1.466430,     0.160527,    -0.010790,
  1650.200,     1.797626,     1.115636,    -0.011234,
  1650.250,     2.095097,     2.248310,    -0.014268,
  1650.300,     2.106304,     3.317872,    -0.017480,
  1650.350,     1.645006,     4.218050,    -0.016393,
  1650.400,     0.638563,     4.802698,    -0.016480,
  1650.450,    -0.664251,     4.799560,    -0.014783,
  1650.500,    -1.819412,     3.937437,    -0.013018,
  1650.550,    -2.510714,     2.234988,    -0.014935,
  1650.600,    -2.832957,     0.093360,    -0.011863,
  1650.650,    -2.780542,    -1.962899,    -0.012264,
  1650.700,    -2.201509,    -3.475688,    -0.013462,
  1650.750,    -1.031338,    -4.036231,    -0.015748,
  1650.800,     0.628524,    -3.473809,    -0.017147,
  1650.850,     2.342420,    -1.886582,    -0.011443,
  1650.900,     3.646694,     0.126319,    -0.009421,
  1650.950,     4.202630,     1.818449,    -0.009801,
  1651.000,     3.955890,     2.693813,    -0.013790,
  1651.050,     3.026552,     2.733047,    -0.005287,
  1651.100,     1.612921,     2.152289,    -0.002021,
  1651.150,     0.058938,     1.258361,    -0.005440,
  1651.200,    -1.375724,     0.158188,     0.000832,
  1651.250,    -2.361160,    -0.942973,    -0.000315,
  1651.300,    -2.621074,    -1.804075,    -0.004733,
  1651.350,    -2.128384,    -2.231281,     0.001024,
  1651.400,    -1.209131,    -2.134919,     0.004973,
  1651.450,    -0.187602,    -1.592647,     0.008960,
  1651.500,     0.786962,    -0.586536,     0.005847,
  1651.550,     1.451185,     0.569924,     0.003771,
  1651.600,     1.789720,     1.485851,     0.008699,
  1651.650,     1.819030,     1.863712,     0.011820,
  1651.700,     1.520145,     1.731539,     0.014348,
  1651.750,     1.121031,     1.275343,     0.008491,
  1651.800,     0.895798,     0.735871,     0.009047,
  1651.850,     1.010432,     0.323951,     0.007296,
  1651.900,     1.446377,     0.344839,     0.010560,
  1651.950,     1.842022,     0.881324,     0.009459,
  1652.000,     2.013369,     1.640736,     0.007590,
  1652.050,     1.852697,     2.277143,     0.006600,
  1652.100,     1.382464,     2.580827,     0.001599,
  1652.150,     0.730170,     2.568938,    -0.002921,
  1652.200,    -0.050898,     2.170394,    -0.001008,
  1652.250,    -0.698067,     1.352140,    -0.000127,
  1652.300,    -1.095673,     0.204674,    -0.005076,
  1652.350,    -1.323452,    -0.882404,    -0.004727,
  1652.400,    -1.322795,    -1.414204,    -0.004046,
  1652.450,    -1.123242,    -1.075575,    -0.005797,
  1652.500,    -0.675764,     0.051595,    -0.006612,
  1652.550,    -0.100937,     1.459865,    -0.010729,
  1652.600,     0.527854,     2.605237,    -0.007639,
  1652.650,     1.083037,     3.283422,    -0.007614,
  1652.700,     1.496930,     3.466495,    -0.011474,
  1652.750,     1.599130,     3.142623,    -0.018020,
  1652.800,     1.267756,     2.283277,    -0.017221,
  1652.850,     0.486569,     0.979266,    -0.011705,
  1652.900,    -0.336303,    -0.404800,    -0.016627,
  1652.950,    -0.878472,    -1.550247,    -0.017847,
  1653.000,    -0.932555,    -2.182721,    -0.012640,
  1653.050,    -0.581771,    -2.153554,    -0.013527,
  1653.100,    -0.068375,    -1.634214,    -0.011358,
  1653.150,     0.545000,    -0.797085,    -0.012697,
  1653.200,     1.162584,     0.248118,    -0.012919,
  1653.250,     1.705139,     1.459119,    -0.007638,
  1653.300,     1.954892,     2.663853,    -0.011901,
  1653.350,     1.798607,     3.522087,    -0.013102,
  1653.400,     1.384592,     3.822955,    -0.009603,
  1653.450,     0.888946,     3.637938,    -0.001094,
  1653.500,     0.492781,     3.161850,    -0.001407,
  1653.550,     0.266016,     2.520111,    -0.003315,
  1653.600,     0.232370,     1.814874,    -0.000238,
  1653.650,     0.451084,     1.234400,    -0.001268,
  1653.700,     0.878716,     0.964248,     0.001266,
  1653.750,     1.371531,     1.153447,     0.002447,
  1653.800,     1.828143,     1.694563,     0.001646,
  1653.850,     2.161028,     2.303654,    -0.001784,
  1653.900,     2.226007,     2.495366,     0.003285,
  1653.950,     2.015156,     2.154924,     0.001320,
  1654.000,     1.669321,     1.370564,     0.003409,
  1654.050,     1.333675,     0.382061,     0.004026,
  1654.100,     1.179147,    -0.531363,     0.007541,
  1654.150,     1.197821,    -1.062805,     0.005867,
  1654.200,     1.423929,    -1.035515,     0.003783,
  1654.250,     1.895806,    -0.385731,     0.002319,
  1654.300,     2.582184,     0.691815,     0.004906,
  1654.350,     3.329677,     1.933382,     0.001473,
  1654.400,     3.938510,     3.167818,     0.002975,
  1654.450,     4.273297,     4.040509,    -0.000675,
  1654.500,     4.129042,     4.375167,    -0.000900,
  1654.550,     3.179258,     4.107046,     0.003713,
  1654.600,     1.176169,     3.441271,     0.000945,
  1654.650,    -1.971905,     2.591825,     0.000376,
  1654.700,    -6.059633,     1.536290,     0.003094,
  1654.750,   -10.821003,     0.339489,    -0.000230,
  1654.800,   -15.705490,    -0.839023,    -0.003514,
  1654.850,   -19.925997,    -1.675263,    -0.004631,
  1654.900,   -22.483760,    -1.996982,    -0.005042,
  1654.950,   -22.437648,    -1.820432,    -0.004698,
  1655.000,   -19.232905,    -1.270407,    -0.007425,
  1655.050,   -12.970631,    -0.493290,    -0.005168,
  1655.100,    -4.332228,     0.607018,    -0.004914,
  1655.150,     5.320169,     1.841395,    -0.009269,
  1655.200,    14.248488,     2.976855,    -0.010496,
  1655.250,    20.831312,     3.762788,    -0.010172,
  1655.300,    24.138573,     4.141734,    -0.011829,
  1655.350,    24.102449,     4.145293,    -0.010756,
  1655.400,    21.329095,     3.864822,    -0.008319,
  1655.450,    16.686576,     3.244388,    -0.010174,
  1655.500,    11.079104,     2.195073,    -0.005329,
  1655.550,     5.502825,     0.900733,    -0.005037,
  1655.600,     0.931361,    -0.429988,    -0.003808,
  1655.650,    -2.178842,    -1.408666,    -0.001805,
  1655.700,    -3.957560,    -1.807847,    -0.008163,
  1655.750,    -4.940910,    -1.769096,    -0.006358,
  1655.800,    -5.421272,    -1.473016,    -0.006327,
  1655.850,    -5.338451,    -1.085380,    -0.004459,
  1655.900,    -4.563658,    -0.577102,    -0.002587,
  1655.950,    -3.310463,     0.080463,     0.000469,
  1656.000,    -1.929532,     0.942668,    -0.000151,
  1656.050,    -0.851738,     1.876642,    -0.001812,
  1656.100,    -0.236936,     2.847501,    -0.000512,
  1656.150,     0.046379,     3.721898,    -0.000172,
  1656.200,     0.097180,     4.248206,     0.000889,
  1656.250,    -0.062829,     4.202214,    -0.003123,
  1656.300,    -0.385921,     3.353246,    -0.001036,
  1656.350,    -0.931492,     1.916903,    -0.003371,
  1656.400,    -1.449413,     0.319465,    -0.005484,
  1656.450,    -1.721675,    -1.015867,    -0.005158,
  1656.500,    -1.551138,    -1.926385,    -0.000883,
  1656.550,    -0.852515,    -2.433142,    -0.005368,
  1656.600,     0.202504,    -2.618615,    -0.000945,
  1656.650,     1.241213,    -2.587156,    -0.003008,
  1656.700,     1.998733,    -2.401076,    -0.004189,
  1656.750,     2.359921,    -2.161640,    -0.003923,
  1656.800,     2.336805,    -1.677688,    -0.004502,
  1656.850,     1.934255,    -0.860168,    -0.002670,
  1656.900,     1.224005,     0.249309,    -0.008266,
  1656.950,     0.334232,     1.487038,    -0.008649,
  1657.000,    -0.555783,     2.530050,    -0.004146,
  1657.050,    -1.227406,     3.091155,    -0.004271,
  1657.100,    -1.532697,     3.094993,    -0.004032,
  1657.150,    -1.454274,     2.552871,    -0.006445,
  1657.200,    -1.056418,     1.766720,    -0.002005,
  1657.250,    -0.475131,     0.884781,    -0.006010,
  1657.300,     0.303119,     0.133546,    -0.002205,
  1657.350,     1.118738,    -0.366438,    -0.000243,
  1657.400,     1.899452,    -0.600281,    -0.000484,
  1657.450,     2.418825,    -0.555912,    -0.008587,
  1657.500,     2.613027,    -0.281646,    -0.006177,
  1657.550,     2.467171,     0.095342,     0.001249,
  1657.600,     2.001866,     0.421960,    -0.000829,
  1657.650,     1.339456,     0.527875,    -0.003119,
  1657.700,     0.589527,     0.364514,    -0.007606,
  1657.750,    -0.013881,     0.217246,    -0.002977,
  1657.800,    -0.322048,     0.330583,    -0.002595,
  1657.850,    -0.291394,     0.759865,    -0.000095,
  1657.900,    -0.024661,     1.271932,    -0.006739,
  1657.950,     0.273342,     1.754661,    -0.001568,
  1658.000,     0.445058,     2.053071,     0.000247,
  1658.050,     0.365030,     2.051475,    -0.002045,
  1658.100,    -0.008104,     1.749968,    -0.007562,
  1658.150,    -0.591839,     1.257728,    -0.002985,
  1658.200,    -1.083124,     0.738166,    -0.002600,
  1658.250,    -1.366580,     0.284834,    -0.004882,
  1658.300,    -1.279589,    -0.112484,    -0.002682,
  1658.350,    -0.821194,    -0.434638,    -0.004773,
  1658.400,    -0.064540,    -0.599247,    -0.007603,
  1658.450,     0.954514,    -0.513607,    -0.008737,
  1658.500,     2.038568,    -0.238587,    -0.007472,
  1658.550,     2.919960,     0.133237,    -0.006202,
  1658.600,     3.371959,     0.732043,    -0.012103,
  1658.650,     3.294570,     1.685146,    -0.011843,
  1658.700,     2.780442,     3.120261,    -0.004960,
  1658.750,     1.930461,     4.878546,    -0.008301,
  1658.800,     0.857168,     6.469332,    -0.010277,
  1658.850,    -0.299079,     7.482532,    -0.010626,
  1658.900,    -1.306902,     7.620730,    -0.009520,
  1658.950,    -1.935049,     6.938656,    -0.007498,
  1659.000,    -2.112143,     5.741972,    -0.006022,
  1659.050,    -1.810452,     4.359323,    -0.003402,
  1659.100,    -1.175403,     2.981788,    -0.001772,
  1659.150,    -0.220585,     1.775527,    -0.003175,
  1659.200,     0.904640,     0.980509,     0.000842,
  1659.250,     1.925691,     0.699717,     0.000779,
  1659.300,     2.626918,     0.885243,    -0.002158,
  1659.350,     2.905674,     1.351445,    -0.005207,
  1659.400,     2.706503,     1.931611,     0.000617,
  1659.450,     2.186442,     2.507167,    -0.000189,
  1659.500,     1.493254,     3.134061,     0.002647,
  1659.550,     0.681428,     3.689834,     0.002368,
  1659.600,    -0.168167,     3.875714,     0.003787,
  1659.650,    -0.958539,     3.622396,    -0.000925,
  1659.700,    -1.487751,     3.076737,     0.001431,
  1659.750,    -1.683569,     2.395314,     0.000332,
  1659.800,    -1.560394,     1.571273,     0.005496,
  1659.850,    -1.222307,     0.503013,     0.002529,
  1659.900,    -0.853153,    -0.738879,     0.004060,
  1659.950,    -0.475442,    -1.913048,     0.004318,
  1660.000,    -0.084230,    -2.798245,     0.005209,
  1660.050,     0.358493,    -3.224781,     0.004698,
  1660.100,     0.774902,    -3.221053,     0.003247,
  1660.150,     1.202545,    -2.804620,     0.001488,
  1660.200,     1.677863,    -2.148245,    -0.005665,
  1660.250,     2.072884,    -1.410656,    -0.003040,
  1660.300,     2.246396,    -0.797256,     0.001168,
  1660.350,     2.084196,    -0.388298,    -0.001524,
  1660.400,     1.494987,    -0.171309,    -0.005674,
  1660.450,     0.575279,    -0.143347,    -0.012286,
  1660.500,    -0.329903,    -0.234229,    -0.005347,
  1660.550,    -1.083751,    -0.228577,    -0.006896,
  1660.600,    -1.616543,     0.068801,    -0.008991,
  1660.650,    -1.948110,     0.701912,    -0.007771,
  1660.700,    -2.103014,     1.453997,    -0.010682,
  1660.750,    -2.049684,     1.984452,    -0.013716,
  1660.800,    -1.854534,     2.009002,    -0.012749,
  1660.850,    -1.463826,     1.682645,    -0.009977,
  1660.900,    -0.859718,     1.189318,    -0.011353,
  1660.950,    -0.046763,     0.793602,    -0.016674,
  1661.000,     0.868380,     0.557561,    -0.013044,
  1661.050,     1.680808,     0.544060,    -0.016662,
  1661.100,     2.225782,     0.916237,    -0.009948,
  1661.150,     2.345550,     1.670847,    -0.008438,
  1661.200,     2.030698,     2.608497,    -0.009856,
  1661.250,     1.376683,     3.331257,    -0.009088,
  1661.300,     0.588440,     3.644647,    -0.009774,
  1661.350,    -0.148044,     3.527449,    -0.008999,
  1661.400,    -0.670110,     3.179844,    -0.007787,
  1661.450,    -0.932003,     2.787319,    -0.000673,
  1661.500,    -0.927203,     2.367567,    -0.004210,
  1661.550,    -0.715323,     1.812792,     0.002243,
  1661.600,    -0.329379,     1.181724,     0.000297,
  1661.650,     0.112541,     0.711117,    -0.003041,
  1661.700,     0.393269,     0.530947,     0.002648,
  1661.750,     0.423823,     0.488361,     0.004923,
  1661.800,     0.345263,     0.321276,     0.003798,
  1661.850,     0.229323,    -0.099044,     0.010817,
  1661.900,     0.316766,    -0.638216,     0.003678,
  1661.950,     0.548009,    -1.168492,     0.008653,
  1662.000,     0.834411,    -1.642323,     0.006320,
  1662.050,     1.075091,    -2.128541,     0.006082,
  1662.100,     1.265898,    -2.609287,     0.004189,
  1662.150,     1.295781,    -2.854005,     0.006583,
  1662.200,     1.138400,    -2.758244,     0.005384,
  1662.250,     0.826854,    -2.142191,     0.003572,
  1662.300,     0.433062,    -1.104436,     0.000760,
  1662.350,    -0.049884,     0.149055,     0.005732,
  1662.400,    -0.538289,     1.298726,     0.005465,
  1662.450,    -0.891007,     2.152069,    -0.002606,
  1662.500,    -0.992663,     2.652522,     0.001653,
  1662.550,    -0.861558,     2.712479,     0.000250,
  1662.600,    -0.544984,     2.335582,     0.000377,
  1662.650,    -0.094271,     1.505367,    -0.003769,
  1662.700,     0.623211,     0.331977,    -0.010375,
  1662.750,     1.567379,    -0.850503,    -0.007137,
  1662.800,     2.703188,    -1.663087,    -0.010011,
  1662.850,     3.805628,    -1.851653,    -0.009798,
  1662.900,     4.526311,    -1.462013,    -0.012761,
  1662.950,     4.674788,    -0.657694,    -0.013431,
  1663.000,     4.189553,     0.470056,    -0.016696,
  1663.050,     3.269970,     1.611680,    -0.009078,
  1663.100,     2.137741,     2.417804,    -0.015797,
  1663.150,     1.090293,     2.618604,    -0.009760,
  1663.200,     0.267515,     2.236875,    -0.016902,
  1663.250,    -0.216075,     1.566728,    -0.017249,
  1663.300,    -0.309280,     0.909070,    -0.013993,
  1663.350,    -0.045619,     0.335290,    -0.013700,
  1663.400,     0.412441,    -0.128584,    -0.010305,
  1663.450,     0.905960,    -0.489109,    -0.009105,
  1663.500,     1.325186,    -0.683536,    -0.009809,
  1663.550,     1.641619,    -0.652590,    -0.008228,
  1663.600,     1.873104,    -0.385626,    -0.006048,
  1663.650,     2.000201,    -0.017839,    -0.007205,
  1663.700,     1.872594,     0.444444,    -0.004727,
  1663.750,     1.569348,     0.892524,    -0.000468,
  1663.800,     1.234358,     1.193859,     0.003200,
  1663.850,     0.929679,     1.264822,    -0.003368,
  1663.900,     0.582390,     1.118718,     0.006579,
  1663.950,     0.020458,     0.847465,     0.003243,
  1664.000,    -0.673323,     0.643507,     0.006890,
  1664.050,    -1.344383,     0.751317,     0.008664,
  1664.100,    -1.874146,     1.032894,     0.009862,
  1664.150,    -2.184029,     1.532328,     0.011851,
  1664.200,    -2.179379,     2.102100,     0.009384,
  1664.250,    -1.936215,     2.741598,     0.006762,
  1664.300,    -1.529404,     3.404021,     0.004951,
  1664.350,    -1.095583,     3.894127,     0.003272,
  1664.400,    -0.708657,     4.234944,     0.009781,
  1664.450,    -0.365428,     4.445565,     0.009017,
  1664.500,    -0.096349,     4.695064,     0.005869,
  1664.550,     0.091093,     4.922722,     0.000166,
  1664.600,     0.161623,     5.032285,     0.002719,
  1664.650,     0.232499,     5.117767,    -0.000595,
  1664.700,     0.423120,     5.328032,    -0.002670,
  1664.750,     0.675576,     5.959065,    -0.006583,
  1664.800,     0.833979,     6.803674,    -0.006904,
  1664.850,     0.864080,     7.490072,    -0.004508,
  1664.900,     0.691799,     7.701104,    -0.004192,
  1664.950,     0.515940,     7.466733,    -0.007199,
  1665.000,     0.401394,     7.052562,    -0.007308,
  1665.050,     0.372587,     6.525639,    -0.009734,
  1665.100,     0.448055,     5.904659,    -0.014511,
  1665.150,     0.671194,     5.249139,    -0.014935,
  1665.200,     1.009965,     4.756499,    -0.015722,
  1665.250,     1.434863,     4.576828,    -0.015873,
  1665.300,     1.800667,     4.564673,    -0.016715,
  1665.350,     1.977874,     4.464241,    -0.017078,
  1665.400,     1.877012,     4.136214,    -0.016205,
  1665.450,     1.618023,     3.484737,    -0.012171,
  1665.500,     1.314807,     2.536612,    -0.012142,
  1665.550,     1.085875,     1.379757,    -0.008708,
  1665.600,     0.920016,     0.066283,    -0.015759,
  1665.650,     0.721079,    -1.190168,    -0.007382,
  1665.700,     0.490336,    -2.290469,    -0.002313,
  1665.750,     0.343132,    -3.057807,    -0.006906,
  1665.800,     0.315853,    -3.343942,    -0.001372,
  1665.850,     0.325911,    -3.233995,    -0.004163,
  1665.900,     0.160593,    -2.801798,    -0.000879,
  1665.950,    -0.168729,    -2.240085,     0.003029,
  1666.000,    -0.529200,    -1.840208,    -0.000224,
  1666.050,    -0.792763,    -1.816641,     0.003035,
  1666.100,    -0.984851,    -2.159055,    -0.000376,
  1666.150,    -1.105135,    -2.810039,    -0.002950,
  1666.200,    -1.177964,    -3.625061,     0.001143,
  1666.250,    -1.058674,    -4.496968,     0.004289,
  1666.300,    -0.736499,    -5.200080,    -0.001084,
  1666.350,    -0.218893,    -5.598534,     0.004826,
  1666.400,     0.423388,    -5.491304,     0.005525,
  1666.450,     0.951939,    -4.919563,     0.008740,
  1666.500,     1.174671,    -4.049773,     0.009356,
  1666.550,     0.957832,    -3.068452,     0.007442,
  1666.600,     0.291178,    -2.156278,     0.003231,
  1666.650,    -0.737817,    -1.446474,     0.004344,
  1666.700,    -2.078966,    -1.194588,    -0.001568,
  1666.750,    -3.531917,    -1.559614,     0.002804,
  1666.800,    -4.859722,    -2.610727,     0.002741,
  1666.850,    -5.618367,    -4.017934,    -0.003890,
  1666.900,    -5.460173,    -5.278189,    -0.002733,
  1666.950,    -4.203640,    -5.879807,     0.004941,
  1667.000,    -2.037356,    -5.673035,    -0.003088,
  1667.050,     0.706978,    -4.734952,    -0.004548,
  1667.100,     3.549437,    -3.323569,    -0.010573,
  1667.150,     5.890658,    -1.801270,    -0.006908,
  1667.200,     7.242671,    -0.609589,    -0.012684,
  1667.250,     7.302088,     0.036913,    -0.009678,
  1667.300,     6.275260,     0.033841,    -0.010323,
  1667.350,     4.599317,    -0.348014,    -0.013088,
  1667.400,     2.718858,    -0.789643,    -0.011208,
  1667.450,     0.894813,    -0.890134,    -0.017210,
  1667.500,    -0.653867,    -0.600818,    -0.008829,
  1667.550,    -1.734073,    -0.031359,    -0.008364,
  1667.600,    -2.242653,     0.591116,    -0.005455,
  1667.650,    -2.267511,     1.222721,    -0.014520,
  1667.700,    -2.022221,     1.755580,    -0.009630,
  1667.750,    -1.631369,     2.199291,    -0.009412,
  1667.800,    -1.114885,     2.543486,    -0.003844,
  1667.850,    -0.526167,     2.887557,    -0.010929,
  1667.900,     0.039623,     3.308350,    -0.005063,
  1667.950,     0.430275,     3.920214,    -0.007559,
  1668.000,     0.545049,     4.728247,    -0.009164,
  1668.050,     0.484584,     5.719417,    -0.003549,
  1668.100,     0.432319,     6.709065,    -0.003320,
  1668.150,     0.467666,     7.467423,    -0.002151,
  1668.200,     0.599856,     7.970446,    -0.000020,
  1668.250,     0.724748,     8.313012,    -0.001021,
  1668.300,     0.917620,     8.562235,     0.001388,
  1668.350,     1.129522,     8.631434,     0.004274,
  1668.400,     1.384077,     8.193162,     0.003902,
  1668.450,     1.740757,     7.142518,     0.002479,
  1668.500,     2.090661,     5.719724,     0.000305,
  1668.550,     2.473252,     4.280513,     0.006255,
  1668.600,     2.845311,     3.139489,     0.000115,
  1668.650,     3.112217,     2.404705,    -0.001758,
  1668.700,     3.212377,     2.141270,     0.001758,
  1668.750,     3.216838,     2.421571,    -0.001315,
  1668.800,     3.226596,     3.134096,     0.008285,
  1668.850,     3.383533,     4.018293,     0.008471,
  1668.900,     3.622228,     4.675298,     0.001137,
  1668.950,     3.688416,     4.926007,    -0.004589,
  1669.000,     3.566815,     4.776860,     0.000235,
  1669.050,     3.271866,     4.290919,    -0.001045,
  1669.100,     3.018206,     3.477075,     0.001769,
  1669.150,     2.800276,     2.435359,     0.002118,
  1669.200,     2.576850,     1.399322,    -0.004197,
  1669.250,     2.389824,     0.704683,    -0.004323,
  1669.300,     2.279123,     0.384288,    -0.003625,
  1669.350,     2.349930,     0.402077,    -0.005493,
  1669.400,     2.362699,     0.480567,    -0.002894,
  1669.450,     2.258481,     0.503144,    -0.007249,
  1669.500,     1.889305,     0.467499,    -0.011542,
  1669.550,     1.327829,     0.427364,    -0.006392,
  1669.600,     0.602832,     0.342480,    -0.005999,
  1669.650,    -0.241560,     0.136505,    -0.006127,
  1669.700,    -1.007821,    -0.118072,    -0.012159,
  1669.750,    -1.670790,    -0.314044,    -0.011568,
  1669.800,    -2.122671,    -0.345427,    -0.006225,
  1669.850,    -2.316188,    -0.283695,    -0.003592,
  1669.900,    -2.302611,    -0.104249,    -0.007747,
  1669.950,    -2.075372,     0.193024,    -0.008088,
  1670.000,    -1.812034,     0.620873,    -0.003681,
  1670.050,    -1.600148,     1.022045,    -0.004485,
  1670.100,    -1.518082,     1.255514,    -0.005634,
  1670.150,    -1.662533,     1.085880,    -0.003887,
  1670.200,    -1.932268,     0.484390,    -0.002445,
  1670.250,    -2.211039,    -0.519557,    -0.003165,
  1670.300,    -2.487411,    -1.744034,    -0.006010,
  1670.350,    -2.702617,    -3.052837,    -0.004163,
  1670.400,    -2.764977,    -4.192625,    -0.009017,
  1670.450,    -2.631949,    -4.871893,     0.000054,
  1670.500,    -2.313444,    -4.825682,    -0.002396,
  1670.550,    -1.886933,    -4.000582,    -0.003146,
  1670.600,    -1.486067,    -2.658568,    -0.005044,
  1670.650,    -1.178030,    -1.071755,    -0.001485,
  1670.700,    -0.954346,     0.485978,    -0.001581,
  1670.750,    -0.910849,     1.894552,    -0.000074,
  1670.800,    -1.076016,     2.933516,    -0.003704,
  1670.850,    -1.551867,     3.411537,    -0.000794,
  1670.900,    -2.244996,     3.192661,    -0.002075,
  1670.950,    -2.928766,     2.448630,    -0.002648,
  1671.000,    -3.325488,     1.430026,    -0.006215,
  1671.050,    -3.271627,     0.408478,    -0.008404,
  1671.100,    -2.716056,    -0.451436,    -0.006002,
  1671.150,    -1.821210,    -0.960817,    -0.002909,
  1671.200,    -0.778161,    -1.060193,     0.001951,
  1671.250,     0.111823,    -0.663694,    -0.004489,
  1671.300,     0.682005,     0.062822,    -0.000603,
  1671.350,     0.827379,     0.883004,    -0.007924,
  1671.400,     0.572404,     1.683465,    -0.003345,
  1671.450,     0.115901,     2.433776,    -0.004482,
  1671.500,    -0.260959,     3.137004,    -0.005940,
  1671.550,    -0.410981,     3.789860,    -0.001989,
  1671.600,    -0.344258,     4.497620,     0.002068,
  1671.650,    -0.055367,     5.222535,    -0.004473,
  1671.700,     0.316423,     5.901816,    -0.004272,
  1671.750,     0.746906,     6.195639,     0.000950,
  1671.800,     1.160156,     5.981187,    -0.004387,
  1671.850,     1.555930,     5.335014,     0.004429,
  1671.900,     1.867948,     4.410735,     0.002017,
  1671.950,     2.159734,     3.321650,    -0.007097,
  1672.000,     2.525694,     2.132569,    -0.000765,
  1672.050,     2.935329,     0.935982,    -0.003196,
  1672.100,     3.468062,    -0.097018,    -0.004736,
  1672.150,     4.032701,    -0.778452,    -0.002216,
  1672.200,     4.524326,    -1.038260,    -0.005882,
  1672.250,     4.823544,    -0.783239,    -0.000547,
  1672.300,     4.882638,     0.004783,    -0.001658,
  1672.350,     4.801014,     1.387401,    -0.007942,
  1672.400,     4.658966,     3.077046,    -0.008775,
  1672.450,     4.410616,     4.595813,    -0.004012,
  1672.500,     3.990650,     5.531017,    -0.004551,
  1672.550,     3.265293,     5.600975,     0.000458,
  1672.600,     2.474469,     4.902975,    -0.002165,
  1672.650,     1.773603,     3.582044,    -0.008490,
  1672.700,     1.338884,     1.961807,    -0.005366,
  1672.750,     1.152770,     0.388899,     0.000050,
  1672.800,     1.217016,    -0.792903,    -0.004581,
  1672.850,     1.629687,    -1.559035,    -0.009438,
  1672.900,     2.220254,    -1.835454,    -0.008969,
  1672.950,     2.839108,    -1.664866,    -0.009604,
  1673.000,     3.238627,    -1.176190,    -0.010442,
  1673.050,     3.296127,    -0.496011,    -0.007967,
  1673.100,     3.038040,     0.210725,    -0.009781,
  1673.150,     2.535510,     0.794993,    -0.007409,
  1673.200,     1.796561,     1.214705,    -0.007509,
  1673.250,     0.913087,     1.474065,    -0.008592,
  1673.300,     0.180118,     1.639771,    -0.007007,
  1673.350,    -0.296871,     1.766697,    -0.007762,
  1673.400,    -0.449223,     1.904042,    -0.006841,
  1673.450,    -0.380595,     2.052326,    -0.007515,
  1673.500,    -0.223520,     2.186667,    -0.000362,
  1673.550,    -0.153591,     2.189667,    -0.003214,
  1673.600,    -0.095665,     2.027777,    -0.007059,
  1673.650,    -0.112355,     1.665004,    -0.000092,
  1673.700,    -0.258155,     1.127236,    -0.007615,
  1673.750,    -0.477742,     0.401514,     0.002659,
  1673.800,    -0.720101,    -0.456556,     0.005815,
  1673.850,    -0.876833,    -1.329903,     0.001956,
  1673.900,    -0.974060,    -2.109243,     0.004044,
  1673.950,    -0.970660,    -2.672158,     0.004259,
  1674.000,    -0.971696,    -2.853025,     0.001235,
  1674.050,    -0.884206,    -2.533091,     0.006776,
  1674.100,    -0.855719,    -1.651755,     0.006362,
  1674.150,    -0.843709,    -0.453523,     0.001846,
  1674.200,    -1.004588,     0.815121,    -0.000533,
  1674.250,    -1.382195,     1.977493,    -0.000297,
  1674.300,    -1.990440,     2.902698,     0.000084,
  1674.350,    -2.763899,     3.339133,     0.003857,
  1674.400,    -3.569756,     3.147577,     0.000042,
  1674.450,    -4.266076,     2.474950,     0.001156,
  1674.500,    -4.798654,     1.639727,    -0.006328,
  1674.550,    -4.971091,     0.968594,    -0.004445,
  1674.600,    -4.662442,     0.576112,    -0.008091,
  1674.650,    -3.900108,     0.331323,    -0.009874,
  1674.700,    -2.869539,     0.255601,    -0.009123,
  1674.750,    -1.708384,     0.251998,    -0.008469,
  1674.800,    -0.630570,     0.431632,    -0.008091,
  1674.850,     0.207123,     0.652575,    -0.007226,
  1674.900,     0.691995,     0.917843,    -0.008304,
  1674.950,     0.740563,     1.179706,    -0.010819,
  1675.000,     0.375986,     1.596654,    -0.010108,
  1675.050,    -0.259382,     2.116539,    -0.013949,
  1675.100,    -0.903549,     2.621316,    -0.012515,
  1675.150,    -1.464210,     2.884645,    -0.010400,
  1675.200,    -1.740920,     2.842668,    -0.005210,
  1675.250,    -1.779367,     2.499815,    -0.012416,
  1675.300,    -1.531856,     1.903486,    -0.010359,
  1675.350,    -1.036594,     1.192339,    -0.000757,
  1675.400,    -0.433380,     0.383384,    -0.007913,
  1675.450,     0.086208,    -0.486416,    -0.007119,
  1675.500,     0.524157,    -1.358856,    -0.005642,
  1675.550,     0.862359,    -2.050295,    -0.002420,
  1675.600,     1.158793,    -2.544545,    -0.001635,
  1675.650,     1.412653,    -2.818688,    -0.000659,
  1675.700,     1.699737,    -2.911071,    -0.004157,
  1675.750,     2.136007,    -2.789953,     0.005047,
  1675.800,     2.619908,    -2.338151,     0.007043,
  1675.850,     2.956718,    -1.632665,    -0.000979,
  1675.900,     3.067493,    -0.815731,    -0.000378,
  1675.950,     3.052498,    -0.039722,    -0.000091,
  1676.000,     2.978154,     0.452451,     0.003611,
  1676.050,     2.972593,     0.631833,     0.001457,
  1676.100,     2.982842,     0.429057,     0.003267,
  1676.150,     3.091996,     0.003875,     0.006653,
  1676.200,     3.287392,    -0.524078,    -0.000329,
  1676.250,     3.590612,    -0.917231,     0.004137,
  1676.300,     4.024351,    -1.026849,     0.003096,
  1676.350,     4.518008,    -0.739511,    -0.000703,
  1676.400,     5.131366,     0.061564,    -0.000647,
  1676.450,     5.851739,     1.136488,    -0.002509,
  1676.500,     6.492567,     2.296843,    -0.004209,
  1676.550,     6.843942,     3.266982,    -0.007430,
  1676.600,     6.702346,     3.877250,    -0.006274,
  1676.650,     6.020338,     4.110587,    -0.006143,
  1676.700,     4.880212,     4.057056,    -0.004954,
  1676.750,     3.478893,     3.970703,    -0.007435,
  1676.800,     1.910528,     3.885809,    -0.012932,
  1676.850,     0.437158,     3.751709,    -0.010902,
  1676.900,    -0.721960,     3.606453,    -0.011849,
  1676.950,    -1.561659,     3.419206,    -0.013383,
  1677.000,    -2.045622,     3.220927,    -0.009178,
  1677.050,    -2.158924,     2.897958,    -0.010967,
  1677.100,    -1.962077,     2.428987,    -0.009306,
  1677.150,    -1.578110,     1.723588,    -0.012283,
  1677.200,    -1.121624,     0.860726,    -0.006139,
  1677.250,    -0.734975,    -0.001927,    -0.011560,
  1677.300,    -0.414665,    -0.804428,    -0.010241,
  1677.350,    -0.222038,    -1.520904,    -0.009026,
  1677.400,    -0.083753,    -2.226664,    -0.006967,
  1677.450,     0.067917,    -2.926704,    -0.005148,
  1677.500,     0.241904,    -3.610735,    -0.009706,
  1677.550,     0.462396,    -4.025894,    -0.007006,
  1677.600,     0.615605,    -4.085726,    -0.006761,
  1677.650,     0.706921,    -3.749417,    -0.005246,
  1677.700,     0.685415,    -3.089105,    -0.004607,
  1677.750,     0.595436,    -2.255187,    -0.000234,
  1677.800,     0.344379,    -1.326156,     0.004634,
  1677.850,    -0.026370,    -0.414525,     0.000230,
  1677.900,    -0.538305,     0.452047,    -0.002572,
  1677.950,    -1.044647,     1.215503,     0.005154,
  1678.000,    -1.473107,     1.867822,     0.003534,
  1678.050,    -1.746533,     2.447132,     0.005355,
  1678.100,    -1.825047,     2.946269,     0.001805,
  1678.150,    -1.591813,     3.329762,     0.004066,
  1678.200,    -1.066387,     3.461490,     0.000416,
  1678.250,    -0.390105,     3.286942,     0.001779,
  1678.300,     0.335489,     2.820437,     0.005061,
  1678.350,     0.954314,     2.110837,     0.002110,
  1678.400,     1.368981,     1.350681,     0.002505,
  1678.450,     1.414181,     0.545600,     0.004005,
  1678.500,     1.051237,    -0.254601,    -0.003009,
  1678.550,     0.340971,    -0.950069,    -0.005406,
  1678.600,    -0.486525,    -1.446930,    -0.002984,
  1678.650,    -1.170618,    -1.623106,    -0.006889,
  1678.700,    -1.667732,    -1.444168,    -0.002646,
  1678.750,    -1.988350,    -1.059323,    -0.002112,
  1678.800,    -2.092211,    -0.542013,    -0.005037,
  1678.850,    -1.858539,    -0.018378,    -0.010646,
  1678.900,    -1.282887,     0.425745,    -0.005776,
  1678.950,    -0.536729,     0.790540,    -0.003248,
  1679.000,     0.300921,     0.984693,    -0.007000,
  1679.050,     1.044866,     1.013227,    -0.008025,
  1679.100,     1.684196,     0.944345,    -0.010256,
  1679.150,     2.056369,     0.879909,    -0.012162,
  1679.200,     2.095477,     0.987428,    -0.017590,
  1679.250,     1.780924,     1.153498,    -0.008223,
  1679.300,     1.185805,     1.336168,    -0.005625,
  1679.350,     0.516084,     1.444655,    -0.011086,
  1679.400,    -0.201704,     1.384619,    -0.010981,
  1679.450,    -0.781246,     1.276190,    -0.011844,
  1679.500,    -1.229340,     1.151998,    -0.005277,
  1679.550,    -1.553771,     1.036389,    -0.010449,
  1679.600,    -1.760954,     0.822260,    -0.005274,
  1679.650,    -1.865297,     0.489344,     0.000760,
  1679.700,    -1.826743,     0.111605,    -0.006472,
  1679.750,    -1.697606,    -0.136383,    -0.005990,
  1679.800,    -1.487536,    -0.183329,    -0.007220,
  1679.850,    -1.214056,     0.089244,    -0.005438,
  1679.900,    -0.899475,     0.565430,    -0.001230,
  1679.950,    -0.514694,     1.250601,    -0.000091,
  1680.000,    -0.154602,     2.055370,    -0.000653,
  1680.050,     0.141579,     2.926242,     0.000869,
  1680.100,     0.276859,     3.609281,     0.000193,
  1680.150,     0.286663,     3.957772,     0.003754,
  1680.200,     0.132107,     3.925172,     0.001810,
  1680.250,    -0.141011,     3.677354,     0.000154,
  1680.300,    -0.383705,     3.490739,     0.003154,
  1680.350,    -0.526179,     3.503816,     0.003519,
  1680.400,    -0.450846,     3.660714,     0.007564,
  1680.450,    -0.141799,     3.784592,     0.005522,
  1680.500,     0.395990,     3.824643,    -0.002094,
  1680.550,     1.081348,     3.731541,     0.001062,
  1680.600,     1.736386,     3.510038,     0.003023,
  1680.650,     2.212795,     2.993122,    -0.000609,
  1680.700,     2.450688,     2.112110,    -0.001191,
  1680.750,     2.503576,     1.024903,    -0.001223,
  1680.800,     2.496073,    -0.076396,    -0.000442,
  1680.850,     2.474848,    -0.928485,    -0.008482,
  1680.900,     2.413426,    -1.375108,    -0.003535,
  1680.950,     2.254976,    -1.509035,    -0.005897,
  1681.000,     2.046392,    -1.330337,    -0.011759,
  1681.050,     1.825573,    -0.869043,    -0.009412,
  1681.100,     1.626356,    -0.272924,    -0.009989,
  1681.150,     1.383428,     0.316817,    -0.007294,
  1681.200,     1.012993,     0.762311,    -0.012372,
  1681.250,     0.544782,     1.087771,    -0.005592,
  1681.300,     0.072214,     1.309974,    -0.005837,
  1681.350,    -0.388327,     1.551823,    -0.007349,
  1681.400,    -0.844890,     1.865516,    -0.005931,
  1681.450,    -1.315516,     2.190166,    -0.007458,
  1681.500,    -1.775986,     2.495474,    -0.007883,
  1681.550,    -2.295343,     2.731245,    -0.009478,
  1681.600,    -2.756187,     2.832177,    -0.008912,
  1681.650,    -3.030622,     2.826116,    -0.004081,
  1681.700,    -3.012895,     2.733490,    -0.006658,
  1681.750,    -2.711863,     2.577436,    -0.004968,
  1681.800,    -2.163806,     2.285596,    -0.005912,
  1681.850,    -1.497804,     1.884823,    -0.008152,
  1681.900,    -0.830633,     1.385372,    -0.007239,
  1681.950,    -0.165891,     0.872870,    -0.004452,
  1682.000,     0.416626,     0.476956,    -0.003058,
  1682.050,     0.874736,     0.241674,    -0.002869,
  1682.100,     1.184604,     0.182498,    -0.003555,
  1682.150,     1.394051,     0.282745,    -0.005015,
  1682.200,     1.524615,     0.487860,    -0.000829,
  1682.250,     1.606491,     0.765049,    -0.004197,
  1682.300,     1.541885,     1.076061,    -0.000231,
  1682.350,     1.305145,     1.345877,     0.002374,
  1682.400,     0.993887,     1.614656,    -0.001521,
  1682.450,     0.620242,     1.934996,     0.003743,
  1682.500,     0.246527,     2.317847,    -0.000429,
  1682.550,    -0.121897,     2.571037,     0.002806,
  1682.600,    -0.502905,     2.715450,    -0.002215,
  1682.650,    -0.896931,     2.695597,    -0.003394,
  1682.700,    -1.156135,     2.511846,     0.004745,
  1682.750,    -1.251115,     2.259730,     0.001553,
  1682.800,    -1.241755,     1.937984,     0.002830,
  1682.850,    -1.152894,     1.593883,     0.003868,
  1682.900,    -0.990963,     1.197974,    -0.002584,
  1682.950,    -0.717692,     0.856578,    -0.005861,
  1683.000,    -0.366985,     0.591795,    -0.002059,
  1683.050,     0.071211,     0.388310,    -0.005101,
  1683.100,     0.450416,     0.239085,     0.001290,
  1683.150,     0.745960,     0.154335,    -0.000406,
  1683.200,     0.906083,     0.169285,     0.000977,
  1683.250,     1.020143,     0.348151,    -0.006028,
  1683.300,     1.006585,     0.705455,    -0.007346,
  1683.350,     0.989226,     1.189040,    -0.006655,
  1683.400,     0.898193,     1.704080,    -0.008983,
  1683.450,     0.780898,     2.117921,    -0.007915,
  1683.500,     0.675629,     2.352159,    -0.007499,
  1683.550,     0.579090,     2.378809,    -0.011699,
  1683.600,     0.550977,     2.300817,    -0.010810,
  1683.650,     0.566428,     2.207273,    -0.010521,
  1683.700,     0.549633,     2.084502,    -0.002829,
  1683.750,     0.421236,     1.861927,    -0.003625,
  1683.800,     0.279213,     1.496297,    -0.006050,
  1683.850,     0.184360,     0.958744,    -0.003248,
  1683.900,     0.196440,     0.295860,    -0.004783,
  1683.950,     0.417111,    -0.417423,    -0.006725,
  1684.000,     0.794592,    -1.076099,    -0.007664,
  1684.050,     1.257017,    -1.664791,    -0.007827,
  1684.100,     1.803067,    -1.881292,    -0.009768,
  1684.150,     2.315397,    -1.641991,    -0.010402,
  1684.200,     2.643321,    -0.908922,    -0.009432,
  1684.250,     2.721737,     0.057908,    -0.008046,
  1684.300,     2.602585,     1.052434,    -0.004378,
  1684.350,     2.361910,     1.909970,    -0.006379,
  1684.400,     2.171905,     2.528583,    -0.006233,
  1684.450,     2.090342,     2.910504,    -0.006038,
  1684.500,     1.952662,     3.039462,    -0.006411,
  1684.550,     1.752131,     2.959035,    -0.000250,
  1684.600,     1.517768,     2.770499,    -0.004904,
  1684.650,     1.260186,     2.537622,    -0.007627,
  1684.700,     0.985266,     2.230924,    -0.005072,
  1684.750,     0.606568,     1.831384,    -0.005334,
  1684.800,     0.122395,     1.285302,    -0.004026,
  1684.850,    -0.381856,     0.667263,    -0.005567,
  1684.900,    -0.812556,     0.041377,    -0.007621,
  1684.950,    -1.107883,    -0.428136,     0.001099,
  1685.000,    -1.242993,    -0.708761,     0.001545,
  1685.050,    -1.191068,    -0.672982,     0.007810,
  1685.100,    -1.035312,    -0.345578,     0.002995,
  1685.150,    -0.732045,     0.219219,     0.001828,
  1685.200,    -0.414976,     0.930121,    -0.000854,
  1685.250,    -0.080930,     1.662913,    -0.002368,
  1685.300,     0.187055,     2.336706,    -0.001815,
  1685.350,     0.429923,     2.790813,     0.004524,
  1685.400,     0.634879,     2.837893,     0.001074,
  1685.450,     0.811824,     2.526431,     0.003211,
  1685.500,     0.963335,     1.958973,    -0.004428,
  1685.550,     1.151424,     1.391149,    -0.000446,
  1685.600,     1.238328,     0.930255,    -0.003325,
  1685.650,     1.297033,     0.562372,    -0.007167,
  1685.700,     1.272381,     0.322827,    -0.002471,
  1685.750,     1.214974,     0.155830,    -0.002104,
  1685.800,     1.173447,     0.091455,    -0.008991,
  1685.850,     1.150222,     0.074935,    -0.010438,
  1685.900,     1.080582,     0.001193,    -0.010803,
  1685.950,     0.958361,    -0.119799,    -0.005386,
  1686.000,     0.813712,    -0.162694,    -0.008464,
  1686.050,     0.665365,    -0.039735,    -0.006164,
  1686.100,     0.552537,     0.280877,    -0.009986,
  1686.150,     0.484857,     0.692554,    -0.008024,
  1686.200,     0.420109,     1.156741,    -0.009661,
  1686.250,     0.390586,     1.552242,    -0.012399,
  1686.300,     0.363393,     1.866623,    -0.007845,
  1686.350,     0.377000,     2.019688,    -0.009638,
  1686.400,     0.428043,     1.916365,    -0.006377,
  1686.450,     0.502773,     1.485783,    -0.007490,
  1686.500,     0.652092,     0.797933,    -0.007066,
  1686.550,     0.930717,     0.052865,    -0.002914,
  1686.600,     1.318971,    -0.647351,    -0.003976,
  1686.650,     1.693269,    -1.141138,    -0.002975,
  1686.700,     1.911606,    -1.368795,    -0.003034,
  1686.750,     2.023700,    -1.369090,    -0.008152,
  1686.800,     1.969408,    -1.112459,     0.001267,
  1686.850,     1.777329,    -0.498849,    -0.004641,
  1686.900,     1.442918,     0.373076,    -0.008815,
  1686.950,     0.987013,     1.343611,    -0.005689,
  1687.000,     0.531653,     2.220433,     0.000995,
  1687.050,     0.147063,     2.790095,     0.000715,
  1687.100,    -0.137503,     3.106945,    -0.001878,
  1687.150,    -0.268672,     3.106982,    -0.001792,
  1687.200,    -0.267358,     2.837052,    -0.004192,
  1687.250,    -0.142059,     2.304517,     0.001094,
  1687.300,     0.081214,     1.643385,     0.000592,
  1687.350,     0.409052,     0.972145,     0.002866,
  1687.400,     0.810766,     0.364439,     0.001712,
  1687.450,     1.183376,    -0.127680,    -0.003137,
  1687.500,     1.561342,    -0.449573,    -0.004487,
  1687.550,     1.790016,    -0.711068,     0.000686,
  1687.600,     1.827245,    -0.992829,    -0.000697,
  1687.650,     1.744048,    -1.319799,    -0.004584,
  1687.700,     1.601821,    -1.571145,    -0.001955,
  1687.750,     1.430136,    -1.542420,    -0.003225,
  1687.800,     1.115621,    -1.101569,     0.002580,
  1687.850,     0.673630,    -0.308003,     0.000229,
  1687.900,     0.096251,     0.731242,    -0.002595,
  1687.950,    -0.541623,     1.850057,    -0.002872,
  1688.000,    -1.214866,     2.753399,    -0.004017,
  1688.050,    -1.840816,     3.277598,    -0.004107,
  1688.100,    -2.387148,     3.297298,    -0.001555,
  1688.150,    -2.743696,     2.876221,    -0.007618,
  1688.200,    -2.844167,     2.170375,    -0.007327,
  1688.250,    -2.554075,     1.313024,    -0.006033,
  1688.300,    -1.965074,     0.451004,    -0.011648,
  1688.350,    -1.178544,    -0.335147,    -0.008079,
  1688.400,    -0.371451,    -0.889231,    -0.005955,
  1688.450,     0.385758,    -1.064746,    -0.008367,
  1688.500,     0.968248,    -0.932000,    -0.007904,
  1688.550,     1.343026,    -0.535668,    -0.005202,
  1688.600,     1.509722,     0.061993,    -0.004858,
  1688.650,     1.525337,     0.744836,    -0.004064,
  1688.700,     1.411185,     1.357723,    -0.004352,
  1688.750,     1.258245,     1.764261,    -0.004561,
  1688.800,     1.097629,     1.791242,    -0.003877,
  1688.850,     0.909596,     1.478882,    -0.007941,
  1688.900,     0.676872,     0.900863,    -0.001138,
  1688.950,     0.401329,     0.198671,    -0.001116,
  1689.000,     0.167664,    -0.468450,    -0.005812,
  1689.050,     0.038023,    -0.949988,    -0.006038,
  1689.100,     0.007931,    -1.127342,    -0.006314,
  1689.150,     0.128074,    -0.955192,    -0.004858,
  1689.200,     0.339903,    -0.573804,    -0.003592,
  1689.250,     0.601664,    -0.082558,     0.000227,
  1689.300,     0.890898,     0.400849,    -0.001632,
  1689.350,     1.194143,     0.783911,    -0.001287,
  1689.400,     1.460450,     0.997937,    -0.007276,
  1689.450,     1.564241,     1.060174,    -0.005163,
  1689.500,     1.448137,     1.013047,    -0.004520,
  1689.550,     1.159957,     0.894100,     0.003561,
  1689.600,     0.752841,     0.862166,    -0.005412,
  1689.650,     0.361665,     1.000874,     0.001512,
  1689.700,     0.038438,     1.370165,    -0.000833,
  1689.750,    -0.174312,     1.888734,    -0.002387,
  1689.800,    -0.397052,     2.335326,    -0.002676,
  1689.850,    -0.593818,     2.624466,     0.002845,
  1689.900,    -0.655043,     2.627302,    -0.004740,
  1689.950,    -0.701120,     2.330004,    -0.008354,
  1690.000,    -0.711839,     1.838481,    -0.001294,
  1690.050,    -0.685645,     1.136360,     0.001594,
  1690.100,    -0.525849,     0.332646,    -0.001089,
  1690.150,    -0.210045,    -0.448915,    -0.000490,
  1690.200,     0.214189,    -1.072448,    -0.005236,
  1690.250,     0.645931,    -1.405867,    -0.001571,
  1690.300,     1.025520,    -1.384308,    -0.005982,
  1690.350,     1.302394,    -1.002613,    -0.005291,
  1690.400,     1.381021,    -0.369327,    -0.002687,
  1690.450,     1.270798,     0.414418,    -0.001393,
  1690.500,     0.961115,     1.264879,    -0.007325,
  1690.550,     0.502275,     2.078002,    -0.003456,
  1690.600,    -0.033578,     2.690379,    -0.004359,
  1690.650,    -0.499678,     3.037519,    -0.003134,
  1690.700,    -0.850286,     3.023940,    -0.006043,
  1690.750,    -0.988176,     2.709839,    -0.003903,
  1690.800,    -0.918914,     2.242089,    -0.003528,
  1690.850,    -0.655674,     1.670260,    -0.003739,
  1690.900,    -0.225313,     1.163267,    -0.002284,
  1690.950,     0.359444,     0.768299,    -0.004169,
  1691.000,     0.996324,     0.473777,    -0.006271,
  1691.050,     1.573190,     0.285832,    -0.007641,
  1691.100,     1.971306,     0.203289,    -0.005175,
  1691.150,     2.103245,     0.125032,    -0.003590,
  1691.200,     1.948879,     0.156049,    -0.007124,
  1691.250,     1.627262,     0.241990,    -0.008711,
  1691.300,     1.157536,     0.509349,    -0.004080,
  1691.350,     0.592908,     0.941554,    -0.000864,
  1691.400,     0.051458,     1.529320,    -0.007794,
  1691.450,    -0.448341,     2.191168,    -0.009523,
  1691.500,    -0.803745,     2.827658,    -0.008923,
  1691.550,    -1.069564,     3.378861,    -0.003716,
  1691.600,    -1.211748,     3.692797,     0.005724,
  1691.650,    -1.287051,     3.624742,    -0.003867,
  1691.700,    -1.356348,     3.149624,    -0.003558,
  1691.750,    -1.442322,     2.228937,    -0.004561,
  1691.800,    -1.436661,     1.063858,    -0.005423,
  1691.850,    -1.283394,    -0.152253,    -0.002744,
  1691.900,    -0.875568,    -1.174209,     0.000466,
  1691.950,    -0.317350,    -1.791788,    -0.001878,
  1692.000,     0.313959,    -1.923481,    -0.003760,
  1692.050,     0.950087,    -1.494760,    -0.004483,
  1692.100,     1.352298,    -0.672926,    -0.000990,
  1692.150,     1.531565,     0.363339,    -0.004760,
  1692.200,     1.403036,     1.363359,    -0.001506,
  1692.250,     1.101890,     2.160327,     0.005720,
  1692.300,     0.737625,     2.568445,    -0.001331,
  1692.350,     0.385124,     2.533085,    -0.003053,
  1692.400,     0.074914,     2.142730,    -0.000662,
  1692.450,    -0.114166,     1.538134,    -0.003009,
  1692.500,    -0.131582,     0.980385,    -0.002449,
  1692.550,    -0.035480,     0.587184,    -0.001438,
  1692.600,     0.156931,     0.442132,    -0.001056,
  1692.650,     0.391285,     0.574560,     0.001479,
  1692.700,     0.628290,     0.747681,    -0.000357,
  1692.750,     0.882813,     0.841796,    -0.004122,
  1692.800,     1.061132,     0.932781,    -0.007016,
  1692.850,     1.108023,     0.984177,    -0.004131,
  1692.900,     0.933349,     1.003946,     0.001001,
  1692.950,     0.594759,     0.929122,    -0.001184,
  1693.000,     0.145462,     0.783914,    -0.002559,
  1693.050,    -0.311196,     0.672512,    -0.002322,
  1693.100,    -0.696187,     0.662233,    -0.003502,
  1693.150,    -0.922082,     0.801518,    -0.002347,
  1693.200,    -0.984041,     1.125919,    -0.005788,
  1693.250,    -0.892430,     1.556513,    -0.006913,
  1693.300,    -0.651771,     1.945138,    -0.004507,
  1693.350,    -0.424278,     2.242532,    -0.007245,
  1693.400,    -0.220162,     2.400666,    -0.010598,
  1693.450,    -0.086786,     2.426737,    -0.005127,
  1693.500,    -0.076444,     2.266734,    -0.004965,
  1693.550,    -0.169774,     1.909553,    -0.003679,
  1693.600,    -0.270364,     1.422311,    -0.006342,
  1693.650,    -0.335237,     0.873087,    -0.005395,
  1693.700,    -0.265612,     0.341281,    -0.001980,
  1693.750,    -0.023395,    -0.081404,    -0.009291,
  1693.800,     0.341619,    -0.283392,    -0.005442,
  1693.850,     0.748421,    -0.165438,    -0.003459,
  1693.900,     1.108578,     0.235648,    -0.009754,
  1693.950,     1.323251,     0.712439,    -0.010098,
  1694.000,     1.371735,     1.100583,    -0.009184,
  1694.050,     1.226015,     1.220353,    -0.001057,
  1694.100,     0.939360,     1.020043,    -0.006498,
  1694.150,     0.583624,     0.663621,    -0.009189,
  1694.200,     0.151705,     0.307127,    -0.010142,
  1694.250,    -0.294833,     0.061134,    -0.003622,
  1694.300,    -0.628029,     0.025835,    -0.005710,
  1694.350,    -0.798007,     0.154167,    -0.007022,
  1694.400,    -0.810195,     0.422037,    -0.002355,
  1694.450,    -0.630324,     0.740911,    -0.000537,
  1694.500,    -0.336104,     1.024193,    -0.004468,
  1694.550,     0.012550,     1.136833,    -0.000690,
  1694.600,     0.363296,     1.020943,     0.004021,
  1694.650,     0.697892,     0.736161,    -0.003578,
  1694.700,     0.972572,     0.438248,    -0.000272,
  1694.750,     1.102651,     0.248550,     0.001962,
  1694.800,     1.046436,     0.179645,     0.006470,
  1694.850,     0.882210,     0.195447,     0.004714,
  1694.900,     0.638057,     0.282804,     0.002698,
  1694.950,     0.440935,     0.461654,     0.000951,
  1695.000,     0.319477,     0.742957,     0.006231,
  1695.050,     0.240532,     1.025701,     0.000887,
  1695.100,     0.210155,     1.259097,     0.004549,
  1695.150,     0.158443,     1.238673,     0.002839,
  1695.200,     0.127203,     0.976320,     0.011197,
  1695.250,     0.113442,     0.506294,     0.004239,
  1695.300,     0.099152,    -0.005801,    -0.000966,
  1695.350,     0.120172,    -0.496504,     0.000044,
  1695.400,     0.225327,    -0.819703,     0.002207,
  1695.450,     0.450634,    -0.989628,    -0.004663,
  1695.500,     0.745590,    -0.954995,    -0.004165,
  1695.550,     1.057449,    -0.679936,    -0.004075,
  1695.600,     1.333747,    -0.241350,    -0.002971,
  1695.650,     1.562622,     0.298546,    -0.003961,
  1695.700,     1.612757,     0.761163,    -0.005962,
  1695.750,     1.456566,     1.142690,    -0.007683,
  1695.800,     1.109204,     1.287671,    -0.001857,
  1695.850,     0.599224,     1.216640,    -0.007617,
  1695.900,    -0.006070,     0.942684,    -0.011883,
  1695.950,    -0.546531,     0.518857,    -0.006825,
  1696.000,    -0.870833,     0.016242,    -0.006717,
  1696.050,    -0.982823,    -0.420836,    -0.009703,
  1696.100,    -0.821180,    -0.652076,    -0.012549,
  1696.150,    -0.450187,    -0.530327,    -0.005671,
  1696.200,     0.072397,    -0.100584,    -0.014248,
  1696.250,     0.618814,     0.537141,    -0.015346,
  1696.300,     1.075232,     1.170117,    -0.010487,
  1696.350,     1.411322,     1.612779,    -0.010650,
  1696.400,     1.538623,     1.746676,    -0.006957,
  1696.450,     1.445204,     1.612897,    -0.008780,
  1696.500,     1.140666,     1.228865,    -0.009548,
  1696.550,     0.768942,     0.726397,    -0.011647,
  1696.600,     0.409004,     0.259011,    -0.015638,
  1696.650,     0.162905,    -0.063428,    -0.005101,
  1696.700,     0.060964,    -0.152744,    -0.007698,
  1696.750,     0.037102,    -0.072411,    -0.010603,
  1696.800,     0.029653,     0.120159,    -0.005028,
  1696.850,     0.007568,     0.423928,    -0.004932,
  1696.900,     0.005035,     0.709750,    -0.005572,
  1696.950,     0.023785,     1.026023,    -0.005507,
  1697.000,     0.101999,     1.315422,    -0.002936,
  1697.050,     0.145169,     1.543624,    -0.000156,
  1697.100,     0.149763,     1.707006,     0.000819,
  1697.150,     0.190666,     1.788889,    -0.005025,
  1697.200,     0.246515,     1.776160,    -0.004670,
  1697.250,     0.408631,     1.690371,     0.002492,
  1697.300,     0.648798,     1.527791,    -0.000647,
  1697.350,     0.892112,     1.330025,     0.002656,
  1697.400,     1.097457,     1.178847,     0.010164,
  1697.450,     1.235543,     1.114457,    -0.001989,
  1697.500,     1.333308,     1.147654,     0.002304,
  1697.550,     1.299828,     1.260431,     0.007430,
  1697.600,     1.152766,     1.396614,     0.003847,
  1697.650,     0.918412,     1.472952,     0.003461,
  1697.700,     0.625672,     1.368465,    -0.000153,
  1697.750,     0.306387,     1.130898,     0.002085,
  1697.800,     0.030056,     0.844827,    -0.002713,
  1697.850,    -0.183485,     0.674545,    -0.001233,
  1697.900,    -0.247486,     0.771067,     0.000833,
  1697.950,    -0.161293,     1.108862,     0.001912,
  1698.000,     0.101327,     1.613853,    -0.002433,
  1698.050,     0.390378,     2.130295,    -0.000703,
  1698.100,     0.560959,     2.564848,    -0.003089,
  1698.150,     0.590748,     2.775530,    -0.000871,
  1698.200,     0.472454,     2.623393,     0.002224,
  1698.250,     0.271359,     2.157658,    -0.005783,
  1698.300,     0.084616,     1.523636,    -0.005199,
  1698.350,    -0.007586,     0.982200,     0.000026,
  1698.400,     0.024794,     0.644066,     0.000980,
  1698.450,     0.174555,     0.527354,    -0.006389,
  1698.500,     0.414122,     0.545730,    -0.004861,
  1698.550,     0.658213,     0.742787,    -0.000708,
  1698.600,     0.864905,     0.995847,    -0.009762,
  1698.650,     0.936180,     1.265533,    -0.006068,
  1698.700,     0.846414,     1.474968,    -0.008180,
  1698.750,     0.615609,     1.525778,    -0.006869,
  1698.800,     0.366271,     1.514488,    -0.009562,
  1698.850,     0.163581,     1.456610,    -0.008247,
  1698.900,     0.015175,     1.369822,    -0.008734,
  1698.950,    -0.088879,     1.291055,    -0.005297,
  1699.000,    -0.151255,     1.147038,    -0.005054,
  1699.050,    -0.089103,     0.943440,    -0.010232,
  1699.100,     0.031106,     0.729823,    -0.008065,
  1699.150,     0.206939,     0.651807,    -0.006348,
  1699.200,     0.331360,     0.766728,    -0.005575,
  1699.250,     0.368294,     0.959094,    -0.007129,
  1699.300,     0.320975,     1.079285,    -0.014047,
  1699.350,     0.181552,     1.017662,    -0.008348,
  1699.400,    -0.004966,     0.750040,    -0.002766,
  1699.450,    -0.153293,     0.296059,    -0.003703,
  1699.500,    -0.263195,    -0.227596,    -0.001007,
  1699.550,    -0.329322,    -0.738272,    -0.002310,
  1699.600,    -0.340298,    -1.066399,    -0.006434,
  1699.650,    -0.239043,    -1.086662,    -0.004984,
  1699.700,    -0.078467,    -0.732967,    -0.006432,
  1699.750,     0.074851,    -0.047674,    -0.005104,
  1699.800,     0.174511,     0.839081,    -0.000188,
  1699.850,     0.134266,     1.752978,    -0.004441,
  1699.900,    -0.022165,     2.450384,    -0.002406,
  1699.950,    -0.283066,     2.840175,    -0.008749,
  1700.000,    -0.571161,     2.866925,    -0.002350,
  1700.050,    -0.936124,     2.536581,    -0.001712,
  1700.100,    -1.251481,     1.955277,    -0.000556,
  1700.150,    -1.417783,     1.258269,     0.003488,
  1700.200,    -1.353346,     0.631063,     0.000940,
  1700.250,    -1.030935,     0.214407,     0.001438,
  1700.300,    -0.499683,     0.035360,     0.000645,
  1700.350,     0.112035,     0.106097,     0.006569,
  1700.400,     0.642084,     0.356125,     0.013532,
  1700.450,     1.000598,     0.698159,     0.004188,
  1700.500,     1.129295,     1.100381,     0.002858,
  1700.550,     1.065348,     1.486258,     0.001363,
  1700.600,     0.851496,     1.795552,     0.000923,
  1700.650,     0.590850,     1.998714,    -0.004777,
  1700.700,     0.321940,     2.124292,    -0.007187,
  1700.750,     0.198858,     2.223595,     0.002801,
  1700.800,     0.145912,     2.279434,    -0.000575,
  1700.850,     0.178683,     2.212552,    -0.004078,
  1700.900,     0.228376,     1.975957,    -0.003032,
  1700.950,     0.329992,     1.574126,    -0.004990,
  1701.000,     0.435981,     1.078355,    -0.004193,
  1701.050,     0.597067,     0.565921,    -0.004945,
  1701.100,     0.739217,     0.105276,    -0.004171,
  1701.150,     0.853323,    -0.195628,    -0.002916,
  1701.200,     0.939835,    -0.379004,     0.002789,
  1701.250,     0.983590,    -0.398505,    -0.003338,
  1701.300,     0.986792,    -0.296935,    -0.006111,
  1701.350,     0.917916,    -0.112662,    -0.007276,
  1701.400,     0.807314,     0.193048,    -0.009605,
  1701.450,     0.688807,     0.542926,    -0.007813,
  1701.500,     0.527229,     0.940374,    -0.006015,
  1701.550,     0.406845,     1.319942,    -0.003638,
  1701.600,     0.358323,     1.636360,    -0.004172,
  1701.650,     0.392436,     1.862691,    -0.004160,
  1701.700,     0.425196,     1.914803,    -0.007126,
  1701.750,     0.441029,     1.812830,    -0.011374,
  1701.800,     0.378566,     1.497084,    -0.013647,
  1701.850,     0.239509,     1.093463,    -0.010198,
  1701.900,     0.107133,     0.715838,    -0.003574,
  1701.950,     0.098257,     0.412858,    -0.006569,
  1702.000,     0.238607,     0.207046,    -0.016104,
  1702.050,     0.504019,    -0.002225,    -0.008897,
  1702.100,     0.871842,    -0.152308,    -0.010879,
  1702.150,     1.245652,    -0.196308,    -0.011689,
  1702.200,     1.546216,    -0.144487,    -0.009835,
  1702.250,     1.657371,    -0.024069,    -0.011220,
  1702.300,     1.549433,     0.188871,    -0.013237,
  1702.350,     1.249446,     0.432309,    -0.011058,
  1702.400,     0.867298,     0.746406,    -0.006153,
  1702.450,     0.506460,     1.113395,    -0.003204,
  1702.500,     0.224412,     1.465388,    -0.005704,
  1702.550,     0.058970,     1.738564,    -0.009105,
  1702.600,     0.036039,     1.847772,    -0.002836,
  1702.650,     0.083354,     1.741479,    -0.002562,
  1702.700,     0.231991,     1.477008,    -0.005734,
  1702.750,     0.404223,     1.112401,    -0.003078,
  1702.800,     0.596509,     0.725569,    -0.003067,
  1702.850,     0.733908,     0.264683,    -0.003475,
  1702.900,     0.845619,    -0.083359,     0.000092,
  1702.950,     0.904168,    -0.329628,     0.000004,
  1703.000,     0.971890,    -0.467160,    -0.000729,
  1703.050,     0.993727,    -0.516775,    -0.000719,
  1703.100,     0.880045,    -0.552785,    -0.004422,
  1703.150,     0.657080,    -0.531802,     0.003476,
  1703.200,     0.461519,    -0.392810,     0.005775,
  1703.250,     0.307673,    -0.156744,    -0.001013,
  1703.300,     0.258044,     0.229008,     0.003351,
  1703.350,     0.248082,     0.770950,     0.005312,
  1703.400,     0.220743,     1.354544,     0.001990,
  1703.450,     0.120941,     1.873694,     0.005190,
  1703.500,    -0.067104,     2.146879,     0.001739,
  1703.550,    -0.306331,     2.142156,     0.000791,
  1703.600,    -0.574297,     1.924068,     0.003583,
  1703.650,    -0.788954,     1.563748,     0.005213,
  1703.700,    -0.902912,     1.072622,     0.004594,
  1703.750,    -0.839531,     0.518133,     0.001090,
  1703.800,    -0.536494,     0.011478,     0.000748,
  1703.850,     0.004798,    -0.299374,     0.001180,
  1703.900,     0.615384,    -0.382060,    -0.000293,
  1703.950,     1.190429,    -0.316831,    -0.002592,
  1704.000,     1.618285,    -0.070874,    -0.002268,
  1704.050,     1.772691,     0.321376,    -0.003360,
  1704.100,     1.714292,     0.846238,    -0.004225,
  1704.150,     1.405576,     1.416767,    -0.008455,
  1704.200,     0.963971,     1.969961,    -0.011668,
  1704.250,     0.452779,     2.376415,    -0.007820,
  1704.300,     0.039791,     2.539956,    -0.004958,
  1704.350,    -0.178104,     2.443849,    -0.013089,
  1704.400,    -0.242513,     2.187560,    -0.010455,
  1704.450,    -0.152631,     1.799463,    -0.005245,
  1704.500,     0.046428,     1.304165,    -0.007468,
  1704.550,     0.291900,     0.827102,    -0.014888,
  1704.600,     0.559031,     0.365469,    -0.006946,
  1704.650,     0.804471,     0.092568,    -0.009979,
  1704.700,     0.996464,     0.001743,    -0.011996,
  1704.750,     1.083808,     0.116562,    -0.007804,
  1704.800,     1.070509,     0.365459,    -0.007460,
  1704.850,     1.006188,     0.687396,    -0.012512,
  1704.900,     0.935790,     1.080751,    -0.010267,
  1704.950,     0.772297,     1.547032,    -0.011459,
  1705.000,     0.517421,     2.028004,    -0.011253,
  1705.050,     0.217516,     2.429532,    -0.014039,
  1705.100,    -0.066198,     2.701087,    -0.011818,
  1705.150,    -0.300611,     2.786637,    -0.012740,
  1705.200,    -0.410609,     2.728654,    -0.006492,
  1705.250,    -0.441616,     2.588807,    -0.006159,
  1705.300,    -0.398560,     2.410819,    -0.006743,
  1705.350,    -0.306924,     2.126121,    -0.004379,
  1705.400,    -0.196573,     1.815159,    -0.007290,
  1705.450,    -0.074956,     1.533803,     0.000311,
  1705.500,     0.051589,     1.343352,    -0.004062,
  1705.550,     0.244578,     1.294895,    -0.008927,
  1705.600,     0.448014,     1.230120,    -0.002345,
  1705.650,     0.675557,     1.093479,     0.001712,
  1705.700,     0.850654,     0.922447,     0.001883,
  1705.750,     1.044605,     0.741133,     0.000315,
  1705.800,     1.149734,     0.618669,     0.006332,
  1705.850,     1.110835,     0.557503,     0.007236,
  1705.900,     0.922776,     0.585135,     0.007053,
  1705.950,     0.700949,     0.704118,     0.003983,
  1706.000,     0.468284,     0.924126,     0.003657,
  1706.050,     0.261933,     1.228105,     0.002478,
  1706.100,     0.065940,     1.440186,     0.000779,
  1706.150,    -0.110948,     1.537056,     0.006407,
  1706.200,    -0.242863,     1.431115,     0.007223,
  1706.250,    -0.301956,     1.193729,     0.003232,
  1706.300,    -0.260839,     0.862866,     0.000534,
  1706.350,    -0.129357,     0.475642,     0.002111,
  1706.400,     0.069710,     0.149753,     0.000438,
  1706.450,     0.274021,    -0.050592,    -0.000248,
  1706.500,     0.516671,    -0.147607,     0.003264,
  1706.550,     0.766780,    -0.136650,     0.001285,
  1706.600,     0.967331,    -0.023186,    -0.006152,
  1706.650,     1.129106,     0.111666,    -0.000813,
  1706.700,     1.143993,     0.334724,    -0.001644,
  1706.750,     0.997090,     0.646764,    -0.009123,
  1706.800,     0.784862,     0.982969,    -0.010861,
  1706.850,     0.517514,     1.270086,    -0.005411,
  1706.900,     0.234850,     1.533274,    -0.009762,
  1706.950,     0.001314,     1.732812,    -0.006954,
  1707.000,    -0.153655,     1.885977,    -0.006878,
  1707.050,    -0.258734,     1.991964,    -0.008285,
  1707.100,    -0.293290,     2.012803,    -0.010350,
  1707.150,    -0.271959,     1.977728,    -0.011653,
  1707.200,    -0.253023,     1.943583,    -0.008262,
  1707.250,    -0.210592,     1.878060,    -0.009427,
  1707.300,    -0.100316,     1.716188,    -0.006434,
  1707.350,     0.074225,     1.452515,    -0.010914,
  1707.400,     0.348774,     1.139832,    -0.009852,
  1707.450,     0.678623,     0.851223,    -0.012659,
  1707.500,     1.065077,     0.639538,    -0.004793,
  1707.550,     1.330388,     0.604060,    -0.004907,
  1707.600,     1.461284,     0.813209,    -0.007086,
  1707.650,     1.360042,     1.263659,    -0.004330,
  1707.700,     1.145118,     1.836553,    -0.009134,
  1707.750,     0.841621,     2.379872,    -0.008415,
  1707.800,     0.406796,     2.806634,    -0.006389,
  1707.850,    -0.022305,     3.011721,     0.000429,
  1707.900,    -0.373131,     2.980675,    -0.003322,
  1707.950,    -0.535665,     2.724464,     0.001163,
  1708.000,    -0.516651,     2.294835,    -0.005341,
  1708.050,    -0.367592,     1.783803,    -0.005350,
  1708.100,    -0.101001,     1.269205,    -0.004618,
  1708.150,     0.247040,     0.851650,    -0.003032,
  1708.200,     0.652442,     0.570834,    -0.002930,
  1708.250,     1.038102,     0.472253,     0.000666,
  1708.300,     1.337705,     0.513279,    -0.002755,
  1708.350,     1.484776,     0.688256,    -0.004464,
  1708.400,     1.457536,     0.913415,    -0.002991,
  1708.450,     1.257847,     1.097041,     0.007015,
  1708.500,     0.984290,     1.167100,     0.000370,
  1708.550,     0.687286,     1.094580,     0.000425,
  1708.600,     0.356823,     0.988459,    -0.000531,
  1708.650,     0.105091,     0.890508,     0.002034,
  1708.700,    -0.045794,     0.825239,     0.002148,
  1708.750,    -0.149819,     0.834482,     0.002415,
  1708.800,    -0.135395,     0.937989,    -0.003115,
  1708.850,    -0.033700,     1.132657,    -0.002862,
  1708.900,     0.132165,     1.381238,     0.001871,
  1708.950,     0.374503,     1.550118,     0.002860,
  1709.000,     0.633340,     1.592862,     0.003751,
  1709.050,     0.862356,     1.496985,     0.003596,
  1709.100,     1.120137,     1.364264,    -0.000841,
  1709.150,     1.331435,     1.220443,     0.001607,
  1709.200,     1.454912,     1.113766,     0.002947,
  1709.250,     1.499888,     1.030876,    -0.001459,
  1709.300,     1.493325,     0.993686,     0.002848,
  1709.350,     1.431115,     1.015238,    -0.003310,
  1709.400,     1.349117,     1.048356,    -0.004276,
  1709.450,     1.169869,     1.140385,    -0.000365,
  1709.500,     0.957857,     1.279681,     0.003013,
  1709.550,     0.739483,     1.419368,    -0.004171,
  1709.600,     0.597391,     1.520826,     0.000563,
  1709.650,     0.514434,     1.610550,    -0.005310,
  1709.700,     0.395983,     1.662439,     0.001714,
  1709.750,     0.260148,     1.703517,    -0.004411,
  1709.800,     0.139132,     1.703155,    -0.012337,
  1709.850,     0.043449,     1.587031,    -0.007037,
  1709.900,     0.043252,     1.316544,    -0.001702,
  1709.950,     0.093931,     0.990432,    -0.010179,
  1710.000,     0.173396,     0.662223,    -0.005573,
  1710.050,     0.261987,     0.439506,    -0.014096,
  1710.100,     0.394552,     0.304805,    -0.013151,
  1710.150,     0.501038,     0.298283,    -0.009634,
  1710.200,     0.549480,     0.349277,    -0.009468,
  1710.250,     0.526582,     0.399695,    -0.009855,
  1710.300,     0.430191,     0.466908,    -0.012378,
  1710.350,     0.285743,     0.427609,    -0.010423,
  1710.400,     0.140856,     0.349779,    -0.009844,
  1710.450,     0.015851,     0.249391,    -0.012898,
  1710.500,    -0.087222,     0.267603,    -0.008339,
  1710.550,    -0.137479,     0.425202,    -0.008760,
  1710.600,    -0.134910,     0.670064,    -0.008504,
  1710.650,    -0.127376,     0.961431,    -0.007959,
  1710.700,    -0.093757,     1.192651,    -0.005890,
  1710.750,    -0.085171,     1.314931,    -0.002019,
  1710.800,     0.025629,     1.339182,    -0.003183,
  1710.850,     0.189113,     1.279172,    -0.001536,
  1710.900,     0.352241,     1.094842,    -0.004774,
  1710.950,     0.494668,     0.915425,    -0.003294,
  1711.000,     0.651276,     0.741791,    -0.003786,
  1711.050,     0.758854,     0.671570,     0.000139,
  1711.100,     0.886574,     0.663055,     0.004214,
  1711.150,     0.941625,     0.693004,     0.001685,
  1711.200,     0.945158,     0.829999,    -0.002680,
  1711.250,     0.909807,     1.120037,     0.005541,
  1711.300,     0.866406,     1.462619,     0.002174,
  1711.350,     0.784229,     1.783571,     0.007106,
  1711.400,     0.652065,     1.975077,     0.006721,
  1711.450,     0.482959,     1.983953,     0.003488,
  1711.500,     0.329343,     1.791444,     0.002160,
  1711.550,     0.189331,     1.416287,     0.003531,
  1711.600,     0.155267,     0.902035,     0.000171,
  1711.650,     0.202616,     0.412966,    -0.000031,
  1711.700,     0.368862,     0.053998,     0.003212,
  1711.750,     0.619553,    -0.022020,     0.000259,
  1711.800,     0.920352,     0.139481,    -0.000302,
  1711.850,     1.128654,     0.468412,    -0.005253,
  1711.900,     1.239856,     0.870126,     0.001082,
  1711.950,     1.213528,     1.249804,    -0.005268,
  1712.000,     1.057395,     1.590034,    -0.003720,
  1712.050,     0.832758,     1.757380,    -0.004948,
  1712.100,     0.596224,     1.704202,    -0.011548,
  1712.150,     0.362339,     1.456662,    -0.006520,
  1712.200,     0.216190,     1.053388,    -0.006614,
  1712.250,     0.200218,     0.622955,    -0.008226,
  1712.300,     0.263263,     0.310986,    -0.010464,
  1712.350,     0.377858,     0.108602,    -0.013794,
  1712.400,     0.520409,     0.160012,    -0.005698,
  1712.450,     0.625996,     0.437557,    -0.011171,
  1712.500,     0.730720,     0.908591,    -0.006662,
  1712.550,     0.778367,     1.471358,    -0.020899,
  1712.600,     0.722347,     1.942300,    -0.009542,
  1712.650,     0.639861,     2.241039,    -0.016891,
  1712.700,     0.529937,     2.315176,    -0.012212,
  1712.750,     0.490902,     2.166940,    -0.020837,
  1712.800,     0.471187,     1.869105,    -0.005789,
  1712.850,     0.515283,     1.530207,    -0.010460,
  1712.900,     0.605878,     1.262102,    -0.003301,
  1712.950,     0.757194,     1.160561,    -0.015272,
  1713.000,     0.895917,     1.214127,    -0.002635,
  1713.050,     0.997477,     1.422144,    -0.009400,
  1713.100,     1.004300,     1.647660,     0.000346,
  1713.150,     0.953837,     1.855765,    -0.012219,
  1713.200,     0.856720,     1.931107,    -0.000570,
  1713.250,     0.784415,     1.816466,    -0.005756,
  1713.300,     0.692947,     1.621859,     0.000539,
  1713.350,     0.614433,     1.351444,    -0.002647,
  1713.400,     0.559691,     1.063327,     0.011943,
  1713.450,     0.517501,     0.848513,     0.002640,
  1713.500,     0.511728,     0.704341,     0.004458,
  1713.550,     0.570396,     0.688907,     0.008103,
  1713.600,     0.674919,     0.819090,    -0.002608,
  1713.650,     0.748135,     1.103136,     0.011913,
  1713.700,     0.817947,     1.409114,     0.004857,
  1713.750,     0.833319,     1.692225,     0.003271,
  1713.800,     0.802383,     1.811971,     0.010835,
  1713.850,     0.779697,     1.754821,     0.002054,
  1713.900,     0.726664,     1.591743,     0.011653,
  1713.950,     0.659326,     1.231281,     0.006217,
  1714.000,     0.604075,     0.797407,    -0.004676,
  1714.050,     0.457671,     0.365158,     0.004972,
  1714.100,     0.377835,     0.034516,     0.009052,
  1714.150,     0.297539,    -0.026658,    -0.007946,
  1714.200,     0.243949,     0.184675,     0.000960,
  1714.250,     0.188798,     0.606210,    -0.004379,
  1714.300,     0.143475,     1.089649,    -0.011099,
  1714.350,     0.056543,     1.490815,    -0.009069,
  1714.400,    -0.025073,     1.707233,    -0.007835,
  1714.450,    -0.115548,     1.719465,    -0.013623,
  1714.500,    -0.214603,     1.513489,    -0.007683,
  1714.550,    -0.275437,     1.197705,    -0.011718,
  1714.600,    -0.247864,     0.856871,    -0.012922,
  1714.650,    -0.117498,     0.634544,    -0.012489,
  1714.700,     0.068313,     0.617475,    -0.013983,
  1714.750,     0.251612,     0.725275,    -0.011865,
  1714.800,     0.370310,     0.924123,    -0.010425,
  1714.850,     0.444070,     1.106387,    -0.012424,
  1714.900,     0.437673,     1.103005,    -0.013822,
  1714.950,     0.396277,     0.913411,    -0.021037,
  1715.000,     0.292322,     0.530180,    -0.009127,
  1715.050,     0.163523,     0.134683,    -0.007160,
  1715.100,     0.024524,    -0.269910,    -0.005552,
  1715.150,    -0.048313,    -0.557224,    -0.006842,
  1715.200,    -0.079992,    -0.683033,    -0.003310,
  1715.250,    -0.043936,    -0.571705,    -0.008391,
  1715.300,     0.056747,    -0.304670,    -0.011551,
  1715.350,     0.230391,     0.078485,    -0.007451,
  1715.400,     0.408250,     0.538393,    -0.010341,
  1715.450,     0.522632,     1.028427,    -0.000326,
  1715.500,     0.567306,     1.502242,    -0.001260,
  1715.550,     0.516485,     1.844738,    -0.003565,
  1715.600,     0.353266,     1.933996,     0.002866,
  1715.650,     0.154974,     1.728565,    -0.000180,
  1715.700,    -0.050691,     1.229859,     0.004466,
  1715.750,    -0.173998,     0.540926,    -0.003417,
  1715.800,    -0.159366,    -0.165826,     0.005592,
  1715.850,     0.024527,    -0.740224,     0.003161,
  1715.900,     0.338084,    -1.057480,     0.003338,
  1715.950,     0.632239,    -1.035766,     0.007928,
  1716.000,     0.872731,    -0.629646,     0.012667,
  1716.050,     1.048717,     0.073212,     0.010597,
  1716.100,     1.116170,     0.854730,     0.008716,
  1716.150,     1.074396,     1.581930,    -0.005904,
  1716.200,     0.896136,     2.064901,    -0.006478,
  1716.250,     0.686938,     2.253151,     0.004160,
  1716.300,     0.467958,     2.119534,    -0.000050,
  1716.350,     0.238141,     1.736978,    -0.008623,
  1716.400,     0.137861,     1.250300,    -0.016160,
  1716.450,     0.138990,     0.746373,    -0.006174,
  1716.500,     0.258598,     0.391037,    -0.006689,
  1716.550,     0.513383,     0.223613,    -0.019532,
  1716.600,     0.822435,     0.227837,    -0.007631,
  1716.650,     1.122470,     0.283777,    -0.012585,
  1716.700,     1.334873,     0.363875,    -0.016931,
  1716.750,     1.390067,     0.414411,    -0.014718,
  1716.800,     1.294366,     0.382238,    -0.020652,
  1716.850,     1.102480,     0.386000,    -0.011484,
  1716.900,     0.823744,     0.413724,    -0.011428,
  1716.950,     0.527027,     0.532464,    -0.015485,
  1717.000,     0.268386,     0.767610,    -0.012947,
  1717.050,     0.153598,     1.103108,    -0.007662,
  1717.100,     0.141882,     1.447134,    -0.007601,
  1717.150,     0.221937,     1.758704,    -0.010026,
  1717.200,     0.372189,     1.913312,     0.000792,
  1717.250,     0.476898,     1.989301,    -0.001824,
  1717.300,     0.531882,     1.956454,    -0.003144,
  1717.350,     0.515468,     1.767766,     0.002096,
  1717.400,     0.416159,     1.530295,     0.007770,
  1717.450,     0.320520,     1.168417,     0.001273,
  1717.500,     0.247196,     0.812636,     0.006014,
  1717.550,     0.213374,     0.407275,     0.005305,
  1717.600,     0.203227,     0.038021,     0.008027,
  1717.650,     0.256955,    -0.290806,     0.006139,
  1717.700,     0.381704,    -0.475594,     0.008926,
  1717.750,     0.549912,    -0.410213,     0.004555,
  1717.800,     0.682591,    -0.052088,     0.003907,
  1717.850,     0.753625,     0.457475,     0.005537,
  1717.900,     0.707002,     0.988306,     0.005132,
  1717.950,     0.576469,     1.415740,     0.000361,
  1718.000,     0.360306,     1.668179,    -0.001878,
  1718.050,     0.117155,     1.705765,     0.001382,
  1718.100,    -0.198717,     1.583977,    -0.005387,
  1718.150,    -0.454375,     1.329943,    -0.005572,
  1718.200,    -0.620185,     1.036802,    -0.004002,
  1718.250,    -0.599830,     0.768220,    -0.010073,
  1718.300,    -0.404186,     0.553401,    -0.004674,
  1718.350,    -0.090483,     0.472896,    -0.008777,
  1718.400,     0.264859,     0.491900,    -0.009430,
  1718.450,     0.534924,     0.624468,    -0.012206,
  1718.500,     0.719118,     0.761028,    -0.010408,
  1718.550,     0.835701,     0.885877,    -0.014105,
  1718.600,     0.803222,     0.965360,    -0.013062,
  1718.650,     0.708608,     1.019752,    -0.015413,
  1718.700,     0.602657,     1.055398,    -0.008307,
  1718.750,     0.585898,     1.122704,    -0.007506,
  1718.800,     0.687694,     1.344286,    -0.005708,
  1718.850,     0.864331,     1.613377,    -0.007654,
  1718.900,     1.116076,     1.994283,    -0.000873,
  1718.950,     1.321562,     2.344918,    -0.006066,
  1719.000,     1.433411,     2.580013,    -0.002953,
  1719.050,     1.445166,     2.720220,    -0.002076,
  1719.100,     1.356889,     2.634843,    -0.003707,
  1719.150,     1.232854,     2.351094,     0.002682,
  1719.200,     1.098504,     1.910511,    -0.000734,
  1719.250,     1.018436,     1.332618,     0.005515,
  1719.300,     1.010487,     0.717710,     0.001220,
  1719.350,     1.104549,     0.149211,     0.003692,
  1719.400,     1.282904,    -0.231224,     0.005669,
  1719.450,     1.445513,    -0.365955,     0.002662,
  1719.500,     1.598682,    -0.252983,     0.003671,
  1719.550,     1.660013,     0.065889,    -0.000266,
  1719.600,     1.638758,     0.584058,     0.001192,
  1719.650,     1.551705,     1.177586,    -0.008959,
  1719.700,     1.293472,     1.803306,    -0.002022,
  1719.750,     0.849481,     2.287425,     0.001075,
  1719.800,     0.341338,     2.540220,    -0.005229,
  1719.850,    -0.243557,     2.506058,    -0.004766,
  1719.900,    -0.684826,     2.308830,    -0.006149,
  1719.950,    -0.969358,     1.970036,    -0.012851,
  1720.000,    -1.045110,     1.608460,    -0.006518,

