Time_abs/ps, Signal 1/nA, Ref.signal 1/nA, Signal 2/nA, Ref.signal 2/nA
  1600.000,    -0.004932,     0.007615,     0.001278,
  1600.050,    -0.001815,    -0.004646,     0.001973,
  1600.100,     0.006608,     0.011497,     0.000805,
  1600.150,     0.006740,    -0.005388,    -0.000516,
  1600.200,    -0.006601,    -0.009079,    -0.003539,
  1600.250,    -0.032024,    -0.022884,    -0.000151,
  1600.300,    -0.026578,    -0.011605,     0.000747,
  1600.350,    -0.017907,     0.000561,    -0.007120,
  1600.400,    -0.007709,     0.010459,    -0.010254,
  1600.450,    -0.029558,     0.008771,    -0.009169,
  1600.500,    -0.041101,    -0.000034,    -0.017370,
  1600.550,    -0.035053,    -0.009125,    -0.007926,
  1600.600,    -0.045196,    -0.021215,    -0.016566,
  1600.650,    -0.018316,    -0.028924,    -0.020614,
  1600.700,    -0.056854,    -0.024922,    -0.018206,
  1600.750,    -0.035164,    -0.033412,    -0.018556,
  1600.800,    -0.026100,    -0.027306,    -0.023235,
  1600.850,    -0.038801,    -0.001638,    -0.016171,
  1600.900,    -0.042289,    -0.017430,    -0.023407,
  1600.950,    -0.040548,    -0.006954,    -0.020265,
  1601.000,    -0.053117,    -0.025601,    -0.017936,
  1601.050,    -0.028909,    -0.025349,    -0.020603,
  1601.100,    -0.045858,    -0.009534,    -0.021855,
  1601.150,    -0.067909,    -0.028449,    -0.007006,
  1601.200,    -0.035636,    -0.018410,    -0.013020,
  1601.250,    -0.052191,    -0.022588,    -0.020028,
  1601.300,    -0.052258,    -0.037640,    -0.010838,
  1601.350,    -0.046242,    -0.024145,    -0.003880,
  1601.400,    -0.053489,    -0.019708,    -0.006917,
  1601.450,    -0.043766,    -0.036830,    -0.006372,
  1601.500,    -0.029545,    -0.020360,    -0.005242,
  1601.550,    -0.019839,    -0.021295,    -0.007781,
  1601.600,    -0.031158,    -0.019094,    -0.005580,
  1601.650,    -0.043201,    -0.038961,    -0.000695,
  1601.700,    -0.033511,    -0.039712,    -0.006942,
  1601.750,    -0.034304,    -0.046448,    -0.005175,
  1601.800,    -0.024627,    -0.049859,     0.006329,
  1601.850,    -0.021157,    -0.056273,     0.006954,
  1601.900,    -0.031460,    -0.066449,     0.006668,
  1601.950,    -0.016216,    -0.072077,     0.001032,
  1602.000,    -0.020080,    -0.063971,     0.000887,
  1602.050,    -0.033607,    -0.049452,     0.001464,
  1602.100,    -0.016459,    -0.059367,    -0.006407,
  1602.150,    -0.023359,    -0.063293,    -0.001105,
  1602.200,    -0.020250,    -0.057947,    -0.006708,
  1602.250,    -0.037569,    -0.047525,    -0.012584,
  1602.300,    -0.047443,    -0.066134,    -0.005941,
  1602.350,    -0.023400,    -0.074133,    -0.007338,
  1602.400,    -0.035639,    -0.077379,    -0.013860,
  1602.450,    -0.050312,    -0.060169,    -0.014418,
  1602.500,    -0.042140,    -0.080268,    -0.010075,
  1602.550,    -0.039319,    -0.067907,    -0.017172,
  1602.600,    -0.039735,    -0.099132,    -0.020512,
  1602.650,    -0.049419,    -0.079462,    -0.016467,
  1602.700,    -0.056470,    -0.061615,    -0.017084,
  1602.750,    -0.054504,    -0.055587,    -0.020687,
  1602.800,    -0.064550,    -0.049285,    -0.016246,
  1602.850,    -0.073353,    -0.061351,    -0.014876,
  1602.900,    -0.050865,    -0.051576,    -0.016847,
  1602.950,    -0.050331,    -0.030425,    -0.016127,
  1603.000,    -0.058523,    -0.045516,    -0.016483,
  1603.050,    -0.064150,    -0.046597,    -0.016736,
  1603.100,    -0.060448,    -0.041525,    -0.018761,
  1603.150,    -0.079320,    -0.058770,    -0.020461,
  1603.200,    -0.088164,    -0.067038,    -0.015879,
  1603.250,    -0.065874,    -0.060943,    -0.010394,
  1603.300,    -0.062547,    -0.046130,    -0.010847,
  1603.350,    -0.057748,    -0.044856,    -0.018508,
  1603.400,    -0.058917,    -0.048941,    -0.009995,
  1603.450,    -0.062743,    -0.057768,    -0.009006,
  1603.500,    -0.037295,    -0.061647,    -0.005799,
  1603.550,    -0.047671,    -0.072860,    -0.005345,
  1603.600,    -0.045326,    -0.050958,    -0.002949,
  1603.650,    -0.028908,    -0.058043,    -0.005592,
  1603.700,    -0.032158,    -0.046480,    -0.001638,
  1603.750,    -0.030173,    -0.039911,     0.000069,
  1603.800,    -0.035146,    -0.055079,     0.001714,
  1603.850,    -0.046166,    -0.055890,    -0.000276,
  1603.900,    -0.029189,    -0.060794,     0.005102,
  1603.950,    -0.034029,    -0.056321,     0.002055,
  1604.000,    -0.031927,    -0.053461,     0.000041,
  1604.050,    -0.030645,    -0.061511,    -0.000808,
  1604.100,    -0.036756,    -0.073083,    -0.006884,
  1604.150,    -0.034821,    -0.058812,    -0.001401,
  1604.200,    -0.048036,    -0.056921,    -0.004983,
  1604.250,    -0.034512,    -0.052816,    -0.004507,
  1604.300,    -0.033783,    -0.051204,    -0.000132,
  1604.350,    -0.033499,    -0.050098,    -0.000513,
  1604.400,    -0.046271,    -0.051308,     0.001590,
  1604.450,    -0.041947,    -0.055452,    -0.004225,
  1604.500,    -0.045193,    -0.068069,    -0.004502,
  1604.550,    -0.054422,    -0.050001,    -0.005138,
  1604.600,    -0.052642,    -0.060544,    -0.012138,
  1604.650,    -0.028795,    -0.066102,    -0.016896,
  1604.700,    -0.042743,    -0.067510,    -0.012653,
  1604.750,    -0.059773,    -0.069713,    -0.015302,
  1604.800,    -0.065191,    -0.075049,    -0.018364,
  1604.850,    -0.041709,    -0.068252,    -0.024384,
  1604.900,    -0.058004,    -0.068048,    -0.021344,
  1604.950,    -0.041774,    -0.057182,    -0.017978,
  1605.000,    -0.036589,    -0.074073,    -0.015064,
  1605.050,    -0.064548,    -0.073767,    -0.016695,
  1605.100,    -0.053834,    -0.058804,    -0.023382,
  1605.150,    -0.071492,    -0.074817,    -0.016283,
  1605.200,    -0.038907,    -0.054424,    -0.018840,
  1605.250,    -0.048421,    -0.059604,    -0.016797,
  1605.300,    -0.069838,    -0.073760,    -0.025627,
  1605.350,    -0.078754,    -0.080658,    -0.017098,
  1605.400,    -0.063836,    -0.064059,    -0.018399,
  1605.450,    -0.058278,    -0.066206,    -0.019622,
  1605.500,    -0.052368,    -0.061892,    -0.019704,
  1605.550,    -0.047906,    -0.056416,    -0.021283,
  1605.600,    -0.045785,    -0.060449,    -0.014767,
  1605.650,    -0.044102,    -0.062375,    -0.013495,
  1605.700,    -0.058951,    -0.064690,    -0.011840,
  1605.750,    -0.070069,    -0.067201,    -0.008435,
  1605.800,    -0.048347,    -0.053317,    -0.012433,
  1605.850,    -0.038405,    -0.075328,    -0.009109,
  1605.900,    -0.057690,    -0.081720,    -0.004678,
  1605.950,    -0.048992,    -0.084957,    -0.003289,
  1606.000,    -0.059605,    -0.063255,    -0.005192,
  1606.050,    -0.051654,    -0.061329,    -0.007099,
  1606.100,    -0.024758,    -0.043735,    -0.002857,
  1606.150,    -0.057988,    -0.050841,     0.004864,
  1606.200,    -0.059136,    -0.062682,    -0.000088,
  1606.250,    -0.045928,    -0.048538,     0.000065,
  1606.300,    -0.042202,    -0.051206,     0.005122,
  1606.350,    -0.030160,    -0.056931,     0.001212,
  1606.400,    -0.045216,    -0.061721,    -0.006506,
  1606.450,    -0.035395,    -0.077838,    -0.003031,
  1606.500,    -0.039470,    -0.075351,    -0.003280,
  1606.550,    -0.035510,    -0.045355,    -0.003035,
  1606.600,    -0.010736,    -0.075436,    -0.000685,
  1606.650,    -0.020245,    -0.075216,    -0.000682,
  1606.700,    -0.018351,    -0.067222,    -0.004734,
  1606.750,    -0.028520,    -0.063340,     0.000442,
  1606.800,    -0.022839,    -0.069187,    -0.007030,
  1606.850,    -0.017595,    -0.065506,    -0.005914,
  1606.900,    -0.020133,    -0.051772,    -0.000156,
  1606.950,    -0.013055,    -0.049198,    -0.003724,
  1607.000,    -0.010467,    -0.044549,    -0.008380,
  1607.050,    -0.002420,    -0.057717,    -0.011079,
  1607.100,    -0.029037,    -0.057853,    -0.010116,
  1607.150,    -0.014077,    -0.075347,    -0.014050,
  1607.200,    -0.025537,    -0.075670,    -0.010703,
  1607.250,    -0.025417,    -0.067853,    -0.012512,
  1607.300,    -0.026618,    -0.065862,    -0.021343,
  1607.350,    -0.028425,    -0.091792,    -0.018765,
  1607.400,    -0.017500,    -0.095613,    -0.021271,
  1607.450,    -0.025473,    -0.089350,    -0.022277,
  1607.500,    -0.027073,    -0.075400,    -0.018950,
  1607.550,    -0.030943,    -0.104859,    -0.019246,
  1607.600,     0.003285,    -0.098777,    -0.021841,
  1607.650,    -0.015422,    -0.092790,    -0.020606,
  1607.700,    -0.026315,    -0.102410,    -0.021997,
  1607.750,    -0.034522,    -0.103796,    -0.022183,
  1607.800,    -0.029896,    -0.101278,    -0.017085,
  1607.850,    -0.014916,    -0.124529,    -0.016994,
  1607.900,    -0.025460,    -0.136633,    -0.015120,
  1607.950,    -0.012173,    -0.124998,    -0.017785,
  1608.000,    -0.018522,    -0.137278,    -0.021639,
  1608.050,    -0.016863,    -0.131250,    -0.016917,
  1608.100,    -0.021243,    -0.141260,    -0.014943,
  1608.150,    -0.014068,    -0.161652,    -0.014968,
  1608.200,    -0.024032,    -0.162870,    -0.013529,
  1608.250,    -0.029628,    -0.156415,    -0.011256,
  1608.300,    -0.003352,    -0.147483,    -0.009542,
  1608.350,    -0.016484,    -0.147606,    -0.009870,
  1608.400,    -0.022035,    -0.157783,    -0.008912,
  1608.450,    -0.006446,    -0.149063,    -0.009641,
  1608.500,    -0.004344,    -0.130967,    -0.007848,
  1608.550,     0.006488,    -0.132564,    -0.003495,
  1608.600,    -0.016236,    -0.131408,    -0.006114,
  1608.650,    -0.000849,    -0.119437,    -0.001854,
  1608.700,    -0.003322,    -0.132012,     0.000647,
  1608.750,     0.005288,    -0.130531,    -0.003031,
  1608.800,     0.007349,    -0.127366,    -0.000237,
  1608.850,    -0.015860,    -0.114349,    -0.004014,
  1608.900,     0.015050,    -0.118084,    -0.001332,
  1608.950,    -0.017544,    -0.108535,    -0.003386,
  1609.000,    -0.001429,    -0.122791,    -0.003772,
  1609.050,     0.007318,    -0.112637,    -0.002389,
  1609.100,    -0.005424,    -0.100752,    -0.002636,
  1609.150,    -0.001054,    -0.101737,     0.001603,
  1609.200,     0.007044,    -0.083625,    -0.002118,
  1609.250,     0.016941,    -0.090299,    -0.007267,
  1609.300,    -0.008162,    -0.092264,     0.000832,
  1609.350,     0.005910,    -0.063074,    -0.001726,
  1609.400,     0.008779,    -0.072413,    -0.006125,
  1609.450,     0.001915,    -0.097468,    -0.008672,
  1609.500,     0.017918,    -0.062004,    -0.009151,
  1609.550,    -0.004600,    -0.074665,    -0.007503,
  1609.600,    -0.002601,    -0.082541,    -0.012077,
  1609.650,     0.005161,    -0.095405,    -0.009470,
  1609.700,     0.012958,    -0.072481,    -0.006185,
  1609.750,     0.014813,    -0.073364,    -0.009438,
  1609.800,     0.015042,    -0.048757,    -0.011826,
  1609.850,     0.014465,    -0.050317,    -0.007361,
  1609.900,    -0.004054,    -0.050132,    -0.007669,
  1609.950,     0.008902,    -0.052159,    -0.010177,
  1610.000,    -0.004120,    -0.076507,    -0.010350,
  1610.050,    -0.007087,    -0.090168,    -0.012685,
  1610.100,     0.004483,    -0.092489,    -0.015113,
  1610.150,    -0.013995,    -0.092585,    -0.017338,
  1610.200,    -0.016326,    -0.087222,    -0.023479,
  1610.250,    -0.011900,    -0.102442,    -0.017398,
  1610.300,    -0.011779,    -0.110517,    -0.009753,
  1610.350,    -0.000345,    -0.117500,    -0.013673,
  1610.400,    -0.014164,    -0.123959,    -0.011944,
  1610.450,    -0.017437,    -0.132789,    -0.012542,
  1610.500,    -0.027557,    -0.137259,    -0.009430,
  1610.550,     0.013039,    -0.141640,    -0.011095,
  1610.600,    -0.005692,    -0.131035,    -0.018115,
  1610.650,    -0.020241,    -0.137492,    -0.018502,
  1610.700,    -0.034821,    -0.131505,    -0.011832,
  1610.750,    -0.005602,    -0.161033,    -0.013233,
  1610.800,     0.010404,    -0.172221,    -0.010745,
  1610.850,     0.002616,    -0.194941,    -0.005765,
  1610.900,     0.000680,    -0.172747,    -0.004943,
  1610.950,    -0.001131,    -0.179672,    -0.010487,
  1611.000,    -0.011442,    -0.196484,    -0.013929,
  1611.050,    -0.026606,    -0.217035,    -0.008461,
  1611.100,     0.005569,    -0.213329,    -0.005137,
  1611.150,     0.000444,    -0.239635,    -0.005609,
  1611.200,    -0.008130,    -0.240099,    -0.009301,
  1611.250,    -0.024214,    -0.215287,    -0.010799,
  1611.300,    -0.024945,    -0.217257,    -0.008740,
  1611.350,    -0.008343,    -0.223915,    -0.001508,
  1611.400,    -0.008805,    -0.225158,    -0.007898,
  1611.450,    -0.025197,    -0.227445,    -0.010210,
  1611.500,    -0.033253,    -0.219021,    -0.008088,
  1611.550,    -0.015087,    -0.196926,    -0.003319,
  1611.600,    -0.017586,    -0.221091,    -0.004866,
  1611.650,    -0.010602,    -0.212736,    -0.010379,
  1611.700,    -0.029310,    -0.199161,    -0.007237,
  1611.750,    -0.040638,    -0.192209,    -0.005086,
  1611.800,    -0.041241,    -0.199529,    -0.006253,
  1611.850,    -0.055804,    -0.174264,    -0.004600,
  1611.900,    -0.062996,    -0.168421,    -0.007866,
  1611.950,    -0.051785,    -0.185613,    -0.008496,
  1612.000,    -0.052468,    -0.193127,    -0.010888,
  1612.050,    -0.062851,    -0.202004,    -0.007670,
  1612.100,    -0.089300,    -0.203686,    -0.010942,
  1612.150,    -0.073001,    -0.192196,    -0.009952,
  1612.200,    -0.061498,    -0.228909,    -0.006049,
  1612.250,    -0.058385,    -0.217702,    -0.008306,
  1612.300,    -0.074435,    -0.218946,    -0.010354,
  1612.350,    -0.080599,    -0.226065,    -0.006618,
  1612.400,    -0.068949,    -0.209106,    -0.009256,
  1612.450,    -0.067005,    -0.219318,    -0.010691,
  1612.500,    -0.078588,    -0.206316,    -0.010872,
  1612.550,    -0.062646,    -0.213026,    -0.016408,
  1612.600,    -0.077103,    -0.230964,    -0.017580,
  1612.650,    -0.070336,    -0.237960,    -0.014070,
  1612.700,    -0.060205,    -0.240506,    -0.008442,
  1612.750,    -0.080696,    -0.236160,    -0.009960,
  1612.800,    -0.090560,    -0.233167,    -0.011959,
  1612.850,    -0.077430,    -0.256656,    -0.011222,
  1612.900,    -0.057795,    -0.239617,    -0.007886,
  1612.950,    -0.047048,    -0.245471,    -0.009978,
  1613.000,    -0.046557,    -0.262886,    -0.015236,
  1613.050,    -0.072553,    -0.251333,    -0.010924,
  1613.100,    -0.058593,    -0.256567,    -0.008247,
  1613.150,    -0.072546,    -0.244889,    -0.010965,
  1613.200,    -0.077690,    -0.267568,    -0.008635,
  1613.250,    -0.057758,    -0.263436,    -0.009111,
  1613.300,    -0.052440,    -0.261406,    -0.012543,
  1613.350,    -0.055176,    -0.262316,    -0.015447,
  1613.400,    -0.056968,    -0.263597,    -0.012834,
  1613.450,    -0.042319,    -0.263895,    -0.011830,
  1613.500,    -0.044259,    -0.253962,    -0.015172,
  1613.550,    -0.028684,    -0.267384,    -0.013649,
  1613.600,    -0.052873,    -0.282852,    -0.010202,
  1613.650,    -0.051323,    -0.294390,    -0.007676,
  1613.700,    -0.036154,    -0.269291,    -0.010014,
  1613.750,    -0.048829,    -0.296063,    -0.007819,
  1613.800,    -0.053828,    -0.295676,    -0.006244,
  1613.850,    -0.049468,    -0.290447,    -0.007921,
  1613.900,    -0.055281,    -0.308364,    -0.010549,
  1613.950,    -0.053121,    -0.311033,    -0.009768,
  1614.000,    -0.056105,    -0.298176,    -0.004679,
  1614.050,    -0.070643,    -0.320096,    -0.005760,
  1614.100,    -0.067769,    -0.327092,    -0.012572,
  1614.150,    -0.061325,    -0.336267,    -0.017139,
  1614.200,    -0.066587,    -0.347295,    -0.010021,
  1614.250,    -0.074861,    -0.345886,    -0.006655,
  1614.300,    -0.079955,    -0.330335,    -0.012901,
  1614.350,    -0.080208,    -0.335595,    -0.008060,
  1614.400,    -0.100135,    -0.326397,    -0.007643,
  1614.450,    -0.097359,    -0.335081,    -0.013669,
  1614.500,    -0.101510,    -0.341281,    -0.016696,
  1614.550,    -0.105524,    -0.341916,    -0.014334,
  1614.600,    -0.094975,    -0.342900,    -0.009205,
  1614.650,    -0.085835,    -0.342125,    -0.008897,
  1614.700,    -0.104670,    -0.318097,    -0.012523,
  1614.750,    -0.110619,    -0.315540,    -0.012391,
  1614.800,    -0.090804,    -0.298863,    -0.015912,
  1614.850,    -0.103564,    -0.298416,    -0.012784,
  1614.900,    -0.119440,    -0.312369,    -0.012533,
  1614.950,    -0.128836,    -0.298750,    -0.014475,
  1615.000,    -0.131905,    -0.299329,    -0.010542,
  1615.050,    -0.141499,    -0.316875,    -0.011703,
  1615.100,    -0.141596,    -0.339941,    -0.011729,
  1615.150,    -0.134416,    -0.354372,    -0.012849,
  1615.200,    -0.134020,    -0.349586,    -0.009862,
  1615.250,    -0.138076,    -0.375272,    -0.011504,
  1615.300,    -0.126695,    -0.391255,    -0.013021,
  1615.350,    -0.131020,    -0.412063,    -0.005177,
  1615.400,    -0.138928,    -0.422098,    -0.005607,
  1615.450,    -0.141342,    -0.408363,    -0.007182,
  1615.500,    -0.140512,    -0.404922,    -0.010380,
  1615.550,    -0.133182,    -0.411461,    -0.008910,
  1615.600,    -0.122882,    -0.401083,    -0.003544,
  1615.650,    -0.139935,    -0.408784,     0.002471,
  1615.700,    -0.128280,    -0.415894,    -0.003081,
  1615.750,    -0.117932,    -0.406058,    -0.005249,
  1615.800,    -0.117414,    -0.429032,    -0.005025,
  1615.850,    -0.116094,    -0.454615,    -0.003362,
  1615.900,    -0.110835,    -0.455064,     0.003126,
  1615.950,    -0.113790,    -0.455368,    -0.003661,
  1616.000,    -0.135901,    -0.466990,    -0.006662,
  1616.050,    -0.134846,    -0.474880,    -0.004134,
  1616.100,    -0.121796,    -0.480263,    -0.005119,
  1616.150,    -0.128518,    -0.480738,    -0.003374,
  1616.200,    -0.128394,    -0.476577,    -0.005241,
  1616.250,    -0.140865,    -0.483261,    -0.006001,
  1616.300,    -0.137215,    -0.490949,    -0.002488,
  1616.350,    -0.125885,    -0.490765,    -0.006609,
  1616.400,    -0.137615,    -0.495713,    -0.005694,
  1616.450,    -0.138076,    -0.492477,    -0.010583,
  1616.500,    -0.150024,    -0.503176,    -0.015903,
  1616.550,    -0.143743,    -0.526755,    -0.009991,
  1616.600,    -0.154063,    -0.506274,    -0.009983,
  1616.650,    -0.158019,    -0.492097,    -0.014685,
  1616.700,    -0.156883,    -0.494707,    -0.014757,
  1616.750,    -0.152277,    -0.491688,    -0.014286,
  1616.800,    -0.153053,    -0.491173,    -0.015654,
  1616.850,    -0.149966,    -0.493725,    -0.015249,
  1616.900,    -0.159205,    -0.487156,    -0.017766,
  1616.950,    -0.177876,    -0.489569,    -0.013939,
  1617.000,    -0.171475,    -0.506868,    -0.011304,
  1617.050,    -0.168062,    -0.487291,    -0.013633,
  1617.100,    -0.168833,    -0.474220,    -0.011342,
  1617.150,    -0.172726,    -0.483483,    -0.013643,
  1617.200,    -0.179963,    -0.473541,    -0.019797,
  1617.250,    -0.174517,    -0.474562,    -0.016776,
  1617.300,    -0.156986,    -0.456456,    -0.014868,
  1617.350,    -0.159828,    -0.446705,    -0.018256,
  1617.400,    -0.164441,    -0.459078,    -0.017981,
  1617.450,    -0.168375,    -0.445847,    -0.017220,
  1617.500,    -0.179401,    -0.438835,    -0.018530,
  1617.550,    -0.151330,    -0.433537,    -0.014781,
  1617.600,    -0.148742,    -0.436497,    -0.012428,
  1617.650,    -0.202316,    -0.418269,    -0.010226,
  1617.700,    -0.176873,    -0.416141,    -0.014707,
  1617.750,    -0.171353,    -0.407228,    -0.013033,
  1617.800,    -0.187312,    -0.401720,    -0.009408,
  1617.850,    -0.184106,    -0.380863,    -0.011948,
  1617.900,    -0.181110,    -0.371745,    -0.014390,
  1617.950,    -0.182272,    -0.338327,    -0.018790,
  1618.000,    -0.187588,    -0.281234,    -0.010376,
  1618.050,    -0.191243,    -0.232384,    -0.010984,
  1618.100,    -0.189305,    -0.193871,    -0.006942,
  1618.150,    -0.191816,    -0.161821,    -0.002990,
  1618.200,    -0.204537,    -0.119875,    -0.004669,
  1618.250,    -0.185667,    -0.077524,    -0.006189,
  1618.300,    -0.198130,    -0.071774,    -0.002720,
  1618.350,    -0.211835,    -0.087374,    -0.002118,
  1618.400,    -0.215548,    -0.196099,    -0.002167,
  1618.450,    -0.211115,    -0.348139,     0.000613,
  1618.500,    -0.204522,    -0.610612,     0.002357,
  1618.550,    -0.209208,    -0.952923,     0.003041,
  1618.600,    -0.208382,    -1.333053,    -0.000640,
  1618.650,    -0.179588,    -1.743931,    -0.001165,
  1618.700,    -0.187707,    -2.126887,     0.000607,
  1618.750,    -0.215973,    -2.394161,    -0.000504,
  1618.800,    -0.192157,    -2.457728,     0.001511,
  1618.850,    -0.180595,    -2.309845,     0.001335,
  1618.900,    -0.191497,    -1.995652,    -0.002058,
  1618.950,    -0.193432,    -1.602009,    -0.001375,
  1619.000,    -0.200286,    -1.184876,    -0.001961,
  1619.050,    -0.185764,    -0.797805,    -0.008985,
  1619.100,    -0.199385,    -0.520714,    -0.007752,
  1619.150,    -0.203619,    -0.297820,    -0.006705,
  1619.200,    -0.197599,    -0.164513,    -0.009747,
  1619.250,    -0.208625,    -0.133796,    -0.005730,
  1619.300,    -0.224823,    -0.141140,    -0.008921,
  1619.350,    -0.231185,    -0.189173,    -0.008852,
  1619.400,    -0.243628,    -0.272831,    -0.009885,
  1619.450,    -0.254334,    -0.366149,    -0.011951,
  1619.500,    -0.254193,    -0.414662,    -0.010900,
  1619.550,    -0.260637,    -0.486669,    -0.010740,
  1619.600,    -0.237626,    -0.532702,    -0.012984,
  1619.650,    -0.239913,    -0.559336,    -0.015251,
  1619.700,    -0.235609,    -0.580338,    -0.015380,
  1619.750,    -0.226359,    -0.589772,    -0.018676,
  1619.800,    -0.228767,    -0.591029,    -0.020131,
  1619.850,    -0.243686,    -0.607447,    -0.016373,
  1619.900,    -0.263560,    -0.624791,    -0.022597,
  1619.950,    -0.236505,    -0.651564,    -0.022140,
  1620.000,    -0.223480,    -0.699427,    -0.021774,
  1620.050,    -0.253023,    -0.712156,    -0.019671,
  1620.100,    -0.244933,    -0.740053,    -0.016177,
  1620.150,    -0.268989,    -0.779035,    -0.020393,
  1620.200,    -0.271373,    -0.777557,    -0.024106,
  1620.250,    -0.273784,    -0.783301,    -0.019398,
  1620.300,    -0.270043,    -0.795376,    -0.020761,
  1620.350,    -0.289918,    -0.762885,    -0.019128,
  1620.400,    -0.283561,    -0.756703,    -0.015452,
  1620.450,    -0.273630,    -0.755122,    -0.013275,
  1620.500,    -0.271524,    -0.759587,    -0.011908,
  1620.550,    -0.277830,    -0.770126,    -0.014549,
  1620.600,    -0.271512,    -0.762379,    -0.012533,
  1620.650,    -0.277265,    -0.799293,    -0.010382,
  1620.700,    -0.262708,    -0.826538,    -0.009380,
  1620.750,    -0.250535,    -0.825007,    -0.012957,
  1620.800,    -0.249057,    -0.836559,    -0.013696,
  1620.850,    -0.255023,    -0.864981,    -0.011002,
  1620.900,    -0.264445,    -0.872562,    -0.007730,
  1620.950,    -0.254743,    -0.863349,    -0.011754,
  1621.000,    -0.250863,    -0.892779,    -0.006698,
  1621.050,    -0.253927,    -0.900679,    -0.009474,
  1621.100,    -0.235939,    -0.903279,    -0.007545,
  1621.150,    -0.214176,    -0.929399,    -0.003604,
  1621.200,    -0.238419,    -0.946151,     0.001980,
  1621.250,    -0.239889,    -0.973433,     0.000392,
  1621.300,    -0.227974,    -1.002156,    -0.004473,
  1621.350,    -0.234925,    -1.031033,    -0.005457,
  1621.400,    -0.215966,    -1.055723,    -0.000414,
  1621.450,    -0.203542,    -1.082439,    -0.009435,
  1621.500,    -0.216731,    -1.040745,    -0.009617,
  1621.550,    -0.204066,    -1.007067,    -0.001028,
  1621.600,    -0.195080,    -0.969472,    -0.003063,
  1621.650,    -0.188524,    -0.923275,    -0.009879,
  1621.700,    -0.200684,    -0.868363,    -0.002007,
  1621.750,    -0.199439,    -0.839668,     0.000711,
  1621.800,    -0.177930,    -0.839075,    -0.008159,
  1621.850,    -0.176373,    -0.835832,    -0.008885,
  1621.900,    -0.177869,    -0.868083,    -0.004040,
  1621.950,    -0.148277,    -0.905803,    -0.007088,
  1622.000,    -0.151684,    -0.925178,    -0.006599,
  1622.050,    -0.119493,    -0.925425,    -0.006524,
  1622.100,    -0.087089,    -0.933014,    -0.007372,
  1622.150,    -0.074305,    -0.943333,    -0.011934,
  1622.200,    -0.050587,    -0.946160,    -0.013588,
  1622.250,    -0.028756,    -0.947706,    -0.005473,
  1622.300,    -0.003720,    -0.936598,    -0.008621,
  1622.350,     0.016607,    -0.911204,    -0.010992,
  1622.400,     0.021370,    -0.902913,    -0.003213,
  1622.450,     0.003446,    -0.885350,    -0.012305,
  1622.500,    -0.082199,    -0.852988,    -0.014172,
  1622.550,    -0.214504,    -0.809969,    -0.013606,
  1622.600,    -0.387101,    -0.785377,    -0.012536,
  1622.650,    -0.630867,    -0.742969,    -0.011724,
  1622.700,    -0.900364,    -0.686576,    -0.017659,
  1622.750,    -1.139799,    -0.613374,    -0.017223,
  1622.800,    -1.313012,    -0.510101,    -0.013756,
  1622.850,    -1.406371,    -0.403846,    -0.013338,
  1622.900,    -1.364803,    -0.275957,    -0.012777,
  1622.950,    -1.182689,    -0.136301,    -0.015489,
  1623.000,    -0.932225,    -0.013895,    -0.016446,
  1623.050,    -0.644363,     0.097326,    -0.014848,
  1623.100,    -0.396958,     0.115637,    -0.006881,
  1623.150,    -0.196659,     0.008123,    -0.011625,
  1623.200,    -0.036365,    -0.326249,    -0.013255,
  1623.250,     0.053981,    -1.001347,    -0.015721,
  1623.300,     0.084894,    -2.122518,    -0.010625,
  1623.350,     0.073379,    -3.843026,    -0.004230,
  1623.400,     0.044150,    -6.190226,    -0.006042,
  1623.450,    -0.019816,    -9.079033,    -0.007260,
  1623.500,    -0.070965,   -12.222148,    -0.008683,
  1623.550,    -0.131531,   -15.132563,    -0.008528,
  1623.600,    -0.188832,   -17.125555,    -0.009380,
  1623.650,    -0.259171,   -17.493563,    -0.007597,
  1623.700,    -0.276032,   -15.827166,    -0.007412,
  1623.750,    -0.274902,   -12.123533,    -0.004146,
  1623.800,    -0.291641,    -6.997025,    -0.007528,
  1623.850,    -0.304439,    -1.427215,    -0.007798,
  1623.900,    -0.291604,     3.484423,    -0.005012,
  1623.950,    -0.310600,     6.934489,    -0.007999,
  1624.000,    -0.329363,     8.513791,    -0.004562,
  1624.050,    -0.313733,     8.337132,    -0.005564,
  1624.100,    -0.336303,     6.748450,    -0.008067,
  1624.150,    -0.349173,     4.178412,    -0.006508,
  1624.200,    -0.375416,     1.205607,    -0.004989,
  1624.250,    -0.375309,    -1.618595,    -0.002696,
  1624.300,    -0.376962,    -3.847212,    -0.005035,
  1624.350,    -0.395821,    -5.274983,    -0.006150,
  1624.400,    -0.377460,    -5.999073,    -0.007343,
  1624.450,    -0.370861,    -6.210488,    -0.008836,
  1624.500,    -0.371746,    -6.037645,    -0.003594,
  1624.550,    -0.353012,    -5.448199,    -0.005928,
  1624.600,    -0.355199,    -4.513717,    -0.008139,
  1624.650,    -0.374202,    -3.507028,    -0.009423,
  1624.700,    -0.378680,    -2.713990,    -0.010839,
  1624.750,    -0.379855,    -2.169706,    -0.013205,
  1624.800,    -0.389857,    -1.805950,    -0.013421,
  1624.850,    -0.393980,    -1.469886,    -0.013866,
  1624.900,    -0.396541,    -1.140785,    -0.013191,
  1624.950,    -0.401279,    -0.812284,    -0.014859,
  1625.000,    -0.402188,    -0.407357,    -0.017291,
  1625.050,    -0.409936,     0.132472,    -0.014778,
  1625.100,    -0.412741,     0.838794,    -0.020343,
  1625.150,    -0.406654,     1.727241,    -0.014148,
  1625.200,    -0.423153,     2.765705,    -0.006124,
  1625.250,    -0.434259,     3.889177,    -0.014382,
  1625.300,    -0.453817,     5.077292,    -0.014946,
  1625.350,    -0.467381,     6.273234,    -0.013796,
  1625.400,    -0.466219,     7.478472,    -0.015199,
  1625.450,    -0.490533,     8.746009,    -0.014462,
  1625.500,    -0.497928,    10.060120,    -0.012235,
  1625.550,    -0.494583,    11.467869,    -0.010163,
  1625.600,    -0.472216,    13.071246,    -0.010779,
  1625.650,    -0.417726,    14.898890,    -0.010940,
  1625.700,    -0.394117,    17.010325,    -0.007033,
  1625.750,    -0.356043,    19.501218,    -0.006053,
  1625.800,    -0.333470,    22.428147,    -0.009806,
  1625.850,    -0.324692,    25.822997,    -0.010570,
  1625.900,    -0.322647,    29.700968,    -0.006677,
  1625.950,    -0.334105,    34.164119,    -0.007184,
  1626.000,    -0.351619,    39.328189,    -0.004776,
  1626.050,    -0.372716,    45.320874,    -0.002397,
  1626.100,    -0.386326,    52.213222,    -0.003570,
  1626.150,    -0.404085,    60.173804,    -0.003153,
  1626.200,    -0.416385,    69.234329,    -0.004547,
  1626.250,    -0.400786,    79.317423,     0.000012,
  1626.300,    -0.382626,    90.147328,     0.000343,
  1626.350,    -0.393040,   101.149397,    -0.002756,
  1626.400,    -0.377421,   111.240914,    -0.003397,
  1626.450,    -0.360856,   118.577158,    -0.005541,
  1626.500,    -0.353793,   120.330037,    -0.003017,
  1626.550,    -0.333166,   112.301036,    -0.004198,
  1626.600,    -0.317239,    88.936240,    -0.002447,
  1626.650,    -0.288204,    43.654300,    -0.001514,
  1626.700,    -0.293008,   -30.080523,    -0.005318,
  1626.750,    -0.292126,  -136.599317,    -0.006863,
  1626.800,    -0.242096,  -275.383844,    -0.005972,
  1626.850,    -0.188066,  -438.202199,    -0.002456,
  1626.900,    -0.114391,  -607.466873,    -0.004472,
  1626.950,    -0.050225,  -756.832510,    -0.007500,
  1627.000,     0.018440,  -853.304042,    -0.012113,
  1627.050,     0.089375,  -863.652525,    -0.013995,
  1627.100,     0.170399,  -767.964910,    -0.010312,
  1627.150,     0.206564,  -573.556554,    -0.013603,
  1627.200,     0.182932,  -314.836492,    -0.013840,
  1627.250,     0.057067,   -38.717001,    -0.011751,
  1627.300,    -0.208659,   213.204124,    -0.011007,
  1627.350,    -0.756667,   414.370761,    -0.008268,
  1627.400,    -1.609177,   551.418659,    -0.014428,
  1627.450,    -2.807575,   618.154752,    -0.016066,
  1627.500,    -4.361291,   615.650001,    -0.013220,
  1627.550,    -6.192366,   555.920794,    -0.012790,
  1627.600,    -8.008337,   461.606808,    -0.013088,
  1627.650,    -9.422706,   358.092630,    -0.009759,
  1627.700,   -10.071303,   262.795631,    -0.011872,
  1627.750,    -9.468732,   181.288099,    -0.017415,
  1627.800,    -7.555290,   113.143369,    -0.013971,
  1627.850,    -4.581995,    59.884677,    -0.010579,
  1627.900,    -1.034174,    26.164406,    -0.011136,
  1627.950,     2.339405,    13.388737,    -0.011607,
  1628.000,     4.889790,    14.807836,    -0.013695,
  1628.050,     6.254305,    19.605023,    -0.018471,
  1628.100,     6.392626,    20.976186,    -0.015876,
  1628.150,     5.532422,    18.573325,    -0.013514,
  1628.200,     3.911653,    13.737354,    -0.015468,
  1628.250,     1.923972,     6.294082,    -0.018290,
  1628.300,    -0.059545,    -3.942722,    -0.016092,
  1628.350,    -1.727096,   -15.291041,    -0.015030,
  1628.400,    -2.846597,   -25.115936,    -0.013639,
  1628.450,    -3.435291,   -31.509963,    -0.010266,
  1628.500,    -3.584687,   -33.304194,    -0.008611,
  1628.550,    -3.451544,   -29.992888,    -0.012264,
  1628.600,    -3.082341,   -22.742302,    -0.011569,
  1628.650,    -2.503778,   -14.414926,    -0.001273,
  1628.700,    -1.782066,    -7.483234,    -0.000010,
  1628.750,    -1.143021,    -2.984859,     0.000513,
  1628.800,    -0.701051,    -1.164252,     0.000094,
  1628.850,    -0.431007,    -2.118112,    -0.008458,
  1628.900,    -0.236782,    -5.174189,    -0.002986,
  1628.950,    -0.058518,    -9.286403,    -0.005216,
  1629.000,     0.103511,   -13.634145,    -0.005218,
  1629.050,     0.280650,   -17.083424,    -0.007492,
  1629.100,     0.524207,   -18.429742,    -0.003812,
  1629.150,     0.864543,   -17.405915,    -0.004294,
  1629.200,     1.323605,   -14.983355,    -0.003225,
  1629.250,     1.847303,   -11.998510,    -0.003845,
  1629.300,     2.449430,    -8.593464,    -0.003210,
  1629.350,     3.089431,    -5.354663,    -0.005826,
  1629.400,     3.744291,    -3.324842,    -0.004702,
  1629.450,     4.371742,    -2.418323,    -0.003798,
  1629.500,     5.004119,    -1.744800,    -0.003117,
  1629.550,     5.663616,    -1.435813,    -0.005986,
  1629.600,     6.330365,    -2.146204,    -0.006066,
  1629.650,     7.084989,    -3.579164,    -0.001959,
  1629.700,     7.955485,    -5.007354,    -0.009396,
  1629.750,     8.969004,    -6.289650,    -0.009191,
  1629.800,    10.165638,    -7.321848,    -0.005219,
  1629.850,    11.590873,    -7.916487,    -0.007127,
  1629.900,    13.266547,    -8.401538,    -0.008557,
  1629.950,    15.175543,    -9.063405,    -0.009831,
  1630.000,    17.380655,    -9.528301,    -0.014327,
  1630.050,    19.945151,    -9.995554,    -0.011564,
  1630.100,    22.938923,   -11.552468,    -0.015008,
  1630.150,    26.417131,   -14.581446,    -0.017477,
  1630.200,    30.491110,   -18.110098,    -0.019395,
  1630.250,    35.183826,   -21.159664,    -0.017662,
  1630.300,    40.482649,   -23.552278,    -0.019945,
  1630.350,    46.290879,   -25.200944,    -0.017139,
  1630.400,    52.423192,   -25.526302,    -0.014138,
  1630.450,    58.375593,   -23.619052,    -0.016309,
  1630.500,    63.322527,   -18.819349,    -0.017256,
  1630.550,    65.901617,   -11.499617,    -0.012542,
  1630.600,    64.084652,    -3.149112,    -0.012930,
  1630.650,    54.987277,     4.452853,    -0.010097,
  1630.700,    34.971402,    10.046533,    -0.006473,
  1630.750,     0.024451,    13.060233,    -0.002143,
  1630.800,   -53.448526,    13.620158,     0.005352,
  1630.850,  -126.971613,    12.157680,     0.008631,
  1630.900,  -218.176325,     9.274574,     0.010943,
  1630.950,  -318.916385,     5.856123,     0.011849,
  1631.000,  -414.526088,     2.993944,     0.012629,
  1631.050,  -485.114278,     1.406954,    -0.002114,
  1631.100,  -509.324376,     1.309775,    -0.007160,
  1631.150,  -471.413057,     2.395546,    -0.004940,
  1631.200,  -369.423604,     3.763499,     0.000758,
  1631.250,  -218.450386,     4.322650,     0.004973,
  1631.300,   -45.587676,     3.926636,     0.003082,
  1631.350,   120.352653,     3.166550,    -0.000761,
  1631.400,   257.349387,     2.265575,    -0.002255,
  1631.450,   352.765249,     1.160862,    -0.005500,
  1631.500,   401.305271,     0.170592,    -0.016545,
  1631.550,   403.682182,    -0.376537,    -0.016829,
  1631.600,   366.500053,    -0.448203,    -0.021732,
  1631.650,   302.528706,    -0.184167,    -0.025254,
  1631.700,   228.272978,     0.207198,    -0.022501,
  1631.750,   158.049047,     0.439720,    -0.015616,
  1631.800,    98.977574,     0.576219,    -0.015920,
  1631.850,    51.413036,     0.828175,    -0.018927,
  1631.900,    14.309840,     1.151283,    -0.016684,
  1631.950,   -10.702425,     1.302174,    -0.012577,
  1632.000,   -21.330525,     1.393799,    -0.013638,
  1632.050,   -19.501343,     1.363982,    -0.006003,
  1632.100,   -12.079827,     0.892051,    -0.007287,
  1632.150,    -5.949480,    -0.002850,    -0.010172,
  1632.200,    -3.446379,    -0.749953,    -0.007549,
  1632.250,    -3.570744,    -0.775002,    -0.008715,
  1632.300,    -5.514792,    -0.086435,    -0.007392,
  1632.350,    -9.535896,     0.719788,    -0.004828,
  1632.400,   -15.126509,     0.976297,    -0.003956,
  1632.450,   -20.645215,     0.479779,    -0.005514,
  1632.500,   -24.475569,    -0.447088,    -0.007886,
  1632.550,   -25.741610,    -1.509570,    -0.010166,
  1632.600,   -23.919724,    -2.620741,    -0.004020,
  1632.650,   -19.148130,    -3.634282,    -0.006032,
  1632.700,   -12.906930,    -4.182021,    -0.009378,
  1632.750,    -7.187220,    -3.906807,    -0.009580,
  1632.800,    -3.165051,    -2.793900,    -0.009710,
  1632.850,    -1.012997,    -1.227206,    -0.007689,
  1632.900,    -0.753344,     0.409447,    -0.006981,
  1632.950,    -2.184579,     1.757836,    -0.012107,
  1633.000,    -4.534547,     2.638111,    -0.015301,
  1633.050,    -7.183874,     3.037544,    -0.011411,
  1633.100,    -9.589985,     2.807701,    -0.013032,
  1633.150,   -10.967150,     1.846147,    -0.011921,
  1633.200,   -10.742599,     0.418482,    -0.012677,
  1633.250,    -9.258926,    -0.781082,    -0.013908,
  1633.300,    -7.279948,    -1.114038,    -0.015430,
  1633.350,    -5.146348,    -0.548134,    -0.015886,
  1633.400,    -2.911861,     0.372960,    -0.013129,
  1633.450,    -1.233695,     1.093779,    -0.013991,
  1633.500,    -0.522462,     1.532629,    -0.010939,
  1633.550,    -0.244207,     1.931117,    -0.011303,
  1633.600,     0.005600,     2.205702,    -0.014071,
  1633.650,    -0.187493,     2.028786,    -0.012558,
  1633.700,    -1.024904,     1.294591,    -0.009832,
  1633.750,    -2.092506,     0.509281,    -0.009226,
  1633.800,    -2.980139,     0.259539,    -0.007926,
  1633.850,    -3.693573,     0.637703,    -0.006873,
  1633.900,    -4.150001,     1.288410,    -0.011797,
  1633.950,    -4.364680,     1.735328,    -0.009560,
  1634.000,    -4.616615,     2.004661,    -0.007160,
  1634.050,    -4.920323,     2.524687,    -0.008757,
  1634.100,    -5.061846,     3.538086,    -0.007820,
  1634.150,    -5.447500,     4.817174,    -0.011243,
  1634.200,    -6.783990,     5.771806,    -0.011753,
  1634.250,    -8.858498,     5.894634,    -0.005531,
  1634.300,   -10.887274,     5.019867,    -0.005827,
  1634.350,   -12.454733,     3.374413,    -0.010395,
  1634.400,   -13.565172,     1.468931,    -0.005195,
  1634.450,   -14.025784,    -0.234864,    -0.004229,
  1634.500,   -13.382786,    -1.331142,    -0.008132,
  1634.550,   -11.177881,    -1.620024,    -0.007150,
  1634.600,    -7.313334,    -1.193751,    -0.005797,
  1634.650,    -2.425188,    -0.221375,    -0.001001,
  1634.700,     2.427683,     0.944310,    -0.004572,
  1634.750,     6.353332,     1.802740,    -0.009143,
  1634.800,     8.776526,     2.103127,    -0.010181,
  1634.850,     9.523058,     1.980898,    -0.007235,
  1634.900,     8.802914,     1.834150,    -0.003131,
  1634.950,     7.042962,     1.554471,    -0.002834,
  1635.000,     4.692457,     0.849765,    -0.004654,
  1635.050,     2.425167,    -0.364628,    -0.008143,
  1635.100,     0.863351,    -1.647068,    -0.008087,
  1635.150,     0.274174,    -2.463542,    -0.009376,
  1635.200,     0.610613,    -2.393592,    -0.012983,
  1635.250,     1.468428,    -1.539666,    -0.009357,
  1635.300,     2.126080,    -0.367061,    -0.007255,
  1635.350,     2.130185,     0.786164,    -0.009196,
  1635.400,     1.675521,     1.800347,    -0.011741,
  1635.450,     1.130133,     2.567745,    -0.012305,
  1635.500,     0.484277,     2.857418,    -0.011551,
  1635.550,    -0.178854,     2.729597,    -0.008833,
  1635.600,    -0.623829,     2.507415,    -0.011453,
  1635.650,    -0.760570,     2.725166,    -0.009129,
  1635.700,    -0.616475,     3.536522,    -0.013249,
  1635.750,    -0.344932,     4.719953,    -0.010709,
  1635.800,    -0.129193,     5.978758,    -0.009253,
  1635.850,    -0.050400,     7.139484,    -0.015400,
  1635.900,     0.083219,     8.018270,    -0.012564,
  1635.950,     0.268056,     8.408722,    -0.011350,
  1636.000,     0.441801,     8.099335,    -0.013340,
  1636.050,     0.491419,     6.992960,    -0.008626,
  1636.100,     0.529773,     5.083596,    -0.009169,
  1636.150,     0.402046,     2.715300,    -0.011356,
  1636.200,    -0.089532,     0.553834,    -0.012545,
  1636.250,    -0.688831,    -0.974464,    -0.011930,
  1636.300,    -0.941048,    -1.866223,    -0.008260,
  1636.350,    -0.672848,    -2.360050,    -0.014816,
  1636.400,    -0.094260,    -2.625182,    -0.013942,
  1636.450,     0.329677,    -2.683920,    -0.009139,
  1636.500,     0.263647,    -2.569406,    -0.011600,
  1636.550,    -0.218337,    -2.462354,    -0.014362,
  1636.600,    -0.835390,    -2.381856,    -0.017582,
  1636.650,    -1.472728,    -2.249739,    -0.008495,
  1636.700,    -2.077730,    -1.943175,    -0.004762,
  1636.750,    -2.529031,    -1.563875,    -0.007728,
  1636.800,    -2.573553,    -1.173989,    -0.000767,
  1636.850,    -2.058076,    -0.740138,    -0.005893,
  1636.900,    -1.140009,    -0.124872,    -0.006977,
  1636.950,    -0.097078,     0.609759,    -0.003234,
  1637.000,     0.818540,     1.406203,     0.000369,
  1637.050,     1.473090,     2.317221,     0.003181,
  1637.100,     1.808160,     3.254949,    -0.000522,
  1637.150,     1.781417,     4.003688,    -0.006256,
  1637.200,     1.317601,     4.135708,    -0.001960,
  1637.250,     0.420711,     3.405202,    -0.000878,
  1637.300,    -0.536965,     1.985505,    -0.005207,
  1637.350,    -1.083578,     0.434592,     0.000361,
  1637.400,    -0.954486,    -0.822254,    -0.000326,
  1637.450,    -0.372572,    -1.575648,    -0.006381,
  1637.500,     0.227074,    -1.729813,    -0.005299,
  1637.550,     0.569598,    -1.255113,    -0.006409,
  1637.600,     0.795677,    -0.338612,    -0.007725,
  1637.650,     1.010599,     0.763632,    -0.007066,
  1637.700,     1.094368,     1.740224,    -0.009182,
  1637.750,     0.778431,     2.460679,    -0.003619,
  1637.800,     0.223712,     2.958997,    -0.005256,
  1637.850,    -0.121690,     3.299934,    -0.009948,
  1637.900,    -0.080307,     3.385711,    -0.007358,
  1637.950,     0.296921,     3.162409,    -0.009299,
  1638.000,     0.671036,     2.824086,    -0.013504,
  1638.050,     0.850673,     2.523193,    -0.015280,
  1638.100,     1.006568,     2.167881,    -0.018153,
  1638.150,     1.410195,     1.673464,    -0.011951,
  1638.200,     2.131749,     1.097867,    -0.009593,
  1638.250,     2.858090,     0.595649,    -0.014499,
  1638.300,     3.197066,     0.267708,    -0.010601,
  1638.350,     2.893009,     0.215812,    -0.013246,
  1638.400,     2.008042,     0.300757,    -0.013222,
  1638.450,     0.819050,     0.210374,    -0.009714,
  1638.500,    -0.370293,    -0.234144,    -0.013125,
  1638.550,    -1.220648,    -0.859218,    -0.014956,
  1638.600,    -1.573893,    -1.345800,    -0.015288,
  1638.650,    -1.427271,    -1.384178,    -0.012790,
  1638.700,    -0.893399,    -1.020408,    -0.016001,
  1638.750,    -0.103826,    -0.342018,    -0.015316,
  1638.800,     0.622431,     0.725234,    -0.008386,
  1638.850,     1.017206,     2.078701,    -0.013697,
  1638.900,     1.039859,     3.398893,    -0.017906,
  1638.950,     0.928452,     4.392974,    -0.018571,
  1639.000,     0.809901,     4.958612,    -0.012679,
  1639.050,     0.525972,     5.103479,    -0.009996,
  1639.100,    -0.087537,     4.824185,    -0.006869,
  1639.150,    -0.905593,     3.945542,    -0.014392,
  1639.200,    -1.643853,     2.410317,    -0.013752,
  1639.250,    -1.958464,     0.343592,    -0.012355,
  1639.300,    -1.702231,    -1.854028,    -0.009535,
  1639.350,    -1.174332,    -3.661547,    -0.011775,
  1639.400,    -0.685368,    -4.850082,    -0.006108,
  1639.450,    -0.385777,    -5.255514,    -0.004365,
  1639.500,    -0.212846,    -4.758078,    -0.005258,
  1639.550,    -0.241284,    -3.317165,    -0.010173,
  1639.600,    -0.429470,    -1.240698,    -0.006153,
  1639.650,    -0.553744,     1.045305,    -0.008792,
  1639.700,    -0.272524,     2.943423,    -0.009048,
  1639.750,     0.655573,     4.244858,    -0.007878,
  1639.800,     2.141370,     5.100088,    -0.006025,
  1639.850,     3.723297,     5.546860,    -0.001747,
  1639.900,     5.069451,     5.334418,    -0.003026,
  1639.950,     6.009985,     4.304736,    -0.002670,
  1640.000,     6.363514,     2.511987,    -0.002615,
  1640.050,     6.047804,     0.352506,    -0.004120,
  1640.100,     5.063424,    -1.575325,    -0.004511,
  1640.150,     3.469392,    -2.746470,    -0.004703,
  1640.200,     1.480891,    -3.031769,     0.002819,
  1640.250,    -0.466660,    -2.697153,    -0.000647,
  1640.300,    -1.929041,    -2.044046,    -0.006483,
  1640.350,    -2.690225,    -1.309203,    -0.009161,
  1640.400,    -2.940762,    -0.531349,    -0.006296,
  1640.450,    -2.915731,     0.062713,    -0.009815,
  1640.500,    -2.746671,     0.293488,    -0.010751,
  1640.550,    -2.431073,     0.269254,    -0.012743,
  1640.600,    -2.054762,     0.404838,    -0.013400,
  1640.650,    -1.706712,     1.032106,    -0.008108,
  1640.700,    -1.466858,     2.062719,    -0.011828,
  1640.750,    -1.208561,     3.106748,    -0.013438,
  1640.800,    -0.916259,     3.840306,    -0.008190,
  1640.850,    -0.636689,     4.170689,    -0.006985,
  1640.900,    -0.357441,     4.128747,    -0.007182,
  1640.950,    -0.012418,     3.825790,    -0.014119,
  1641.000,     0.429507,     3.105605,    -0.013716,
  1641.050,     0.955472,     1.919317,    -0.011835,
  1641.100,     1.512999,     0.499471,    -0.016528,
  1641.150,     2.162335,    -0.655401,    -0.010677,
  1641.200,     2.787304,    -1.180790,    -0.010455,
  1641.250,     3.176092,    -0.932680,    -0.013351,
  1641.300,     3.061317,     0.065962,    -0.010462,
  1641.350,     2.417781,     1.640657,    -0.016122,
  1641.400,     1.499221,     3.587384,    -0.021596,
  1641.450,     0.722548,     5.627009,    -0.011183,
  1641.500,     0.200001,     7.283995,    -0.011187,
  1641.550,     0.071561,     7.929273,    -0.013166,
  1641.600,     0.403028,     7.229707,    -0.008491,
  1641.650,     1.098670,     5.437746,    -0.012196,
  1641.700,     2.004174,     3.255428,    -0.013708,
  1641.750,     2.976978,     1.287893,    -0.008351,
  1641.800,     3.786713,    -0.430065,    -0.005017,
  1641.850,     4.490260,    -1.912394,    -0.014686,
  1641.900,     5.112847,    -2.921142,    -0.009419,
  1641.950,     5.692570,    -3.164518,    -0.003962,
  1642.000,     6.145744,    -2.711609,    -0.013216,
  1642.050,     6.521536,    -2.023525,    -0.006985,
  1642.100,     7.007146,    -1.612473,    -0.000810,
  1642.150,     7.642570,    -1.626222,    -0.007223,
  1642.200,     8.356932,    -1.895577,    -0.009722,
  1642.250,     9.096123,    -2.231396,    -0.008903,
  1642.300,     9.898683,    -2.317654,    -0.006241,
  1642.350,    10.802719,    -1.902629,    -0.006668,
  1642.400,    11.758188,    -0.786280,    -0.008349,
  1642.450,    12.485092,     1.129492,    -0.005614,
  1642.500,    12.501526,     3.499094,     0.000630,
  1642.550,    11.098708,     5.749574,    -0.002348,
  1642.600,     7.523899,     7.199591,    -0.009789,
  1642.650,     1.181466,     7.364164,    -0.002237,
  1642.700,    -8.479019,     6.108811,     0.003391,
  1642.750,   -22.001823,     3.760737,    -0.002050,
  1642.800,   -39.363089,     1.035424,    -0.006417,
  1642.850,   -59.313407,    -1.500944,    -0.003670,
  1642.900,   -79.186931,    -3.580921,    -0.001843,
  1642.950,   -95.041111,    -5.075783,    -0.003578,
  1643.000,  -102.275686,    -5.654107,    -0.010426,
  1643.050,   -96.950737,    -4.892246,    -0.013302,
  1643.100,   -77.213298,    -2.572867,    -0.007762,
  1643.150,   -44.786601,     0.931624,    -0.004900,
  1643.200,    -4.943852,     4.734468,    -0.006893,
  1643.250,    34.970536,     7.863014,    -0.008257,
  1643.300,    68.043402,     9.581584,    -0.010187,
  1643.350,    89.888499,     9.571676,    -0.008428,
  1643.400,    99.170140,     7.899424,    -0.011773,
  1643.450,    96.754587,     4.949290,    -0.009987,
  1643.500,    84.710085,     1.389123,    -0.011962,
  1643.550,    66.192777,    -1.934049,    -0.016630,
  1643.600,    45.123674,    -4.311451,    -0.019474,
  1643.650,    25.472959,    -5.354010,    -0.016679,
  1643.700,     9.905326,    -5.268690,    -0.014236,
  1643.750,    -1.183514,    -4.557273,    -0.010031,
  1643.800,    -8.732660,    -3.695180,    -0.008815,
  1643.850,   -13.350752,    -2.738433,    -0.012828,
  1643.900,   -14.837658,    -1.598857,    -0.011056,
  1643.950,   -13.148713,    -0.426964,    -0.011637,
  1644.000,    -9.631193,     0.606600,    -0.008231,
  1644.050,    -6.429778,     1.409146,    -0.009198,
  1644.100,    -4.894308,     2.057791,    -0.006315,
  1644.150,    -4.821346,     2.602047,    -0.008108,
  1644.200,    -5.252093,     3.052287,    -0.006180,
  1644.250,    -5.721163,     3.248419,    -0.007792,
  1644.300,    -6.233518,     3.271796,    -0.008520,
  1644.350,    -6.800475,     3.133470,    -0.010870,
  1644.400,    -7.103393,     2.880073,    -0.009987,
  1644.450,    -6.858386,     2.369453,    -0.012553,
  1644.500,    -5.962279,     1.468208,    -0.011400,
  1644.550,    -4.502516,     0.140516,    -0.006043,
  1644.600,    -2.798304,    -1.456805,    -0.014242,
  1644.650,    -1.086054,    -3.080571,    -0.009371,
  1644.700,     0.460778,    -4.479910,    -0.006595,
  1644.750,     1.709411,    -5.262017,    -0.011988,
  1644.800,     2.528608,    -5.094079,    -0.012514,
  1644.850,     2.772145,    -3.856473,    -0.005514,
  1644.900,     2.413521,    -1.698483,    -0.009743,
  1644.950,     1.647437,     0.847717,    -0.010438,
  1645.000,     0.757084,     3.351845,    -0.007900,
  1645.050,    -0.079400,     5.478878,    -0.011829,
  1645.100,    -0.876955,     6.879348,    -0.011034,
  1645.150,    -1.487024,     7.193092,    -0.011836,
  1645.200,    -1.794729,     6.209300,    -0.010248,
  1645.250,    -1.777325,     4.192611,    -0.012147,
  1645.300,    -1.292236,     1.729110,    -0.011571,
  1645.350,    -0.360544,    -0.502945,    -0.008088,
  1645.400,     0.763121,    -2.066343,    -0.016166,
  1645.450,     1.885199,    -2.800311,    -0.016513,
  1645.500,     3.095896,    -2.672023,    -0.012209,
  1645.550,     4.186374,    -1.756019,    -0.006911,
  1645.600,     4.668228,    -0.414681,    -0.005972,
  1645.650,     4.265720,     0.885057,    -0.007156,
  1645.700,     3.021051,     1.681047,    -0.009036,
  1645.750,     1.386175,     1.914041,    -0.009470,
  1645.800,    -0.141518,     1.801556,    -0.008277,
  1645.850,    -1.280940,     1.604196,    -0.005940,
  1645.900,    -2.196459,     1.597945,    -0.006351,
  1645.950,    -2.954348,     1.796716,    -0.007368,
  1646.000,    -3.297405,     2.086455,    -0.005004,
  1646.050,    -3.077894,     2.404416,    -0.004806,
  1646.100,    -2.664359,     2.883028,    -0.010679,
  1646.150,    -2.557478,     3.470125,    -0.013322,
  1646.200,    -2.858218,     3.800494,    -0.004339,
  1646.250,    -3.339604,     3.519708,    -0.010329,
  1646.300,    -3.760099,     2.324408,    -0.010899,
  1646.350,    -3.989163,     0.377733,    -0.003456,
  1646.400,    -3.776919,    -1.639211,    -0.006646,
  1646.450,    -2.880806,    -3.273408,    -0.002223,
  1646.500,    -1.219304,    -4.368732,    -0.001799,
  1646.550,     1.165551,    -4.902630,    -0.008662,
  1646.600,     3.723415,    -4.539004,    -0.008348,
  1646.650,     5.806170,    -2.895854,    -0.004701,
  1646.700,     6.863380,    -0.051166,    -0.007536,
  1646.750,     6.542401,     3.371334,    -0.009809,
  1646.800,     5.021012,     6.374152,    -0.010663,
  1646.850,     2.771216,     8.159886,    -0.007676,
  1646.900,     0.378973,     8.407146,    -0.007731,
  1646.950,    -1.687200,     7.260378,    -0.006855,
  1647.000,    -3.257633,     5.100806,    -0.012463,
  1647.050,    -4.101228,     2.369490,    -0.014194,
  1647.100,    -3.952758,    -0.467867,    -0.010643,
  1647.150,    -2.636730,    -2.881076,    -0.013366,
  1647.200,    -0.359179,    -4.160517,    -0.007822,
  1647.250,     2.197329,    -4.009448,    -0.007953,
  1647.300,     4.341562,    -2.728079,    -0.013681,
  1647.350,     5.617610,    -0.931201,    -0.015951,
  1647.400,     5.821668,     0.907262,    -0.008975,
  1647.450,     4.937444,     2.466837,    -0.011834,
  1647.500,     3.139081,     3.419829,    -0.010809,
  1647.550,     0.900083,     3.613173,    -0.009157,
  1647.600,    -1.315484,     2.940241,    -0.013806,
  1647.650,    -3.005927,     1.733533,    -0.007429,
  1647.700,    -3.830914,     0.600073,    -0.007519,
  1647.750,    -3.839025,     0.106117,    -0.013080,
  1647.800,    -3.326922,     0.398465,    -0.013316,
  1647.850,    -2.641888,     1.138148,    -0.015054,
  1647.900,    -1.891880,     1.833618,    -0.013428,
  1647.950,    -1.181831,     2.254569,    -0.014727,
  1648.000,    -0.410886,     2.366573,    -0.012182,
  1648.050,     0.314386,     2.160168,    -0.010765,
  1648.100,     0.767012,     1.678289,    -0.007074,
  1648.150,     1.014811,     1.088022,    -0.012049,
  1648.200,     1.199379,     0.468325,    -0.011270,
  1648.250,     1.431946,    -0.085080,    -0.012688,
  1648.300,     1.687511,    -0.424321,    -0.010085,
  1648.350,     1.847458,    -0.445310,    -0.005592,
  1648.400,     1.802275,    -0.052121,    -0.007347,
  1648.450,     1.572120,     0.676347,    -0.011414,
  1648.500,     1.171543,     1.592305,    -0.008219,
  1648.550,     0.552982,     2.568017,    -0.003377,
  1648.600,    -0.280995,     3.345554,    -0.007982,
  1648.650,    -1.308748,     3.660376,    -0.007863,
  1648.700,    -2.338853,     3.156357,    -0.005201,
  1648.750,    -3.177169,     1.812877,    -0.009093,
  1648.800,    -3.580247,     0.100915,    -0.007568,
  1648.850,    -3.426414,    -1.311793,    -0.010075,
  1648.900,    -2.636380,    -1.930688,    -0.006644,
  1648.950,    -1.252992,    -1.794235,    -0.006653,
  1649.000,     0.406787,    -1.199253,    -0.006344,
  1649.050,     2.003294,    -0.342031,    -0.001475,
  1649.100,     3.317664,     0.771827,    -0.008989,
  1649.150,     4.153681,     1.928787,    -0.003128,
  1649.200,     4.289431,     2.813558,    -0.003903,
  1649.250,     3.715113,     3.133130,    -0.005925,
  1649.300,     2.534043,     2.861016,    -0.001245,
  1649.350,     1.099285,     2.236333,    -0.007198,
  1649.400,    -0.267490,     1.521251,    -0.009846,
  1649.450,    -1.323866,     0.906289,    -0.010351,
  1649.500,    -1.883419,     0.542241,    -0.009588,
  1649.550,    -1.926142,     0.529363,    -0.006881,
  1649.600,    -1.452510,     0.919639,    -0.007286,
  1649.650,    -0.624003,     1.593277,    -0.014323,
  1649.700,     0.149744,     2.286626,    -0.009934,
  1649.750,     0.672445,     2.769640,    -0.008806,
  1649.800,     0.945132,     2.829136,    -0.012476,
  1649.850,     0.989137,     2.390700,    -0.010548,
  1649.900,     0.904789,     1.623867,    -0.011520,
  1649.950,     0.875877,     0.734181,    -0.012454,
  1650.000,     0.968211,     0.053056,    -0.012151,
  1650.050,     1.159766,    -0.300182,    -0.016611,
  1650.100,     1.414986,    -0.330311,    -0.012416,
  1650.150,     1.795571,     0.160527,    -0.013208,
  1650.200,     2.228059,     1.115636,    -0.014224,
  1650.250,     2.515138,     2.248310,    -0.012173,
  1650.300,     2.406237,     3.317872,    -0.011641,
  1650.350,     1.636287,     4.218050,    -0.012677,
  1650.400,     0.300551,     4.802698,    -0.017148,
  1650.450,    -1.265683,     4.799560,    -0.010380,
  1650.500,    -2.543466,     3.937437,    -0.013762,
  1650.550,    -3.291105,     2.234988,    -0.015233,
  1650.600,    -3.563627,     0.093360,    -0.011600,
  1650.650,    -3.339835,    -1.962899,    -0.010950,
  1650.700,    -2.414669,    -3.475688,    -0.016580,
  1650.750,    -0.766822,    -4.036231,    -0.011084,
  1650.800,     1.366619,    -3.473809,    -0.012087,
  1650.850,     3.376273,    -1.886582,    -0.013933,
  1650.900,     4.768688,     0.126319,    -0.018587,
  1650.950,     5.205702,     1.818449,    -0.015785,
  1651.000,     4.618355,     2.693813,    -0.010756,
  1651.050,     3.210929,     2.733047,    -0.013591,
  1651.100,     1.362855,     2.152289,    -0.010353,
  1651.150,    -0.570471,     1.258361,    -0.008811,
  1651.200,    -2.261680,     0.158188,    -0.011780,
  1651.250,    -3.234084,    -0.942973,    -0.010912,
  1651.300,    -3.323515,    -1.804075,    -0.007643,
  1651.350,    -2.543281,    -2.231281,    -0.007728,
  1651.400,    -1.332735,    -2.134919,    -0.010832,
  1651.450,    -0.060959,    -1.592647,    -0.006992,
  1651.500,     1.020734,    -0.586536,    -0.006092,
  1651.550,     1.730557,     0.569924,    -0.004136,
  1651.600,     2.047855,     1.485851,    -0.007807,
  1651.650,     1.934617,     1.863712,    -0.010525,
  1651.700,     1.527594,     1.731539,    -0.008109,
  1651.750,     0.995878,     1.275343,    -0.009041,
  1651.800,     0.767071,     0.735871,    -0.004873,
  1651.850,     1.006972,     0.323951,    -0.005677,
  1651.900,     1.483121,     0.344839,    -0.007397,
  1651.950,     1.935421,     0.881324,    -0.009952,
  1652.000,     2.067690,     1.640736,    -0.005916,
  1652.050,     1.852243,     2.277143,    -0.005283,
  1652.100,     1.347703,     2.580827,    -0.006720,
  1652.150,     0.630017,     2.568938,    -0.006410,
  1652.200,    -0.156018,     2.170394,    -0.008182,
  1652.250,    -0.768556,     1.352140,    -0.007797,
  1652.300,    -1.143492,     0.204674,    -0.007823,
  1652.350,    -1.357189,    -0.882404,    -0.010724,
  1652.400,    -1.363780,    -1.414204,    -0.013081,
  1652.450,    -1.087428,    -1.075575,    -0.013732,
  1652.500,    -0.543369,     0.051595,    -0.013158,
  1652.550,     0.115629,     1.459865,    -0.012399,
  1652.600,     0.809705,     2.605237,    -0.013572,
  1652.650,     1.452741,     3.283422,    -0.006801,
  1652.700,     1.859434,     3.466495,    -0.009628,
  1652.750,     1.845076,     3.142623,    -0.018071,
  1652.800,     1.276782,     2.283277,    -0.015323,
  1652.850,     0.266606,     0.979266,    -0.010268,
  1652.900,    -0.722548,    -0.404800,    -0.011992,
  1652.950,    -1.247195,    -1.550247,    -0.012258,
  1653.000,    -1.195482,    -2.182721,    -0.012572,
  1653.050,    -0.765168,    -2.153554,    -0.016228,
  1653.100,    -0.112456,    -1.634214,    -0.016291,
  1653.150,     0.630589,    -0.797085,    -0.012393,
  1653.200,     1.380834,     0.248118,    -0.017751,
  1653.250,     1.934413,     1.459119,    -0.014840,
  1653.300,     2.072975,     2.663853,    -0.015389,
  1653.350,     1.757072,     3.522087,    -0.015651,
  1653.400,     1.245198,     3.822955,    -0.017025,
  1653.450,     0.684551,     3.637938,    -0.009835,
  1653.500,     0.269927,     3.161850,    -0.007548,
  1653.550,     0.076386,     2.520111,    -0.008274,
  1653.600,     0.189543,     1.814874,    -0.014309,
  1653.650,     0.564474,     1.234400,    -0.009295,
  1653.700,     1.122835,     0.964248,    -0.007709,
  1653.750,     1.749235,     1.153447,    -0.009395,
  1653.800,     2.249493,     1.694563,    -0.011033,
  1653.850,     2.516979,     2.303654,    -0.009558,
  1653.900,     2.439990,     2.495366,    -0.009689,
  1653.950,     2.082165,     2.154924,    -0.014566,
  1654.000,     1.586261,     1.370564,    -0.009756,
  1654.050,     1.146763,     0.382061,    -0.012451,
  1654.100,     0.937751,    -0.531363,    -0.005700,
  1654.150,     0.990222,    -1.062805,    -0.005618,
  1654.200,     1.281780,    -1.035515,    -0.008959,
  1654.250,     1.896676,    -0.385731,    -0.009752,
  1654.300,     2.773197,     0.691815,    -0.008847,
  1654.350,     3.629910,     1.933382,    -0.003135,
  1654.400,     4.294575,     3.167818,    -0.002122,
  1654.450,     4.565280,     4.040509,    -0.006326,
  1654.500,     4.143218,     4.375167,    -0.005935,
  1654.550,     2.697467,     4.107046,    -0.006285,
  1654.600,     0.045330,     3.441271,    -0.005915,
  1654.650,    -3.767782,     2.591825,    -0.008553,
  1654.700,    -8.473012,     1.536290,    -0.004271,
  1654.750,   -13.596237,     0.339489,    -0.009891,
  1654.800,   -18.417775,    -0.839023,    -0.007757,
  1654.850,   -21.964860,    -1.675263,    -0.012027,
  1654.900,   -23.182337,    -1.996982,    -0.012987,
  1654.950,   -21.351835,    -1.820432,    -0.010153,
  1655.000,   -16.280189,    -1.270407,    -0.007980,
  1655.050,    -8.477389,    -0.493290,    -0.008803,
  1655.100,     0.951516,     0.607018,    -0.009071,
  1655.150,    10.419620,     1.841395,    -0.007655,
  1655.200,    18.255731,     2.976855,    -0.012732,
  1655.250,    23.117687,     3.762788,    -0.014698,
  1655.300,    24.526412,     4.141734,    -0.018385,
  1655.350,    22.825359,     4.145293,    -0.014873,
  1655.400,    18.817430,     3.864822,    -0.009070,
  1655.450,    13.465973,     3.244388,    -0.006559,
  1655.500,     7.751355,     2.195073,    -0.007065,
  1655.550,     2.649846,     0.900733,    -0.007377,
  1655.600,    -1.041451,    -0.429988,    -0.011562,
  1655.650,    -3.223238,    -1.408666,    -0.009171,
  1655.700,    -4.388443,    -1.807847,    -0.008181,
  1655.750,    -5.009864,    -1.769096,    -0.011700,
  1655.800,    -5.211068,    -1.473016,    -0.013905,
  1655.850,    -4.848633,    -1.085380,    -0.009625,
  1655.900,    -3.886551,    -0.577102,    -0.006358,
  1655.950,    -2.622035,     0.080463,    -0.006659,
  1656.000,    -1.417695,     0.942668,    -0.005804,
  1656.050,    -0.566201,     1.876642,    -0.008394,
  1656.100,    -0.085724,     2.847501,    -0.007019,
  1656.150,     0.141021,     3.721898,    -0.007106,
  1656.200,     0.139920,     4.248206,    -0.007311,
  1656.250,    -0.098751,     4.202214,    -0.009764,
  1656.300,    -0.573410,     3.353246,    -0.007609,
  1656.350,    -1.187617,     1.916903,    -0.002971,
  1656.400,    -1.737882,     0.319465,    -0.013071,
  1656.450,    -1.952544,    -1.015867,    -0.007524,
  1656.500,    -1.599706,    -1.926385,    -0.009201,
  1656.550,    -0.650551,    -2.433142,    -0.010341,
  1656.600,     0.605608,    -2.618615,    -0.010116,
  1656.650,     1.730087,    -2.587156,    -0.010662,
  1656.700,     2.490323,    -2.401076,    -0.006520,
  1656.750,     2.778358,    -2.161640,    -0.005426,
  1656.800,     2.570403,    -1.677688,    -0.009212,
  1656.850,     1.935947,    -0.860168,    -0.008796,
  1656.900,     0.955931,     0.249309,    -0.013487,
  1656.950,    -0.175829,     1.487038,    -0.013770,
  1657.000,    -1.200278,     2.530050,    -0.011007,
  1657.050,    -1.942027,     3.091155,    -0.008648,
  1657.100,    -2.155990,     3.094993,    -0.009885,
  1657.150,    -1.911399,     2.552871,    -0.007358,
  1657.200,    -1.331786,     1.766720,    -0.010497,
  1657.250,    -0.512723,     0.884781,    -0.013081,
  1657.300,     0.454975,     0.133546,    -0.013975,
  1657.350,     1.496222,    -0.366438,    -0.010578,
  1657.400,     2.392909,    -0.600281,    -0.007748,
  1657.450,     2.949282,    -0.555912,    -0.012837,
  1657.500,     3.083294,    -0.281646,    -0.008602,
  1657.550,     2.751909,     0.095342,    -0.004678,
  1657.600,     2.100908,     0.421960,    -0.009699,
  1657.650,     1.220531,     0.527875,    -0.006483,
  1657.700,     0.361704,     0.364514,    -0.008437,
  1657.750,    -0.256262,     0.217246,    -0.010249,
  1657.800,    -0.502156,     0.330583,    -0.010710,
  1657.850,    -0.369401,     0.759865,    -0.005416,
  1657.900,    -0.029253,     1.271932,    -0.009525,
  1657.950,     0.335455,     1.754661,    -0.004726,
  1658.000,     0.450865,     2.053071,    -0.002903,
  1658.050,     0.209288,     2.051475,    -0.008640,
  1658.100,    -0.346124,     1.749968,    -0.008913,
  1658.150,    -1.028443,     1.257728,    -0.003631,
  1658.200,    -1.579485,     0.738166,    -0.007045,
  1658.250,    -1.767880,     0.284834,    -0.012459,
  1658.300,    -1.487474,    -0.112484,    -0.011939,
  1658.350,    -0.793784,    -0.434638,    -0.004937,
  1658.400,     0.290361,    -0.599247,    -0.004423,
  1658.450,     1.551868,    -0.513607,    -0.008050,
  1658.500,     2.800392,    -0.238587,    -0.007616,
  1658.550,     3.680606,     0.133237,    -0.013837,
  1658.600,     3.963750,     0.732043,    -0.010807,
  1658.650,     3.597028,     1.685146,    -0.010763,
  1658.700,     2.740918,     3.120261,    -0.009833,
  1658.750,     1.580164,     4.878546,    -0.009272,
  1658.800,     0.202091,     6.469332,    -0.010215,
  1658.850,    -1.121553,     7.482532,    -0.010788,
  1658.900,    -2.159270,     7.620730,    -0.009629,
  1658.950,    -2.727366,     6.938656,    -0.008202,
  1659.000,    -2.698550,     5.741972,    -0.010375,
  1659.050,    -2.119757,     4.359323,    -0.010468,
  1659.100,    -1.168323,     2.981788,    -0.007760,
  1659.150,     0.117017,     1.775527,    -0.009505,
  1659.200,     1.470136,     0.980509,    -0.009232,
  1659.250,     2.623486,     0.699717,    -0.011476,
  1659.300,     3.311576,     0.885243,    -0.013841,
  1659.350,     3.481473,     1.351445,    -0.018010,
  1659.400,     3.084060,     1.931611,    -0.012453,
  1659.450,     2.396239,     2.507167,    -0.017075,
  1659.500,     1.472073,     3.134061,    -0.009684,
  1659.550,     0.429465,     3.689834,    -0.010745,
  1659.600,    -0.607729,     3.875714,    -0.014718,
  1659.650,    -1.479718,     3.622396,    -0.012102,
  1659.700,    -2.036295,     3.076737,    -0.009981,
  1659.750,    -2.174302,     2.395314,    -0.008916,
  1659.800,    -1.938286,     1.571273,    -0.009700,
  1659.850,    -1.512070,     0.503013,    -0.006465,
  1659.900,    -1.057724,    -0.738879,    -0.004419,
  1659.950,    -0.547465,    -1.913048,    -0.006468,
  1660.000,    -0.028287,    -2.798245,    -0.008307,
  1660.050,     0.502480,    -3.224781,    -0.003114,
  1660.100,     1.051968,    -3.221053,    -0.003746,
  1660.150,     1.647304,    -2.804620,    -0.004171,
  1660.200,     2.220773,    -2.148245,    -0.004075,
  1660.250,     2.649814,    -1.410656,    -0.000243,
  1660.300,     2.750518,    -0.797256,     0.000812,
  1660.350,     2.354341,    -0.388298,     0.000501,
  1660.400,     1.484874,    -0.171309,     0.000095,
  1660.450,     0.336822,    -0.143347,    -0.000044,
  1660.500,    -0.803220,    -0.234229,    -0.002228,
  1660.550,    -1.659560,    -0.228577,    -0.003088,
  1660.600,    -2.216417,     0.068801,    -0.006308,
  1660.650,    -2.567414,     0.701912,    -0.007726,
  1660.700,    -2.651742,     1.453997,    -0.005896,
  1660.750,    -2.490926,     1.984452,    -0.008665,
  1660.800,    -2.133365,     2.009002,    -0.003619,
  1660.850,    -1.601001,     1.682645,    -0.006556,
  1660.900,    -0.785392,     1.189318,    -0.014247,
  1660.950,     0.259100,     0.793602,    -0.008544,
  1661.000,     1.354056,     0.557561,    -0.015531,
  1661.050,     2.283662,     0.544060,    -0.017620,
  1661.100,     2.817043,     0.916237,    -0.011985,
  1661.150,     2.820953,     1.670847,    -0.014737,
  1661.200,     2.282782,     2.608497,    -0.018460,
  1661.250,     1.377779,     3.331257,    -0.017738,
  1661.300,     0.424820,     3.644647,    -0.012178,
  1661.350,    -0.415398,     3.527449,    -0.015689,
  1661.400,    -0.994967,     3.179844,    -0.018127,
  1661.450,    -1.224775,     2.787319,    -0.015692,
  1661.500,    -1.135521,     2.367567,    -0.021014,
  1661.550,    -0.804393,     1.812792,    -0.020128,
  1661.600,    -0.308079,     1.181724,    -0.012236,
  1661.650,     0.134284,     0.711117,    -0.016899,
  1661.700,     0.404946,     0.530947,    -0.011587,
  1661.750,     0.397980,     0.488361,    -0.014699,
  1661.800,     0.226207,     0.321276,    -0.013301,
  1661.850,     0.157216,    -0.099044,    -0.010400,
  1661.900,     0.293442,    -0.638216,    -0.011956,
  1661.950,     0.624253,    -1.168492,    -0.016435,
  1662.000,     1.011064,    -1.642323,    -0.004520,
  1662.050,     1.300160,    -2.128541,    -0.006005,
  1662.100,     1.469135,    -2.609287,    -0.009130,
  1662.150,     1.446604,    -2.854005,    -0.010122,
  1662.200,     1.147983,    -2.758244,    -0.001738,
  1662.250,     0.703653,    -2.142191,     0.001813,
  1662.300,     0.144938,    -1.104436,    -0.006369,
  1662.350,    -0.479888,     0.149055,    -0.000682,
  1662.400,    -1.013082,     1.298726,     0.002363,
  1662.450,    -1.370823,     2.152069,    -0.004072,
  1662.500,    -1.454890,     2.652522,    -0.002481,
  1662.550,    -1.249118,     2.712479,    -0.003847,
  1662.600,    -0.823222,     2.335582,    -0.001269,
  1662.650,    -0.171945,     1.505367,    -0.000694,
  1662.700,     0.758603,     0.331977,    -0.004648,
  1662.750,     2.001035,    -0.850503,    -0.002061,
  1662.800,     3.382288,    -1.663087,    -0.006868,
  1662.850,     4.602304,    -1.851653,    -0.004471,
  1662.900,     5.280775,    -1.462013,    -0.002111,
  1662.950,     5.225820,    -0.657694,    -0.007640,
  1663.000,     4.451167,     0.470056,    -0.008192,
  1663.050,     3.201148,     1.611680,    -0.008370,
  1663.100,     1.828540,     2.417804,    -0.010469,
  1663.150,     0.615263,     2.618604,    -0.009110,
  1663.200,    -0.289905,     2.236875,    -0.012121,
  1663.250,    -0.730089,     1.566728,    -0.008302,
  1663.300,    -0.698522,     0.909070,    -0.013721,
  1663.350,    -0.281935,     0.335290,    -0.019954,
  1663.400,     0.331653,    -0.128584,    -0.018515,
  1663.450,     0.942110,    -0.489109,    -0.019553,
  1663.500,     1.413389,    -0.683536,    -0.018465,
  1663.550,     1.783733,    -0.652590,    -0.017721,
  1663.600,     2.054856,    -0.385626,    -0.020190,
  1663.650,     2.145613,    -0.017839,    -0.012404,
  1663.700,     1.964140,     0.444444,    -0.021535,
  1663.750,     1.625940,     0.892524,    -0.024685,
  1663.800,     1.298275,     1.193859,    -0.016580,
  1663.850,     0.951504,     1.264822,    -0.017711,
  1663.900,     0.473793,     1.118718,    -0.015769,
  1663.950,    -0.202652,     0.847465,    -0.018236,
  1664.000,    -1.058161,     0.643507,    -0.013487,
  1664.050,    -1.795385,     0.751317,    -0.011718,
  1664.100,    -2.351500,     1.032894,    -0.011318,
  1664.150,    -2.535411,     1.532328,    -0.013861,
  1664.200,    -2.415931,     2.102100,    -0.008344,
  1664.250,    -2.030390,     2.741598,    -0.011546,
  1664.300,    -1.518533,     3.404021,    -0.010849,
  1664.350,    -0.998974,     3.894127,    -0.007588,
  1664.400,    -0.526106,     4.234944,    -0.009657,
  1664.450,    -0.153964,     4.445565,    -0.008127,
  1664.500,     0.066606,     4.695064,    -0.005348,
  1664.550,     0.190320,     4.922722,    -0.005258,
  1664.600,     0.248737,     5.032285,    -0.001942,
  1664.650,     0.333100,     5.117767,    -0.001438,
  1664.700,     0.541132,     5.328032,     0.005263,
  1664.750,     0.779616,     5.959065,     0.001819,
  1664.800,     0.929577,     6.803674,    -0.000918,
  1664.850,     0.869914,     7.490072,     0.002059,
  1664.900,     0.658349,     7.701104,    -0.002465,
  1664.950,     0.427824,     7.466733,    -0.006151,
  1665.000,     0.255895,     7.052562,     0.000945,
  1665.050,     0.203702,     6.525639,    -0.000423,
  1665.100,     0.310327,     5.904659,    -0.002871,
  1665.150,     0.567487,     5.249139,    -0.006828,
  1665.200,     1.001325,     4.756499,    -0.008994,
  1665.250,     1.530788,     4.576828,    -0.007470,
  1665.300,     1.931499,     4.564673,    -0.006007,
  1665.350,     2.082630,     4.464241,    -0.003636,
  1665.400,     1.904739,     4.136214,    -0.007953,
  1665.450,     1.601902,     3.484737,    -0.010268,
  1665.500,     1.321231,     2.536612,    -0.013448,
  1665.550,     1.119829,     1.379757,    -0.009804,
  1665.600,     0.918030,     0.066283,    -0.011636,
  1665.650,     0.688537,    -1.190168,    -0.009546,
  1665.700,     0.456460,    -2.290469,    -0.013310,
  1665.750,     0.371732,    -3.057807,    -0.008966,
  1665.800,     0.375234,    -3.343942,    -0.016613,
  1665.850,     0.314918,    -3.233995,    -0.018600,
  1665.900,     0.036914,    -2.801798,    -0.018909,
  1665.950,    -0.394582,    -2.240085,    -0.015648,
  1666.000,    -0.796437,    -1.840208,    -0.017586,
  1666.050,    -1.091807,    -1.816641,    -0.017342,
  1666.100,    -1.311746,    -2.159055,    -0.015483,
  1666.150,    -1.429383,    -2.810039,    -0.016250,
  1666.200,    -1.418567,    -3.625061,    -0.014450,
  1666.250,    -1.235818,    -4.496968,    -0.018423,
  1666.300,    -0.782170,    -5.200080,    -0.017545,
  1666.350,    -0.144764,    -5.598534,    -0.012907,
  1666.400,     0.608194,    -5.491304,    -0.011289,
  1666.450,     1.152760,    -4.919563,    -0.010365,
  1666.500,     1.273818,    -4.049773,    -0.012669,
  1666.550,     0.883466,    -3.068452,    -0.011567,
  1666.600,     0.036921,    -2.156278,    -0.014265,
  1666.650,    -1.196350,    -1.446474,    -0.009034,
  1666.700,    -2.708084,    -1.194588,    -0.008609,
  1666.750,    -4.234843,    -1.559614,    -0.007815,
  1666.800,    -5.417912,    -2.610727,    -0.004771,
  1666.850,    -5.788631,    -4.017934,    -0.006041,
  1666.900,    -5.074755,    -5.278189,    -0.010477,
  1666.950,    -3.285967,    -5.879807,    -0.005765,
  1667.000,    -0.647355,    -5.673035,    -0.002211,
  1667.050,     2.292902,    -4.734952,    -0.001340,
  1667.100,     5.005842,    -3.323569,    -0.003900,
  1667.150,     6.944900,    -1.801270,    -0.005604,
  1667.200,     7.645832,    -0.609589,    -0.000214,
  1667.250,     7.049006,     0.036913,     0.000086,
  1667.300,     5.509107,     0.033841,     0.000496,
  1667.350,     3.550919,    -0.348014,    -0.010458,
  1667.400,     1.544200,    -0.789643,    -0.005032,
  1667.450,    -0.192635,    -0.890134,    -0.006739,
  1667.500,    -1.518380,    -0.600818,    -0.006885,
  1667.550,    -2.259931,    -0.031359,    -0.004707,
  1667.600,    -2.463647,     0.591116,    -0.009954,
  1667.650,    -2.312232,     1.222721,    -0.006240,
  1667.700,    -1.953761,     1.755580,    -0.009291,
  1667.750,    -1.478108,     2.199291,    -0.009845,
  1667.800,    -0.894434,     2.543486,    -0.007316,
  1667.850,    -0.246574,     2.887557,    -0.008999,
  1667.900,     0.274510,     3.308350,    -0.009212,
  1667.950,     0.521117,     3.920214,    -0.009304,
  1668.000,     0.537543,     4.728247,    -0.013234,
  1668.050,     0.425705,     5.719417,    -0.007804,
  1668.100,     0.372372,     6.709065,    -0.014277,
  1668.150,     0.441643,     7.467423,    -0.010272,
  1668.200,     0.592583,     7.970446,    -0.015467,
  1668.250,     0.750030,     8.313012,    -0.016680,
  1668.300,     0.963495,     8.562235,    -0.010628,
  1668.350,     1.232358,     8.631434,    -0.010896,
  1668.400,     1.564343,     8.193162,    -0.014079,
  1668.450,     1.934176,     7.142518,    -0.011586,
  1668.500,     2.336526,     5.719724,    -0.010022,
  1668.550,     2.745852,     4.280513,    -0.015631,
  1668.600,     3.095452,     3.139489,    -0.016394,
  1668.650,     3.245305,     2.404705,    -0.008688,
  1668.700,     3.218526,     2.141270,    -0.011653,
  1668.750,     3.107163,     2.421571,    -0.013250,
  1668.800,     3.079056,     3.134096,    -0.019815,
  1668.850,     3.248576,     4.018293,    -0.006113,
  1668.900,     3.473793,     4.675298,    -0.008954,
  1668.950,     3.507034,     4.926007,    -0.013265,
  1669.000,     3.316571,     4.776860,    -0.015847,
  1669.050,     3.072008,     4.290919,    -0.010511,
  1669.100,     2.829715,     3.477075,    -0.006358,
  1669.150,     2.636303,     2.435359,    -0.004998,
  1669.200,     2.440289,     1.399322,    -0.004525,
  1669.250,     2.314646,     0.704683,    -0.003307,
  1669.300,     2.308746,     0.384288,    -0.005061,
  1669.350,     2.465787,     0.402077,    -0.010999,
  1669.400,     2.535016,     0.480567,    -0.003696,
  1669.450,     2.392503,     0.503144,    -0.008199,
  1669.500,     1.933822,     0.467499,    -0.008573,
  1669.550,     1.243975,     0.427364,    -0.003817,
  1669.600,     0.375059,     0.342480,    -0.005018,
  1669.650,    -0.549843,     0.136505,    -0.010502,
  1669.700,    -1.390810,    -0.118072,    -0.009378,
  1669.750,    -2.065745,    -0.314044,    -0.005909,
  1669.800,    -2.463182,    -0.345427,    -0.007090,
  1669.850,    -2.553901,    -0.283695,    -0.006929,
  1669.900,    -2.428832,    -0.104249,    -0.003110,
  1669.950,    -2.108904,     0.193024,    -0.011764,
  1670.000,    -1.789832,     0.620873,    -0.006462,
  1670.050,    -1.556302,     1.022045,    -0.009976,
  1670.100,    -1.515311,     1.255514,    -0.008633,
  1670.150,    -1.677925,     1.085880,    -0.010374,
  1670.200,    -1.987496,     0.484390,    -0.012136,
  1670.250,    -2.300664,    -0.519557,    -0.014026,
  1670.300,    -2.582769,    -1.744034,    -0.009862,
  1670.350,    -2.751175,    -3.052837,    -0.017510,
  1670.400,    -2.793332,    -4.192625,    -0.012495,
  1670.450,    -2.587952,    -4.871893,    -0.012723,
  1670.500,    -2.190204,    -4.825682,    -0.013717,
  1670.550,    -1.738826,    -4.000582,    -0.011626,
  1670.600,    -1.317913,    -2.658568,    -0.007486,
  1670.650,    -0.991518,    -1.071755,    -0.008861,
  1670.700,    -0.815501,     0.485978,    -0.008598,
  1670.750,    -0.835026,     1.894552,    -0.009172,
  1670.800,    -1.134971,     2.933516,    -0.009073,
  1670.850,    -1.785541,     3.411537,    -0.008160,
  1670.900,    -2.619206,     3.192661,    -0.012211,
  1670.950,    -3.378540,     2.448630,    -0.016759,
  1671.000,    -3.715989,     1.430026,    -0.011981,
  1671.050,    -3.498074,     0.408478,    -0.016066,
  1671.100,    -2.710864,    -0.451436,    -0.009025,
  1671.150,    -1.582817,    -0.960817,    -0.007824,
  1671.200,    -0.377816,    -1.060193,    -0.004686,
  1671.250,     0.598575,    -0.663694,    -0.013494,
  1671.300,     1.082335,     0.062822,    -0.010516,
  1671.350,     1.025217,     0.883004,    -0.013431,
  1671.400,     0.590494,     1.683465,    -0.012471,
  1671.450,    -0.036812,     2.433776,    -0.010221,
  1671.500,    -0.452411,     3.137004,    -0.010119,
  1671.550,    -0.606282,     3.789860,    -0.011540,
  1671.600,    -0.476580,     4.497620,    -0.013080,
  1671.650,    -0.129898,     5.222535,    -0.011747,
  1671.700,     0.327097,     5.901816,     0.000072,
  1671.750,     0.795889,     6.195639,    -0.005077,
  1671.800,     1.232972,     5.981187,    -0.007726,
  1671.850,     1.586798,     5.335014,    -0.009764,
  1671.900,     1.881517,     4.410735,    -0.003095,
  1671.950,     2.200518,     3.321650,    -0.006599,
  1672.000,     2.572909,     2.132569,    -0.002445,
  1672.050,     3.100235,     0.935982,    -0.007351,
  1672.100,     3.754605,    -0.097018,    -0.004673,
  1672.150,     4.436937,    -0.778452,    -0.006500,
  1672.200,     4.943355,    -1.038260,    -0.007615,
  1672.250,     5.211962,    -0.783239,    -0.015928,
  1672.300,     5.217784,     0.004783,    -0.010695,
  1672.350,     5.033172,     1.387401,    -0.014353,
  1672.400,     4.837540,     3.077046,    -0.008059,
  1672.450,     4.457740,     4.595813,    -0.007405,
  1672.500,     3.833817,     5.531017,    -0.008245,
  1672.550,     2.943270,     5.600975,    -0.010467,
  1672.600,     1.997415,     4.902975,    -0.009637,
  1672.650,     1.268167,     3.582044,    -0.011791,
  1672.700,     0.845722,     1.961807,    -0.008874,
  1672.750,     0.709112,     0.388899,    -0.008414,
  1672.800,     0.936434,    -0.792903,    -0.004939,
  1672.850,     1.531870,    -1.559035,    -0.008503,
  1672.900,     2.336432,    -1.835454,    -0.010716,
  1672.950,     3.058030,    -1.664866,    -0.011487,
  1673.000,     3.434813,    -1.176190,    -0.014422,
  1673.050,     3.448470,    -0.496011,    -0.013222,
  1673.100,     3.047371,     0.210725,    -0.010977,
  1673.150,     2.373489,     0.794993,    -0.008921,
  1673.200,     1.442843,     1.214705,    -0.006568,
  1673.250,     0.456011,     1.474065,    -0.011040,
  1673.300,    -0.328506,     1.639771,    -0.011179,
  1673.350,    -0.708787,     1.766697,    -0.012331,
  1673.400,    -0.786226,     1.904042,    -0.011182,
  1673.450,    -0.629184,     2.052326,    -0.014211,
  1673.500,    -0.450743,     2.186667,    -0.010902,
  1673.550,    -0.358056,     2.189667,    -0.008021,
  1673.600,    -0.296445,     2.027777,    -0.012913,
  1673.650,    -0.337905,     1.665004,    -0.016934,
  1673.700,    -0.530467,     1.127236,    -0.010825,
  1673.750,    -0.802271,     0.401514,    -0.012814,
  1673.800,    -1.074346,    -0.456556,    -0.012478,
  1673.850,    -1.220861,    -1.329903,    -0.011837,
  1673.900,    -1.238383,    -2.109243,    -0.011658,
  1673.950,    -1.209290,    -2.672158,    -0.010092,
  1674.000,    -1.137100,    -2.853025,    -0.008837,
  1674.050,    -1.030822,    -2.533091,    -0.013777,
  1674.100,    -0.928769,    -1.651755,    -0.012201,
  1674.150,    -0.968516,    -0.453523,    -0.007749,
  1674.200,    -1.186160,     0.815121,    -0.012280,
  1674.250,    -1.712259,     1.977493,    -0.004501,
  1674.300,    -2.450890,     2.902698,    -0.005828,
  1674.350,    -3.351856,     3.339133,    -0.003792,
  1674.400,    -4.217594,     3.147577,    -0.000018,
  1674.450,    -4.960966,     2.474950,    -0.004351,
  1674.500,    -5.387432,     1.639727,    -0.004492,
  1674.550,    -5.388061,     0.968594,    -0.001608,
  1674.600,    -4.782901,     0.576112,    -0.002652,
  1674.650,    -3.689666,     0.331323,    -0.005183,
  1674.700,    -2.313370,     0.255601,    -0.010744,
  1674.750,    -0.906632,     0.251998,    -0.008041,
  1674.800,     0.348407,     0.431632,    -0.010917,
  1674.850,     1.218166,     0.652575,    -0.008421,
  1674.900,     1.595346,     0.917843,    -0.008705,
  1674.950,     1.409767,     1.179706,    -0.007799,
  1675.000,     0.780488,     1.596654,    -0.008579,
  1675.050,    -0.105184,     2.116539,    -0.003436,
  1675.100,    -0.999389,     2.621316,    -0.008032,
  1675.150,    -1.678611,     2.884645,    -0.007282,
  1675.200,    -2.076642,     2.842668,    -0.007510,
  1675.250,    -2.112608,     2.499815,    -0.004259,
  1675.300,    -1.815944,     1.903486,    -0.007905,
  1675.350,    -1.244225,     1.192339,    -0.012020,
  1675.400,    -0.573527,     0.383384,    -0.005609,
  1675.450,     0.049281,    -0.486416,    -0.016527,
  1675.500,     0.598867,    -1.358856,    -0.018451,
  1675.550,     1.099527,    -2.050295,    -0.013007,
  1675.600,     1.577919,    -2.544545,    -0.014120,
  1675.650,     2.056722,    -2.818688,    -0.011577,
  1675.700,     2.641485,    -2.911071,    -0.015318,
  1675.750,     3.356366,    -2.789953,    -0.017818,
  1675.800,     4.015290,    -2.338151,    -0.013017,
  1675.850,     4.390871,    -1.632665,    -0.014602,
  1675.900,     4.473307,    -0.815731,    -0.013899,
  1675.950,     4.344375,    -0.039722,    -0.011706,
  1676.000,     4.154765,     0.452451,    -0.017655,
  1676.050,     3.966744,     0.631833,    -0.012442,
  1676.100,     3.758268,     0.429057,    -0.010868,
  1676.150,     3.570009,     0.003875,    -0.010499,
  1676.200,     3.522658,    -0.524078,    -0.009909,
  1676.250,     3.570924,    -0.917231,    -0.011192,
  1676.300,     3.753594,    -1.026849,    -0.006420,
  1676.350,     4.099437,    -0.739511,    -0.005566,
  1676.400,     4.596619,     0.061564,    -0.011378,
  1676.450,     5.248609,     1.136488,    -0.009495,
  1676.500,     5.750604,     2.296843,    -0.011677,
  1676.550,     5.916445,     3.266982,    -0.006014,
  1676.600,     5.549594,     3.877250,    -0.007021,
  1676.650,     4.653473,     4.110587,    -0.003137,
  1676.700,     3.315849,     4.057056,     0.001125,
  1676.750,     1.742485,     3.970703,    -0.004978,
  1676.800,     0.126697,     3.885809,    -0.005669,
  1676.850,    -1.285089,     3.751709,    -0.003375,
  1676.900,    -2.261721,     3.606453,    -0.005021,
  1676.950,    -2.785737,     3.419206,    -0.003339,
  1677.000,    -2.897657,     3.220927,    -0.006448,
  1677.050,    -2.611196,     2.897958,    -0.003817,
  1677.100,    -2.068988,     2.428987,    -0.010598,
  1677.150,    -1.342403,     1.723588,    -0.007562,
  1677.200,    -0.684639,     0.860726,    -0.007764,
  1677.250,    -0.114846,    -0.001927,    -0.008201,
  1677.300,     0.271260,    -0.804428,    -0.005602,
  1677.350,     0.497384,    -1.520904,    -0.005729,
  1677.400,     0.624028,    -2.226664,    -0.009608,
  1677.450,     0.781807,    -2.926704,    -0.007260,
  1677.500,     0.908046,    -3.610735,    -0.009951,
  1677.550,     1.037001,    -4.025894,    -0.014061,
  1677.600,     1.091775,    -4.085726,    -0.011402,
  1677.650,     1.061389,    -3.749417,    -0.016221,
  1677.700,     0.897859,    -3.089105,    -0.013840,
  1677.750,     0.643595,    -2.255187,    -0.016584,
  1677.800,     0.222594,    -1.326156,    -0.013398,
  1677.850,    -0.360225,    -0.414525,    -0.014892,
  1677.900,    -1.009520,     0.452047,    -0.013194,
  1677.950,    -1.584214,     1.215503,    -0.013283,
  1678.000,    -2.064498,     1.867822,    -0.013966,
  1678.050,    -2.367008,     2.447132,    -0.016221,
  1678.100,    -2.335675,     2.946269,    -0.015440,
  1678.150,    -1.903032,     3.329762,    -0.014766,
  1678.200,    -1.183125,     3.461490,    -0.014003,
  1678.250,    -0.330502,     3.286942,    -0.011837,
  1678.300,     0.496075,     2.820437,    -0.014686,
  1678.350,     1.242467,     2.110837,    -0.011420,
  1678.400,     1.635080,     1.350681,    -0.009552,
  1678.450,     1.553774,     0.545600,    -0.010582,
  1678.500,     0.950477,    -0.254601,    -0.011721,
  1678.550,     0.055168,    -0.950069,    -0.012332,
  1678.600,    -0.856447,    -1.446930,    -0.008865,
  1678.650,    -1.576807,    -1.623106,    -0.007481,
  1678.700,    -2.081403,    -1.444168,    -0.007765,
  1678.750,    -2.313916,    -1.059323,    -0.011764,
  1678.800,    -2.261623,    -0.542013,    -0.004099,
  1678.850,    -1.823405,    -0.018378,    -0.009476,
  1678.900,    -1.083869,     0.425745,    -0.013394,
  1678.950,    -0.187593,     0.790540,    -0.008035,
  1679.000,     0.689786,     0.984693,    -0.005335,
  1679.050,     1.428994,     1.013227,    -0.008371,
  1679.100,     2.008778,     0.944345,    -0.008320,
  1679.150,     2.286102,     0.879909,    -0.006613,
  1679.200,     2.209982,     0.987428,    -0.005402,
  1679.250,     1.775164,     1.153498,    -0.012074,
  1679.300,     1.137480,     1.336168,    -0.008054,
  1679.350,     0.431089,     1.444655,    -0.009517,
  1679.400,    -0.236979,     1.384619,    -0.012910,
  1679.450,    -0.822407,     1.276190,    -0.008559,
  1679.500,    -1.295916,     1.151998,    -0.005601,
  1679.550,    -1.615881,     1.036389,    -0.008211,
  1679.600,    -1.891831,     0.822260,    -0.008599,
  1679.650,    -2.004073,     0.489344,    -0.006112,
  1679.700,    -1.967457,     0.111605,    -0.006583,
  1679.750,    -1.812335,    -0.136383,    -0.005169,
  1679.800,    -1.626589,    -0.183329,    -0.009098,
  1679.850,    -1.309985,     0.089244,    -0.011101,
  1679.900,    -0.946344,     0.565430,    -0.010168,
  1679.950,    -0.502975,     1.250601,    -0.012686,
  1680.000,    -0.064919,     2.055370,    -0.009305,
  1680.050,     0.233708,     2.926242,    -0.014172,
  1680.100,     0.382991,     3.609281,    -0.010162,
  1680.150,     0.302718,     3.957772,    -0.010533,
  1680.200,     0.045970,     3.925172,    -0.009899,
  1680.250,    -0.272365,     3.677354,    -0.010936,
  1680.300,    -0.574713,     3.490739,    -0.008173,
  1680.350,    -0.741650,     3.503816,    -0.012815,
  1680.400,    -0.614921,     3.660714,    -0.015264,
  1680.450,    -0.190268,     3.784592,    -0.012001,
  1680.500,     0.484927,     3.824643,    -0.014517,
  1680.550,     1.271107,     3.731541,    -0.016556,
  1680.600,     1.911856,     3.510038,    -0.013722,
  1680.650,     2.359663,     2.993122,    -0.014419,
  1680.700,     2.522709,     2.112110,    -0.011776,
  1680.750,     2.497902,     1.024903,    -0.006150,
  1680.800,     2.453307,    -0.076396,    -0.002737,
  1680.850,     2.404868,    -0.928485,    -0.007765,
  1680.900,     2.323709,    -1.375108,    -0.004957,
  1680.950,     2.148436,    -1.509035,    -0.007022,
  1681.000,     1.972199,    -1.330337,    -0.004046,
  1681.050,     1.793182,    -0.869043,    -0.008559,
  1681.100,     1.628902,    -0.272924,    -0.009678,
  1681.150,     1.338436,     0.316817,    -0.004498,
  1681.200,     0.957124,     0.762311,    -0.004347,
  1681.250,     0.539071,     1.087771,    -0.007707,
  1681.300,     0.064696,     1.309974,    -0.010969,
  1681.350,    -0.445802,     1.551823,    -0.004810,
  1681.400,    -0.900386,     1.865516,    -0.008968,
  1681.450,    -1.381743,     2.190166,    -0.008769,
  1681.500,    -1.924737,     2.495474,    -0.002533,
  1681.550,    -2.480357,     2.731245,    -0.007027,
  1681.600,    -2.958516,     2.832177,    -0.003106,
  1681.650,    -3.200855,     2.826116,    -0.006239,
  1681.700,    -3.115431,     2.733490,    -0.010221,
  1681.750,    -2.727384,     2.577436,    -0.003353,
  1681.800,    -2.120386,     2.285596,    -0.006780,
  1681.850,    -1.419930,     1.884823,    -0.007880,
  1681.900,    -0.695102,     1.385372,    -0.004292,
  1681.950,    -0.063929,     0.872870,    -0.005724,
  1682.000,     0.482532,     0.476956,    -0.006104,
  1682.050,     0.893645,     0.241674,    -0.009135,
  1682.100,     1.156991,     0.182498,    -0.011314,
  1682.150,     1.336304,     0.282745,    -0.007437,
  1682.200,     1.478937,     0.487860,    -0.003862,
  1682.250,     1.533599,     0.765049,    -0.004645,
  1682.300,     1.428631,     1.076061,    -0.012605,
  1682.350,     1.185868,     1.345877,    -0.012055,
  1682.400,     0.868264,     1.614656,    -0.014495,
  1682.450,     0.476587,     1.934996,    -0.012454,
  1682.500,     0.102561,     2.317847,    -0.012907,
  1682.550,    -0.291594,     2.571037,    -0.010327,
  1682.600,    -0.681498,     2.715450,    -0.009489,
  1682.650,    -1.014414,     2.695597,    -0.019661,
  1682.700,    -1.239456,     2.511846,    -0.012361,
  1682.750,    -1.284851,     2.259730,    -0.015383,
  1682.800,    -1.207760,     1.937984,    -0.012828,
  1682.850,    -1.098112,     1.593883,    -0.011511,
  1682.900,    -0.876832,     1.197974,    -0.014236,
  1682.950,    -0.558736,     0.856578,    -0.015222,
  1683.000,    -0.161700,     0.591795,    -0.014082,
  1683.050,     0.249289,     0.388310,    -0.010502,
  1683.100,     0.604783,     0.239085,    -0.012761,
  1683.150,     0.827367,     0.154335,    -0.010899,
  1683.200,     0.918583,     0.169285,    -0.004803,
  1683.250,     0.922198,     0.348151,    -0.009130,
  1683.300,     0.892351,     0.705455,    -0.011116,
  1683.350,     0.810454,     1.189040,    -0.006978,
  1683.400,     0.706271,     1.704080,    -0.013983,
  1683.450,     0.591880,     2.117921,    -0.008181,
  1683.500,     0.483531,     2.352159,    -0.005083,
  1683.550,     0.481829,     2.378809,    -0.007717,
  1683.600,     0.471817,     2.300817,    -0.011431,
  1683.650,     0.467320,     2.207273,    -0.006356,
  1683.700,     0.386531,     2.084502,    -0.007808,
  1683.750,     0.223035,     1.861927,    -0.005645,
  1683.800,     0.044725,     1.496297,    -0.007521,
  1683.850,    -0.042971,     0.958744,    -0.008120,
  1683.900,     0.061225,     0.295860,    -0.009324,
  1683.950,     0.365675,    -0.417423,    -0.006093,
  1684.000,     0.825937,    -1.076099,    -0.003799,
  1684.050,     1.415211,    -1.664791,    -0.003050,
  1684.100,     2.024290,    -1.881292,    -0.002994,
  1684.150,     2.535288,    -1.641991,    -0.006932,
  1684.200,     2.790377,    -0.908922,    -0.003623,
  1684.250,     2.724289,     0.057908,    -0.007291,
  1684.300,     2.434399,     1.052434,    -0.006599,
  1684.350,     2.119818,     1.909970,    -0.009293,
  1684.400,     1.866962,     2.528583,    -0.010053,
  1684.450,     1.707032,     2.910504,    -0.004884,
  1684.500,     1.552039,     3.039462,    -0.007296,
  1684.550,     1.368252,     2.959035,    -0.003476,
  1684.600,     1.194582,     2.770499,    -0.007463,
  1684.650,     1.030279,     2.537622,    -0.014551,
  1684.700,     0.854521,     2.230924,    -0.013283,
  1684.750,     0.557394,     1.831384,    -0.008693,
  1684.800,     0.143415,     1.285302,    -0.012218,
  1684.850,    -0.312201,     0.667263,    -0.015225,
  1684.900,    -0.703217,     0.041377,    -0.012254,
  1684.950,    -0.980812,    -0.428136,    -0.008272,
  1685.000,    -1.090525,    -0.708761,    -0.011984,
  1685.050,    -1.100085,    -0.672982,    -0.009996,
  1685.100,    -0.985185,    -0.345578,    -0.012202,
  1685.150,    -0.750675,     0.219219,    -0.013311,
  1685.200,    -0.508552,     0.930121,    -0.009509,
  1685.250,    -0.243145,     1.662913,    -0.013374,
  1685.300,     0.013979,     2.336706,    -0.018103,
  1685.350,     0.242985,     2.790813,    -0.006393,
  1685.400,     0.464147,     2.837893,    -0.011545,
  1685.450,     0.703391,     2.526431,    -0.013591,
  1685.500,     0.963555,     1.958973,    -0.013808,
  1685.550,     1.194593,     1.391149,    -0.007717,
  1685.600,     1.383061,     0.930255,    -0.010817,
  1685.650,     1.429200,     0.562372,    -0.014995,
  1685.700,     1.412034,     0.322827,    -0.009128,
  1685.750,     1.390634,     0.155830,    -0.007928,
  1685.800,     1.356630,     0.091455,    -0.010555,
  1685.850,     1.302056,     0.074935,    -0.008647,
  1685.900,     1.210765,     0.001193,    -0.007542,
  1685.950,     0.986434,    -0.119799,    -0.007974,
  1686.000,     0.778611,    -0.162694,    -0.008369,
  1686.050,     0.563791,    -0.039735,    -0.005928,
  1686.100,     0.417582,     0.280877,    -0.013154,
  1686.150,     0.320962,     0.692554,    -0.011571,
  1686.200,     0.245416,     1.156741,    -0.007194,
  1686.250,     0.193195,     1.552242,    -0.005701,
  1686.300,     0.181440,     1.866623,    -0.003962,
  1686.350,     0.201077,     2.019688,    -0.004509,
  1686.400,     0.249938,     1.916365,    -0.004166,
  1686.450,     0.350861,     1.485783,    -0.010726,
  1686.500,     0.583967,     0.797933,    -0.002118,
  1686.550,     0.973314,     0.052865,    -0.000969,
  1686.600,     1.429195,    -0.647351,    -0.001210,
  1686.650,     1.836037,    -1.141138,     0.000677,
  1686.700,     2.081709,    -1.368795,    -0.001351,
  1686.750,     2.135343,    -1.369090,    -0.005408,
  1686.800,     1.982879,    -1.112459,    -0.008219,
  1686.850,     1.710642,    -0.498849,    -0.005794,
  1686.900,     1.294376,     0.373076,    -0.007264,
  1686.950,     0.733918,     1.343611,    -0.012434,
  1687.000,     0.215119,     2.220433,    -0.008906,
  1687.050,    -0.187739,     2.790095,    -0.010321,
  1687.100,    -0.453425,     3.106945,    -0.010680,
  1687.150,    -0.563572,     3.106982,    -0.014220,
  1687.200,    -0.531351,     2.837052,    -0.013478,
  1687.250,    -0.312832,     2.304517,    -0.017517,
  1687.300,    -0.026720,     1.643385,    -0.012731,
  1687.350,     0.345594,     0.972145,    -0.016501,
  1687.400,     0.772281,     0.364439,    -0.013515,
  1687.450,     1.208856,    -0.127680,    -0.011373,
  1687.500,     1.546182,    -0.449573,    -0.012166,
  1687.550,     1.755447,    -0.711068,    -0.015958,
  1687.600,     1.731716,    -0.992829,    -0.016093,
  1687.650,     1.598367,    -1.319799,    -0.010571,
  1687.700,     1.410313,    -1.571145,    -0.018766,
  1687.750,     1.182023,    -1.542420,    -0.016997,
  1687.800,     0.788070,    -1.101569,    -0.014181,
  1687.850,     0.245341,    -0.308003,    -0.009251,
  1687.900,    -0.405058,     0.731242,    -0.017966,
  1687.950,    -1.120352,     1.850057,    -0.018546,
  1688.000,    -1.817508,     2.753399,    -0.016063,
  1688.050,    -2.441981,     3.277598,    -0.012562,
  1688.100,    -2.911894,     3.297298,    -0.014637,
  1688.150,    -3.135168,     2.876221,    -0.010297,
  1688.200,    -3.000871,     2.170375,    -0.008925,
  1688.250,    -2.448668,     1.313024,    -0.009539,
  1688.300,    -1.582580,     0.451004,    -0.008990,
  1688.350,    -0.540762,    -0.335147,    -0.007839,
  1688.400,     0.454927,    -0.889231,    -0.004274,
  1688.450,     1.326226,    -1.064746,    -0.006329,
  1688.500,     1.901298,    -0.932000,    -0.006375,
  1688.550,     2.191078,    -0.535668,    -0.003763,
  1688.600,     2.170814,     0.061993,    -0.003985,
  1688.650,     1.979629,     0.744836,    -0.000178,
  1688.700,     1.661984,     1.357723,    -0.002343,
  1688.750,     1.343117,     1.764261,    -0.000294,
  1688.800,     1.016648,     1.791242,    -0.001150,
  1688.850,     0.676703,     1.478882,    -0.003850,
  1688.900,     0.361465,     0.900863,    -0.005941,
  1688.950,     0.015504,     0.198671,    -0.001198,
  1689.000,    -0.241171,    -0.468450,    -0.001771,
  1689.050,    -0.342251,    -0.949988,    -0.003756,
  1689.100,    -0.306403,    -1.127342,    -0.001743,
  1689.150,    -0.125900,    -0.955192,    -0.003190,
  1689.200,     0.158386,    -0.573804,    -0.006269,
  1689.250,     0.519716,    -0.082558,     0.000818,
  1689.300,     0.892259,     0.400849,     0.000216,
  1689.350,     1.256884,     0.783911,    -0.008008,
  1689.400,     1.514696,     0.997937,    -0.008030,
  1689.450,     1.611983,     1.060174,    -0.009760,
  1689.500,     1.441630,     1.013047,    -0.007729,
  1689.550,     1.079362,     0.894100,    -0.005362,
  1689.600,     0.672320,     0.862166,    -0.009495,
  1689.650,     0.265372,     1.000874,    -0.010560,
  1689.700,    -0.046438,     1.370165,    -0.014020,
  1689.750,    -0.333515,     1.888734,    -0.011703,
  1689.800,    -0.580603,     2.335326,    -0.010614,
  1689.850,    -0.724458,     2.624466,    -0.013143,
  1689.900,    -0.823117,     2.627302,    -0.014175,
  1689.950,    -0.826345,     2.330004,    -0.014517,
  1690.000,    -0.826143,     1.838481,    -0.013077,
  1690.050,    -0.782067,     1.136360,    -0.014318,
  1690.100,    -0.539669,     0.332646,    -0.016766,
  1690.150,    -0.114087,    -0.448915,    -0.013909,
  1690.200,     0.392457,    -1.072448,    -0.012934,
  1690.250,     0.892367,    -1.405867,    -0.019620,
  1690.300,     1.300760,    -1.384308,    -0.018624,
  1690.350,     1.549893,    -1.002613,    -0.011854,
  1690.400,     1.592537,    -0.369327,    -0.017227,
  1690.450,     1.388476,     0.414418,    -0.020300,
  1690.500,     0.969896,     1.264879,    -0.015234,
  1690.550,     0.392587,     2.078002,    -0.013425,
  1690.600,    -0.241826,     2.690379,    -0.011734,
  1690.650,    -0.760812,     3.037519,    -0.015866,
  1690.700,    -1.116047,     3.023940,    -0.008308,
  1690.750,    -1.227643,     2.709839,    -0.003848,
  1690.800,    -1.110421,     2.242089,    -0.011399,
  1690.850,    -0.765556,     1.670260,    -0.006378,
  1690.900,    -0.266503,     1.163267,    -0.005044,
  1690.950,     0.384197,     0.768299,    -0.007942,
  1691.000,     1.110556,     0.473777,    -0.004294,
  1691.050,     1.740454,     0.285832,    -0.003406,
  1691.100,     2.082356,     0.203289,    -0.002366,
  1691.150,     2.156346,     0.125032,     0.001012,
  1691.200,     1.974758,     0.156049,    -0.002265,
  1691.250,     1.564349,     0.241990,    -0.002341,
  1691.300,     1.059259,     0.509349,    -0.002281,
  1691.350,     0.450062,     0.941554,    -0.003240,
  1691.400,    -0.145251,     1.529320,    -0.003940,
  1691.450,    -0.660723,     2.191168,    -0.002239,
  1691.500,    -1.050923,     2.827658,    -0.002742,
  1691.550,    -1.312843,     3.378861,    -0.002667,
  1691.600,    -1.399631,     3.692797,    -0.003968,
  1691.650,    -1.441671,     3.624742,    -0.003272,
  1691.700,    -1.567763,     3.149624,    -0.006074,
  1691.750,    -1.610828,     2.228937,    -0.009046,
  1691.800,    -1.548016,     1.063858,    -0.000586,
  1691.850,    -1.255045,    -0.152253,    -0.003567,
  1691.900,    -0.696411,    -1.174209,    -0.001016,
  1691.950,     0.022430,    -1.791788,    -0.002626,
  1692.000,     0.770995,    -1.923481,    -0.005744,
  1692.050,     1.431794,    -1.494760,    -0.007831,
  1692.100,     1.818242,    -0.672926,    -0.010406,
  1692.150,     1.839211,     0.363339,    -0.006916,
  1692.200,     1.569250,     1.363359,    -0.007652,
  1692.250,     1.122035,     2.160327,    -0.010916,
  1692.300,     0.592990,     2.568445,    -0.009122,
  1692.350,     0.107795,     2.533085,    -0.013728,
  1692.400,    -0.266849,     2.142730,    -0.017682,
  1692.450,    -0.510261,     1.538134,    -0.015245,
  1692.500,    -0.525893,     0.980385,    -0.015138,
  1692.550,    -0.378195,     0.587184,    -0.017715,
  1692.600,    -0.142999,     0.442132,    -0.013788,
  1692.650,     0.168720,     0.574560,    -0.014859,
  1692.700,     0.525747,     0.747681,    -0.020721,
  1692.750,     0.870293,     0.841796,    -0.018637,
  1692.800,     1.119858,     0.932781,    -0.016699,
  1692.850,     1.168312,     0.984177,    -0.014807,
  1692.900,     0.991668,     1.003946,    -0.012872,
  1692.950,     0.614366,     0.929122,    -0.015007,
  1693.000,     0.131411,     0.783914,    -0.014484,
  1693.050,    -0.386156,     0.672512,    -0.012674,
  1693.100,    -0.805323,     0.662233,    -0.015698,
  1693.150,    -1.045309,     0.801518,    -0.016680,
  1693.200,    -1.100491,     1.125919,    -0.009175,
  1693.250,    -0.975262,     1.556513,    -0.010177,
  1693.300,    -0.742106,     1.945138,    -0.012967,
  1693.350,    -0.500295,     2.242532,    -0.012007,
  1693.400,    -0.305432,     2.400666,    -0.010616,
  1693.450,    -0.244849,     2.426737,    -0.005693,
  1693.500,    -0.273875,     2.266734,    -0.009147,
  1693.550,    -0.353466,     1.909553,    -0.013120,
  1693.600,    -0.397594,     1.422311,    -0.009064,
  1693.650,    -0.387835,     0.873087,    -0.006789,
  1693.700,    -0.213792,     0.341281,    -0.013107,
  1693.750,     0.121462,    -0.081404,    -0.006622,
  1693.800,     0.581169,    -0.283392,    -0.009499,
  1693.850,     1.044883,    -0.165438,    -0.006361,
  1693.900,     1.383209,     0.235648,    -0.005417,
  1693.950,     1.565844,     0.712439,    -0.007053,
  1694.000,     1.477707,     1.100583,    -0.005837,
  1694.050,     1.215517,     1.220353,    -0.004428,
  1694.100,     0.820075,     1.020043,    -0.006320,
  1694.150,     0.348204,     0.663621,     0.001024,
  1694.200,    -0.184388,     0.307127,     0.005376,
  1694.250,    -0.683865,     0.061134,    -0.006668,
  1694.300,    -1.022887,     0.025835,    -0.003213,
  1694.350,    -1.190947,     0.154167,    -0.002911,
  1694.400,    -1.093161,     0.422037,    -0.004841,
  1694.450,    -0.819579,     0.740911,    -0.004857,
  1694.500,    -0.422059,     1.024193,    -0.005729,
  1694.550,     0.054938,     1.136833,    -0.006917,
  1694.600,     0.476524,     1.020943,    -0.002665,
  1694.650,     0.897112,     0.736161,    -0.003516,
  1694.700,     1.165325,     0.438248,    -0.007012,
  1694.750,     1.277963,     0.248550,    -0.004525,
  1694.800,     1.170192,     0.179645,    -0.005161,
  1694.850,     0.945306,     0.195447,    -0.008330,
  1694.900,     0.660092,     0.282804,    -0.003414,
  1694.950,     0.401962,     0.461654,    -0.001178,
  1695.000,     0.233125,     0.742957,    -0.006894,
  1695.050,     0.115326,     1.025701,    -0.006829,
  1695.100,     0.014197,     1.259097,    -0.013212,
  1695.150,    -0.072529,     1.238673,    -0.014812,
  1695.200,    -0.124255,     0.976320,    -0.008610,
  1695.250,    -0.147804,     0.506294,    -0.013588,
  1695.300,    -0.134202,    -0.005801,    -0.009885,
  1695.350,    -0.075512,    -0.496504,    -0.012504,
  1695.400,     0.120081,    -0.819703,    -0.011554,
  1695.450,     0.441292,    -0.989628,    -0.011802,
  1695.500,     0.805912,    -0.954995,    -0.011941,
  1695.550,     1.194022,    -0.679936,    -0.010926,
  1695.600,     1.541097,    -0.241350,    -0.019423,
  1695.650,     1.757641,     0.298546,    -0.017895,
  1695.700,     1.760500,     0.761163,    -0.015168,
  1695.750,     1.489695,     1.142690,    -0.014730,
  1695.800,     1.068447,     1.287671,    -0.016267,
  1695.850,     0.438893,     1.216640,    -0.008078,
  1695.900,    -0.232446,     0.942684,    -0.013739,
  1695.950,    -0.827293,     0.518857,    -0.013047,
  1696.000,    -1.147855,     0.016242,    -0.014285,
  1696.050,    -1.169940,    -0.420836,    -0.014768,
  1696.100,    -0.906166,    -0.652076,    -0.013708,
  1696.150,    -0.449829,    -0.530327,    -0.010465,
  1696.200,     0.126915,    -0.100584,    -0.012571,
  1696.250,     0.741227,     0.537141,    -0.008342,
  1696.300,     1.224076,     1.170117,    -0.008912,
  1696.350,     1.531459,     1.612779,    -0.012585,
  1696.400,     1.582552,     1.746676,    -0.007340,
  1696.450,     1.370037,     1.612897,    -0.001880,
  1696.500,     0.996025,     1.228865,    -0.004836,
  1696.550,     0.569805,     0.726397,    -0.010312,
  1696.600,     0.224809,     0.259011,    -0.008684,
  1696.650,     0.016626,    -0.063428,    -0.003753,
  1696.700,    -0.030432,    -0.152744,    -0.004639,
  1696.750,     0.008306,    -0.072411,    -0.007202,
  1696.800,     0.033842,     0.120159,    -0.005999,
  1696.850,     0.017613,     0.423928,    -0.011521,
  1696.900,     0.020941,     0.709750,    -0.008513,
  1696.950,     0.078687,     1.026023,    -0.006902,
  1697.000,     0.089232,     1.315422,    -0.009180,
  1697.050,     0.081184,     1.543624,    -0.009972,
  1697.100,     0.066431,     1.707006,    -0.007361,
  1697.150,     0.068343,     1.788889,    -0.002708,
  1697.200,     0.175060,     1.776160,    -0.006104,
  1697.250,     0.386028,     1.690371,    -0.006284,
  1697.300,     0.693115,     1.527791,    -0.011837,
  1697.350,     0.981072,     1.330025,    -0.011151,
  1697.400,     1.225241,     1.178847,    -0.006671,
  1697.450,     1.408969,     1.114457,    -0.008084,
  1697.500,     1.481168,     1.147654,    -0.015486,
  1697.550,     1.423562,     1.260431,    -0.010911,
  1697.600,     1.242872,     1.396614,    -0.010483,
  1697.650,     0.928428,     1.472952,    -0.011235,
  1697.700,     0.556353,     1.368465,    -0.006647,
  1697.750,     0.186033,     1.130898,    -0.003932,
  1697.800,    -0.120197,     0.844827,    -0.009951,
  1697.850,    -0.326005,     0.674545,    -0.009431,
  1697.900,    -0.373728,     0.771067,    -0.013143,
  1697.950,    -0.227082,     1.108862,    -0.001904,
  1698.000,     0.088187,     1.613853,    -0.001414,
  1698.050,     0.392025,     2.130295,    -0.005020,
  1698.100,     0.567533,     2.564848,    -0.007414,
  1698.150,     0.547546,     2.775530,    -0.008013,
  1698.200,     0.354683,     2.623393,    -0.006121,
  1698.250,     0.125935,     2.157658,    -0.011619,
  1698.300,    -0.052888,     1.523636,    -0.014575,
  1698.350,    -0.124160,     0.982200,    -0.010546,
  1698.400,    -0.031362,     0.644066,    -0.007134,
  1698.450,     0.195079,     0.527354,    -0.004691,
  1698.500,     0.476387,     0.545730,    -0.008035,
  1698.550,     0.744111,     0.742787,    -0.017384,
  1698.600,     0.955121,     0.995847,    -0.009377,
  1698.650,     0.947090,     1.265533,    -0.002840,
  1698.700,     0.752045,     1.474968,    -0.007280,
  1698.750,     0.460578,     1.525778,    -0.009383,
  1698.800,     0.183753,     1.514488,    -0.008896,
  1698.850,    -0.048217,     1.456610,    -0.010622,
  1698.900,    -0.179655,     1.369822,    -0.008927,
  1698.950,    -0.276806,     1.291055,    -0.004335,
  1699.000,    -0.270208,     1.147038,    -0.005965,
  1699.050,    -0.152774,     0.943440,    -0.011819,
  1699.100,     0.051675,     0.729823,    -0.016253,
  1699.150,     0.305109,     0.651807,    -0.011539,
  1699.200,     0.434252,     0.766728,    -0.008716,
  1699.250,     0.424307,     0.959094,    -0.006421,
  1699.300,     0.296753,     1.079285,    -0.006504,
  1699.350,     0.068550,     1.017662,    -0.015263,
  1699.400,    -0.159448,     0.750040,    -0.015839,
  1699.450,    -0.363198,     0.296059,    -0.014739,
  1699.500,    -0.523468,    -0.227596,    -0.009228,
  1699.550,    -0.608478,    -0.738272,    -0.011396,
  1699.600,    -0.595409,    -1.066399,    -0.012927,
  1699.650,    -0.451486,    -1.086662,    -0.010645,
  1699.700,    -0.257223,    -0.732967,    -0.018018,
  1699.750,    -0.060363,    -0.047674,    -0.014248,
  1699.800,     0.015168,     0.839081,    -0.012961,
  1699.850,    -0.012454,     1.752978,    -0.013781,
  1699.900,    -0.201211,     2.450384,    -0.009537,
  1699.950,    -0.518133,     2.840175,    -0.009150,
  1700.000,    -0.862660,     2.866925,    -0.010704,
  1700.050,    -1.195234,     2.536581,    -0.011048,
  1700.100,    -1.449860,     1.955277,    -0.005116,
  1700.150,    -1.506407,     1.258269,    -0.005691,
  1700.200,    -1.278549,     0.631063,    -0.006577,
  1700.250,    -0.782778,     0.214407,    -0.002470,
  1700.300,    -0.067845,     0.035360,    -0.008692,
  1700.350,     0.651705,     0.106097,    -0.010266,
  1700.400,     1.216235,     0.356125,    -0.004990,
  1700.450,     1.532931,     0.698159,    -0.001487,
  1700.500,     1.529249,     1.100381,    -0.002903,
  1700.550,     1.300084,     1.486258,    -0.002490,
  1700.600,     0.925851,     1.795552,    -0.007055,
  1700.650,     0.494306,     1.998714,    -0.003523,
  1700.700,     0.168688,     2.124292,    -0.005912,
  1700.750,    -0.020828,     2.223595,    -0.004443,
  1700.800,    -0.095845,     2.279434,    -0.004971,
  1700.850,    -0.069195,     2.212552,    -0.003769,
  1700.900,     0.005760,     1.975957,    -0.004104,
  1700.950,     0.103862,     1.574126,    -0.005370,
  1701.000,     0.253588,     1.078355,    -0.004417,
  1701.050,     0.435986,     0.565921,    -0.008847,
  1701.100,     0.628672,     0.105276,    -0.008831,
  1701.150,     0.823079,    -0.195628,    -0.004595,
  1701.200,     0.926283,    -0.379004,    -0.007983,
  1701.250,     0.983139,    -0.398505,    -0.012398,
  1701.300,     0.998566,    -0.296935,    -0.008791,
  1701.350,     0.927901,    -0.112662,    -0.010341,
  1701.400,     0.766919,     0.193048,    -0.013092,
  1701.450,     0.593293,     0.542926,    -0.015428,
  1701.500,     0.401041,     0.940374,    -0.015547,
  1701.550,     0.288022,     1.319942,    -0.017813,
  1701.600,     0.267472,     1.636360,    -0.012710,
  1701.650,     0.331545,     1.862691,    -0.008038,
  1701.700,     0.377214,     1.914803,    -0.012266,
  1701.750,     0.352152,     1.812830,    -0.013987,
  1701.800,     0.245489,     1.497084,    -0.012288,
  1701.850,     0.083881,     1.093463,    -0.011857,
  1701.900,    -0.033588,     0.715838,    -0.015251,
  1701.950,    -0.027028,     0.412858,    -0.014878,
  1702.000,     0.177582,     0.207046,    -0.013939,
  1702.050,     0.567531,    -0.002225,    -0.014309,
  1702.100,     1.006839,    -0.152308,    -0.009567,
  1702.150,     1.446629,    -0.196308,    -0.013987,
  1702.200,     1.750672,    -0.144487,    -0.017061,
  1702.250,     1.813446,    -0.024069,    -0.016115,
  1702.300,     1.600061,     0.188871,    -0.018661,
  1702.350,     1.154197,     0.432309,    -0.014303,
  1702.400,     0.688937,     0.746406,    -0.010473,
  1702.450,     0.290042,     1.113395,    -0.010852,
  1702.500,     0.001774,     1.465388,    -0.010356,
  1702.550,    -0.134221,     1.738564,    -0.011040,
  1702.600,    -0.145563,     1.847772,    -0.010441,
  1702.650,    -0.033766,     1.741479,    -0.008525,
  1702.700,     0.166560,     1.477008,    -0.002591,
  1702.750,     0.414866,     1.112401,    -0.006644,
  1702.800,     0.614654,     0.725569,    -0.004064,
  1702.850,     0.763522,     0.264683,    -0.006071,
  1702.900,     0.902907,    -0.083359,    -0.011019,
  1702.950,     0.988021,    -0.329628,    -0.012261,
  1703.000,     1.047026,    -0.467160,    -0.010228,
  1703.050,     0.986088,    -0.516775,    -0.014890,
  1703.100,     0.802828,    -0.552785,    -0.005661,
  1703.150,     0.567673,    -0.531802,    -0.004581,
  1703.200,     0.334325,    -0.392810,    -0.007407,
  1703.250,     0.175821,    -0.156744,    -0.009707,
  1703.300,     0.148005,     0.229008,    -0.007202,
  1703.350,     0.126132,     0.770950,    -0.003336,
  1703.400,     0.077249,     1.354544,    -0.008935,
  1703.450,    -0.059012,     1.873694,    -0.012472,
  1703.500,    -0.306679,     2.146879,    -0.007178,
  1703.550,    -0.614197,     2.142156,    -0.006622,
  1703.600,    -0.918536,     1.924068,    -0.010646,
  1703.650,    -1.151369,     1.563748,    -0.007592,
  1703.700,    -1.215875,     1.072622,    -0.004622,
  1703.750,    -1.024153,     0.518133,    -0.008219,
  1703.800,    -0.538714,     0.011478,    -0.008511,
  1703.850,     0.155993,    -0.299374,    -0.009327,
  1703.900,     0.924302,    -0.382060,    -0.008656,
  1703.950,     1.584251,    -0.316831,    -0.005683,
  1704.000,     2.010943,    -0.070874,    -0.014231,
  1704.050,     2.085109,     0.321376,    -0.009462,
  1704.100,     1.876741,     0.846238,    -0.011404,
  1704.150,     1.417307,     1.416767,    -0.008614,
  1704.200,     0.831455,     1.969961,    -0.011450,
  1704.250,     0.220091,     2.376415,    -0.011966,
  1704.300,    -0.260974,     2.539956,    -0.012917,
  1704.350,    -0.507258,     2.443849,    -0.008741,
  1704.400,    -0.529018,     2.187560,    -0.009894,
  1704.450,    -0.372127,     1.799463,    -0.009173,
  1704.500,    -0.108256,     1.304165,    -0.011347,
  1704.550,     0.226991,     0.827102,    -0.014951,
  1704.600,     0.565020,     0.365469,    -0.013003,
  1704.650,     0.873289,     0.092568,    -0.010740,
  1704.700,     1.087763,     0.001743,    -0.009448,
  1704.750,     1.204996,     0.116562,    -0.011756,
  1704.800,     1.215062,     0.365459,    -0.014028,
  1704.850,     1.173930,     0.687396,    -0.009202,
  1704.900,     1.067932,     1.080751,    -0.011884,
  1704.950,     0.824531,     1.547032,    -0.012829,
  1705.000,     0.510277,     2.028004,    -0.013623,
  1705.050,     0.131949,     2.429532,    -0.015642,
  1705.100,    -0.209476,     2.701087,    -0.013383,
  1705.150,    -0.447475,     2.786637,    -0.015920,
  1705.200,    -0.593464,     2.728654,    -0.013125,
  1705.250,    -0.620283,     2.588807,    -0.010315,
  1705.300,    -0.560990,     2.410819,    -0.009654,
  1705.350,    -0.433870,     2.126121,    -0.014719,
  1705.400,    -0.311736,     1.815159,    -0.017124,
  1705.450,    -0.172409,     1.533803,    -0.015190,
  1705.500,     0.018694,     1.343352,    -0.009385,
  1705.550,     0.265348,     1.294895,    -0.011390,
  1705.600,     0.538344,     1.230120,    -0.013316,
  1705.650,     0.798829,     1.093479,    -0.007191,
  1705.700,     1.047121,     0.922447,    -0.012714,
  1705.750,     1.243848,     0.741133,    -0.008948,
  1705.800,     1.298116,     0.618669,    -0.009945,
  1705.850,     1.183540,     0.557503,    -0.006144,
  1705.900,     0.950295,     0.585135,    -0.006413,
  1705.950,     0.624601,     0.704118,    -0.006055,
  1706.000,     0.327010,     0.924126,    -0.007114,
  1706.050,     0.050386,     1.228105,    -0.004067,
  1706.100,    -0.167976,     1.440186,    -0.003445,
  1706.150,    -0.382901,     1.537056,    -0.008079,
  1706.200,    -0.520695,     1.431115,    -0.005216,
  1706.250,    -0.552059,     1.193729,    -0.003485,
  1706.300,    -0.459837,     0.862866,    -0.002147,
  1706.350,    -0.253035,     0.475642,    -0.003804,
  1706.400,    -0.008026,     0.149753,    -0.011472,
  1706.450,     0.289364,    -0.050592,    -0.007909,
  1706.500,     0.606503,    -0.147607,    -0.006399,
  1706.550,     0.917550,    -0.136650,    -0.007644,
  1706.600,     1.187305,    -0.023186,    -0.008770,
  1706.650,     1.308206,     0.111666,    -0.004675,
  1706.700,     1.257098,     0.334724,    -0.007787,
  1706.750,     1.079517,     0.646764,    -0.011843,
  1706.800,     0.771975,     0.982969,    -0.008459,
  1706.850,     0.423584,     1.270086,    -0.006558,
  1706.900,     0.116416,     1.533274,    -0.002702,
  1706.950,    -0.159766,     1.732812,    -0.008989,
  1707.000,    -0.357322,     1.885977,    -0.010715,
  1707.050,    -0.460044,     1.991964,    -0.010441,
  1707.100,    -0.499322,     2.012803,    -0.009398,
  1707.150,    -0.504014,     1.977728,    -0.004371,
  1707.200,    -0.475136,     1.943583,    -0.009940,
  1707.250,    -0.386026,     1.878060,    -0.007234,
  1707.300,    -0.236264,     1.716188,    -0.006328,
  1707.350,     0.032145,     1.452515,    -0.009405,
  1707.400,     0.402482,     1.139832,    -0.005609,
  1707.450,     0.836605,     0.851223,    -0.008424,
  1707.500,     1.277063,     0.639538,    -0.011368,
  1707.550,     1.578156,     0.604060,    -0.008813,
  1707.600,     1.611373,     0.813209,    -0.016294,
  1707.650,     1.474260,     1.263659,    -0.013046,
  1707.700,     1.146791,     1.836553,    -0.006270,
  1707.750,     0.710201,     2.379872,    -0.010711,
  1707.800,     0.174197,     2.806634,    -0.009868,
  1707.850,    -0.301592,     3.011721,    -0.007417,
  1707.900,    -0.685492,     2.980675,    -0.007447,
  1707.950,    -0.815950,     2.724464,    -0.010641,
  1708.000,    -0.745940,     2.294835,    -0.012834,
  1708.050,    -0.518797,     1.783803,    -0.014227,
  1708.100,    -0.160698,     1.269205,    -0.010424,
  1708.150,     0.311590,     0.851650,    -0.007999,
  1708.200,     0.800252,     0.570834,    -0.011686,
  1708.250,     1.226751,     0.472253,    -0.013518,
  1708.300,     1.518155,     0.513279,    -0.013538,
  1708.350,     1.618215,     0.688256,    -0.010569,
  1708.400,     1.525023,     0.913415,    -0.012873,
  1708.450,     1.282276,     1.097041,    -0.016259,
  1708.500,     0.900986,     1.167100,    -0.009111,
  1708.550,     0.541036,     1.094580,    -0.011004,
  1708.600,     0.197891,     0.988459,    -0.009076,
  1708.650,    -0.100795,     0.890508,    -0.010563,
  1708.700,    -0.272594,     0.825239,    -0.013305,
  1708.750,    -0.354845,     0.834482,    -0.012932,
  1708.800,    -0.319899,     0.937989,    -0.011757,
  1708.850,    -0.157152,     1.132657,    -0.005621,
  1708.900,     0.054749,     1.381238,    -0.005750,
  1708.950,     0.296306,     1.550118,    -0.013371,
  1709.000,     0.580095,     1.592862,    -0.007707,
  1709.050,     0.883058,     1.496985,    -0.006445,
  1709.100,     1.194327,     1.364264,    -0.010216,
  1709.150,     1.424513,     1.220443,    -0.003687,
  1709.200,     1.574497,     1.113766,    -0.004906,
  1709.250,     1.595557,     1.030876,    -0.006730,
  1709.300,     1.568316,     0.993686,    -0.012058,
  1709.350,     1.493598,     1.015238,    -0.006201,
  1709.400,     1.351491,     1.048356,    -0.007181,
  1709.450,     1.153969,     1.140385,    -0.005469,
  1709.500,     0.888923,     1.279681,    -0.006757,
  1709.550,     0.668467,     1.419368,    -0.007728,
  1709.600,     0.519236,     1.520826,    -0.008141,
  1709.650,     0.400366,     1.610550,    -0.004268,
  1709.700,     0.310820,     1.662439,    -0.006312,
  1709.750,     0.149127,     1.703517,    -0.002785,
  1709.800,    -0.001648,     1.703155,    -0.003857,
  1709.850,    -0.054551,     1.587031,     0.001350,
  1709.900,    -0.038069,     1.316544,    -0.005872,
  1709.950,     0.059617,     0.990432,    -0.001910,
  1710.000,     0.190881,     0.662223,    -0.006846,
  1710.050,     0.308545,     0.439506,    -0.004268,
  1710.100,     0.462340,     0.304805,    -0.002305,
  1710.150,     0.561847,     0.298283,    -0.004885,
  1710.200,     0.615767,     0.349277,    -0.003564,
  1710.250,     0.580758,     0.399695,    -0.005051,
  1710.300,     0.441152,     0.466908,    -0.008474,
  1710.350,     0.260337,     0.427609,    -0.011114,
  1710.400,     0.093972,     0.349779,    -0.011059,
  1710.450,    -0.057012,     0.249391,    -0.010438,
  1710.500,    -0.174813,     0.267603,    -0.008364,
  1710.550,    -0.232613,     0.425202,    -0.012238,
  1710.600,    -0.228744,     0.670064,    -0.008278,
  1710.650,    -0.260487,     0.961431,    -0.021593,
  1710.700,    -0.259710,     1.192651,    -0.012675,
  1710.750,    -0.193238,     1.314931,    -0.010833,
  1710.800,    -0.064036,     1.339182,    -0.015966,
  1710.850,     0.124438,     1.279172,    -0.012538,
  1710.900,     0.339008,     1.094842,    -0.016131,
  1710.950,     0.513586,     0.915425,    -0.018720,
  1711.000,     0.699356,     0.741791,    -0.023066,
  1711.050,     0.856668,     0.671570,    -0.014330,
  1711.100,     0.964741,     0.663055,    -0.016747,
  1711.150,     1.016572,     0.693004,    -0.018790,
  1711.200,     0.993375,     0.829999,    -0.015480,
  1711.250,     0.902041,     1.120037,    -0.012017,
  1711.300,     0.807196,     1.462619,    -0.014877,
  1711.350,     0.670465,     1.783571,    -0.011373,
  1711.400,     0.497418,     1.975077,    -0.012229,
  1711.450,     0.295953,     1.983953,    -0.007706,
  1711.500,     0.091812,     1.791444,    -0.008342,
  1711.550,    -0.068931,     1.416287,    -0.009359,
  1711.600,    -0.068482,     0.902035,    -0.013816,
  1711.650,     0.065216,     0.412966,    -0.007693,
  1711.700,     0.322339,     0.053998,    -0.011745,
  1711.750,     0.649502,    -0.022020,    -0.006260,
  1711.800,     1.005352,     0.139481,    -0.008318,
  1711.850,     1.242750,     0.468412,    -0.006568,
  1711.900,     1.361669,     0.870126,    -0.007333,
  1711.950,     1.300426,     1.249804,     0.001068,
  1712.000,     1.125180,     1.590034,    -0.002079,
  1712.050,     0.866473,     1.757380,     0.004996,
  1712.100,     0.584773,     1.704202,     0.005789,
  1712.150,     0.366701,     1.456662,    -0.003038,
  1712.200,     0.252057,     1.053388,    -0.001923,
  1712.250,     0.260397,     0.622955,    -0.001717,
  1712.300,     0.344743,     0.310986,    -0.002117,
  1712.350,     0.471122,     0.108602,    -0.004616,
  1712.400,     0.591749,     0.160012,    -0.002642,
  1712.450,     0.688312,     0.437557,    -0.006174,
  1712.500,     0.767595,     0.908591,    -0.003745,
  1712.550,     0.745732,     1.471358,    -0.006759,
  1712.600,     0.655534,     1.942300,    -0.010277,
  1712.650,     0.506749,     2.241039,    -0.008034,
  1712.700,     0.410919,     2.315176,    -0.007518,
  1712.750,     0.359650,     2.166940,    -0.003090,
  1712.800,     0.362658,     1.869105,    -0.008716,
  1712.850,     0.445082,     1.530207,    -0.010415,
  1712.900,     0.564824,     1.262102,    -0.014923,
  1712.950,     0.747599,     1.160561,    -0.006138,
  1713.000,     0.923540,     1.214127,    -0.010462,
  1713.050,     1.031873,     1.422144,    -0.011984,
  1713.100,     1.026824,     1.647660,    -0.016089,
  1713.150,     0.932967,     1.855765,    -0.006971,
  1713.200,     0.835076,     1.931107,    -0.018062,
  1713.250,     0.748925,     1.816466,    -0.013733,
  1713.300,     0.629166,     1.621859,    -0.016948,
  1713.350,     0.545381,     1.351444,    -0.013301,
  1713.400,     0.512761,     1.063327,    -0.018214,
  1713.450,     0.476639,     0.848513,    -0.017821,
  1713.500,     0.508122,     0.704341,    -0.016796,
  1713.550,     0.577951,     0.688907,    -0.018937,
  1713.600,     0.671425,     0.819090,    -0.009147,
  1713.650,     0.770529,     1.103136,    -0.013509,
  1713.700,     0.791394,     1.409114,    -0.009117,
  1713.750,     0.793156,     1.692225,    -0.017297,
  1713.800,     0.770504,     1.811971,    -0.013386,
  1713.850,     0.746764,     1.754821,    -0.010262,
  1713.900,     0.712955,     1.591743,    -0.010993,
  1713.950,     0.654743,     1.231281,    -0.010443,
  1714.000,     0.539161,     0.797407,    -0.006242,
  1714.050,     0.414919,     0.365158,    -0.014135,
  1714.100,     0.318623,     0.034516,    -0.002068,
  1714.150,     0.222039,    -0.026658,    -0.006226,
  1714.200,     0.173372,     0.184675,    -0.004932,
  1714.250,     0.073830,     0.606210,    -0.003656,
  1714.300,     0.001073,     1.089649,    -0.004177,
  1714.350,    -0.074383,     1.490815,    -0.007573,
  1714.400,    -0.157998,     1.707233,    -0.009959,
  1714.450,    -0.257639,     1.719465,    -0.004006,
  1714.500,    -0.328328,     1.513489,    -0.002187,
  1714.550,    -0.335166,     1.197705,    -0.004538,
  1714.600,    -0.248108,     0.856871,    -0.002272,
  1714.650,    -0.055895,     0.634544,     0.000603,
  1714.700,     0.144958,     0.617475,    -0.001790,
  1714.750,     0.344691,     0.725275,    -0.000097,
  1714.800,     0.462566,     0.924123,    -0.007970,
  1714.850,     0.506349,     1.106387,    -0.003321,
  1714.900,     0.480318,     1.103005,    -0.001840,
  1714.950,     0.368232,     0.913411,     0.001451,
  1715.000,     0.230134,     0.530180,    -0.007793,
  1715.050,     0.066580,     0.134683,    -0.011653,
  1715.100,    -0.058591,    -0.269910,    -0.012475,
  1715.150,    -0.115887,    -0.557224,    -0.010752,
  1715.200,    -0.128382,    -0.683033,    -0.011297,
  1715.250,    -0.030665,    -0.571705,    -0.010601,
  1715.300,     0.102398,    -0.304670,    -0.005154,
  1715.350,     0.321708,     0.078485,    -0.009976,
  1715.400,     0.526290,     0.538393,    -0.007346,
  1715.450,     0.632140,     1.028427,    -0.012506,
  1715.500,     0.655066,     1.502242,    -0.006148,
  1715.550,     0.553423,     1.844738,    -0.009792,
  1715.600,     0.349749,     1.933996,    -0.009935,
  1715.650,     0.095477,     1.728565,    -0.013591,
  1715.700,    -0.146499,     1.229859,    -0.010810,
  1715.750,    -0.240764,     0.540926,    -0.014803,
  1715.800,    -0.152313,    -0.165826,    -0.002590,
  1715.850,     0.075204,    -0.740224,    -0.008661,
  1715.900,     0.418602,    -1.057480,    -0.007236,
  1715.950,     0.762486,    -1.035766,    -0.002746,
  1716.000,     0.969818,    -0.629646,    -0.011071,
  1716.050,     1.118711,     0.073212,    -0.008847,
  1716.100,     1.131683,     0.854730,    -0.012779,
  1716.150,     0.992895,     1.581930,    -0.010457,
  1716.200,     0.742671,     2.064901,    -0.005903,
  1716.250,     0.451085,     2.253151,    -0.008947,
  1716.300,     0.144317,     2.119534,    -0.004201,
  1716.350,    -0.061933,     1.736978,    -0.011095,
  1716.400,    -0.192297,     1.250300,    -0.007518,
  1716.450,    -0.183990,     0.746373,    -0.008530,
  1716.500,    -0.011710,     0.391037,    -0.008892,
  1716.550,     0.296316,     0.223613,    -0.010416,
  1716.600,     0.651790,     0.227837,    -0.008924,
  1716.650,     1.008589,     0.283777,    -0.008182,
  1716.700,     1.224913,     0.363875,    -0.010155,
  1716.750,     1.276083,     0.414411,    -0.005230,
  1716.800,     1.159081,     0.382238,    -0.012231,
  1716.850,     0.924412,     0.386000,    -0.009796,
  1716.900,     0.614823,     0.413724,    -0.013810,
  1716.950,     0.333041,     0.532464,    -0.010393,
  1717.000,     0.104757,     0.767610,    -0.010322,
  1717.050,     0.033540,     1.103108,    -0.011093,
  1717.100,     0.123173,     1.447134,    -0.011897,
  1717.150,     0.277984,     1.758704,    -0.011061,
  1717.200,     0.481511,     1.913312,    -0.007088,
  1717.250,     0.610280,     1.989301,    -0.009567,
  1717.300,     0.676976,     1.956454,    -0.014172,
  1717.350,     0.612777,     1.767766,    -0.010593,
  1717.400,     0.491760,     1.530295,    -0.006279,
  1717.450,     0.373699,     1.168417,    -0.008068,
  1717.500,     0.264927,     0.812636,    -0.012781,
  1717.550,     0.239531,     0.407275,    -0.013291,
  1717.600,     0.226902,     0.038021,    -0.015365,
  1717.650,     0.316482,    -0.290806,    -0.006714,
  1717.700,     0.448218,    -0.475594,    -0.008697,
  1717.750,     0.612584,    -0.410213,    -0.006589,
  1717.800,     0.733514,    -0.052088,    -0.000743,
  1717.850,     0.734835,     0.457475,    -0.003882,
  1717.900,     0.637505,     0.988306,    -0.006307,
  1717.950,     0.468357,     1.415740,    -0.010848,
  1718.000,     0.194257,     1.668179,    -0.007664,
  1718.050,    -0.093596,     1.705765,    -0.006360,
  1718.100,    -0.410358,     1.583977,    -0.006901,
  1718.150,    -0.642049,     1.329943,    -0.008503,
  1718.200,    -0.703884,     1.036802,    -0.000087,
  1718.250,    -0.523673,     0.768220,    -0.013089,
  1718.300,    -0.153568,     0.553401,    -0.005127,
  1718.350,     0.328479,     0.472896,    -0.007808,
  1718.400,     0.797081,     0.491900,    -0.011257,
  1718.450,     1.213478,     0.624468,    -0.010004,
  1718.500,     1.463910,     0.761028,    -0.014071,
  1718.550,     1.587682,     0.885877,    -0.012111,
  1718.600,     1.529474,     0.965360,    -0.013121,
  1718.650,     1.401042,     1.019752,    -0.016007,
  1718.700,     1.274898,     1.055398,    -0.014761,
  1718.750,     1.203911,     1.122704,    -0.017018,
  1718.800,     1.270242,     1.344286,    -0.014388,
  1718.850,     1.395818,     1.613377,    -0.015790,
  1718.900,     1.513634,     1.994283,    -0.016240,
  1718.950,     1.603041,     2.344918,    -0.010300,
  1719.000,     1.536355,     2.580013,    -0.015455,
  1719.050,     1.345167,     2.720220,    -0.013498,
  1719.100,     1.010915,     2.634843,    -0.016668,
  1719.150,     0.674836,     2.351094,    -0.010690,
  1719.200,     0.366066,     1.910511,    -0.014076,
  1719.250,     0.155479,     1.332618,    -0.008992,
  1719.300,     0.078049,     0.717710,    -0.011814,
  1719.350,     0.150659,     0.149211,    -0.005743,
  1719.400,     0.331186,    -0.231224,    -0.005014,
  1719.450,     0.540114,    -0.365955,    -0.005778,
  1719.500,     0.732328,    -0.252983,    -0.003007,
  1719.550,     0.876167,     0.065889,    -0.003589,
  1719.600,     0.972929,     0.584058,    -0.001688,
  1719.650,     0.919050,     1.177586,    -0.003349,
  1719.700,     0.721360,     1.803306,    -0.001621,
  1719.750,     0.320071,     2.287425,    -0.001442,
  1719.800,    -0.175654,     2.540220,    -0.005793,
  1719.850,    -0.638895,     2.506058,    -0.000668,
  1719.900,    -0.993556,     2.308830,    -0.004186,
  1719.950,    -1.143654,     1.970036,    -0.005941,
  1720.000,    -1.061339,     1.608460,    -0.013511,

