Time_abs/ps, Signal 1/nA, Ref.signal 1/nA, Signal 2/nA, Ref.signal 2/nA
  1600.000,     0.004599,     0.007615,    -0.003299,
  1600.050,    -0.004353,    -0.004646,    -0.003337,
  1600.100,    -0.007071,     0.011497,    -0.001630,
  1600.150,    -0.006927,    -0.005388,     0.005828,
  1600.200,     0.013752,    -0.009079,     0.002438,
  1600.250,     0.012124,    -0.022884,     0.005095,
  1600.300,    -0.005823,    -0.011605,    -0.000247,
  1600.350,    -0.002464,     0.000561,     0.006460,
  1600.400,     0.021123,     0.010459,     0.006918,
  1600.450,     0.008246,     0.008771,     0.007756,
  1600.500,    -0.001395,    -0.000034,     0.006331,
  1600.550,     0.001565,    -0.009125,     0.008262,
  1600.600,    -0.000349,    -0.021215,     0.005255,
  1600.650,     0.010547,    -0.028924,     0.004714,
  1600.700,     0.003935,    -0.024922,     0.007230,
  1600.750,    -0.016042,    -0.033412,     0.008126,
  1600.800,    -0.007088,    -0.027306,     0.004981,
  1600.850,    -0.009291,    -0.001638,    -0.000924,
  1600.900,    -0.013804,    -0.017430,     0.010176,
  1600.950,    -0.020463,    -0.006954,    -0.004148,
  1601.000,    -0.023416,    -0.025601,     0.000183,
  1601.050,    -0.015309,    -0.025349,    -0.001367,
  1601.100,    -0.043835,    -0.009534,    -0.001536,
  1601.150,    -0.042231,    -0.028449,    -0.004789,
  1601.200,    -0.033944,    -0.018410,    -0.000056,
  1601.250,    -0.036027,    -0.022588,    -0.001561,
  1601.300,    -0.030310,    -0.037640,    -0.013208,
  1601.350,    -0.049355,    -0.024145,    -0.006542,
  1601.400,    -0.043168,    -0.019708,    -0.002998,
  1601.450,    -0.062843,    -0.036830,     0.001105,
  1601.500,    -0.045701,    -0.020360,    -0.004239,
  1601.550,    -0.024946,    -0.021295,     0.001301,
  1601.600,    -0.039560,    -0.019094,    -0.004883,
  1601.650,    -0.052929,    -0.038961,     0.004336,
  1601.700,    -0.060967,    -0.039712,    -0.000112,
  1601.750,    -0.051923,    -0.046448,     0.005498,
  1601.800,    -0.046097,    -0.049859,     0.004127,
  1601.850,    -0.052782,    -0.056273,     0.006506,
  1601.900,    -0.052141,    -0.066449,     0.000699,
  1601.950,    -0.046881,    -0.072077,     0.005112,
  1602.000,    -0.058615,    -0.063971,     0.006403,
  1602.050,    -0.091003,    -0.049452,     0.001861,
  1602.100,    -0.051183,    -0.059367,     0.002169,
  1602.150,    -0.077388,    -0.063293,     0.010800,
  1602.200,    -0.061683,    -0.057947,     0.010235,
  1602.250,    -0.044506,    -0.047525,     0.007256,
  1602.300,    -0.070736,    -0.066134,     0.010480,
  1602.350,    -0.068812,    -0.074133,     0.005414,
  1602.400,    -0.053778,    -0.077379,     0.011722,
  1602.450,    -0.071426,    -0.060169,    -0.000937,
  1602.500,    -0.074191,    -0.080268,     0.002683,
  1602.550,    -0.078449,    -0.067907,     0.003827,
  1602.600,    -0.075574,    -0.099132,    -0.001836,
  1602.650,    -0.053059,    -0.079462,    -0.000324,
  1602.700,    -0.065878,    -0.061615,    -0.001049,
  1602.750,    -0.052439,    -0.055587,     0.000008,
  1602.800,    -0.060613,    -0.049285,    -0.003493,
  1602.850,    -0.087810,    -0.061351,    -0.005635,
  1602.900,    -0.053811,    -0.051576,    -0.005123,
  1602.950,    -0.061926,    -0.030425,    -0.003845,
  1603.000,    -0.067241,    -0.045516,    -0.003768,
  1603.050,    -0.062174,    -0.046597,    -0.009270,
  1603.100,    -0.069575,    -0.041525,    -0.005020,
  1603.150,    -0.054549,    -0.058770,    -0.003291,
  1603.200,    -0.063687,    -0.067038,    -0.004729,
  1603.250,    -0.088535,    -0.060943,    -0.000060,
  1603.300,    -0.058166,    -0.046130,    -0.003941,
  1603.350,    -0.060169,    -0.044856,    -0.007685,
  1603.400,    -0.052839,    -0.048941,    -0.003079,
  1603.450,    -0.065072,    -0.057768,     0.001589,
  1603.500,    -0.069916,    -0.061647,     0.003970,
  1603.550,    -0.067764,    -0.072860,     0.005523,
  1603.600,    -0.061309,    -0.050958,     0.004332,
  1603.650,    -0.057126,    -0.058043,     0.010177,
  1603.700,    -0.070386,    -0.046480,     0.004663,
  1603.750,    -0.061167,    -0.039911,     0.006988,
  1603.800,    -0.055552,    -0.055079,     0.006015,
  1603.850,    -0.069430,    -0.055890,     0.007015,
  1603.900,    -0.054210,    -0.060794,     0.007220,
  1603.950,    -0.053586,    -0.056321,     0.006856,
  1604.000,    -0.064819,    -0.053461,     0.010481,
  1604.050,    -0.068001,    -0.061511,     0.009129,
  1604.100,    -0.065532,    -0.073083,     0.005182,
  1604.150,    -0.074199,    -0.058812,     0.009279,
  1604.200,    -0.088292,    -0.056921,     0.010767,
  1604.250,    -0.061759,    -0.052816,     0.010680,
  1604.300,    -0.060626,    -0.051204,     0.010557,
  1604.350,    -0.067274,    -0.050098,     0.005908,
  1604.400,    -0.069207,    -0.051308,     0.004282,
  1604.450,    -0.062166,    -0.055452,     0.002272,
  1604.500,    -0.057817,    -0.068069,     0.004398,
  1604.550,    -0.056835,    -0.050001,     0.002555,
  1604.600,    -0.054482,    -0.060544,     0.002056,
  1604.650,    -0.055890,    -0.066102,     0.001604,
  1604.700,    -0.062274,    -0.067510,    -0.000592,
  1604.750,    -0.058731,    -0.069713,    -0.006668,
  1604.800,    -0.062808,    -0.075049,    -0.004731,
  1604.850,    -0.064929,    -0.068252,    -0.002535,
  1604.900,    -0.059975,    -0.068048,    -0.005657,
  1604.950,    -0.073613,    -0.057182,    -0.008343,
  1605.000,    -0.069658,    -0.074073,    -0.003231,
  1605.050,    -0.069582,    -0.073767,     0.000883,
  1605.100,    -0.061849,    -0.058804,     0.003923,
  1605.150,    -0.047956,    -0.074817,    -0.004643,
  1605.200,    -0.056288,    -0.054424,    -0.005475,
  1605.250,    -0.049593,    -0.059604,    -0.000889,
  1605.300,    -0.059606,    -0.073760,    -0.002361,
  1605.350,    -0.043401,    -0.080658,    -0.001204,
  1605.400,    -0.048274,    -0.064059,    -0.001983,
  1605.450,    -0.069720,    -0.066206,    -0.001021,
  1605.500,    -0.052597,    -0.061892,     0.002737,
  1605.550,    -0.070603,    -0.056416,     0.007260,
  1605.600,    -0.052617,    -0.060449,     0.009496,
  1605.650,    -0.064532,    -0.062375,     0.005019,
  1605.700,    -0.080591,    -0.064690,    -0.001309,
  1605.750,    -0.076116,    -0.067201,     0.000550,
  1605.800,    -0.086393,    -0.053317,     0.002900,
  1605.850,    -0.069084,    -0.075328,     0.003686,
  1605.900,    -0.050241,    -0.081720,     0.003359,
  1605.950,    -0.075854,    -0.084957,     0.004352,
  1606.000,    -0.089021,    -0.063255,     0.006676,
  1606.050,    -0.081798,    -0.061329,     0.006937,
  1606.100,    -0.086550,    -0.043735,     0.006837,
  1606.150,    -0.077479,    -0.050841,     0.008436,
  1606.200,    -0.071891,    -0.062682,     0.008727,
  1606.250,    -0.062245,    -0.048538,     0.007804,
  1606.300,    -0.061736,    -0.051206,     0.008504,
  1606.350,    -0.058941,    -0.056931,     0.005360,
  1606.400,    -0.069196,    -0.061721,     0.007568,
  1606.450,    -0.079466,    -0.077838,     0.000733,
  1606.500,    -0.054900,    -0.075351,     0.000073,
  1606.550,    -0.059495,    -0.045355,     0.004516,
  1606.600,    -0.065000,    -0.075436,     0.003318,
  1606.650,    -0.055105,    -0.075216,    -0.002582,
  1606.700,    -0.056616,    -0.067222,     0.007302,
  1606.750,    -0.093192,    -0.063340,     0.006068,
  1606.800,    -0.078443,    -0.069187,     0.000611,
  1606.850,    -0.066756,    -0.065506,    -0.002260,
  1606.900,    -0.082241,    -0.051772,     0.001932,
  1606.950,    -0.073908,    -0.049198,     0.002120,
  1607.000,    -0.054489,    -0.044549,    -0.002575,
  1607.050,    -0.060729,    -0.057717,    -0.002297,
  1607.100,    -0.064576,    -0.057853,    -0.001833,
  1607.150,    -0.062425,    -0.075347,    -0.005030,
  1607.200,    -0.064787,    -0.075670,     0.000731,
  1607.250,    -0.063170,    -0.067853,     0.001850,
  1607.300,    -0.065169,    -0.065862,    -0.005501,
  1607.350,    -0.063787,    -0.091792,    -0.005315,
  1607.400,    -0.088831,    -0.095613,    -0.005622,
  1607.450,    -0.094365,    -0.089350,    -0.007288,
  1607.500,    -0.095168,    -0.075400,    -0.007251,
  1607.550,    -0.092468,    -0.104859,    -0.001617,
  1607.600,    -0.097284,    -0.098777,    -0.004689,
  1607.650,    -0.117560,    -0.092790,     0.005049,
  1607.700,    -0.109769,    -0.102410,     0.002044,
  1607.750,    -0.113677,    -0.103796,     0.002082,
  1607.800,    -0.137738,    -0.101278,     0.001824,
  1607.850,    -0.133925,    -0.124529,     0.002429,
  1607.900,    -0.152753,    -0.136633,     0.006068,
  1607.950,    -0.156651,    -0.124998,     0.003741,
  1608.000,    -0.160491,    -0.137278,     0.005862,
  1608.050,    -0.156067,    -0.131250,     0.007523,
  1608.100,    -0.133980,    -0.141260,     0.001232,
  1608.150,    -0.137591,    -0.161652,    -0.001991,
  1608.200,    -0.149485,    -0.162870,     0.005077,
  1608.250,    -0.128411,    -0.156415,     0.005547,
  1608.300,    -0.123326,    -0.147483,     0.005897,
  1608.350,    -0.139210,    -0.147606,     0.004453,
  1608.400,    -0.125311,    -0.157783,     0.007718,
  1608.450,    -0.103496,    -0.149063,     0.002216,
  1608.500,    -0.116473,    -0.130967,     0.001348,
  1608.550,    -0.120371,    -0.132564,     0.007919,
  1608.600,    -0.095534,    -0.131408,     0.004167,
  1608.650,    -0.112387,    -0.119437,     0.006924,
  1608.700,    -0.106857,    -0.132012,     0.009787,
  1608.750,    -0.077529,    -0.130531,     0.006729,
  1608.800,    -0.083596,    -0.127366,     0.006148,
  1608.850,    -0.084858,    -0.114349,     0.008093,
  1608.900,    -0.093078,    -0.118084,     0.008508,
  1608.950,    -0.099253,    -0.108535,     0.003741,
  1609.000,    -0.095345,    -0.122791,     0.007585,
  1609.050,    -0.076091,    -0.112637,     0.003507,
  1609.100,    -0.052840,    -0.100752,     0.000655,
  1609.150,    -0.077995,    -0.101737,     0.004712,
  1609.200,    -0.071190,    -0.083625,     0.002270,
  1609.250,    -0.069383,    -0.090299,     0.001059,
  1609.300,    -0.059510,    -0.092264,    -0.000129,
  1609.350,    -0.060158,    -0.063074,    -0.003931,
  1609.400,    -0.076189,    -0.072413,    -0.004053,
  1609.450,    -0.068519,    -0.097468,    -0.004403,
  1609.500,    -0.043019,    -0.062004,    -0.005544,
  1609.550,    -0.047480,    -0.074665,    -0.006422,
  1609.600,    -0.057137,    -0.082541,    -0.001270,
  1609.650,    -0.063743,    -0.095405,    -0.002642,
  1609.700,    -0.067002,    -0.072481,    -0.005574,
  1609.750,    -0.065129,    -0.073364,    -0.009383,
  1609.800,    -0.063116,    -0.048757,    -0.007790,
  1609.850,    -0.064059,    -0.050317,    -0.005166,
  1609.900,    -0.077494,    -0.050132,    -0.008966,
  1609.950,    -0.084538,    -0.052159,    -0.002160,
  1610.000,    -0.107213,    -0.076507,     0.000001,
  1610.050,    -0.109951,    -0.090168,    -0.002067,
  1610.100,    -0.107381,    -0.092489,    -0.000067,
  1610.150,    -0.114109,    -0.092585,     0.001014,
  1610.200,    -0.131056,    -0.087222,     0.000556,
  1610.250,    -0.118028,    -0.102442,     0.000518,
  1610.300,    -0.095920,    -0.110517,     0.003385,
  1610.350,    -0.129375,    -0.117500,     0.008023,
  1610.400,    -0.132765,    -0.123959,     0.001555,
  1610.450,    -0.135702,    -0.132789,     0.001106,
  1610.500,    -0.119344,    -0.137259,     0.007711,
  1610.550,    -0.121780,    -0.141640,     0.007559,
  1610.600,    -0.151099,    -0.131035,     0.009297,
  1610.650,    -0.148582,    -0.137492,     0.007547,
  1610.700,    -0.135648,    -0.131505,     0.003149,
  1610.750,    -0.163794,    -0.161033,     0.006158,
  1610.800,    -0.163981,    -0.172221,     0.006042,
  1610.850,    -0.157078,    -0.194941,     0.009826,
  1610.900,    -0.169759,    -0.172747,     0.005817,
  1610.950,    -0.178784,    -0.179672,     0.006401,
  1611.000,    -0.196258,    -0.196484,     0.006138,
  1611.050,    -0.198724,    -0.217035,     0.009040,
  1611.100,    -0.195642,    -0.213329,     0.011697,
  1611.150,    -0.200209,    -0.239635,     0.007696,
  1611.200,    -0.189080,    -0.240099,     0.005084,
  1611.250,    -0.176796,    -0.215287,     0.002418,
  1611.300,    -0.185560,    -0.217257,     0.000194,
  1611.350,    -0.196089,    -0.223915,     0.001396,
  1611.400,    -0.186217,    -0.225158,     0.000313,
  1611.450,    -0.178295,    -0.227445,     0.000561,
  1611.500,    -0.177633,    -0.219021,     0.000942,
  1611.550,    -0.188474,    -0.196926,    -0.003695,
  1611.600,    -0.191262,    -0.221091,    -0.004731,
  1611.650,    -0.182058,    -0.212736,    -0.000251,
  1611.700,    -0.188881,    -0.199161,    -0.001792,
  1611.750,    -0.182498,    -0.192209,    -0.006107,
  1611.800,    -0.195703,    -0.199529,    -0.006460,
  1611.850,    -0.204320,    -0.174264,    -0.006913,
  1611.900,    -0.204596,    -0.168421,    -0.001275,
  1611.950,    -0.189301,    -0.185613,    -0.003065,
  1612.000,    -0.197262,    -0.193127,    -0.005656,
  1612.050,    -0.198900,    -0.202004,     0.000339,
  1612.100,    -0.190417,    -0.203686,    -0.005967,
  1612.150,    -0.190668,    -0.192196,    -0.008495,
  1612.200,    -0.202938,    -0.228909,    -0.007518,
  1612.250,    -0.181063,    -0.217702,    -0.006173,
  1612.300,    -0.188921,    -0.218946,    -0.003960,
  1612.350,    -0.194350,    -0.226065,     0.002696,
  1612.400,    -0.189632,    -0.209106,     0.003654,
  1612.450,    -0.200449,    -0.219318,    -0.000770,
  1612.500,    -0.203127,    -0.206316,    -0.002764,
  1612.550,    -0.189871,    -0.213026,    -0.003382,
  1612.600,    -0.215143,    -0.230964,     0.003698,
  1612.650,    -0.225966,    -0.237960,     0.004402,
  1612.700,    -0.219626,    -0.240506,    -0.000150,
  1612.750,    -0.235119,    -0.236160,     0.004387,
  1612.800,    -0.237163,    -0.233167,     0.005141,
  1612.850,    -0.226503,    -0.256656,     0.002750,
  1612.900,    -0.197931,    -0.239617,     0.008251,
  1612.950,    -0.232859,    -0.245471,     0.009207,
  1613.000,    -0.229301,    -0.262886,     0.012508,
  1613.050,    -0.219453,    -0.251333,     0.007345,
  1613.100,    -0.227721,    -0.256567,     0.012189,
  1613.150,    -0.236242,    -0.244889,     0.010352,
  1613.200,    -0.240707,    -0.267568,     0.009657,
  1613.250,    -0.230064,    -0.263436,     0.008155,
  1613.300,    -0.235911,    -0.261406,     0.009654,
  1613.350,    -0.244163,    -0.262316,     0.007778,
  1613.400,    -0.258665,    -0.263597,     0.003581,
  1613.450,    -0.260352,    -0.263895,     0.004922,
  1613.500,    -0.259582,    -0.253962,     0.006095,
  1613.550,    -0.255387,    -0.267384,     0.004419,
  1613.600,    -0.271823,    -0.282852,     0.003052,
  1613.650,    -0.295813,    -0.294390,     0.007048,
  1613.700,    -0.300130,    -0.269291,     0.003711,
  1613.750,    -0.294847,    -0.296063,     0.006439,
  1613.800,    -0.290516,    -0.295676,     0.002229,
  1613.850,    -0.296074,    -0.290447,    -0.001331,
  1613.900,    -0.296233,    -0.308364,     0.002324,
  1613.950,    -0.316074,    -0.311033,     0.001678,
  1614.000,    -0.320102,    -0.298176,    -0.005976,
  1614.050,    -0.310164,    -0.320096,    -0.001050,
  1614.100,    -0.320107,    -0.327092,    -0.005112,
  1614.150,    -0.328186,    -0.336267,    -0.003674,
  1614.200,    -0.327007,    -0.347295,    -0.000215,
  1614.250,    -0.340294,    -0.345886,    -0.009022,
  1614.300,    -0.326637,    -0.330335,    -0.005124,
  1614.350,    -0.326521,    -0.335595,     0.004073,
  1614.400,    -0.314315,    -0.326397,     0.001367,
  1614.450,    -0.319570,    -0.335081,    -0.002450,
  1614.500,    -0.324950,    -0.341281,    -0.002460,
  1614.550,    -0.323997,    -0.341916,     0.002865,
  1614.600,    -0.330817,    -0.342900,     0.004539,
  1614.650,    -0.327748,    -0.342125,    -0.003322,
  1614.700,    -0.321995,    -0.318097,    -0.002536,
  1614.750,    -0.330445,    -0.315540,     0.000368,
  1614.800,    -0.330058,    -0.298863,     0.002201,
  1614.850,    -0.339941,    -0.298416,     0.003604,
  1614.900,    -0.351787,    -0.312369,     0.001187,
  1614.950,    -0.344905,    -0.298750,    -0.002919,
  1615.000,    -0.345359,    -0.299329,    -0.000799,
  1615.050,    -0.363638,    -0.316875,     0.000226,
  1615.100,    -0.372753,    -0.339941,    -0.003057,
  1615.150,    -0.388947,    -0.354372,    -0.003696,
  1615.200,    -0.400849,    -0.349586,     0.000590,
  1615.250,    -0.412636,    -0.375272,    -0.001757,
  1615.300,    -0.411261,    -0.391255,    -0.001939,
  1615.350,    -0.396427,    -0.412063,     0.001318,
  1615.400,    -0.414456,    -0.422098,     0.003219,
  1615.450,    -0.419689,    -0.408363,     0.006415,
  1615.500,    -0.392259,    -0.404922,     0.002901,
  1615.550,    -0.417744,    -0.411461,     0.007097,
  1615.600,    -0.432455,    -0.401083,     0.010561,
  1615.650,    -0.430262,    -0.408784,     0.004996,
  1615.700,    -0.434797,    -0.415894,     0.001297,
  1615.750,    -0.437052,    -0.406058,     0.004031,
  1615.800,    -0.431670,    -0.429032,     0.004159,
  1615.850,    -0.468069,    -0.454615,     0.003360,
  1615.900,    -0.466543,    -0.455064,     0.001604,
  1615.950,    -0.459293,    -0.455368,     0.000712,
  1616.000,    -0.458534,    -0.466990,     0.001800,
  1616.050,    -0.465256,    -0.474880,     0.006234,
  1616.100,    -0.471372,    -0.480263,     0.008326,
  1616.150,    -0.470734,    -0.480738,     0.001974,
  1616.200,    -0.470313,    -0.476577,     0.000754,
  1616.250,    -0.501854,    -0.483261,     0.002727,
  1616.300,    -0.492557,    -0.490949,    -0.001639,
  1616.350,    -0.491338,    -0.490765,     0.002970,
  1616.400,    -0.497833,    -0.495713,     0.002916,
  1616.450,    -0.494794,    -0.492477,    -0.000455,
  1616.500,    -0.502154,    -0.503176,     0.003145,
  1616.550,    -0.512052,    -0.526755,     0.004121,
  1616.600,    -0.518075,    -0.506274,     0.000767,
  1616.650,    -0.495726,    -0.492097,    -0.002752,
  1616.700,    -0.506657,    -0.494707,     0.000699,
  1616.750,    -0.508614,    -0.491688,    -0.001805,
  1616.800,    -0.508878,    -0.491173,    -0.001037,
  1616.850,    -0.496683,    -0.493725,     0.007188,
  1616.900,    -0.489522,    -0.487156,     0.002827,
  1616.950,    -0.498973,    -0.489569,    -0.001729,
  1617.000,    -0.485066,    -0.506868,     0.002629,
  1617.050,    -0.484029,    -0.487291,     0.001688,
  1617.100,    -0.466747,    -0.474220,    -0.002161,
  1617.150,    -0.468804,    -0.483483,     0.002271,
  1617.200,    -0.470313,    -0.473541,     0.007325,
  1617.250,    -0.473174,    -0.474562,     0.006186,
  1617.300,    -0.459287,    -0.456456,     0.004478,
  1617.350,    -0.438674,    -0.446705,     0.003095,
  1617.400,    -0.427426,    -0.459078,    -0.001200,
  1617.450,    -0.424853,    -0.445847,     0.002581,
  1617.500,    -0.422741,    -0.438835,     0.004873,
  1617.550,    -0.391729,    -0.433537,     0.004435,
  1617.600,    -0.392421,    -0.436497,     0.002604,
  1617.650,    -0.375722,    -0.418269,     0.001675,
  1617.700,    -0.363417,    -0.416141,     0.002724,
  1617.750,    -0.339917,    -0.407228,     0.008000,
  1617.800,    -0.317714,    -0.401720,     0.004679,
  1617.850,    -0.293780,    -0.380863,     0.001497,
  1617.900,    -0.248418,    -0.371745,     0.000273,
  1617.950,    -0.208957,    -0.338327,     0.000314,
  1618.000,    -0.157817,    -0.281234,     0.005123,
  1618.050,    -0.104290,    -0.232384,     0.009979,
  1618.100,    -0.070269,    -0.193871,     0.002549,
  1618.150,    -0.048146,    -0.161821,    -0.003302,
  1618.200,    -0.078318,    -0.119875,    -0.000396,
  1618.250,    -0.158507,    -0.077524,     0.000429,
  1618.300,    -0.308326,    -0.071774,     0.003499,
  1618.350,    -0.556500,    -0.087374,     0.002016,
  1618.400,    -0.871877,    -0.196099,    -0.004249,
  1618.450,    -1.276340,    -0.348139,    -0.001960,
  1618.500,    -1.718682,    -0.610612,    -0.001488,
  1618.550,    -2.101182,    -0.952923,    -0.003044,
  1618.600,    -2.400318,    -1.333053,     0.000361,
  1618.650,    -2.519950,    -1.743931,    -0.003415,
  1618.700,    -2.395457,    -2.126887,    -0.002394,
  1618.750,    -2.112498,    -2.394161,    -0.002664,
  1618.800,    -1.704321,    -2.457728,     0.003246,
  1618.850,    -1.265766,    -2.309845,    -0.000941,
  1618.900,    -0.881190,    -1.995652,    -0.000845,
  1618.950,    -0.569288,    -1.602009,     0.004175,
  1619.000,    -0.333337,    -1.184876,     0.007932,
  1619.050,    -0.189425,    -0.797805,     0.000206,
  1619.100,    -0.134267,    -0.520714,    -0.003179,
  1619.150,    -0.124677,    -0.297820,     0.007491,
  1619.200,    -0.154469,    -0.164513,     0.002877,
  1619.250,    -0.226048,    -0.133796,     0.000805,
  1619.300,    -0.311943,    -0.141140,     0.005887,
  1619.350,    -0.375762,    -0.189173,     0.007751,
  1619.400,    -0.454677,    -0.272831,     0.007310,
  1619.450,    -0.515917,    -0.366149,     0.006662,
  1619.500,    -0.547437,    -0.414662,     0.007186,
  1619.550,    -0.545202,    -0.486669,     0.008812,
  1619.600,    -0.548705,    -0.532702,     0.005396,
  1619.650,    -0.564598,    -0.559336,     0.003003,
  1619.700,    -0.589811,    -0.580338,     0.004648,
  1619.750,    -0.603772,    -0.589772,     0.003408,
  1619.800,    -0.639925,    -0.591029,     0.003204,
  1619.850,    -0.671799,    -0.607447,     0.006518,
  1619.900,    -0.695683,    -0.624791,     0.003070,
  1619.950,    -0.713525,    -0.651564,    -0.001238,
  1620.000,    -0.755106,    -0.699427,     0.000629,
  1620.050,    -0.770917,    -0.712156,     0.001564,
  1620.100,    -0.774417,    -0.740053,     0.002128,
  1620.150,    -0.789224,    -0.779035,    -0.000644,
  1620.200,    -0.763247,    -0.777557,    -0.002960,
  1620.250,    -0.767443,    -0.783301,     0.002913,
  1620.300,    -0.759249,    -0.795376,    -0.001562,
  1620.350,    -0.766881,    -0.762885,    -0.007375,
  1620.400,    -0.781994,    -0.756703,     0.000723,
  1620.450,    -0.786927,    -0.755122,    -0.000547,
  1620.500,    -0.791608,    -0.759587,    -0.009107,
  1620.550,    -0.786798,    -0.770126,    -0.002882,
  1620.600,    -0.797944,    -0.762379,    -0.004798,
  1620.650,    -0.827784,    -0.799293,    -0.006926,
  1620.700,    -0.841157,    -0.826538,     0.001394,
  1620.750,    -0.841006,    -0.825007,     0.002683,
  1620.800,    -0.872958,    -0.836559,    -0.002812,
  1620.850,    -0.865552,    -0.864981,     0.000091,
  1620.900,    -0.869644,    -0.872562,    -0.003571,
  1620.950,    -0.882792,    -0.863349,    -0.002460,
  1621.000,    -0.894247,    -0.892779,     0.003938,
  1621.050,    -0.945816,    -0.900679,    -0.001304,
  1621.100,    -0.964080,    -0.903279,    -0.000514,
  1621.150,    -1.004205,    -0.929399,    -0.002495,
  1621.200,    -1.032919,    -0.946151,     0.001778,
  1621.250,    -1.050472,    -0.973433,     0.004533,
  1621.300,    -1.061846,    -1.002156,    -0.002222,
  1621.350,    -1.022714,    -1.031033,     0.000725,
  1621.400,    -1.003609,    -1.055723,     0.007073,
  1621.450,    -0.950770,    -1.082439,     0.004201,
  1621.500,    -0.891449,    -1.040745,     0.005669,
  1621.550,    -0.844593,    -1.007067,     0.002809,
  1621.600,    -0.813012,    -0.969472,    -0.001659,
  1621.650,    -0.804343,    -0.923275,     0.002647,
  1621.700,    -0.790062,    -0.868363,     0.002526,
  1621.750,    -0.807345,    -0.839668,     0.004469,
  1621.800,    -0.847429,    -0.839075,     0.009287,
  1621.850,    -0.882636,    -0.835832,     0.005676,
  1621.900,    -0.899503,    -0.868083,     0.007184,
  1621.950,    -0.897676,    -0.905803,     0.006589,
  1622.000,    -0.918290,    -0.925178,     0.006243,
  1622.050,    -0.905684,    -0.925425,     0.009175,
  1622.100,    -0.899928,    -0.933014,     0.006098,
  1622.150,    -0.888146,    -0.943333,     0.002378,
  1622.200,    -0.881752,    -0.946160,     0.002310,
  1622.250,    -0.857666,    -0.947706,     0.000169,
  1622.300,    -0.841144,    -0.936598,    -0.000463,
  1622.350,    -0.802443,    -0.911204,     0.000856,
  1622.400,    -0.781479,    -0.902913,    -0.001934,
  1622.450,    -0.753547,    -0.885350,     0.001482,
  1622.500,    -0.729457,    -0.852988,     0.000068,
  1622.550,    -0.669257,    -0.809969,    -0.002111,
  1622.600,    -0.605280,    -0.785377,    -0.005841,
  1622.650,    -0.507919,    -0.742969,    -0.001727,
  1622.700,    -0.407501,    -0.686576,    -0.010855,
  1622.750,    -0.305531,    -0.613374,    -0.007379,
  1622.800,    -0.146096,    -0.510101,    -0.006421,
  1622.850,    -0.003454,    -0.403846,    -0.004011,
  1622.900,     0.095962,    -0.275957,    -0.003605,
  1622.950,     0.136259,    -0.136301,    -0.005894,
  1623.000,     0.061537,    -0.013895,    -0.008609,
  1623.050,    -0.215217,     0.097326,    -0.002763,
  1623.100,    -0.799408,     0.115637,    -0.000393,
  1623.150,    -1.817441,     0.008123,     0.002353,
  1623.200,    -3.385971,    -0.326249,    -0.001644,
  1623.250,    -5.587817,    -1.001347,    -0.002418,
  1623.300,    -8.379048,    -2.122518,    -0.000098,
  1623.350,   -11.496244,    -3.843026,     0.004105,
  1623.400,   -14.484306,    -6.190226,     0.004323,
  1623.450,   -16.687579,    -9.079033,     0.001359,
  1623.500,   -17.418756,   -12.222148,     0.001988,
  1623.550,   -16.175736,   -15.132563,     0.007914,
  1623.600,   -12.850524,   -17.125555,     0.006597,
  1623.650,    -7.957086,   -17.493563,     0.007926,
  1623.700,    -2.435186,   -15.827166,     0.007339,
  1623.750,     2.642355,   -12.123533,     0.007041,
  1623.800,     6.377448,    -6.997025,     0.008227,
  1623.850,     8.325812,    -1.427215,     0.005382,
  1623.900,     8.460692,     3.484423,     0.002953,
  1623.950,     7.124325,     6.934489,     0.003613,
  1624.000,     4.730741,     8.513791,     0.006109,
  1624.050,     1.820215,     8.337132,     0.003622,
  1624.100,    -1.067265,     6.748450,     0.005688,
  1624.150,    -3.390417,     4.178412,     0.007321,
  1624.200,    -4.955437,     1.205607,     0.004200,
  1624.250,    -5.788133,    -1.618595,     0.010566,
  1624.300,    -6.104226,    -3.847212,     0.007903,
  1624.350,    -6.010317,    -5.274983,    -0.000659,
  1624.400,    -5.487882,    -5.999073,     0.001787,
  1624.450,    -4.615800,    -6.210488,     0.003254,
  1624.500,    -3.618348,    -6.037645,     0.003342,
  1624.550,    -2.793604,    -5.448199,    -0.000327,
  1624.600,    -2.210335,    -4.513717,    -0.000783,
  1624.650,    -1.792493,    -3.507028,    -0.001048,
  1624.700,    -1.476974,    -2.713990,    -0.000906,
  1624.750,    -1.149344,    -2.169706,    -0.002951,
  1624.800,    -0.811901,    -1.805950,    -0.004206,
  1624.850,    -0.437381,    -1.469886,     0.001033,
  1624.900,     0.047912,    -1.140785,    -0.005359,
  1624.950,     0.732167,    -0.812284,    -0.004908,
  1625.000,     1.587818,    -0.407357,    -0.007059,
  1625.050,     2.577117,     0.132472,    -0.008633,
  1625.100,     3.704777,     0.838794,    -0.005492,
  1625.150,     4.875121,     1.727241,    -0.004905,
  1625.200,     6.051650,     2.765705,    -0.001548,
  1625.250,     7.258368,     3.889177,    -0.000853,
  1625.300,     8.492003,     5.077292,    -0.000801,
  1625.350,     9.774973,     6.273234,     0.002543,
  1625.400,    11.158679,     7.478472,     0.001500,
  1625.450,    12.697492,     8.746009,     0.000402,
  1625.500,    14.478835,    10.060120,    -0.003544,
  1625.550,    16.544380,    11.467869,    -0.006166,
  1625.600,    18.949414,    13.071246,     0.000216,
  1625.650,    21.755078,    14.898890,     0.003535,
  1625.700,    25.010119,    17.010325,    -0.003675,
  1625.750,    28.759179,    19.501218,     0.002684,
  1625.800,    33.070460,    22.428147,     0.005758,
  1625.850,    38.063283,    25.822997,     0.003872,
  1625.900,    43.847562,    29.700968,    -0.004000,
  1625.950,    50.511004,    34.164119,    -0.006077,
  1626.000,    58.233752,    39.328189,     0.001342,
  1626.050,    67.068473,    45.320874,     0.001150,
  1626.100,    76.924609,    52.213222,    -0.005294,
  1626.150,    87.603789,    60.173804,    -0.004288,
  1626.200,    98.629127,    69.234329,    -0.001373,
  1626.250,   108.960363,    79.317423,    -0.001668,
  1626.300,   116.963795,    90.147328,    -0.004389,
  1626.350,   120.009808,   101.149397,    -0.000059,
  1626.400,   114.203197,   111.240914,     0.002304,
  1626.450,    94.236699,   118.577158,     0.010147,
  1626.500,    53.644422,   120.330037,     0.020350,
  1626.550,   -14.263359,   112.301036,     0.027080,
  1626.600,  -114.411847,    88.936240,     0.034835,
  1626.650,  -247.368151,    43.654300,     0.042339,
  1626.700,  -406.398706,   -30.080523,     0.046895,
  1626.750,  -575.743179,  -136.599317,     0.039173,
  1626.800,  -730.573597,  -275.383844,     0.029523,
  1626.850,  -839.010444,  -438.202199,     0.021071,
  1626.900,  -866.940067,  -607.466873,     0.010655,
  1626.950,  -790.841385,  -756.832510,     0.013010,
  1627.000,  -612.570596,  -853.304042,     0.028046,
  1627.050,  -362.271217,  -863.652525,     0.031885,
  1627.100,   -86.086633,  -767.964910,     0.038083,
  1627.150,   172.195064,  -573.556554,     0.031853,
  1627.200,   383.003953,  -314.836492,     0.016936,
  1627.250,   531.336544,   -38.717001,     0.009395,
  1627.300,   610.199514,   213.204124,     0.001754,
  1627.350,   619.173929,   414.370761,    -0.009707,
  1627.400,   568.069053,   551.418659,    -0.019708,
  1627.450,   477.893915,   618.154752,    -0.023630,
  1627.500,   374.321123,   615.650001,    -0.025905,
  1627.550,   276.919801,   555.920794,    -0.020962,
  1627.600,   193.151906,   461.606808,    -0.017441,
  1627.650,   122.863060,   358.092630,    -0.021351,
  1627.700,    66.840685,   262.795631,    -0.018403,
  1627.750,    29.546928,   181.288099,    -0.017112,
  1627.800,    13.510121,   113.143369,    -0.015899,
  1627.850,    13.382296,    59.884677,    -0.010792,
  1627.900,    18.458773,    26.164406,    -0.011766,
  1627.950,    20.763652,    13.388737,    -0.014863,
  1628.000,    18.994524,    14.807836,    -0.017928,
  1628.050,    14.644190,    19.605023,    -0.013001,
  1628.100,     7.826465,    20.976186,    -0.008065,
  1628.150,    -1.892986,    18.573325,    -0.004400,
  1628.200,   -13.183154,    13.737354,    -0.005157,
  1628.250,   -23.410220,     6.294082,    -0.003676,
  1628.300,   -30.470040,    -3.942722,    -0.006345,
  1628.350,   -33.174813,   -15.291041,    -0.008655,
  1628.400,   -30.728605,   -25.115936,    -0.002235,
  1628.450,   -24.033582,   -31.509963,     0.001964,
  1628.500,   -15.757652,   -33.304194,     0.007687,
  1628.550,    -8.529659,   -29.992888,    -0.000388,
  1628.600,    -3.613503,   -22.742302,     0.002182,
  1628.650,    -1.355954,   -14.414926,     0.009198,
  1628.700,    -1.834968,    -7.483234,     0.004953,
  1628.750,    -4.575765,    -2.984859,     0.004878,
  1628.800,    -8.533155,    -1.164252,     0.010276,
  1628.850,   -12.833931,    -2.118112,     0.010111,
  1628.900,   -16.473339,    -5.174189,     0.009811,
  1628.950,   -18.212650,    -9.286403,     0.003961,
  1629.000,   -17.519227,   -13.634145,     0.007677,
  1629.050,   -15.276315,   -17.083424,     0.012895,
  1629.100,   -12.429285,   -18.429742,     0.014151,
  1629.150,    -9.078423,   -17.405915,     0.009938,
  1629.200,    -5.750547,   -14.983355,     0.009129,
  1629.250,    -3.536323,   -11.998510,     0.006475,
  1629.300,    -2.544964,    -8.593464,     0.008860,
  1629.350,    -1.884323,    -5.354663,     0.007804,
  1629.400,    -1.422414,    -3.324842,     0.009449,
  1629.450,    -1.919481,    -2.418323,     0.008436,
  1629.500,    -3.258967,    -1.744800,     0.005698,
  1629.550,    -4.675662,    -1.435813,     0.005180,
  1629.600,    -5.928781,    -2.146204,     0.002495,
  1629.650,    -6.988213,    -3.579164,    -0.002372,
  1629.700,    -7.656207,    -5.007354,     0.004521,
  1629.750,    -8.121964,    -6.289650,    -0.000134,
  1629.800,    -8.716334,    -7.321848,    -0.001804,
  1629.850,    -9.278988,    -7.916487,     0.001222,
  1629.900,    -9.700213,    -8.401538,     0.000596,
  1629.950,   -10.981467,    -9.063405,    -0.002737,
  1630.000,   -13.776083,    -9.528301,    -0.005151,
  1630.050,   -17.337877,    -9.995554,    -0.004975,
  1630.100,   -20.530670,   -11.552468,    -0.003372,
  1630.150,   -23.075715,   -14.581446,    -0.003701,
  1630.200,   -24.922918,   -18.110098,    -0.005216,
  1630.250,   -25.597648,   -21.159664,    -0.002007,
  1630.300,   -24.201736,   -23.552278,    -0.001599,
  1630.350,   -19.986895,   -25.200944,    -0.006782,
  1630.400,   -13.039771,   -25.526302,    -0.007489,
  1630.450,    -4.738761,   -23.619052,    -0.007910,
  1630.500,     3.131539,   -18.819349,    -0.002696,
  1630.550,     9.161904,   -11.499617,    -0.003214,
  1630.600,    12.715593,    -3.149112,    -0.004789,
  1630.650,    13.750033,     4.452853,     0.002999,
  1630.700,    12.648363,    10.046533,     0.001993,
  1630.750,     9.990760,    13.060233,     0.004336,
  1630.800,     6.615090,    13.620158,     0.005244,
  1630.850,     3.557613,    12.157680,     0.001826,
  1630.900,     1.653310,     9.274574,     0.001150,
  1630.950,     1.255912,     5.856123,     0.004939,
  1631.000,     2.157221,     2.993944,     0.003839,
  1631.050,     3.497470,     1.406954,     0.005473,
  1631.100,     4.229131,     1.309775,     0.004939,
  1631.150,     4.006662,     2.395546,     0.005786,
  1631.200,     3.301973,     3.763499,     0.009268,
  1631.250,     2.443312,     4.322650,     0.006977,
  1631.300,     1.396795,     3.926636,     0.005317,
  1631.350,     0.376915,     3.166550,     0.004342,
  1631.400,    -0.248799,     2.265575,     0.005027,
  1631.450,    -0.371625,     1.160862,     0.004880,
  1631.500,    -0.148956,     0.170592,     0.001143,
  1631.550,     0.221796,    -0.376537,     0.003174,
  1631.600,     0.471930,    -0.448203,     0.002073,
  1631.650,     0.577857,    -0.184167,     0.005222,
  1631.700,     0.797755,     0.207198,     0.000568,
  1631.750,     1.104587,     0.439720,    -0.004684,
  1631.800,     1.285335,     0.576219,    -0.000268,
  1631.850,     1.371753,     0.828175,    -0.000915,
  1631.900,     1.397356,     1.151283,    -0.002307,
  1631.950,     1.034852,     1.302174,     0.000089,
  1632.000,     0.194445,     1.393799,    -0.003277,
  1632.050,    -0.644358,     1.363982,    -0.005860,
  1632.100,    -0.836095,     0.892051,    -0.005446,
  1632.150,    -0.265110,    -0.002850,    -0.003499,
  1632.200,     0.578136,    -0.749953,    -0.001978,
  1632.250,     0.966870,    -0.775002,    -0.004184,
  1632.300,     0.570896,    -0.086435,    -0.008714,
  1632.350,    -0.270002,     0.719788,    -0.006709,
  1632.400,    -1.284686,     0.976297,    -0.001236,
  1632.450,    -2.332548,     0.479779,    -0.002249,
  1632.500,    -3.324776,    -0.447088,    -0.000295,
  1632.550,    -3.974606,    -1.509570,     0.002009,
  1632.600,    -3.847670,    -2.620741,     0.000615,
  1632.650,    -2.883864,    -3.634282,     0.007168,
  1632.700,    -1.389614,    -4.182021,     0.006099,
  1632.750,     0.199930,    -3.906807,     0.005035,
  1632.800,     1.591935,    -2.793900,     0.005483,
  1632.850,     2.551916,    -1.227206,     0.004937,
  1632.900,     3.004482,     0.409447,     0.005434,
  1632.950,     2.884460,     1.757836,     0.006998,
  1633.000,     2.064842,     2.638111,     0.005135,
  1633.050,     0.652532,     3.037544,     0.001611,
  1633.100,    -0.654091,     2.807701,     0.006727,
  1633.150,    -1.154104,     1.846147,     0.004283,
  1633.200,    -0.706404,     0.418482,     0.010238,
  1633.250,     0.197230,    -0.781082,     0.011293,
  1633.300,     0.977982,    -1.114038,     0.010820,
  1633.350,     1.452660,    -0.548134,     0.013889,
  1633.400,     1.855208,     0.372960,     0.013543,
  1633.450,     2.179749,     1.093779,     0.003758,
  1633.500,     2.101307,     1.532629,     0.005143,
  1633.550,     1.482905,     1.931117,     0.008630,
  1633.600,     0.669859,     2.205702,     0.004000,
  1633.650,     0.296560,     2.028786,     0.004481,
  1633.700,     0.615323,     1.294591,     0.006500,
  1633.750,     1.255968,     0.509281,     0.004630,
  1633.800,     1.760078,     0.259539,    -0.002423,
  1633.850,     2.018750,     0.637703,    -0.002086,
  1633.900,     2.420650,     1.288410,    -0.004098,
  1633.950,     3.343950,     1.735328,    -0.004172,
  1634.000,     4.575161,     2.004661,    -0.001089,
  1634.050,     5.619183,     2.524687,    -0.007561,
  1634.100,     5.917887,     3.538086,    -0.003868,
  1634.150,     5.206972,     4.817174,    -0.002194,
  1634.200,     3.690873,     5.771806,    -0.003989,
  1634.250,     1.809490,     5.894634,    -0.007098,
  1634.300,     0.053710,     5.019867,    -0.007908,
  1634.350,    -1.158258,     3.374413,    -0.005228,
  1634.400,    -1.580007,     1.468931,    -0.010384,
  1634.450,    -1.245220,    -0.234864,    -0.008685,
  1634.500,    -0.370637,    -1.331142,    -0.005765,
  1634.550,     0.784484,    -1.620024,    -0.003313,
  1634.600,     1.733615,    -1.193751,    -0.003369,
  1634.650,     2.095363,    -0.221375,    -0.002336,
  1634.700,     2.046677,     0.944310,     0.002760,
  1634.750,     1.871774,     1.802740,     0.000882,
  1634.800,     1.604233,     2.103127,     0.000719,
  1634.850,     0.992534,     1.980898,    -0.005257,
  1634.900,    -0.107291,     1.834150,     0.001892,
  1634.950,    -1.388647,     1.554471,     0.003990,
  1635.000,    -2.317241,     0.849765,     0.005457,
  1635.050,    -2.443912,    -0.364628,     0.007103,
  1635.100,    -1.692872,    -1.647068,     0.007263,
  1635.150,    -0.545302,    -2.463542,     0.012334,
  1635.200,     0.611534,    -2.393592,     0.011366,
  1635.250,     1.627827,    -1.539666,     0.012109,
  1635.300,     2.448325,    -0.367061,     0.012932,
  1635.350,     2.850794,     0.786164,     0.014319,
  1635.400,     2.791441,     1.800347,     0.014534,
  1635.450,     2.570402,     2.567745,     0.007930,
  1635.500,     2.665207,     2.857418,     0.010106,
  1635.550,     3.392743,     2.729597,     0.010960,
  1635.600,     4.554842,     2.507415,     0.009066,
  1635.650,     5.807462,     2.725166,     0.007140,
  1635.700,     6.990255,     3.536522,     0.006136,
  1635.750,     7.885467,     4.719953,     0.007253,
  1635.800,     8.381770,     5.978758,     0.008363,
  1635.850,     8.214460,     7.139484,     0.004352,
  1635.900,     7.237341,     8.018270,     0.002827,
  1635.950,     5.427124,     8.408722,    -0.000782,
  1636.000,     3.091292,     8.099335,     0.001982,
  1636.050,     0.839397,     6.992960,     0.002657,
  1636.100,    -0.790206,     5.083596,    -0.000253,
  1636.150,    -1.772703,     2.715300,    -0.003258,
  1636.200,    -2.302797,     0.553834,    -0.002690,
  1636.250,    -2.591524,    -0.974464,    -0.004811,
  1636.300,    -2.664725,    -1.866223,    -0.005698,
  1636.350,    -2.565316,    -2.360050,    -0.007522,
  1636.400,    -2.429634,    -2.625182,    -0.011449,
  1636.450,    -2.344109,    -2.683920,    -0.011122,
  1636.500,    -2.246851,    -2.569406,    -0.003773,
  1636.550,    -1.975270,    -2.462354,    -0.012405,
  1636.600,    -1.582018,    -2.381856,    -0.016342,
  1636.650,    -1.226594,    -2.249739,    -0.011896,
  1636.700,    -0.789987,    -1.943175,    -0.007105,
  1636.750,    -0.199082,    -1.563875,    -0.009347,
  1636.800,     0.514598,    -1.173989,    -0.009345,
  1636.850,     1.279124,    -0.740138,    -0.009646,
  1636.900,     2.162381,    -0.124872,    -0.008050,
  1636.950,     3.089074,     0.609759,    -0.001726,
  1637.000,     3.901076,     1.406203,    -0.002922,
  1637.050,     4.164317,     2.317221,     0.000981,
  1637.100,     3.587674,     3.254949,     0.005066,
  1637.150,     2.269814,     4.003688,     0.001361,
  1637.200,     0.739453,     4.135708,     0.006259,
  1637.250,    -0.587124,     3.405202,     0.004030,
  1637.300,    -1.437587,     1.985505,     0.007949,
  1637.350,    -1.686562,     0.434592,     0.006804,
  1637.400,    -1.320003,    -0.822254,     0.010595,
  1637.450,    -0.484555,    -1.575648,     0.010367,
  1637.500,     0.596082,    -1.729813,     0.009402,
  1637.550,     1.631889,    -1.255113,     0.014170,
  1637.600,     2.363912,    -0.338612,     0.012613,
  1637.650,     2.881654,     0.763632,     0.011811,
  1637.700,     3.282631,     1.740224,     0.007546,
  1637.750,     3.403515,     2.460679,     0.008953,
  1637.800,     3.228203,     2.958997,     0.008026,
  1637.850,     2.914447,     3.299934,     0.003238,
  1637.900,     2.587143,     3.385711,     0.008429,
  1637.950,     2.255262,     3.162409,     0.007791,
  1638.000,     1.798245,     2.824086,     0.011880,
  1638.050,     1.219033,     2.523193,     0.008893,
  1638.100,     0.668117,     2.167881,     0.006312,
  1638.150,     0.314760,     1.673464,     0.008557,
  1638.200,     0.219448,     1.097867,     0.002802,
  1638.250,     0.279612,     0.595649,     0.003470,
  1638.300,     0.251990,     0.267708,     0.003978,
  1638.350,    -0.109812,     0.215812,     0.001702,
  1638.400,    -0.724597,     0.300757,    -0.002482,
  1638.450,    -1.258059,     0.210374,    -0.006774,
  1638.500,    -1.382472,    -0.234144,    -0.005976,
  1638.550,    -1.069072,    -0.859218,    -0.010635,
  1638.600,    -0.443120,    -1.345800,    -0.011365,
  1638.650,     0.521206,    -1.384178,    -0.005087,
  1638.700,     1.838780,    -1.020408,    -0.006571,
  1638.750,     3.185188,    -0.342018,    -0.006734,
  1638.800,     4.224855,     0.725234,    -0.002954,
  1638.850,     4.844429,     2.078701,    -0.007761,
  1638.900,     5.035254,     3.398893,    -0.009001,
  1638.950,     4.832886,     4.392974,    -0.006652,
  1639.000,     4.077648,     4.958612,     0.000723,
  1639.050,     2.672539,     5.103479,    -0.004883,
  1639.100,     0.695664,     4.824185,    -0.007352,
  1639.150,    -1.462075,     3.945542,    -0.003668,
  1639.200,    -3.310363,     2.410317,    -0.003892,
  1639.250,    -4.591842,     0.343592,    -0.002907,
  1639.300,    -5.145016,    -1.854028,     0.001795,
  1639.350,    -4.831722,    -3.661547,     0.004603,
  1639.400,    -3.566422,    -4.850082,     0.001028,
  1639.450,    -1.551262,    -5.255514,     0.002742,
  1639.500,     0.689470,    -4.758078,     0.007735,
  1639.550,     2.640803,    -3.317165,     0.008077,
  1639.600,     4.034311,    -1.240698,     0.010377,
  1639.650,     4.952767,     1.045305,     0.005253,
  1639.700,     5.453817,     2.943423,     0.008051,
  1639.750,     5.412051,     4.244858,     0.009257,
  1639.800,     4.537114,     5.100088,     0.003565,
  1639.850,     2.856701,     5.546860,     0.009453,
  1639.900,     0.757214,     5.334418,     0.005716,
  1639.950,    -1.240618,     4.304736,     0.005054,
  1640.000,    -2.537764,     2.511987,     0.007526,
  1640.050,    -2.952729,     0.352506,     0.008263,
  1640.100,    -2.717131,    -1.575325,     0.006710,
  1640.150,    -2.135080,    -2.746470,    -0.001767,
  1640.200,    -1.419938,    -3.031769,     0.000504,
  1640.250,    -0.646121,    -2.697153,     0.002101,
  1640.300,     0.007097,    -2.044046,     0.000060,
  1640.350,     0.296153,    -1.309203,    -0.004342,
  1640.400,     0.256851,    -0.531349,    -0.001250,
  1640.450,     0.342686,     0.062713,     0.003396,
  1640.500,     0.882743,     0.293488,    -0.003702,
  1640.550,     1.846617,     0.269254,    -0.004922,
  1640.600,     2.918393,     0.404838,    -0.006239,
  1640.650,     3.719077,     1.032106,    -0.009175,
  1640.700,     4.090562,     2.062719,    -0.002749,
  1640.750,     4.124486,     3.106748,     0.000880,
  1640.800,     3.872054,     3.840306,     0.004923,
  1640.850,     3.267822,     4.170689,     0.001234,
  1640.900,     2.163340,     4.128747,    -0.003842,
  1640.950,     0.749322,     3.825790,    -0.001266,
  1641.000,    -0.480838,     3.105605,     0.000097,
  1641.050,    -1.105615,     1.919317,     0.000199,
  1641.100,    -0.981167,     0.499471,    -0.001534,
  1641.150,    -0.145692,    -0.655401,    -0.000253,
  1641.200,     1.321349,    -1.180790,     0.002234,
  1641.250,     3.213684,    -0.932680,     0.004867,
  1641.300,     5.230326,     0.065962,    -0.000181,
  1641.350,     6.973711,     1.640657,    -0.002767,
  1641.400,     7.838943,     3.587384,     0.006673,
  1641.450,     7.378728,     5.627009,    -0.000012,
  1641.500,     5.744443,     7.283995,     0.001703,
  1641.550,     3.590441,     7.929273,     0.012834,
  1641.600,     1.589481,     7.229707,     0.003329,
  1641.650,    -0.122891,     5.437746,     0.003089,
  1641.700,    -1.607291,     3.255428,     0.006560,
  1641.750,    -2.741881,     1.287893,     0.008580,
  1641.800,    -3.132363,    -0.430065,     0.003341,
  1641.850,    -2.753635,    -1.912394,     0.004876,
  1641.900,    -2.082675,    -2.921142,     0.007321,
  1641.950,    -1.602811,    -3.164518,     0.005822,
  1642.000,    -1.536129,    -2.711609,     0.006611,
  1642.050,    -1.783370,    -2.023525,     0.000649,
  1642.100,    -2.114938,    -1.612473,    -0.001787,
  1642.150,    -2.273802,    -1.626222,    -0.002214,
  1642.200,    -1.975031,    -1.895577,     0.000356,
  1642.250,    -1.004895,    -2.231396,    -0.009367,
  1642.300,     0.730984,    -2.317654,    -0.008508,
  1642.350,     3.027690,    -1.902629,     0.002092,
  1642.400,     5.320790,    -0.786280,    -0.002211,
  1642.450,     6.932450,     1.129492,    -0.003528,
  1642.500,     7.352800,     3.499094,    -0.000657,
  1642.550,     6.346571,     5.749574,     0.002228,
  1642.600,     4.188433,     7.199591,     0.000311,
  1642.650,     1.509445,     7.364164,    -0.000805,
  1642.700,    -1.050418,     6.108811,    -0.006192,
  1642.750,    -3.177235,     3.760737,    -0.003012,
  1642.800,    -4.728895,     1.035424,     0.002942,
  1642.850,    -5.517276,    -1.500944,     0.000889,
  1642.900,    -5.033059,    -3.580921,    -0.000204,
  1642.950,    -3.000248,    -5.075783,    -0.001222,
  1643.000,     0.306986,    -5.654107,    -0.001022,
  1643.050,     4.064163,    -4.892246,     0.001906,
  1643.100,     7.321715,    -2.572867,     0.005866,
  1643.150,     9.309211,     0.931624,     0.008813,
  1643.200,     9.607914,     4.734468,     0.001640,
  1643.250,     8.238162,     7.863014,     0.001559,
  1643.300,     5.492550,     9.581584,     0.001965,
  1643.350,     2.037378,     9.571676,     0.005069,
  1643.400,    -1.362508,     7.899424,     0.011406,
  1643.450,    -3.911255,     4.949290,     0.010973,
  1643.500,    -5.135930,     1.389123,     0.002251,
  1643.550,    -5.195399,    -1.934049,     0.002762,
  1643.600,    -4.557621,    -4.311451,     0.003571,
  1643.650,    -3.715723,    -5.354010,    -0.000643,
  1643.700,    -2.805725,    -5.268690,     0.010288,
  1643.750,    -1.737312,    -4.557273,     0.010551,
  1643.800,    -0.568371,    -3.695180,     0.001987,
  1643.850,     0.476312,    -2.738433,     0.006292,
  1643.900,     1.280559,    -1.598857,     0.001420,
  1643.950,     1.924285,    -0.426964,    -0.000346,
  1644.000,     2.513722,     0.606600,     0.002037,
  1644.050,     2.955916,     1.409146,     0.007526,
  1644.100,     3.226423,     2.057791,     0.000813,
  1644.150,     3.255817,     2.602047,     0.007271,
  1644.200,     3.127044,     3.052287,     0.007126,
  1644.250,     2.932681,     3.248419,    -0.004330,
  1644.300,     2.492215,     3.271796,    -0.005853,
  1644.350,     1.690960,     3.133470,    -0.004851,
  1644.400,     0.444590,     2.880073,    -0.008489,
  1644.450,    -1.135165,     2.369453,    -0.011556,
  1644.500,    -2.742751,     1.468208,    -0.007655,
  1644.550,    -4.156537,     0.140516,    -0.007622,
  1644.600,    -5.062797,    -1.456805,    -0.008778,
  1644.650,    -5.065044,    -3.080571,    -0.007992,
  1644.700,    -4.016965,    -4.479910,    -0.002317,
  1644.750,    -2.051490,    -5.262017,     0.001456,
  1644.800,     0.406342,    -5.094079,     0.001284,
  1644.850,     2.925902,    -3.856473,    -0.000826,
  1644.900,     5.099563,    -1.698483,    -0.003050,
  1644.950,     6.644799,     0.847717,    -0.003938,
  1645.000,     7.165615,     3.351845,     0.000802,
  1645.050,     6.412790,     5.478878,     0.007015,
  1645.100,     4.564434,     6.879348,     0.003336,
  1645.150,     2.170797,     7.193092,    -0.000852,
  1645.200,    -0.092577,     6.209300,     0.003773,
  1645.250,    -1.778687,     4.192611,     0.008738,
  1645.300,    -2.644043,     1.729110,     0.004719,
  1645.350,    -2.652649,    -0.502945,     0.004687,
  1645.400,    -1.851694,    -2.066343,     0.008222,
  1645.450,    -0.586855,    -2.800311,     0.008781,
  1645.500,     0.721503,    -2.672023,     0.010879,
  1645.550,     1.611717,    -1.756019,     0.013389,
  1645.600,     1.948623,    -0.414681,     0.011536,
  1645.650,     1.851246,     0.885057,     0.006189,
  1645.700,     1.669241,     1.681047,     0.009944,
  1645.750,     1.621494,     1.914041,     0.008279,
  1645.800,     1.768034,     1.801556,     0.010636,
  1645.850,     2.041207,     1.604196,     0.011468,
  1645.900,     2.346293,     1.597945,     0.005299,
  1645.950,     2.776504,     1.796716,     0.004127,
  1646.000,     3.325649,     2.086455,     0.008245,
  1646.050,     3.759014,     2.404416,     0.001987,
  1646.100,     3.622195,     2.883028,     0.001808,
  1646.150,     2.609523,     3.470125,     0.001945,
  1646.200,     0.782377,     3.800494,    -0.000458,
  1646.250,    -1.267452,     3.519708,    -0.002497,
  1646.300,    -2.960390,     2.324408,    -0.000519,
  1646.350,    -4.105240,     0.377733,     0.000481,
  1646.400,    -4.734321,    -1.639211,    -0.005837,
  1646.450,    -4.562330,    -3.273408,    -0.009363,
  1646.500,    -3.196300,    -4.368732,    -0.008688,
  1646.550,    -0.568087,    -4.902630,    -0.004464,
  1646.600,     2.766815,    -4.539004,    -0.013722,
  1646.650,     5.850379,    -2.895854,    -0.009129,
  1646.700,     7.861310,    -0.051166,    -0.005356,
  1646.750,     8.383889,     3.371334,    -0.007003,
  1646.800,     7.477234,     6.374152,    -0.002360,
  1646.850,     5.486271,     8.159886,    -0.005106,
  1646.900,     2.889227,     8.407146,    -0.010768,
  1646.950,     0.052342,     7.260378,    -0.010809,
  1647.000,    -2.448582,     5.100806,    -0.003412,
  1647.050,    -3.923376,     2.369490,    -0.009954,
  1647.100,    -3.986103,    -0.467867,    -0.003127,
  1647.150,    -2.888922,    -2.881076,    -0.000916,
  1647.200,    -1.166529,    -4.160517,    -0.004411,
  1647.250,     0.676963,    -4.009448,    -0.003106,
  1647.300,     2.276486,    -2.728079,     0.000435,
  1647.350,     3.326197,    -0.931201,     0.002564,
  1647.400,     3.640793,     0.907262,     0.005247,
  1647.450,     3.132346,     2.466837,     0.008011,
  1647.500,     1.967814,     3.419829,     0.007228,
  1647.550,     0.766273,     3.613173,     0.013164,
  1647.600,     0.163916,     2.940241,     0.012243,
  1647.650,     0.339613,     1.733533,     0.008508,
  1647.700,     1.044632,     0.600073,     0.009627,
  1647.750,     1.767050,     0.106117,     0.008657,
  1647.800,     2.240687,     0.398465,     0.012744,
  1647.850,     2.395726,     1.138148,     0.013569,
  1647.900,     2.269530,     1.833618,     0.007952,
  1647.950,     1.831266,     2.254569,     0.012710,
  1648.000,     1.233404,     2.366573,     0.018421,
  1648.050,     0.607160,     2.160168,     0.014255,
  1648.100,     0.040258,     1.678289,     0.008869,
  1648.150,    -0.343111,     1.088022,     0.010323,
  1648.200,    -0.431854,     0.468325,     0.010040,
  1648.250,    -0.112975,    -0.085080,     0.006314,
  1648.300,     0.544824,    -0.424321,    -0.003211,
  1648.350,     1.420715,    -0.445310,    -0.001750,
  1648.400,     2.390099,    -0.052121,     0.002152,
  1648.450,     3.231081,     0.676347,    -0.000604,
  1648.500,     3.632466,     1.592305,    -0.006141,
  1648.550,     3.294893,     2.568017,    -0.005411,
  1648.600,     2.094904,     3.345554,    -0.001361,
  1648.650,     0.421771,     3.660376,    -0.009199,
  1648.700,    -1.071993,     3.156357,    -0.009713,
  1648.750,    -1.821303,     1.812877,    -0.007078,
  1648.800,    -1.792584,     0.100915,    -0.008633,
  1648.850,    -1.238393,    -1.311793,    -0.008350,
  1648.900,    -0.430343,    -1.930688,    -0.003934,
  1648.950,     0.608265,    -1.794235,    -0.012730,
  1649.000,     1.745528,    -1.199253,    -0.006119,
  1649.050,     2.710745,    -0.342031,    -0.006335,
  1649.100,     3.108677,     0.771827,    -0.007568,
  1649.150,     2.939751,     1.928787,    -0.002345,
  1649.200,     2.359564,     2.813558,    -0.008951,
  1649.250,     1.657602,     3.133130,    -0.006648,
  1649.300,     1.033931,     2.861016,    -0.005943,
  1649.350,     0.623261,     2.236333,     0.001592,
  1649.400,     0.529166,     1.521251,    -0.002477,
  1649.450,     0.864854,     0.906289,    -0.003100,
  1649.500,     1.480065,     0.542241,    -0.001341,
  1649.550,     2.202567,     0.529363,    -0.001816,
  1649.600,     2.707954,     0.919639,     0.007318,
  1649.650,     2.845240,     1.593277,     0.006921,
  1649.700,     2.494898,     2.286626,     0.009362,
  1649.750,     1.773551,     2.769640,     0.009383,
  1649.800,     0.929654,     2.829136,     0.008972,
  1649.850,     0.198335,     2.390700,     0.011302,
  1649.900,    -0.225028,     1.623867,     0.008524,
  1649.950,    -0.307927,     0.734181,     0.013175,
  1650.000,     0.102697,     0.053056,     0.010638,
  1650.050,     0.960089,    -0.300182,     0.012368,
  1650.100,     2.065054,    -0.330311,     0.012957,
  1650.150,     3.144161,     0.160527,     0.008442,
  1650.200,     4.090606,     1.115636,     0.012090,
  1650.250,     4.707233,     2.248310,     0.007758,
  1650.300,     4.825972,     3.317872,     0.003908,
  1650.350,     4.134401,     4.218050,     0.006287,
  1650.400,     2.588110,     4.802698,     0.006240,
  1650.450,     0.486394,     4.799560,     0.004501,
  1650.500,    -1.596245,     3.937437,    -0.002997,
  1650.550,    -3.197972,     2.234988,    -0.001033,
  1650.600,    -3.915251,     0.093360,    -0.000474,
  1650.650,    -3.569363,    -1.962899,    -0.005167,
  1650.700,    -2.158707,    -3.475688,    -0.005569,
  1650.750,    -0.187489,    -4.036231,    -0.011854,
  1650.800,     1.596036,    -3.473809,    -0.007203,
  1650.850,     2.642431,    -1.886582,    -0.008451,
  1650.900,     2.768988,     0.126319,    -0.008328,
  1650.950,     2.294654,     1.818449,    -0.007239,
  1651.000,     1.444019,     2.693813,    -0.009933,
  1651.050,     0.418407,     2.733047,    -0.008140,
  1651.100,    -0.691175,     2.152289,    -0.008653,
  1651.150,    -1.635662,     1.258361,    -0.006819,
  1651.200,    -2.120394,     0.158188,    -0.003238,
  1651.250,    -2.120230,    -0.942973,    -0.002051,
  1651.300,    -1.623309,    -1.804075,    -0.008529,
  1651.350,    -0.706073,    -2.231281,    -0.008251,
  1651.400,     0.441509,    -2.134919,    -0.003387,
  1651.450,     1.397699,    -1.592647,    -0.004003,
  1651.500,     1.866735,    -0.586536,    -0.001941,
  1651.550,     1.801468,     0.569924,    -0.000338,
  1651.600,     1.411464,     1.485851,     0.002967,
  1651.650,     0.840376,     1.863712,    -0.000399,
  1651.700,     0.404431,     1.731539,     0.000923,
  1651.750,     0.342320,     1.275343,     0.004241,
  1651.800,     0.789705,     0.735871,     0.004864,
  1651.850,     1.515085,     0.323951,     0.006979,
  1651.900,     2.196293,     0.344839,     0.008209,
  1651.950,     2.574104,     0.881324,     0.006334,
  1652.000,     2.601080,     1.640736,     0.005105,
  1652.050,     2.286957,     2.277143,     0.004786,
  1652.100,     1.526839,     2.580827,     0.004744,
  1652.150,     0.450538,     2.568938,     0.001270,
  1652.200,    -0.648880,     2.170394,     0.004642,
  1652.250,    -1.306266,     1.352140,     0.002171,
  1652.300,    -1.122922,     0.204674,     0.005775,
  1652.350,    -0.128275,    -0.882404,    -0.000242,
  1652.400,     1.232151,    -1.414204,     0.000209,
  1652.450,     2.434602,    -1.075575,     0.004126,
  1652.500,     3.203158,     0.051595,    -0.000323,
  1652.550,     3.462169,     1.459865,    -0.000543,
  1652.600,     3.225719,     2.605237,     0.004310,
  1652.650,     2.460057,     3.283422,     0.004337,
  1652.700,     1.256867,     3.466495,    -0.001308,
  1652.750,    -0.136831,     3.142623,    -0.000131,
  1652.800,    -1.353692,     2.283277,     0.003234,
  1652.850,    -2.044855,     0.979266,    -0.002637,
  1652.900,    -2.140053,    -0.404800,    -0.002919,
  1652.950,    -1.676726,    -1.550247,     0.000851,
  1653.000,    -0.892770,    -2.182721,     0.003981,
  1653.050,     0.089238,    -2.153554,     0.002304,
  1653.100,     1.262836,    -1.634214,     0.002874,
  1653.150,     2.460871,    -0.797085,     0.001825,
  1653.200,     3.388690,     0.248118,    -0.000814,
  1653.250,     3.772905,     1.459119,    -0.000797,
  1653.300,     3.665386,     2.663853,     0.003420,
  1653.350,     3.241241,     3.522087,     0.002234,
  1653.400,     2.610687,     3.822955,     0.000676,
  1653.450,     1.900296,     3.637938,     0.000707,
  1653.500,     1.310342,     3.161850,     0.003584,
  1653.550,     0.976899,     2.520111,     0.002425,
  1653.600,     1.049337,     1.814874,     0.005035,
  1653.650,     1.570758,     1.234400,     0.001535,
  1653.700,     2.206092,     0.964248,     0.004051,
  1653.750,     2.489734,     1.153447,     0.005933,
  1653.800,     2.258290,     1.694563,     0.002245,
  1653.850,     1.522370,     2.303654,     0.000737,
  1653.900,     0.560199,     2.495366,     0.000942,
  1653.950,    -0.344789,     2.154924,    -0.000620,
  1654.000,    -0.965526,     1.370564,    -0.000318,
  1654.050,    -1.032485,     0.382061,     0.001082,
  1654.100,    -0.531362,    -0.531363,    -0.005068,
  1654.150,     0.455436,    -1.062805,    -0.001297,
  1654.200,     1.700682,    -1.035515,    -0.006198,
  1654.250,     2.940404,    -0.385731,    -0.002904,
  1654.300,     3.893723,     0.691815,     0.000193,
  1654.350,     4.319892,     1.933382,     0.003822,
  1654.400,     4.158713,     3.167818,     0.003520,
  1654.450,     3.522988,     4.040509,    -0.000928,
  1654.500,     2.717249,     4.375167,     0.000458,
  1654.550,     1.723416,     4.107046,    -0.000669,
  1654.600,     0.569513,     3.441271,    -0.000098,
  1654.650,    -0.617526,     2.591825,     0.003419,
  1654.700,    -1.538544,     1.536290,     0.005019,
  1654.750,    -1.930818,     0.339489,     0.000885,
  1654.800,    -1.833721,    -0.839023,     0.006049,
  1654.850,    -1.344057,    -1.675263,     0.010853,
  1654.900,    -0.604313,    -1.996982,     0.006117,
  1654.950,     0.395997,    -1.820432,     0.008397,
  1655.000,     1.645572,    -1.270407,     0.011688,
  1655.050,     2.785683,    -0.493290,     0.009239,
  1655.100,     3.610168,     0.607018,     0.003113,
  1655.150,     4.036784,     1.841395,     0.009296,
  1655.200,     4.106873,     2.976855,     0.006293,
  1655.250,     3.880090,     3.762788,     0.007138,
  1655.300,     3.335246,     4.141734,     0.004158,
  1655.350,     2.387882,     4.145293,     0.004806,
  1655.400,     1.128497,     3.864822,     0.010514,
  1655.450,    -0.221881,     3.244388,     0.013355,
  1655.500,    -1.264628,     2.195073,     0.006714,
  1655.550,    -1.756980,     0.900733,     0.003910,
  1655.600,    -1.780785,    -0.429988,    -0.000662,
  1655.650,    -1.518013,    -1.408666,    -0.003202,
  1655.700,    -1.131876,    -1.807847,     0.000344,
  1655.750,    -0.657406,    -1.769096,    -0.001129,
  1655.800,    -0.015996,    -1.473016,    -0.003500,
  1655.850,     0.766990,    -1.085380,    -0.004364,
  1655.900,     1.673017,    -0.577102,    -0.002798,
  1655.950,     2.649738,     0.080463,    -0.007535,
  1656.000,     3.517522,     0.942668,    -0.004093,
  1656.050,     4.122008,     1.876642,    -0.005075,
  1656.100,     4.188517,     2.847501,    -0.006491,
  1656.150,     3.491128,     3.721898,    -0.005457,
  1656.200,     2.183064,     4.248206,    -0.008957,
  1656.250,     0.563474,     4.202214,    -0.005620,
  1656.300,    -0.821359,     3.353246,    -0.004875,
  1656.350,    -1.783709,     1.916903,    -0.001487,
  1656.400,    -2.337155,     0.319465,    -0.002839,
  1656.450,    -2.578453,    -1.015867,    -0.003715,
  1656.500,    -2.553273,    -1.926385,    -0.001839,
  1656.550,    -2.394331,    -2.433142,    -0.001694,
  1656.600,    -2.169685,    -2.618615,     0.001671,
  1656.650,    -1.742902,    -2.587156,     0.002722,
  1656.700,    -1.007778,    -2.401076,     0.001056,
  1656.750,     0.044508,    -2.161640,     0.003698,
  1656.800,     1.271524,    -1.677688,     0.005419,
  1656.850,     2.359627,    -0.860168,     0.009641,
  1656.900,     3.019363,     0.249309,     0.007274,
  1656.950,     3.102125,     1.487038,     0.006565,
  1657.000,     2.637406,     2.530050,     0.005005,
  1657.050,     1.873218,     3.091155,     0.013552,
  1657.100,     1.019640,     3.094993,     0.010062,
  1657.150,     0.237479,     2.552871,     0.012711,
  1657.200,    -0.293525,     1.766720,     0.013807,
  1657.250,    -0.564270,     0.884781,     0.006326,
  1657.300,    -0.605907,     0.133546,     0.003596,
  1657.350,    -0.356204,    -0.366438,     0.004112,
  1657.400,     0.025610,    -0.600281,     0.007915,
  1657.450,     0.377525,    -0.555912,     0.004040,
  1657.500,     0.534479,    -0.281646,     0.001420,
  1657.550,     0.421005,     0.095342,     0.003007,
  1657.600,     0.235324,     0.421960,     0.000227,
  1657.650,     0.304504,     0.527875,    -0.001720,
  1657.700,     0.666028,     0.364514,    -0.003161,
  1657.750,     1.178378,     0.217246,     0.000844,
  1657.800,     1.654000,     0.330583,    -0.003304,
  1657.850,     2.000812,     0.759865,    -0.005552,
  1657.900,     2.084471,     1.271932,    -0.005130,
  1657.950,     1.824971,     1.754661,    -0.002021,
  1658.000,     1.323324,     2.053071,    -0.001087,
  1658.050,     0.800522,     2.051475,    -0.010517,
  1658.100,     0.338734,     1.749968,    -0.005134,
  1658.150,    -0.043608,     1.257728,    -0.002524,
  1658.200,    -0.361876,     0.738166,    -0.007685,
  1658.250,    -0.568254,     0.284834,    -0.004925,
  1658.300,    -0.519532,    -0.112484,    -0.007761,
  1658.350,    -0.278717,    -0.434638,    -0.005070,
  1658.400,     0.092486,    -0.599247,    -0.006315,
  1658.450,     0.630894,    -0.513607,     0.000500,
  1658.500,     1.517929,    -0.238587,    -0.003251,
  1658.550,     2.866914,     0.133237,    -0.001692,
  1658.600,     4.548136,     0.732043,     0.002698,
  1658.650,     6.203320,     1.685146,     0.005874,
  1658.700,     7.328203,     3.120261,     0.006359,
  1658.750,     7.626021,     4.878546,    -0.000145,
  1658.800,     7.066116,     6.469332,     0.004455,
  1658.850,     5.954270,     7.482532,     0.001308,
  1658.900,     4.576035,     7.620730,     0.006450,
  1658.950,     3.220233,     6.938656,     0.006961,
  1659.000,     2.021296,     5.741972,     0.006766,
  1659.050,     1.148135,     4.359323,     0.004177,
  1659.100,     0.764326,     2.981788,     0.008731,
  1659.150,     0.878789,     1.775527,     0.007584,
  1659.200,     1.302968,     0.980509,     0.009008,
  1659.250,     1.860184,     0.699717,     0.011204,
  1659.300,     2.434952,     0.885243,     0.006350,
  1659.350,     3.035525,     1.351445,     0.005211,
  1659.400,     3.578501,     1.931611,     0.011926,
  1659.450,     3.866347,     2.507167,     0.008458,
  1659.500,     3.670134,     3.134061,     0.003347,
  1659.550,     3.151533,     3.689834,     0.002738,
  1659.600,     2.482968,     3.875714,     0.004027,
  1659.650,     1.705937,     3.622396,     0.003666,
  1659.700,     0.697313,     3.076737,    -0.000264,
  1659.750,    -0.513801,     2.395314,    -0.001348,
  1659.800,    -1.717050,     1.571273,     0.000510,
  1659.850,    -2.666847,     0.503013,    -0.003368,
  1659.900,    -3.160148,    -0.738879,    -0.003535,
  1659.950,    -3.211288,    -1.913048,    -0.000221,
  1660.000,    -2.883841,    -2.798245,    -0.005048,
  1660.050,    -2.267542,    -3.224781,    -0.003067,
  1660.100,    -1.524074,    -3.221053,    -0.006482,
  1660.150,    -0.888185,    -2.804620,    -0.003529,
  1660.200,    -0.438796,    -2.148245,    -0.003538,
  1660.250,    -0.195148,    -1.410656,    -0.002183,
  1660.300,    -0.130177,    -0.797256,    -0.006455,
  1660.350,    -0.204554,    -0.388298,    -0.005274,
  1660.400,    -0.264663,    -0.171309,    -0.004246,
  1660.450,    -0.001007,    -0.143347,    -0.005821,
  1660.500,     0.597750,    -0.234229,    -0.001473,
  1660.550,     1.369535,    -0.228577,    -0.002968,
  1660.600,     1.924747,     0.068801,     0.001402,
  1660.650,     2.066675,     0.701912,     0.006780,
  1660.700,     1.797474,     1.453997,     0.002362,
  1660.750,     1.331018,     1.984452,    -0.000443,
  1660.800,     0.903136,     2.009002,     0.001448,
  1660.850,     0.612048,     1.682645,     0.003723,
  1660.900,     0.545590,     1.189318,     0.003480,
  1660.950,     0.833759,     0.793602,     0.015075,
  1661.000,     1.518447,     0.557561,     0.008655,
  1661.050,     2.453364,     0.544060,     0.006156,
  1661.100,     3.244749,     0.916237,     0.008846,
  1661.150,     3.623977,     1.670847,     0.007098,
  1661.200,     3.537613,     2.608497,     0.008266,
  1661.250,     3.210500,     3.331257,     0.014280,
  1661.300,     2.853911,     3.644647,     0.004235,
  1661.350,     2.451716,     3.527449,     0.006212,
  1661.400,     1.932245,     3.179844,     0.007574,
  1661.450,     1.328477,     2.787319,     0.006004,
  1661.500,     0.793008,     2.367567,     0.012127,
  1661.550,     0.538439,     1.812792,     0.009070,
  1661.600,     0.489888,     1.181724,     0.001845,
  1661.650,     0.360145,     0.711117,     0.000953,
  1661.700,    -0.008978,     0.530947,    -0.002656,
  1661.750,    -0.528307,     0.488361,     0.003041,
  1661.800,    -1.084969,     0.321276,     0.000166,
  1661.850,    -1.563989,    -0.099044,     0.000398,
  1661.900,    -2.034780,    -0.638216,     0.001227,
  1661.950,    -2.500083,    -1.168492,    -0.002340,
  1662.000,    -2.813297,    -1.642323,    -0.001879,
  1662.050,    -2.790824,    -2.128541,    -0.008217,
  1662.100,    -2.287186,    -2.609287,    -0.004708,
  1662.150,    -1.303057,    -2.854005,    -0.008267,
  1662.200,    -0.083540,    -2.758244,    -0.007708,
  1662.250,     1.068182,    -2.142191,    -0.002672,
  1662.300,     1.961759,    -1.104436,    -0.003798,
  1662.350,     2.516761,     0.149055,    -0.008472,
  1662.400,     2.671661,     1.298726,    -0.007979,
  1662.450,     2.342958,     2.152069,    -0.002432,
  1662.500,     1.605210,     2.652522,    -0.001395,
  1662.550,     0.529129,     2.712479,    -0.001645,
  1662.600,    -0.659434,     2.335582,     0.000668,
  1662.650,    -1.541709,     1.505367,     0.002835,
  1662.700,    -1.858100,     0.331977,     0.003493,
  1662.750,    -1.549745,    -0.850503,     0.004572,
  1662.800,    -0.796130,    -1.663087,     0.006600,
  1662.850,     0.272759,    -1.851653,     0.006024,
  1662.900,     1.404225,    -1.462013,     0.003995,
  1662.950,     2.282655,    -0.657694,     0.002670,
  1663.000,     2.601209,     0.470056,     0.005951,
  1663.050,     2.310514,     1.611680,     0.008286,
  1663.100,     1.661836,     2.417804,     0.005890,
  1663.150,     0.993989,     2.618604,     0.005441,
  1663.200,     0.399724,     2.236875,     0.009248,
  1663.250,    -0.067421,     1.566728,     0.008245,
  1663.300,    -0.441763,     0.909070,     0.005344,
  1663.350,    -0.648316,     0.335290,     0.005328,
  1663.400,    -0.678140,    -0.128584,     0.003558,
  1663.450,    -0.444623,    -0.489109,     0.010712,
  1663.500,    -0.091695,    -0.683536,     0.003105,
  1663.550,     0.336054,    -0.652590,     0.001393,
  1663.600,     0.784975,    -0.385626,    -0.001213,
  1663.650,     1.123266,    -0.017839,     0.005638,
  1663.700,     1.268541,     0.444444,     0.004574,
  1663.750,     1.152159,     0.892524,    -0.001111,
  1663.800,     0.882552,     1.193859,     0.000337,
  1663.850,     0.664199,     1.264822,    -0.002894,
  1663.900,     0.687731,     1.118718,    -0.005273,
  1663.950,     0.961310,     0.847465,    -0.006726,
  1664.000,     1.413772,     0.643507,    -0.002696,
  1664.050,     1.975663,     0.751317,    -0.005751,
  1664.100,     2.587838,     1.032894,    -0.002695,
  1664.150,     3.244757,     1.532328,    -0.007028,
  1664.200,     3.769629,     2.102100,    -0.002933,
  1664.250,     4.104500,     2.741598,    -0.004836,
  1664.300,     4.346168,     3.404021,    -0.005365,
  1664.350,     4.592709,     3.894127,    -0.002795,
  1664.400,     4.840918,     4.234944,    -0.000499,
  1664.450,     4.988663,     4.445565,    -0.001516,
  1664.500,     5.046993,     4.695064,    -0.000668,
  1664.550,     5.245158,     4.922722,    -0.001917,
  1664.600,     5.786525,     5.032285,    -0.003341,
  1664.650,     6.605694,     5.117767,    -0.000689,
  1664.700,     7.341667,     5.328032,    -0.001596,
  1664.750,     7.676123,     5.959065,     0.006073,
  1664.800,     7.493733,     6.803674,    -0.000198,
  1664.850,     7.066676,     7.490072,    -0.000326,
  1664.900,     6.549724,     7.701104,    -0.000215,
  1664.950,     5.955858,     7.466733,    -0.004860,
  1665.000,     5.288320,     7.052562,     0.004363,
  1665.050,     4.749547,     6.525639,     0.007817,
  1665.100,     4.515732,     5.904659,     0.000325,
  1665.150,     4.472342,     5.249139,     0.002285,
  1665.200,     4.422683,     4.756499,     0.002462,
  1665.250,     4.128057,     4.576828,     0.001336,
  1665.300,     3.541481,     4.564673,     0.012726,
  1665.350,     2.656817,     4.464241,     0.002096,
  1665.400,     1.552809,     4.136214,     0.009213,
  1665.450,     0.287989,     3.484737,     0.004866,
  1665.500,    -0.997368,     2.536612,     0.006419,
  1665.550,    -2.122269,     1.379757,     0.005898,
  1665.600,    -2.909133,     0.066283,     0.000979,
  1665.650,    -3.240477,    -1.190168,     0.006931,
  1665.700,    -3.197441,    -2.290469,     0.005691,
  1665.750,    -2.787808,    -3.057807,    -0.001399,
  1665.800,    -2.240124,    -3.343942,     0.003294,
  1665.850,    -1.800939,    -3.233995,     0.005122,
  1665.900,    -1.676641,    -2.801798,    -0.003571,
  1665.950,    -1.976878,    -2.240085,     0.002543,
  1666.000,    -2.594542,    -1.840208,     0.005277,
  1666.050,    -3.399022,    -1.816641,    -0.005865,
  1666.100,    -4.256763,    -2.159055,    -0.000966,
  1666.150,    -5.026229,    -2.810039,    -0.004145,
  1666.200,    -5.498594,    -3.625061,    -0.004133,
  1666.250,    -5.500841,    -4.496968,    -0.003351,
  1666.300,    -5.003547,    -5.200080,    -0.002653,
  1666.350,    -4.210403,    -5.598534,    -0.002308,
  1666.400,    -3.249897,    -5.491304,    -0.004108,
  1666.450,    -2.287531,    -4.919563,    -0.006589,
  1666.500,    -1.541562,    -4.049773,    -0.001249,
  1666.550,    -1.188179,    -3.068452,    -0.009796,
  1666.600,    -1.411238,    -2.156278,    -0.001552,
  1666.650,    -2.336676,    -1.446474,    -0.002700,
  1666.700,    -3.701925,    -1.194588,    -0.002632,
  1666.750,    -5.023021,    -1.559614,     0.000662,
  1666.800,    -5.764800,    -2.610727,    -0.003769,
  1666.850,    -5.729208,    -4.017934,    -0.004346,
  1666.900,    -4.918201,    -5.278189,    -0.004266,
  1666.950,    -3.613690,    -5.879807,     0.001893,
  1667.000,    -2.132343,    -5.673035,     0.001578,
  1667.050,    -0.870779,    -4.734952,     0.004290,
  1667.100,    -0.134680,    -3.323569,     0.004946,
  1667.150,    -0.038707,    -1.801270,     0.009880,
  1667.200,    -0.364525,    -0.609589,     0.006901,
  1667.250,    -0.802606,     0.036913,     0.009344,
  1667.300,    -0.948368,     0.033841,     0.007797,
  1667.350,    -0.684061,    -0.348014,     0.010522,
  1667.400,    -0.139105,    -0.789643,     0.007546,
  1667.450,     0.496166,    -0.890134,     0.006159,
  1667.500,     1.113410,    -0.600818,     0.006702,
  1667.550,     1.691048,    -0.031359,     0.006150,
  1667.600,     2.129636,     0.591116,     0.007166,
  1667.650,     2.518491,     1.222721,     0.006177,
  1667.700,     2.849789,     1.755580,     0.005407,
  1667.750,     3.268493,     2.199291,     0.003365,
  1667.800,     3.819054,     2.543486,     0.007924,
  1667.850,     4.579406,     2.887557,     0.007487,
  1667.900,     5.550207,     3.308350,     0.002283,
  1667.950,     6.551643,     3.920214,     0.003374,
  1668.000,     7.337039,     4.728247,     0.001822,
  1668.050,     7.885148,     5.719417,     0.002906,
  1668.100,     8.264790,     6.709065,     0.001386,
  1668.150,     8.511170,     7.467423,    -0.003966,
  1668.200,     8.616849,     7.970446,    -0.005207,
  1668.250,     8.325276,     8.313012,    -0.009555,
  1668.300,     7.411439,     8.562235,    -0.003944,
  1668.350,     6.034031,     8.631434,    -0.003902,
  1668.400,     4.571249,     8.193162,    -0.010679,
  1668.450,     3.374912,     7.142518,    -0.009179,
  1668.500,     2.602009,     5.719724,    -0.011487,
  1668.550,     2.233307,     4.280513,    -0.004322,
  1668.600,     2.373739,     3.139489,    -0.007817,
  1668.650,     3.011852,     2.404705,    -0.005744,
  1668.700,     3.855621,     2.141270,    -0.006712,
  1668.750,     4.524466,     2.421571,    -0.003747,
  1668.800,     4.799326,     3.134096,     0.000203,
  1668.850,     4.689500,     4.018293,    -0.007139,
  1668.900,     4.285375,     4.675298,     0.003650,
  1668.950,     3.533839,     4.926007,     0.001331,
  1669.000,     2.504615,     4.776860,     0.005843,
  1669.050,     1.443015,     4.290919,     0.000477,
  1669.100,     0.661484,     3.477075,     0.004186,
  1669.150,     0.317241,     2.435359,     0.005327,
  1669.200,     0.280057,     1.399322,     0.007289,
  1669.250,     0.395709,     0.704683,     0.008546,
  1669.300,     0.460239,     0.384288,     0.008537,
  1669.350,     0.456573,     0.402077,     0.006080,
  1669.400,     0.436004,     0.480567,     0.008603,
  1669.450,     0.391001,     0.503144,     0.009601,
  1669.500,     0.199349,     0.467499,     0.009069,
  1669.550,    -0.047621,     0.427364,     0.012106,
  1669.600,    -0.239839,     0.342480,     0.006606,
  1669.650,    -0.321047,     0.136505,     0.010291,
  1669.700,    -0.275765,    -0.118072,     0.010338,
  1669.750,    -0.125906,    -0.314044,     0.010850,
  1669.800,     0.149413,    -0.345427,     0.006135,
  1669.850,     0.532995,    -0.283695,    -0.004759,
  1669.900,     0.940106,    -0.104249,    -0.000595,
  1669.950,     1.210913,     0.193024,    -0.000873,
  1670.000,     1.116340,     0.620873,     0.002907,
  1670.050,     0.582021,     1.022045,    -0.000356,
  1670.100,    -0.335900,     1.255514,    -0.001794,
  1670.150,    -1.517227,     1.085880,    -0.005434,
  1670.200,    -2.775420,     0.484390,    -0.004868,
  1670.250,    -3.966840,    -0.519557,    -0.005040,
  1670.300,    -4.741650,    -1.744034,    -0.004491,
  1670.350,    -4.824839,    -3.052837,    -0.003734,
  1670.400,    -4.112566,    -4.192625,    -0.002590,
  1670.450,    -2.855682,    -4.871893,    -0.003854,
  1670.500,    -1.318184,    -4.825682,    -0.006867,
  1670.550,     0.251860,    -4.000582,    -0.002752,
  1670.600,     1.679351,    -2.658568,    -0.010932,
  1670.650,     2.797667,    -1.071755,    -0.004809,
  1670.700,     3.353661,     0.485978,    -0.007493,
  1670.750,     3.284623,     1.894552,    -0.004884,
  1670.800,     2.618185,     2.933516,    -0.001536,
  1670.850,     1.627837,     3.411537,     0.001386,
  1670.900,     0.580771,     3.192661,    -0.001316,
  1670.950,    -0.294462,     2.448630,    -0.000365,
  1671.000,    -0.862777,     1.430026,     0.005894,
  1671.050,    -1.028659,     0.408478,     0.001707,
  1671.100,    -0.748572,    -0.451436,     0.010095,
  1671.150,    -0.062937,    -0.960817,     0.010445,
  1671.200,     0.762296,    -1.060193,     0.008624,
  1671.250,     1.561414,    -0.663694,     0.005453,
  1671.300,     2.300945,     0.062822,     0.008809,
  1671.350,     3.012300,     0.883004,     0.006810,
  1671.400,     3.637585,     1.683465,     0.008438,
  1671.450,     4.296196,     2.433776,     0.009206,
  1671.500,     5.045822,     3.137004,     0.006156,
  1671.550,     5.763915,     3.789860,     0.007000,
  1671.600,     6.126511,     4.497620,     0.008853,
  1671.650,     5.982686,     5.222535,     0.004720,
  1671.700,     5.407916,     5.901816,     0.003489,
  1671.750,     4.554351,     6.195639,     0.007891,
  1671.800,     3.515913,     5.981187,     0.005505,
  1671.850,     2.347784,     5.335014,     0.000163,
  1671.900,     1.156316,     4.410735,     0.000757,
  1671.950,     0.113283,     3.321650,     0.000680,
  1672.000,    -0.634712,     2.132569,    -0.005822,
  1672.050,    -0.950106,     0.935982,    -0.000340,
  1672.100,    -0.810844,    -0.097018,    -0.008141,
  1672.150,    -0.108693,    -0.778452,    -0.007392,
  1672.200,     1.164224,    -1.038260,    -0.005307,
  1672.250,     2.769732,    -0.783239,    -0.010792,
  1672.300,     4.336953,     0.004783,    -0.007720,
  1672.350,     5.386589,     1.387401,    -0.008218,
  1672.400,     5.616959,     3.077046,     0.001039,
  1672.450,     5.024808,     4.595813,    -0.003643,
  1672.500,     3.820644,     5.531017,    -0.003914,
  1672.550,     2.253486,     5.600975,     0.000258,
  1672.600,     0.665811,     4.902975,    -0.002352,
  1672.650,    -0.584438,     3.582044,     0.001838,
  1672.700,    -1.392724,     1.961807,     0.002144,
  1672.750,    -1.758958,     0.388899,    -0.001574,
  1672.800,    -1.671191,    -0.792903,    -0.000263,
  1672.850,    -1.235034,    -1.559035,     0.004105,
  1672.900,    -0.586997,    -1.835454,     0.004257,
  1672.950,     0.136900,    -1.664866,    -0.000166,
  1673.000,     0.703010,    -1.176190,     0.000310,
  1673.050,     1.146745,    -0.496011,     0.002570,
  1673.100,     1.431506,     0.210725,     0.003742,
  1673.150,     1.611383,     0.794993,     0.011987,
  1673.200,     1.727135,     1.214705,     0.010650,
  1673.250,     1.860819,     1.474065,     0.008295,
  1673.300,     2.000773,     1.639771,     0.008973,
  1673.350,     2.124125,     1.766697,     0.006872,
  1673.400,     2.151769,     1.904042,     0.005069,
  1673.450,     2.016778,     2.052326,     0.002549,
  1673.500,     1.703248,     2.186667,     0.006896,
  1673.550,     1.218148,     2.189667,     0.002631,
  1673.600,     0.524854,     2.027777,     0.009150,
  1673.650,    -0.308584,     1.665004,     0.002529,
  1673.700,    -1.147759,     1.127236,    -0.001852,
  1673.750,    -1.947366,     0.401514,     0.000230,
  1673.800,    -2.573130,    -0.456556,     0.002621,
  1673.850,    -2.836416,    -1.329903,     0.000841,
  1673.900,    -2.582919,    -2.109243,     0.002761,
  1673.950,    -1.791288,    -2.672158,     0.000271,
  1674.000,    -0.653514,    -2.853025,     0.001944,
  1674.050,     0.589207,    -2.533091,    -0.005784,
  1674.100,     1.778745,    -1.651755,    -0.002325,
  1674.150,     2.757549,    -0.453523,    -0.004821,
  1674.200,     3.290799,     0.815121,    -0.001168,
  1674.250,     3.208513,     1.977493,    -0.002031,
  1674.300,     2.624128,     2.902698,     0.000834,
  1674.350,     1.782545,     3.339133,    -0.004503,
  1674.400,     1.070204,     3.147577,    -0.007202,
  1674.450,     0.609787,     2.474950,    -0.003944,
  1674.500,     0.399618,     1.639727,     0.001808,
  1674.550,     0.289709,     0.968594,     0.000293,
  1674.600,     0.263173,     0.576112,     0.000071,
  1674.650,     0.423507,     0.331323,     0.005130,
  1674.700,     0.670921,     0.255601,    -0.002466,
  1674.750,     0.911973,     0.251998,     0.000195,
  1674.800,     1.150112,     0.431632,     0.002769,
  1674.850,     1.519652,     0.652575,    -0.001642,
  1674.900,     2.037048,     0.917843,     0.005141,
  1674.950,     2.525796,     1.179706,     0.006076,
  1675.000,     2.850892,     1.596654,     0.002892,
  1675.050,     2.838594,     2.116539,    -0.000458,
  1675.100,     2.519908,     2.621316,     0.003862,
  1675.150,     1.990276,     2.884645,     0.010525,
  1675.200,     1.297528,     2.842668,     0.001073,
  1675.250,     0.541854,     2.499815,     0.008046,
  1675.300,    -0.334355,     1.903486,     0.004349,
  1675.350,    -1.157501,     1.192339,     0.001488,
  1675.400,    -1.887826,     0.383384,     0.005940,
  1675.450,    -2.421778,    -0.486416,     0.001514,
  1675.500,    -2.735746,    -1.358856,     0.008100,
  1675.550,    -2.856736,    -2.050295,    -0.000112,
  1675.600,    -2.762610,    -2.544545,     0.003081,
  1675.650,    -2.402423,    -2.818688,     0.001218,
  1675.700,    -1.758835,    -2.911071,     0.001766,
  1675.750,    -0.941515,    -2.789953,     0.003178,
  1675.800,    -0.155132,    -2.338151,     0.001982,
  1675.850,     0.385290,    -1.632665,     0.002865,
  1675.900,     0.587890,    -0.815731,    -0.000820,
  1675.950,     0.449345,    -0.039722,    -0.000589,
  1676.000,     0.066105,     0.452451,    -0.003609,
  1676.050,    -0.435685,     0.631833,     0.002081,
  1676.100,    -0.849528,     0.429057,    -0.007609,
  1676.150,    -1.029351,     0.003875,     0.002002,
  1676.200,    -0.806103,    -0.524078,     0.006507,
  1676.250,    -0.109629,    -0.917231,    -0.000622,
  1676.300,     0.926244,    -1.026849,    -0.005188,
  1676.350,     2.079041,    -0.739511,    -0.004470,
  1676.400,     3.129195,     0.061564,     0.000354,
  1676.450,     3.784938,     1.136488,     0.003397,
  1676.500,     4.071730,     2.296843,     0.000290,
  1676.550,     4.066343,     3.266982,     0.001308,
  1676.600,     3.980956,     3.877250,    -0.001247,
  1676.650,     3.874326,     4.110587,     0.001548,
  1676.700,     3.766312,     4.057056,     0.000045,
  1676.750,     3.606101,     3.970703,    -0.000040,
  1676.800,     3.448790,     3.885809,    -0.001174,
  1676.850,     3.241999,     3.751709,    -0.001776,
  1676.900,     2.959845,     3.606453,     0.006421,
  1676.950,     2.522612,     3.419206,     0.004764,
  1677.000,     1.852296,     3.220927,     0.001697,
  1677.050,     0.995661,     2.897958,     0.006208,
  1677.100,     0.149999,     2.428987,     0.001579,
  1677.150,    -0.679174,     1.723588,     0.006322,
  1677.200,    -1.393153,     0.860726,     0.003417,
  1677.250,    -2.072765,    -0.001927,     0.002531,
  1677.300,    -2.780161,    -0.804428,    -0.000805,
  1677.350,    -3.443175,    -1.520904,     0.002731,
  1677.400,    -3.903668,    -2.226664,     0.003812,
  1677.450,    -4.050387,    -2.926704,    -0.002245,
  1677.500,    -3.780410,    -3.610735,     0.001570,
  1677.550,    -3.196382,    -4.025894,     0.001360,
  1677.600,    -2.365667,    -4.085726,     0.003702,
  1677.650,    -1.478007,    -3.749417,    -0.004473,
  1677.700,    -0.542916,    -3.089105,     0.000874,
  1677.750,     0.338136,    -2.255187,    -0.000280,
  1677.800,     1.111358,    -1.326156,    -0.003641,
  1677.850,     1.809882,    -0.414525,    -0.001485,
  1677.900,     2.381939,     0.452047,     0.000149,
  1677.950,     2.884648,     1.215503,    -0.001276,
  1678.000,     3.266054,     1.867822,    -0.000825,
  1678.050,     3.460926,     2.447132,    -0.000568,
  1678.100,     3.346380,     2.946269,     0.001187,
  1678.150,     2.905002,     3.329762,    -0.002705,
  1678.200,     2.225351,     3.461490,     0.003167,
  1678.250,     1.460604,     3.286942,    -0.003015,
  1678.300,     0.670801,     2.820437,    -0.000923,
  1678.350,    -0.107608,     2.110837,    -0.002260,
  1678.400,    -0.832795,     1.350681,     0.000523,
  1678.450,    -1.379276,     0.545600,    -0.006658,
  1678.500,    -1.604470,    -0.254601,     0.000933,
  1678.550,    -1.499341,    -0.950069,    -0.003035,
  1678.600,    -1.155028,    -1.446930,    -0.001198,
  1678.650,    -0.650406,    -1.623106,     0.003496,
  1678.700,    -0.118218,    -1.444168,     0.002864,
  1678.750,     0.359384,    -1.059323,     0.006559,
  1678.800,     0.749426,    -0.542013,     0.006466,
  1678.850,     0.968133,    -0.018378,     0.003484,
  1678.900,     1.043509,     0.425745,     0.000398,
  1678.950,     0.975052,     0.790540,     0.000995,
  1679.000,     0.912294,     0.984693,     0.003812,
  1679.050,     0.999831,     1.013227,     0.000817,
  1679.100,     1.144844,     0.944345,     0.003089,
  1679.150,     1.330946,     0.879909,    -0.000392,
  1679.200,     1.413240,     0.987428,     0.004563,
  1679.250,     1.405449,     1.153498,     0.004846,
  1679.300,     1.283111,     1.336168,     0.001842,
  1679.350,     1.160459,     1.444655,     0.005211,
  1679.400,     1.019277,     1.384619,     0.003902,
  1679.450,     0.841206,     1.276190,     0.007532,
  1679.500,     0.546737,     1.151998,     0.004025,
  1679.550,     0.155853,     1.036389,     0.002106,
  1679.600,    -0.131958,     0.822260,     0.001203,
  1679.650,    -0.211612,     0.489344,    -0.001191,
  1679.700,    -0.012987,     0.111605,    -0.004437,
  1679.750,     0.450197,    -0.136383,    -0.000080,
  1679.800,     1.130191,    -0.183329,     0.000463,
  1679.850,     1.915948,     0.089244,    -0.006689,
  1679.900,     2.788521,     0.565430,    -0.006461,
  1679.950,     3.505722,     1.250601,    -0.002942,
  1680.000,     3.943420,     2.055370,     0.002350,
  1680.050,     3.959747,     2.926242,     0.001673,
  1680.100,     3.749701,     3.609281,     0.000015,
  1680.150,     3.559721,     3.957772,    -0.004129,
  1680.200,     3.509157,     3.925172,     0.000447,
  1680.250,     3.634544,     3.677354,     0.001798,
  1680.300,     3.779423,     3.490739,     0.003073,
  1680.350,     3.787348,     3.503816,     0.007558,
  1680.400,     3.735812,     3.660714,    -0.000242,
  1680.450,     3.524243,     3.784592,     0.007231,
  1680.500,     3.040443,     3.824643,     0.003242,
  1680.550,     2.254282,     3.731541,     0.003076,
  1680.600,     1.164099,     3.510038,     0.004560,
  1680.650,     0.037165,     2.993122,    -0.000975,
  1680.700,    -0.857379,     2.112110,     0.004411,
  1680.750,    -1.367793,     1.024903,    -0.000455,
  1680.800,    -1.560336,    -0.076396,     0.002780,
  1680.850,    -1.416031,    -0.928485,    -0.001277,
  1680.900,    -1.010454,    -1.375108,     0.003450,
  1680.950,    -0.386658,    -1.509035,     0.004059,
  1681.000,     0.238313,    -1.330337,     0.002634,
  1681.050,     0.726502,    -0.869043,    -0.002726,
  1681.100,     1.099642,    -0.272924,     0.002418,
  1681.150,     1.331691,     0.316817,     0.001222,
  1681.200,     1.569205,     0.762311,     0.001427,
  1681.250,     1.858689,     1.087771,     0.000153,
  1681.300,     2.192045,     1.309974,    -0.004592,
  1681.350,     2.509668,     1.551823,    -0.003164,
  1681.400,     2.737583,     1.865516,     0.000731,
  1681.450,     2.832142,     2.190166,     0.001279,
  1681.500,     2.862789,     2.495474,     0.003160,
  1681.550,     2.780143,     2.731245,    -0.000888,
  1681.600,     2.612601,     2.832177,    -0.003262,
  1681.650,     2.380641,     2.826116,    -0.002796,
  1681.700,     1.987690,     2.733490,    -0.001058,
  1681.750,     1.484974,     2.577436,     0.001473,
  1681.800,     0.998236,     2.285596,    -0.000946,
  1681.850,     0.554159,     1.884823,     0.001825,
  1681.900,     0.280073,     1.385372,    -0.000464,
  1681.950,     0.194284,     0.872870,     0.000188,
  1682.000,     0.241893,     0.476956,     0.001740,
  1682.050,     0.421208,     0.241674,     0.001456,
  1682.100,     0.697646,     0.182498,     0.000363,
  1682.150,     0.980493,     0.282745,     0.004396,
  1682.200,     1.269974,     0.487860,     0.000830,
  1682.250,     1.541470,     0.765049,    -0.002854,
  1682.300,     1.865107,     1.076061,     0.003581,
  1682.350,     2.213724,     1.345877,     0.000209,
  1682.400,     2.520891,     1.614656,     0.000460,
  1682.450,     2.690738,     1.934996,    -0.001053,
  1682.500,     2.691677,     2.317847,    -0.003240,
  1682.550,     2.530025,     2.571037,     0.003239,
  1682.600,     2.278567,     2.715450,     0.003985,
  1682.650,     1.977862,     2.695597,     0.008398,
  1682.700,     1.631781,     2.511846,     0.009575,
  1682.750,     1.273065,     2.259730,     0.006348,
  1682.800,     0.927689,     1.937984,     0.005793,
  1682.850,     0.613746,     1.593883,     0.000428,
  1682.900,     0.390849,     1.197974,     0.004664,
  1682.950,     0.261509,     0.856578,     0.007620,
  1683.000,     0.160556,     0.591795,     0.003680,
  1683.050,     0.163010,     0.388310,     0.001264,
  1683.100,     0.300352,     0.239085,     0.000884,
  1683.150,     0.630888,     0.154335,    -0.001648,
  1683.200,     1.084337,     0.169285,    -0.007710,
  1683.250,     1.593070,     0.348151,    -0.003841,
  1683.300,     2.038265,     0.705455,    -0.006618,
  1683.350,     2.306446,     1.189040,     0.002601,
  1683.400,     2.356293,     1.704080,    -0.001658,
  1683.450,     2.294500,     2.117921,    -0.001871,
  1683.500,     2.201121,     2.352159,     0.000057,
  1683.550,     2.121895,     2.378809,    -0.000961,
  1683.600,     1.929121,     2.300817,    -0.001647,
  1683.650,     1.601584,     2.207273,    -0.004786,
  1683.700,     1.081470,     2.084502,    -0.003844,
  1683.750,     0.465177,     1.861927,     0.001023,
  1683.800,    -0.229768,     1.496297,    -0.001183,
  1683.850,    -0.932946,     0.958744,    -0.005473,
  1683.900,    -1.511336,     0.295860,    -0.002693,
  1683.950,    -1.820738,    -0.417423,     0.004206,
  1684.000,    -1.691186,    -1.076099,    -0.000544,
  1684.050,    -1.070528,    -1.664791,     0.004241,
  1684.100,    -0.151353,    -1.881292,    -0.001504,
  1684.150,     0.849082,    -1.641991,    -0.000052,
  1684.200,     1.728726,    -0.908922,     0.006739,
  1684.250,     2.390283,     0.057908,     0.005209,
  1684.300,     2.796486,     1.052434,     0.004542,
  1684.350,     2.979907,     1.909970,     0.004393,
  1684.400,     2.956381,     2.528583,     0.006519,
  1684.450,     2.834397,     2.910504,     0.003480,
  1684.500,     2.630411,     3.039462,     0.006455,
  1684.550,     2.351002,     2.959035,     0.009145,
  1684.600,     1.996310,     2.770499,     0.010401,
  1684.650,     1.461307,     2.537622,     0.002467,
  1684.700,     0.866101,     2.230924,     0.004244,
  1684.750,     0.209180,     1.831384,     0.005480,
  1684.800,    -0.310192,     1.285302,     0.005631,
  1684.850,    -0.635368,     0.667263,     0.004643,
  1684.900,    -0.685804,     0.041377,     0.002000,
  1684.950,    -0.423082,    -0.428136,    -0.001396,
  1685.000,     0.093158,    -0.708761,     0.001984,
  1685.050,     0.774752,    -0.672982,    -0.000223,
  1685.100,     1.536646,    -0.345578,    -0.001779,
  1685.150,     2.210956,     0.219219,    -0.000873,
  1685.200,     2.710684,     0.930121,    -0.002465,
  1685.250,     2.846122,     1.662913,    -0.002205,
  1685.300,     2.574002,     2.336706,     0.000006,
  1685.350,     2.057644,     2.790813,    -0.002291,
  1685.400,     1.475430,     2.837893,    -0.006418,
  1685.450,     0.976535,     2.526431,    -0.006385,
  1685.500,     0.626522,     1.958973,    -0.004830,
  1685.550,     0.348376,     1.391149,    -0.000997,
  1685.600,     0.196576,     0.930255,    -0.007510,
  1685.650,     0.120313,     0.562372,    -0.008866,
  1685.700,     0.079505,     0.322827,    -0.008663,
  1685.750,     0.031470,     0.155830,    -0.007140,
  1685.800,    -0.067662,     0.091455,    -0.002885,
  1685.850,    -0.130005,     0.074935,    -0.003444,
  1685.900,    -0.045396,     0.001193,     0.000060,
  1685.950,     0.254063,    -0.119799,     0.001558,
  1686.000,     0.658996,    -0.162694,     0.000435,
  1686.050,     1.095971,    -0.039735,    -0.000262,
  1686.100,     1.514104,     0.280877,    -0.000699,
  1686.150,     1.824686,     0.692554,     0.001214,
  1686.200,     2.003929,     1.156741,     0.001533,
  1686.250,     1.936021,     1.552242,     0.003827,
  1686.300,     1.567341,     1.866623,     0.004510,
  1686.350,     0.947868,     2.019688,     0.005258,
  1686.400,     0.197151,     1.916365,     0.006632,
  1686.450,    -0.505350,     1.485783,     0.010302,
  1686.500,    -1.006305,     0.797933,     0.005945,
  1686.550,    -1.281047,     0.052865,     0.009625,
  1686.600,    -1.333750,    -0.647351,     0.008227,
  1686.650,    -1.075859,    -1.141138,     0.010114,
  1686.700,    -0.515822,    -1.368795,     0.010864,
  1686.750,     0.302862,    -1.369090,     0.008510,
  1686.800,     1.240356,    -1.112459,     0.005987,
  1686.850,     2.122889,    -0.498849,    -0.000189,
  1686.900,     2.748892,     0.373076,     0.001391,
  1686.950,     3.094852,     1.343611,     0.000151,
  1687.000,     3.131452,     2.220433,    -0.001759,
  1687.050,     2.868960,     2.790095,     0.001348,
  1687.100,     2.375594,     3.106945,    -0.002521,
  1687.150,     1.742133,     3.106982,    -0.006107,
  1687.200,     1.069326,     2.837052,    -0.007474,
  1687.250,     0.457247,     2.304517,    -0.003613,
  1687.300,    -0.048851,     1.643385,    -0.003196,
  1687.350,    -0.382379,     0.972145,    -0.007907,
  1687.400,    -0.621115,     0.364439,    -0.010105,
  1687.450,    -0.894183,    -0.127680,    -0.013467,
  1687.500,    -1.215082,    -0.449573,    -0.007011,
  1687.550,    -1.466128,    -0.711068,    -0.006867,
  1687.600,    -1.494485,    -0.992829,    -0.003123,
  1687.650,    -1.143134,    -1.319799,    -0.009472,
  1687.700,    -0.405771,    -1.571145,    -0.003109,
  1687.750,     0.598025,    -1.542420,    -0.009138,
  1687.800,     1.662026,    -1.101569,    -0.007026,
  1687.850,     2.623732,    -0.308003,     0.001277,
  1687.900,     3.221647,     0.731242,    -0.000674,
  1687.950,     3.295387,     1.850057,    -0.001080,
  1688.000,     2.966674,     2.753399,    -0.003410,
  1688.050,     2.303136,     3.277598,     0.001676,
  1688.100,     1.504055,     3.297298,    -0.001530,
  1688.150,     0.629487,     2.876221,    -0.002289,
  1688.200,    -0.176138,     2.170375,     0.002963,
  1688.250,    -0.724843,     1.313024,     0.000352,
  1688.300,    -0.971846,     0.451004,     0.007140,
  1688.350,    -0.880820,    -0.335147,     0.006713,
  1688.400,    -0.535429,    -0.889231,     0.007564,
  1688.450,     0.013974,    -1.064746,     0.010950,
  1688.500,     0.654484,    -0.932000,     0.012641,
  1688.550,     1.272411,    -0.535668,     0.008759,
  1688.600,     1.703798,     0.061993,     0.012097,
  1688.650,     1.809702,     0.744836,     0.009645,
  1688.700,     1.559450,     1.357723,     0.008198,
  1688.750,     1.026968,     1.764261,     0.013600,
  1688.800,     0.321941,     1.791242,     0.008260,
  1688.850,    -0.361916,     1.478882,     0.006024,
  1688.900,    -0.867137,     0.900863,     0.003290,
  1688.950,    -1.085992,     0.198671,     0.009017,
  1689.000,    -0.982203,    -0.468450,     0.005704,
  1689.050,    -0.639648,    -0.949988,     0.001120,
  1689.100,    -0.171053,    -1.127342,     0.005217,
  1689.150,     0.325444,    -0.955192,    -0.006634,
  1689.200,     0.728828,    -0.573804,    -0.005075,
  1689.250,     0.988636,    -0.082558,    -0.003150,
  1689.300,     1.086054,     0.400849,    -0.007343,
  1689.350,     1.030618,     0.783911,    -0.008393,
  1689.400,     0.924706,     0.997937,    -0.009792,
  1689.450,     0.864284,     1.060174,    -0.005236,
  1689.500,     0.979424,     1.013047,    -0.008163,
  1689.550,     1.302332,     0.894100,    -0.012347,
  1689.600,     1.798635,     0.862166,    -0.003125,
  1689.650,     2.273118,     1.000874,    -0.007080,
  1689.700,     2.581295,     1.370165,    -0.007627,
  1689.750,     2.634670,     1.888734,    -0.006569,
  1689.800,     2.393907,     2.335326,    -0.003276,
  1689.850,     1.906308,     2.624466,    -0.000460,
  1689.900,     1.247089,     2.627302,    -0.002436,
  1689.950,     0.475132,     2.330004,    -0.004167,
  1690.000,    -0.299773,     1.838481,    -0.005310,
  1690.050,    -0.957990,     1.136360,     0.004738,
  1690.100,    -1.346524,     0.332646,     0.004752,
  1690.150,    -1.374771,    -0.448915,    -0.000803,
  1690.200,    -1.074031,    -1.072448,     0.005390,
  1690.250,    -0.486355,    -1.405867,     0.007516,
  1690.300,     0.316308,    -1.384308,     0.003165,
  1690.350,     1.161858,    -1.002613,     0.001723,
  1690.400,     1.953109,    -0.369327,     0.006533,
  1690.450,     2.575152,     0.414418,     0.008131,
  1690.500,     2.964723,     1.264879,     0.006828,
  1690.550,     3.030271,     2.078002,     0.005086,
  1690.600,     2.741005,     2.690379,     0.013335,
  1690.650,     2.297375,     3.037519,     0.013860,
  1690.700,     1.769778,     3.023940,     0.013380,
  1690.750,     1.258475,     2.709839,     0.008012,
  1690.800,     0.834843,     2.242089,     0.010663,
  1690.850,     0.541116,     1.670260,     0.004725,
  1690.900,     0.368988,     1.163267,     0.004080,
  1690.950,     0.248287,     0.768299,     0.005888,
  1691.000,     0.188498,     0.473777,     0.002973,
  1691.050,     0.163534,     0.285832,     0.008762,
  1691.100,     0.259126,     0.203289,     0.005065,
  1691.150,     0.485509,     0.125032,    -0.002887,
  1691.200,     0.886650,     0.156049,    -0.000163,
  1691.250,     1.436079,     0.241990,    -0.006281,
  1691.300,     2.080930,     0.509349,    -0.001595,
  1691.350,     2.706446,     0.941554,    -0.001945,
  1691.400,     3.243315,     1.529320,    -0.003537,
  1691.450,     3.626850,     2.191168,    -0.010474,
  1691.500,     3.636999,     2.827658,    -0.007503,
  1691.550,     3.223518,     3.378861,    -0.006391,
  1691.600,     2.406532,     3.692797,    -0.004361,
  1691.650,     1.282932,     3.624742,    -0.008588,
  1691.700,     0.053782,     3.149624,    -0.002038,
  1691.750,    -0.995151,     2.228937,    -0.003109,
  1691.800,    -1.671126,     1.063858,    -0.003257,
  1691.850,    -1.899516,    -0.152253,    -0.005885,
  1691.900,    -1.580410,    -1.174209,    -0.008498,
  1691.950,    -0.824242,    -1.791788,    -0.001010,
  1692.000,     0.202775,    -1.923481,    -0.007562,
  1692.050,     1.240385,    -1.494760,    -0.004935,
  1692.100,     2.060211,    -0.672926,     0.002091,
  1692.150,     2.530713,     0.363339,     0.006347,
  1692.200,     2.571636,     1.363359,     0.002792,
  1692.250,     2.237628,     2.160327,     0.004580,
  1692.300,     1.710836,     2.568445,     0.003686,
  1692.350,     1.123960,     2.533085,     0.003097,
  1692.400,     0.675821,     2.142730,     0.007237,
  1692.450,     0.532757,     1.538134,     0.010431,
  1692.500,     0.593621,     0.980385,     0.009573,
  1692.550,     0.758830,     0.587184,     0.006603,
  1692.600,     0.894818,     0.442132,     0.001503,
  1692.650,     0.950864,     0.574560,     0.006863,
  1692.700,     0.998717,     0.747681,     0.010680,
  1692.750,     0.997718,     0.841796,     0.010947,
  1692.800,     0.968272,     0.932781,     0.004823,
  1692.850,     0.867528,     0.984177,     0.005264,
  1692.900,     0.703786,     1.003946,     0.002206,
  1692.950,     0.658566,     0.929122,     0.000357,
  1693.000,     0.783794,     0.783914,     0.004093,
  1693.050,     1.067660,     0.672512,     0.000545,
  1693.100,     1.476649,     0.662233,     0.002051,
  1693.150,     1.862965,     0.801518,    -0.000257,
  1693.200,     2.177145,     1.125919,     0.002189,
  1693.250,     2.384494,     1.556513,    -0.002746,
  1693.300,     2.445871,     1.945138,    -0.002810,
  1693.350,     2.321236,     2.242532,    -0.004172,
  1693.400,     1.993983,     2.400666,     0.000456,
  1693.450,     1.495367,     2.426737,    -0.002425,
  1693.500,     0.978889,     2.266734,    -0.003451,
  1693.550,     0.439398,     1.909553,     0.002563,
  1693.600,    -0.007307,     1.422311,    -0.001901,
  1693.650,    -0.247892,     0.873087,    -0.007074,
  1693.700,    -0.185758,     0.341281,    -0.007144,
  1693.750,     0.174316,    -0.081404,    -0.000867,
  1693.800,     0.658848,    -0.283392,     0.000958,
  1693.850,     1.060919,    -0.165438,    -0.002218,
  1693.900,     1.233722,     0.235648,    -0.000163,
  1693.950,     1.064898,     0.712439,     0.001583,
  1694.000,     0.746313,     1.100583,    -0.002070,
  1694.050,     0.373522,     1.220353,    -0.003705,
  1694.100,     0.110943,     1.020043,    -0.003179,
  1694.150,     0.052665,     0.663621,    -0.000763,
  1694.200,     0.154268,     0.307127,     0.002430,
  1694.250,     0.399937,     0.061134,    -0.000800,
  1694.300,     0.692466,     0.025835,     0.000341,
  1694.350,     0.980078,     0.154167,     0.003604,
  1694.400,     1.136689,     0.422037,     0.004184,
  1694.450,     1.081827,     0.740911,     0.002675,
  1694.500,     0.844566,     1.024193,     0.001604,
  1694.550,     0.519311,     1.136833,     0.002437,
  1694.600,     0.294629,     1.020943,    -0.001291,
  1694.650,     0.211553,     0.736161,     0.000458,
  1694.700,     0.205831,     0.438248,     0.003027,
  1694.750,     0.270293,     0.248550,     0.004244,
  1694.800,     0.421843,     0.179645,    -0.000045,
  1694.850,     0.683075,     0.195447,     0.005196,
  1694.900,     0.987526,     0.282804,     0.011023,
  1694.950,     1.217638,     0.461654,     0.007558,
  1695.000,     1.240743,     0.742957,     0.004984,
  1695.050,     1.051233,     1.025701,     0.007753,
  1695.100,     0.614610,     1.259097,     0.007190,
  1695.150,     0.124199,     1.238673,     0.010604,
  1695.200,    -0.367985,     0.976320,     0.006337,
  1695.250,    -0.702634,     0.506294,     0.007804,
  1695.300,    -0.915691,    -0.005801,     0.001551,
  1695.350,    -0.912082,    -0.496504,     0.008228,
  1695.400,    -0.677825,    -0.819703,     0.009679,
  1695.450,    -0.285991,    -0.989628,    -0.001345,
  1695.500,     0.235935,    -0.954995,     0.004139,
  1695.550,     0.752628,    -0.679936,     0.010294,
  1695.600,     1.115888,    -0.241350,     0.001377,
  1695.650,     1.306441,     0.298546,     0.000391,
  1695.700,     1.288962,     0.761163,     0.000311,
  1695.750,     1.065674,     1.142690,     0.003298,
  1695.800,     0.641473,     1.287671,     0.007019,
  1695.850,     0.134731,     1.216640,    -0.002425,
  1695.900,    -0.311291,     0.942684,     0.000441,
  1695.950,    -0.559829,     0.518857,     0.010308,
  1696.000,    -0.527158,     0.016242,    -0.002059,
  1696.050,    -0.166053,    -0.420836,    -0.001551,
  1696.100,     0.445443,    -0.652076,     0.003183,
  1696.150,     1.104009,    -0.530327,    -0.006869,
  1696.200,     1.584263,    -0.100584,    -0.001151,
  1696.250,     1.780846,     0.537141,     0.003294,
  1696.300,     1.680555,     1.170117,    -0.003562,
  1696.350,     1.325129,     1.612779,    -0.007453,
  1696.400,     0.834651,     1.746676,    -0.008141,
  1696.450,     0.360864,     1.612897,    -0.008260,
  1696.500,     0.013085,     1.228865,    -0.003206,
  1696.550,    -0.114381,     0.726397,    -0.002554,
  1696.600,    -0.039589,     0.259011,    -0.006637,
  1696.650,     0.157163,    -0.063428,    -0.011263,
  1696.700,     0.406706,    -0.152744,    -0.004430,
  1696.750,     0.707009,    -0.072411,    -0.002250,
  1696.800,     1.014457,     0.120159,    -0.005240,
  1696.850,     1.324243,     0.423928,    -0.008720,
  1696.900,     1.576615,     0.709750,    -0.000986,
  1696.950,     1.733681,     1.026023,     0.001661,
  1697.000,     1.831967,     1.315422,    -0.004528,
  1697.050,     1.844364,     1.543624,     0.003067,
  1697.100,     1.757611,     1.707006,     0.006743,
  1697.150,     1.598097,     1.788889,     0.002450,
  1697.200,     1.418488,     1.776160,     0.006407,
  1697.250,     1.278887,     1.690371,     0.006325,
  1697.300,     1.192371,     1.527791,     0.012174,
  1697.350,     1.184452,     1.330025,     0.001451,
  1697.400,     1.268238,     1.178847,     0.005285,
  1697.450,     1.416829,     1.114457,     0.011162,
  1697.500,     1.521183,     1.147654,     0.008777,
  1697.550,     1.452503,     1.260431,     0.002629,
  1697.600,     1.214202,     1.396614,     0.003071,
  1697.650,     0.914533,     1.472952,     0.006789,
  1697.700,     0.710909,     1.368465,     0.008990,
  1697.750,     0.792832,     1.130898,     0.001723,
  1697.800,     1.104364,     0.844827,     0.001928,
  1697.850,     1.559819,     0.674545,     0.009057,
  1697.900,     2.081762,     0.771067,     0.007991,
  1697.950,     2.533191,     1.108862,     0.007474,
  1698.000,     2.752545,     1.613853,     0.004710,
  1698.050,     2.673689,     2.130295,     0.005556,
  1698.100,     2.261508,     2.564848,     0.003165,
  1698.150,     1.650409,     2.775530,    -0.002948,
  1698.200,     1.088843,     2.623393,    -0.001358,
  1698.250,     0.731794,     2.157658,    -0.000714,
  1698.300,     0.566538,     1.523636,    -0.000222,
  1698.350,     0.583347,     0.982200,    -0.002584,
  1698.400,     0.733300,     0.644066,    -0.003191,
  1698.450,     0.975999,     0.527354,    -0.004270,
  1698.500,     1.249412,     0.545730,    -0.005993,
  1698.550,     1.464229,     0.742787,    -0.007412,
  1698.600,     1.570516,     0.995847,    -0.004583,
  1698.650,     1.549675,     1.265533,    -0.002898,
  1698.700,     1.476097,     1.474968,    -0.006436,
  1698.750,     1.389846,     1.525778,    -0.009221,
  1698.800,     1.345190,     1.514488,    -0.009816,
  1698.850,     1.189242,     1.456610,    -0.004099,
  1698.900,     0.993009,     1.369822,    -0.004112,
  1698.950,     0.791411,     1.291055,    -0.009688,
  1699.000,     0.683000,     1.147038,    -0.008688,
  1699.050,     0.781735,     0.943440,    -0.007674,
  1699.100,     0.961450,     0.729823,    -0.000069,
  1699.150,     1.090328,     0.651807,     0.000848,
  1699.200,     1.069636,     0.766728,     0.000436,
  1699.250,     0.855918,     0.959094,     0.006998,
  1699.300,     0.424744,     1.079285,     0.005977,
  1699.350,    -0.081917,     1.017662,     0.003514,
  1699.400,    -0.592949,     0.750040,     0.000799,
  1699.450,    -0.963376,     0.296059,     0.009970,
  1699.500,    -1.047154,    -0.227596,     0.013216,
  1699.550,    -0.749949,    -0.738272,     0.006940,
  1699.600,    -0.123499,    -1.066399,     0.009813,
  1699.650,     0.752075,    -1.086662,     0.011357,
  1699.700,     1.653501,    -0.732967,     0.011628,
  1699.750,     2.410277,    -0.047674,     0.010340,
  1699.800,     2.824023,     0.839081,     0.012373,
  1699.850,     2.882345,     1.752978,     0.007435,
  1699.900,     2.637248,     2.450384,     0.008002,
  1699.950,     2.110370,     2.840175,     0.009011,
  1700.000,     1.445028,     2.866925,     0.014338,
  1700.050,     0.792451,     2.536581,     0.010415,
  1700.100,     0.308185,     1.955277,     0.003568,
  1700.150,     0.094873,     1.258269,    -0.001852,
  1700.200,     0.138272,     0.631063,     0.000725,
  1700.250,     0.333417,     0.214407,     0.001049,
  1700.300,     0.661496,     0.035360,    -0.002292,
  1700.350,     1.058302,     0.106097,    -0.004610,
  1700.400,     1.455639,     0.356125,    -0.001912,
  1700.450,     1.766221,     0.698159,    -0.002333,
  1700.500,     1.963300,     1.100381,    -0.003015,
  1700.550,     2.081767,     1.486258,    -0.001918,
  1700.600,     2.190591,     1.795552,    -0.005286,
  1700.650,     2.265906,     1.998714,    -0.007428,
  1700.700,     2.226535,     2.124292,    -0.004979,
  1700.750,     2.046519,     2.223595,    -0.008279,
  1700.800,     1.680069,     2.279434,    -0.004026,
  1700.850,     1.166523,     2.212552,    -0.002543,
  1700.900,     0.658342,     1.975957,    -0.006173,
  1700.950,     0.201680,     1.574126,    -0.006452,
  1701.000,    -0.132088,     1.078355,    -0.009768,
  1701.050,    -0.320783,     0.565921,    -0.007000,
  1701.100,    -0.347576,     0.105276,    -0.008132,
  1701.150,    -0.286335,    -0.195628,    -0.004096,
  1701.200,    -0.098625,    -0.379004,    -0.002553,
  1701.250,     0.163561,    -0.398505,     0.000939,
  1701.300,     0.511236,    -0.296935,    -0.000315,
  1701.350,     0.920763,    -0.112662,    -0.000183,
  1701.400,     1.286248,     0.193048,    -0.001385,
  1701.450,     1.622153,     0.542926,    -0.000252,
  1701.500,     1.834607,     0.940374,     0.004990,
  1701.550,     1.961030,     1.319942,     0.006112,
  1701.600,     1.904594,     1.636360,     0.000193,
  1701.650,     1.595273,     1.862691,     0.000657,
  1701.700,     1.183651,     1.914803,     0.002771,
  1701.750,     0.802870,     1.812830,     0.005890,
  1701.800,     0.478403,     1.497084,     0.004148,
  1701.850,     0.268597,     1.093463,     0.006362,
  1701.900,     0.070482,     0.715838,     0.012149,
  1701.950,    -0.104466,     0.412858,     0.006609,
  1702.000,    -0.161009,     0.207046,     0.004788,
  1702.050,    -0.136184,    -0.002225,     0.006184,
  1702.100,    -0.013538,    -0.152308,     0.000901,
  1702.150,     0.199140,    -0.196308,     0.007435,
  1702.200,     0.448154,    -0.144487,     0.001643,
  1702.250,     0.751448,    -0.024069,     0.006430,
  1702.300,     1.062064,     0.188871,     0.000443,
  1702.350,     1.433313,     0.432309,     0.002898,
  1702.400,     1.733116,     0.746406,     0.004010,
  1702.450,     1.851509,     1.113395,     0.000875,
  1702.500,     1.790618,     1.465388,     0.002220,
  1702.550,     1.563579,     1.738564,     0.002063,
  1702.600,     1.204509,     1.847772,    -0.000855,
  1702.650,     0.792614,     1.741479,    -0.001758,
  1702.700,     0.362039,     1.477008,    -0.002422,
  1702.750,     0.007227,     1.112401,    -0.002899,
  1702.800,    -0.247572,     0.725569,    -0.000616,
  1702.850,    -0.408343,     0.264683,     0.003608,
  1702.900,    -0.476924,    -0.083359,    -0.000011,
  1702.950,    -0.513592,    -0.329628,     0.003157,
  1703.000,    -0.473239,    -0.467160,     0.002720,
  1703.050,    -0.389779,    -0.516775,     0.002011,
  1703.100,    -0.183382,    -0.552785,    -0.002128,
  1703.150,     0.206183,    -0.531802,    -0.000323,
  1703.200,     0.688639,    -0.392810,     0.000036,
  1703.250,     1.293009,    -0.156744,    -0.000729,
  1703.300,     1.828261,     0.229008,     0.002097,
  1703.350,     2.149837,     0.770950,     0.004329,
  1703.400,     2.165395,     1.354544,    -0.008283,
  1703.450,     1.972272,     1.873694,    -0.002941,
  1703.500,     1.625922,     2.146879,     0.004045,
  1703.550,     1.148055,     2.142156,    -0.002068,
  1703.600,     0.602616,     1.924068,    -0.006000,
  1703.650,     0.091444,     1.563748,    -0.006070,
  1703.700,    -0.234129,     1.072622,    -0.005748,
  1703.750,    -0.375515,     0.518133,    -0.002682,
  1703.800,    -0.319349,     0.011478,    -0.004062,
  1703.850,    -0.125317,    -0.299374,    -0.007156,
  1703.900,     0.254279,    -0.382060,    -0.003683,
  1703.950,     0.763892,    -0.316831,    -0.004986,
  1704.000,     1.345836,    -0.070874,    -0.002676,
  1704.050,     1.889066,     0.321376,    -0.003160,
  1704.100,     2.293040,     0.846238,     0.000483,
  1704.150,     2.506499,     1.416767,     0.000310,
  1704.200,     2.482807,     1.969961,    -0.004532,
  1704.250,     2.262437,     2.376415,    -0.004660,
  1704.300,     1.867434,     2.539956,    -0.005337,
  1704.350,     1.404561,     2.443849,    -0.003827,
  1704.400,     0.925898,     2.187560,     0.001507,
  1704.450,     0.473467,     1.799463,     0.000432,
  1704.500,     0.160099,     1.304165,     0.002292,
  1704.550,     0.044294,     0.827102,     0.009668,
  1704.600,     0.123273,     0.365469,     0.003436,
  1704.650,     0.358787,     0.092568,     0.003780,
  1704.700,     0.688825,     0.001743,     0.012112,
  1704.750,     1.061377,     0.116562,     0.018553,
  1704.800,     1.520264,     0.365459,     0.016135,
  1704.850,     1.980294,     0.687396,     0.008384,
  1704.900,     2.429863,     1.080751,     0.006942,
  1704.950,     2.717360,     1.547032,     0.008868,
  1705.000,     2.836303,     2.028004,     0.010192,
  1705.050,     2.775139,     2.429532,     0.006725,
  1705.100,     2.656220,     2.701087,     0.002955,
  1705.150,     2.485414,     2.786637,     0.007177,
  1705.200,     2.222097,     2.728654,     0.005073,
  1705.250,     1.887457,     2.588807,     0.005025,
  1705.300,     1.573399,     2.410819,     0.001587,
  1705.350,     1.374779,     2.126121,     0.004653,
  1705.400,     1.301162,     1.815159,     0.006687,
  1705.450,     1.253279,     1.533803,     0.003056,
  1705.500,     1.146505,     1.343352,    -0.000575,
  1705.550,     0.973973,     1.294895,    -0.006094,
  1705.600,     0.775408,     1.230120,     0.002938,
  1705.650,     0.608604,     1.093479,    -0.006803,
  1705.700,     0.560671,     0.922447,    -0.006656,
  1705.750,     0.571553,     0.741133,    -0.006973,
  1705.800,     0.680875,     0.618669,    -0.005993,
  1705.850,     0.875758,     0.557503,    -0.009052,
  1705.900,     1.155201,     0.585135,    -0.013120,
  1705.950,     1.407371,     0.704118,    -0.012740,
  1706.000,     1.511383,     0.924126,    -0.007847,
  1706.050,     1.463996,     1.228105,    -0.013402,
  1706.100,     1.248617,     1.440186,    -0.006645,
  1706.150,     0.918070,     1.537056,    -0.004179,
  1706.200,     0.550281,     1.431115,    -0.003930,
  1706.250,     0.204366,     1.193729,    -0.004944,
  1706.300,    -0.026015,     0.862866,    -0.006239,
  1706.350,    -0.132454,     0.475642,    -0.005477,
  1706.400,    -0.114013,     0.149753,    -0.002849,
  1706.450,    -0.034157,    -0.050592,     0.000528,
  1706.500,     0.092328,    -0.147607,     0.001062,
  1706.550,     0.288738,    -0.136650,     0.001895,
  1706.600,     0.574285,    -0.023186,     0.003274,
  1706.650,     0.951196,     0.111666,     0.004281,
  1706.700,     1.232856,     0.334724,     0.007293,
  1706.750,     1.486716,     0.646764,     0.002482,
  1706.800,     1.703722,     0.982969,     0.010709,
  1706.850,     1.877800,     1.270086,     0.007629,
  1706.900,     1.994101,     1.533274,     0.008388,
  1706.950,     2.009338,     1.732812,     0.014102,
  1707.000,     1.988507,     1.885977,     0.013761,
  1707.050,     1.950213,     1.991964,     0.017359,
  1707.100,     1.898900,     2.012803,     0.011326,
  1707.150,     1.742201,     1.977728,     0.013590,
  1707.200,     1.509528,     1.943583,     0.011544,
  1707.250,     1.203348,     1.878060,     0.010754,
  1707.300,     0.886068,     1.716188,     0.011609,
  1707.350,     0.681293,     1.452515,     0.008695,
  1707.400,     0.641716,     1.139832,     0.001165,
  1707.450,     0.808503,     0.851223,     0.004513,
  1707.500,     1.200506,     0.639538,     0.001906,
  1707.550,     1.742628,     0.604060,     0.001476,
  1707.600,     2.302285,     0.813209,    -0.000412,
  1707.650,     2.734945,     1.263659,    -0.002497,
  1707.700,     3.011023,     1.836553,    -0.002283,
  1707.750,     2.980447,     2.379872,    -0.002030,
  1707.800,     2.748998,     2.806634,    -0.002465,
  1707.850,     2.387698,     3.011721,    -0.008887,
  1707.900,     1.876105,     2.980675,    -0.009103,
  1707.950,     1.353317,     2.724464,    -0.006498,
  1708.000,     0.917988,     2.294835,    -0.012143,
  1708.050,     0.613463,     1.783803,    -0.009446,
  1708.100,     0.499030,     1.269205,    -0.005195,
  1708.150,     0.514901,     0.851650,    -0.003939,
  1708.200,     0.669474,     0.570834,    -0.007879,
  1708.250,     0.895978,     0.472253,    -0.007090,
  1708.300,     1.079326,     0.513279,    -0.008129,
  1708.350,     1.176953,     0.688256,    -0.007923,
  1708.400,     1.152296,     0.913415,    -0.007032,
  1708.450,     1.022448,     1.097041,    -0.002737,
  1708.500,     0.908538,     1.167100,    -0.006724,
  1708.550,     0.846712,     1.094580,    -0.001078,
  1708.600,     0.854677,     0.988459,    -0.003619,
  1708.650,     0.933088,     0.890508,    -0.002249,
  1708.700,     1.104892,     0.825239,     0.004885,
  1708.750,     1.321467,     0.834482,     0.005917,
  1708.800,     1.523063,     0.937989,     0.007171,
  1708.850,     1.615267,     1.132657,     0.006649,
  1708.900,     1.557135,     1.381238,     0.010922,
  1708.950,     1.399439,     1.550118,     0.011623,
  1709.000,     1.255459,     1.592862,     0.010872,
  1709.050,     1.142395,     1.496985,     0.007634,
  1709.100,     1.054520,     1.364264,     0.007363,
  1709.150,     1.041872,     1.220443,     0.009624,
  1709.200,     1.043320,     1.113766,     0.010417,
  1709.250,     1.084874,     1.030876,     0.005857,
  1709.300,     1.177442,     0.993686,     0.006428,
  1709.350,     1.283385,     1.015238,     0.007399,
  1709.400,     1.423789,     1.048356,     0.005812,
  1709.450,     1.537158,     1.140385,     0.004390,
  1709.500,     1.625682,     1.279681,     0.007020,
  1709.550,     1.687209,     1.419368,    -0.002102,
  1709.600,     1.728319,     1.520826,    -0.000801,
  1709.650,     1.739313,     1.610550,    -0.001584,
  1709.700,     1.632079,     1.662439,    -0.001430,
  1709.750,     1.411351,     1.703517,    -0.003871,
  1709.800,     1.098982,     1.703155,    -0.003413,
  1709.850,     0.757739,     1.587031,    -0.004661,
  1709.900,     0.506080,     1.316544,    -0.001154,
  1709.950,     0.348316,     0.990432,    -0.002273,
  1710.000,     0.310149,     0.662223,    -0.006291,
  1710.050,     0.354268,     0.439506,    -0.004333,
  1710.100,     0.439200,     0.304805,    -0.007179,
  1710.150,     0.510766,     0.298283,    -0.003181,
  1710.200,     0.472801,     0.349277,    -0.001022,
  1710.250,     0.401872,     0.399695,    -0.004034,
  1710.300,     0.304543,     0.466908,    -0.003510,
  1710.350,     0.282687,     0.427609,     0.000261,
  1710.400,     0.407403,     0.349779,    -0.002749,
  1710.450,     0.670876,     0.249391,    -0.001686,
  1710.500,     0.944415,     0.267603,    -0.002193,
  1710.550,     1.146875,     0.425202,    -0.004674,
  1710.600,     1.305373,     0.670064,    -0.000171,
  1710.650,     1.349045,     0.961431,    -0.000652,
  1710.700,     1.309020,     1.192651,     0.003540,
  1710.750,     1.143832,     1.314931,     0.001170,
  1710.800,     0.950785,     1.339182,     0.002695,
  1710.850,     0.797697,     1.279172,     0.003458,
  1710.900,     0.718284,     1.094842,     0.002333,
  1710.950,     0.684413,     0.915425,    -0.002364,
  1711.000,     0.696921,     0.741791,     0.005503,
  1711.050,     0.839752,     0.671570,     0.003410,
  1711.100,     1.073536,     0.663055,     0.001198,
  1711.150,     1.422869,     0.693004,     0.004245,
  1711.200,     1.735745,     0.829999,    -0.000069,
  1711.250,     1.949272,     1.120037,     0.002868,
  1711.300,     1.997689,     1.462619,     0.002247,
  1711.350,     1.853668,     1.783571,    -0.000340,
  1711.400,     1.473662,     1.975077,     0.003371,
  1711.450,     1.003432,     1.983953,     0.002261,
  1711.500,     0.496162,     1.791444,     0.002763,
  1711.550,     0.093713,     1.416287,    -0.002626,
  1711.600,    -0.024419,     0.902035,     0.002790,
  1711.650,     0.111198,     0.412966,     0.001386,
  1711.700,     0.406144,     0.053998,     0.007797,
  1711.750,     0.824171,    -0.022020,     0.004613,
  1711.800,     1.231733,     0.139481,     0.005536,
  1711.850,     1.553560,     0.468412,     0.006156,
  1711.900,     1.761913,     0.870126,     0.007029,
  1711.950,     1.762489,     1.249804,     0.006752,
  1712.000,     1.521331,     1.590034,     0.008573,
  1712.050,     1.177974,     1.757380,     0.008108,
  1712.100,     0.754617,     1.704202,     0.008505,
  1712.150,     0.380806,     1.456662,     0.001350,
  1712.200,     0.163364,     1.053388,     0.007073,
  1712.250,     0.178505,     0.622955,     0.001395,
  1712.300,     0.394983,     0.310986,    -0.001195,
  1712.350,     0.844178,     0.108602,    -0.000457,
  1712.400,     1.391196,     0.160012,     0.002626,
  1712.450,     1.907405,     0.437557,     0.004927,
  1712.500,     2.240917,     0.908591,    -0.006156,
  1712.550,     2.337208,     1.471358,     0.001670,
  1712.600,     2.214222,     1.942300,    -0.003643,
  1712.650,     1.913837,     2.241039,    -0.004088,
  1712.700,     1.593727,     2.315176,    -0.005935,
  1712.750,     1.298437,     2.166940,    -0.004067,
  1712.800,     1.168832,     1.869105,    -0.002891,
  1712.850,     1.187792,     1.530207,    -0.003164,
  1712.900,     1.362250,     1.262102,    -0.010979,
  1712.950,     1.610151,     1.160561,    -0.006848,
  1713.000,     1.818962,     1.214127,    -0.004651,
  1713.050,     1.927265,     1.422144,    -0.006482,
  1713.100,     1.850111,     1.647660,    -0.007831,
  1713.150,     1.636524,     1.855765,    -0.008071,
  1713.200,     1.371567,     1.931107,    -0.006170,
  1713.250,     1.102526,     1.816466,    -0.004775,
  1713.300,     0.889555,     1.621859,    -0.000461,
  1713.350,     0.714765,     1.351444,     0.001385,
  1713.400,     0.676082,     1.063327,    -0.000852,
  1713.450,     0.776988,     0.848513,    -0.000115,
  1713.500,     1.039544,     0.704341,     0.008944,
  1713.550,     1.367272,     0.688907,     0.007772,
  1713.600,     1.655520,     0.819090,     0.007825,
  1713.650,     1.826496,     1.103136,     0.011870,
  1713.700,     1.790977,     1.409114,     0.012499,
  1713.750,     1.620594,     1.692225,     0.012710,
  1713.800,     1.303764,     1.811971,     0.019017,
  1713.850,     0.901041,     1.754821,     0.012774,
  1713.900,     0.436873,     1.591743,     0.012516,
  1713.950,     0.087266,     1.231281,     0.017179,
  1714.000,    -0.041608,     0.797407,     0.008708,
  1714.050,     0.153655,     0.365158,     0.007424,
  1714.100,     0.545453,     0.034516,     0.012658,
  1714.150,     1.031482,    -0.026658,     0.004189,
  1714.200,     1.430801,     0.184675,     0.006960,
  1714.250,     1.694167,     0.606210,     0.004708,
  1714.300,     1.739940,     1.089649,    -0.003931,
  1714.350,     1.573902,     1.490815,    -0.001070,
  1714.400,     1.261608,     1.707233,    -0.005352,
  1714.450,     0.899891,     1.719465,    -0.005162,
  1714.500,     0.653609,     1.513489,    -0.005360,
  1714.550,     0.574902,     1.197705,    -0.005764,
  1714.600,     0.660589,     0.856871,    -0.010997,
  1714.650,     0.858524,     0.634544,    -0.010348,
  1714.700,     1.067697,     0.617475,    -0.011269,
  1714.750,     1.110806,     0.725275,    -0.011873,
  1714.800,     0.956274,     0.924123,    -0.009144,
  1714.850,     0.605531,     1.106387,    -0.012393,
  1714.900,     0.202434,     1.103005,    -0.016834,
  1714.950,    -0.228205,     0.913411,    -0.007490,
  1715.000,    -0.515531,     0.530180,    -0.001200,
  1715.050,    -0.674044,     0.134683,    -0.007711,
  1715.100,    -0.615928,    -0.269910,    -0.006137,
  1715.150,    -0.337823,    -0.557224,    -0.005116,
  1715.200,     0.011414,    -0.683033,    -0.000736,
  1715.250,     0.454696,    -0.571705,     0.000627,
  1715.300,     0.939708,    -0.304670,     0.004724,
  1715.350,     1.420897,     0.078485,     0.006918,
  1715.400,     1.783443,     0.538393,     0.006971,
  1715.450,     1.944817,     1.028427,     0.016484,
  1715.500,     1.806966,     1.502242,     0.013427,
  1715.550,     1.347990,     1.844738,     0.014356,
  1715.600,     0.681458,     1.933996,     0.014568,
  1715.650,    -0.029336,     1.728565,     0.014983,
  1715.700,    -0.642858,     1.229859,     0.012778,
  1715.750,    -1.018315,     0.540926,     0.009551,
  1715.800,    -1.051191,    -0.165826,     0.008828,
  1715.850,    -0.716636,    -0.740224,     0.010878,
  1715.900,    -0.079834,    -1.057480,     0.006455,
  1715.950,     0.713409,    -1.035766,     0.010150,
  1716.000,     1.452742,    -0.629646,     0.004985,
  1716.050,     1.996189,     0.073212,     0.005447,
  1716.100,     2.210821,     0.854730,    -0.004324,
  1716.150,     2.125196,     1.581930,    -0.004369,
  1716.200,     1.798680,     2.064901,    -0.003984,
  1716.250,     1.308138,     2.253151,    -0.004456,
  1716.300,     0.819664,     2.119534,    -0.005804,
  1716.350,     0.435128,     1.736978,    -0.012778,
  1716.400,     0.248317,     1.250300,    -0.007374,
  1716.450,     0.197952,     0.746373,    -0.009880,
  1716.500,     0.262093,     0.391037,    -0.012048,
  1716.550,     0.338699,     0.223613,    -0.007393,
  1716.600,     0.392888,     0.227837,    -0.006224,
  1716.650,     0.393847,     0.283777,    -0.018164,
  1716.700,     0.361603,     0.363875,    -0.009471,
  1716.750,     0.379738,     0.414411,    -0.004570,
  1716.800,     0.494478,     0.382238,    -0.001681,
  1716.850,     0.699133,     0.386000,     0.003773,
  1716.900,     1.037575,     0.413724,     0.002026,
  1716.950,     1.397473,     0.532464,     0.004236,
  1717.000,     1.672946,     0.767610,     0.007792,
  1717.050,     1.905658,     1.103108,     0.008682,
  1717.100,     1.985919,     1.447134,     0.010606,
  1717.150,     1.964894,     1.758704,     0.009165,
  1717.200,     1.820408,     1.913312,     0.015154,
  1717.250,     1.562359,     1.989301,     0.014790,
  1717.300,     1.219397,     1.956454,     0.008060,
  1717.350,     0.875013,     1.767766,     0.015081,
  1717.400,     0.490596,     1.530295,     0.011548,
  1717.450,     0.138185,     1.168417,     0.011138,
  1717.500,    -0.236090,     0.812636,     0.010201,
  1717.550,    -0.442480,     0.407275,     0.008856,
  1717.600,    -0.411059,     0.038021,     0.000868,
  1717.650,    -0.101178,    -0.290806,     0.001927,
  1717.700,     0.367963,    -0.475594,    -0.001719,
  1717.750,     0.907276,    -0.410213,    -0.004178,
  1717.800,     1.317630,    -0.052088,    -0.003742,
  1717.850,     1.618723,     0.457475,    -0.011554,
  1717.900,     1.669073,     0.988306,    -0.004583,
  1717.950,     1.592045,     1.415740,    -0.003981,
  1718.000,     1.355801,     1.668179,    -0.007177,
  1718.050,     1.076507,     1.705765,    -0.013513,
  1718.100,     0.809101,     1.583977,    -0.011118,
  1718.150,     0.566299,     1.329943,    -0.002271,
  1718.200,     0.478330,     1.036802,    -0.017166,
  1718.250,     0.480779,     0.768220,     0.005265,
  1718.300,     0.603038,     0.553401,    -0.007030,
  1718.350,     0.737256,     0.472896,     0.002684,
  1718.400,     0.848716,     0.491900,    -0.002503,
  1718.450,     0.935978,     0.624468,     0.001412,
  1718.500,     0.989216,     0.761028,     0.009803,
  1718.550,     1.053406,     0.885877,     0.001854,
  1718.600,     1.122306,     0.965360,     0.006819,
  1718.650,     1.292001,     1.019752,     0.013214,
  1718.700,     1.557130,     1.055398,     0.011422,
  1718.750,     1.928259,     1.122704,     0.005992,
  1718.800,     2.269056,     1.344286,     0.006234,
  1718.850,     2.548228,     1.613377,     0.008683,
  1718.900,     2.672790,     1.994283,     0.010089,
  1718.950,     2.630973,     2.344918,     0.008961,
  1719.000,     2.400758,     2.580013,     0.005077,
  1719.050,     1.964648,     2.720220,     0.002050,
  1719.100,     1.412883,     2.634843,     0.003511,
  1719.150,     0.793312,     2.351094,    -0.004722,
  1719.200,     0.232987,     1.910511,    -0.003015,
  1719.250,    -0.178549,     1.332618,    -0.007124,
  1719.300,    -0.349208,     0.717710,    -0.010763,
  1719.350,    -0.288650,     0.149211,    -0.007911,
  1719.400,    -0.025736,    -0.231224,    -0.005664,
  1719.450,     0.479344,    -0.365955,    -0.005151,
  1719.500,     1.041164,    -0.252983,    -0.009201,
  1719.550,     1.687756,     0.065889,    -0.005351,
  1719.600,     2.189263,     0.584058,    -0.003834,
  1719.650,     2.494159,     1.177586,     0.003905,
  1719.700,     2.524329,     1.803306,     0.003257,
  1719.750,     2.318418,     2.287425,     0.002219,
  1719.800,     2.001427,     2.540220,     0.006338,
  1719.850,     1.647213,     2.506058,     0.003472,
  1719.900,     1.322724,     2.308830,     0.004558,
  1719.950,     1.068131,     1.970036,     0.007596,
  1720.000,     0.902177,     1.608460,     0.008816,

