Time_abs/ps, Signal 1/nA, Ref.signal 1/nA, Signal 2/nA, Ref.signal 2/nA
  1600.000,     0.008499,     0.007615,    -0.000641,
  1600.050,     0.007504,    -0.004646,    -0.001816,
  1600.100,    -0.014245,     0.011497,    -0.002538,
  1600.150,    -0.006271,    -0.005388,     0.001965,
  1600.200,     0.004514,    -0.009079,     0.003030,
  1600.250,    -0.003323,    -0.022884,     0.004324,
  1600.300,    -0.002989,    -0.011605,     0.005212,
  1600.350,    -0.010840,     0.000561,    -0.000991,
  1600.400,    -0.003614,     0.010459,    -0.000872,
  1600.450,    -0.004459,     0.008771,    -0.000229,
  1600.500,    -0.008872,    -0.000034,    -0.001996,
  1600.550,    -0.019919,    -0.009125,    -0.002655,
  1600.600,    -0.006264,    -0.021215,     0.000279,
  1600.650,    -0.022427,    -0.028924,    -0.008632,
  1600.700,    -0.018148,    -0.024922,    -0.006695,
  1600.750,    -0.024144,    -0.033412,    -0.000832,
  1600.800,    -0.036566,    -0.027306,     0.001397,
  1600.850,    -0.029648,    -0.001638,    -0.007699,
  1600.900,    -0.021618,    -0.017430,    -0.002845,
  1600.950,    -0.010155,    -0.006954,    -0.001296,
  1601.000,    -0.017156,    -0.025601,    -0.001164,
  1601.050,    -0.011181,    -0.025349,    -0.003839,
  1601.100,    -0.005380,    -0.009534,    -0.004397,
  1601.150,    -0.003229,    -0.028449,    -0.008250,
  1601.200,    -0.025579,    -0.018410,    -0.002348,
  1601.250,     0.001328,    -0.022588,     0.000059,
  1601.300,    -0.033627,    -0.037640,    -0.003459,
  1601.350,    -0.012844,    -0.024145,     0.003494,
  1601.400,    -0.017108,    -0.019708,     0.000081,
  1601.450,    -0.016381,    -0.036830,     0.002333,
  1601.500,    -0.012365,    -0.020360,     0.000206,
  1601.550,    -0.030519,    -0.021295,     0.002999,
  1601.600,    -0.014655,    -0.019094,    -0.004375,
  1601.650,    -0.011610,    -0.038961,     0.003852,
  1601.700,    -0.013468,    -0.039712,     0.003637,
  1601.750,    -0.003162,    -0.046448,     0.004783,
  1601.800,    -0.030529,    -0.049859,    -0.000594,
  1601.850,    -0.005655,    -0.056273,    -0.003305,
  1601.900,    -0.011049,    -0.066449,     0.001670,
  1601.950,    -0.009776,    -0.072077,    -0.002357,
  1602.000,    -0.016947,    -0.063971,    -0.003389,
  1602.050,    -0.019267,    -0.049452,    -0.006664,
  1602.100,    -0.012098,    -0.059367,    -0.007631,
  1602.150,    -0.009937,    -0.063293,    -0.008357,
  1602.200,    -0.021032,    -0.057947,    -0.010405,
  1602.250,    -0.033654,    -0.047525,    -0.001574,
  1602.300,    -0.016638,    -0.066134,    -0.009832,
  1602.350,    -0.010420,    -0.074133,     0.000661,
  1602.400,    -0.009863,    -0.077379,    -0.007931,
  1602.450,    -0.024049,    -0.060169,    -0.000224,
  1602.500,     0.002432,    -0.080268,    -0.006168,
  1602.550,    -0.035649,    -0.067907,    -0.008626,
  1602.600,    -0.004707,    -0.099132,    -0.007453,
  1602.650,    -0.002706,    -0.079462,    -0.002386,
  1602.700,    -0.020764,    -0.061615,    -0.000224,
  1602.750,    -0.007591,    -0.055587,     0.004100,
  1602.800,     0.003083,    -0.049285,    -0.003362,
  1602.850,    -0.012146,    -0.061351,     0.000716,
  1602.900,    -0.008305,    -0.051576,     0.005923,
  1602.950,    -0.027834,    -0.030425,     0.003793,
  1603.000,    -0.026265,    -0.045516,     0.005222,
  1603.050,    -0.012302,    -0.046597,     0.008182,
  1603.100,    -0.036814,    -0.041525,     0.002737,
  1603.150,    -0.000707,    -0.058770,     0.002448,
  1603.200,    -0.043013,    -0.067038,     0.004748,
  1603.250,    -0.025530,    -0.060943,     0.006934,
  1603.300,    -0.009501,    -0.046130,     0.001539,
  1603.350,    -0.010953,    -0.044856,     0.001471,
  1603.400,    -0.018543,    -0.048941,     0.000557,
  1603.450,    -0.007041,    -0.057768,    -0.000808,
  1603.500,    -0.015001,    -0.061647,    -0.002281,
  1603.550,    -0.022161,    -0.072860,    -0.002830,
  1603.600,    -0.012251,    -0.050958,    -0.006959,
  1603.650,    -0.013138,    -0.058043,    -0.005186,
  1603.700,    -0.021085,    -0.046480,    -0.008757,
  1603.750,    -0.022567,    -0.039911,    -0.005946,
  1603.800,    -0.011562,    -0.055079,    -0.008858,
  1603.850,    -0.016273,    -0.055890,    -0.001790,
  1603.900,    -0.035492,    -0.060794,    -0.005968,
  1603.950,    -0.021049,    -0.056321,    -0.007158,
  1604.000,    -0.024218,    -0.053461,    -0.002883,
  1604.050,    -0.048677,    -0.061511,    -0.001995,
  1604.100,    -0.037036,    -0.073083,     0.001619,
  1604.150,    -0.032708,    -0.058812,    -0.004622,
  1604.200,    -0.033337,    -0.056921,     0.002518,
  1604.250,    -0.031638,    -0.052816,     0.000244,
  1604.300,    -0.016403,    -0.051204,    -0.001179,
  1604.350,    -0.027968,    -0.050098,     0.003427,
  1604.400,    -0.026132,    -0.051308,     0.002206,
  1604.450,    -0.025795,    -0.055452,    -0.001251,
  1604.500,    -0.026248,    -0.068069,    -0.000149,
  1604.550,    -0.029785,    -0.050001,     0.004721,
  1604.600,    -0.006652,    -0.060544,     0.003450,
  1604.650,    -0.005732,    -0.066102,     0.004476,
  1604.700,    -0.024458,    -0.067510,     0.004049,
  1604.750,    -0.024995,    -0.069713,     0.007841,
  1604.800,    -0.002090,    -0.075049,     0.001974,
  1604.850,    -0.009641,    -0.068252,     0.001275,
  1604.900,    -0.019480,    -0.068048,     0.001431,
  1604.950,    -0.007446,    -0.057182,     0.001176,
  1605.000,    -0.024949,    -0.074073,    -0.005314,
  1605.050,    -0.025196,    -0.073767,    -0.007098,
  1605.100,    -0.031969,    -0.058804,     0.002781,
  1605.150,    -0.032964,    -0.074817,    -0.000396,
  1605.200,    -0.036765,    -0.054424,    -0.003186,
  1605.250,    -0.024087,    -0.059604,    -0.001138,
  1605.300,    -0.035242,    -0.073760,    -0.004086,
  1605.350,    -0.040998,    -0.080658,    -0.001121,
  1605.400,    -0.055860,    -0.064059,    -0.003871,
  1605.450,    -0.036429,    -0.066206,    -0.004645,
  1605.500,    -0.040140,    -0.061892,    -0.006121,
  1605.550,    -0.047070,    -0.056416,    -0.001325,
  1605.600,    -0.023709,    -0.060449,    -0.004601,
  1605.650,    -0.044735,    -0.062375,    -0.004642,
  1605.700,    -0.021488,    -0.064690,    -0.003509,
  1605.750,    -0.024527,    -0.067201,    -0.003040,
  1605.800,    -0.027924,    -0.053317,     0.001919,
  1605.850,    -0.042698,    -0.075328,    -0.000219,
  1605.900,    -0.034939,    -0.081720,     0.002345,
  1605.950,    -0.011603,    -0.084957,    -0.003427,
  1606.000,    -0.020834,    -0.063255,    -0.001568,
  1606.050,    -0.008036,    -0.061329,     0.006073,
  1606.100,     0.011395,    -0.043735,     0.004192,
  1606.150,    -0.006007,    -0.050841,    -0.004469,
  1606.200,    -0.029661,    -0.062682,     0.003960,
  1606.250,    -0.011258,    -0.048538,     0.008390,
  1606.300,    -0.019037,    -0.051206,     0.006924,
  1606.350,    -0.030022,    -0.056931,     0.001672,
  1606.400,    -0.021764,    -0.061721,     0.001725,
  1606.450,    -0.017774,    -0.077838,     0.005209,
  1606.500,    -0.021696,    -0.075351,    -0.001201,
  1606.550,    -0.010266,    -0.045355,    -0.001921,
  1606.600,    -0.006717,    -0.075436,     0.001827,
  1606.650,    -0.015870,    -0.075216,     0.004021,
  1606.700,    -0.031483,    -0.067222,    -0.002716,
  1606.750,    -0.014843,    -0.063340,    -0.000722,
  1606.800,     0.011033,    -0.069187,    -0.003126,
  1606.850,    -0.005713,    -0.065506,    -0.005027,
  1606.900,    -0.009816,    -0.051772,    -0.000509,
  1606.950,     0.001269,    -0.049198,     0.001765,
  1607.000,     0.003872,    -0.044549,    -0.001732,
  1607.050,     0.016396,    -0.057717,    -0.000221,
  1607.100,     0.009272,    -0.057853,     0.004679,
  1607.150,     0.006165,    -0.075347,    -0.004608,
  1607.200,     0.005521,    -0.075670,     0.001214,
  1607.250,     0.002893,    -0.067853,    -0.004553,
  1607.300,     0.009286,    -0.065862,    -0.009006,
  1607.350,    -0.002852,    -0.091792,    -0.003290,
  1607.400,     0.002534,    -0.095613,    -0.004660,
  1607.450,     0.002385,    -0.089350,    -0.003907,
  1607.500,    -0.006590,    -0.075400,    -0.001456,
  1607.550,    -0.007753,    -0.104859,    -0.003076,
  1607.600,    -0.012900,    -0.098777,    -0.003827,
  1607.650,    -0.004970,    -0.092790,    -0.000546,
  1607.700,     0.003949,    -0.102410,    -0.002848,
  1607.750,    -0.002203,    -0.103796,    -0.002273,
  1607.800,     0.006620,    -0.101278,    -0.002208,
  1607.850,     0.009159,    -0.124529,    -0.000618,
  1607.900,     0.010848,    -0.136633,     0.004122,
  1607.950,     0.001946,    -0.124998,     0.004355,
  1608.000,     0.001144,    -0.137278,     0.000025,
  1608.050,     0.013503,    -0.131250,     0.003891,
  1608.100,     0.016570,    -0.141260,    -0.000034,
  1608.150,     0.027489,    -0.161652,     0.001978,
  1608.200,     0.009966,    -0.162870,     0.005693,
  1608.250,     0.023422,    -0.156415,    -0.001864,
  1608.300,     0.007538,    -0.147483,    -0.000660,
  1608.350,     0.008764,    -0.147606,    -0.002384,
  1608.400,     0.020021,    -0.157783,     0.002605,
  1608.450,     0.012063,    -0.149063,    -0.002361,
  1608.500,     0.006073,    -0.130967,    -0.002424,
  1608.550,     0.025470,    -0.132564,    -0.001177,
  1608.600,     0.026695,    -0.131408,    -0.003588,
  1608.650,     0.022214,    -0.119437,    -0.001766,
  1608.700,     0.022865,    -0.132012,     0.001287,
  1608.750,     0.017310,    -0.130531,    -0.004548,
  1608.800,     0.023477,    -0.127366,    -0.003095,
  1608.850,     0.019172,    -0.114349,     0.002825,
  1608.900,     0.013673,    -0.118084,    -0.000219,
  1608.950,     0.008827,    -0.108535,    -0.000835,
  1609.000,     0.022760,    -0.122791,     0.000374,
  1609.050,     0.009641,    -0.112637,     0.000572,
  1609.100,     0.030269,    -0.100752,    -0.000645,
  1609.150,     0.042782,    -0.101737,    -0.003441,
  1609.200,     0.011936,    -0.083625,    -0.003028,
  1609.250,     0.025824,    -0.090299,     0.001102,
  1609.300,     0.048092,    -0.092264,     0.000244,
  1609.350,     0.025601,    -0.063074,    -0.001256,
  1609.400,     0.034450,    -0.072413,    -0.002456,
  1609.450,     0.041891,    -0.097468,    -0.001714,
  1609.500,     0.039404,    -0.062004,    -0.005470,
  1609.550,     0.027788,    -0.074665,     0.005392,
  1609.600,     0.034970,    -0.082541,     0.004897,
  1609.650,     0.038243,    -0.095405,     0.004483,
  1609.700,     0.039778,    -0.072481,     0.008293,
  1609.750,     0.033494,    -0.073364,     0.004429,
  1609.800,     0.020338,    -0.048757,     0.001748,
  1609.850,     0.028874,    -0.050317,     0.003643,
  1609.900,     0.030177,    -0.050132,    -0.001547,
  1609.950,     0.030488,    -0.052159,    -0.000624,
  1610.000,     0.005978,    -0.076507,    -0.002684,
  1610.050,     0.025004,    -0.090168,    -0.001664,
  1610.100,     0.020894,    -0.092489,    -0.002580,
  1610.150,     0.017793,    -0.092585,     0.004698,
  1610.200,     0.024741,    -0.087222,    -0.000470,
  1610.250,     0.039372,    -0.102442,    -0.002743,
  1610.300,     0.014459,    -0.110517,    -0.000725,
  1610.350,     0.016153,    -0.117500,    -0.002331,
  1610.400,     0.014730,    -0.123959,     0.000361,
  1610.450,     0.010485,    -0.132789,     0.002760,
  1610.500,     0.030070,    -0.137259,     0.001852,
  1610.550,     0.038188,    -0.141640,    -0.003680,
  1610.600,     0.011678,    -0.131035,     0.001220,
  1610.650,     0.020716,    -0.137492,    -0.003515,
  1610.700,     0.021094,    -0.131505,    -0.011231,
  1610.750,     0.024043,    -0.161033,    -0.003503,
  1610.800,     0.029964,    -0.172221,     0.004274,
  1610.850,     0.036721,    -0.194941,     0.000319,
  1610.900,     0.025363,    -0.172747,    -0.004097,
  1610.950,     0.022968,    -0.179672,    -0.005395,
  1611.000,     0.030358,    -0.196484,    -0.003555,
  1611.050,     0.026988,    -0.217035,     0.003538,
  1611.100,     0.027515,    -0.213329,     0.003824,
  1611.150,     0.014704,    -0.239635,     0.003836,
  1611.200,     0.012828,    -0.240099,     0.003029,
  1611.250,     0.014080,    -0.215287,     0.002436,
  1611.300,     0.013865,    -0.217257,    -0.000337,
  1611.350,     0.019034,    -0.223915,     0.005778,
  1611.400,     0.029964,    -0.225158,     0.009709,
  1611.450,     0.035628,    -0.227445,    -0.003891,
  1611.500,     0.016901,    -0.219021,    -0.004154,
  1611.550,     0.029496,    -0.196926,     0.008693,
  1611.600,     0.008513,    -0.221091,     0.006173,
  1611.650,    -0.010601,    -0.212736,    -0.000893,
  1611.700,    -0.004056,    -0.199161,     0.003750,
  1611.750,    -0.007569,    -0.192209,     0.002387,
  1611.800,    -0.034874,    -0.199529,     0.000865,
  1611.850,    -0.033398,    -0.174264,     0.000942,
  1611.900,    -0.044368,    -0.168421,    -0.002731,
  1611.950,    -0.040620,    -0.185613,    -0.002385,
  1612.000,    -0.018344,    -0.193127,    -0.003968,
  1612.050,    -0.031776,    -0.202004,    -0.001842,
  1612.100,    -0.055195,    -0.203686,    -0.008088,
  1612.150,    -0.052297,    -0.192196,    -0.005360,
  1612.200,    -0.051509,    -0.228909,     0.001099,
  1612.250,    -0.041874,    -0.217702,    -0.005497,
  1612.300,    -0.030666,    -0.218946,     0.000422,
  1612.350,    -0.041843,    -0.226065,    -0.000922,
  1612.400,    -0.043404,    -0.209106,    -0.000726,
  1612.450,    -0.031160,    -0.219318,    -0.000885,
  1612.500,    -0.024368,    -0.206316,    -0.008351,
  1612.550,    -0.024332,    -0.213026,    -0.002951,
  1612.600,    -0.035329,    -0.230964,    -0.003409,
  1612.650,    -0.052089,    -0.237960,    -0.003577,
  1612.700,    -0.026868,    -0.240506,    -0.005025,
  1612.750,    -0.018739,    -0.236160,    -0.003389,
  1612.800,    -0.016817,    -0.233167,    -0.006657,
  1612.850,    -0.023857,    -0.256656,    -0.003321,
  1612.900,    -0.008962,    -0.239617,     0.001586,
  1612.950,    -0.024981,    -0.245471,     0.002525,
  1613.000,    -0.021255,    -0.262886,    -0.000862,
  1613.050,    -0.020828,    -0.251333,    -0.004232,
  1613.100,    -0.030792,    -0.256567,     0.000127,
  1613.150,    -0.019904,    -0.244889,     0.006271,
  1613.200,    -0.015883,    -0.267568,     0.003649,
  1613.250,    -0.018756,    -0.263436,     0.004086,
  1613.300,    -0.018730,    -0.261406,     0.002101,
  1613.350,    -0.027704,    -0.262316,     0.004009,
  1613.400,    -0.028584,    -0.263597,     0.001989,
  1613.450,    -0.014656,    -0.263895,     0.001838,
  1613.500,     0.000668,    -0.253962,     0.005689,
  1613.550,    -0.006923,    -0.267384,     0.003065,
  1613.600,    -0.015903,    -0.282852,     0.001164,
  1613.650,    -0.020171,    -0.294390,     0.002860,
  1613.700,    -0.006493,    -0.269291,     0.000140,
  1613.750,    -0.016398,    -0.296063,     0.003176,
  1613.800,    -0.029593,    -0.295676,     0.001718,
  1613.850,    -0.011047,    -0.290447,     0.004477,
  1613.900,    -0.028070,    -0.308364,     0.003977,
  1613.950,    -0.048056,    -0.311033,     0.003479,
  1614.000,    -0.042288,    -0.298176,     0.002427,
  1614.050,    -0.042407,    -0.320096,    -0.001077,
  1614.100,    -0.040169,    -0.327092,     0.002789,
  1614.150,    -0.036281,    -0.336267,     0.000113,
  1614.200,    -0.046639,    -0.347295,    -0.003961,
  1614.250,    -0.040351,    -0.345886,    -0.005447,
  1614.300,    -0.052203,    -0.330335,    -0.003173,
  1614.350,    -0.060918,    -0.335595,    -0.001911,
  1614.400,    -0.064545,    -0.326397,    -0.001734,
  1614.450,    -0.048809,    -0.335081,    -0.001925,
  1614.500,    -0.060384,    -0.341281,    -0.002307,
  1614.550,    -0.063949,    -0.341916,    -0.001284,
  1614.600,    -0.065286,    -0.342900,    -0.006774,
  1614.650,    -0.073184,    -0.342125,    -0.004189,
  1614.700,    -0.078745,    -0.318097,    -0.001768,
  1614.750,    -0.071711,    -0.315540,    -0.004958,
  1614.800,    -0.090486,    -0.298863,    -0.002495,
  1614.850,    -0.095998,    -0.298416,     0.000502,
  1614.900,    -0.088265,    -0.312369,    -0.005217,
  1614.950,    -0.086143,    -0.298750,    -0.002670,
  1615.000,    -0.097362,    -0.299329,     0.004705,
  1615.050,    -0.100905,    -0.316875,     0.002982,
  1615.100,    -0.100755,    -0.339941,    -0.001684,
  1615.150,    -0.093784,    -0.354372,    -0.000437,
  1615.200,    -0.115976,    -0.349586,    -0.000102,
  1615.250,    -0.114089,    -0.375272,     0.001147,
  1615.300,    -0.100946,    -0.391255,    -0.000639,
  1615.350,    -0.097090,    -0.412063,    -0.003062,
  1615.400,    -0.088759,    -0.422098,    -0.004324,
  1615.450,    -0.094323,    -0.408363,    -0.004614,
  1615.500,    -0.085010,    -0.404922,     0.000270,
  1615.550,    -0.086842,    -0.411461,     0.001013,
  1615.600,    -0.074966,    -0.401083,    -0.000408,
  1615.650,    -0.095038,    -0.408784,    -0.002599,
  1615.700,    -0.082739,    -0.415894,     0.003472,
  1615.750,    -0.087139,    -0.406058,     0.006139,
  1615.800,    -0.103396,    -0.429032,     0.000932,
  1615.850,    -0.096112,    -0.454615,    -0.000074,
  1615.900,    -0.103242,    -0.455064,     0.001083,
  1615.950,    -0.104869,    -0.455368,     0.000507,
  1616.000,    -0.091069,    -0.466990,    -0.000056,
  1616.050,    -0.095012,    -0.474880,     0.004727,
  1616.100,    -0.107467,    -0.480263,     0.003377,
  1616.150,    -0.093896,    -0.480738,     0.000995,
  1616.200,    -0.094042,    -0.476577,     0.003126,
  1616.250,    -0.091154,    -0.483261,    -0.000060,
  1616.300,    -0.092985,    -0.490949,    -0.000719,
  1616.350,    -0.104606,    -0.490765,    -0.005054,
  1616.400,    -0.116727,    -0.495713,     0.004666,
  1616.450,    -0.100503,    -0.492477,     0.004389,
  1616.500,    -0.097642,    -0.503176,    -0.001907,
  1616.550,    -0.116938,    -0.526755,     0.001039,
  1616.600,    -0.115901,    -0.506274,    -0.003280,
  1616.650,    -0.102778,    -0.492097,    -0.003515,
  1616.700,    -0.115869,    -0.494707,     0.002720,
  1616.750,    -0.117257,    -0.491688,    -0.004128,
  1616.800,    -0.108260,    -0.491173,    -0.008756,
  1616.850,    -0.137378,    -0.493725,    -0.004514,
  1616.900,    -0.128641,    -0.487156,    -0.004662,
  1616.950,    -0.137698,    -0.489569,    -0.002874,
  1617.000,    -0.119622,    -0.506868,    -0.003552,
  1617.050,    -0.150042,    -0.487291,    -0.007987,
  1617.100,    -0.135574,    -0.474220,    -0.004765,
  1617.150,    -0.131279,    -0.483483,    -0.008596,
  1617.200,    -0.121706,    -0.473541,    -0.009289,
  1617.250,    -0.141812,    -0.474562,    -0.010122,
  1617.300,    -0.143853,    -0.456456,    -0.005805,
  1617.350,    -0.134801,    -0.446705,    -0.004842,
  1617.400,    -0.133008,    -0.459078,    -0.006013,
  1617.450,    -0.137059,    -0.445847,    -0.002407,
  1617.500,    -0.141266,    -0.438835,    -0.004327,
  1617.550,    -0.130577,    -0.433537,    -0.000310,
  1617.600,    -0.151625,    -0.436497,    -0.000612,
  1617.650,    -0.154122,    -0.418269,    -0.000689,
  1617.700,    -0.132082,    -0.416141,     0.005201,
  1617.750,    -0.150507,    -0.407228,     0.001457,
  1617.800,    -0.147298,    -0.401720,     0.000845,
  1617.850,    -0.137051,    -0.380863,    -0.001110,
  1617.900,    -0.137465,    -0.371745,     0.005878,
  1617.950,    -0.128256,    -0.338327,     0.002801,
  1618.000,    -0.133661,    -0.281234,     0.004773,
  1618.050,    -0.129166,    -0.232384,     0.008669,
  1618.100,    -0.163821,    -0.193871,     0.003708,
  1618.150,    -0.145851,    -0.161821,    -0.001271,
  1618.200,    -0.139127,    -0.119875,     0.000884,
  1618.250,    -0.144772,    -0.077524,     0.005719,
  1618.300,    -0.150320,    -0.071774,     0.002996,
  1618.350,    -0.141727,    -0.087374,     0.004704,
  1618.400,    -0.131912,    -0.196099,     0.002493,
  1618.450,    -0.145861,    -0.348139,     0.001519,
  1618.500,    -0.159640,    -0.610612,     0.005390,
  1618.550,    -0.154517,    -0.952923,     0.001327,
  1618.600,    -0.158073,    -1.333053,     0.000437,
  1618.650,    -0.159530,    -1.743931,    -0.000679,
  1618.700,    -0.142085,    -2.126887,    -0.002097,
  1618.750,    -0.154114,    -2.394161,     0.000703,
  1618.800,    -0.160838,    -2.457728,     0.000447,
  1618.850,    -0.159085,    -2.309845,     0.002103,
  1618.900,    -0.161999,    -1.995652,     0.000874,
  1618.950,    -0.138516,    -1.602009,    -0.003414,
  1619.000,    -0.165647,    -1.184876,    -0.005475,
  1619.050,    -0.170909,    -0.797805,    -0.005326,
  1619.100,    -0.168726,    -0.520714,    -0.003055,
  1619.150,    -0.178435,    -0.297820,    -0.005101,
  1619.200,    -0.185676,    -0.164513,     0.001266,
  1619.250,    -0.191278,    -0.133796,    -0.003356,
  1619.300,    -0.209168,    -0.141140,    -0.003766,
  1619.350,    -0.198867,    -0.189173,    -0.001958,
  1619.400,    -0.194775,    -0.272831,    -0.004250,
  1619.450,    -0.184998,    -0.366149,    -0.005881,
  1619.500,    -0.170158,    -0.414662,    -0.005390,
  1619.550,    -0.173550,    -0.486669,    -0.001964,
  1619.600,    -0.173844,    -0.532702,    -0.000951,
  1619.650,    -0.180265,    -0.559336,    -0.001384,
  1619.700,    -0.179633,    -0.580338,    -0.002839,
  1619.750,    -0.169713,    -0.589772,    -0.005259,
  1619.800,    -0.183456,    -0.591029,    -0.003128,
  1619.850,    -0.176684,    -0.607447,     0.000581,
  1619.900,    -0.180202,    -0.624791,     0.003993,
  1619.950,    -0.165614,    -0.651564,     0.001041,
  1620.000,    -0.179135,    -0.699427,     0.000872,
  1620.050,    -0.193844,    -0.712156,    -0.001427,
  1620.100,    -0.201198,    -0.740053,    -0.001383,
  1620.150,    -0.188268,    -0.779035,     0.002249,
  1620.200,    -0.169996,    -0.777557,    -0.002214,
  1620.250,    -0.169815,    -0.783301,    -0.000342,
  1620.300,    -0.184252,    -0.795376,     0.005066,
  1620.350,    -0.179590,    -0.762885,     0.003385,
  1620.400,    -0.183419,    -0.756703,     0.000518,
  1620.450,    -0.198271,    -0.755122,     0.003476,
  1620.500,    -0.208555,    -0.759587,     0.002954,
  1620.550,    -0.177769,    -0.770126,    -0.001870,
  1620.600,    -0.185835,    -0.762379,     0.005331,
  1620.650,    -0.200797,    -0.799293,     0.003918,
  1620.700,    -0.189781,    -0.826538,     0.003760,
  1620.750,    -0.188579,    -0.825007,     0.003476,
  1620.800,    -0.181067,    -0.836559,     0.002558,
  1620.850,    -0.194346,    -0.864981,    -0.000813,
  1620.900,    -0.202409,    -0.872562,    -0.004628,
  1620.950,    -0.188633,    -0.863349,    -0.001080,
  1621.000,    -0.184080,    -0.892779,     0.000419,
  1621.050,    -0.180489,    -0.900679,    -0.000355,
  1621.100,    -0.172618,    -0.903279,    -0.002445,
  1621.150,    -0.173156,    -0.929399,    -0.003678,
  1621.200,    -0.166374,    -0.946151,    -0.005434,
  1621.250,    -0.181087,    -0.973433,    -0.006166,
  1621.300,    -0.178696,    -1.002156,    -0.007396,
  1621.350,    -0.171519,    -1.031033,    -0.008742,
  1621.400,    -0.160481,    -1.055723,    -0.004653,
  1621.450,    -0.150594,    -1.082439,     0.000168,
  1621.500,    -0.153870,    -1.040745,    -0.003103,
  1621.550,    -0.143253,    -1.007067,    -0.009780,
  1621.600,    -0.136201,    -0.969472,    -0.001692,
  1621.650,    -0.138808,    -0.923275,     0.003073,
  1621.700,    -0.149352,    -0.868363,     0.001527,
  1621.750,    -0.137589,    -0.839668,    -0.001422,
  1621.800,    -0.130730,    -0.839075,     0.000066,
  1621.850,    -0.109632,    -0.835832,    -0.000791,
  1621.900,    -0.087938,    -0.868083,    -0.006046,
  1621.950,    -0.060147,    -0.905803,    -0.004562,
  1622.000,    -0.042142,    -0.925178,     0.000897,
  1622.050,    -0.018707,    -0.925425,     0.000338,
  1622.100,     0.011462,    -0.933014,    -0.001726,
  1622.150,     0.040184,    -0.943333,    -0.000348,
  1622.200,     0.034545,    -0.946160,    -0.002372,
  1622.250,     0.041324,    -0.947706,     0.003025,
  1622.300,     0.026011,    -0.936598,    -0.000083,
  1622.350,    -0.028184,    -0.911204,    -0.001106,
  1622.400,    -0.119711,    -0.902913,    -0.002966,
  1622.450,    -0.270739,    -0.885350,    -0.002620,
  1622.500,    -0.472755,    -0.852988,     0.001823,
  1622.550,    -0.693128,    -0.809969,     0.001714,
  1622.600,    -0.919033,    -0.785377,    -0.004613,
  1622.650,    -1.120502,    -0.742969,    -0.001185,
  1622.700,    -1.239804,    -0.686576,     0.002905,
  1622.750,    -1.233838,    -0.613374,     0.001234,
  1622.800,    -1.082026,    -0.510101,     0.002359,
  1622.850,    -0.838916,    -0.403846,     0.000883,
  1622.900,    -0.587584,    -0.275957,     0.001502,
  1622.950,    -0.340035,    -0.136301,    -0.001911,
  1623.000,    -0.101756,    -0.013895,    -0.003891,
  1623.050,     0.049202,     0.097326,    -0.000688,
  1623.100,     0.128857,     0.115637,    -0.001501,
  1623.150,     0.159235,     0.008123,    -0.002117,
  1623.200,     0.150247,    -0.326249,    -0.000884,
  1623.250,     0.101389,    -1.001347,    -0.002229,
  1623.300,     0.040827,    -2.122518,    -0.001773,
  1623.350,    -0.002156,    -3.843026,    -0.001781,
  1623.400,    -0.079754,    -6.190226,    -0.001984,
  1623.450,    -0.141327,    -9.079033,    -0.005542,
  1623.500,    -0.183501,   -12.222148,     0.000588,
  1623.550,    -0.215107,   -15.132563,     0.000064,
  1623.600,    -0.227920,   -17.125555,    -0.007099,
  1623.650,    -0.252264,   -17.493563,    -0.002636,
  1623.700,    -0.220356,   -15.827166,    -0.000472,
  1623.750,    -0.224290,   -12.123533,    -0.002498,
  1623.800,    -0.228677,    -6.997025,    -0.000995,
  1623.850,    -0.238256,    -1.427215,     0.000709,
  1623.900,    -0.272226,     3.484423,     0.002546,
  1623.950,    -0.263962,     6.934489,    -0.001409,
  1624.000,    -0.256443,     8.513791,     0.003257,
  1624.050,    -0.280230,     8.337132,     0.002813,
  1624.100,    -0.308685,     6.748450,     0.001895,
  1624.150,    -0.293255,     4.178412,     0.000618,
  1624.200,    -0.293292,     1.205607,    -0.002661,
  1624.250,    -0.295206,    -1.618595,     0.004900,
  1624.300,    -0.282844,    -3.847212,     0.001060,
  1624.350,    -0.286244,    -5.274983,    -0.006147,
  1624.400,    -0.272641,    -5.999073,     0.004466,
  1624.450,    -0.286761,    -6.210488,     0.003155,
  1624.500,    -0.263974,    -6.037645,     0.002025,
  1624.550,    -0.291244,    -5.448199,     0.007616,
  1624.600,    -0.296723,    -4.513717,     0.005199,
  1624.650,    -0.316609,    -3.507028,    -0.000209,
  1624.700,    -0.329506,    -2.713990,     0.001531,
  1624.750,    -0.318648,    -2.169706,     0.005312,
  1624.800,    -0.325144,    -1.805950,    -0.004017,
  1624.850,    -0.313096,    -1.469886,    -0.004357,
  1624.900,    -0.308828,    -1.140785,     0.000040,
  1624.950,    -0.296429,    -0.812284,    -0.000126,
  1625.000,    -0.298934,    -0.407357,     0.000759,
  1625.050,    -0.317419,     0.132472,     0.003187,
  1625.100,    -0.327731,     0.838794,     0.003792,
  1625.150,    -0.354528,     1.727241,     0.001947,
  1625.200,    -0.354798,     2.765705,    -0.002111,
  1625.250,    -0.369160,     3.889177,     0.000646,
  1625.300,    -0.378833,     5.077292,     0.001219,
  1625.350,    -0.404883,     6.273234,    -0.001811,
  1625.400,    -0.408417,     7.478472,    -0.002500,
  1625.450,    -0.382336,     8.746009,    -0.000320,
  1625.500,    -0.371304,    10.060120,     0.001792,
  1625.550,    -0.319419,    11.467869,     0.000030,
  1625.600,    -0.271268,    13.071246,     0.002262,
  1625.650,    -0.252043,    14.898890,     0.004854,
  1625.700,    -0.269814,    17.010325,     0.001739,
  1625.750,    -0.263258,    19.501218,    -0.000912,
  1625.800,    -0.260128,    22.428147,    -0.000545,
  1625.850,    -0.296986,    25.822997,    -0.001591,
  1625.900,    -0.317337,    29.700968,     0.001944,
  1625.950,    -0.333594,    34.164119,     0.004426,
  1626.000,    -0.340457,    39.328189,    -0.002098,
  1626.050,    -0.339229,    45.320874,    -0.003091,
  1626.100,    -0.329972,    52.213222,    -0.003068,
  1626.150,    -0.313854,    60.173804,    -0.002150,
  1626.200,    -0.331836,    69.234329,    -0.001140,
  1626.250,    -0.329557,    79.317423,     0.000083,
  1626.300,    -0.315024,    90.147328,     0.001396,
  1626.350,    -0.300306,   101.149397,     0.001270,
  1626.400,    -0.288705,   111.240914,    -0.000613,
  1626.450,    -0.266107,   118.577158,     0.000737,
  1626.500,    -0.243266,   120.330037,     0.003073,
  1626.550,    -0.242316,   112.301036,     0.001030,
  1626.600,    -0.211942,    88.936240,     0.001714,
  1626.650,    -0.195040,    43.654300,     0.002368,
  1626.700,    -0.157447,   -30.080523,     0.004291,
  1626.750,    -0.100596,  -136.599317,     0.004040,
  1626.800,    -0.053177,  -275.383844,     0.003474,
  1626.850,     0.017950,  -438.202199,     0.001134,
  1626.900,     0.094791,  -607.466873,     0.002436,
  1626.950,     0.150497,  -756.832510,     0.001521,
  1627.000,     0.189103,  -853.304042,     0.004409,
  1627.050,     0.198375,  -863.652525,     0.002491,
  1627.100,     0.145192,  -767.964910,     0.000121,
  1627.150,    -0.065239,  -573.556554,     0.000695,
  1627.200,    -0.433619,  -314.836492,    -0.001279,
  1627.250,    -1.076995,   -38.717001,     0.000299,
  1627.300,    -2.028670,   213.204124,     0.003741,
  1627.350,    -3.311871,   414.370761,     0.003282,
  1627.400,    -4.860717,   551.418659,    -0.001147,
  1627.450,    -6.497482,   618.154752,    -0.000711,
  1627.500,    -7.970455,   615.650001,     0.000359,
  1627.550,    -8.830749,   555.920794,    -0.001783,
  1627.600,    -8.657534,   461.606808,     0.001096,
  1627.650,    -7.287116,   358.092630,     0.003964,
  1627.700,    -4.765746,   262.795631,     0.004540,
  1627.750,    -1.494063,   181.288099,     0.001495,
  1627.800,     1.809814,   113.143369,     0.004043,
  1627.850,     4.510403,    59.884677,     0.000229,
  1627.900,     6.159045,    26.164406,    -0.000641,
  1627.950,     6.576099,    13.388737,    -0.000768,
  1628.000,     5.883155,    14.807836,    -0.002711,
  1628.050,     4.433801,    19.605023,    -0.004786,
  1628.100,     2.513026,    20.976186,    -0.002991,
  1628.150,     0.495974,    18.573325,    -0.006144,
  1628.200,    -1.294720,    13.737354,    -0.002585,
  1628.250,    -2.581331,     6.294082,    -0.003245,
  1628.300,    -3.248977,    -3.942722,    -0.000970,
  1628.350,    -3.426513,   -15.291041,     0.005401,
  1628.400,    -3.305283,   -25.115936,     0.000101,
  1628.450,    -2.978406,   -31.509963,    -0.001094,
  1628.500,    -2.425684,   -33.304194,     0.000713,
  1628.550,    -1.730950,   -29.992888,     0.000029,
  1628.600,    -1.027045,   -22.742302,    -0.000127,
  1628.650,    -0.502392,   -14.414926,    -0.001105,
  1628.700,    -0.212489,    -7.483234,    -0.001445,
  1628.750,    -0.041559,    -2.984859,     0.000276,
  1628.800,     0.072669,    -1.164252,     0.006444,
  1628.850,     0.198416,    -2.118112,    -0.001793,
  1628.900,     0.322971,    -5.174189,    -0.000985,
  1628.950,     0.470195,    -9.286403,    -0.001266,
  1629.000,     0.711292,   -13.634145,     0.001764,
  1629.050,     1.034458,   -17.083424,    -0.002845,
  1629.100,     1.454463,   -18.429742,    -0.003488,
  1629.150,     1.999610,   -17.405915,    -0.005408,
  1629.200,     2.537501,   -14.983355,    -0.000379,
  1629.250,     3.110245,   -11.998510,    -0.002204,
  1629.300,     3.660030,    -8.593464,    -0.005855,
  1629.350,     4.160010,    -5.354663,     0.000137,
  1629.400,     4.655968,    -3.324842,     0.001406,
  1629.450,     5.164549,    -2.418323,     0.000085,
  1629.500,     5.729739,    -1.744800,    -0.006261,
  1629.550,     6.371186,    -1.435813,    -0.000693,
  1629.600,     7.138534,    -2.146204,     0.002021,
  1629.650,     8.058890,    -3.579164,    -0.004690,
  1629.700,     9.153090,    -5.007354,    -0.006870,
  1629.750,    10.440592,    -6.289650,    -0.002448,
  1629.800,    11.971714,    -7.321848,     0.001559,
  1629.850,    13.747325,    -7.916487,    -0.002842,
  1629.900,    15.802969,    -8.401538,    -0.005855,
  1629.950,    18.165277,    -9.063405,    -0.003926,
  1630.000,    20.927553,    -9.528301,    -0.002082,
  1630.050,    24.121949,    -9.995554,    -0.003413,
  1630.100,    27.858653,   -11.552468,    -0.003667,
  1630.150,    32.141649,   -14.581446,    -0.004407,
  1630.200,    36.900434,   -18.110098,     0.002998,
  1630.250,    41.979088,   -21.159664,    -0.002193,
  1630.300,    47.115337,   -23.552278,    -0.008150,
  1630.350,    51.672119,   -25.200944,    -0.007524,
  1630.400,    54.705748,   -25.526302,    -0.000651,
  1630.450,    54.667478,   -23.619052,    -0.002380,
  1630.500,    49.320853,   -18.819349,    -0.008652,
  1630.550,    35.723608,   -11.499617,    -0.002156,
  1630.600,    10.303120,    -3.149112,     0.004132,
  1630.650,   -30.419091,     4.452853,     0.008962,
  1630.700,   -88.816026,    10.046533,     0.010204,
  1630.750,  -164.419386,    13.060233,     0.016575,
  1630.800,  -252.105292,    13.620158,     0.019621,
  1630.850,  -340.900203,    12.157680,     0.013877,
  1630.900,  -414.005086,     9.274574,     0.009603,
  1630.950,  -451.352184,     5.856123,     0.006849,
  1631.000,  -435.359046,     2.993944,     0.007950,
  1631.050,  -358.546929,     1.406954,     0.004005,
  1631.100,  -229.088339,     1.309775,     0.008918,
  1631.150,   -69.400954,     2.395546,     0.006748,
  1631.200,    92.026713,     3.763499,     0.010686,
  1631.250,   230.526642,     4.322650,     0.002974,
  1631.300,   330.285471,     3.926636,    -0.007905,
  1631.350,   384.391213,     3.166550,    -0.012599,
  1631.400,   392.706425,     2.265575,    -0.011586,
  1631.450,   360.629794,     1.160862,    -0.014365,
  1631.500,   298.948069,     0.170592,    -0.016579,
  1631.550,   222.937932,    -0.376537,    -0.014945,
  1631.600,   148.312345,    -0.448203,    -0.014707,
  1631.650,    85.399355,    -0.184167,    -0.014288,
  1631.700,    36.443214,     0.207198,    -0.011365,
  1631.750,    -0.761655,     0.439720,    -0.007321,
  1631.800,   -26.897435,     0.576219,    -0.001869,
  1631.850,   -39.852791,     0.828175,     0.001171,
  1631.900,   -39.101079,     1.151283,    -0.004241,
  1631.950,   -29.530052,     1.302174,    -0.000373,
  1632.000,   -19.081842,     1.393799,     0.002365,
  1632.050,   -12.634485,     1.363982,     0.004192,
  1632.100,   -10.162450,     0.892051,    -0.000107,
  1632.150,    -9.993270,    -0.002850,     0.000737,
  1632.200,   -11.805832,    -0.749953,     0.000255,
  1632.250,   -15.705888,    -0.775002,     0.002024,
  1632.300,   -20.471128,    -0.086435,     0.003102,
  1632.350,   -24.293407,     0.719788,     0.001440,
  1632.400,   -25.928167,     0.976297,     0.002175,
  1632.450,   -24.750806,     0.479779,     0.003203,
  1632.500,   -20.550125,    -0.447088,     0.005684,
  1632.550,   -14.074451,    -1.509570,    -0.000388,
  1632.600,    -7.335816,    -2.620741,    -0.001706,
  1632.650,    -2.127756,    -3.634282,     0.005252,
  1632.700,     0.968583,    -4.182021,    -0.000989,
  1632.750,     1.975590,    -3.906807,     0.001701,
  1632.800,     1.045794,    -2.793900,     0.002698,
  1632.850,    -1.321251,    -1.227206,    -0.000502,
  1632.900,    -4.335463,     0.409447,     0.000829,
  1632.950,    -7.394838,     1.757836,     0.001507,
  1633.000,    -9.791943,     2.638111,    -0.001298,
  1633.050,   -10.597156,     3.037544,     0.001048,
  1633.100,    -9.574931,     2.807701,     0.000643,
  1633.150,    -7.515957,     1.846147,    -0.001133,
  1633.200,    -5.163711,     0.418482,    -0.006209,
  1633.250,    -2.659604,    -0.781082,    -0.000318,
  1633.300,    -0.411505,    -1.114038,     0.005196,
  1633.350,     0.853566,    -0.548134,    -0.000646,
  1633.400,     1.201918,     0.372960,    -0.005142,
  1633.450,     1.353892,     1.093779,    -0.002306,
  1633.500,     1.309247,     1.532629,    -0.002870,
  1633.550,     0.558916,     1.931117,    -0.002798,
  1633.600,    -0.651559,     2.205702,     0.004678,
  1633.650,    -1.782459,     2.028786,     0.008233,
  1633.700,    -2.638884,     1.294591,    -0.000120,
  1633.750,    -3.283651,     0.509281,    -0.002936,
  1633.800,    -3.579925,     0.259539,     0.002586,
  1633.850,    -3.732474,     0.637703,    -0.002398,
  1633.900,    -4.026921,     1.288410,     0.001898,
  1633.950,    -4.237423,     1.735328,     0.000971,
  1634.000,    -4.340176,     2.004661,    -0.002936,
  1634.050,    -5.145984,     2.524687,    -0.000574,
  1634.100,    -6.964294,     3.538086,    -0.000914,
  1634.150,    -9.112045,     4.817174,     0.001169,
  1634.200,   -10.744758,     5.771806,     0.006764,
  1634.250,   -11.745318,     5.894634,     0.002740,
  1634.300,   -12.155663,     5.019867,     0.000915,
  1634.350,   -11.647903,     3.374413,    -0.004397,
  1634.400,    -9.771759,     1.468931,    -0.000832,
  1634.450,    -6.324543,    -0.234864,    -0.002092,
  1634.500,    -1.707220,    -1.331142,    -0.008597,
  1634.550,     3.102392,    -1.620024,     0.001642,
  1634.600,     7.120885,    -1.193751,     0.004815,
  1634.650,     9.632807,    -0.221375,    -0.001732,
  1634.700,    10.347341,     0.944310,     0.000796,
  1634.750,     9.369630,     1.802740,    -0.000104,
  1634.800,     7.219369,     2.103127,     0.000837,
  1634.850,     4.511689,     1.980898,     0.000934,
  1634.900,     1.913275,     1.834150,    -0.000774,
  1634.950,     0.001016,     1.554471,    -0.002304,
  1635.000,    -0.784356,     0.849765,    -0.003145,
  1635.050,    -0.416262,    -0.364628,    -0.001525,
  1635.100,     0.763415,    -1.647068,    -0.000338,
  1635.150,     2.011782,    -2.463542,    -0.001504,
  1635.200,     2.544835,    -2.393592,     0.001229,
  1635.250,     2.188358,    -1.539666,    -0.000270,
  1635.300,     1.449800,    -0.367061,    -0.001048,
  1635.350,     0.653602,     0.786164,    -0.002251,
  1635.400,    -0.204575,     1.800347,    -0.003273,
  1635.450,    -0.961206,     2.567745,    -0.002162,
  1635.500,    -1.352632,     2.857418,    -0.002399,
  1635.550,    -1.318597,     2.729597,    -0.000939,
  1635.600,    -0.988794,     2.507415,    -0.000147,
  1635.650,    -0.561711,     2.725166,    -0.002441,
  1635.700,    -0.253330,     3.536522,    -0.003072,
  1635.750,    -0.065735,     4.719953,    -0.003424,
  1635.800,     0.191664,     5.978758,     0.001461,
  1635.850,     0.493090,     7.139484,     0.000148,
  1635.900,     0.634394,     8.018270,     0.004711,
  1635.950,     0.688061,     8.408722,    -0.000230,
  1636.000,     0.674698,     8.099335,    -0.002915,
  1636.050,     0.346677,     6.992960,    -0.001077,
  1636.100,    -0.298612,     5.083596,    -0.000778,
  1636.150,    -0.795202,     2.715300,    -0.000114,
  1636.200,    -0.711891,     0.553834,    -0.003299,
  1636.250,    -0.044799,    -0.974464,     0.001054,
  1636.300,     0.656556,    -1.866223,    -0.001626,
  1636.350,     0.886757,    -2.360050,    -0.001777,
  1636.400,     0.467498,    -2.625182,     0.001256,
  1636.450,    -0.311532,    -2.683920,    -0.001223,
  1636.500,    -1.122453,    -2.569406,     0.003967,
  1636.550,    -1.865388,    -2.462354,    -0.002096,
  1636.600,    -2.505565,    -2.381856,    -0.004543,
  1636.650,    -2.785126,    -2.249739,    -0.003833,
  1636.700,    -2.472101,    -1.943175,    -0.003298,
  1636.750,    -1.638600,    -1.563875,    -0.005762,
  1636.800,    -0.482854,    -1.173989,    -0.007094,
  1636.850,     0.626280,    -0.740138,    -0.001142,
  1636.900,     1.422509,    -0.124872,     0.000917,
  1636.950,     1.843862,     0.609759,    -0.002304,
  1637.000,     1.910903,     1.406203,     0.001762,
  1637.050,     1.604157,     2.317221,     0.001154,
  1637.100,     0.852231,     3.254949,     0.002136,
  1637.150,    -0.214223,     4.003688,    -0.000947,
  1637.200,    -1.042956,     4.135708,    -0.008070,
  1637.250,    -1.195444,     3.405202,     0.001035,
  1637.300,    -0.622407,     1.985505,     0.001872,
  1637.350,     0.171825,     0.434592,    -0.001411,
  1637.400,     0.691754,    -0.822254,     0.001345,
  1637.450,     0.902597,    -1.575648,     0.001330,
  1637.500,     1.043558,    -1.729813,     0.004235,
  1637.550,     1.155002,    -1.255113,     0.006811,
  1637.600,     0.939881,    -0.338612,    -0.000034,
  1637.650,     0.343177,     0.763632,     0.002006,
  1637.700,    -0.316260,     1.740224,     0.003784,
  1637.750,    -0.499311,     2.460679,     0.000868,
  1637.800,    -0.160221,     2.958997,    -0.004131,
  1637.850,     0.394360,     3.299934,    -0.004185,
  1637.900,     0.785024,     3.385711,    -0.002950,
  1637.950,     0.956922,     3.162409,     0.001550,
  1638.000,     1.210778,     2.824086,     0.005063,
  1638.050,     1.823077,     2.523193,     0.001355,
  1638.100,     2.639072,     2.167881,    -0.000694,
  1638.150,     3.207405,     1.673464,     0.000878,
  1638.200,     3.142536,     1.097867,    -0.000480,
  1638.250,     2.356110,     0.595649,    -0.000205,
  1638.300,     1.093729,     0.267708,     0.000884,
  1638.350,    -0.277447,     0.215812,    -0.002309,
  1638.400,    -1.398725,     0.300757,    -0.004321,
  1638.450,    -1.998727,     0.210374,     0.000796,
  1638.500,    -1.991380,    -0.234144,     0.004171,
  1638.550,    -1.480525,    -0.859218,    -0.001477,
  1638.600,    -0.624380,    -1.345800,     0.001989,
  1638.650,     0.296932,    -1.384178,     0.000263,
  1638.700,     0.908632,    -1.020408,     0.000034,
  1638.750,     0.969549,    -0.342018,     0.001422,
  1638.800,     0.701989,     0.725234,    -0.001775,
  1638.850,     0.355645,     2.078701,    -0.001379,
  1638.900,    -0.079890,     3.398893,     0.004697,
  1638.950,    -0.820235,     4.392974,     0.000716,
  1639.000,    -1.911059,     4.958612,     0.001675,
  1639.050,    -2.902051,     5.103479,     0.004805,
  1639.100,    -3.364604,     4.824185,     0.000128,
  1639.150,    -2.918633,     3.945542,     0.005752,
  1639.200,    -1.643059,     2.410317,     0.003855,
  1639.250,    -0.040498,     0.343592,    -0.000237,
  1639.300,     1.436640,    -1.854028,    -0.002851,
  1639.350,     2.591208,    -3.661547,    -0.003365,
  1639.400,     3.277700,    -4.850082,    -0.001708,
  1639.450,     3.333299,    -5.255514,    -0.002602,
  1639.500,     2.755679,    -4.758078,    -0.001585,
  1639.550,     1.926218,    -3.317165,     0.000491,
  1639.600,     1.365000,    -1.240698,     0.001126,
  1639.650,     1.285824,     1.045305,    -0.001863,
  1639.700,     1.535700,     2.943423,    -0.000242,
  1639.750,     1.990223,     4.244858,    -0.000580,
  1639.800,     2.495377,     5.100088,    -0.004163,
  1639.850,     2.944459,     5.546860,     0.000320,
  1639.900,     3.244906,     5.334418,    -0.002012,
  1639.950,     3.156152,     4.304736,     0.000869,
  1640.000,     2.629021,     2.511987,    -0.000910,
  1640.050,     1.597422,     0.352506,     0.000501,
  1640.100,     0.324654,    -1.575325,     0.000045,
  1640.150,    -0.816077,    -2.746470,    -0.001562,
  1640.200,    -1.523153,    -3.031769,    -0.001101,
  1640.250,    -1.851648,    -2.697153,     0.002506,
  1640.300,    -1.947622,    -2.044046,     0.000223,
  1640.350,    -1.994416,    -1.309203,    -0.000283,
  1640.400,    -1.939803,    -0.531349,     0.002158,
  1640.450,    -1.775895,     0.062713,    -0.000018,
  1640.500,    -1.594705,     0.293488,     0.000113,
  1640.550,    -1.422894,     0.269254,     0.001492,
  1640.600,    -1.225932,     0.404838,    -0.005148,
  1640.650,    -0.853230,     1.032106,    -0.000365,
  1640.700,    -0.420276,     2.062719,     0.005899,
  1640.750,    -0.042509,     3.106748,     0.002604,
  1640.800,     0.366044,     3.840306,    -0.000177,
  1640.850,     0.839003,     4.170689,     0.007139,
  1640.900,     1.316237,     4.128747,     0.005300,
  1640.950,     1.822921,     3.825790,     0.000930,
  1641.000,     2.376380,     3.105605,     0.002184,
  1641.050,     2.977717,     1.919317,    -0.000788,
  1641.100,     3.471686,     0.499471,    -0.004216,
  1641.150,     3.559843,    -0.655401,    -0.003170,
  1641.200,     3.032428,    -1.180790,    -0.005726,
  1641.250,     2.107115,    -0.932680,     0.005122,
  1641.300,     1.212801,     0.065962,    -0.000536,
  1641.350,     0.660702,     1.640657,    -0.000554,
  1641.400,     0.559707,     3.587384,     0.002906,
  1641.450,     0.955034,     5.627009,     0.000647,
  1641.500,     1.810101,     7.283995,     0.000139,
  1641.550,     2.953383,     7.929273,    -0.001755,
  1641.600,     4.255582,     7.229707,    -0.001828,
  1641.650,     5.524780,     5.437746,    -0.002873,
  1641.700,     6.542007,     3.255428,     0.002387,
  1641.750,     7.460629,     1.287893,    -0.000855,
  1641.800,     8.240019,    -0.430065,    -0.001018,
  1641.850,     8.801781,    -1.912394,     0.000919,
  1641.900,     8.933409,    -2.921142,    -0.003497,
  1641.950,     8.528812,    -3.164518,     0.003842,
  1642.000,     7.422278,    -2.711609,     0.002525,
  1642.050,     5.055172,    -2.023525,    -0.004524,
  1642.100,     0.834401,    -1.612473,     0.001395,
  1642.150,    -5.780700,    -1.626222,     0.001331,
  1642.200,   -15.169892,    -1.895577,    -0.002348,
  1642.250,   -27.182400,    -2.231396,     0.000387,
  1642.300,   -41.070960,    -2.317654,     0.000073,
  1642.350,   -55.189792,    -1.902629,    -0.002231,
  1642.400,   -66.915873,    -0.786280,    -0.001758,
  1642.450,   -72.849463,     1.129492,     0.001628,
  1642.500,   -69.572839,     3.499094,     0.001266,
  1642.550,   -54.929196,     5.749574,     0.001941,
  1642.600,   -29.527515,     7.199591,     0.000582,
  1642.650,     2.803813,     7.364164,     0.001538,
  1642.700,    36.029224,     6.108811,     0.001081,
  1642.750,    63.969625,     3.760737,    -0.000744,
  1642.800,    82.143977,     1.035424,    -0.001989,
  1642.850,    88.652404,    -1.500944,    -0.003400,
  1642.900,    84.085394,    -3.580921,    -0.004202,
  1642.950,    70.716909,    -5.075783,    -0.001339,
  1643.000,    51.678298,    -5.654107,     0.001955,
  1643.050,    30.306212,    -4.892246,     0.002351,
  1643.100,    10.016380,    -2.572867,    -0.007338,
  1643.150,    -6.458529,     0.931624,    -0.007305,
  1643.200,   -17.896176,     4.734468,    -0.000107,
  1643.250,   -24.591729,     7.863014,     0.004686,
  1643.300,   -27.507509,     9.581584,     0.003501,
  1643.350,   -27.268971,     9.571676,     0.006553,
  1643.400,   -23.996490,     7.899424,    -0.001351,
  1643.450,   -18.206898,     4.949290,    -0.002039,
  1643.500,   -11.360591,     1.389123,     0.001071,
  1643.550,    -5.336321,    -1.934049,     0.001124,
  1643.600,    -1.228334,    -4.311451,     0.004545,
  1643.650,     0.955333,    -5.354010,     0.006048,
  1643.700,     1.753840,    -5.268690,     0.001785,
  1643.750,     1.672994,    -4.557273,    -0.003813,
  1643.800,     0.976415,    -3.695180,    -0.000023,
  1643.850,    -0.141561,    -2.738433,    -0.002312,
  1643.900,    -1.442393,    -1.598857,    -0.000577,
  1643.950,    -2.618433,    -0.426964,     0.003205,
  1644.000,    -3.343430,     0.606600,     0.000917,
  1644.050,    -3.276921,     1.409146,    -0.001485,
  1644.100,    -2.352925,     2.057791,    -0.004201,
  1644.150,    -1.023981,     2.602047,    -0.002126,
  1644.200,     0.156118,     3.052287,    -0.000820,
  1644.250,     0.863595,     3.248419,    -0.004341,
  1644.300,     1.089244,     3.271796,    -0.005618,
  1644.350,     0.941923,     3.133470,    -0.005136,
  1644.400,     0.471539,     2.880073,    -0.004408,
  1644.450,    -0.219118,     2.369453,    -0.003973,
  1644.500,    -0.967757,     1.468208,    -0.003398,
  1644.550,    -1.295111,     0.140516,     0.001509,
  1644.600,    -0.838366,    -1.456805,    -0.002827,
  1644.650,     0.277213,    -3.080571,     0.001013,
  1644.700,     1.530897,    -4.479910,    -0.003447,
  1644.750,     2.485688,    -5.262017,    -0.006587,
  1644.800,     2.980373,    -5.094079,    -0.004367,
  1644.850,     3.081985,    -3.856473,    -0.001601,
  1644.900,     2.750069,    -1.698483,    -0.004607,
  1644.950,     2.025745,     0.847717,    -0.000026,
  1645.000,     0.963909,     3.351845,     0.005173,
  1645.050,    -0.265525,     5.478878,     0.003223,
  1645.100,    -1.327402,     6.879348,     0.001008,
  1645.150,    -1.877560,     7.193092,     0.001323,
  1645.200,    -1.772783,     6.209300,     0.000823,
  1645.250,    -1.058771,     4.192611,     0.006609,
  1645.300,     0.102989,     1.729110,     0.002989,
  1645.350,     1.499179,    -0.502945,     0.004209,
  1645.400,     2.881460,    -2.066343,     0.004152,
  1645.450,     3.936830,    -2.800311,    -0.002037,
  1645.500,     4.210572,    -2.672023,     0.001466,
  1645.550,     3.441024,    -1.756019,     0.001479,
  1645.600,     1.745271,    -0.414681,    -0.002620,
  1645.650,    -0.289328,     0.885057,    -0.005636,
  1645.700,    -2.003006,     1.681047,    -0.002806,
  1645.750,    -3.236927,     1.914041,    -0.007785,
  1645.800,    -4.054734,     1.801556,    -0.002656,
  1645.850,    -4.389792,     1.604196,    -0.003327,
  1645.900,    -3.953337,     1.597945,    -0.002567,
  1645.950,    -2.718469,     1.796716,    -0.001074,
  1646.000,    -1.200076,     2.086455,    -0.004752,
  1646.050,     0.125105,     2.404416,    -0.003180,
  1646.100,     0.955195,     2.883028,     0.003610,
  1646.150,     1.218837,     3.470125,     0.002690,
  1646.200,     1.060550,     3.800494,    -0.001787,
  1646.250,     0.673508,     3.519708,     0.001267,
  1646.300,     0.319317,     2.324408,    -0.002955,
  1646.350,     0.370508,     0.377733,    -0.003786,
  1646.400,     0.984842,    -1.639211,    -0.001752,
  1646.450,     2.034065,    -3.273408,    -0.001983,
  1646.500,     3.219484,    -4.368732,     0.001604,
  1646.550,     4.046171,    -4.902630,     0.002129,
  1646.600,     4.163678,    -4.539004,     0.004587,
  1646.650,     3.357251,    -2.895854,     0.004332,
  1646.700,     1.766126,    -0.051166,    -0.003535,
  1646.750,    -0.181024,     3.371334,    -0.001517,
  1646.800,    -2.007408,     6.374152,    -0.001904,
  1646.850,    -3.480337,     8.159886,    -0.003382,
  1646.900,    -4.426005,     8.407146,     0.000663,
  1646.950,    -4.682114,     7.260378,     0.003123,
  1647.000,    -3.959646,     5.100806,     0.003250,
  1647.050,    -2.045709,     2.369490,     0.000065,
  1647.100,     0.725413,    -0.467867,     0.002678,
  1647.150,     3.518566,    -2.881076,    -0.000705,
  1647.200,     5.625730,    -4.160517,    -0.002169,
  1647.250,     6.562645,    -4.009448,     0.005818,
  1647.300,     6.150415,    -2.728079,     0.001308,
  1647.350,     4.579266,    -0.931201,    -0.004058,
  1647.400,     2.250188,     0.907262,    -0.001621,
  1647.450,    -0.350147,     2.466837,    -0.002662,
  1647.500,    -2.641348,     3.419829,     0.000454,
  1647.550,    -4.160101,     3.613173,     0.006118,
  1647.600,    -4.623821,     2.940241,     0.002386,
  1647.650,    -4.258375,     1.733533,    -0.002878,
  1647.700,    -3.475742,     0.600073,    -0.002033,
  1647.750,    -2.528055,     0.106117,    -0.001005,
  1647.800,    -1.526229,     0.398465,     0.000893,
  1647.850,    -0.522913,     1.138148,     0.004313,
  1647.900,     0.340199,     1.833618,     0.001366,
  1647.950,     0.878171,     2.254569,     0.003108,
  1648.000,     1.156311,     2.366573,     0.000355,
  1648.050,     1.291152,     2.160168,     0.004369,
  1648.100,     1.427046,     1.678289,    -0.001343,
  1648.150,     1.531298,     1.088022,    -0.001734,
  1648.200,     1.583659,     0.468325,    -0.005610,
  1648.250,     1.583432,    -0.085080,    -0.004817,
  1648.300,     1.616068,    -0.424321,    -0.000998,
  1648.350,     1.619027,    -0.445310,    -0.000603,
  1648.400,     1.407908,    -0.052121,     0.001860,
  1648.450,     0.851024,     0.676347,    -0.003187,
  1648.500,    -0.074867,     1.592305,     0.005721,
  1648.550,    -1.180405,     2.568017,     0.003175,
  1648.600,    -2.343815,     3.345554,    -0.009199,
  1648.650,    -3.373885,     3.660376,    -0.002441,
  1648.700,    -3.928744,     3.156357,     0.004357,
  1648.750,    -3.700008,     1.812877,     0.001051,
  1648.800,    -2.543413,     0.100915,    -0.003755,
  1648.850,    -0.709731,    -1.311793,    -0.000858,
  1648.900,     1.277590,    -1.930688,    -0.003920,
  1648.950,     2.991473,    -1.794235,    -0.000913,
  1649.000,     4.288395,    -1.199253,    -0.001585,
  1649.050,     4.942885,    -0.342031,    -0.001729,
  1649.100,     4.786028,     0.771827,    -0.004388,
  1649.150,     3.690147,     1.928787,     0.002390,
  1649.200,     1.877394,     2.813558,    -0.000957,
  1649.250,    -0.073056,     3.133130,    -0.001251,
  1649.300,    -1.629171,     2.861016,    -0.004207,
  1649.350,    -2.476813,     2.236333,    -0.004936,
  1649.400,    -2.643349,     1.521251,     0.000534,
  1649.450,    -2.233991,     0.906289,    -0.000972,
  1649.500,    -1.364314,     0.542241,    -0.002231,
  1649.550,    -0.226213,     0.529363,    -0.000348,
  1649.600,     0.834303,     0.919639,     0.001456,
  1649.650,     1.524548,     1.593277,     0.003051,
  1649.700,     1.645663,     2.286626,     0.003053,
  1649.750,     1.332330,     2.769640,     0.005184,
  1649.800,     0.847384,     2.829136,     0.008948,
  1649.850,     0.493895,     2.390700,     0.003387,
  1649.900,     0.361635,     1.623867,     0.002974,
  1649.950,     0.372307,     0.734181,    -0.001112,
  1650.000,     0.605620,     0.053056,     0.002212,
  1650.050,     1.040675,    -0.300182,     0.002468,
  1650.100,     1.594633,    -0.330311,     0.000537,
  1650.150,     2.056687,     0.160527,     0.005187,
  1650.200,     2.006720,     1.115636,     0.005059,
  1650.250,     1.179403,     2.248310,     0.003637,
  1650.300,    -0.246069,     3.317872,     0.000867,
  1650.350,    -1.778417,     4.218050,     0.004536,
  1650.400,    -2.898383,     4.802698,     0.003481,
  1650.450,    -3.546905,     4.799560,     0.000834,
  1650.500,    -3.820482,     3.937437,    -0.007058,
  1650.550,    -3.571368,     2.234988,    -0.001131,
  1650.600,    -2.384316,     0.093360,    -0.010021,
  1650.650,    -0.251947,    -1.962899,     0.001451,
  1650.700,     2.370547,    -3.475688,    -0.003777,
  1650.750,     4.695967,    -4.036231,    -0.004665,
  1650.800,     6.011890,    -3.473809,    -0.008499,
  1650.850,     6.037719,    -1.886582,    -0.005168,
  1650.900,     4.949417,     0.126319,    -0.007983,
  1650.950,     3.107454,     1.818449,    -0.004546,
  1651.000,     0.885850,     2.693813,    -0.004131,
  1651.050,    -1.338847,     2.733047,    -0.001428,
  1651.100,    -3.104012,     2.152289,    -0.004185,
  1651.150,    -3.850663,     1.258361,    -0.004789,
  1651.200,    -3.446925,     0.158188,    -0.003631,
  1651.250,    -2.128315,    -0.942973,    -0.003694,
  1651.300,    -0.509239,    -1.804075,     0.002364,
  1651.350,     0.977919,    -2.231281,    -0.001211,
  1651.400,     2.105395,    -2.134919,    -0.000672,
  1651.450,     2.650185,    -1.592647,    -0.002272,
  1651.500,     2.549366,    -0.586536,     0.004644,
  1651.550,     1.754542,     0.569924,    -0.000708,
  1651.600,     0.544146,     1.485851,    -0.003948,
  1651.650,    -0.593812,     1.863712,     0.001945,
  1651.700,    -1.102493,     1.731539,     0.002985,
  1651.750,    -0.854228,     1.275343,     0.006826,
  1651.800,    -0.213203,     0.735871,     0.002414,
  1651.850,     0.375370,     0.323951,     0.005150,
  1651.900,     0.711456,     0.344839,     0.006615,
  1651.950,     0.838991,     0.881324,     0.004818,
  1652.000,     0.747762,     1.640736,     0.005577,
  1652.050,     0.466181,     2.277143,    -0.000007,
  1652.100,     0.066969,     2.580827,     0.006754,
  1652.150,    -0.248646,     2.568938,     0.001544,
  1652.200,    -0.474403,     2.170394,    -0.002255,
  1652.250,    -0.598385,     1.352140,    -0.005036,
  1652.300,    -0.464905,     0.204674,     0.000008,
  1652.350,    -0.098028,    -0.882404,    -0.000887,
  1652.400,     0.513925,    -1.414204,    -0.000136,
  1652.450,     1.229513,    -1.075575,    -0.001856,
  1652.500,     1.918969,     0.051595,     0.001998,
  1652.550,     2.461286,     1.459865,     0.000798,
  1652.600,     2.648121,     2.605237,    -0.000049,
  1652.650,     2.217062,     3.283422,    -0.000545,
  1652.700,     1.098577,     3.466495,    -0.001220,
  1652.750,    -0.328806,     3.142623,    -0.003443,
  1652.800,    -1.522831,     2.283277,    -0.003727,
  1652.850,    -2.032707,     0.979266,     0.000664,
  1652.900,    -1.808078,    -0.404800,    -0.001904,
  1652.950,    -1.207400,    -1.550247,    -0.001097,
  1653.000,    -0.320927,    -2.182721,    -0.002917,
  1653.050,     0.670591,    -2.153554,    -0.003648,
  1653.100,     1.713043,    -1.634214,     0.001179,
  1653.150,     2.511462,    -0.797085,    -0.003500,
  1653.200,     2.806313,     0.248118,    -0.003986,
  1653.250,     2.609926,     1.459119,     0.000830,
  1653.300,     2.105341,     2.663853,    -0.001775,
  1653.350,     1.588076,     3.522087,    -0.000204,
  1653.400,     1.128834,     3.822955,     0.002212,
  1653.450,     0.811992,     3.637938,     0.002695,
  1653.500,     0.654757,     3.161850,     0.001229,
  1653.550,     0.589487,     2.520111,     0.001646,
  1653.600,     0.438244,     1.814874,     0.001303,
  1653.650,    -0.089067,     1.234400,    -0.002585,
  1653.700,    -1.256974,     0.964248,     0.001479,
  1653.750,    -3.193198,     1.153447,     0.005680,
  1653.800,    -5.801292,     1.694563,     0.000187,
  1653.850,    -8.642303,     2.303654,     0.001324,
  1653.900,   -11.130909,     2.495366,     0.001669,
  1653.950,   -12.435396,     2.154924,     0.004641,
  1654.000,   -11.888568,     1.370564,     0.008881,
  1654.050,    -8.988297,     0.382061,     0.006930,
  1654.100,    -3.682284,    -0.531363,     0.006180,
  1654.150,     3.331297,    -1.062805,     0.008018,
  1654.200,    10.777482,    -1.035515,     0.001521,
  1654.250,    16.924465,    -0.385731,    -0.002328,
  1654.300,    20.630537,     0.691815,    -0.001781,
  1654.350,    21.306348,     1.933382,    -0.001707,
  1654.400,    18.971629,     3.167818,    -0.001533,
  1654.450,    14.152545,     4.040509,     0.001495,
  1654.500,     7.712645,     4.375167,    -0.001457,
  1654.550,     0.947465,     4.107046,    -0.005727,
  1654.600,    -5.022532,     3.441271,    -0.003663,
  1654.650,    -9.332975,     2.591825,    -0.005458,
  1654.700,   -11.444053,     1.536290,    -0.002559,
  1654.750,   -11.333871,     0.339489,    -0.001797,
  1654.800,    -9.459555,    -0.839023,    -0.005610,
  1654.850,    -6.752798,    -1.675263,    -0.001643,
  1654.900,    -3.967990,    -1.996982,    -0.003480,
  1654.950,    -1.576273,    -1.820432,    -0.003416,
  1655.000,     0.227574,    -1.270407,    -0.008024,
  1655.050,     1.363983,    -0.493290,    -0.003528,
  1655.100,     1.791594,     0.607018,    -0.001899,
  1655.150,     1.485403,     1.841395,    -0.003580,
  1655.200,     0.695672,     2.976855,    -0.004609,
  1655.250,    -0.142013,     3.762788,    -0.001602,
  1655.300,    -0.769618,     4.141734,    -0.000511,
  1655.350,    -1.029642,     4.145293,    -0.001780,
  1655.400,    -0.950828,     3.864822,     0.000621,
  1655.450,    -0.558842,     3.244388,     0.000171,
  1655.500,     0.027912,     2.195073,     0.001654,
  1655.550,     0.586629,     0.900733,     0.004936,
  1655.600,     0.909332,    -0.429988,    -0.000118,
  1655.650,     0.974758,    -1.408666,     0.006826,
  1655.700,     0.884282,    -1.807847,     0.005788,
  1655.750,     0.624054,    -1.769096,     0.003768,
  1655.800,     0.351572,    -1.473016,     0.006171,
  1655.850,     0.319203,    -1.085380,     0.003459,
  1655.900,     0.559386,    -0.577102,     0.008554,
  1655.950,     0.918195,     0.080463,     0.003398,
  1656.000,     1.132873,     0.942668,    -0.000279,
  1656.050,     1.165330,     1.876642,    -0.001036,
  1656.100,     1.075675,     2.847501,    -0.001439,
  1656.150,     0.895570,     3.721898,     0.002953,
  1656.200,     0.542663,     4.248206,     0.000378,
  1656.250,    -0.028601,     4.202214,    -0.000808,
  1656.300,    -0.620728,     3.353246,     0.003235,
  1656.350,    -0.968863,     1.916903,    -0.000297,
  1656.400,    -0.694578,     0.319465,     0.001074,
  1656.450,     0.069365,    -1.015867,    -0.000252,
  1656.500,     0.900876,    -1.926385,    -0.001411,
  1656.550,     1.452027,    -2.433142,    -0.000539,
  1656.600,     1.555657,    -2.618615,    -0.002988,
  1656.650,     1.404032,    -2.587156,    -0.001032,
  1656.700,     1.052733,    -2.401076,    -0.006764,
  1656.750,     0.502708,    -2.161640,    -0.005750,
  1656.800,    -0.171094,    -1.677688,    -0.004955,
  1656.850,    -0.841847,    -0.860168,    -0.004177,
  1656.900,    -1.266637,     0.249309,     0.002714,
  1656.950,    -1.355432,     1.487038,    -0.001046,
  1657.000,    -1.059982,     2.530050,    -0.007387,
  1657.050,    -0.646396,     3.091155,    -0.004799,
  1657.100,    -0.284332,     3.094993,    -0.003674,
  1657.150,     0.035803,     2.552871,    -0.004674,
  1657.200,     0.420806,     1.766720,     0.003178,
  1657.250,     0.909782,     0.884781,    -0.002681,
  1657.300,     1.281767,     0.133546,    -0.002126,
  1657.350,     1.352530,    -0.366438,    -0.001519,
  1657.400,     1.186049,    -0.600281,     0.001039,
  1657.450,     1.003714,    -0.555912,     0.003923,
  1657.500,     0.834983,    -0.281646,    -0.006320,
  1657.550,     0.651727,     0.095342,    -0.003332,
  1657.600,     0.465233,     0.421960,     0.001601,
  1657.650,     0.370130,     0.527875,    -0.002395,
  1657.700,     0.510867,     0.364514,     0.002524,
  1657.750,     0.809214,     0.217246,     0.000686,
  1657.800,     1.114303,     0.330583,     0.002591,
  1657.850,     1.178607,     0.759865,     0.008438,
  1657.900,     0.937710,     1.271932,     0.001210,
  1657.950,     0.500319,     1.754661,    -0.001732,
  1658.000,     0.038343,     2.053071,     0.000719,
  1658.050,    -0.373848,     2.051475,     0.002187,
  1658.100,    -0.593663,     1.749968,     0.010284,
  1658.150,    -0.593972,     1.257728,     0.005925,
  1658.200,    -0.354768,     0.738166,     0.000533,
  1658.250,     0.021898,     0.284834,     0.001494,
  1658.300,     0.511076,    -0.112484,     0.006773,
  1658.350,     1.001987,    -0.434638,    -0.003040,
  1658.400,     1.382407,    -0.599247,    -0.003906,
  1658.450,     1.444290,    -0.513607,    -0.006562,
  1658.500,     1.285325,    -0.238587,    -0.005020,
  1658.550,     1.080277,     0.133237,    -0.002485,
  1658.600,     0.959373,     0.732043,    -0.005332,
  1658.650,     0.821524,     1.685146,    -0.010245,
  1658.700,     0.538578,     3.120261,    -0.006168,
  1658.750,     0.060711,     4.878546,    -0.002146,
  1658.800,    -0.488527,     6.469332,    -0.004049,
  1658.850,    -0.943586,     7.482532,    -0.009201,
  1658.900,    -1.205132,     7.620730,    -0.007944,
  1658.950,    -1.307719,     6.938656,    -0.008472,
  1659.000,    -1.185756,     5.741972,    -0.005423,
  1659.050,    -0.762851,     4.359323,     0.002155,
  1659.100,     0.004138,     2.981788,    -0.003427,
  1659.150,     0.882505,     1.775527,     0.000639,
  1659.200,     1.588572,     0.980509,     0.003436,
  1659.250,     2.029004,     0.699717,     0.001685,
  1659.300,     2.181732,     0.885243,    -0.000124,
  1659.350,     2.078557,     1.351445,     0.002076,
  1659.400,     1.748687,     1.931611,     0.007534,
  1659.450,     1.109405,     2.507167,     0.003476,
  1659.500,     0.185215,     3.134061,     0.006220,
  1659.550,    -0.717080,     3.689834,     0.006849,
  1659.600,    -1.350074,     3.875714,     0.007086,
  1659.650,    -1.532503,     3.622396,     0.003521,
  1659.700,    -1.365309,     3.076737,     0.011525,
  1659.750,    -1.047822,     2.395314,     0.009867,
  1659.800,    -0.668957,     1.571273,     0.001496,
  1659.850,    -0.258863,     0.503013,     0.002939,
  1659.900,     0.204982,    -0.738879,     0.000034,
  1659.950,     0.717696,    -1.913048,    -0.004478,
  1660.000,     1.177998,    -2.798245,     0.000874,
  1660.050,     1.540317,    -3.224781,    -0.002488,
  1660.100,     1.823155,    -3.221053,    -0.004081,
  1660.150,     1.873274,    -2.804620,    -0.003162,
  1660.200,     1.580327,    -2.148245,    -0.003646,
  1660.250,     0.913081,    -1.410656,    -0.004582,
  1660.300,     0.044418,    -0.797256,    -0.006972,
  1660.350,    -0.747332,    -0.388298,    -0.003265,
  1660.400,    -1.167458,    -0.171309,    -0.003937,
  1660.450,    -1.265945,    -0.143347,    -0.006887,
  1660.500,    -1.180015,    -0.234229,    -0.005207,
  1660.550,    -1.005160,    -0.228577,    -0.003967,
  1660.600,    -0.904601,     0.068801,    -0.002366,
  1660.650,    -0.863362,     0.701912,    -0.004404,
  1660.700,    -0.950167,     1.453997,    -0.002689,
  1660.750,    -1.032220,     1.984452,    -0.001873,
  1660.800,    -0.839091,     2.009002,    -0.005951,
  1660.850,    -0.310806,     1.682645,    -0.002975,
  1660.900,     0.495950,     1.189318,     0.004553,
  1660.950,     1.279393,     0.793602,     0.002833,
  1661.000,     1.784328,     0.557561,     0.001354,
  1661.050,     1.885818,     0.544060,     0.002751,
  1661.100,     1.655050,     0.916237,     0.003942,
  1661.150,     1.190389,     1.670847,     0.008751,
  1661.200,     0.593503,     2.608497,     0.005092,
  1661.250,    -0.020226,     3.331257,     0.006207,
  1661.300,    -0.455684,     3.644647,    -0.000333,
  1661.350,    -0.702134,     3.527449,     0.002159,
  1661.400,    -0.676411,     3.179844,     0.007116,
  1661.450,    -0.434565,     2.787319,    -0.000955,
  1661.500,    -0.063198,     2.367567,    -0.000703,
  1661.550,     0.270479,     1.812792,     0.002828,
  1661.600,     0.426811,     1.181724,     0.003093,
  1661.650,     0.398240,     0.711117,    -0.000498,
  1661.700,     0.306055,     0.530947,    -0.007147,
  1661.750,     0.277313,     0.488361,    -0.002719,
  1661.800,     0.328309,     0.321276,    -0.003691,
  1661.850,     0.372009,    -0.099044,    -0.001071,
  1661.900,     0.404337,    -0.638216,    -0.002079,
  1661.950,     0.389877,    -1.168492,    -0.003184,
  1662.000,     0.329727,    -1.642323,    -0.002414,
  1662.050,     0.130455,    -2.128541,    -0.006890,
  1662.100,    -0.056362,    -2.609287,    -0.006204,
  1662.150,    -0.064178,    -2.854005,    -0.004498,
  1662.200,     0.149245,    -2.758244,    -0.000102,
  1662.250,     0.418286,    -2.142191,    -0.003950,
  1662.300,     0.550609,    -1.104436,    -0.000491,
  1662.350,     0.500835,     0.149055,    -0.001779,
  1662.400,     0.340654,     1.298726,    -0.002326,
  1662.450,     0.100370,     2.152069,    -0.003771,
  1662.500,    -0.129837,     2.652522,    -0.002073,
  1662.550,    -0.241400,     2.712479,    -0.003023,
  1662.600,    -0.027675,     2.335582,    -0.001492,
  1662.650,     0.715964,     1.505367,     0.000668,
  1662.700,     1.923388,     0.331977,    -0.001574,
  1662.750,     3.197021,    -0.850503,     0.000267,
  1662.800,     4.142255,    -1.663087,    -0.002341,
  1662.850,     4.403685,    -1.851653,     0.007224,
  1662.900,     3.972270,    -1.462013,     0.005953,
  1662.950,     3.078500,    -0.657694,     0.005590,
  1663.000,     1.990318,     0.470056,     0.004980,
  1663.050,     0.865186,     1.611680,     0.003654,
  1663.100,    -0.168555,     2.417804,     0.007033,
  1663.150,    -0.909964,     2.618604,     0.001466,
  1663.200,    -1.150687,     2.236875,     0.001836,
  1663.250,    -0.879379,     1.566728,    -0.000232,
  1663.300,    -0.268479,     0.909070,     0.001833,
  1663.350,     0.409623,     0.335290,    -0.004561,
  1663.400,     1.021769,    -0.128584,    -0.000688,
  1663.450,     1.522281,    -0.489109,    -0.005113,
  1663.500,     1.865358,    -0.683536,    -0.000957,
  1663.550,     1.922565,    -0.652590,     0.001913,
  1663.600,     1.627321,    -0.385626,    -0.004542,
  1663.650,     1.142607,    -0.017839,    -0.004062,
  1663.700,     0.602247,     0.444444,    -0.003079,
  1663.750,     0.097812,     0.892524,     0.000063,
  1663.800,    -0.552348,     1.193859,    -0.008800,
  1663.850,    -1.258496,     1.264822,    -0.004911,
  1663.900,    -1.816635,     1.118718,    -0.004064,
  1663.950,    -2.130752,     0.847465,    -0.003088,
  1664.000,    -2.098012,     0.643507,    -0.003398,
  1664.050,    -1.762177,     0.751317,    -0.001797,
  1664.100,    -1.252684,     1.032894,     0.000387,
  1664.150,    -0.715516,     1.532328,    -0.002334,
  1664.200,    -0.307134,     2.102100,     0.003188,
  1664.250,    -0.165838,     2.741598,    -0.002236,
  1664.300,    -0.204187,     3.404021,     0.003453,
  1664.350,    -0.284832,     3.894127,     0.005402,
  1664.400,    -0.325290,     4.234944,     0.002956,
  1664.450,    -0.305771,     4.445565,     0.004119,
  1664.500,    -0.177484,     4.695064,     0.004514,
  1664.550,     0.194776,     4.922722,     0.002995,
  1664.600,     0.823351,     5.032285,     0.005361,
  1664.650,     1.478920,     5.117767,     0.002702,
  1664.700,     1.861355,     5.328032,    -0.001600,
  1664.750,     1.761319,     5.959065,    -0.001738,
  1664.800,     1.263584,     6.803674,     0.002085,
  1664.850,     0.678324,     7.490072,    -0.003847,
  1664.900,     0.182727,     7.701104,     0.000616,
  1664.950,    -0.104801,     7.466733,    -0.003294,
  1665.000,    -0.176668,     7.052562,    -0.001306,
  1665.050,     0.074143,     6.525639,    -0.001302,
  1665.100,     0.598096,     5.904659,    -0.003935,
  1665.150,     1.218939,     5.249139,    -0.000300,
  1665.200,     1.533398,     4.756499,    -0.004394,
  1665.250,     1.417359,     4.576828,    -0.008550,
  1665.300,     0.835542,     4.564673,    -0.002173,
  1665.350,     0.011912,     4.464241,     0.000016,
  1665.400,    -0.735565,     4.136214,    -0.004736,
  1665.450,    -1.283665,     3.484737,    -0.010442,
  1665.500,    -1.559569,     2.536612,    -0.003553,
  1665.550,    -1.449095,     1.379757,    -0.001270,
  1665.600,    -0.736758,     0.066283,     0.005951,
  1665.650,     0.573782,    -1.190168,     0.002139,
  1665.700,     2.060271,    -2.290469,    -0.002282,
  1665.750,     3.279030,    -3.057807,    -0.003744,
  1665.800,     3.761586,    -3.343942,     0.001770,
  1665.850,     3.442074,    -3.233995,     0.003489,
  1665.900,     2.488868,    -2.801798,     0.001681,
  1665.950,     1.079213,    -2.240085,     0.003427,
  1666.000,    -0.648257,    -1.840208,    -0.001428,
  1666.050,    -2.376722,    -1.816641,     0.001819,
  1666.100,    -3.793276,    -2.159055,     0.001286,
  1666.150,    -4.490952,    -2.810039,     0.006492,
  1666.200,    -4.328981,    -3.625061,     0.004645,
  1666.250,    -3.305900,    -4.496968,     0.007373,
  1666.300,    -1.781183,    -5.200080,     0.001246,
  1666.350,    -0.157073,    -5.598534,     0.004255,
  1666.400,     1.180605,    -5.491304,    -0.000007,
  1666.450,     2.034526,    -4.919563,     0.001635,
  1666.500,     2.396774,    -4.049773,    -0.000320,
  1666.550,     2.228328,    -3.068452,    -0.002430,
  1666.600,     1.583820,    -2.156278,    -0.001998,
  1666.650,     0.618679,    -1.446474,    -0.004259,
  1666.700,    -0.458267,    -1.194588,    -0.005818,
  1666.750,    -1.270803,    -1.559614,    -0.001654,
  1666.800,    -1.594288,    -2.610727,    -0.002655,
  1666.850,    -1.339618,    -4.017934,    -0.004359,
  1666.900,    -0.704523,    -5.278189,    -0.005282,
  1666.950,     0.163000,    -5.879807,     0.001998,
  1667.000,     1.058686,    -5.673035,    -0.002390,
  1667.050,     1.688944,    -4.734952,    -0.000366,
  1667.100,     1.854484,    -3.323569,    -0.000015,
  1667.150,     1.513389,    -1.801270,    -0.002730,
  1667.200,     0.915799,    -0.609589,    -0.001227,
  1667.250,     0.337981,     0.036913,     0.000029,
  1667.300,    -0.137636,     0.033841,     0.001495,
  1667.350,    -0.463267,    -0.348014,    -0.001900,
  1667.400,    -0.689426,    -0.789643,    -0.005993,
  1667.450,    -0.721396,    -0.890134,     0.001486,
  1667.500,    -0.585755,    -0.600818,    -0.002711,
  1667.550,    -0.326951,    -0.031359,    -0.003091,
  1667.600,    -0.056035,     0.591116,     0.000413,
  1667.650,     0.224411,     1.222721,    -0.001130,
  1667.700,     0.458891,     1.755580,     0.005531,
  1667.750,     0.588499,     2.199291,     0.002956,
  1667.800,     0.500127,     2.543486,    -0.004783,
  1667.850,     0.266054,     2.887557,    -0.000580,
  1667.900,     0.055121,     3.308350,     0.004498,
  1667.950,     0.021425,     3.920214,    -0.002085,
  1668.000,     0.263601,     4.728247,     0.003431,
  1668.050,     0.622926,     5.719417,     0.002792,
  1668.100,     1.016992,     6.709065,     0.001758,
  1668.150,     1.323380,     7.467423,     0.000162,
  1668.200,     1.611279,     7.970446,     0.001021,
  1668.250,     1.868324,     8.313012,     0.001951,
  1668.300,     1.969582,     8.562235,    -0.004201,
  1668.350,     1.921659,     8.631434,    -0.001438,
  1668.400,     1.834106,     8.193162,     0.001214,
  1668.450,     1.843783,     7.142518,    -0.002628,
  1668.500,     1.935927,     5.719724,    -0.000396,
  1668.550,     1.983966,     4.280513,     0.003333,
  1668.600,     2.001502,     3.139489,    -0.002006,
  1668.650,     2.109734,     2.404705,    -0.008716,
  1668.700,     2.474966,     2.141270,    -0.000291,
  1668.750,     3.047988,     2.421571,    -0.002708,
  1668.800,     3.501857,     3.134096,    -0.005016,
  1668.850,     3.590996,     4.018293,    -0.000065,
  1668.900,     3.272178,     4.675298,    -0.003644,
  1668.950,     2.812082,     4.926007,    -0.006884,
  1669.000,     2.362982,     4.776860,     0.000981,
  1669.050,     1.934281,     4.290919,    -0.002214,
  1669.100,     1.480024,     3.477075,     0.001415,
  1669.150,     1.208685,     2.435359,    -0.000562,
  1669.200,     1.182601,     1.399322,    -0.002617,
  1669.250,     1.339812,     0.704683,    -0.001212,
  1669.300,     1.454032,     0.384288,    -0.002367,
  1669.350,     1.392355,     0.402077,    -0.004511,
  1669.400,     1.041926,     0.480567,     0.006444,
  1669.450,     0.459072,     0.503144,     0.006835,
  1669.500,    -0.331788,     0.467499,     0.003773,
  1669.550,    -1.185924,     0.427364,     0.003567,
  1669.600,    -1.922567,     0.342480,     0.000839,
  1669.650,    -2.450588,     0.136505,     0.002204,
  1669.700,    -2.660022,    -0.118072,     0.004002,
  1669.750,    -2.515655,    -0.314044,     0.006133,
  1669.800,    -2.086631,    -0.345427,     0.004885,
  1669.850,    -1.491919,    -0.283695,     0.005024,
  1669.900,    -0.863088,    -0.104249,     0.004122,
  1669.950,    -0.478428,     0.193024,     0.003660,
  1670.000,    -0.413128,     0.620873,     0.004295,
  1670.050,    -0.716667,     1.022045,     0.005935,
  1670.100,    -1.220584,     1.255514,    -0.001534,
  1670.150,    -1.775860,     1.085880,    -0.001688,
  1670.200,    -2.327834,     0.484390,    -0.002805,
  1670.250,    -2.832582,    -0.519557,     0.001333,
  1670.300,    -3.097214,    -1.744034,     0.001906,
  1670.350,    -3.038957,    -3.052837,    -0.001618,
  1670.400,    -2.583545,    -4.192625,    -0.001577,
  1670.450,    -1.923393,    -4.871893,    -0.004035,
  1670.500,    -1.184123,    -4.825682,    -0.006568,
  1670.550,    -0.466045,    -4.000582,    -0.000960,
  1670.600,     0.089803,    -2.658568,    -0.009312,
  1670.650,     0.362156,    -1.071755,    -0.003236,
  1670.700,     0.180499,     0.485978,    -0.011481,
  1670.750,    -0.532832,     1.894552,    -0.006335,
  1670.800,    -1.582718,     2.933516,    -0.000583,
  1670.850,    -2.499410,     3.411537,    -0.003995,
  1670.900,    -2.944069,     3.192661,    -0.002038,
  1670.950,    -2.819670,     2.448630,    -0.005099,
  1671.000,    -2.225510,     1.430026,    -0.012053,
  1671.050,    -1.323804,     0.408478,    -0.001461,
  1671.100,    -0.457970,    -0.451436,     0.002245,
  1671.150,     0.259992,    -0.960817,     0.006212,
  1671.200,     0.616473,    -1.060193,     0.001943,
  1671.250,     0.540024,    -0.663694,    -0.002380,
  1671.300,     0.202920,     0.062822,     0.002886,
  1671.350,    -0.082646,     0.883004,     0.006099,
  1671.400,    -0.147789,     1.683465,     0.008474,
  1671.450,     0.130726,     2.433776,     0.001569,
  1671.500,     0.587310,     3.137004,     0.001974,
  1671.550,     1.039187,     3.789860,     0.003491,
  1671.600,     1.419385,     4.497620,     0.001524,
  1671.650,     1.655629,     5.222535,    -0.001089,
  1671.700,     1.755462,     5.901816,     0.002642,
  1671.750,     1.714078,     6.195639,     0.001571,
  1671.800,     1.629643,     5.981187,    -0.002629,
  1671.850,     1.620294,     5.335014,    -0.002206,
  1671.900,     1.790730,     4.410735,    -0.002128,
  1671.950,     2.206474,     3.321650,    -0.008075,
  1672.000,     2.827828,     2.132569,    -0.005443,
  1672.050,     3.453800,     0.935982,    -0.004527,
  1672.100,     3.915801,    -0.097018,    -0.005620,
  1672.150,     4.130423,    -0.778452,    -0.004946,
  1672.200,     4.193982,    -1.038260,    -0.003938,
  1672.250,     4.193034,    -0.783239,    -0.008446,
  1672.300,     4.101707,     0.004783,    -0.007304,
  1672.350,     3.806352,     1.387401,    -0.006840,
  1672.400,     3.129657,     3.077046,    -0.003943,
  1672.450,     2.285902,     4.595813,    -0.003756,
  1672.500,     1.455464,     5.531017,    -0.000739,
  1672.550,     0.852275,     5.600975,    -0.002000,
  1672.600,     0.508971,     4.902975,    -0.000834,
  1672.650,     0.403820,     3.582044,    -0.000887,
  1672.700,     0.645237,     1.961807,     0.007799,
  1672.750,     1.159195,     0.388899,     0.002670,
  1672.800,     1.744573,    -0.792903,     0.006741,
  1672.850,     2.169572,    -1.559035,     0.007188,
  1672.900,     2.302795,    -1.835454,     0.005179,
  1672.950,     2.218654,    -1.664866,     0.009384,
  1673.000,     1.913740,    -1.176190,     0.008307,
  1673.050,     1.438699,    -0.496011,     0.007197,
  1673.100,     0.770037,     0.210725,     0.001572,
  1673.150,     0.097128,     0.794993,    -0.000089,
  1673.200,    -0.354173,     1.214705,     0.001606,
  1673.250,    -0.467475,     1.474065,     0.003728,
  1673.300,    -0.326708,     1.639771,    -0.001036,
  1673.350,    -0.170831,     1.766697,     0.004607,
  1673.400,    -0.129371,     1.904042,     0.004479,
  1673.450,    -0.138413,     2.052326,     0.001871,
  1673.500,    -0.180696,     2.186667,    -0.001568,
  1673.550,    -0.268790,     2.189667,    -0.004117,
  1673.600,    -0.433302,     2.027777,    -0.007251,
  1673.650,    -0.670780,     1.665004,    -0.003266,
  1673.700,    -0.786063,     1.127236,    -0.009199,
  1673.750,    -0.806415,     0.401514,    -0.005621,
  1673.800,    -0.737278,    -0.456556,    -0.011110,
  1673.850,    -0.651408,    -1.329903,    -0.007018,
  1673.900,    -0.558713,    -2.109243,    -0.001032,
  1673.950,    -0.405888,    -2.672158,    -0.002453,
  1674.000,    -0.311987,    -2.853025,     0.005310,
  1674.050,    -0.343361,    -2.533091,    -0.001043,
  1674.100,    -0.608041,    -1.651755,    -0.006594,
  1674.150,    -1.096254,    -0.453523,     0.002210,
  1674.200,    -1.706250,     0.815121,    -0.000056,
  1674.250,    -2.361451,     1.977493,     0.000259,
  1674.300,    -3.051246,     2.902698,     0.005943,
  1674.350,    -3.703454,     3.339133,     0.004292,
  1674.400,    -4.158045,     3.147577,     0.009000,
  1674.450,    -4.226814,     2.474950,     0.002201,
  1674.500,    -3.781981,     1.639727,    -0.001522,
  1674.550,    -2.997534,     0.968594,     0.004543,
  1674.600,    -2.071075,     0.576112,     0.001828,
  1674.650,    -1.175881,     0.331323,     0.003821,
  1674.700,    -0.298921,     0.255601,     0.000506,
  1674.750,     0.359919,     0.251998,     0.000483,
  1674.800,     0.737155,     0.431632,     0.001645,
  1674.850,     0.691261,     0.652575,    -0.002076,
  1674.900,     0.279309,     0.917843,    -0.006960,
  1674.950,    -0.331901,     1.179706,     0.003506,
  1675.000,    -0.944859,     1.596654,    -0.003086,
  1675.050,    -1.398018,     2.116539,    -0.000659,
  1675.100,    -1.668476,     2.621316,     0.000641,
  1675.150,    -1.690997,     2.884645,    -0.004573,
  1675.200,    -1.428540,     2.842668,    -0.006665,
  1675.250,    -0.996040,     2.499815,    -0.006019,
  1675.300,    -0.493405,     1.903486,    -0.006092,
  1675.350,    -0.098481,     1.192339,    -0.004839,
  1675.400,     0.240641,     0.383384,    -0.011211,
  1675.450,     0.572338,    -0.486416,    -0.007571,
  1675.500,     0.914290,    -1.358856,    -0.005365,
  1675.550,     1.366789,    -2.050295,    -0.002544,
  1675.600,     1.934289,    -2.544545,     0.004206,
  1675.650,     2.546400,    -2.818688,     0.001277,
  1675.700,     2.909738,    -2.911071,     0.001814,
  1675.750,     2.955494,    -2.789953,     0.004190,
  1675.800,     2.733514,    -2.338151,     0.007851,
  1675.850,     2.388756,    -1.632665,     0.002829,
  1675.900,     2.073171,    -0.815731,     0.011902,
  1675.950,     1.794575,    -0.039722,     0.009077,
  1676.000,     1.617011,     0.452451,     0.004925,
  1676.050,     1.605139,     0.631833,     0.006887,
  1676.100,     1.877650,     0.429057,     0.003757,
  1676.150,     2.444915,     0.003875,     0.006671,
  1676.200,     3.174979,    -0.524078,     0.000431,
  1676.250,     4.101405,    -0.917231,     0.000114,
  1676.300,     5.130510,    -1.026849,     0.005413,
  1676.350,     6.109649,    -0.739511,    -0.004781,
  1676.400,     6.760700,     0.061564,     0.000650,
  1676.450,     6.860344,     1.136488,     0.000432,
  1676.500,     6.292774,     2.296843,    -0.009744,
  1676.550,     5.164702,     3.266982,    -0.006314,
  1676.600,     3.671445,     3.877250,    -0.009032,
  1676.650,     1.991222,     4.110587,    -0.005541,
  1676.700,     0.448435,     4.057056,    -0.006173,
  1676.750,    -0.846301,     3.970703,    -0.010030,
  1676.800,    -1.820717,     3.885809,    -0.002319,
  1676.850,    -2.462753,     3.751709,    -0.004287,
  1676.900,    -2.773417,     3.606453,    -0.002163,
  1676.950,    -2.700303,     3.419206,     0.000656,
  1677.000,    -2.344381,     3.220927,    -0.002182,
  1677.050,    -1.875002,     2.897958,    -0.000801,
  1677.100,    -1.342681,     2.428987,    -0.002649,
  1677.150,    -0.741809,     1.723588,     0.000811,
  1677.200,    -0.169783,     0.860726,    -0.000496,
  1677.250,     0.366804,    -0.001927,     0.007129,
  1677.300,     0.777888,    -0.804428,     0.000588,
  1677.350,     1.008610,    -1.520904,     0.005821,
  1677.400,     1.075805,    -2.226664,     0.005674,
  1677.450,     0.986598,    -2.926704,     0.003958,
  1677.500,     0.756748,    -3.610735,     0.006647,
  1677.550,     0.370653,    -4.025894,     0.003461,
  1677.600,    -0.070250,    -4.085726,     0.004064,
  1677.650,    -0.509282,    -3.749417,     0.007772,
  1677.700,    -0.883390,    -3.089105,     0.000776,
  1677.750,    -1.177012,    -2.255187,    -0.004105,
  1677.800,    -1.344613,    -1.326156,     0.002623,
  1677.850,    -1.430486,    -0.414525,     0.001933,
  1677.900,    -1.405195,     0.452047,     0.000730,
  1677.950,    -1.291148,     1.215503,    -0.002769,
  1678.000,    -0.938419,     1.867822,    -0.002039,
  1678.050,    -0.365749,     2.447132,    -0.001387,
  1678.100,     0.227201,     2.946269,    -0.003913,
  1678.150,     0.780806,     3.329762,    -0.003108,
  1678.200,     1.152433,     3.461490,    -0.006326,
  1678.250,     1.362931,     3.286942,    -0.004588,
  1678.300,     1.332544,     2.820437,    -0.005533,
  1678.350,     1.014969,     2.110837,    -0.005851,
  1678.400,     0.485337,     1.350681,    -0.001332,
  1678.450,    -0.042694,     0.545600,    -0.005838,
  1678.500,    -0.393238,    -0.254601,    -0.002824,
  1678.550,    -0.540140,    -0.950069,    -0.005167,
  1678.600,    -0.600862,    -1.446930,    -0.005893,
  1678.650,    -0.679809,    -1.623106,    -0.001150,
  1678.700,    -0.785501,    -1.444168,    -0.000784,
  1678.750,    -0.811162,    -1.059323,    -0.007472,
  1678.800,    -0.728420,    -0.542013,     0.000650,
  1678.850,    -0.619487,    -0.018378,     0.007404,
  1678.900,    -0.461683,     0.425745,    -0.003830,
  1678.950,    -0.163476,     0.790540,    -0.002934,
  1679.000,     0.256858,     0.984693,     0.005675,
  1679.050,     0.701645,     1.013227,     0.000811,
  1679.100,     0.972613,     0.944345,     0.011282,
  1679.150,     0.989015,     0.879909,     0.002044,
  1679.200,     0.829759,     0.987428,     0.003019,
  1679.250,     0.520011,     1.153498,     0.001568,
  1679.300,     0.090456,     1.336168,     0.000861,
  1679.350,    -0.378126,     1.444655,     0.000925,
  1679.400,    -0.907188,     1.384619,     0.003261,
  1679.450,    -1.342658,     1.276190,     0.000768,
  1679.500,    -1.604084,     1.151998,     0.000669,
  1679.550,    -1.684202,     1.036389,     0.000519,
  1679.600,    -1.581609,     0.822260,    -0.000620,
  1679.650,    -1.412369,     0.489344,     0.000624,
  1679.700,    -1.118479,     0.111605,    -0.001902,
  1679.750,    -0.719549,    -0.136383,    -0.004601,
  1679.800,    -0.157223,    -0.183329,    -0.001854,
  1679.850,     0.392505,     0.089244,    -0.003189,
  1679.900,     0.826819,     0.565430,    -0.006135,
  1679.950,     1.018755,     1.250601,    -0.005288,
  1680.000,     0.974896,     2.055370,    -0.009713,
  1680.050,     0.663537,     2.926242,    -0.002510,
  1680.100,     0.233777,     3.609281,    -0.005548,
  1680.150,    -0.242916,     3.957772,    -0.005563,
  1680.200,    -0.613742,     3.925172,    -0.002223,
  1680.250,    -0.689305,     3.677354,     0.004946,
  1680.300,    -0.413640,     3.490739,    -0.006838,
  1680.350,     0.133694,     3.503816,     0.001223,
  1680.400,     0.794878,     3.660714,     0.000964,
  1680.450,     1.409201,     3.784592,    -0.002456,
  1680.500,     1.820858,     3.824643,    -0.003101,
  1680.550,     1.997322,     3.731541,    -0.003631,
  1680.600,     1.904183,     3.510038,     0.008421,
  1680.650,     1.695778,     2.993122,     0.002508,
  1680.700,     1.513034,     2.112110,     0.001872,
  1680.750,     1.419902,     1.024903,     0.004809,
  1680.800,     1.393951,    -0.076396,     0.002973,
  1680.850,     1.339365,    -0.928485,     0.003523,
  1680.900,     1.245089,    -1.375108,     0.002591,
  1680.950,     1.049885,    -1.509035,     0.000790,
  1681.000,     0.808200,    -1.330337,    -0.000665,
  1681.050,     0.415977,    -0.869043,     0.002082,
  1681.100,    -0.116364,    -0.272924,     0.001379,
  1681.150,    -0.654550,     0.316817,     0.000798,
  1681.200,    -1.146563,     0.762311,    -0.000212,
  1681.250,    -1.463882,     1.087771,    -0.000291,
  1681.300,    -1.640175,     1.309974,    -0.007811,
  1681.350,    -1.773449,     1.551823,     0.001354,
  1681.400,    -1.924748,     1.865516,     0.000979,
  1681.450,    -2.105701,     2.190166,    -0.000885,
  1681.500,    -2.223495,     2.495474,    -0.001735,
  1681.550,    -2.186211,     2.731245,    -0.008025,
  1681.600,    -1.968415,     2.832177,    -0.010480,
  1681.650,    -1.600201,     2.826116,    -0.005429,
  1681.700,    -1.113244,     2.733490,    -0.007484,
  1681.750,    -0.672870,     2.577436,    -0.004951,
  1681.800,    -0.200823,     2.285596,     0.000081,
  1681.850,     0.255403,     1.884823,    -0.004882,
  1681.900,     0.693962,     1.385372,    -0.006968,
  1681.950,     1.123213,     0.872870,    -0.004751,
  1682.000,     1.516474,     0.476956,    -0.005332,
  1682.050,     1.853798,     0.241674,    -0.001683,
  1682.100,     2.066699,     0.182498,     0.002870,
  1682.150,     2.103110,     0.282745,    -0.002737,
  1682.200,     1.841084,     0.487860,     0.001273,
  1682.250,     1.330939,     0.765049,     0.001902,
  1682.300,     0.649000,     1.076061,     0.003915,
  1682.350,    -0.102186,     1.345877,     0.006064,
  1682.400,    -0.742501,     1.614656,     0.005029,
  1682.450,    -1.168181,     1.934996,     0.003996,
  1682.500,    -1.415038,     2.317847,     0.006606,
  1682.550,    -1.407490,     2.571037,     0.002525,
  1682.600,    -1.135314,     2.715450,     0.008094,
  1682.650,    -0.698408,     2.695597,     0.003376,
  1682.700,    -0.228907,     2.511846,     0.006979,
  1682.750,     0.173789,     2.259730,     0.002816,
  1682.800,     0.443271,     1.937984,     0.002719,
  1682.850,     0.602890,     1.593883,     0.007804,
  1682.900,     0.687863,     1.197974,     0.000657,
  1682.950,     0.727622,     0.856578,    -0.003693,
  1683.000,     0.684914,     0.591795,    -0.002911,
  1683.050,     0.633345,     0.388310,    -0.008535,
  1683.100,     0.610493,     0.239085,    -0.007632,
  1683.150,     0.646789,     0.154335,    -0.002446,
  1683.200,     0.751963,     0.169285,    -0.004553,
  1683.250,     0.824254,     0.348151,    -0.008271,
  1683.300,     0.823857,     0.705455,    -0.007770,
  1683.350,     0.761063,     1.189040,    -0.002067,
  1683.400,     0.670647,     1.704080,    -0.003811,
  1683.450,     0.636444,     2.117921,     0.003008,
  1683.500,     0.653217,     2.352159,    -0.003395,
  1683.550,     0.643065,     2.378809,     0.000466,
  1683.600,     0.512480,     2.300817,    -0.008427,
  1683.650,     0.291808,     2.207273,    -0.001735,
  1683.700,     0.119473,     2.084502,    -0.006428,
  1683.750,     0.090931,     1.861927,    -0.002212,
  1683.800,     0.242704,     1.496297,     0.005147,
  1683.850,     0.514801,     0.958744,    -0.001865,
  1683.900,     0.872047,     0.295860,     0.000073,
  1683.950,     1.210304,    -0.417423,     0.007048,
  1684.000,     1.482652,    -1.076099,     0.010184,
  1684.050,     1.663041,    -1.664791,    -0.000504,
  1684.100,     1.687628,    -1.881292,     0.003809,
  1684.150,     1.483164,    -1.641991,     0.006845,
  1684.200,     1.213124,    -0.908922,     0.004105,
  1684.250,     1.081446,     0.057908,    -0.002187,
  1684.300,     1.117290,     1.052434,     0.001021,
  1684.350,     1.313775,     1.909970,     0.004501,
  1684.400,     1.459943,     2.528583,     0.002529,
  1684.450,     1.477725,     2.910504,     0.001218,
  1684.500,     1.419756,     3.039462,     0.002817,
  1684.550,     1.209067,     2.959035,    -0.002389,
  1684.600,     0.829941,     2.770499,    -0.002039,
  1684.650,     0.221389,     2.537622,    -0.005290,
  1684.700,    -0.476367,     2.230924,    -0.001230,
  1684.750,    -1.132087,     1.831384,    -0.001931,
  1684.800,    -1.510171,     1.285302,    -0.002648,
  1684.850,    -1.553359,     0.667263,    -0.005931,
  1684.900,    -1.429774,     0.041377,    -0.002994,
  1684.950,    -1.126340,    -0.428136,    -0.004892,
  1685.000,    -0.776721,    -0.708761,    -0.007198,
  1685.050,    -0.364929,    -0.672982,    -0.003496,
  1685.100,    -0.001017,    -0.345578,    -0.002827,
  1685.150,     0.253626,     0.219219,    -0.003844,
  1685.200,     0.361073,     0.930121,    -0.002560,
  1685.250,     0.494700,     1.662913,    -0.000830,
  1685.300,     0.651254,     2.336706,     0.001634,
  1685.350,     0.924145,     2.790813,     0.000390,
  1685.400,     1.146663,     2.837893,    -0.002524,
  1685.450,     1.376794,     2.526431,     0.003276,
  1685.500,     1.565993,     1.958973,     0.005680,
  1685.550,     1.620834,     1.391149,     0.004360,
  1685.600,     1.570671,     0.930255,     0.000370,
  1685.650,     1.407361,     0.562372,     0.001679,
  1685.700,     1.190189,     0.322827,     0.000359,
  1685.750,     0.876048,     0.155830,     0.004885,
  1685.800,     0.504400,     0.091455,     0.002694,
  1685.850,     0.073024,     0.074935,     0.004316,
  1685.900,    -0.298135,     0.001193,     0.005152,
  1685.950,    -0.538360,    -0.119799,     0.004502,
  1686.000,    -0.531390,    -0.162694,     0.005148,
  1686.050,    -0.322838,    -0.039735,     0.002091,
  1686.100,     0.009150,     0.280877,     0.003515,
  1686.150,     0.419189,     0.692554,     0.005199,
  1686.200,     0.746488,     1.156741,    -0.001401,
  1686.250,     1.036424,     1.552242,    -0.002622,
  1686.300,     1.193444,     1.866623,    -0.001766,
  1686.350,     1.257826,     2.019688,    -0.006872,
  1686.400,     1.283029,     1.916365,    -0.003134,
  1686.450,     1.243035,     1.485783,    -0.000083,
  1686.500,     1.171646,     0.797933,    -0.002882,
  1686.550,     1.037683,     0.052865,    -0.004774,
  1686.600,     0.839361,    -0.647351,    -0.004631,
  1686.650,     0.646327,    -1.141138,    -0.003940,
  1686.700,     0.495960,    -1.368795,    -0.007869,
  1686.750,     0.349364,    -1.369090,    -0.008464,
  1686.800,     0.283668,    -1.112459,    -0.001360,
  1686.850,     0.183976,    -0.498849,    -0.004884,
  1686.900,     0.095516,     0.373076,    -0.005472,
  1686.950,     0.004229,     1.343611,    -0.006360,
  1687.000,    -0.021790,     2.220433,     0.004037,
  1687.050,     0.005187,     2.790095,     0.001334,
  1687.100,     0.066542,     3.106945,    -0.001180,
  1687.150,     0.174447,     3.106982,     0.003804,
  1687.200,     0.313452,     2.837052,     0.003444,
  1687.250,     0.474082,     2.304517,     0.001562,
  1687.300,     0.630311,     1.643385,     0.002950,
  1687.350,     0.688075,     0.972145,     0.002936,
  1687.400,     0.659059,     0.364439,     0.002340,
  1687.450,     0.500904,    -0.127680,    -0.002880,
  1687.500,     0.247892,    -0.449573,     0.001513,
  1687.550,    -0.036730,    -0.711068,     0.000610,
  1687.600,    -0.184580,    -0.992829,    -0.000421,
  1687.650,    -0.262178,    -1.319799,     0.002482,
  1687.700,    -0.306110,    -1.571145,     0.001340,
  1687.750,    -0.382141,    -1.542420,     0.003019,
  1687.800,    -0.507366,    -1.101569,     0.001969,
  1687.850,    -0.660920,    -0.308003,     0.006775,
  1687.900,    -0.829757,     0.731242,     0.002409,
  1687.950,    -0.999229,     1.850057,    -0.005765,
  1688.000,    -1.198513,     2.753399,     0.001494,
  1688.050,    -1.229155,     3.277598,     0.005025,
  1688.100,    -1.039423,     3.297298,    -0.001476,
  1688.150,    -0.540696,     2.876221,    -0.003501,
  1688.200,     0.113229,     2.170375,    -0.000384,
  1688.250,     0.751517,     1.313024,    -0.002453,
  1688.300,     1.305750,     0.451004,    -0.001434,
  1688.350,     1.686469,    -0.335147,    -0.001482,
  1688.400,     1.867169,    -0.889231,    -0.004310,
  1688.450,     1.911673,    -1.064746,    -0.003225,
  1688.500,     1.837638,    -0.932000,    -0.001932,
  1688.550,     1.695274,    -0.535668,    -0.001960,
  1688.600,     1.542040,     0.061993,    -0.002184,
  1688.650,     1.310090,     0.744836,    -0.001258,
  1688.700,     1.018175,     1.357723,    -0.001119,
  1688.750,     0.617522,     1.764261,    -0.001481,
  1688.800,     0.186969,     1.791242,     0.004397,
  1688.850,    -0.232606,     1.478882,    -0.004153,
  1688.900,    -0.599958,     0.900863,    -0.001507,
  1688.950,    -0.821231,     0.198671,     0.002716,
  1689.000,    -0.799960,    -0.468450,     0.000446,
  1689.050,    -0.616614,    -0.949988,    -0.000957,
  1689.100,    -0.304418,    -1.127342,    -0.002621,
  1689.150,     0.092894,    -0.955192,    -0.001818,
  1689.200,     0.519668,    -0.573804,    -0.003078,
  1689.250,     0.899693,    -0.082558,     0.002234,
  1689.300,     1.125533,     0.400849,     0.006865,
  1689.350,     1.117228,     0.783911,    -0.000612,
  1689.400,     0.867635,     0.997937,     0.001410,
  1689.450,     0.483909,     1.060174,     0.001403,
  1689.500,     0.185532,     1.013047,    -0.001413,
  1689.550,    -0.002159,     0.894100,     0.000190,
  1689.600,    -0.028426,     0.862166,     0.000124,
  1689.650,    -0.001774,     1.000874,    -0.002253,
  1689.700,     0.053985,     1.370165,    -0.000142,
  1689.750,     0.103358,     1.888734,    -0.001649,
  1689.800,     0.153158,     2.335326,    -0.007862,
  1689.850,     0.093395,     2.624466,    -0.007036,
  1689.900,    -0.076237,     2.627302,    -0.006347,
  1689.950,    -0.189387,     2.330004,    -0.003450,
  1690.000,    -0.210575,     1.838481,    -0.003505,
  1690.050,    -0.041208,     1.136360,    -0.000145,
  1690.100,     0.279662,     0.332646,    -0.003729,
  1690.150,     0.589755,    -0.448915,     0.000993,
  1690.200,     0.846708,    -1.072448,     0.003521,
  1690.250,     1.030285,    -1.405867,    -0.000499,
  1690.300,     1.088769,    -1.384308,    -0.004140,
  1690.350,     1.012029,    -1.002613,     0.002671,
  1690.400,     0.719393,    -0.369327,    -0.004477,
  1690.450,     0.269584,     0.414418,    -0.002715,
  1690.500,    -0.195922,     1.264879,    -0.001533,
  1690.550,    -0.569415,     2.078002,    -0.005373,
  1690.600,    -0.790365,     2.690379,    -0.001101,
  1690.650,    -0.895296,     3.037519,     0.002759,
  1690.700,    -0.890454,     3.023940,     0.002866,
  1690.750,    -0.761970,     2.709839,     0.004178,
  1690.800,    -0.451763,     2.242089,    -0.002672,
  1690.850,    -0.000374,     1.670260,    -0.000400,
  1690.900,     0.520129,     1.163267,     0.005500,
  1690.950,     0.937617,     0.768299,     0.000577,
  1691.000,     1.199648,     0.473777,    -0.002597,
  1691.050,     1.279204,     0.285832,     0.004511,
  1691.100,     1.195154,     0.203289,     0.003655,
  1691.150,     0.963520,     0.125032,    -0.004802,
  1691.200,     0.625200,     0.156049,     0.001142,
  1691.250,     0.256352,     0.241990,     0.005152,
  1691.300,    -0.095878,     0.509349,     0.002099,
  1691.350,    -0.358538,     0.941554,     0.001638,
  1691.400,    -0.495118,     1.529320,     0.007139,
  1691.450,    -0.594931,     2.191168,    -0.001107,
  1691.500,    -0.688476,     2.827658,     0.001770,
  1691.550,    -0.813281,     3.378861,     0.001022,
  1691.600,    -1.054354,     3.692797,     0.000787,
  1691.650,    -1.249836,     3.624742,    -0.000774,
  1691.700,    -1.231508,     3.149624,     0.001653,
  1691.750,    -0.880174,     2.228937,     0.001124,
  1691.800,    -0.233428,     1.063858,    -0.000579,
  1691.850,     0.602734,    -0.152253,     0.005178,
  1691.900,     1.449740,    -1.174209,     0.001102,
  1691.950,     2.112610,    -1.791788,     0.002122,
  1692.000,     2.418085,    -1.923481,    -0.001490,
  1692.050,     2.283407,    -1.494760,    -0.004008,
  1692.100,     1.796455,    -0.672926,     0.000863,
  1692.150,     1.128126,     0.363339,     0.002007,
  1692.200,     0.398436,     1.363359,     0.001484,
  1692.250,    -0.304329,     2.160327,    -0.001974,
  1692.300,    -0.876475,     2.568445,    -0.005206,
  1692.350,    -1.148633,     2.533085,    -0.000305,
  1692.400,    -1.201602,     2.142730,    -0.001619,
  1692.450,    -1.019112,     1.538134,    -0.001420,
  1692.500,    -0.693357,     0.980385,     0.000334,
  1692.550,    -0.287260,     0.587184,    -0.004945,
  1692.600,     0.137567,     0.442132,     0.000148,
  1692.650,     0.489617,     0.574560,     0.001244,
  1692.700,     0.680972,     0.747681,    -0.004508,
  1692.750,     0.631781,     0.841796,    -0.000247,
  1692.800,     0.371580,     0.932781,     0.001328,
  1692.850,    -0.026106,     0.984177,    -0.000678,
  1692.900,    -0.484868,     1.003946,     0.001568,
  1692.950,    -0.940875,     0.929122,    -0.001156,
  1693.000,    -1.226680,     0.783914,    -0.000416,
  1693.050,    -1.286870,     0.672512,     0.003558,
  1693.100,    -1.072888,     0.662233,     0.003159,
  1693.150,    -0.678259,     0.801518,     0.005843,
  1693.200,    -0.247332,     1.125919,     0.004923,
  1693.250,     0.164362,     1.556513,    -0.002538,
  1693.300,     0.462527,     1.945138,    -0.004458,
  1693.350,     0.619774,     2.242532,     0.000109,
  1693.400,     0.685886,     2.400666,     0.001099,
  1693.450,     0.684409,     2.426737,     0.002749,
  1693.500,     0.625464,     2.266734,    -0.004654,
  1693.550,     0.635672,     1.909553,     0.000340,
  1693.600,     0.743241,     1.422311,     0.003044,
  1693.650,     0.953553,     0.873087,     0.003573,
  1693.700,     1.223002,     0.341281,    -0.001711,
  1693.750,     1.399957,    -0.081404,    -0.003773,
  1693.800,     1.348284,    -0.283392,    -0.002046,
  1693.850,     1.112234,    -0.165438,    -0.006628,
  1693.900,     0.704817,     0.235648,     0.004209,
  1693.950,     0.222130,     0.712439,    -0.001801,
  1694.000,    -0.317963,     1.100583,    -0.001498,
  1694.050,    -0.818484,     1.220353,    -0.002491,
  1694.100,    -1.226709,     1.020043,    -0.007768,
  1694.150,    -1.475988,     0.663621,    -0.004642,
  1694.200,    -1.486454,     0.307127,    -0.002643,
  1694.250,    -1.258025,     0.061134,    -0.002491,
  1694.300,    -0.828515,     0.025835,    -0.001986,
  1694.350,    -0.270888,     0.154167,    -0.002665,
  1694.400,     0.317605,     0.422037,    -0.000712,
  1694.450,     0.854800,     0.740911,    -0.005300,
  1694.500,     1.308904,     1.024193,    -0.006170,
  1694.550,     1.631491,     1.136833,    -0.000780,
  1694.600,     1.748254,     1.020943,     0.009143,
  1694.650,     1.643000,     0.736161,     0.000916,
  1694.700,     1.371810,     0.438248,    -0.006828,
  1694.750,     0.956474,     0.248550,    -0.001836,
  1694.800,     0.542065,     0.179645,     0.006841,
  1694.850,     0.159090,     0.195447,    -0.003549,
  1694.900,    -0.132691,     0.282804,    -0.003351,
  1694.950,    -0.273597,     0.461654,     0.001983,
  1695.000,    -0.365100,     0.742957,     0.003807,
  1695.050,    -0.378475,     1.025701,     0.005599,
  1695.100,    -0.371930,     1.259097,     0.003137,
  1695.150,    -0.346321,     1.238673,     0.004739,
  1695.200,    -0.280004,     0.976320,     0.005119,
  1695.250,    -0.098332,     0.506294,     0.001168,
  1695.300,     0.240355,    -0.005801,    -0.002359,
  1695.350,     0.705147,    -0.496504,     0.006293,
  1695.400,     1.183867,    -0.819703,     0.005740,
  1695.450,     1.621467,    -0.989628,     0.004782,
  1695.500,     2.002293,    -0.954995,     0.004039,
  1695.550,     2.143407,    -0.679936,     0.004604,
  1695.600,     2.011212,    -0.241350,    -0.001147,
  1695.650,     1.535581,     0.298546,     0.002170,
  1695.700,     0.822312,     0.761163,     0.004972,
  1695.750,    -0.037307,     1.142690,     0.004548,
  1695.800,    -0.849610,     1.287671,     0.000524,
  1695.850,    -1.427546,     1.216640,    -0.005659,
  1695.900,    -1.641625,     0.942684,    -0.008460,
  1695.950,    -1.513474,     0.518857,    -0.004251,
  1696.000,    -1.089667,     0.016242,    -0.006505,
  1696.050,    -0.448194,    -0.420836,    -0.004801,
  1696.100,     0.245107,    -0.652076,    -0.007336,
  1696.150,     0.833908,    -0.530327,    -0.005488,
  1696.200,     1.184873,    -0.100584,    -0.005390,
  1696.250,     1.218853,     0.537141,    -0.005037,
  1696.300,     1.031586,     1.170117,    -0.015232,
  1696.350,     0.630342,     1.612779,    -0.005488,
  1696.400,     0.207785,     1.746676,     0.001691,
  1696.450,    -0.119084,     1.612897,    -0.005923,
  1696.500,    -0.250621,     1.228865,    -0.005107,
  1696.550,    -0.159538,     0.726397,    -0.001767,
  1696.600,     0.066510,     0.259011,    -0.000839,
  1696.650,     0.293983,    -0.063428,    -0.000257,
  1696.700,     0.428630,    -0.152744,    -0.000679,
  1696.750,     0.469080,    -0.072411,     0.005437,
  1696.800,     0.496568,     0.120159,     0.006989,
  1696.850,     0.523693,     0.423928,     0.002122,
  1696.900,     0.510511,     0.709750,     0.008166,
  1696.950,     0.431030,     1.026023,     0.005144,
  1697.000,     0.382087,     1.315422,     0.000428,
  1697.050,     0.375215,     1.543624,     0.003242,
  1697.100,     0.458965,     1.707006,     0.000291,
  1697.150,     0.637757,     1.788889,    -0.000251,
  1697.200,     0.850227,     1.776160,     0.001071,
  1697.250,     0.968138,     1.690371,     0.007400,
  1697.300,     1.039188,     1.527791,     0.003420,
  1697.350,     1.036025,     1.330025,    -0.001641,
  1697.400,     0.939942,     1.178847,     0.001012,
  1697.450,     0.731635,     1.114457,    -0.000238,
  1697.500,     0.432043,     1.147654,    -0.002608,
  1697.550,     0.132576,     1.260431,    -0.002651,
  1697.600,    -0.124507,     1.396614,    -0.003375,
  1697.650,    -0.350330,     1.472952,    -0.002533,
  1697.700,    -0.509589,     1.368465,    -0.006793,
  1697.750,    -0.511580,     1.130898,    -0.000361,
  1697.800,    -0.319136,     0.844827,    -0.001594,
  1697.850,     0.000277,     0.674545,    -0.002144,
  1697.900,     0.384596,     0.771067,    -0.003198,
  1697.950,     0.617508,     1.108862,    -0.003860,
  1698.000,     0.603752,     1.613853,    -0.004692,
  1698.050,     0.446638,     2.130295,    -0.006328,
  1698.100,     0.151432,     2.564848,    -0.006253,
  1698.150,    -0.139567,     2.775530,     0.000080,
  1698.200,    -0.297863,     2.623393,    -0.006857,
  1698.250,    -0.279782,     2.157658,    -0.006589,
  1698.300,    -0.159059,     1.523636,     0.000707,
  1698.350,     0.067878,     0.982200,    -0.002319,
  1698.400,     0.283175,     0.644066,     0.000351,
  1698.450,     0.457700,     0.527354,     0.003210,
  1698.500,     0.516376,     0.545730,     0.006335,
  1698.550,     0.429465,     0.742787,     0.006714,
  1698.600,     0.204799,     0.995847,     0.001213,
  1698.650,    -0.016944,     1.265533,    -0.002068,
  1698.700,    -0.147728,     1.474968,     0.005089,
  1698.750,    -0.174546,     1.525778,     0.005709,
  1698.800,    -0.130811,     1.514488,    -0.000779,
  1698.850,    -0.058083,     1.456610,    -0.000788,
  1698.900,     0.051513,     1.369822,    -0.002164,
  1698.950,     0.216134,     1.291055,    -0.001649,
  1699.000,     0.312946,     1.147038,    -0.001211,
  1699.050,     0.362583,     0.943440,    -0.008141,
  1699.100,     0.288661,     0.729823,    -0.009689,
  1699.150,     0.047693,     0.651807,    -0.001615,
  1699.200,    -0.299434,     0.766728,    -0.004563,
  1699.250,    -0.620578,     0.959094,    -0.003449,
  1699.300,    -0.895754,     1.079285,     0.000030,
  1699.350,    -1.069469,     1.017662,    -0.004458,
  1699.400,    -1.116182,     0.750040,    -0.006302,
  1699.450,    -0.990855,     0.296059,    -0.005385,
  1699.500,    -0.724906,    -0.227596,    -0.005056,
  1699.550,    -0.356506,    -0.738272,    -0.002585,
  1699.600,     0.068225,    -1.066399,    -0.001302,
  1699.650,     0.524119,    -1.086662,    -0.001966,
  1699.700,     0.870138,    -0.732967,    -0.004160,
  1699.750,     1.069639,    -0.047674,    -0.000992,
  1699.800,     1.092507,     0.839081,     0.002453,
  1699.850,     0.934249,     1.752978,     0.004706,
  1699.900,     0.588437,     2.450384,     0.004651,
  1699.950,     0.194565,     2.840175,     0.001735,
  1700.000,    -0.149318,     2.866925,     0.002395,
  1700.050,    -0.331856,     2.536581,    -0.001152,
  1700.100,    -0.311305,     1.955277,    -0.000057,
  1700.150,    -0.046514,     1.258269,    -0.000420,
  1700.200,     0.346092,     0.631063,    -0.000010,
  1700.250,     0.692150,     0.214407,     0.005056,
  1700.300,     0.837440,     0.035360,    -0.002992,
  1700.350,     0.775698,     0.106097,    -0.004352,
  1700.400,     0.552731,     0.356125,    -0.004801,
  1700.450,     0.190768,     0.698159,    -0.004068,
  1700.500,    -0.178054,     1.100381,    -0.001442,
  1700.550,    -0.460704,     1.486258,    -0.004012,
  1700.600,    -0.577031,     1.795552,    -0.009691,
  1700.650,    -0.490191,     1.998714,    -0.008187,
  1700.700,    -0.274419,     2.124292,    -0.008271,
  1700.750,    -0.004161,     2.223595,    -0.010571,
  1700.800,     0.268028,     2.279434,    -0.008552,
  1700.850,     0.492355,     2.212552,    -0.010749,
  1700.900,     0.653611,     1.975957,    -0.008441,
  1700.950,     0.741722,     1.574126,    -0.003258,
  1701.000,     0.775131,     1.078355,    -0.001805,
  1701.050,     0.818382,     0.565921,    -0.002930,
  1701.100,     0.816945,     0.105276,    -0.008833,
  1701.150,     0.793455,    -0.195628,    -0.002468,
  1701.200,     0.723715,    -0.379004,    -0.001157,
  1701.250,     0.587738,    -0.398505,    -0.000104,
  1701.300,     0.442611,    -0.296935,     0.002223,
  1701.350,     0.330101,    -0.112662,    -0.002082,
  1701.400,     0.252884,     0.193048,    -0.004393,
  1701.450,     0.244153,     0.542926,    -0.004964,
  1701.500,     0.310813,     0.940374,     0.001079,
  1701.550,     0.446909,     1.319942,     0.004971,
  1701.600,     0.536992,     1.636360,     0.006642,
  1701.650,     0.528885,     1.862691,     0.006630,
  1701.700,     0.428320,     1.914803,     0.006358,
  1701.750,     0.256531,     1.812830,     0.007278,
  1701.800,     0.182494,     1.497084,     0.012072,
  1701.850,     0.281767,     1.093463,     0.007813,
  1701.900,     0.440643,     0.715838,     0.005011,
  1701.950,     0.718698,     0.412858,     0.006559,
  1702.000,     0.965485,     0.207046,     0.001313,
  1702.050,     1.157232,    -0.002225,     0.007232,
  1702.100,     1.188143,    -0.152308,     0.005174,
  1702.150,     1.007060,    -0.196308,    -0.003755,
  1702.200,     0.653109,    -0.144487,     0.002380,
  1702.250,     0.246092,    -0.024069,    -0.001641,
  1702.300,    -0.039567,     0.188871,    -0.005797,
  1702.350,    -0.122799,     0.432309,    -0.004639,
  1702.400,    -0.049907,     0.746406,    -0.005575,
  1702.450,     0.121839,     1.113395,    -0.008782,
  1702.500,     0.350587,     1.465388,    -0.003329,
  1702.550,     0.552128,     1.738564,    -0.008041,
  1702.600,     0.718873,     1.847772,    -0.007508,
  1702.650,     0.821660,     1.741479,    -0.007499,
  1702.700,     0.779906,     1.477008,    -0.008360,
  1702.750,     0.664245,     1.112401,    -0.009202,
  1702.800,     0.509301,     0.725569,    -0.012419,
  1702.850,     0.405423,     0.264683,    -0.013658,
  1702.900,     0.323298,    -0.083359,    -0.004964,
  1702.950,     0.206893,    -0.329628,    -0.004395,
  1703.000,     0.084971,    -0.467160,    -0.002391,
  1703.050,    -0.022983,    -0.516775,     0.000022,
  1703.100,    -0.070735,    -0.552785,     0.001963,
  1703.150,    -0.009986,    -0.531802,     0.001041,
  1703.200,     0.128533,    -0.392810,     0.002314,
  1703.250,     0.276823,    -0.156744,    -0.000113,
  1703.300,     0.371308,     0.229008,     0.007121,
  1703.350,     0.350512,     0.770950,     0.010372,
  1703.400,     0.208980,     1.354544,     0.010471,
  1703.450,    -0.027475,     1.873694,     0.002895,
  1703.500,    -0.281249,     2.146879,    -0.000890,
  1703.550,    -0.469338,     2.142156,     0.001002,
  1703.600,    -0.546184,     1.924068,     0.005005,
  1703.650,    -0.405372,     1.563748,     0.005169,
  1703.700,    -0.065612,     1.072622,     0.003923,
  1703.750,     0.378367,     0.518133,     0.006381,
  1703.800,     0.849016,     0.011478,    -0.000405,
  1703.850,     1.227117,    -0.299374,     0.003374,
  1703.900,     1.383628,    -0.382060,    -0.003078,
  1703.950,     1.335721,    -0.316831,     0.005770,
  1704.000,     1.085560,    -0.070874,     0.002943,
  1704.050,     0.717319,     0.321376,    -0.003546,
  1704.100,     0.295158,     0.846238,    -0.005852,
  1704.150,    -0.081994,     1.416767,    -0.004324,
  1704.200,    -0.302125,     1.969961,    -0.010256,
  1704.250,    -0.374829,     2.376415,    -0.002802,
  1704.300,    -0.321767,     2.539956,     0.000548,
  1704.350,    -0.217677,     2.443849,     0.002304,
  1704.400,    -0.037892,     2.187560,    -0.001700,
  1704.450,     0.174141,     1.799463,    -0.001036,
  1704.500,     0.384305,     1.304165,     0.003724,
  1704.550,     0.572561,     0.827102,    -0.003025,
  1704.600,     0.708088,     0.365469,    -0.002359,
  1704.650,     0.836959,     0.092568,    -0.000418,
  1704.700,     0.967835,     0.001743,     0.003089,
  1704.750,     1.067350,     0.116562,    -0.001670,
  1704.800,     1.095523,     0.365459,    -0.002299,
  1704.850,     0.930335,     0.687396,    -0.001147,
  1704.900,     0.636976,     1.080751,    -0.005497,
  1704.950,     0.272052,     1.547032,    -0.003635,
  1705.000,    -0.098599,     2.028004,    -0.004939,
  1705.050,    -0.348375,     2.429532,    -0.001172,
  1705.100,    -0.490932,     2.701087,     0.001878,
  1705.150,    -0.524315,     2.786637,    -0.002714,
  1705.200,    -0.435698,     2.728654,    -0.000635,
  1705.250,    -0.247626,     2.588807,    -0.003013,
  1705.300,    -0.048013,     2.410819,    -0.001420,
  1705.350,     0.141922,     2.126121,    -0.003380,
  1705.400,     0.315299,     1.815159,     0.000075,
  1705.450,     0.490093,     1.533803,    -0.000144,
  1705.500,     0.629092,     1.343352,     0.001400,
  1705.550,     0.718005,     1.294895,    -0.001570,
  1705.600,     0.718724,     1.230120,     0.001310,
  1705.650,     0.705639,     1.093479,     0.002823,
  1705.700,     0.605786,     0.922447,    -0.002544,
  1705.750,     0.430021,     0.741133,     0.003667,
  1705.800,     0.252764,     0.618669,    -0.001608,
  1705.850,     0.114313,     0.557503,    -0.002471,
  1705.900,     0.058692,     0.585135,     0.004450,
  1705.950,     0.059278,     0.704118,     0.002424,
  1706.000,     0.081913,     0.924126,     0.002464,
  1706.050,     0.054542,     1.228105,    -0.001270,
  1706.100,     0.071919,     1.440186,     0.004080,
  1706.150,     0.106401,     1.537056,     0.005816,
  1706.200,     0.160426,     1.431115,     0.005434,
  1706.250,     0.225964,     1.193729,     0.003758,
  1706.300,     0.307399,     0.862866,     0.006616,
  1706.350,     0.414782,     0.475642,     0.003833,
  1706.400,     0.582260,     0.149753,     0.004284,
  1706.450,     0.797107,    -0.050592,     0.001893,
  1706.500,     0.938085,    -0.147607,     0.002324,
  1706.550,     0.992492,    -0.136650,    -0.001363,
  1706.600,     0.880099,    -0.023186,    -0.005052,
  1706.650,     0.668987,     0.111666,     0.006121,
  1706.700,     0.398046,     0.334724,    -0.003704,
  1706.750,     0.137646,     0.646764,    -0.000341,
  1706.800,    -0.056351,     0.982969,     0.002218,
  1706.850,    -0.205607,     1.270086,    -0.000972,
  1706.900,    -0.234992,     1.533274,    -0.003147,
  1706.950,    -0.180381,     1.732812,     0.000541,
  1707.000,    -0.103175,     1.885977,    -0.002696,
  1707.050,    -0.057496,     1.991964,    -0.010690,
  1707.100,    -0.023511,     2.012803,    -0.002827,
  1707.150,     0.002692,     1.977728,    -0.004417,
  1707.200,     0.041237,     1.943583,    -0.002474,
  1707.250,     0.139652,     1.878060,    -0.003699,
  1707.300,     0.309741,     1.716188,    -0.003332,
  1707.350,     0.580170,     1.452515,    -0.005566,
  1707.400,     0.860128,     1.139832,     0.000297,
  1707.450,     1.009118,     0.851223,    -0.001449,
  1707.500,     1.037214,     0.639538,    -0.000388,
  1707.550,     0.947878,     0.604060,    -0.003153,
  1707.600,     0.785413,     0.813209,    -0.000966,
  1707.650,     0.561946,     1.263659,    -0.003527,
  1707.700,     0.247005,     1.836553,     0.001889,
  1707.750,    -0.079494,     2.379872,     0.003111,
  1707.800,    -0.298790,     2.806634,     0.005280,
  1707.850,    -0.432479,     3.011721,     0.003853,
  1707.900,    -0.460772,     2.980675,     0.006219,
  1707.950,    -0.299012,     2.724464,     0.000487,
  1708.000,    -0.047618,     2.294835,     0.001094,
  1708.050,     0.324078,     1.783803,     0.001184,
  1708.100,     0.747055,     1.269205,    -0.005124,
  1708.150,     1.136737,     0.851650,    -0.000256,
  1708.200,     1.381449,     0.570834,     0.006921,
  1708.250,     1.437103,     0.472253,     0.002023,
  1708.300,     1.306131,     0.513279,     0.003306,
  1708.350,     1.058144,     0.688256,     0.001086,
  1708.400,     0.746983,     0.913415,    -0.004486,
  1708.450,     0.360659,     1.097041,    -0.006566,
  1708.500,     0.017790,     1.167100,    -0.003861,
  1708.550,    -0.265059,     1.094580,    -0.005152,
  1708.600,    -0.420036,     0.988459,    -0.008953,
  1708.650,    -0.376055,     0.890508,    -0.005945,
  1708.700,    -0.216750,     0.825239,    -0.006658,
  1708.750,     0.040821,     0.834482,    -0.007060,
  1708.800,     0.311021,     0.937989,    -0.001946,
  1708.850,     0.612315,     1.132657,    -0.003353,
  1708.900,     0.880175,     1.381238,     0.000715,
  1708.950,     1.122983,     1.550118,     0.001840,
  1709.000,     1.334552,     1.592862,    -0.006898,
  1709.050,     1.368585,     1.496985,    -0.001270,
  1709.100,     1.299551,     1.364264,     0.004201,
  1709.150,     1.161405,     1.220443,     0.000891,
  1709.200,     0.981971,     1.113766,     0.003655,
  1709.250,     0.814464,     1.030876,     0.006669,
  1709.300,     0.657159,     0.993686,     0.000849,
  1709.350,     0.513263,     1.015238,     0.001173,
  1709.400,     0.398801,     1.048356,    -0.000335,
  1709.450,     0.396068,     1.140385,     0.002276,
  1709.500,     0.427045,     1.279681,     0.000743,
  1709.550,     0.373964,     1.419368,     0.000482,
  1709.600,     0.268084,     1.520826,    -0.005569,
  1709.650,     0.112597,     1.610550,    -0.002493,
  1709.700,    -0.047045,     1.662439,    -0.003406,
  1709.750,    -0.103727,     1.703517,    -0.002558,
  1709.800,    -0.103095,     1.703155,     0.004534,
  1709.850,     0.012280,     1.587031,    -0.000896,
  1709.900,     0.153020,     1.316544,    -0.006304,
  1709.950,     0.358442,     0.990432,    -0.002449,
  1710.000,     0.586690,     0.662223,    -0.006878,
  1710.050,     0.727303,     0.439506,    -0.004631,
  1710.100,     0.725800,     0.304805,     0.000509,
  1710.150,     0.583449,     0.298283,    -0.005062,
  1710.200,     0.333909,     0.349277,    -0.003520,
  1710.250,     0.082119,     0.399695,    -0.000490,
  1710.300,    -0.167820,     0.466908,    -0.006551,
  1710.350,    -0.361528,     0.427609,    -0.002760,
  1710.400,    -0.448688,     0.349779,     0.000179,
  1710.450,    -0.435147,     0.249391,     0.003153,
  1710.500,    -0.373327,     0.267603,     0.002799,
  1710.550,    -0.253813,     0.425202,     0.003008,
  1710.600,    -0.149776,     0.670064,     0.001358,
  1710.650,    -0.060890,     0.961431,     0.006048,
  1710.700,     0.124265,     1.192651,     0.006852,
  1710.750,     0.285969,     1.314931,     0.004655,
  1710.800,     0.409008,     1.339182,     0.004522,
  1710.850,     0.523267,     1.279172,     0.004351,
  1710.900,     0.616163,     1.094842,     0.001474,
  1710.950,     0.706813,     0.915425,    -0.003147,
  1711.000,     0.804811,     0.741791,    -0.000086,
  1711.050,     0.870634,     0.671570,    -0.004899,
  1711.100,     0.905423,     0.663055,    -0.004011,
  1711.150,     0.928426,     0.693004,    -0.003278,
  1711.200,     0.913152,     0.829999,    -0.004924,
  1711.250,     0.802796,     1.120037,    -0.003839,
  1711.300,     0.622148,     1.462619,    -0.002769,
  1711.350,     0.370032,     1.783571,    -0.002010,
  1711.400,     0.101291,     1.975077,    -0.004125,
  1711.450,    -0.118891,     1.983953,    -0.011933,
  1711.500,    -0.157809,     1.791444,    -0.008184,
  1711.550,    -0.016597,     1.416287,    -0.003370,
  1711.600,     0.300450,     0.902035,    -0.006070,
  1711.650,     0.754422,     0.412966,    -0.002542,
  1711.700,     1.195816,     0.053998,    -0.004048,
  1711.750,     1.519302,    -0.022020,    -0.000165,
  1711.800,     1.646075,     0.139481,    -0.000632,
  1711.850,     1.569748,     0.468412,     0.000773,
  1711.900,     1.310620,     0.870126,     0.002145,
  1711.950,     0.892510,     1.249804,     0.006249,
  1712.000,     0.468768,     1.590034,     0.008763,
  1712.050,     0.045178,     1.757380,     0.008620,
  1712.100,    -0.224959,     1.704202,     0.003434,
  1712.150,    -0.317294,     1.456662,     0.004969,
  1712.200,    -0.275457,     1.053388,     0.006094,
  1712.250,    -0.094089,     0.622955,     0.004616,
  1712.300,     0.144791,     0.310986,     0.011303,
  1712.350,     0.399932,     0.108602,     0.003570,
  1712.400,     0.573880,     0.160012,     0.004091,
  1712.450,     0.639789,     0.437557,     0.005519,
  1712.500,     0.604065,     0.908591,     0.002888,
  1712.550,     0.497020,     1.471358,     0.001104,
  1712.600,     0.427139,     1.942300,     0.000976,
  1712.650,     0.379523,     2.241039,    -0.001400,
  1712.700,     0.372373,     2.315176,    -0.001379,
  1712.750,     0.429712,     2.166940,     0.000585,
  1712.800,     0.548315,     1.869105,    -0.005453,
  1712.850,     0.693118,     1.530207,    -0.009051,
  1712.900,     0.770218,     1.262102,    -0.004820,
  1712.950,     0.783983,     1.160561,    -0.005944,
  1713.000,     0.709015,     1.214127,    -0.005476,
  1713.050,     0.605792,     1.422144,    -0.000371,
  1713.100,     0.508685,     1.647660,    -0.002883,
  1713.150,     0.464116,     1.855765,    -0.003656,
  1713.200,     0.404313,     1.931107,    -0.001775,
  1713.250,     0.371074,     1.816466,    -0.001819,
  1713.300,     0.373750,     1.621859,     0.003669,
  1713.350,     0.372451,     1.351444,    -0.000816,
  1713.400,     0.458877,     1.063327,     0.005490,
  1713.450,     0.570967,     0.848513,     0.005838,
  1713.500,     0.714756,     0.704341,     0.003371,
  1713.550,     0.780552,     0.688907,     0.007094,
  1713.600,     0.811714,     0.819090,     0.003188,
  1713.650,     0.809281,     1.103136,     0.000653,
  1713.700,     0.775269,     1.409114,     0.000551,
  1713.750,     0.659153,     1.692225,     0.002672,
  1713.800,     0.498862,     1.811971,     0.002422,
  1713.850,     0.287472,     1.754821,     0.003593,
  1713.900,     0.052830,     1.591743,    -0.002049,
  1713.950,    -0.117264,     1.231281,     0.003107,
  1714.000,    -0.196280,     0.797407,    -0.004628,
  1714.050,    -0.178092,     0.365158,    -0.001330,
  1714.100,    -0.105181,     0.034516,     0.002184,
  1714.150,    -0.025281,    -0.026658,    -0.007421,
  1714.200,     0.010998,     0.184675,    -0.003703,
  1714.250,     0.039767,     0.606210,     0.004115,
  1714.300,     0.007091,     1.089649,    -0.007305,
  1714.350,    -0.065305,     1.490815,    -0.002790,
  1714.400,    -0.164443,     1.707233,    -0.001412,
  1714.450,    -0.168228,     1.719465,    -0.001349,
  1714.500,    -0.084154,     1.513489,    -0.006974,
  1714.550,     0.086289,     1.197705,    -0.005299,
  1714.600,     0.229301,     0.856871,     0.002552,
  1714.650,     0.354910,     0.634544,     0.003701,
  1714.700,     0.447893,     0.617475,    -0.003477,
  1714.750,     0.462847,     0.725275,    -0.006820,
  1714.800,     0.379671,     0.924123,    -0.001657,
  1714.850,     0.243967,     1.106387,     0.000606,
  1714.900,     0.055173,     1.103005,     0.004493,
  1714.950,    -0.097247,     0.913411,     0.000148,
  1715.000,    -0.193250,     0.530180,    -0.006285,
  1715.050,    -0.237869,     0.134683,    -0.000570,
  1715.100,    -0.214498,    -0.269910,    -0.001125,
  1715.150,    -0.080528,    -0.557224,    -0.001875,
  1715.200,     0.174464,    -0.683033,     0.004282,
  1715.250,     0.512845,    -0.571705,     0.002425,
  1715.300,     0.826990,    -0.304670,    -0.001921,
  1715.350,     1.016728,     0.078485,     0.005237,
  1715.400,     1.042855,     0.538393,     0.000940,
  1715.450,     0.899572,     1.028427,    -0.004627,
  1715.500,     0.566605,     1.502242,    -0.002061,
  1715.550,     0.146150,     1.844738,    -0.001247,
  1715.600,    -0.282672,     1.933996,    -0.002498,
  1715.650,    -0.529433,     1.728565,    -0.004425,
  1715.700,    -0.589654,     1.229859,    -0.002670,
  1715.750,    -0.418315,     0.540926,     0.001508,
  1715.800,    -0.098783,    -0.165826,     0.004198,
  1715.850,     0.295657,    -0.740224,    -0.000364,
  1715.900,     0.665627,    -1.057480,     0.002943,
  1715.950,     0.932759,    -1.035766,     0.002193,
  1716.000,     1.082230,    -0.629646,    -0.001726,
  1716.050,     1.070594,     0.073212,    -0.002637,
  1716.100,     0.901305,     0.854730,    -0.001670,
  1716.150,     0.647454,     1.581930,     0.003538,
  1716.200,     0.375600,     2.064901,    -0.002339,
  1716.250,     0.168573,     2.253151,    -0.002332,
  1716.300,     0.058393,     2.119534,    -0.000934,
  1716.350,     0.100954,     1.736978,    -0.002503,
  1716.400,     0.240681,     1.250300,     0.001083,
  1716.450,     0.493887,     0.746373,    -0.001969,
  1716.500,     0.755474,     0.391037,     0.000763,
  1716.550,     1.005579,     0.223613,     0.004800,
  1716.600,     1.102265,     0.227837,    -0.006822,
  1716.650,     1.075563,     0.283777,    -0.000702,
  1716.700,     0.920557,     0.363875,    -0.005069,
  1716.750,     0.698448,     0.414411,    -0.003407,
  1716.800,     0.457747,     0.382238,    -0.002368,
  1716.850,     0.288582,     0.386000,    -0.001366,
  1716.900,     0.233502,     0.413724,    -0.002541,
  1716.950,     0.274822,     0.532464,     0.004628,
  1717.000,     0.420278,     0.767610,    -0.007405,
  1717.050,     0.593523,     1.103108,    -0.001197,
  1717.100,     0.710251,     1.447134,    -0.008740,
  1717.150,     0.691477,     1.758704,    -0.001006,
  1717.200,     0.567221,     1.913312,    -0.002919,
  1717.250,     0.354261,     1.989301,    -0.002550,
  1717.300,     0.098476,     1.956454,     0.005215,
  1717.350,    -0.079444,     1.767766,    -0.002492,
  1717.400,    -0.235955,     1.530295,    -0.002946,
  1717.450,    -0.276203,     1.168417,     0.002267,
  1717.500,    -0.237447,     0.812636,     0.000110,
  1717.550,    -0.069057,     0.407275,     0.005236,
  1717.600,     0.133080,     0.038021,     0.004946,
  1717.650,     0.399932,    -0.290806,     0.003795,
  1717.700,     0.585278,    -0.475594,     0.003520,
  1717.750,     0.682682,    -0.410213,     0.001521,
  1717.800,     0.625896,    -0.052088,     0.002152,
  1717.850,     0.462121,     0.457475,    -0.002756,
  1717.900,     0.238391,     0.988306,     0.005909,
  1717.950,    -0.031736,     1.415740,     0.005170,
  1718.000,    -0.317546,     1.668179,     0.003539,
  1718.050,    -0.488106,     1.705765,    -0.000382,
  1718.100,    -0.539143,     1.583977,     0.000834,
  1718.150,    -0.421194,     1.329943,     0.000548,
  1718.200,    -0.166654,     1.036802,    -0.001121,
  1718.250,     0.119174,     0.768220,    -0.000503,
  1718.300,     0.315677,     0.553401,    -0.002793,
  1718.350,     0.447854,     0.472896,    -0.001910,
  1718.400,     0.422290,     0.491900,    -0.007337,
  1718.450,     0.302101,     0.624468,    -0.003219,
  1718.500,     0.144165,     0.761028,     0.000075,
  1718.550,     0.001016,     0.885877,    -0.003009,
  1718.600,    -0.001005,     0.965360,    -0.003010,
  1718.650,     0.130304,     1.019752,    -0.010709,
  1718.700,     0.363380,     1.055398,    -0.001350,
  1718.750,     0.707492,     1.122704,    -0.002465,
  1718.800,     1.000602,     1.344286,     0.007230,
  1718.850,     1.205407,     1.613377,     0.000966,
  1718.900,     1.247594,     1.994283,     0.003029,
  1718.950,     1.184553,     2.344918,     0.005807,
  1719.000,     1.046435,     2.580013,     0.001766,
  1719.050,     0.843548,     2.720220,     0.001606,
  1719.100,     0.715743,     2.634843,     0.000083,
  1719.150,     0.679014,     2.351094,    -0.000995,
  1719.200,     0.764800,     1.910511,     0.000579,
  1719.250,     0.932590,     1.332618,     0.005955,
  1719.300,     1.122942,     0.717710,    -0.004902,
  1719.350,     1.333482,     0.149211,    -0.001134,
  1719.400,     1.576341,    -0.231224,     0.000981,
  1719.450,     1.757884,    -0.365955,    -0.001274,
  1719.500,     1.875049,    -0.252983,    -0.004186,
  1719.550,     1.830040,     0.065889,    -0.004119,
  1719.600,     1.531636,     0.584058,    -0.004692,
  1719.650,     1.119964,     1.177586,    -0.004887,
  1719.700,     0.537005,     1.803306,    -0.005457,
  1719.750,    -0.083461,     2.287425,     0.002450,
  1719.800,    -0.589933,     2.540220,    -0.003864,
  1719.850,    -0.919797,     2.506058,     0.000409,
  1719.900,    -1.017908,     2.308830,     0.004923,
  1719.950,    -0.831478,     1.970036,     0.002377,
  1720.000,    -0.413060,     1.608460,    -0.001461,

