Time_abs/ps, Signal 1/nA, Ref.signal 1/nA, Signal 2/nA, Ref.signal 2/nA
  1600.000,    -0.000234,     0.007615,     0.000790,
  1600.050,    -0.003157,    -0.004646,     0.002759,
  1600.100,     0.005426,     0.011497,    -0.003494,
  1600.150,    -0.000492,    -0.005388,     0.000175,
  1600.200,    -0.001542,    -0.009079,    -0.000230,
  1600.250,     0.000327,    -0.022884,    -0.000561,
  1600.300,     0.000274,    -0.011605,    -0.002351,
  1600.350,     0.001818,     0.000561,    -0.005852,
  1600.400,    -0.000862,     0.010459,    -0.007624,
  1600.450,    -0.007461,     0.008771,    -0.004948,
  1600.500,    -0.006813,    -0.000034,    -0.009249,
  1600.550,    -0.018622,    -0.009125,    -0.007555,
  1600.600,    -0.018219,    -0.021215,    -0.007347,
  1600.650,    -0.010335,    -0.028924,    -0.006597,
  1600.700,    -0.012519,    -0.024922,    -0.003513,
  1600.750,    -0.028145,    -0.033412,     0.000318,
  1600.800,    -0.006053,    -0.027306,    -0.000560,
  1600.850,    -0.025610,    -0.001638,    -0.001455,
  1600.900,    -0.006357,    -0.017430,    -0.000240,
  1600.950,    -0.024619,    -0.006954,    -0.000181,
  1601.000,    -0.037582,    -0.025601,     0.002145,
  1601.050,    -0.048257,    -0.025349,     0.005893,
  1601.100,    -0.030239,    -0.009534,    -0.004080,
  1601.150,    -0.028562,    -0.028449,     0.006039,
  1601.200,    -0.000263,    -0.018410,     0.003417,
  1601.250,    -0.024608,    -0.022588,    -0.009442,
  1601.300,    -0.010900,    -0.037640,    -0.008563,
  1601.350,    -0.015089,    -0.024145,    -0.001589,
  1601.400,    -0.020246,    -0.019708,     0.006695,
  1601.450,    -0.033453,    -0.036830,     0.003119,
  1601.500,    -0.027401,    -0.020360,    -0.006861,
  1601.550,    -0.039364,    -0.021295,     0.003195,
  1601.600,    -0.028428,    -0.019094,    -0.006969,
  1601.650,    -0.022291,    -0.038961,    -0.002221,
  1601.700,    -0.031089,    -0.039712,    -0.004586,
  1601.750,     0.001405,    -0.046448,    -0.008935,
  1601.800,    -0.024134,    -0.049859,    -0.003144,
  1601.850,    -0.029199,    -0.056273,    -0.004452,
  1601.900,    -0.007718,    -0.066449,    -0.006393,
  1601.950,     0.004944,    -0.072077,    -0.002597,
  1602.000,    -0.033292,    -0.063971,    -0.001662,
  1602.050,    -0.004866,    -0.049452,    -0.000006,
  1602.100,    -0.006502,    -0.059367,    -0.005348,
  1602.150,    -0.023092,    -0.063293,     0.000105,
  1602.200,    -0.019017,    -0.057947,    -0.001463,
  1602.250,    -0.020068,    -0.047525,     0.001445,
  1602.300,    -0.012307,    -0.066134,     0.001465,
  1602.350,    -0.010404,    -0.074133,    -0.002761,
  1602.400,    -0.020406,    -0.077379,    -0.000941,
  1602.450,    -0.013970,    -0.060169,     0.003626,
  1602.500,    -0.025867,    -0.080268,     0.000283,
  1602.550,    -0.006266,    -0.067907,    -0.000455,
  1602.600,    -0.027819,    -0.099132,    -0.002647,
  1602.650,    -0.012952,    -0.079462,     0.005680,
  1602.700,    -0.041899,    -0.061615,     0.002295,
  1602.750,    -0.036905,    -0.055587,    -0.001250,
  1602.800,    -0.030321,    -0.049285,    -0.003830,
  1602.850,    -0.026111,    -0.061351,    -0.000473,
  1602.900,    -0.029882,    -0.051576,    -0.000478,
  1602.950,    -0.041429,    -0.030425,    -0.002162,
  1603.000,    -0.037040,    -0.045516,    -0.004164,
  1603.050,    -0.031422,    -0.046597,    -0.003278,
  1603.100,    -0.026614,    -0.041525,     0.001665,
  1603.150,    -0.016841,    -0.058770,    -0.003293,
  1603.200,    -0.013034,    -0.067038,    -0.004321,
  1603.250,    -0.012327,    -0.060943,    -0.004175,
  1603.300,    -0.011201,    -0.046130,    -0.003960,
  1603.350,    -0.025167,    -0.044856,    -0.002315,
  1603.400,    -0.019028,    -0.048941,    -0.001430,
  1603.450,     0.000086,    -0.057768,     0.002146,
  1603.500,    -0.024060,    -0.061647,    -0.002740,
  1603.550,    -0.020464,    -0.072860,    -0.003700,
  1603.600,    -0.017294,    -0.050958,    -0.000949,
  1603.650,    -0.019505,    -0.058043,     0.002095,
  1603.700,    -0.006199,    -0.046480,     0.001586,
  1603.750,    -0.014894,    -0.039911,    -0.000756,
  1603.800,    -0.030739,    -0.055079,    -0.000382,
  1603.850,    -0.028274,    -0.055890,     0.000051,
  1603.900,    -0.018625,    -0.060794,    -0.000912,
  1603.950,    -0.029684,    -0.056321,    -0.006318,
  1604.000,    -0.024946,    -0.053461,    -0.003041,
  1604.050,    -0.029306,    -0.061511,    -0.001598,
  1604.100,    -0.054668,    -0.073083,    -0.000141,
  1604.150,    -0.034205,    -0.058812,    -0.003749,
  1604.200,    -0.018368,    -0.056921,    -0.000332,
  1604.250,    -0.047493,    -0.052816,    -0.002824,
  1604.300,    -0.036087,    -0.051204,    -0.001554,
  1604.350,    -0.035591,    -0.050098,    -0.007507,
  1604.400,    -0.037303,    -0.051308,    -0.002875,
  1604.450,    -0.007147,    -0.055452,    -0.000825,
  1604.500,    -0.032041,    -0.068069,    -0.000108,
  1604.550,    -0.032789,    -0.050001,    -0.003397,
  1604.600,    -0.019243,    -0.060544,    -0.005713,
  1604.650,    -0.024025,    -0.066102,    -0.004819,
  1604.700,    -0.027848,    -0.067510,    -0.004502,
  1604.750,    -0.015428,    -0.069713,    -0.004906,
  1604.800,    -0.001839,    -0.075049,     0.001166,
  1604.850,    -0.034841,    -0.068252,    -0.000113,
  1604.900,    -0.015399,    -0.068048,     0.000794,
  1604.950,    -0.020069,    -0.057182,     0.000255,
  1605.000,    -0.032833,    -0.074073,    -0.002304,
  1605.050,    -0.006427,    -0.073767,    -0.001393,
  1605.100,    -0.007409,    -0.058804,    -0.001204,
  1605.150,    -0.017408,    -0.074817,    -0.001212,
  1605.200,     0.002156,    -0.054424,    -0.000531,
  1605.250,    -0.009024,    -0.059604,    -0.002498,
  1605.300,     0.000320,    -0.073760,     0.001625,
  1605.350,    -0.004276,    -0.080658,     0.002558,
  1605.400,    -0.003913,    -0.064059,     0.001506,
  1605.450,    -0.022599,    -0.066206,    -0.004203,
  1605.500,    -0.018376,    -0.061892,     0.004802,
  1605.550,     0.003197,    -0.056416,     0.002553,
  1605.600,    -0.020559,    -0.060449,     0.002166,
  1605.650,    -0.022203,    -0.062375,    -0.001006,
  1605.700,    -0.020469,    -0.064690,     0.000557,
  1605.750,    -0.021603,    -0.067201,    -0.000356,
  1605.800,    -0.012125,    -0.053317,    -0.003434,
  1605.850,    -0.013564,    -0.075328,    -0.006228,
  1605.900,    -0.013666,    -0.081720,    -0.002372,
  1605.950,    -0.009655,    -0.084957,    -0.005318,
  1606.000,     0.010986,    -0.063255,    -0.004158,
  1606.050,    -0.007322,    -0.061329,    -0.004270,
  1606.100,    -0.009281,    -0.043735,    -0.003188,
  1606.150,    -0.002802,    -0.050841,    -0.008993,
  1606.200,    -0.030821,    -0.062682,    -0.003890,
  1606.250,    -0.021294,    -0.048538,    -0.001276,
  1606.300,    -0.011781,    -0.051206,    -0.002974,
  1606.350,     0.001243,    -0.056931,    -0.000068,
  1606.400,    -0.010301,    -0.061721,    -0.007813,
  1606.450,    -0.026273,    -0.077838,    -0.001839,
  1606.500,    -0.024794,    -0.075351,    -0.001279,
  1606.550,    -0.030485,    -0.045355,     0.000352,
  1606.600,    -0.031483,    -0.075436,    -0.007548,
  1606.650,    -0.019519,    -0.075216,    -0.001252,
  1606.700,    -0.018163,    -0.067222,     0.000904,
  1606.750,    -0.011390,    -0.063340,    -0.002229,
  1606.800,    -0.015372,    -0.069187,    -0.002732,
  1606.850,    -0.011210,    -0.065506,    -0.003366,
  1606.900,     0.007619,    -0.051772,     0.001947,
  1606.950,     0.010373,    -0.049198,     0.000323,
  1607.000,    -0.002034,    -0.044549,     0.000658,
  1607.050,    -0.021989,    -0.057717,     0.003709,
  1607.100,     0.004502,    -0.057853,    -0.000508,
  1607.150,    -0.004456,    -0.075347,    -0.003515,
  1607.200,    -0.010976,    -0.075670,    -0.000771,
  1607.250,     0.017096,    -0.067853,     0.002169,
  1607.300,     0.010000,    -0.065862,     0.003590,
  1607.350,     0.006420,    -0.091792,    -0.001349,
  1607.400,     0.015001,    -0.095613,    -0.003191,
  1607.450,     0.021939,    -0.089350,    -0.002765,
  1607.500,     0.008639,    -0.075400,     0.000758,
  1607.550,     0.027564,    -0.104859,    -0.001848,
  1607.600,     0.010079,    -0.098777,    -0.002833,
  1607.650,     0.007869,    -0.092790,     0.000399,
  1607.700,     0.019742,    -0.102410,     0.004119,
  1607.750,     0.003332,    -0.103796,    -0.001820,
  1607.800,    -0.009258,    -0.101278,    -0.009754,
  1607.850,    -0.010265,    -0.124529,    -0.005739,
  1607.900,    -0.003458,    -0.136633,     0.000446,
  1607.950,     0.001336,    -0.124998,     0.001081,
  1608.000,     0.000906,    -0.137278,    -0.003653,
  1608.050,     0.006384,    -0.131250,     0.003929,
  1608.100,     0.012719,    -0.141260,    -0.001233,
  1608.150,     0.015005,    -0.161652,    -0.004456,
  1608.200,     0.006205,    -0.162870,    -0.006508,
  1608.250,     0.004815,    -0.156415,     0.001179,
  1608.300,     0.005978,    -0.147483,    -0.003026,
  1608.350,     0.010034,    -0.147606,     0.001249,
  1608.400,     0.006267,    -0.157783,     0.002002,
  1608.450,    -0.014735,    -0.149063,    -0.009736,
  1608.500,    -0.009425,    -0.130967,    -0.002820,
  1608.550,     0.015030,    -0.132564,    -0.002439,
  1608.600,    -0.000602,    -0.131408,    -0.002521,
  1608.650,     0.004008,    -0.119437,    -0.003097,
  1608.700,    -0.011520,    -0.132012,     0.000047,
  1608.750,    -0.006144,    -0.130531,    -0.001725,
  1608.800,    -0.010017,    -0.127366,    -0.001231,
  1608.850,     0.002158,    -0.114349,     0.000731,
  1608.900,    -0.009477,    -0.118084,    -0.004070,
  1608.950,    -0.032689,    -0.108535,    -0.002171,
  1609.000,     0.001208,    -0.122791,     0.006150,
  1609.050,    -0.007407,    -0.112637,     0.000246,
  1609.100,    -0.025139,    -0.100752,    -0.003334,
  1609.150,    -0.028973,    -0.101737,     0.003304,
  1609.200,    -0.006728,    -0.083625,    -0.000634,
  1609.250,    -0.006725,    -0.090299,    -0.002415,
  1609.300,    -0.018889,    -0.092264,     0.001292,
  1609.350,    -0.016898,    -0.063074,    -0.001122,
  1609.400,    -0.019891,    -0.072413,    -0.008739,
  1609.450,    -0.023649,    -0.097468,    -0.002324,
  1609.500,    -0.030251,    -0.062004,    -0.005293,
  1609.550,    -0.009878,    -0.074665,    -0.004707,
  1609.600,    -0.012086,    -0.082541,     0.002804,
  1609.650,    -0.024378,    -0.095405,     0.001304,
  1609.700,    -0.016515,    -0.072481,    -0.001347,
  1609.750,    -0.017389,    -0.073364,    -0.004559,
  1609.800,    -0.018134,    -0.048757,    -0.000931,
  1609.850,    -0.018515,    -0.050317,    -0.007181,
  1609.900,    -0.007336,    -0.050132,    -0.006352,
  1609.950,    -0.002082,    -0.052159,    -0.011905,
  1610.000,    -0.028444,    -0.076507,    -0.010479,
  1610.050,    -0.034984,    -0.090168,    -0.005786,
  1610.100,    -0.015254,    -0.092489,    -0.007564,
  1610.150,    -0.030189,    -0.092585,    -0.006154,
  1610.200,    -0.027594,    -0.087222,    -0.006361,
  1610.250,    -0.038413,    -0.102442,    -0.005307,
  1610.300,    -0.029279,    -0.110517,     0.001532,
  1610.350,    -0.005523,    -0.117500,     0.000085,
  1610.400,    -0.031814,    -0.123959,    -0.000090,
  1610.450,    -0.033063,    -0.132789,     0.000398,
  1610.500,    -0.045541,    -0.137259,     0.000960,
  1610.550,    -0.032083,    -0.141640,    -0.000534,
  1610.600,    -0.028094,    -0.131035,    -0.001986,
  1610.650,    -0.050483,    -0.137492,    -0.003304,
  1610.700,    -0.045450,    -0.131505,     0.003680,
  1610.750,    -0.025653,    -0.161033,     0.005301,
  1610.800,    -0.032851,    -0.172221,     0.001743,
  1610.850,    -0.023947,    -0.194941,     0.006158,
  1610.900,    -0.023614,    -0.172747,     0.006673,
  1610.950,    -0.014575,    -0.179672,    -0.002109,
  1611.000,    -0.017819,    -0.196484,    -0.000492,
  1611.050,    -0.027261,    -0.217035,    -0.000202,
  1611.100,    -0.034274,    -0.213329,     0.004457,
  1611.150,    -0.019239,    -0.239635,     0.007384,
  1611.200,    -0.003919,    -0.240099,     0.000810,
  1611.250,    -0.034843,    -0.215287,     0.000401,
  1611.300,    -0.029358,    -0.217257,    -0.001042,
  1611.350,    -0.036876,    -0.223915,    -0.001648,
  1611.400,    -0.037457,    -0.225158,    -0.001269,
  1611.450,    -0.034921,    -0.227445,    -0.005778,
  1611.500,    -0.030105,    -0.219021,    -0.006750,
  1611.550,    -0.047234,    -0.196926,    -0.001288,
  1611.600,    -0.036506,    -0.221091,    -0.006890,
  1611.650,    -0.048100,    -0.212736,    -0.005309,
  1611.700,    -0.037468,    -0.199161,    -0.007601,
  1611.750,    -0.029807,    -0.192209,    -0.010979,
  1611.800,    -0.055471,    -0.199529,    -0.005204,
  1611.850,    -0.051453,    -0.174264,    -0.005161,
  1611.900,    -0.049238,    -0.168421,    -0.002986,
  1611.950,    -0.047158,    -0.185613,    -0.009592,
  1612.000,    -0.046107,    -0.193127,    -0.007863,
  1612.050,    -0.049323,    -0.202004,    -0.002487,
  1612.100,    -0.063932,    -0.203686,    -0.005444,
  1612.150,    -0.073280,    -0.192196,    -0.008544,
  1612.200,    -0.068314,    -0.228909,    -0.004046,
  1612.250,    -0.068649,    -0.217702,    -0.006735,
  1612.300,    -0.053428,    -0.218946,     0.000518,
  1612.350,    -0.053535,    -0.226065,     0.002637,
  1612.400,    -0.079664,    -0.209106,     0.002878,
  1612.450,    -0.067795,    -0.219318,     0.003170,
  1612.500,    -0.060013,    -0.206316,    -0.001654,
  1612.550,    -0.057814,    -0.213026,     0.000704,
  1612.600,    -0.053213,    -0.230964,     0.002900,
  1612.650,    -0.039278,    -0.237960,     0.003347,
  1612.700,    -0.038707,    -0.240506,    -0.000164,
  1612.750,    -0.056184,    -0.236160,     0.001372,
  1612.800,    -0.045425,    -0.233167,     0.008099,
  1612.850,    -0.040292,    -0.256656,     0.004677,
  1612.900,    -0.029293,    -0.239617,    -0.003962,
  1612.950,    -0.039026,    -0.245471,     0.004705,
  1613.000,    -0.031057,    -0.262886,     0.002605,
  1613.050,    -0.019926,    -0.251333,    -0.002719,
  1613.100,    -0.025706,    -0.256567,     0.002754,
  1613.150,    -0.023322,    -0.244889,     0.003695,
  1613.200,    -0.015038,    -0.267568,    -0.000046,
  1613.250,    -0.027187,    -0.263436,     0.002555,
  1613.300,    -0.031452,    -0.261406,    -0.000693,
  1613.350,    -0.017506,    -0.262316,    -0.006050,
  1613.400,    -0.008781,    -0.263597,    -0.002817,
  1613.450,    -0.003972,    -0.263895,    -0.008094,
  1613.500,    -0.055095,    -0.253962,    -0.007749,
  1613.550,    -0.045529,    -0.267384,    -0.010348,
  1613.600,    -0.019519,    -0.282852,    -0.011248,
  1613.650,    -0.027041,    -0.294390,    -0.006583,
  1613.700,    -0.039832,    -0.269291,    -0.004809,
  1613.750,    -0.037957,    -0.296063,    -0.008177,
  1613.800,    -0.032288,    -0.295676,    -0.008521,
  1613.850,    -0.022635,    -0.290447,    -0.008884,
  1613.900,    -0.045563,    -0.308364,    -0.011643,
  1613.950,    -0.025790,    -0.311033,    -0.008229,
  1614.000,    -0.018909,    -0.298176,    -0.003329,
  1614.050,    -0.027756,    -0.320096,    -0.004829,
  1614.100,    -0.016728,    -0.327092,    -0.007422,
  1614.150,    -0.025046,    -0.336267,    -0.010286,
  1614.200,    -0.008054,    -0.347295,    -0.006282,
  1614.250,    -0.020946,    -0.345886,    -0.002840,
  1614.300,    -0.032055,    -0.330335,     0.001180,
  1614.350,    -0.038150,    -0.335595,     0.002021,
  1614.400,    -0.039518,    -0.326397,    -0.000610,
  1614.450,    -0.054575,    -0.335081,     0.004896,
  1614.500,    -0.059381,    -0.341281,     0.004484,
  1614.550,    -0.059671,    -0.341916,     0.007740,
  1614.600,    -0.077291,    -0.342900,    -0.000867,
  1614.650,    -0.080414,    -0.342125,    -0.000847,
  1614.700,    -0.083324,    -0.318097,     0.003430,
  1614.750,    -0.090199,    -0.315540,     0.003848,
  1614.800,    -0.111488,    -0.298863,     0.005726,
  1614.850,    -0.104525,    -0.298416,     0.001512,
  1614.900,    -0.085611,    -0.312369,    -0.001102,
  1614.950,    -0.102751,    -0.298750,    -0.004121,
  1615.000,    -0.110934,    -0.299329,    -0.000776,
  1615.050,    -0.087385,    -0.316875,    -0.000213,
  1615.100,    -0.102422,    -0.339941,    -0.007064,
  1615.150,    -0.126094,    -0.354372,    -0.005008,
  1615.200,    -0.111808,    -0.349586,    -0.006524,
  1615.250,    -0.108836,    -0.375272,    -0.007338,
  1615.300,    -0.116378,    -0.391255,    -0.006830,
  1615.350,    -0.123124,    -0.412063,    -0.003278,
  1615.400,    -0.113592,    -0.422098,    -0.005943,
  1615.450,    -0.128761,    -0.408363,    -0.001298,
  1615.500,    -0.122323,    -0.404922,    -0.001598,
  1615.550,    -0.113004,    -0.411461,    -0.007232,
  1615.600,    -0.111104,    -0.401083,    -0.003210,
  1615.650,    -0.109583,    -0.408784,    -0.004034,
  1615.700,    -0.106422,    -0.415894,    -0.004713,
  1615.750,    -0.095942,    -0.406058,    -0.005091,
  1615.800,    -0.097023,    -0.429032,    -0.003365,
  1615.850,    -0.099381,    -0.454615,    -0.003408,
  1615.900,    -0.104500,    -0.455064,    -0.003277,
  1615.950,    -0.111825,    -0.455368,    -0.004179,
  1616.000,    -0.121734,    -0.466990,    -0.008198,
  1616.050,    -0.123208,    -0.474880,    -0.005362,
  1616.100,    -0.119509,    -0.480263,    -0.005966,
  1616.150,    -0.121611,    -0.480738,    -0.009816,
  1616.200,    -0.108811,    -0.476577,    -0.006451,
  1616.250,    -0.111051,    -0.483261,    -0.001134,
  1616.300,    -0.116380,    -0.490949,    -0.002627,
  1616.350,    -0.131407,    -0.490765,    -0.008484,
  1616.400,    -0.133253,    -0.495713,    -0.006836,
  1616.450,    -0.128860,    -0.492477,    -0.005235,
  1616.500,    -0.115188,    -0.503176,    -0.000719,
  1616.550,    -0.112384,    -0.526755,     0.001561,
  1616.600,    -0.117060,    -0.506274,     0.000328,
  1616.650,    -0.135111,    -0.492097,     0.002649,
  1616.700,    -0.116539,    -0.494707,     0.001369,
  1616.750,    -0.130430,    -0.491688,     0.000178,
  1616.800,    -0.138239,    -0.491173,     0.003909,
  1616.850,    -0.144474,    -0.493725,     0.002429,
  1616.900,    -0.135454,    -0.487156,    -0.002785,
  1616.950,    -0.131895,    -0.489569,    -0.003777,
  1617.000,    -0.133945,    -0.506868,    -0.000667,
  1617.050,    -0.143392,    -0.487291,    -0.005239,
  1617.100,    -0.143622,    -0.474220,     0.001259,
  1617.150,    -0.140685,    -0.483483,     0.007045,
  1617.200,    -0.139706,    -0.473541,    -0.001425,
  1617.250,    -0.131891,    -0.474562,    -0.002632,
  1617.300,    -0.143332,    -0.456456,     0.000668,
  1617.350,    -0.133108,    -0.446705,    -0.001179,
  1617.400,    -0.143797,    -0.459078,    -0.000639,
  1617.450,    -0.146695,    -0.445847,    -0.003021,
  1617.500,    -0.145552,    -0.438835,     0.002706,
  1617.550,    -0.126166,    -0.433537,    -0.000476,
  1617.600,    -0.139467,    -0.436497,    -0.005402,
  1617.650,    -0.151550,    -0.418269,    -0.006367,
  1617.700,    -0.153238,    -0.416141,    -0.007086,
  1617.750,    -0.164085,    -0.407228,    -0.003860,
  1617.800,    -0.147348,    -0.401720,    -0.002097,
  1617.850,    -0.156568,    -0.380863,    -0.001731,
  1617.900,    -0.157467,    -0.371745,    -0.001489,
  1617.950,    -0.160154,    -0.338327,    -0.003161,
  1618.000,    -0.156210,    -0.281234,    -0.007679,
  1618.050,    -0.172655,    -0.232384,    -0.011053,
  1618.100,    -0.182930,    -0.193871,    -0.007816,
  1618.150,    -0.170384,    -0.161821,     0.001541,
  1618.200,    -0.172518,    -0.119875,    -0.003020,
  1618.250,    -0.162126,    -0.077524,    -0.009328,
  1618.300,    -0.149958,    -0.071774,    -0.003863,
  1618.350,    -0.170375,    -0.087374,    -0.007519,
  1618.400,    -0.179764,    -0.196099,    -0.005665,
  1618.450,    -0.184285,    -0.348139,    -0.002638,
  1618.500,    -0.167989,    -0.610612,    -0.003307,
  1618.550,    -0.139742,    -0.952923,    -0.005432,
  1618.600,    -0.164819,    -1.333053,    -0.008419,
  1618.650,    -0.164943,    -1.743931,    -0.002123,
  1618.700,    -0.158759,    -2.126887,    -0.002790,
  1618.750,    -0.179400,    -2.394161,    -0.002753,
  1618.800,    -0.180999,    -2.457728,    -0.002009,
  1618.850,    -0.177323,    -2.309845,    -0.002371,
  1618.900,    -0.196126,    -1.995652,     0.002555,
  1618.950,    -0.194659,    -1.602009,     0.001939,
  1619.000,    -0.183140,    -1.184876,     0.005113,
  1619.050,    -0.175157,    -0.797805,    -0.001629,
  1619.100,    -0.188759,    -0.520714,     0.000762,
  1619.150,    -0.189004,    -0.297820,     0.004026,
  1619.200,    -0.208278,    -0.164513,     0.000423,
  1619.250,    -0.219453,    -0.133796,     0.000392,
  1619.300,    -0.208341,    -0.141140,    -0.002580,
  1619.350,    -0.215117,    -0.189173,    -0.006468,
  1619.400,    -0.217422,    -0.272831,    -0.006659,
  1619.450,    -0.220795,    -0.366149,     0.003149,
  1619.500,    -0.231793,    -0.414662,     0.002552,
  1619.550,    -0.228710,    -0.486669,    -0.001935,
  1619.600,    -0.232743,    -0.532702,     0.003899,
  1619.650,    -0.235755,    -0.559336,     0.001909,
  1619.700,    -0.232111,    -0.580338,    -0.002174,
  1619.750,    -0.219416,    -0.589772,    -0.002387,
  1619.800,    -0.224864,    -0.591029,    -0.003705,
  1619.850,    -0.232767,    -0.607447,    -0.004318,
  1619.900,    -0.252844,    -0.624791,    -0.002111,
  1619.950,    -0.240300,    -0.651564,     0.000180,
  1620.000,    -0.242179,    -0.699427,    -0.003811,
  1620.050,    -0.248311,    -0.712156,    -0.005175,
  1620.100,    -0.255365,    -0.740053,    -0.006335,
  1620.150,    -0.244384,    -0.779035,    -0.010085,
  1620.200,    -0.248865,    -0.777557,    -0.009645,
  1620.250,    -0.258196,    -0.783301,    -0.006683,
  1620.300,    -0.258294,    -0.795376,    -0.006867,
  1620.350,    -0.248690,    -0.762885,    -0.003585,
  1620.400,    -0.247961,    -0.756703,    -0.003125,
  1620.450,    -0.255145,    -0.755122,    -0.004472,
  1620.500,    -0.262329,    -0.759587,    -0.009130,
  1620.550,    -0.264812,    -0.770126,    -0.002260,
  1620.600,    -0.238231,    -0.762379,     0.001585,
  1620.650,    -0.239694,    -0.799293,     0.000804,
  1620.700,    -0.249399,    -0.826538,    -0.003804,
  1620.750,    -0.231500,    -0.825007,    -0.001243,
  1620.800,    -0.241957,    -0.836559,    -0.001965,
  1620.850,    -0.257968,    -0.864981,    -0.001794,
  1620.900,    -0.258935,    -0.872562,     0.001843,
  1620.950,    -0.253050,    -0.863349,     0.004893,
  1621.000,    -0.236574,    -0.892779,     0.000761,
  1621.050,    -0.227720,    -0.900679,     0.001100,
  1621.100,    -0.221657,    -0.903279,     0.002865,
  1621.150,    -0.221920,    -0.929399,    -0.000107,
  1621.200,    -0.241831,    -0.946151,    -0.002715,
  1621.250,    -0.227502,    -0.973433,     0.002403,
  1621.300,    -0.224907,    -1.002156,     0.003324,
  1621.350,    -0.232526,    -1.031033,     0.000786,
  1621.400,    -0.238651,    -1.055723,     0.004922,
  1621.450,    -0.216847,    -1.082439,     0.005463,
  1621.500,    -0.211264,    -1.040745,     0.000062,
  1621.550,    -0.215055,    -1.007067,    -0.001689,
  1621.600,    -0.217243,    -0.969472,     0.000139,
  1621.650,    -0.215368,    -0.923275,     0.000710,
  1621.700,    -0.199225,    -0.868363,    -0.001361,
  1621.750,    -0.188209,    -0.839668,    -0.003028,
  1621.800,    -0.189293,    -0.839075,    -0.001443,
  1621.850,    -0.195992,    -0.835832,    -0.001513,
  1621.900,    -0.161107,    -0.868083,    -0.003178,
  1621.950,    -0.165326,    -0.905803,    -0.005350,
  1622.000,    -0.148938,    -0.925178,    -0.007729,
  1622.050,    -0.125009,    -0.925425,    -0.002941,
  1622.100,    -0.103213,    -0.933014,    -0.003971,
  1622.150,    -0.061715,    -0.943333,    -0.008991,
  1622.200,    -0.030417,    -0.946160,    -0.009499,
  1622.250,    -0.010973,    -0.947706,    -0.004239,
  1622.300,    -0.003139,    -0.936598,     0.001980,
  1622.350,    -0.000176,    -0.911204,    -0.002955,
  1622.400,    -0.040646,    -0.902913,    -0.007464,
  1622.450,    -0.103829,    -0.885350,    -0.010590,
  1622.500,    -0.231509,    -0.852988,    -0.004698,
  1622.550,    -0.407795,    -0.809969,    -0.006464,
  1622.600,    -0.627058,    -0.785377,    -0.008308,
  1622.650,    -0.884007,    -0.742969,    -0.006861,
  1622.700,    -1.131019,    -0.686576,    -0.004546,
  1622.750,    -1.316151,    -0.613374,    -0.003646,
  1622.800,    -1.384897,    -0.510101,    -0.004919,
  1622.850,    -1.344973,    -0.403846,    -0.001642,
  1622.900,    -1.160593,    -0.275957,    -0.000758,
  1622.950,    -0.911087,    -0.136301,    -0.002934,
  1623.000,    -0.644348,    -0.013895,    -0.001916,
  1623.050,    -0.377150,     0.097326,     0.001175,
  1623.100,    -0.171886,     0.115637,     0.001739,
  1623.150,    -0.019668,     0.008123,     0.003542,
  1623.200,     0.068912,    -0.326249,     0.000112,
  1623.250,     0.103136,    -1.001347,     0.001615,
  1623.300,     0.100824,    -2.122518,     0.004827,
  1623.350,     0.042264,    -3.843026,     0.004179,
  1623.400,    -0.017000,    -6.190226,     0.002625,
  1623.450,    -0.074289,    -9.079033,     0.003309,
  1623.500,    -0.130166,   -12.222148,     0.000497,
  1623.550,    -0.194041,   -15.132563,    -0.004564,
  1623.600,    -0.222557,   -17.125555,    -0.005469,
  1623.650,    -0.258713,   -17.493563,    -0.002617,
  1623.700,    -0.286880,   -15.827166,     0.003853,
  1623.750,    -0.276874,   -12.123533,     0.001771,
  1623.800,    -0.286790,    -6.997025,     0.001456,
  1623.850,    -0.292181,    -1.427215,     0.005119,
  1623.900,    -0.281367,     3.484423,     0.005729,
  1623.950,    -0.308279,     6.934489,     0.003134,
  1624.000,    -0.339084,     8.513791,    -0.000546,
  1624.050,    -0.349638,     8.337132,    -0.001802,
  1624.100,    -0.364773,     6.748450,    -0.003477,
  1624.150,    -0.398112,     4.178412,    -0.006120,
  1624.200,    -0.382109,     1.205607,    -0.009984,
  1624.250,    -0.389026,    -1.618595,    -0.007198,
  1624.300,    -0.387241,    -3.847212,    -0.003684,
  1624.350,    -0.372193,    -5.274983,     0.000267,
  1624.400,    -0.378240,    -5.999073,    -0.004000,
  1624.450,    -0.356940,    -6.210488,    -0.004146,
  1624.500,    -0.343483,    -6.037645,    -0.005479,
  1624.550,    -0.343273,    -5.448199,    -0.003673,
  1624.600,    -0.356243,    -4.513717,     0.000060,
  1624.650,    -0.357693,    -3.507028,    -0.006957,
  1624.700,    -0.366132,    -2.713990,    -0.005132,
  1624.750,    -0.383959,    -2.169706,    -0.002144,
  1624.800,    -0.380791,    -1.805950,    -0.005125,
  1624.850,    -0.389813,    -1.469886,    -0.005099,
  1624.900,    -0.389831,    -1.140785,    -0.000172,
  1624.950,    -0.390226,    -0.812284,    -0.000934,
  1625.000,    -0.382997,    -0.407357,    -0.003872,
  1625.050,    -0.397030,     0.132472,    -0.001732,
  1625.100,    -0.404568,     0.838794,    -0.001727,
  1625.150,    -0.408724,     1.727241,    -0.002789,
  1625.200,    -0.412610,     2.765705,    -0.004032,
  1625.250,    -0.429023,     3.889177,    -0.004430,
  1625.300,    -0.449861,     5.077292,    -0.002425,
  1625.350,    -0.469758,     6.273234,    -0.005791,
  1625.400,    -0.465742,     7.478472,    -0.003925,
  1625.450,    -0.475882,     8.746009,    -0.002931,
  1625.500,    -0.487595,    10.060120,    -0.000394,
  1625.550,    -0.456913,    11.467869,    -0.003583,
  1625.600,    -0.425333,    13.071246,    -0.003164,
  1625.650,    -0.397654,    14.898890,    -0.001921,
  1625.700,    -0.339348,    17.010325,     0.001172,
  1625.750,    -0.301479,    19.501218,     0.007086,
  1625.800,    -0.308806,    22.428147,     0.005821,
  1625.850,    -0.323840,    25.822997,     0.000768,
  1625.900,    -0.345062,    29.700968,    -0.000242,
  1625.950,    -0.372977,    34.164119,    -0.003015,
  1626.000,    -0.383736,    39.328189,     0.000835,
  1626.050,    -0.402391,    45.320874,    -0.001165,
  1626.100,    -0.423550,    52.213222,     0.001394,
  1626.150,    -0.422492,    60.173804,    -0.003918,
  1626.200,    -0.424421,    69.234329,    -0.004160,
  1626.250,    -0.422329,    79.317423,     0.004873,
  1626.300,    -0.404663,    90.147328,    -0.003304,
  1626.350,    -0.388667,   101.149397,    -0.007536,
  1626.400,    -0.362118,   111.240914,    -0.007069,
  1626.450,    -0.356346,   118.577158,    -0.005142,
  1626.500,    -0.322859,   120.330037,    -0.005768,
  1626.550,    -0.307715,   112.301036,    -0.003050,
  1626.600,    -0.297749,    88.936240,    -0.003613,
  1626.650,    -0.281170,    43.654300,    -0.005789,
  1626.700,    -0.261023,   -30.080523,    -0.006773,
  1626.750,    -0.218132,  -136.599317,    -0.006296,
  1626.800,    -0.179906,  -275.383844,    -0.007757,
  1626.850,    -0.113927,  -438.202199,    -0.002881,
  1626.900,    -0.061191,  -607.466873,    -0.009710,
  1626.950,     0.035596,  -756.832510,    -0.004365,
  1627.000,     0.127562,  -853.304042,    -0.003554,
  1627.050,     0.185009,  -863.652525,    -0.016687,
  1627.100,     0.229564,  -767.964910,    -0.013670,
  1627.150,     0.197581,  -573.556554,    -0.003225,
  1627.200,     0.046979,  -314.836492,     0.001229,
  1627.250,    -0.217911,   -38.717001,     0.001871,
  1627.300,    -0.717812,   213.204124,    -0.001411,
  1627.350,    -1.542285,   414.370761,    -0.000612,
  1627.400,    -2.717798,   551.418659,    -0.004681,
  1627.450,    -4.246901,   618.154752,    -0.000672,
  1627.500,    -6.009073,   615.650001,     0.005782,
  1627.550,    -7.775094,   555.920794,     0.003955,
  1627.600,    -9.178374,   461.606808,    -0.000499,
  1627.650,    -9.770697,   358.092630,    -0.001046,
  1627.700,    -9.185736,   262.795631,     0.003637,
  1627.750,    -7.282237,   181.288099,     0.002169,
  1627.800,    -4.311876,   113.143369,     0.000751,
  1627.850,    -0.801275,    59.884677,     0.002493,
  1627.900,     2.560772,    26.164406,     0.002892,
  1627.950,     5.093923,    13.388737,     0.002256,
  1628.000,     6.397539,    14.807836,     0.002695,
  1628.050,     6.498409,    19.605023,    -0.002369,
  1628.100,     5.602114,    20.976186,    -0.002588,
  1628.150,     3.980614,    18.573325,     0.003195,
  1628.200,     1.966692,    13.737354,    -0.001691,
  1628.250,    -0.070239,     6.294082,     0.003578,
  1628.300,    -1.734750,    -3.942722,     0.007215,
  1628.350,    -2.845616,   -15.291041,     0.002026,
  1628.400,    -3.391407,   -25.115936,     0.000987,
  1628.450,    -3.531809,   -31.509963,    -0.003036,
  1628.500,    -3.396297,   -33.304194,    -0.003620,
  1628.550,    -3.011127,   -29.992888,    -0.000063,
  1628.600,    -2.410113,   -22.742302,    -0.005795,
  1628.650,    -1.693526,   -14.414926,    -0.005668,
  1628.700,    -1.036294,    -7.483234,    -0.003689,
  1628.750,    -0.579578,    -2.984859,    -0.005557,
  1628.800,    -0.330384,    -1.164252,    -0.005563,
  1628.850,    -0.156721,    -2.118112,    -0.003902,
  1628.900,     0.018064,    -5.174189,    -0.003243,
  1628.950,     0.173988,    -9.286403,     0.002313,
  1629.000,     0.356176,   -13.634145,    -0.002561,
  1629.050,     0.580954,   -17.083424,    -0.002106,
  1629.100,     0.897132,   -18.429742,    -0.002887,
  1629.150,     1.315300,   -17.405915,    -0.003067,
  1629.200,     1.845157,   -14.983355,    -0.005326,
  1629.250,     2.448606,   -11.998510,    -0.004579,
  1629.300,     3.053499,    -8.593464,    -0.004790,
  1629.350,     3.669799,    -5.354663,    -0.005668,
  1629.400,     4.246308,    -3.324842,    -0.001579,
  1629.450,     4.865165,    -2.418323,    -0.005030,
  1629.500,     5.484758,    -1.744800,    -0.002758,
  1629.550,     6.119757,    -1.435813,    -0.001199,
  1629.600,     6.846368,    -2.146204,    -0.002326,
  1629.650,     7.672438,    -3.579164,    -0.001019,
  1629.700,     8.641893,    -5.007354,    -0.003367,
  1629.750,     9.775897,    -6.289650,    -0.007740,
  1629.800,    11.165785,    -7.321848,    -0.010299,
  1629.850,    12.745977,    -7.916487,    -0.006941,
  1629.900,    14.583487,    -8.401538,    -0.007793,
  1629.950,    16.722433,    -9.063405,    -0.010697,
  1630.000,    19.178115,    -9.528301,    -0.009002,
  1630.050,    22.040609,    -9.995554,    -0.004588,
  1630.100,    25.378847,   -11.552468,    -0.004488,
  1630.150,    29.273007,   -14.581446,    -0.001878,
  1630.200,    33.760523,   -18.110098,     0.001322,
  1630.250,    38.838662,   -21.159664,    -0.001674,
  1630.300,    44.438110,   -23.552278,    -0.003981,
  1630.350,    50.305157,   -25.200944,     0.000622,
  1630.400,    55.998128,   -25.526302,    -0.004825,
  1630.450,    60.716357,   -23.619052,    -0.007733,
  1630.500,    63.143413,   -18.819349,    -0.005275,
  1630.550,    61.316444,   -11.499617,     0.007173,
  1630.600,    52.482090,    -3.149112,     0.007989,
  1630.650,    33.108754,     4.452853,     0.011931,
  1630.700,    -0.764986,    10.046533,     0.020795,
  1630.750,   -52.612342,    13.060233,     0.023783,
  1630.800,  -124.001407,    13.620158,     0.019515,
  1630.850,  -212.710591,    12.157680,     0.025099,
  1630.900,  -310.920827,     9.274574,     0.027323,
  1630.950,  -404.319401,     5.856123,     0.021037,
  1631.000,  -473.306452,     2.993944,     0.015627,
  1631.050,  -496.793202,     1.406954,     0.008384,
  1631.100,  -459.145855,     1.309775,     0.005937,
  1631.150,  -358.052315,     2.395546,     0.009985,
  1631.200,  -208.325345,     3.763499,     0.014489,
  1631.250,   -36.860600,     4.322650,     0.015486,
  1631.300,   127.480621,     3.926636,     0.008277,
  1631.350,   262.689615,     3.166550,    -0.000768,
  1631.400,   355.965097,     2.265575,    -0.006652,
  1631.450,   402.193959,     1.160862,    -0.007841,
  1631.500,   402.365911,     0.170592,    -0.012168,
  1631.550,   363.243790,    -0.376537,    -0.012865,
  1631.600,   297.618986,    -0.448203,    -0.018791,
  1631.650,   221.949781,    -0.184167,    -0.018384,
  1631.700,   150.751686,     0.207198,    -0.016794,
  1631.750,    91.395650,     0.439720,    -0.017289,
  1631.800,    44.190834,     0.576219,    -0.017196,
  1631.850,     7.754797,     0.828175,    -0.017420,
  1631.900,   -16.644091,     1.151283,    -0.012338,
  1631.950,   -26.802806,     1.302174,    -0.015652,
  1632.000,   -24.360606,     1.393799,    -0.013858,
  1632.050,   -16.119668,     1.363982,    -0.009024,
  1632.100,    -9.118730,     0.892051,    -0.010283,
  1632.150,    -5.955227,    -0.002850,    -0.010933,
  1632.200,    -5.642081,    -0.749953,    -0.003066,
  1632.250,    -7.181651,    -0.775002,    -0.005787,
  1632.300,   -10.710147,    -0.086435,    -0.010128,
  1632.350,   -15.898151,     0.719788,    -0.009201,
  1632.400,   -21.068824,     0.976297,    -0.006589,
  1632.450,   -24.593908,     0.479779,    -0.006101,
  1632.500,   -25.690482,    -0.447088,    -0.005090,
  1632.550,   -23.773867,    -1.509570,    -0.003277,
  1632.600,   -19.041060,    -2.620741,    -0.006570,
  1632.650,   -12.865403,    -3.634282,    -0.002224,
  1632.700,    -7.263491,    -4.182021,     0.002547,
  1632.750,    -3.338666,    -3.906807,     0.000965,
  1632.800,    -1.266274,    -2.793900,     0.002546,
  1632.850,    -0.976301,    -1.227206,     0.002551,
  1632.900,    -2.302043,     0.409447,     0.004231,
  1632.950,    -4.505616,     1.757836,     0.003677,
  1633.000,    -6.908605,     2.638111,     0.001264,
  1633.050,    -9.025649,     3.037544,     0.002674,
  1633.100,   -10.178858,     2.807701,     0.005844,
  1633.150,    -9.846799,     1.846147,     0.006291,
  1633.200,    -8.343187,     0.418482,     0.004817,
  1633.250,    -6.473893,    -0.781082,     0.000935,
  1633.300,    -4.504772,    -1.114038,     0.000485,
  1633.350,    -2.462177,    -0.548134,     0.002333,
  1633.400,    -0.941907,     0.372960,     0.003841,
  1633.450,    -0.360582,     1.093779,     0.003606,
  1633.500,    -0.222397,     1.532629,    -0.000959,
  1633.550,    -0.054726,     1.931117,    -0.002407,
  1633.600,    -0.193580,     2.205702,    -0.001300,
  1633.650,    -1.005429,     2.028786,     0.000121,
  1633.700,    -2.011531,     1.294591,     0.000794,
  1633.750,    -2.817921,     0.509281,    -0.005606,
  1633.800,    -3.482260,     0.259539,    -0.008092,
  1633.850,    -3.913076,     0.637703,    -0.003883,
  1633.900,    -4.092797,     1.288410,    -0.003793,
  1633.950,    -4.292883,     1.735328,    -0.010532,
  1634.000,    -4.588575,     2.004661,    -0.009778,
  1634.050,    -4.744359,     2.524687,    -0.009848,
  1634.100,    -5.055981,     3.538086,    -0.011102,
  1634.150,    -6.256576,     4.817174,    -0.009186,
  1634.200,    -8.215816,     5.771806,    -0.003835,
  1634.250,   -10.240750,     5.894634,    -0.001396,
  1634.300,   -11.839388,     5.019867,    -0.004008,
  1634.350,   -12.985788,     3.374413,    -0.003476,
  1634.400,   -13.583024,     1.468931,    -0.009344,
  1634.450,   -13.103009,    -0.234864,    -0.002348,
  1634.500,   -11.075544,    -1.331142,     0.001983,
  1634.550,    -7.382588,    -1.620024,    -0.005365,
  1634.600,    -2.582442,    -1.193751,     0.000166,
  1634.650,     2.305574,    -0.221375,     0.006140,
  1634.700,     6.363931,     0.944310,    -0.002422,
  1634.750,     8.956606,     1.802740,    -0.001662,
  1634.800,     9.895143,     2.103127,     0.003579,
  1634.850,     9.325186,     1.980898,     0.002494,
  1634.900,     7.666485,     1.834150,     0.000200,
  1634.950,     5.327308,     1.554471,     0.001984,
  1635.000,     2.955429,     0.849765,     0.002335,
  1635.050,     1.208331,    -0.364628,     0.008330,
  1635.100,     0.367568,    -1.647068,     0.002163,
  1635.150,     0.420240,    -2.463542,    -0.000853,
  1635.200,     1.080320,    -2.393592,     0.001272,
  1635.250,     1.635623,    -1.539666,     0.001726,
  1635.300,     1.640889,    -0.367061,     0.001924,
  1635.350,     1.241181,     0.786164,    -0.001621,
  1635.400,     0.823598,     1.800347,    -0.001859,
  1635.450,     0.388249,     2.567745,     0.003034,
  1635.500,    -0.130788,     2.857418,     0.000464,
  1635.550,    -0.465220,     2.729597,    -0.004874,
  1635.600,    -0.535007,     2.507415,    -0.006205,
  1635.650,    -0.405504,     2.725166,    -0.002643,
  1635.700,    -0.192213,     3.536522,    -0.004525,
  1635.750,    -0.012920,     4.719953,    -0.004105,
  1635.800,     0.045350,     5.978758,    -0.000208,
  1635.850,     0.100074,     7.139484,     0.002272,
  1635.900,     0.228668,     8.018270,    -0.005719,
  1635.950,     0.341978,     8.408722,    -0.005028,
  1636.000,     0.395301,     8.099335,    -0.009461,
  1636.050,     0.443171,     6.992960,    -0.001798,
  1636.100,     0.350997,     5.083596,     0.000969,
  1636.150,    -0.079030,     2.715300,    -0.005487,
  1636.200,    -0.661384,     0.553834,    -0.005018,
  1636.250,    -0.971586,    -0.974464,    -0.002746,
  1636.300,    -0.777841,    -1.866223,    -0.006247,
  1636.350,    -0.276177,    -2.360050,     0.001144,
  1636.400,     0.106680,    -2.625182,    -0.000428,
  1636.450,     0.074041,    -2.683920,    -0.004299,
  1636.500,    -0.339837,    -2.569406,    -0.004631,
  1636.550,    -0.822502,    -2.462354,    -0.005818,
  1636.600,    -1.365976,    -2.381856,    -0.003129,
  1636.650,    -1.899428,    -2.249739,    -0.003608,
  1636.700,    -2.274327,    -1.943175,     0.000030,
  1636.750,    -2.297861,    -1.563875,     0.004193,
  1636.800,    -1.837137,    -1.173989,     0.002043,
  1636.850,    -0.962314,    -0.740138,     0.000585,
  1636.900,     0.025253,    -0.124872,    -0.002657,
  1636.950,     0.896755,     0.609759,    -0.004633,
  1637.000,     1.544597,     1.406203,    -0.004304,
  1637.050,     1.849243,     2.317221,    -0.007253,
  1637.100,     1.814438,     3.254949,    -0.005238,
  1637.150,     1.373091,     4.003688,     0.000568,
  1637.200,     0.521328,     4.135708,     0.000468,
  1637.250,    -0.394253,     3.405202,    -0.001642,
  1637.300,    -0.932901,     1.985505,    -0.000027,
  1637.350,    -0.852562,     0.434592,     0.003576,
  1637.400,    -0.356359,    -0.822254,     0.000727,
  1637.450,     0.187628,    -1.575648,     0.000247,
  1637.500,     0.548488,    -1.729813,    -0.001941,
  1637.550,     0.745404,    -1.255113,     0.002096,
  1637.600,     0.983041,    -0.338612,     0.001523,
  1637.650,     1.098911,     0.763632,     0.000091,
  1637.700,     0.842257,     1.740224,    -0.004080,
  1637.750,     0.352481,     2.460679,    -0.003795,
  1637.800,     0.029397,     2.958997,    -0.001132,
  1637.850,     0.073304,     3.299934,     0.002269,
  1637.900,     0.371399,     3.385711,     0.002087,
  1637.950,     0.710935,     3.162409,    -0.005505,
  1638.000,     0.878299,     2.824086,    -0.003927,
  1638.050,     0.981810,     2.523193,     0.002555,
  1638.100,     1.333733,     2.167881,    -0.002895,
  1638.150,     1.977705,     1.673464,     0.004788,
  1638.200,     2.655258,     1.097867,    -0.001529,
  1638.250,     2.973965,     0.595649,    -0.001840,
  1638.300,     2.739752,     0.267708,    -0.002618,
  1638.350,     1.949320,     0.215812,    -0.000835,
  1638.400,     0.870046,     0.300757,    -0.003597,
  1638.450,    -0.232304,     0.210374,    -0.003192,
  1638.500,    -1.030037,    -0.234144,    -0.004175,
  1638.550,    -1.371932,    -0.859218,    -0.008851,
  1638.600,    -1.229681,    -1.345800,    -0.006803,
  1638.650,    -0.726252,    -1.384178,    -0.006227,
  1638.700,    -0.013324,    -1.020408,    -0.006219,
  1638.750,     0.650946,    -0.342018,    -0.004763,
  1638.800,     1.021222,     0.725234,    -0.006094,
  1638.850,     1.028831,     2.078701,    -0.005087,
  1638.900,     0.875418,     3.398893,    -0.006838,
  1638.950,     0.693681,     4.392974,    -0.005354,
  1639.000,     0.370769,     4.958612,    -0.005451,
  1639.050,    -0.268810,     5.103479,    -0.008474,
  1639.100,    -1.169638,     4.824185,    -0.010523,
  1639.150,    -2.072742,     3.945542,    -0.004692,
  1639.200,    -2.572415,     2.410317,    -0.008185,
  1639.250,    -2.589869,     0.343592,    -0.006249,
  1639.300,    -2.230140,    -1.854028,    -0.001694,
  1639.350,    -1.758559,    -3.661547,    -0.000966,
  1639.400,    -1.200609,    -4.850082,    -0.000255,
  1639.450,    -0.476598,    -5.255514,    -0.002420,
  1639.500,     0.315918,    -4.758078,     0.006083,
  1639.550,     1.116119,    -3.317165,     0.005408,
  1639.600,     1.842171,    -1.240698,     0.006991,
  1639.650,     2.562058,     1.045305,     0.008652,
  1639.700,     3.375880,     2.943423,     0.006128,
  1639.750,     4.202046,     4.244858,     0.003061,
  1639.800,     4.792233,     5.100088,     0.000470,
  1639.850,     5.045995,     5.546860,    -0.001151,
  1639.900,     5.018390,     5.334418,     0.000141,
  1639.950,     4.697099,     4.304736,     0.002851,
  1640.000,     4.041373,     2.511987,     0.001529,
  1640.050,     3.060312,     0.352506,    -0.002799,
  1640.100,     1.748444,    -1.575325,    -0.003428,
  1640.150,     0.232739,    -2.746470,    -0.002301,
  1640.200,    -1.169605,    -3.031769,    -0.003298,
  1640.250,    -2.137553,    -2.697153,    -0.009602,
  1640.300,    -2.553221,    -2.044046,    -0.005152,
  1640.350,    -2.552172,    -1.309203,    -0.004950,
  1640.400,    -2.329769,    -0.531349,    -0.008860,
  1640.450,    -2.002066,     0.062713,    -0.009048,
  1640.500,    -1.664866,     0.293488,    -0.006391,
  1640.550,    -1.392776,     0.269254,    -0.008323,
  1640.600,    -1.189076,     0.404838,    -0.012043,
  1640.650,    -1.034349,     1.032106,    -0.009792,
  1640.700,    -0.848673,     2.062719,    -0.005406,
  1640.750,    -0.605643,     3.106748,    -0.006528,
  1640.800,    -0.372047,     3.840306,    -0.014562,
  1640.850,    -0.099385,     4.170689,    -0.007367,
  1640.900,     0.266665,     4.128747,    -0.005052,
  1640.950,     0.716911,     3.825790,    -0.005853,
  1641.000,     1.262309,     3.105605,    -0.005733,
  1641.050,     1.832815,     1.919317,    -0.005160,
  1641.100,     2.466241,     0.499471,    -0.000986,
  1641.150,     3.046100,    -0.655401,    -0.001644,
  1641.200,     3.373730,    -1.180790,    -0.002396,
  1641.250,     3.237348,    -0.932680,    -0.002889,
  1641.300,     2.643295,     0.065962,    -0.001405,
  1641.350,     1.797625,     1.640657,     0.000900,
  1641.400,     1.065430,     3.587384,     0.002836,
  1641.450,     0.653125,     5.627009,     0.006216,
  1641.500,     0.598298,     7.283995,     0.001682,
  1641.550,     0.994856,     7.929273,    -0.000066,
  1641.600,     1.747515,     7.229707,     0.002292,
  1641.650,     2.718354,     5.437746,     0.003692,
  1641.700,     3.751583,     3.255428,    -0.000026,
  1641.750,     4.713819,     1.287893,     0.000258,
  1641.800,     5.551144,    -0.430065,     0.005356,
  1641.850,     6.360796,    -1.912394,     0.000376,
  1641.900,     7.148056,    -2.921142,    -0.000576,
  1641.950,     7.875379,    -3.164518,    -0.001075,
  1642.000,     8.572574,    -2.711609,     0.000468,
  1642.050,     9.318515,    -2.023525,     0.001827,
  1642.100,    10.145770,    -1.612473,    -0.002758,
  1642.150,    10.894537,    -1.626222,    -0.005116,
  1642.200,    11.360913,    -1.895577,    -0.002159,
  1642.250,    11.342243,    -2.231396,    -0.003339,
  1642.300,    10.542012,    -2.317654,    -0.003844,
  1642.350,     8.525869,    -1.902629,    -0.005224,
  1642.400,     4.571548,    -0.786280,    -0.002904,
  1642.450,    -2.209835,     1.129492,    -0.005971,
  1642.500,   -12.733700,     3.499094,    -0.006788,
  1642.550,   -27.339531,     5.749574,    -0.001455,
  1642.600,   -45.385754,     7.199591,    -0.005067,
  1642.650,   -64.959185,     7.364164,    -0.002932,
  1642.700,   -82.869296,     6.108811,    -0.008508,
  1642.750,   -94.852852,     3.760737,    -0.007724,
  1642.800,   -96.498314,     1.035424,    -0.006780,
  1642.850,   -84.520415,    -1.500944,    -0.002575,
  1642.900,   -58.645957,    -3.580921,    -0.006306,
  1642.950,   -22.272236,    -5.075783,    -0.009407,
  1643.000,    18.162862,    -5.654107,    -0.006808,
  1643.050,    55.374560,    -4.892246,    -0.007150,
  1643.100,    83.406043,    -2.572867,    -0.006336,
  1643.150,    98.934006,     0.931624,    -0.006873,
  1643.200,   101.500064,     4.734468,    -0.007548,
  1643.250,    92.617113,     7.863014,    -0.000400,
  1643.300,    75.069734,     9.581584,    -0.003457,
  1643.350,    52.655649,     9.571676,    -0.003616,
  1643.400,    29.598738,     7.899424,    -0.000734,
  1643.450,     9.767542,     4.949290,    -0.007938,
  1643.500,    -4.731142,     1.389123,    -0.002807,
  1643.550,   -13.879231,    -1.934049,    -0.001367,
  1643.600,   -18.824426,    -4.311451,    -0.002576,
  1643.650,   -20.335721,    -5.354010,     0.004873,
  1643.700,   -18.658159,    -5.268690,     0.003197,
  1643.750,   -14.326787,    -4.557273,    -0.003520,
  1643.800,    -8.928573,    -3.695180,    -0.000506,
  1643.850,    -4.388940,    -2.738433,     0.000011,
  1643.900,    -1.791066,    -1.598857,     0.001868,
  1643.950,    -1.017207,    -0.426964,     0.007495,
  1644.000,    -1.523694,     0.606600,     0.003492,
  1644.050,    -2.974909,     1.409146,     0.004824,
  1644.100,    -4.949995,     2.057791,     0.002555,
  1644.150,    -6.717676,     2.602047,    -0.009206,
  1644.200,    -7.600967,     3.052287,    -0.009274,
  1644.250,    -7.402782,     3.248419,    -0.005613,
  1644.300,    -6.266962,     3.271796,    -0.006380,
  1644.350,    -4.446485,     3.133470,    -0.009057,
  1644.400,    -2.246789,     2.880073,    -0.004001,
  1644.450,    -0.259228,     2.369453,    -0.006042,
  1644.500,     1.008620,     1.468208,    -0.005144,
  1644.550,     1.448707,     0.140516,    -0.005190,
  1644.600,     1.330977,    -1.456805,    -0.004594,
  1644.650,     0.992764,    -3.080571,    -0.003768,
  1644.700,     0.745533,    -4.479910,    -0.008039,
  1644.750,     0.630977,    -5.262017,    -0.008955,
  1644.800,     0.547570,    -5.094079,    -0.007793,
  1644.850,     0.466801,    -3.856473,    -0.005534,
  1644.900,     0.517492,    -1.698483,    -0.006931,
  1644.950,     0.785346,     0.847717,    -0.006287,
  1645.000,     1.007425,     3.351845,    -0.007194,
  1645.050,     0.910634,     5.478878,    -0.007311,
  1645.100,     0.568705,     6.879348,    -0.004295,
  1645.150,     0.135660,     7.193092,    -0.003685,
  1645.200,    -0.276999,     6.209300,    -0.006261,
  1645.250,    -0.367589,     4.192611,    -0.002974,
  1645.300,    -0.040400,     1.729110,    -0.001247,
  1645.350,     0.620954,    -0.502945,    -0.002046,
  1645.400,     1.440890,    -2.066343,     0.000055,
  1645.450,     2.245427,    -2.800311,     0.001561,
  1645.500,     3.036844,    -2.672023,    -0.001223,
  1645.550,     3.486641,    -1.756019,    -0.006508,
  1645.600,     3.276921,    -0.414681,    -0.002457,
  1645.650,     2.380684,     0.885057,    -0.002020,
  1645.700,     1.089789,     1.681047,     0.000652,
  1645.750,    -0.212061,     1.914041,     0.004925,
  1645.800,    -1.224118,     1.801556,    -0.002264,
  1645.850,    -2.051849,     1.604196,    -0.004228,
  1645.900,    -2.891453,     1.597945,    -0.003152,
  1645.950,    -3.547335,     1.796716,     0.004608,
  1646.000,    -3.783223,     2.086455,     0.000471,
  1646.050,    -3.619843,     2.404416,    -0.001697,
  1646.100,    -3.359568,     2.883028,    -0.001216,
  1646.150,    -3.187587,     3.470125,    -0.002691,
  1646.200,    -3.047298,     3.800494,    -0.000743,
  1646.250,    -2.739428,     3.519708,    -0.002018,
  1646.300,    -2.046302,     2.324408,    -0.005375,
  1646.350,    -0.903261,     0.377733,    -0.010163,
  1646.400,     0.582471,    -1.639211,    -0.003360,
  1646.450,     2.273691,    -3.273408,    -0.002193,
  1646.500,     3.962697,    -4.368732,    -0.009630,
  1646.550,     5.295087,    -4.902630,    -0.005186,
  1646.600,     5.941578,    -4.539004,     0.001426,
  1646.650,     5.699809,    -2.895854,    -0.004640,
  1646.700,     4.523342,    -0.051166,    -0.002249,
  1646.750,     2.655705,     3.371334,    -0.003172,
  1646.800,     0.602952,     6.374152,    -0.006342,
  1646.850,    -1.130421,     8.159886,    -0.005311,
  1646.900,    -2.336568,     8.407146,    -0.003337,
  1646.950,    -3.008297,     7.260378,    -0.003783,
  1647.000,    -3.288115,     5.100806,    -0.001568,
  1647.050,    -3.069996,     2.369490,    -0.006932,
  1647.100,    -2.161988,    -0.467867,    -0.006512,
  1647.150,    -0.504688,    -2.881076,    -0.002849,
  1647.200,     1.588173,    -4.160517,    -0.004244,
  1647.250,     3.472557,    -4.009448,    -0.002917,
  1647.300,     4.700265,    -2.728079,    -0.003879,
  1647.350,     5.018953,    -0.931201,    -0.001428,
  1647.400,     4.404294,     0.907262,     0.001082,
  1647.450,     2.960511,     2.466837,    -0.000134,
  1647.500,     1.056492,     3.419829,    -0.003445,
  1647.550,    -0.964974,     3.613173,    -0.003130,
  1647.600,    -2.563020,     2.940241,    -0.001623,
  1647.650,    -3.363196,     1.733533,     0.000552,
  1647.700,    -3.383983,     0.600073,    -0.000494,
  1647.750,    -2.920955,     0.106117,    -0.000024,
  1647.800,    -2.263619,     0.398465,     0.000799,
  1647.850,    -1.668143,     1.138148,     0.000044,
  1647.900,    -1.100387,     1.833618,     0.007054,
  1647.950,    -0.550379,     2.254569,     0.005163,
  1648.000,    -0.008078,     2.366573,     0.000585,
  1648.050,     0.483333,     2.160168,     0.001647,
  1648.100,     0.928893,     1.678289,     0.004691,
  1648.150,     1.326084,     1.088022,    -0.000113,
  1648.200,     1.566835,     0.468325,     0.003356,
  1648.250,     1.582701,    -0.085080,     0.004300,
  1648.300,     1.440700,    -0.424321,    -0.001232,
  1648.350,     1.191798,    -0.445310,     0.001312,
  1648.400,     0.946666,    -0.052121,    -0.000967,
  1648.450,     0.648376,     0.676347,    -0.006066,
  1648.500,     0.253459,     1.592305,    -0.000216,
  1648.550,    -0.239504,     2.568017,    -0.006155,
  1648.600,    -0.870356,     3.345554,    -0.007322,
  1648.650,    -1.521282,     3.660376,    -0.006242,
  1648.700,    -2.089142,     3.156357,    -0.007928,
  1648.750,    -2.539830,     1.812877,    -0.007627,
  1648.800,    -2.585321,     0.100915,    -0.006732,
  1648.850,    -2.132477,    -1.311793,    -0.007658,
  1648.900,    -1.186883,    -1.930688,    -0.009343,
  1648.950,     0.041513,    -1.794235,    -0.007142,
  1649.000,     1.242827,    -1.199253,    -0.003655,
  1649.050,     2.348643,    -0.342031,    -0.007589,
  1649.100,     3.286179,     0.771827,    -0.006593,
  1649.150,     3.787551,     1.928787,    -0.002692,
  1649.200,     3.669299,     2.813558,    -0.004747,
  1649.250,     2.753364,     3.133130,    -0.003967,
  1649.300,     1.378164,     2.861016,     0.000077,
  1649.350,    -0.002797,     2.236333,    -0.001334,
  1649.400,    -1.055955,     1.521251,    -0.006011,
  1649.450,    -1.707331,     0.906289,    -0.001659,
  1649.500,    -1.873443,     0.542241,     0.002181,
  1649.550,    -1.533431,     0.529363,     0.006328,
  1649.600,    -0.778836,     0.919639,     0.005508,
  1649.650,     0.125050,     1.593277,     0.004070,
  1649.700,     0.872387,     2.286626,     0.003515,
  1649.750,     1.216819,     2.769640,     0.008830,
  1649.800,     1.207914,     2.829136,     0.004339,
  1649.850,     1.074818,     2.390700,     0.006173,
  1649.900,     1.083881,     1.623867,     0.007898,
  1649.950,     1.259375,     0.734181,     0.004319,
  1650.000,     1.430424,     0.053056,     0.006456,
  1650.050,     1.527548,    -0.300182,     0.002093,
  1650.100,     1.504705,    -0.330311,    -0.001656,
  1650.150,     1.453255,     0.160527,     0.000139,
  1650.200,     1.440654,     1.115636,    -0.002658,
  1650.250,     1.280876,     2.248310,    -0.001749,
  1650.300,     0.810819,     3.317872,     0.000331,
  1650.350,    -0.063644,     4.218050,    -0.008974,
  1650.400,    -1.109419,     4.802698,    -0.008320,
  1650.450,    -1.936643,     4.799560,    -0.008438,
  1650.500,    -2.421614,     3.937437,    -0.008567,
  1650.550,    -2.653055,     2.234988,    -0.002612,
  1650.600,    -2.631788,     0.093360,    -0.010210,
  1650.650,    -2.077885,    -1.962899,    -0.010042,
  1650.700,    -0.798680,    -3.475688,    -0.009231,
  1650.750,     1.004831,    -4.036231,    -0.015022,
  1650.800,     2.751039,    -3.473809,    -0.013470,
  1650.850,     3.877458,    -1.886582,    -0.008776,
  1650.900,     4.117501,     0.126319,    -0.007879,
  1650.950,     3.575453,     1.818449,    -0.004529,
  1651.000,     2.490529,     2.693813,    -0.006280,
  1651.050,     1.102869,     2.733047,    -0.000420,
  1651.100,    -0.367815,     2.152289,    -0.003658,
  1651.150,    -1.712443,     1.258361,    -0.000181,
  1651.200,    -2.595009,     0.158188,     0.002457,
  1651.250,    -2.618720,    -0.942973,     0.000141,
  1651.300,    -1.864052,    -1.804075,     0.002159,
  1651.350,    -0.694619,    -2.231281,     0.007724,
  1651.400,     0.589533,    -2.134919,     0.000021,
  1651.450,     1.716339,    -1.592647,     0.000108,
  1651.500,     2.585154,    -0.586536,     0.005112,
  1651.550,     2.994751,     0.569924,     0.005570,
  1651.600,     2.768089,     1.485851,     0.007542,
  1651.650,     2.052018,     1.863712,     0.002261,
  1651.700,     1.130631,     1.731539,     0.004431,
  1651.750,     0.396546,     1.275343,     0.004665,
  1651.800,     0.124634,     0.735871,     0.002861,
  1651.850,     0.173535,     0.323951,    -0.002927,
  1651.900,     0.334290,     0.344839,    -0.003015,
  1651.950,     0.382424,     0.881324,    -0.000603,
  1652.000,     0.329341,     1.640736,    -0.000966,
  1652.050,     0.238096,     2.277143,    -0.002241,
  1652.100,     0.114908,     2.580827,    -0.007821,
  1652.150,    -0.109222,     2.568938,    -0.006496,
  1652.200,    -0.328895,     2.170394,    -0.008671,
  1652.250,    -0.551588,     1.352140,    -0.008754,
  1652.300,    -0.706128,     0.204674,    -0.007330,
  1652.350,    -0.727770,    -0.882404,    -0.007001,
  1652.400,    -0.581116,    -1.414204,    -0.012667,
  1652.450,    -0.182035,    -1.075575,    -0.008542,
  1652.500,     0.358788,     0.051595,    -0.007193,
  1652.550,     0.955915,     1.459865,    -0.007878,
  1652.600,     1.522777,     2.605237,    -0.005654,
  1652.650,     1.931959,     3.283422,    -0.005757,
  1652.700,     1.945278,     3.466495,    -0.003436,
  1652.750,     1.493155,     3.142623,    -0.003332,
  1652.800,     0.644004,     2.283277,    -0.006897,
  1652.850,    -0.207002,     0.979266,    -0.003140,
  1652.900,    -0.697810,    -0.404800,     0.000891,
  1652.950,    -0.671546,    -1.550247,    -0.001571,
  1653.000,    -0.398969,    -2.182721,    -0.002181,
  1653.050,    -0.091923,    -2.153554,    -0.002437,
  1653.100,     0.280225,    -1.634214,    -0.001233,
  1653.150,     0.717310,    -0.797085,    -0.001069,
  1653.200,     1.254621,     0.248118,     0.002757,
  1653.250,     1.603139,     1.459119,     0.005090,
  1653.300,     1.642648,     2.663853,     0.005792,
  1653.350,     1.515675,     3.522087,     0.004607,
  1653.400,     1.280172,     3.822955,     0.003654,
  1653.450,     1.086918,     3.637938,     0.000845,
  1653.500,     0.996715,     3.161850,     0.006481,
  1653.550,     0.992524,     2.520111,     0.002000,
  1653.600,     1.241262,     1.814874,     0.000924,
  1653.650,     1.669152,     1.234400,     0.002503,
  1653.700,     2.177479,     0.964248,     0.000147,
  1653.750,     2.623421,     1.153447,    -0.005412,
  1653.800,     2.876339,     1.694563,    -0.005650,
  1653.850,     2.880506,     2.303654,    -0.004881,
  1653.900,     2.621697,     2.495366,    -0.005809,
  1653.950,     2.209834,     2.154924,    -0.005293,
  1654.000,     1.700603,     1.370564,    -0.011841,
  1654.050,     1.201070,     0.382061,    -0.005779,
  1654.100,     0.644216,    -0.531363,    -0.002703,
  1654.150,    -0.029976,    -1.062805,    -0.006779,
  1654.200,    -0.997931,    -1.035515,    -0.005942,
  1654.250,    -2.518309,    -0.385731,    -0.007183,
  1654.300,    -4.839511,     0.691815,    -0.003094,
  1654.350,    -7.933045,     1.933382,    -0.003579,
  1654.400,   -11.455691,     3.167818,    -0.001533,
  1654.450,   -14.735819,     4.040509,     0.000845,
  1654.500,   -17.039795,     4.375167,    -0.006836,
  1654.550,   -17.498409,     4.107046,    -0.006526,
  1654.600,   -15.250255,     3.441271,     0.002359,
  1654.650,   -10.044863,     2.591825,     0.000544,
  1654.700,    -2.318369,     1.536290,     0.002098,
  1654.750,     6.534095,     0.339489,     0.001302,
  1654.800,    14.823907,    -0.839023,     0.003912,
  1654.850,    21.073070,    -1.675263,    -0.001025,
  1654.900,    24.335341,    -1.996982,     0.000336,
  1654.950,    24.260194,    -1.820432,    -0.002068,
  1655.000,    21.080496,    -1.270407,     0.000890,
  1655.050,    15.580454,    -0.493290,     0.000965,
  1655.100,     8.919759,     0.607018,    -0.001168,
  1655.150,     2.319800,     1.841395,    -0.001524,
  1655.200,    -3.094644,     2.976855,     0.000436,
  1655.250,    -6.775369,     3.762788,    -0.005792,
  1655.300,    -8.740420,     4.141734,    -0.000695,
  1655.350,    -9.247808,     4.145293,    -0.008112,
  1655.400,    -8.616476,     3.864822,    -0.003195,
  1655.450,    -7.118628,     3.244388,    -0.004113,
  1655.500,    -4.894907,     2.195073,    -0.004324,
  1655.550,    -2.355357,     0.900733,    -0.000569,
  1655.600,    -0.189084,    -0.429988,    -0.005371,
  1655.650,     1.074694,    -1.408666,    -0.004244,
  1655.700,     1.343778,    -1.807847,    -0.006336,
  1655.750,     0.968428,    -1.769096,    -0.002843,
  1655.800,     0.215143,    -1.473016,     0.002716,
  1655.850,    -0.652864,    -1.085380,    -0.005376,
  1655.900,    -1.293616,    -0.577102,     0.001435,
  1655.950,    -1.386358,     0.080463,     0.004213,
  1656.000,    -0.919717,     0.942668,     0.006256,
  1656.050,    -0.187605,     1.876642,     0.000620,
  1656.100,     0.557971,     2.847501,     0.004923,
  1656.150,     1.161154,     3.721898,     0.001341,
  1656.200,     1.524821,     4.248206,     0.004039,
  1656.250,     1.446365,     4.202214,    -0.002326,
  1656.300,     0.929250,     3.353246,     0.000045,
  1656.350,     0.154929,     1.916903,    -0.003790,
  1656.400,    -0.527758,     0.319465,    -0.002144,
  1656.450,    -0.792616,    -1.015867,     0.002351,
  1656.500,    -0.405879,    -1.926385,     0.001412,
  1656.550,     0.348065,    -2.433142,    -0.001663,
  1656.600,     1.087055,    -2.618615,    -0.001744,
  1656.650,     1.606101,    -2.587156,    -0.002772,
  1656.700,     1.867726,    -2.401076,    -0.005292,
  1656.750,     1.842456,    -2.161640,    -0.005809,
  1656.800,     1.470419,    -1.677688,    -0.010991,
  1656.850,     0.766547,    -0.860168,    -0.010190,
  1656.900,    -0.141421,     0.249309,    -0.016202,
  1656.950,    -0.984160,     1.487038,    -0.010590,
  1657.000,    -1.510662,     2.530050,    -0.006851,
  1657.050,    -1.597419,     3.091155,    -0.003655,
  1657.100,    -1.203626,     3.094993,    -0.005653,
  1657.150,    -0.537476,     2.552871,    -0.003865,
  1657.200,     0.205645,     1.766720,     0.004423,
  1657.250,     0.995966,     0.884781,    -0.000046,
  1657.300,     1.810527,     0.133546,     0.000270,
  1657.350,     2.329421,    -0.366438,     0.001854,
  1657.400,     2.385386,    -0.600281,     0.001238,
  1657.450,     2.004166,    -0.555912,     0.001816,
  1657.500,     1.418568,    -0.281646,     0.006363,
  1657.550,     0.780078,     0.095342,     0.001506,
  1657.600,     0.219635,     0.421960,     0.002915,
  1657.650,    -0.293237,     0.527875,     0.003589,
  1657.700,    -0.665230,     0.364514,     0.008091,
  1657.750,    -0.741002,     0.217246,     0.000787,
  1657.800,    -0.420232,     0.330583,     0.000818,
  1657.850,     0.120211,     0.759865,    -0.001777,
  1657.900,     0.533922,     1.271932,    -0.003073,
  1657.950,     0.565421,     1.754661,    -0.006358,
  1658.000,     0.311669,     2.053071,    -0.001861,
  1658.050,    -0.080573,     2.051475,    -0.004859,
  1658.100,    -0.385908,     1.749968,    -0.004965,
  1658.150,    -0.479947,     1.257728,    -0.009044,
  1658.200,    -0.279850,     0.738166,    -0.004276,
  1658.250,     0.317777,     0.284834,    -0.005561,
  1658.300,     1.080049,    -0.112484,    -0.006789,
  1658.350,     1.840969,    -0.434638,    -0.006270,
  1658.400,     2.477816,    -0.599247,    -0.010058,
  1658.450,     2.741198,    -0.513607,    -0.010741,
  1658.500,     2.572903,    -0.238587,    -0.009093,
  1658.550,     2.000405,     0.133237,    -0.005920,
  1658.600,     1.224687,     0.732043,    -0.007729,
  1658.650,     0.508736,     1.685146,    -0.004535,
  1658.700,    -0.139331,     3.120261,    -0.003918,
  1658.750,    -0.763802,     4.878546,    -0.003385,
  1658.800,    -1.330962,     6.469332,    -0.005247,
  1658.850,    -1.628257,     7.482532,    -0.004167,
  1658.900,    -1.512507,     7.620730,     0.000746,
  1658.950,    -0.977624,     6.938656,    -0.000667,
  1659.000,    -0.225869,     5.741972,     0.005915,
  1659.050,     0.485621,     4.359323,     0.004016,
  1659.100,     1.093176,     2.981788,     0.007652,
  1659.150,     1.566910,     1.775527,     0.010067,
  1659.200,     1.859917,     0.980509,     0.004180,
  1659.250,     1.842982,     0.699717,     0.000840,
  1659.300,     1.613559,     0.885243,    -0.000932,
  1659.350,     1.247341,     1.351445,     0.006770,
  1659.400,     0.899399,     1.931611,    -0.001069,
  1659.450,     0.671511,     2.507167,     0.001350,
  1659.500,     0.396195,     3.134061,    -0.000753,
  1659.550,    -0.064815,     3.689834,     0.003621,
  1659.600,    -0.620190,     3.875714,    -0.003915,
  1659.650,    -1.097461,     3.622396,    -0.006402,
  1659.700,    -1.317667,     3.076737,    -0.008185,
  1659.750,    -1.203915,     2.395314,    -0.008205,
  1659.800,    -0.893331,     1.571273,    -0.008489,
  1659.850,    -0.572733,     0.503013,    -0.010219,
  1659.900,    -0.216577,    -0.738879,    -0.006066,
  1659.950,     0.163988,    -1.913048,    -0.010614,
  1660.000,     0.553126,    -2.798245,    -0.010635,
  1660.050,     0.965235,    -3.224781,    -0.010157,
  1660.100,     1.400027,    -3.221053,    -0.009859,
  1660.150,     1.814495,    -2.804620,    -0.004517,
  1660.200,     2.109281,    -2.148245,    -0.006884,
  1660.250,     2.114607,    -1.410656,     0.001956,
  1660.300,     1.725537,    -0.797256,    -0.000129,
  1660.350,     0.872859,    -0.388298,    -0.002251,
  1660.400,    -0.177230,    -0.171309,     0.000728,
  1660.450,    -1.141378,    -0.143347,     0.003668,
  1660.500,    -1.818465,    -0.234229,     0.003142,
  1660.550,    -2.123004,    -0.228577,     0.003147,
  1660.600,    -2.104480,     0.068801,     0.010019,
  1660.650,    -1.828568,     0.701912,     0.004653,
  1660.700,    -1.389353,     1.453997,     0.005513,
  1660.750,    -0.911344,     1.984452,     0.003255,
  1660.800,    -0.427347,     2.009002,     0.000060,
  1660.850,     0.112266,     1.682645,     0.006527,
  1660.900,     0.754433,     1.189318,     0.009070,
  1660.950,     1.378687,     0.793602,     0.002526,
  1661.000,     1.758222,     0.557561,     0.003874,
  1661.050,     1.834556,     0.544060,    -0.003788,
  1661.100,     1.536523,     0.916237,    -0.003763,
  1661.150,     1.022222,     1.670847,     0.000644,
  1661.200,     0.421141,     2.608497,    -0.006017,
  1661.250,    -0.113665,     3.331257,    -0.003669,
  1661.300,    -0.492486,     3.644647,    -0.004431,
  1661.350,    -0.638554,     3.527449,    -0.004692,
  1661.400,    -0.549808,     3.179844,    -0.008286,
  1661.450,    -0.360625,     2.787319,    -0.007386,
  1661.500,    -0.159508,     2.367567,    -0.004544,
  1661.550,     0.069957,     1.812792,    -0.009126,
  1661.600,     0.271411,     1.181724,    -0.006729,
  1661.650,     0.365673,     0.711117,    -0.008530,
  1661.700,     0.370436,     0.530947,    -0.012414,
  1661.750,     0.280458,     0.488361,    -0.007358,
  1661.800,     0.256843,     0.321276,    -0.006337,
  1661.850,     0.388051,    -0.099044,    -0.005531,
  1661.900,     0.625599,    -0.638216,     0.000682,
  1661.950,     0.916002,    -1.168492,     0.002631,
  1662.000,     1.117761,    -1.642323,    -0.000140,
  1662.050,     1.083795,    -2.128541,     0.005907,
  1662.100,     0.807802,    -2.609287,     0.003750,
  1662.150,     0.309755,    -2.854005,     0.001839,
  1662.200,    -0.185194,    -2.758244,     0.007620,
  1662.250,    -0.569319,    -2.142191,     0.002140,
  1662.300,    -0.781081,    -1.104436,     0.000886,
  1662.350,    -0.916115,     0.149055,     0.001338,
  1662.400,    -0.907533,     1.298726,     0.001781,
  1662.450,    -0.608156,     2.152069,     0.002277,
  1662.500,    -0.030373,     2.652522,     0.004455,
  1662.550,     0.619088,     2.712479,    -0.003945,
  1662.600,     1.174774,     2.335582,    -0.000141,
  1662.650,     1.617675,     1.505367,     0.001451,
  1662.700,     2.068379,     0.331977,    -0.005907,
  1662.750,     2.633842,    -0.850503,    -0.006426,
  1662.800,     3.212708,    -1.663087,    -0.001586,
  1662.850,     3.550335,    -1.851653,    -0.002502,
  1662.900,     3.455546,    -1.462013,    -0.008431,
  1662.950,     2.992109,    -0.657694,    -0.006729,
  1663.000,     2.313730,     0.470056,    -0.003308,
  1663.050,     1.684674,     1.611680,    -0.008638,
  1663.100,     1.175133,     2.417804,    -0.009354,
  1663.150,     0.796936,     2.618604,    -0.008401,
  1663.200,     0.536865,     2.236875,    -0.001869,
  1663.250,     0.479435,     1.566728,    -0.006414,
  1663.300,     0.573903,     0.909070,    -0.005348,
  1663.350,     0.765403,     0.335290,    -0.008810,
  1663.400,     0.922256,    -0.128584,    -0.006758,
  1663.450,     1.014421,    -0.489109,    -0.004490,
  1663.500,     1.131669,    -0.683536,     0.001196,
  1663.550,     1.356262,    -0.652590,     0.002213,
  1663.600,     1.618132,    -0.385626,     0.000076,
  1663.650,     1.627148,    -0.017839,    -0.004870,
  1663.700,     1.405791,     0.444444,     0.002207,
  1663.750,     0.980412,     0.892524,    -0.004947,
  1663.800,     0.533481,     1.193859,     0.000955,
  1663.850,     0.002865,     1.264822,    -0.000133,
  1663.900,    -0.660580,     1.118718,    -0.005470,
  1663.950,    -1.382428,     0.847465,     0.002389,
  1664.000,    -1.970702,     0.643507,     0.000830,
  1664.050,    -2.287773,     0.751317,     0.004205,
  1664.100,    -2.346912,     1.032894,     0.009306,
  1664.150,    -2.093198,     1.532328,    -0.004482,
  1664.200,    -1.589189,     2.102100,    -0.006858,
  1664.250,    -0.986203,     2.741598,    -0.000721,
  1664.300,    -0.427499,     3.404021,    -0.004333,
  1664.350,     0.003130,     3.894127,    -0.009184,
  1664.400,     0.259532,     4.234944,    -0.003652,
  1664.450,     0.366715,     4.445565,    -0.003768,
  1664.500,     0.218482,     4.695064,    -0.002128,
  1664.550,    -0.040969,     4.922722,    -0.003322,
  1664.600,    -0.251804,     5.032285,    -0.003647,
  1664.650,    -0.122712,     5.117767,    -0.002567,
  1664.700,     0.303535,     5.328032,    -0.004782,
  1664.750,     0.801904,     5.959065,    -0.001103,
  1664.800,     1.053251,     6.803674,    -0.004127,
  1664.850,     1.011250,     7.490072,    -0.000345,
  1664.900,     0.821683,     7.701104,    -0.003185,
  1664.950,     0.671625,     7.466733,     0.000658,
  1665.000,     0.540417,     7.052562,     0.001789,
  1665.050,     0.481241,     6.525639,    -0.002974,
  1665.100,     0.541853,     5.904659,    -0.002398,
  1665.150,     0.768309,     5.249139,     0.000501,
  1665.200,     1.222684,     4.756499,     0.000832,
  1665.250,     1.677036,     4.576828,     0.000660,
  1665.300,     1.940491,     4.564673,     0.004221,
  1665.350,     1.952169,     4.464241,    -0.001908,
  1665.400,     1.838708,     4.136214,    -0.004022,
  1665.450,     1.676715,     3.484737,     0.002531,
  1665.500,     1.523859,     2.536612,     0.001479,
  1665.550,     1.279219,     1.379757,    -0.000702,
  1665.600,     0.920890,     0.066283,    -0.004132,
  1665.650,     0.501378,    -1.190168,    -0.007075,
  1665.700,     0.172583,    -2.290469,    -0.003769,
  1665.750,     0.010152,    -3.057807,    -0.007728,
  1665.800,    -0.099126,    -3.343942,    -0.005085,
  1665.850,    -0.307283,    -3.233995,    -0.009778,
  1665.900,    -0.691077,    -2.801798,    -0.001163,
  1665.950,    -1.151514,    -2.240085,    -0.004377,
  1666.000,    -1.694248,    -1.840208,    -0.003690,
  1666.050,    -2.332796,    -1.816641,    -0.007969,
  1666.100,    -3.175043,    -2.159055,    -0.002743,
  1666.150,    -4.046278,    -2.810039,    -0.001128,
  1666.200,    -4.692825,    -3.625061,    -0.005716,
  1666.250,    -4.847315,    -4.496968,    -0.002620,
  1666.300,    -4.353481,    -5.200080,    -0.004570,
  1666.350,    -3.075353,    -5.598534,    -0.001554,
  1666.400,    -1.106643,    -5.491304,    -0.002219,
  1666.450,     1.261195,    -4.919563,    -0.002398,
  1666.500,     3.625627,    -4.049773,     0.000913,
  1666.550,     5.566906,    -3.068452,     0.001626,
  1666.600,     6.685824,    -2.156278,    -0.000293,
  1666.650,     6.775124,    -1.446474,    -0.001165,
  1666.700,     5.816645,    -1.194588,     0.001458,
  1666.750,     4.001341,    -1.559614,     0.003929,
  1666.800,     1.774698,    -2.610727,     0.002408,
  1666.850,    -0.283736,    -4.017934,    -0.004819,
  1666.900,    -1.822289,    -5.278189,    -0.006194,
  1666.950,    -2.666504,    -5.879807,    -0.002925,
  1667.000,    -2.822352,    -5.673035,    -0.000646,
  1667.050,    -2.352807,    -4.734952,    -0.002793,
  1667.100,    -1.584876,    -3.323569,    -0.001798,
  1667.150,    -0.872913,    -1.801270,    -0.004912,
  1667.200,    -0.389290,    -0.609589,    -0.002386,
  1667.250,    -0.085620,     0.036913,    -0.002631,
  1667.300,     0.159954,     0.033841,    -0.008361,
  1667.350,     0.371331,    -0.348014,    -0.004205,
  1667.400,     0.413467,    -0.789643,    -0.001992,
  1667.450,     0.240524,    -0.890134,    -0.001522,
  1667.500,    -0.081274,    -0.600818,    -0.003045,
  1667.550,    -0.348253,    -0.031359,    -0.008717,
  1667.600,    -0.500241,     0.591116,    -0.004640,
  1667.650,    -0.467059,     1.222721,    -0.002536,
  1667.700,    -0.261432,     1.755580,    -0.003398,
  1667.750,     0.102970,     2.199291,    -0.000871,
  1667.800,     0.529976,     2.543486,     0.000238,
  1667.850,     0.831291,     2.887557,    -0.002992,
  1667.900,     0.912165,     3.308350,    -0.005433,
  1667.950,     0.845642,     3.920214,    -0.001588,
  1668.000,     0.687319,     4.728247,     0.000533,
  1668.050,     0.484640,     5.719417,     0.002243,
  1668.100,     0.376994,     6.709065,     0.003123,
  1668.150,     0.410076,     7.467423,     0.002898,
  1668.200,     0.618621,     7.970446,     0.002160,
  1668.250,     1.030591,     8.313012,     0.009583,
  1668.300,     1.572883,     8.562235,     0.003771,
  1668.350,     2.081204,     8.631434,    -0.008702,
  1668.400,     2.425626,     8.193162,     0.002723,
  1668.450,     2.573700,     7.142518,    -0.004151,
  1668.500,     2.645207,     5.719724,    -0.008021,
  1668.550,     2.676003,     4.280513,    -0.005703,
  1668.600,     2.569843,     3.139489,    -0.001337,
  1668.650,     2.373530,     2.404705,    -0.002081,
  1668.700,     2.203694,     2.141270,     0.000417,
  1668.750,     2.272358,     2.421571,    -0.004145,
  1668.800,     2.687686,     3.134096,    -0.001639,
  1668.850,     3.260745,     4.018293,    -0.008481,
  1668.900,     3.687708,     4.675298,    -0.006329,
  1668.950,     3.789655,     4.926007,    -0.005195,
  1669.000,     3.676908,     4.776860,    -0.001931,
  1669.050,     3.508707,     4.290919,    -0.008329,
  1669.100,     3.217859,     3.477075,    -0.006656,
  1669.150,     2.821465,     2.435359,    -0.003469,
  1669.200,     2.310683,     1.399322,    -0.003626,
  1669.250,     1.909621,     0.704683,     0.003624,
  1669.300,     1.687285,     0.384288,    -0.000528,
  1669.350,     1.555826,     0.402077,    -0.004469,
  1669.400,     1.339135,     0.480567,    -0.002055,
  1669.450,     0.992743,     0.503144,    -0.001918,
  1669.500,     0.550652,     0.467499,    -0.000807,
  1669.550,     0.080932,     0.427364,    -0.003896,
  1669.600,    -0.460395,     0.342480,     0.001106,
  1669.650,    -1.032936,     0.136505,    -0.001527,
  1669.700,    -1.599542,    -0.118072,    -0.001559,
  1669.750,    -2.119241,    -0.314044,    -0.000591,
  1669.800,    -2.417740,    -0.345427,    -0.002329,
  1669.850,    -2.465665,    -0.283695,     0.001176,
  1669.900,    -2.221236,    -0.104249,     0.004316,
  1669.950,    -1.796239,     0.193024,    -0.001723,
  1670.000,    -1.314372,     0.620873,    -0.001919,
  1670.050,    -0.929986,     1.022045,    -0.004117,
  1670.100,    -0.808851,     1.255514,    -0.003142,
  1670.150,    -0.995893,     1.085880,    -0.003330,
  1670.200,    -1.336199,     0.484390,     0.000027,
  1670.250,    -1.852072,    -0.519557,    -0.004967,
  1670.300,    -2.475409,    -1.744034,    -0.010293,
  1670.350,    -2.980323,    -3.052837,    -0.007820,
  1670.400,    -3.213683,    -4.192625,    -0.002902,
  1670.450,    -3.100326,    -4.871893,    -0.010150,
  1670.500,    -2.731217,    -4.825682,    -0.000335,
  1670.550,    -2.279044,    -4.000582,     0.000889,
  1670.600,    -1.742325,    -2.658568,    -0.006098,
  1670.650,    -1.218781,    -1.071755,    -0.003168,
  1670.700,    -0.771231,     0.485978,    -0.001961,
  1670.750,    -0.582452,     1.894552,    -0.003276,
  1670.800,    -0.838470,     2.933516,    -0.003944,
  1670.850,    -1.432556,     3.411537,    -0.004077,
  1670.900,    -2.145151,     3.192661,    -0.001273,
  1670.950,    -2.645307,     2.448630,    -0.000823,
  1671.000,    -2.724515,     1.430026,     0.001976,
  1671.050,    -2.398371,     0.408478,    -0.003278,
  1671.100,    -1.732760,    -0.451436,    -0.000875,
  1671.150,    -0.931246,    -0.960817,    -0.000319,
  1671.200,    -0.183158,    -1.060193,    -0.001573,
  1671.250,     0.300805,    -0.663694,     0.002223,
  1671.300,     0.387029,     0.062822,    -0.001217,
  1671.350,     0.051792,     0.883004,     0.001620,
  1671.400,    -0.347198,     1.683465,     0.001062,
  1671.450,    -0.573668,     2.433776,    -0.003910,
  1671.500,    -0.478950,     3.137004,     0.000863,
  1671.550,    -0.116232,     3.789860,    -0.002855,
  1671.600,     0.381790,     4.497620,    -0.006421,
  1671.650,     0.843522,     5.222535,    -0.003470,
  1671.700,     1.239175,     5.901816,    -0.006947,
  1671.750,     1.604604,     6.195639,    -0.003246,
  1671.800,     1.903979,     5.981187,     0.000754,
  1671.850,     2.199024,     5.335014,    -0.003078,
  1671.900,     2.452696,     4.410735,    -0.005480,
  1671.950,     2.750684,     3.321650,    -0.000973,
  1672.000,     3.066367,     2.132569,    -0.004784,
  1672.050,     3.442279,     0.935982,    -0.003811,
  1672.100,     3.764481,    -0.097018,    -0.004704,
  1672.150,     3.953914,    -0.778452,    -0.001749,
  1672.200,     3.980185,    -1.038260,    -0.003436,
  1672.250,     3.964280,    -0.783239,    -0.001924,
  1672.300,     3.994292,     0.004783,    -0.004798,
  1672.350,     4.104265,     1.387401,    -0.003284,
  1672.400,     4.113051,     3.077046,    -0.002913,
  1672.450,     3.838266,     4.595813,    -0.002851,
  1672.500,     3.207215,     5.531017,    -0.008670,
  1672.550,     2.457369,     5.600975,    -0.007332,
  1672.600,     1.846584,     4.902975,    -0.005086,
  1672.650,     1.509731,     3.582044,    -0.004579,
  1672.700,     1.399148,     1.961807,    -0.006612,
  1672.750,     1.533003,     0.388899,    -0.002469,
  1672.800,     1.883546,    -0.792903,    -0.003386,
  1672.850,     2.315594,    -1.559035,    -0.002111,
  1672.900,     2.620639,    -1.835454,    -0.006090,
  1672.950,     2.691937,    -1.664866,     0.000118,
  1673.000,     2.531246,    -1.176190,     0.003637,
  1673.050,     2.188236,    -0.496011,     0.004877,
  1673.100,     1.737579,     0.210725,     0.002636,
  1673.150,     1.179327,     0.794993,    -0.003074,
  1673.200,     0.578454,     1.214705,    -0.000761,
  1673.250,     0.070989,     1.474065,     0.001494,
  1673.300,    -0.190671,     1.639771,     0.001249,
  1673.350,    -0.181444,     1.766697,    -0.005846,
  1673.400,    -0.078620,     1.904042,    -0.003069,
  1673.450,    -0.028152,     2.052326,    -0.000688,
  1673.500,    -0.078746,     2.186667,    -0.001528,
  1673.550,    -0.133375,     2.189667,    -0.003010,
  1673.600,    -0.199855,     2.027777,     0.001246,
  1673.650,    -0.259320,     1.665004,    -0.002022,
  1673.700,    -0.389248,     1.127236,    -0.002688,
  1673.750,    -0.532514,     0.401514,     0.001608,
  1673.800,    -0.694588,    -0.456556,    -0.003824,
  1673.850,    -0.832767,    -1.329903,    -0.001655,
  1673.900,    -0.999456,    -2.109243,    -0.002175,
  1673.950,    -1.115103,    -2.672158,    -0.005119,
  1674.000,    -1.110865,    -2.853025,     0.001874,
  1674.050,    -1.050016,    -2.533091,     0.003436,
  1674.100,    -1.011855,    -1.651755,    -0.003066,
  1674.150,    -1.096957,    -0.453523,    -0.000146,
  1674.200,    -1.357002,     0.815121,    -0.001560,
  1674.250,    -1.824109,     1.977493,    -0.009462,
  1674.300,    -2.423206,     2.902698,    -0.003015,
  1674.350,    -3.115228,     3.339133,    -0.004991,
  1674.400,    -3.780494,     3.147577,    -0.006759,
  1674.450,    -4.308641,     2.474950,     0.000276,
  1674.500,    -4.411354,     1.639727,    -0.004980,
  1674.550,    -4.034455,     0.968594,    -0.001691,
  1674.600,    -3.270063,     0.576112,    -0.003057,
  1674.650,    -2.395491,     0.331323,    -0.001322,
  1674.700,    -1.575747,     0.255601,     0.001106,
  1674.750,    -0.861626,     0.251998,    -0.000780,
  1674.800,    -0.269281,     0.431632,    -0.003446,
  1674.850,     0.081429,     0.652575,     0.004220,
  1674.900,     0.134048,     0.917843,     0.002573,
  1674.950,    -0.151211,     1.179706,     0.003043,
  1675.000,    -0.584086,     1.596654,    -0.000221,
  1675.050,    -1.052697,     2.116539,    -0.003233,
  1675.100,    -1.399161,     2.621316,    -0.003021,
  1675.150,    -1.592534,     2.884645,    -0.001922,
  1675.200,    -1.603256,     2.842668,    -0.003634,
  1675.250,    -1.362519,     2.499815,     0.000556,
  1675.300,    -0.857678,     1.903486,    -0.002615,
  1675.350,    -0.294079,     1.192339,    -0.007550,
  1675.400,     0.204019,     0.383384,    -0.003801,
  1675.450,     0.551589,    -0.486416,    -0.004075,
  1675.500,     0.778582,    -1.358856,    -0.004707,
  1675.550,     0.971279,    -2.050295,    -0.004880,
  1675.600,     1.152626,    -2.544545,    -0.001267,
  1675.650,     1.406437,    -2.818688,    -0.004652,
  1675.700,     1.772172,    -2.911071,    -0.006791,
  1675.750,     2.066661,    -2.789953,    -0.005488,
  1675.800,     2.300080,    -2.338151,    -0.003753,
  1675.850,     2.372313,    -1.632665,    -0.004129,
  1675.900,     2.411869,    -0.815731,    -0.004859,
  1675.950,     2.513512,    -0.039722,    -0.004080,
  1676.000,     2.644810,     0.452451,    -0.004978,
  1676.050,     2.726982,     0.631833,    -0.005543,
  1676.100,     2.845565,     0.429057,    -0.006113,
  1676.150,     3.012756,     0.003875,    -0.005175,
  1676.200,     3.304120,    -0.524078,     0.002903,
  1676.250,     3.694754,    -0.917231,    -0.001218,
  1676.300,     4.249546,    -1.026849,    -0.006960,
  1676.350,     4.959622,    -0.739511,     0.002193,
  1676.400,     5.869499,     0.061564,     0.000326,
  1676.450,     6.767527,     1.136488,    -0.001172,
  1676.500,     7.305208,     2.296843,     0.001529,
  1676.550,     7.200736,     3.266982,     0.002427,
  1676.600,     6.408403,     3.877250,    -0.000102,
  1676.650,     5.071969,     4.110587,     0.000308,
  1676.700,     3.458698,     4.057056,    -0.000793,
  1676.750,     1.768364,     3.970703,     0.000121,
  1676.800,     0.325854,     3.885809,    -0.000778,
  1676.850,    -0.819917,     3.751709,    -0.000430,
  1676.900,    -1.555558,     3.606453,    -0.002869,
  1676.950,    -1.902238,     3.419206,    -0.003918,
  1677.000,    -1.907517,     3.220927,    -0.001364,
  1677.050,    -1.679328,     2.897958,     0.001493,
  1677.100,    -1.389515,     2.428987,    -0.005154,
  1677.150,    -1.123994,     1.723588,    -0.004438,
  1677.200,    -0.848639,     0.860726,     0.004623,
  1677.250,    -0.653791,    -0.001927,    -0.004528,
  1677.300,    -0.444089,    -0.804428,    -0.008117,
  1677.350,    -0.275799,    -1.520904,    -0.002106,
  1677.400,    -0.142785,    -2.226664,    -0.005414,
  1677.450,     0.047310,    -2.926704,    -0.008726,
  1677.500,     0.260901,    -3.610735,    -0.005002,
  1677.550,     0.503299,    -4.025894,    -0.002752,
  1677.600,     0.602444,    -4.085726,     0.004566,
  1677.650,     0.504633,    -3.749417,    -0.001068,
  1677.700,     0.286654,    -3.089105,    -0.001204,
  1677.750,    -0.093558,    -2.255187,    -0.003036,
  1677.800,    -0.624123,    -1.326156,    -0.000496,
  1677.850,    -1.224540,    -0.414525,     0.001466,
  1677.900,    -1.849326,     0.452047,     0.004472,
  1677.950,    -2.361806,     1.215503,     0.002496,
  1678.000,    -2.603915,     1.867822,     0.000723,
  1678.050,    -2.453306,     2.447132,    -0.001008,
  1678.100,    -1.779981,     2.946269,    -0.001137,
  1678.150,    -0.754533,     3.329762,     0.002746,
  1678.200,     0.440627,     3.461490,     0.005715,
  1678.250,     1.586625,     3.286942,     0.000850,
  1678.300,     2.466696,     2.820437,    -0.004910,
  1678.350,     2.942132,     2.110837,     0.001130,
  1678.400,     2.821292,     1.350681,    -0.007040,
  1678.450,     2.102844,     0.545600,    -0.004374,
  1678.500,     1.005014,    -0.254601,    -0.007469,
  1678.550,    -0.133453,    -0.950069,    -0.004386,
  1678.600,    -1.018720,    -1.446930,    -0.001142,
  1678.650,    -1.562269,    -1.623106,    -0.001204,
  1678.700,    -1.805818,    -1.444168,     0.005235,
  1678.750,    -1.754880,    -1.059323,    -0.004883,
  1678.800,    -1.462646,    -0.542013,    -0.004624,
  1678.850,    -1.065176,    -0.018378,    -0.003165,
  1678.900,    -0.652905,     0.425745,    -0.003112,
  1678.950,    -0.345464,     0.790540,    -0.008343,
  1679.000,    -0.110356,     0.984693,    -0.003605,
  1679.050,     0.194648,     1.013227,    -0.000709,
  1679.100,     0.540298,     0.944345,    -0.004497,
  1679.150,     0.778269,     0.879909,    -0.002138,
  1679.200,     0.790770,     0.987428,     0.000700,
  1679.250,     0.589069,     1.153498,    -0.001191,
  1679.300,     0.289469,     1.336168,     0.000822,
  1679.350,    -0.052306,     1.444655,     0.002869,
  1679.400,    -0.393081,     1.384619,    -0.001770,
  1679.450,    -0.693600,     1.276190,    -0.000546,
  1679.500,    -0.954402,     1.151998,     0.005238,
  1679.550,    -1.184877,     1.036389,    -0.002424,
  1679.600,    -1.329302,     0.822260,    -0.000038,
  1679.650,    -1.399358,     0.489344,     0.000513,
  1679.700,    -1.413764,     0.111605,    -0.001463,
  1679.750,    -1.397487,    -0.136383,     0.003037,
  1679.800,    -1.247670,    -0.183329,     0.001541,
  1679.850,    -0.938742,     0.089244,    -0.003924,
  1679.900,    -0.484275,     0.565430,    -0.002828,
  1679.950,     0.019501,     1.250601,     0.000170,
  1680.000,     0.414859,     2.055370,     0.000033,
  1680.050,     0.645665,     2.926242,    -0.006844,
  1680.100,     0.672973,     3.609281,    -0.004868,
  1680.150,     0.493358,     3.957772,    -0.004230,
  1680.200,     0.171425,     3.925172,    -0.004456,
  1680.250,    -0.165675,     3.677354,    -0.002951,
  1680.300,    -0.385363,     3.490739,    -0.006431,
  1680.350,    -0.436154,     3.503816,    -0.004140,
  1680.400,    -0.193069,     3.660714,    -0.005056,
  1680.450,     0.309719,     3.784592,    -0.005648,
  1680.500,     0.934821,     3.824643,    -0.004565,
  1680.550,     1.642798,     3.731541,    -0.005970,
  1680.600,     2.238754,     3.510038,    -0.005350,
  1680.650,     2.525998,     2.993122,    -0.002260,
  1680.700,     2.550840,     2.112110,     0.001814,
  1680.750,     2.426030,     1.024903,    -0.002440,
  1680.800,     2.275295,    -0.076396,     0.001085,
  1680.850,     2.101305,    -0.928485,     0.002005,
  1680.900,     1.913759,    -1.375108,     0.001563,
  1680.950,     1.669237,    -1.509035,     0.002300,
  1681.000,     1.455801,    -1.330337,    -0.001564,
  1681.050,     1.260375,    -0.869043,    -0.002459,
  1681.100,     1.035591,    -0.272924,    -0.000408,
  1681.150,     0.672970,     0.316817,    -0.001986,
  1681.200,     0.155074,     0.762311,     0.003419,
  1681.250,    -0.415321,     1.087771,    -0.001833,
  1681.300,    -0.953814,     1.309974,    -0.001180,
  1681.350,    -1.444779,     1.551823,     0.000841,
  1681.400,    -1.912532,     1.865516,     0.003239,
  1681.450,    -2.328513,     2.190166,    -0.006096,
  1681.500,    -2.723370,     2.495474,    -0.005347,
  1681.550,    -3.015169,     2.731245,    -0.005868,
  1681.600,    -3.058976,     2.832177,    -0.001301,
  1681.650,    -2.818397,     2.826116,    -0.006048,
  1681.700,    -2.268008,     2.733490,    -0.005169,
  1681.750,    -1.576334,     2.577436,    -0.002723,
  1681.800,    -0.862938,     2.285596,    -0.004798,
  1681.850,    -0.230403,     1.884823,    -0.003983,
  1681.900,     0.274755,     1.385372,    -0.002688,
  1681.950,     0.664905,     0.872870,    -0.001142,
  1682.000,     0.924545,     0.476956,    -0.003347,
  1682.050,     1.096089,     0.241674,    -0.007510,
  1682.100,     1.229260,     0.182498,    -0.005426,
  1682.150,     1.369861,     0.282745,    -0.002634,
  1682.200,     1.479394,     0.487860,     0.003300,
  1682.250,     1.486530,     0.765049,    -0.001200,
  1682.300,     1.353541,     1.076061,     0.002996,
  1682.350,     1.051770,     1.345877,     0.000335,
  1682.400,     0.686426,     1.614656,    -0.001294,
  1682.450,     0.294847,     1.934996,    -0.002023,
  1682.500,    -0.120793,     2.317847,     0.003737,
  1682.550,    -0.620579,     2.571037,    -0.003441,
  1682.600,    -1.118728,     2.715450,     0.002391,
  1682.650,    -1.495931,     2.695597,     0.002110,
  1682.700,    -1.588485,     2.511846,    -0.001661,
  1682.750,    -1.390537,     2.259730,    -0.002957,
  1682.800,    -0.989531,     1.937984,    -0.003477,
  1682.850,    -0.468527,     1.593883,    -0.003130,
  1682.900,     0.048599,     1.197974,    -0.003688,
  1682.950,     0.502724,     0.856578,    -0.001954,
  1683.000,     0.806202,     0.591795,    -0.008170,
  1683.050,     0.890240,     0.388310,    -0.006298,
  1683.100,     0.775371,     0.239085,    -0.007406,
  1683.150,     0.564475,     0.154335,    -0.003925,
  1683.200,     0.481196,     0.169285,    -0.004923,
  1683.250,     0.528548,     0.348151,    -0.007167,
  1683.300,     0.688824,     0.705455,    -0.001857,
  1683.350,     0.865024,     1.189040,    -0.006867,
  1683.400,     0.955944,     1.704080,    -0.009974,
  1683.450,     0.948807,     2.117921,    -0.006439,
  1683.500,     0.908202,     2.352159,    -0.006250,
  1683.550,     0.860974,     2.378809,    -0.005148,
  1683.600,     0.797218,     2.300817,     0.000249,
  1683.650,     0.657850,     2.207273,    -0.005172,
  1683.700,     0.491347,     2.084502,    -0.003456,
  1683.750,     0.326616,     1.861927,     0.000880,
  1683.800,     0.268831,     1.496297,     0.005674,
  1683.850,     0.367224,     0.958744,    -0.001855,
  1683.900,     0.615107,     0.295860,     0.000244,
  1683.950,     0.923878,    -0.417423,     0.002102,
  1684.000,     1.281322,    -1.076099,    -0.002032,
  1684.050,     1.726269,    -1.664791,    -0.000022,
  1684.100,     2.128494,    -1.881292,     0.001030,
  1684.150,     2.408862,    -1.641991,    -0.000053,
  1684.200,     2.393020,    -0.908922,     0.006486,
  1684.250,     2.085378,     0.057908,     0.004101,
  1684.300,     1.693296,     1.052434,    -0.000699,
  1684.350,     1.422903,     1.909970,     0.003117,
  1684.400,     1.372765,     2.528583,     0.005581,
  1684.450,     1.427068,     2.910504,     0.004022,
  1684.500,     1.475297,     3.039462,    -0.005480,
  1684.550,     1.497227,     2.959035,    -0.003062,
  1684.600,     1.463320,     2.770499,    -0.003520,
  1684.650,     1.275453,     2.537622,    -0.009327,
  1684.700,     0.874385,     2.230924,    -0.009410,
  1684.750,     0.227732,     1.831384,    -0.011180,
  1684.800,    -0.533671,     1.285302,    -0.009128,
  1684.850,    -1.169081,     0.667263,    -0.005512,
  1684.900,    -1.578143,     0.041377,    -0.006639,
  1684.950,    -1.765868,    -0.428136,    -0.007572,
  1685.000,    -1.686331,    -0.708761,    -0.008324,
  1685.050,    -1.387992,    -0.672982,    -0.007955,
  1685.100,    -0.879800,    -0.345578,    -0.009455,
  1685.150,    -0.323360,     0.219219,    -0.010536,
  1685.200,     0.151596,     0.930121,    -0.011550,
  1685.250,     0.438801,     1.662913,    -0.010125,
  1685.300,     0.618372,     2.336706,    -0.006621,
  1685.350,     0.759548,     2.790813,    -0.004012,
  1685.400,     0.861784,     2.837893,    -0.001513,
  1685.450,     1.009997,     2.526431,    -0.002397,
  1685.500,     1.153357,     1.958973,    -0.002491,
  1685.550,     1.264930,     1.391149,     0.002949,
  1685.600,     1.331488,     0.930255,     0.000087,
  1685.650,     1.313952,     0.562372,     0.000049,
  1685.700,     1.300941,     0.322827,     0.003496,
  1685.750,     1.277530,     0.155830,     0.003223,
  1685.800,     1.244032,     0.091455,     0.002352,
  1685.850,     1.134447,     0.074935,    -0.001583,
  1685.900,     0.920023,     0.001193,     0.005093,
  1685.950,     0.665959,    -0.119799,     0.008168,
  1686.000,     0.389404,    -0.162694,     0.006716,
  1686.050,     0.137879,    -0.039735,    -0.000364,
  1686.100,    -0.022074,     0.280877,     0.002555,
  1686.150,    -0.097231,     0.692554,    -0.000142,
  1686.200,    -0.068246,     1.156741,    -0.001596,
  1686.250,     0.087498,     1.552242,    -0.002057,
  1686.300,     0.368996,     1.866623,    -0.004045,
  1686.350,     0.726197,     2.019688,    -0.003554,
  1686.400,     1.088997,     1.916365,    -0.006668,
  1686.450,     1.388166,     1.485783,    -0.010345,
  1686.500,     1.664228,     0.797933,    -0.005403,
  1686.550,     1.880768,     0.052865,    -0.003330,
  1686.600,     1.950115,    -0.647351,    -0.009633,
  1686.650,     1.857332,    -1.141138,    -0.010766,
  1686.700,     1.594863,    -1.368795,    -0.007690,
  1686.750,     1.215622,    -1.369090,    -0.004072,
  1686.800,     0.830286,    -1.112459,    -0.008124,
  1686.850,     0.469900,    -0.498849,    -0.011074,
  1686.900,     0.187287,     0.373076,    -0.008032,
  1686.950,    -0.053139,     1.343611,    -0.006476,
  1687.000,    -0.175018,     2.220433,    -0.003046,
  1687.050,    -0.174447,     2.790095,    -0.008813,
  1687.100,    -0.068961,     3.106945,    -0.007770,
  1687.150,     0.087294,     3.106982,     0.000266,
  1687.200,     0.241345,     2.837052,    -0.001430,
  1687.250,     0.381430,     2.304517,     0.004769,
  1687.300,     0.589405,     1.643385,     0.003142,
  1687.350,     0.872889,     0.972145,     0.003314,
  1687.400,     1.208179,     0.364439,     0.005046,
  1687.450,     1.491228,    -0.127680,     0.010168,
  1687.500,     1.624212,    -0.449573,     0.009116,
  1687.550,     1.555895,    -0.711068,     0.006717,
  1687.600,     1.272995,    -0.992829,     0.005549,
  1687.650,     0.948311,    -1.319799,     0.005691,
  1687.700,     0.591771,    -1.571145,     0.009497,
  1687.750,     0.219138,    -1.542420,     0.004966,
  1687.800,    -0.230429,    -1.101569,    -0.000005,
  1687.850,    -0.740763,    -0.308003,     0.002692,
  1687.900,    -1.274933,     0.731242,     0.002079,
  1687.950,    -1.769580,     1.850057,     0.000773,
  1688.000,    -2.201093,     2.753399,    -0.002148,
  1688.050,    -2.467113,     3.277598,    -0.010182,
  1688.100,    -2.492495,     3.297298,    -0.011506,
  1688.150,    -2.166506,     2.876221,    -0.010353,
  1688.200,    -1.490971,     2.170375,    -0.006852,
  1688.250,    -0.613191,     1.313024,    -0.014868,
  1688.300,     0.226047,     0.451004,    -0.013029,
  1688.350,     0.855255,    -0.335147,    -0.007821,
  1688.400,     1.242902,    -0.889231,    -0.007769,
  1688.450,     1.430080,    -1.064746,    -0.012249,
  1688.500,     1.473784,    -0.932000,    -0.010693,
  1688.550,     1.411490,    -0.535668,    -0.012989,
  1688.600,     1.365418,     0.061993,    -0.009179,
  1688.650,     1.346225,     0.744836,    -0.004825,
  1688.700,     1.334688,     1.357723,    -0.008150,
  1688.750,     1.323206,     1.764261,    -0.003434,
  1688.800,     1.200522,     1.791242,    -0.003767,
  1688.850,     0.949975,     1.478882,    -0.001544,
  1688.900,     0.617380,     0.900863,     0.008216,
  1688.950,     0.263188,     0.198671,     0.005754,
  1689.000,    -0.018851,    -0.468450,     0.004253,
  1689.050,    -0.168652,    -0.949988,     0.011321,
  1689.100,    -0.137609,    -1.127342,     0.012199,
  1689.150,     0.037017,    -0.955192,     0.001513,
  1689.200,     0.307502,    -0.573804,     0.006091,
  1689.250,     0.678643,    -0.082558,     0.009665,
  1689.300,     1.085033,     0.400849,     0.006531,
  1689.350,     1.366066,     0.783911,     0.005875,
  1689.400,     1.436423,     0.997937,     0.006901,
  1689.450,     1.219460,     1.060174,     0.003581,
  1689.500,     0.809945,     1.013047,     0.001123,
  1689.550,     0.316648,     0.894100,     0.004640,
  1689.600,    -0.135482,     0.862166,     0.000015,
  1689.650,    -0.468651,     1.000874,    -0.004937,
  1689.700,    -0.691404,     1.370165,    -0.006048,
  1689.750,    -0.823374,     1.888734,    -0.004015,
  1689.800,    -0.770751,     2.335326,    -0.004061,
  1689.850,    -0.570462,     2.624466,    -0.005870,
  1689.900,    -0.263811,     2.627302,    -0.007370,
  1689.950,     0.022839,     2.330004,    -0.011516,
  1690.000,     0.297192,     1.838481,    -0.012390,
  1690.050,     0.559101,     1.136360,    -0.008038,
  1690.100,     0.811308,     0.332646,    -0.008617,
  1690.150,     1.011929,    -0.448915,    -0.011869,
  1690.200,     1.093021,    -1.072448,    -0.011306,
  1690.250,     1.043555,    -1.405867,    -0.015085,
  1690.300,     0.923795,    -1.384308,    -0.007687,
  1690.350,     0.798728,    -1.002613,     0.003845,
  1690.400,     0.696840,    -0.369327,    -0.002258,
  1690.450,     0.513054,     0.414418,    -0.006145,
  1690.500,     0.229570,     1.264879,    -0.001549,
  1690.550,    -0.120790,     2.078002,    -0.000707,
  1690.600,    -0.427152,     2.690379,     0.000616,
  1690.650,    -0.608159,     3.037519,     0.005392,
  1690.700,    -0.702747,     3.023940,     0.007868,
  1690.750,    -0.667644,     2.709839,     0.000931,
  1690.800,    -0.503564,     2.242089,     0.004780,
  1690.850,    -0.144083,     1.670260,     0.004198,
  1690.900,     0.326315,     1.163267,     0.003449,
  1690.950,     0.830500,     0.768299,     0.002451,
  1691.000,     1.276454,     0.473777,    -0.000733,
  1691.050,     1.534979,     0.285832,     0.003508,
  1691.100,     1.568695,     0.203289,    -0.000969,
  1691.150,     1.437931,     0.125032,    -0.001643,
  1691.200,     1.177724,     0.156049,    -0.004637,
  1691.250,     0.796871,     0.241990,    -0.002614,
  1691.300,     0.317467,     0.509349,    -0.006206,
  1691.350,    -0.145362,     0.941554,    -0.000385,
  1691.400,    -0.538642,     1.529320,    -0.007146,
  1691.450,    -0.845096,     2.191168,    -0.005980,
  1691.500,    -1.029940,     2.827658,    -0.008495,
  1691.550,    -1.113254,     3.378861,    -0.010588,
  1691.600,    -1.110524,     3.692797,    -0.006949,
  1691.650,    -1.107405,     3.624742,    -0.006813,
  1691.700,    -1.113131,     3.149624,    -0.007942,
  1691.750,    -1.043921,     2.228937,    -0.009300,
  1691.800,    -0.827444,     1.063858,     0.000128,
  1691.850,    -0.417463,    -0.152253,    -0.002869,
  1691.900,     0.084023,    -1.174209,    -0.003911,
  1691.950,     0.641897,    -1.791788,    -0.005067,
  1692.000,     1.170001,    -1.923481,    -0.001232,
  1692.050,     1.517547,    -1.494760,    -0.002560,
  1692.100,     1.639124,    -0.672926,     0.003403,
  1692.150,     1.546568,     0.363339,     0.006061,
  1692.200,     1.269128,     1.363359,     0.003708,
  1692.250,     0.979358,     2.160327,    -0.001817,
  1692.300,     0.633592,     2.568445,     0.003888,
  1692.350,     0.275058,     2.533085,     0.002017,
  1692.400,    -0.008788,     2.142730,    -0.000173,
  1692.450,    -0.216358,     1.538134,    -0.000920,
  1692.500,    -0.274371,     0.980385,     0.003698,
  1692.550,    -0.168223,     0.587184,     0.002905,
  1692.600,     0.073787,     0.442132,    -0.000964,
  1692.650,     0.367252,     0.574560,     0.000451,
  1692.700,     0.646530,     0.747681,    -0.004313,
  1692.750,     0.849632,     0.841796,    -0.008608,
  1692.800,     0.889331,     0.932781,    -0.005195,
  1692.850,     0.730565,     0.984177,    -0.007477,
  1692.900,     0.340575,     1.003946,    -0.003243,
  1692.950,    -0.164038,     0.929122,    -0.000122,
  1693.000,    -0.711645,     0.783914,    -0.005059,
  1693.050,    -1.117421,     0.672512,    -0.006519,
  1693.100,    -1.358403,     0.662233,    -0.006583,
  1693.150,    -1.353103,     0.801518,    -0.001756,
  1693.200,    -1.173348,     1.125919,    -0.005995,
  1693.250,    -0.910615,     1.556513,    -0.006507,
  1693.300,    -0.625127,     1.945138,    -0.010116,
  1693.350,    -0.297387,     2.242532,    -0.006063,
  1693.400,    -0.036724,     2.400666,    -0.009111,
  1693.450,     0.177430,     2.426737,    -0.004193,
  1693.500,     0.325150,     2.266734,    -0.001147,
  1693.550,     0.409315,     1.909553,    -0.001162,
  1693.600,     0.459439,     1.422311,    -0.000390,
  1693.650,     0.520560,     0.873087,     0.005451,
  1693.700,     0.701554,     0.341281,     0.001053,
  1693.750,     0.983377,    -0.081404,     0.000590,
  1693.800,     1.257516,    -0.283392,     0.005606,
  1693.850,     1.441402,    -0.165438,     0.004386,
  1693.900,     1.493191,     0.235648,     0.006845,
  1693.950,     1.410250,     0.712439,     0.000803,
  1694.000,     1.142425,     1.100583,     0.004262,
  1694.050,     0.741221,     1.220353,     0.000682,
  1694.100,     0.230593,     1.020043,    -0.005492,
  1694.150,    -0.335242,     0.663621,    -0.004061,
  1694.200,    -0.814531,     0.307127,     0.002088,
  1694.250,    -1.138606,     0.061134,    -0.004839,
  1694.300,    -1.314197,     0.025835,    -0.007424,
  1694.350,    -1.222450,     0.154167,    -0.004801,
  1694.400,    -0.961500,     0.422037,    -0.005290,
  1694.450,    -0.523671,     0.740911,    -0.006044,
  1694.500,     0.019586,     1.024193,    -0.007452,
  1694.550,     0.622737,     1.136833,    -0.008179,
  1694.600,     1.126778,     1.020943,    -0.004059,
  1694.650,     1.475987,     0.736161,    -0.005005,
  1694.700,     1.647834,     0.438248,    -0.004083,
  1694.750,     1.567702,     0.248550,     0.003558,
  1694.800,     1.283629,     0.179645,     0.000737,
  1694.850,     0.884615,     0.195447,    -0.004876,
  1694.900,     0.517999,     0.282804,    -0.007033,
  1694.950,     0.231327,     0.461654,    -0.002760,
  1695.000,     0.056884,     0.742957,     0.000884,
  1695.050,    -0.000257,     1.025701,     0.001398,
  1695.100,    -0.001771,     1.259097,     0.005706,
  1695.150,     0.000765,     1.238673,     0.007196,
  1695.200,     0.020523,     0.976320,     0.006607,
  1695.250,     0.009013,     0.506294,     0.003825,
  1695.300,     0.107053,    -0.005801,     0.008920,
  1695.350,     0.289309,    -0.496504,     0.008444,
  1695.400,     0.555456,    -0.819703,     0.001126,
  1695.450,     0.864237,    -0.989628,     0.007277,
  1695.500,     1.142332,    -0.954995,     0.005333,
  1695.550,     1.438004,    -0.679936,     0.004231,
  1695.600,     1.677751,    -0.241350,    -0.002273,
  1695.650,     1.763460,     0.298546,    -0.000870,
  1695.700,     1.660455,     0.761163,     0.003309,
  1695.750,     1.321458,     1.142690,    -0.002552,
  1695.800,     0.790063,     1.287671,    -0.007106,
  1695.850,     0.160118,     1.216640,    -0.006741,
  1695.900,    -0.440432,     0.942684,    -0.012586,
  1695.950,    -0.907618,     0.518857,    -0.011385,
  1696.000,    -1.127651,     0.016242,    -0.012966,
  1696.050,    -1.112310,    -0.420836,    -0.016795,
  1696.100,    -0.764998,    -0.652076,    -0.011468,
  1696.150,    -0.148542,    -0.530327,    -0.014360,
  1696.200,     0.523892,    -0.100584,    -0.012414,
  1696.250,     1.095507,     0.537141,    -0.007894,
  1696.300,     1.469881,     1.170117,    -0.005471,
  1696.350,     1.542216,     1.612779,    -0.010538,
  1696.400,     1.355958,     1.746676,    -0.005722,
  1696.450,     0.980337,     1.612897,    -0.003271,
  1696.500,     0.458608,     1.228865,    -0.003076,
  1696.550,    -0.009632,     0.726397,     0.003648,
  1696.600,    -0.276540,     0.259011,     0.004329,
  1696.650,    -0.323955,    -0.063428,     0.005634,
  1696.700,    -0.244461,    -0.152744,     0.005521,
  1696.750,    -0.104785,    -0.072411,     0.007783,
  1696.800,     0.060124,     0.120159,     0.012634,
  1696.850,     0.216265,     0.423928,     0.010145,
  1696.900,     0.409682,     0.709750,     0.006714,
  1696.950,     0.543264,     1.026023,     0.013324,
  1697.000,     0.556736,     1.315422,     0.001439,
  1697.050,     0.471233,     1.543624,     0.008137,
  1697.100,     0.404650,     1.707006,     0.004642,
  1697.150,     0.425908,     1.788889,     0.008419,
  1697.200,     0.570607,     1.776160,     0.000130,
  1697.250,     0.792172,     1.690371,     0.001325,
  1697.300,     1.042279,     1.527791,    -0.000743,
  1697.350,     1.239167,     1.330025,    -0.001833,
  1697.400,     1.315324,     1.178847,    -0.006180,
  1697.450,     1.325393,     1.114457,    -0.011323,
  1697.500,     1.249773,     1.147654,    -0.009156,
  1697.550,     1.046091,     1.260431,    -0.004620,
  1697.600,     0.757741,     1.396614,    -0.006392,
  1697.650,     0.402756,     1.472952,    -0.019878,
  1697.700,     0.032457,     1.368465,    -0.011284,
  1697.750,    -0.297048,     1.130898,    -0.008178,
  1697.800,    -0.518553,     0.844827,    -0.009179,
  1697.850,    -0.551670,     0.674545,    -0.010329,
  1697.900,    -0.364929,     0.771067,    -0.007597,
  1697.950,    -0.012710,     1.108862,    -0.006338,
  1698.000,     0.361442,     1.613853,    -0.005008,
  1698.050,     0.603186,     2.130295,    -0.005195,
  1698.100,     0.678096,     2.564848,    -0.000888,
  1698.150,     0.574911,     2.775530,     0.000158,
  1698.200,     0.420701,     2.623393,    -0.006062,
  1698.250,     0.264417,     2.157658,     0.003379,
  1698.300,     0.213348,     1.523636,     0.008898,
  1698.350,     0.266373,     0.982200,     0.008685,
  1698.400,     0.334314,     0.644066,     0.007641,
  1698.450,     0.424678,     0.527354,     0.008998,
  1698.500,     0.489581,     0.545730,     0.006826,
  1698.550,     0.506752,     0.742787,     0.005477,
  1698.600,     0.430726,     0.995847,     0.005326,
  1698.650,     0.251752,     1.265533,     0.003505,
  1698.700,     0.008130,     1.474968,     0.001611,
  1698.750,    -0.176646,     1.525778,     0.000662,
  1698.800,    -0.221511,     1.514488,    -0.001455,
  1698.850,    -0.191823,     1.456610,    -0.003630,
  1698.900,    -0.116357,     1.369822,    -0.004790,
  1698.950,    -0.005454,     1.291055,    -0.004969,
  1699.000,     0.162792,     1.147038,    -0.006488,
  1699.050,     0.381560,     0.943440,    -0.007481,
  1699.100,     0.573463,     0.729823,    -0.008150,
  1699.150,     0.701274,     0.651807,    -0.005825,
  1699.200,     0.681307,     0.766728,    -0.004900,
  1699.250,     0.468376,     0.959094,    -0.005209,
  1699.300,     0.092852,     1.079285,    -0.006993,
  1699.350,    -0.298863,     1.017662,    -0.006008,
  1699.400,    -0.659230,     0.750040,    -0.003853,
  1699.450,    -0.916670,     0.296059,    -0.001574,
  1699.500,    -1.045400,    -0.227596,    -0.001723,
  1699.550,    -1.050213,    -0.738272,    -0.002936,
  1699.600,    -0.952065,    -1.066399,    -0.002077,
  1699.650,    -0.799787,    -1.086662,    -0.001790,
  1699.700,    -0.564205,    -0.732967,    -0.001847,
  1699.750,    -0.379594,    -0.047674,    -0.001774,
  1699.800,    -0.271714,     0.839081,     0.003851,
  1699.850,    -0.214342,     1.752978,    -0.000574,
  1699.900,    -0.188903,     2.450384,     0.000519,
  1699.950,    -0.197953,     2.840175,     0.004510,
  1700.000,    -0.201463,     2.866925,     0.001900,
  1700.050,    -0.232879,     2.536581,     0.000862,
  1700.100,    -0.219430,     1.955277,     0.002738,
  1700.150,    -0.117659,     1.258269,    -0.001734,
  1700.200,     0.117723,     0.631063,    -0.005955,
  1700.250,     0.467780,     0.214407,    -0.002341,
  1700.300,     0.861156,     0.035360,    -0.000748,
  1700.350,     1.178025,     0.106097,    -0.003470,
  1700.400,     1.326803,     0.356125,    -0.004367,
  1700.450,     1.273725,     0.698159,    -0.002302,
  1700.500,     1.051363,     1.100381,    -0.002578,
  1700.550,     0.731989,     1.486258,    -0.005825,
  1700.600,     0.352797,     1.795552,    -0.005207,
  1700.650,     0.007963,     1.998714,    -0.002543,
  1700.700,    -0.212238,     2.124292,    -0.010849,
  1700.750,    -0.284818,     2.223595,    -0.002371,
  1700.800,    -0.245450,     2.279434,    -0.000260,
  1700.850,    -0.100047,     2.212552,    -0.000576,
  1700.900,     0.106660,     1.975957,    -0.000776,
  1700.950,     0.313447,     1.574126,     0.001908,
  1701.000,     0.571806,     1.078355,     0.001525,
  1701.050,     0.820092,     0.565921,     0.003012,
  1701.100,     0.966595,     0.105276,     0.002165,
  1701.150,     1.017398,    -0.195628,     0.002090,
  1701.200,     0.981371,    -0.379004,     0.000530,
  1701.250,     0.846835,    -0.398505,     0.009510,
  1701.300,     0.638458,    -0.296935,     0.003437,
  1701.350,     0.420108,    -0.112662,     0.001412,
  1701.400,     0.272197,     0.193048,     0.003943,
  1701.450,     0.192371,     0.542926,     0.001810,
  1701.500,     0.196491,     0.940374,    -0.001709,
  1701.550,     0.262519,     1.319942,     0.001664,
  1701.600,     0.423630,     1.636360,    -0.003152,
  1701.650,     0.590993,     1.862691,    -0.003219,
  1701.700,     0.678887,     1.914803,    -0.003369,
  1701.750,     0.665117,     1.812830,    -0.012767,
  1701.800,     0.544824,     1.497084,    -0.006589,
  1701.850,     0.464955,     1.093463,    -0.009184,
  1701.900,     0.494232,     0.715838,    -0.009380,
  1701.950,     0.624381,     0.412858,    -0.007773,
  1702.000,     0.857373,     0.207046,    -0.009364,
  1702.050,     1.112924,    -0.002225,    -0.010441,
  1702.100,     1.357550,    -0.152308,    -0.012763,
  1702.150,     1.495425,    -0.196308,    -0.014367,
  1702.200,     1.448770,    -0.144487,    -0.007642,
  1702.250,     1.172371,    -0.024069,    -0.003048,
  1702.300,     0.742340,     0.188871,    -0.001980,
  1702.350,     0.325118,     0.432309,    -0.003568,
  1702.400,     0.058996,     0.746406,    -0.004608,
  1702.450,    -0.092911,     1.113395,    -0.005835,
  1702.500,    -0.063125,     1.465388,    -0.000797,
  1702.550,     0.073515,     1.738564,    -0.002086,
  1702.600,     0.293719,     1.847772,     0.000201,
  1702.650,     0.576271,     1.741479,     0.003779,
  1702.700,     0.835377,     1.477008,     0.009451,
  1702.750,     1.024951,     1.112401,     0.015465,
  1702.800,     1.048665,     0.725569,     0.010535,
  1702.850,     0.983791,     0.264683,     0.000610,
  1702.900,     0.866673,    -0.083359,     0.005711,
  1702.950,     0.719484,    -0.329628,     0.006223,
  1703.000,     0.554063,    -0.467160,     0.003523,
  1703.050,     0.329800,    -0.516775,     0.014388,
  1703.100,     0.101055,    -0.552785,     0.007847,
  1703.150,    -0.081511,    -0.531802,     0.002258,
  1703.200,    -0.087894,    -0.392810,    -0.001047,
  1703.250,     0.031845,    -0.156744,    -0.004254,
  1703.300,     0.136897,     0.229008,    -0.007362,
  1703.350,     0.216751,     0.770950,    -0.000969,
  1703.400,     0.166951,     1.354544,    -0.000685,
  1703.450,    -0.025400,     1.873694,     0.002809,
  1703.500,    -0.280367,     2.146879,    -0.003383,
  1703.550,    -0.542960,     2.142156,    -0.007922,
  1703.600,    -0.678729,     1.924068,    -0.011993,
  1703.650,    -0.652034,     1.563748,    -0.007672,
  1703.700,    -0.403410,     1.072622,    -0.004949,
  1703.750,     0.032517,     0.518133,    -0.013431,
  1703.800,     0.561475,     0.011478,    -0.010839,
  1703.850,     1.096172,    -0.299374,    -0.009369,
  1703.900,     1.492268,    -0.382060,    -0.013372,
  1703.950,     1.667175,    -0.316831,    -0.010928,
  1704.000,     1.635655,    -0.070874,    -0.008287,
  1704.050,     1.403550,     0.321376,    -0.003778,
  1704.100,     1.010250,     0.846238,    -0.004205,
  1704.150,     0.541197,     1.416767,    -0.004506,
  1704.200,     0.060447,     1.969961,    -0.001841,
  1704.250,    -0.264342,     2.376415,    -0.001091,
  1704.300,    -0.375284,     2.539956,     0.001411,
  1704.350,    -0.298506,     2.443849,     0.004263,
  1704.400,    -0.130311,     2.187560,     0.001310,
  1704.450,     0.133700,     1.799463,    -0.000841,
  1704.500,     0.402861,     1.304165,     0.001400,
  1704.550,     0.666814,     0.827102,     0.003221,
  1704.600,     0.819768,     0.365469,     0.004165,
  1704.650,     0.847945,     0.092568,     0.005213,
  1704.700,     0.818129,     0.001743,     0.003655,
  1704.750,     0.711393,     0.116562,     0.006742,
  1704.800,     0.634065,     0.365459,     0.000149,
  1704.850,     0.602454,     0.687396,     0.006381,
  1704.900,     0.526238,     1.080751,     0.002237,
  1704.950,     0.390870,     1.547032,     0.002574,
  1705.000,     0.215699,     2.028004,     0.000344,
  1705.050,     0.022622,     2.429532,    -0.003819,
  1705.100,    -0.174688,     2.701087,    -0.008409,
  1705.150,    -0.294110,     2.786637,    -0.005838,
  1705.200,    -0.360541,     2.728654,    -0.000800,
  1705.250,    -0.328158,     2.588807,    -0.002818,
  1705.300,    -0.274057,     2.410819,    -0.003058,
  1705.350,    -0.169603,     2.126121,    -0.003756,
  1705.400,    -0.030965,     1.815159,    -0.006916,
  1705.450,     0.203193,     1.533803,    -0.003374,
  1705.500,     0.498850,     1.343352,    -0.004688,
  1705.550,     0.794471,     1.294895,    -0.002629,
  1705.600,     1.008840,     1.230120,    -0.004736,
  1705.650,     1.160839,     1.093479,    -0.005721,
  1705.700,     1.217117,     0.922447,    -0.005482,
  1705.750,     1.096703,     0.741133,    -0.004394,
  1705.800,     0.861844,     0.618669,    -0.003112,
  1705.850,     0.500980,     0.557503,    -0.001262,
  1705.900,     0.136831,     0.585135,     0.000959,
  1705.950,    -0.143635,     0.704118,     0.003154,
  1706.000,    -0.315545,     0.924126,    -0.001601,
  1706.050,    -0.420911,     1.228105,    -0.007638,
  1706.100,    -0.444556,     1.440186,    -0.000227,
  1706.150,    -0.424697,     1.537056,    -0.001273,
  1706.200,    -0.272786,     1.431115,    -0.005649,
  1706.250,    -0.069706,     1.193729,     0.001263,
  1706.300,     0.185221,     0.862866,    -0.001063,
  1706.350,     0.444480,     0.475642,    -0.002706,
  1706.400,     0.670591,     0.149753,    -0.005889,
  1706.450,     0.840401,    -0.050592,    -0.002879,
  1706.500,     0.982862,    -0.147607,    -0.003001,
  1706.550,     1.055536,    -0.136650,    -0.007580,
  1706.600,     1.044406,    -0.023186,    -0.005085,
  1706.650,     0.932155,     0.111666,    -0.000513,
  1706.700,     0.734081,     0.334724,    -0.000025,
  1706.750,     0.490719,     0.646764,     0.000631,
  1706.800,     0.244514,     0.982969,    -0.001087,
  1706.850,     0.018128,     1.270086,    -0.002466,
  1706.900,    -0.186430,     1.533274,    -0.002884,
  1706.950,    -0.311012,     1.732812,    -0.002143,
  1707.000,    -0.372605,     1.885977,    -0.003532,
  1707.050,    -0.359135,     1.991964,    -0.000001,
  1707.100,    -0.314730,     2.012803,    -0.000861,
  1707.150,    -0.238846,     1.977728,    -0.000071,
  1707.200,    -0.106294,     1.943583,     0.002821,
  1707.250,     0.064010,     1.878060,    -0.000379,
  1707.300,     0.298674,     1.716188,     0.006257,
  1707.350,     0.623794,     1.452515,     0.003511,
  1707.400,     0.944811,     1.139832,     0.000972,
  1707.450,     1.221402,     0.851223,     0.005502,
  1707.500,     1.353361,     0.639538,     0.001945,
  1707.550,     1.253717,     0.604060,     0.001684,
  1707.600,     0.994224,     0.813209,     0.002012,
  1707.650,     0.649046,     1.263659,    -0.003904,
  1707.700,     0.309281,     1.836553,    -0.007039,
  1707.750,    -0.065589,     2.379872,    -0.008438,
  1707.800,    -0.353767,     2.806634,    -0.006585,
  1707.850,    -0.493888,     3.011721,    -0.010850,
  1707.900,    -0.438007,     2.980675,    -0.012527,
  1707.950,    -0.254183,     2.724464,    -0.008762,
  1708.000,    -0.004881,     2.294835,    -0.009430,
  1708.050,     0.259643,     1.783803,    -0.009550,
  1708.100,     0.545090,     1.269205,    -0.005105,
  1708.150,     0.795128,     0.851650,    -0.006362,
  1708.200,     0.997030,     0.570834,    -0.008489,
  1708.250,     1.114837,     0.472253,     0.001623,
  1708.300,     1.119035,     0.513279,    -0.008311,
  1708.350,     1.047543,     0.688256,    -0.009605,
  1708.400,     0.907615,     0.913415,    -0.001921,
  1708.450,     0.726535,     1.097041,     0.004513,
  1708.500,     0.522515,     1.167100,    -0.001583,
  1708.550,     0.298672,     1.094580,     0.001050,
  1708.600,     0.054273,     0.988459,     0.004343,
  1708.650,    -0.089013,     0.890508,     0.003631,
  1708.700,    -0.138478,     0.825239,     0.005985,
  1708.750,    -0.096699,     0.834482,     0.005115,
  1708.800,     0.010362,     0.937989,     0.002546,
  1708.850,     0.193796,     1.132657,     0.006527,
  1708.900,     0.410450,     1.381238,     0.008844,
  1708.950,     0.690294,     1.550118,     0.006486,
  1709.000,     1.016182,     1.592862,     0.003346,
  1709.050,     1.320266,     1.496985,     0.005033,
  1709.100,     1.525516,     1.364264,    -0.001323,
  1709.150,     1.607625,     1.220443,     0.002993,
  1709.200,     1.574011,     1.113766,     0.004757,
  1709.250,     1.443533,     1.030876,     0.003299,
  1709.300,     1.281662,     0.993686,    -0.003130,
  1709.350,     1.058267,     1.015238,    -0.008840,
  1709.400,     0.790182,     1.048356,    -0.008879,
  1709.450,     0.505983,     1.140385,    -0.003313,
  1709.500,     0.280372,     1.279681,    -0.008018,
  1709.550,     0.177136,     1.419368,    -0.005394,
  1709.600,     0.179782,     1.520826,    -0.010825,
  1709.650,     0.219751,     1.610550,    -0.007056,
  1709.700,     0.232596,     1.662439,    -0.007016,
  1709.750,     0.213588,     1.703517,    -0.006862,
  1709.800,     0.192879,     1.703155,    -0.010161,
  1709.850,     0.174065,     1.587031,    -0.012785,
  1709.900,     0.161539,     1.316544,    -0.010620,
  1709.950,     0.147462,     0.990432,    -0.001760,
  1710.000,     0.197603,     0.662223,    -0.008118,
  1710.050,     0.330625,     0.439506,    -0.003655,
  1710.100,     0.482902,     0.304805,    -0.000524,
  1710.150,     0.613237,     0.298283,     0.002117,
  1710.200,     0.636616,     0.349277,     0.003396,
  1710.250,     0.522972,     0.399695,     0.000785,
  1710.300,     0.340832,     0.466908,     0.010022,
  1710.350,     0.111784,     0.427609,     0.012041,
  1710.400,    -0.139302,     0.349779,     0.003250,
  1710.450,    -0.346327,     0.249391,     0.006997,
  1710.500,    -0.448198,     0.267603,     0.007742,
  1710.550,    -0.451731,     0.425202,     0.007946,
  1710.600,    -0.387361,     0.670064,     0.006916,
  1710.650,    -0.259590,     0.961431,     0.000011,
  1710.700,    -0.114748,     1.192651,     0.004177,
  1710.750,     0.092547,     1.314931,     0.001049,
  1710.800,     0.305497,     1.339182,     0.000043,
  1710.850,     0.566597,     1.279172,    -0.004374,
  1710.900,     0.715476,     1.094842,    -0.003518,
  1710.950,     0.816962,     0.915425,    -0.005944,
  1711.000,     0.855917,     0.741791,    -0.009743,
  1711.050,     0.814000,     0.671570,    -0.009436,
  1711.100,     0.725814,     0.663055,    -0.009188,
  1711.150,     0.608682,     0.693004,    -0.008702,
  1711.200,     0.551111,     0.829999,    -0.012012,
  1711.250,     0.488586,     1.120037,    -0.008085,
  1711.300,     0.426866,     1.462619,    -0.014283,
  1711.350,     0.339971,     1.783571,    -0.014785,
  1711.400,     0.239569,     1.975077,    -0.010954,
  1711.450,     0.105069,     1.983953,    -0.005124,
  1711.500,     0.037685,     1.791444,    -0.007726,
  1711.550,     0.022802,     1.416287,    -0.000584,
  1711.600,     0.093615,     0.902035,     0.001719,
  1711.650,     0.298694,     0.412966,     0.001054,
  1711.700,     0.602038,     0.053998,     0.001775,
  1711.750,     0.970175,    -0.022020,     0.005403,
  1711.800,     1.252815,     0.139481,     0.000635,
  1711.850,     1.416593,     0.468412,     0.000748,
  1711.900,     1.467963,     0.870126,     0.007386,
  1711.950,     1.416157,     1.249804,     0.005846,
  1712.000,     1.273725,     1.590034,     0.004082,
  1712.050,     1.085375,     1.757380,     0.004299,
  1712.100,     0.857685,     1.704202,     0.004808,
  1712.150,     0.588722,     1.456662,     0.003045,
  1712.200,     0.388639,     1.053388,     0.000835,
  1712.250,     0.237096,     0.622955,    -0.001170,
  1712.300,     0.145773,     0.310986,     0.000389,
  1712.350,     0.153412,     0.108602,     0.003708,
  1712.400,     0.195576,     0.160012,     0.000641,
  1712.450,     0.301356,     0.437557,     0.004446,
  1712.500,     0.392650,     0.908591,    -0.001126,
  1712.550,     0.396902,     1.471358,    -0.003866,
  1712.600,     0.372304,     1.942300,    -0.009254,
  1712.650,     0.376006,     2.241039,    -0.005008,
  1712.700,     0.354140,     2.315176,    -0.013848,
  1712.750,     0.398968,     2.166940,    -0.009242,
  1712.800,     0.519707,     1.869105,    -0.007656,
  1712.850,     0.618992,     1.530207,    -0.009198,
  1712.900,     0.758864,     1.262102,    -0.005417,
  1712.950,     0.873967,     1.160561,    -0.006099,
  1713.000,     0.921039,     1.214127,    -0.007451,
  1713.050,     0.864998,     1.422144,    -0.005043,
  1713.100,     0.736995,     1.647660,    -0.001995,
  1713.150,     0.580953,     1.855765,    -0.000780,
  1713.200,     0.498987,     1.931107,    -0.003547,
  1713.250,     0.451520,     1.816466,     0.002766,
  1713.300,     0.465144,     1.621859,    -0.001296,
  1713.350,     0.471641,     1.351444,     0.003928,
  1713.400,     0.530395,     1.063327,    -0.001246,
  1713.450,     0.587390,     0.848513,     0.003422,
  1713.500,     0.659485,     0.704341,    -0.002122,
  1713.550,     0.694914,     0.688907,     0.002149,
  1713.600,     0.729979,     0.819090,    -0.002810,
  1713.650,     0.761753,     1.103136,    -0.001566,
  1713.700,     0.805919,     1.409114,     0.002788,
  1713.750,     0.850532,     1.692225,    -0.002061,
  1713.800,     0.925255,     1.811971,    -0.004885,
  1713.850,     0.932869,     1.754821,    -0.006322,
  1713.900,     0.826881,     1.591743,    -0.007127,
  1713.950,     0.641126,     1.231281,     0.005998,
  1714.000,     0.357154,     0.797407,    -0.001547,
  1714.050,     0.055404,     0.365158,    -0.001856,
  1714.100,    -0.153538,     0.034516,    -0.002418,
  1714.150,    -0.234352,    -0.026658,    -0.005730,
  1714.200,    -0.237986,     0.184675,    -0.005345,
  1714.250,    -0.167133,     0.606210,     0.002640,
  1714.300,    -0.090370,     1.089649,    -0.003291,
  1714.350,    -0.033661,     1.490815,    -0.005627,
  1714.400,     0.016041,     1.707233,     0.003159,
  1714.450,    -0.002415,     1.719465,     0.009102,
  1714.500,     0.006675,     1.513489,    -0.002498,
  1714.550,     0.038576,     1.197705,    -0.002484,
  1714.600,     0.127856,     0.856871,     0.002073,
  1714.650,     0.223938,     0.634544,    -0.000827,
  1714.700,     0.314796,     0.617475,    -0.004102,
  1714.750,     0.380855,     0.725275,    -0.003728,
  1714.800,     0.342448,     0.924123,    -0.005761,
  1714.850,     0.278335,     1.106387,    -0.000187,
  1714.900,     0.183393,     1.103005,    -0.001847,
  1714.950,     0.032699,     0.913411,    -0.008860,
  1715.000,    -0.033005,     0.530180,    -0.007523,
  1715.050,    -0.064718,     0.134683,    -0.008775,
  1715.100,    -0.066761,    -0.269910,    -0.005006,
  1715.150,    -0.050427,    -0.557224,    -0.000831,
  1715.200,    -0.040032,    -0.683033,    -0.000805,
  1715.250,     0.023777,    -0.571705,     0.001370,
  1715.300,     0.151266,    -0.304670,    -0.003393,
  1715.350,     0.347223,     0.078485,    -0.002583,
  1715.400,     0.507012,     0.538393,    -0.005300,
  1715.450,     0.645496,     1.028427,    -0.001484,
  1715.500,     0.705201,     1.502242,    -0.004361,
  1715.550,     0.664167,     1.844738,    -0.002261,
  1715.600,     0.562647,     1.933996,    -0.000592,
  1715.650,     0.347466,     1.728565,    -0.001606,
  1715.700,     0.139060,     1.229859,    -0.001232,
  1715.750,     0.012225,     0.540926,     0.002222,
  1715.800,     0.036073,    -0.165826,     0.001241,
  1715.850,     0.125876,    -0.740224,     0.005116,
  1715.900,     0.273127,    -1.057480,     0.006204,
  1715.950,     0.444480,    -1.035766,     0.007354,
  1716.000,     0.619667,    -0.629646,     0.005695,
  1716.050,     0.757300,     0.073212,    -0.002565,
  1716.100,     0.822579,     0.854730,    -0.013087,
  1716.150,     0.826124,     1.581930,    -0.007201,
  1716.200,     0.707485,     2.064901,    -0.001235,
  1716.250,     0.543296,     2.253151,    -0.004215,
  1716.300,     0.404876,     2.119534,    -0.013343,
  1716.350,     0.297571,     1.736978,    -0.013612,
  1716.400,     0.254552,     1.250300,    -0.005585,
  1716.450,     0.325141,     0.746373,    -0.004978,
  1716.500,     0.528793,     0.391037,    -0.013920,
  1716.550,     0.777738,     0.223613,    -0.010090,
  1716.600,     1.050806,     0.227837,    -0.004126,
  1716.650,     1.275646,     0.283777,    -0.009631,
  1716.700,     1.295811,     0.363875,     0.000290,
  1716.750,     1.172013,     0.414411,     0.000167,
  1716.800,     0.913905,     0.382238,    -0.004045,
  1716.850,     0.626164,     0.386000,     0.005161,
  1716.900,     0.352219,     0.413724,     0.000719,
  1716.950,     0.211098,     0.532464,     0.001450,
  1717.000,     0.139180,     0.767610,     0.000503,
  1717.050,     0.215594,     1.103108,     0.010570,
  1717.100,     0.352220,     1.447134,     0.008310,
  1717.150,     0.524243,     1.758704,     0.003123,
  1717.200,     0.628659,     1.913312,     0.010291,
  1717.250,     0.697550,     1.989301,    -0.002328,
  1717.300,     0.629504,     1.956454,     0.000185,
  1717.350,     0.507199,     1.767766,     0.003050,
  1717.400,     0.376179,     1.530295,     0.001183,
  1717.450,     0.276000,     1.168417,    -0.007647,
  1717.500,     0.142251,     0.812636,    -0.006900,
  1717.550,     0.039166,     0.407275,    -0.002702,
  1717.600,     0.005734,     0.038021,    -0.004894,
  1717.650,     0.053504,    -0.290806,    -0.003899,
  1717.700,     0.169359,    -0.475594,    -0.011055,
  1717.750,     0.336887,    -0.410213,    -0.010545,
  1717.800,     0.443141,    -0.052088,    -0.008671,
  1717.850,     0.440759,     0.457475,    -0.004778,
  1717.900,     0.377061,     0.988306,    -0.006554,
  1717.950,     0.239533,     1.415740,    -0.001754,
  1718.000,     0.061809,     1.668179,     0.000103,
  1718.050,    -0.134612,     1.705765,     0.003227,
  1718.100,    -0.334912,     1.583977,    -0.004482,
  1718.150,    -0.421557,     1.329943,     0.003256,
  1718.200,    -0.359423,     1.036802,    -0.001459,
  1718.250,    -0.142754,     0.768220,     0.003368,
  1718.300,     0.145159,     0.553401,    -0.003972,
  1718.350,     0.392554,     0.472896,     0.003458,
  1718.400,     0.553224,     0.491900,     0.001384,
  1718.450,     0.584416,     0.624468,    -0.002662,
  1718.500,     0.496599,     0.761028,    -0.004686,
  1718.550,     0.321590,     0.885877,    -0.005205,
  1718.600,     0.125092,     0.965360,    -0.003660,
  1718.650,    -0.004305,     1.019752,     0.004322,
  1718.700,     0.027366,     1.055398,    -0.004044,
  1718.750,     0.192230,     1.122704,    -0.004208,
  1718.800,     0.481878,     1.344286,    -0.007826,
  1718.850,     0.808287,     1.613377,    -0.006978,
  1718.900,     1.075203,     1.994283,    -0.006984,
  1718.950,     1.243616,     2.344918,    -0.007398,
  1719.000,     1.281800,     2.580013,    -0.008469,
  1719.050,     1.248334,     2.720220,    -0.008372,
  1719.100,     1.190052,     2.634843,    -0.000172,
  1719.150,     1.164709,     2.351094,    -0.004595,
  1719.200,     1.195794,     1.910511,    -0.003263,
  1719.250,     1.287106,     1.332618,     0.001158,
  1719.300,     1.378848,     0.717710,    -0.002154,
  1719.350,     1.507587,     0.149211,    -0.006134,
  1719.400,     1.565584,    -0.231224,     0.001372,
  1719.450,     1.643395,    -0.365955,     0.002881,
  1719.500,     1.690142,    -0.252983,    -0.008506,
  1719.550,     1.708781,     0.065889,     0.002290,
  1719.600,     1.638052,     0.584058,    -0.000488,
  1719.650,     1.444597,     1.177586,     0.001807,
  1719.700,     1.077646,     1.803306,    -0.000126,
  1719.750,     0.626866,     2.287425,    -0.003665,
  1719.800,     0.099777,     2.540220,    -0.007684,
  1719.850,    -0.347072,     2.506058,    -0.000996,
  1719.900,    -0.663307,     2.308830,    -0.005016,
  1719.950,    -0.790189,     1.970036,    -0.001903,
  1720.000,    -0.692725,     1.608460,    -0.005944,

