Time_abs/ps, Signal 1/nA, Ref.signal 1/nA, Signal 2/nA, Ref.signal 2/nA
  1600.000,     0.017210,     0.007615,    -0.006234,
  1600.050,    -0.011187,    -0.004646,     0.000072,
  1600.100,    -0.004965,     0.011497,    -0.001150,
  1600.150,     0.000625,    -0.005388,     0.002255,
  1600.200,    -0.001683,    -0.009079,     0.005057,
  1600.250,     0.002225,    -0.022884,     0.003686,
  1600.300,    -0.002089,    -0.011605,     0.004281,
  1600.350,     0.004229,     0.000561,     0.005043,
  1600.400,    -0.015246,     0.010459,     0.006575,
  1600.450,     0.011989,     0.008771,     0.007091,
  1600.500,    -0.007520,    -0.000034,     0.007309,
  1600.550,     0.000201,    -0.009125,    -0.002682,
  1600.600,    -0.004252,    -0.021215,     0.000240,
  1600.650,    -0.005458,    -0.028924,    -0.000066,
  1600.700,    -0.000499,    -0.024922,    -0.003482,
  1600.750,    -0.009769,    -0.033412,    -0.006658,
  1600.800,    -0.005535,    -0.027306,    -0.000757,
  1600.850,    -0.020115,    -0.001638,    -0.004307,
  1600.900,    -0.034323,    -0.017430,    -0.004785,
  1600.950,    -0.025308,    -0.006954,    -0.009458,
  1601.000,    -0.036191,    -0.025601,     0.004923,
  1601.050,    -0.033970,    -0.025349,    -0.012395,
  1601.100,    -0.023711,    -0.009534,    -0.002141,
  1601.150,    -0.027038,    -0.028449,    -0.002387,
  1601.200,    -0.006151,    -0.018410,    -0.004335,
  1601.250,    -0.012532,    -0.022588,     0.000687,
  1601.300,    -0.024288,    -0.037640,     0.005631,
  1601.350,     0.005644,    -0.024145,     0.001128,
  1601.400,    -0.011598,    -0.019708,    -0.001165,
  1601.450,    -0.022117,    -0.036830,    -0.002819,
  1601.500,    -0.017220,    -0.020360,    -0.001290,
  1601.550,     0.004758,    -0.021295,    -0.000312,
  1601.600,    -0.034423,    -0.019094,     0.004962,
  1601.650,     0.005240,    -0.038961,     0.002488,
  1601.700,    -0.008003,    -0.039712,    -0.000984,
  1601.750,     0.008043,    -0.046448,     0.000312,
  1601.800,     0.001687,    -0.049859,     0.002956,
  1601.850,    -0.004638,    -0.056273,     0.003871,
  1601.900,     0.005959,    -0.066449,     0.003294,
  1601.950,    -0.007311,    -0.072077,    -0.003153,
  1602.000,     0.008423,    -0.063971,    -0.005246,
  1602.050,    -0.013467,    -0.049452,     0.001179,
  1602.100,    -0.001938,    -0.059367,    -0.006610,
  1602.150,     0.001587,    -0.063293,    -0.000517,
  1602.200,    -0.004082,    -0.057947,    -0.008705,
  1602.250,    -0.024408,    -0.047525,    -0.008398,
  1602.300,    -0.010140,    -0.066134,    -0.003909,
  1602.350,    -0.008393,    -0.074133,    -0.001139,
  1602.400,    -0.003651,    -0.077379,    -0.002320,
  1602.450,    -0.006132,    -0.060169,    -0.000363,
  1602.500,     0.002913,    -0.080268,     0.003137,
  1602.550,    -0.024861,    -0.067907,     0.001551,
  1602.600,    -0.010156,    -0.099132,     0.004293,
  1602.650,     0.003977,    -0.079462,     0.001114,
  1602.700,    -0.016568,    -0.061615,    -0.000288,
  1602.750,    -0.009162,    -0.055587,     0.006292,
  1602.800,    -0.012967,    -0.049285,     0.006292,
  1602.850,    -0.015276,    -0.061351,     0.005828,
  1602.900,    -0.021636,    -0.051576,     0.010932,
  1602.950,    -0.024101,    -0.030425,     0.007344,
  1603.000,    -0.021293,    -0.045516,     0.010858,
  1603.050,    -0.021553,    -0.046597,     0.005508,
  1603.100,     0.001970,    -0.041525,    -0.004295,
  1603.150,    -0.030022,    -0.058770,     0.000051,
  1603.200,    -0.021698,    -0.067038,    -0.001772,
  1603.250,    -0.022006,    -0.060943,    -0.003681,
  1603.300,    -0.029866,    -0.046130,    -0.003486,
  1603.350,    -0.025793,    -0.044856,    -0.005094,
  1603.400,    -0.032693,    -0.048941,    -0.005611,
  1603.450,    -0.029970,    -0.057768,    -0.008322,
  1603.500,    -0.036007,    -0.061647,    -0.007152,
  1603.550,    -0.040527,    -0.072860,    -0.001138,
  1603.600,    -0.038605,    -0.050958,    -0.005265,
  1603.650,    -0.028927,    -0.058043,    -0.009412,
  1603.700,    -0.019745,    -0.046480,    -0.005843,
  1603.750,    -0.041549,    -0.039911,    -0.005364,
  1603.800,    -0.036969,    -0.055079,    -0.006007,
  1603.850,    -0.044944,    -0.055890,    -0.000285,
  1603.900,    -0.026118,    -0.060794,    -0.004518,
  1603.950,    -0.045308,    -0.056321,    -0.001683,
  1604.000,    -0.046049,    -0.053461,     0.001442,
  1604.050,    -0.029417,    -0.061511,     0.003432,
  1604.100,    -0.038787,    -0.073083,     0.003137,
  1604.150,    -0.020588,    -0.058812,     0.007283,
  1604.200,    -0.028684,    -0.056921,     0.003288,
  1604.250,    -0.029430,    -0.052816,     0.009052,
  1604.300,    -0.021402,    -0.051204,     0.008919,
  1604.350,    -0.022595,    -0.050098,     0.008051,
  1604.400,    -0.034845,    -0.051308,     0.006812,
  1604.450,    -0.041063,    -0.055452,     0.002202,
  1604.500,    -0.027777,    -0.068069,     0.000327,
  1604.550,    -0.017332,    -0.050001,     0.000007,
  1604.600,    -0.012409,    -0.060544,     0.001545,
  1604.650,    -0.017924,    -0.066102,     0.001936,
  1604.700,    -0.026368,    -0.067510,     0.001886,
  1604.750,    -0.028620,    -0.069713,    -0.001421,
  1604.800,    -0.010556,    -0.075049,    -0.003651,
  1604.850,    -0.008411,    -0.068252,    -0.007431,
  1604.900,    -0.014038,    -0.068048,    -0.007898,
  1604.950,     0.001619,    -0.057182,    -0.005507,
  1605.000,    -0.023268,    -0.074073,    -0.006445,
  1605.050,    -0.013969,    -0.073767,    -0.011737,
  1605.100,    -0.014999,    -0.058804,    -0.012843,
  1605.150,    -0.033548,    -0.074817,    -0.008831,
  1605.200,    -0.008274,    -0.054424,    -0.009912,
  1605.250,    -0.011798,    -0.059604,    -0.005357,
  1605.300,    -0.021734,    -0.073760,    -0.003210,
  1605.350,    -0.018832,    -0.080658,    -0.003552,
  1605.400,    -0.028573,    -0.064059,    -0.001967,
  1605.450,    -0.024011,    -0.066206,     0.001083,
  1605.500,    -0.009708,    -0.061892,     0.002968,
  1605.550,    -0.000467,    -0.056416,     0.000471,
  1605.600,    -0.010694,    -0.060449,     0.007849,
  1605.650,    -0.008631,    -0.062375,     0.006338,
  1605.700,    -0.008188,    -0.064690,     0.002923,
  1605.750,    -0.011171,    -0.067201,     0.003301,
  1605.800,     0.003888,    -0.053317,     0.009117,
  1605.850,    -0.004895,    -0.075328,     0.003412,
  1605.900,    -0.006116,    -0.081720,     0.009546,
  1605.950,    -0.000048,    -0.084957,     0.006130,
  1606.000,    -0.003875,    -0.063255,     0.010744,
  1606.050,    -0.006444,    -0.061329,     0.005854,
  1606.100,     0.009600,    -0.043735,    -0.002207,
  1606.150,     0.012550,    -0.050841,    -0.003224,
  1606.200,     0.002337,    -0.062682,     0.002044,
  1606.250,     0.014323,    -0.048538,    -0.003415,
  1606.300,    -0.008369,    -0.051206,    -0.007081,
  1606.350,    -0.004529,    -0.056931,    -0.002445,
  1606.400,     0.010353,    -0.061721,    -0.004340,
  1606.450,     0.008359,    -0.077838,    -0.008588,
  1606.500,     0.008700,    -0.075351,    -0.005800,
  1606.550,     0.003134,    -0.045355,    -0.009558,
  1606.600,    -0.002062,    -0.075436,    -0.009982,
  1606.650,    -0.010253,    -0.075216,    -0.007186,
  1606.700,    -0.008538,    -0.067222,    -0.010976,
  1606.750,    -0.002026,    -0.063340,    -0.005645,
  1606.800,     0.011090,    -0.069187,    -0.005990,
  1606.850,    -0.003512,    -0.065506,    -0.003019,
  1606.900,    -0.002376,    -0.051772,    -0.007910,
  1606.950,     0.017889,    -0.049198,    -0.003582,
  1607.000,    -0.001645,    -0.044549,     0.001382,
  1607.050,    -0.002871,    -0.057717,    -0.001357,
  1607.100,     0.032109,    -0.057853,    -0.001942,
  1607.150,     0.026972,    -0.075347,     0.000930,
  1607.200,     0.037751,    -0.075670,     0.004941,
  1607.250,     0.021743,    -0.067853,     0.004978,
  1607.300,     0.034381,    -0.065862,     0.006526,
  1607.350,     0.025831,    -0.091792,     0.014288,
  1607.400,     0.029001,    -0.095613,     0.014667,
  1607.450,     0.029301,    -0.089350,     0.009005,
  1607.500,     0.028676,    -0.075400,     0.013547,
  1607.550,     0.024551,    -0.104859,     0.005885,
  1607.600,     0.036102,    -0.098777,     0.007571,
  1607.650,     0.031011,    -0.092790,     0.002450,
  1607.700,     0.027442,    -0.102410,    -0.000389,
  1607.750,     0.036246,    -0.103796,     0.003329,
  1607.800,     0.031923,    -0.101278,     0.003570,
  1607.850,     0.015444,    -0.124529,    -0.002449,
  1607.900,     0.027393,    -0.136633,    -0.004879,
  1607.950,     0.008573,    -0.124998,    -0.006108,
  1608.000,     0.020349,    -0.137278,    -0.005296,
  1608.050,     0.004264,    -0.131250,    -0.004094,
  1608.100,     0.005468,    -0.141260,    -0.006388,
  1608.150,     0.023106,    -0.161652,    -0.008921,
  1608.200,     0.015445,    -0.162870,    -0.013006,
  1608.250,     0.009190,    -0.156415,    -0.010828,
  1608.300,     0.015000,    -0.147483,    -0.008854,
  1608.350,     0.020043,    -0.147606,    -0.008600,
  1608.400,     0.015925,    -0.157783,    -0.007650,
  1608.450,     0.006931,    -0.149063,    -0.003280,
  1608.500,    -0.003440,    -0.130967,    -0.001900,
  1608.550,    -0.002000,    -0.132564,     0.001068,
  1608.600,     0.015822,    -0.131408,    -0.003742,
  1608.650,     0.010606,    -0.119437,    -0.005653,
  1608.700,     0.019073,    -0.132012,     0.001854,
  1608.750,     0.011510,    -0.130531,     0.001345,
  1608.800,     0.024052,    -0.127366,     0.003423,
  1608.850,     0.011463,    -0.114349,     0.004683,
  1608.900,     0.021925,    -0.118084,     0.004672,
  1608.950,     0.013102,    -0.108535,     0.006223,
  1609.000,     0.008432,    -0.122791,     0.010730,
  1609.050,     0.012256,    -0.112637,     0.005617,
  1609.100,     0.022395,    -0.100752,     0.004651,
  1609.150,     0.025627,    -0.101737,     0.011297,
  1609.200,     0.026535,    -0.083625,     0.009795,
  1609.250,    -0.002895,    -0.090299,     0.007502,
  1609.300,     0.006004,    -0.092264,     0.003567,
  1609.350,     0.013783,    -0.063074,     0.003097,
  1609.400,     0.018524,    -0.072413,     0.001331,
  1609.450,     0.017975,    -0.097468,     0.000226,
  1609.500,     0.011801,    -0.062004,    -0.000615,
  1609.550,    -0.000514,    -0.074665,     0.002302,
  1609.600,     0.011137,    -0.082541,    -0.003194,
  1609.650,     0.017085,    -0.095405,    -0.005942,
  1609.700,     0.014104,    -0.072481,    -0.008573,
  1609.750,     0.002360,    -0.073364,    -0.006606,
  1609.800,    -0.006830,    -0.048757,    -0.002242,
  1609.850,     0.008312,    -0.050317,    -0.004125,
  1609.900,     0.006430,    -0.050132,    -0.010852,
  1609.950,     0.006656,    -0.052159,    -0.009038,
  1610.000,    -0.007849,    -0.076507,    -0.006685,
  1610.050,    -0.005145,    -0.090168,    -0.009340,
  1610.100,    -0.002829,    -0.092489,    -0.005230,
  1610.150,     0.011626,    -0.092585,    -0.002357,
  1610.200,     0.015042,    -0.087222,    -0.004792,
  1610.250,     0.014944,    -0.102442,    -0.006100,
  1610.300,    -0.001621,    -0.110517,    -0.000284,
  1610.350,     0.007703,    -0.117500,     0.000136,
  1610.400,     0.002059,    -0.123959,    -0.001653,
  1610.450,     0.029470,    -0.132789,     0.001594,
  1610.500,     0.033421,    -0.137259,     0.002836,
  1610.550,     0.011107,    -0.141640,     0.004621,
  1610.600,     0.027859,    -0.131035,     0.007766,
  1610.650,     0.037507,    -0.137492,     0.006501,
  1610.700,     0.029369,    -0.131505,     0.003919,
  1610.750,     0.027039,    -0.161033,     0.003091,
  1610.800,     0.010406,    -0.172221,     0.004925,
  1610.850,     0.012777,    -0.194941,     0.006524,
  1610.900,     0.031047,    -0.172747,     0.011212,
  1610.950,     0.019069,    -0.179672,     0.006476,
  1611.000,     0.001509,    -0.196484,     0.003530,
  1611.050,     0.014229,    -0.217035,     0.000935,
  1611.100,     0.021253,    -0.213329,     0.004057,
  1611.150,     0.011111,    -0.239635,     0.005652,
  1611.200,     0.012256,    -0.240099,    -0.004787,
  1611.250,     0.015673,    -0.215287,    -0.001030,
  1611.300,     0.006856,    -0.217257,    -0.004127,
  1611.350,     0.007876,    -0.223915,    -0.007384,
  1611.400,     0.028789,    -0.225158,    -0.003786,
  1611.450,     0.012520,    -0.227445,    -0.001638,
  1611.500,     0.010309,    -0.219021,    -0.002540,
  1611.550,     0.015517,    -0.196926,    -0.008321,
  1611.600,    -0.002174,    -0.221091,    -0.008189,
  1611.650,    -0.001037,    -0.212736,    -0.007801,
  1611.700,     0.009085,    -0.199161,    -0.002534,
  1611.750,    -0.007890,    -0.192209,    -0.004744,
  1611.800,    -0.009173,    -0.199529,    -0.002559,
  1611.850,    -0.008264,    -0.174264,    -0.003036,
  1611.900,    -0.004797,    -0.168421,    -0.004188,
  1611.950,    -0.010970,    -0.185613,    -0.001077,
  1612.000,    -0.035595,    -0.193127,    -0.001885,
  1612.050,    -0.047700,    -0.202004,    -0.003085,
  1612.100,    -0.027878,    -0.203686,     0.000376,
  1612.150,    -0.027412,    -0.192196,     0.003862,
  1612.200,    -0.034762,    -0.228909,     0.003526,
  1612.250,    -0.032326,    -0.217702,     0.007399,
  1612.300,    -0.029078,    -0.218946,     0.008635,
  1612.350,    -0.020517,    -0.226065,     0.004282,
  1612.400,    -0.023655,    -0.209106,    -0.000616,
  1612.450,    -0.020390,    -0.219318,    -0.000845,
  1612.500,    -0.014377,    -0.206316,     0.005762,
  1612.550,    -0.002895,    -0.213026,     0.004575,
  1612.600,    -0.004494,    -0.230964,     0.004853,
  1612.650,    -0.008916,    -0.237960,     0.005190,
  1612.700,     0.011428,    -0.240506,    -0.003921,
  1612.750,     0.002705,    -0.236160,    -0.004139,
  1612.800,     0.014310,    -0.233167,    -0.001716,
  1612.850,    -0.012546,    -0.256656,    -0.000897,
  1612.900,     0.019218,    -0.239617,     0.000200,
  1612.950,     0.018845,    -0.245471,    -0.001602,
  1613.000,     0.012067,    -0.262886,    -0.003283,
  1613.050,     0.005205,    -0.251333,    -0.005576,
  1613.100,     0.011506,    -0.256567,    -0.006150,
  1613.150,     0.019236,    -0.244889,    -0.007851,
  1613.200,    -0.004902,    -0.267568,    -0.005487,
  1613.250,    -0.000998,    -0.263436,    -0.000760,
  1613.300,     0.008333,    -0.261406,    -0.001361,
  1613.350,    -0.002881,    -0.262316,    -0.006587,
  1613.400,     0.006396,    -0.263597,    -0.003890,
  1613.450,     0.008637,    -0.263895,    -0.000541,
  1613.500,     0.009876,    -0.253962,     0.001839,
  1613.550,     0.015302,    -0.267384,    -0.000551,
  1613.600,     0.007590,    -0.282852,     0.000816,
  1613.650,     0.012279,    -0.294390,     0.000131,
  1613.700,     0.009664,    -0.269291,     0.003671,
  1613.750,     0.012891,    -0.296063,     0.002942,
  1613.800,     0.016796,    -0.295676,     0.005246,
  1613.850,     0.006708,    -0.290447,     0.003356,
  1613.900,     0.019754,    -0.308364,     0.000722,
  1613.950,     0.017344,    -0.311033,     0.001624,
  1614.000,     0.015067,    -0.298176,     0.002827,
  1614.050,     0.011506,    -0.320096,     0.004160,
  1614.100,     0.004020,    -0.327092,     0.002173,
  1614.150,    -0.001426,    -0.336267,     0.000397,
  1614.200,     0.011277,    -0.347295,     0.004854,
  1614.250,     0.004359,    -0.345886,     0.000049,
  1614.300,    -0.003616,    -0.330335,     0.000045,
  1614.350,     0.004381,    -0.335595,     0.002293,
  1614.400,     0.005170,    -0.326397,     0.003050,
  1614.450,     0.004110,    -0.335081,     0.002086,
  1614.500,    -0.000232,    -0.341281,     0.003169,
  1614.550,    -0.004201,    -0.341916,    -0.001851,
  1614.600,    -0.029598,    -0.342900,    -0.003209,
  1614.650,    -0.045375,    -0.342125,    -0.006630,
  1614.700,    -0.032123,    -0.318097,    -0.004093,
  1614.750,    -0.027039,    -0.315540,     0.001074,
  1614.800,    -0.025215,    -0.298863,    -0.006475,
  1614.850,    -0.040710,    -0.298416,    -0.008761,
  1614.900,    -0.061994,    -0.312369,    -0.006592,
  1614.950,    -0.055990,    -0.298750,    -0.007363,
  1615.000,    -0.061243,    -0.299329,    -0.005922,
  1615.050,    -0.059946,    -0.316875,    -0.000504,
  1615.100,    -0.072024,    -0.339941,     0.003396,
  1615.150,    -0.069136,    -0.354372,     0.000604,
  1615.200,    -0.075310,    -0.349586,     0.000215,
  1615.250,    -0.080259,    -0.375272,     0.005271,
  1615.300,    -0.062313,    -0.391255,     0.001573,
  1615.350,    -0.062907,    -0.412063,     0.008762,
  1615.400,    -0.054043,    -0.422098,     0.003750,
  1615.450,    -0.041042,    -0.408363,    -0.000327,
  1615.500,    -0.060111,    -0.404922,     0.004218,
  1615.550,    -0.059615,    -0.411461,     0.001819,
  1615.600,    -0.063412,    -0.401083,     0.000617,
  1615.650,    -0.064069,    -0.408784,     0.009626,
  1615.700,    -0.049740,    -0.415894,     0.004283,
  1615.750,    -0.055934,    -0.406058,    -0.004800,
  1615.800,    -0.064267,    -0.429032,    -0.001756,
  1615.850,    -0.048240,    -0.454615,     0.003878,
  1615.900,    -0.060687,    -0.455064,     0.001352,
  1615.950,    -0.071226,    -0.455368,    -0.000948,
  1616.000,    -0.057487,    -0.466990,     0.005282,
  1616.050,    -0.050148,    -0.474880,     0.002129,
  1616.100,    -0.057098,    -0.480263,     0.003660,
  1616.150,    -0.072670,    -0.480738,     0.001598,
  1616.200,    -0.058016,    -0.476577,     0.000244,
  1616.250,    -0.059095,    -0.483261,    -0.003248,
  1616.300,    -0.075739,    -0.490949,    -0.004232,
  1616.350,    -0.083331,    -0.490765,    -0.009233,
  1616.400,    -0.103701,    -0.495713,    -0.008193,
  1616.450,    -0.073278,    -0.492477,    -0.002301,
  1616.500,    -0.077723,    -0.503176,    -0.008175,
  1616.550,    -0.081458,    -0.526755,    -0.003741,
  1616.600,    -0.078368,    -0.506274,     0.000527,
  1616.650,    -0.080852,    -0.492097,    -0.005315,
  1616.700,    -0.079061,    -0.494707,    -0.007002,
  1616.750,    -0.093668,    -0.491688,    -0.004601,
  1616.800,    -0.083130,    -0.491173,    -0.002172,
  1616.850,    -0.072372,    -0.493725,     0.001464,
  1616.900,    -0.093565,    -0.487156,    -0.001360,
  1616.950,    -0.087373,    -0.489569,    -0.001562,
  1617.000,    -0.097315,    -0.506868,     0.000019,
  1617.050,    -0.109764,    -0.487291,     0.006932,
  1617.100,    -0.100611,    -0.474220,     0.004368,
  1617.150,    -0.090878,    -0.483483,     0.004261,
  1617.200,    -0.097195,    -0.473541,     0.006676,
  1617.250,    -0.093948,    -0.474562,     0.008193,
  1617.300,    -0.088524,    -0.456456,     0.008023,
  1617.350,    -0.093638,    -0.446705,     0.011671,
  1617.400,    -0.089398,    -0.459078,     0.010195,
  1617.450,    -0.087616,    -0.445847,     0.010899,
  1617.500,    -0.109005,    -0.438835,     0.007001,
  1617.550,    -0.124064,    -0.433537,     0.004394,
  1617.600,    -0.104080,    -0.436497,     0.005803,
  1617.650,    -0.117097,    -0.418269,     0.002936,
  1617.700,    -0.126025,    -0.416141,     0.006604,
  1617.750,    -0.134034,    -0.407228,     0.004642,
  1617.800,    -0.134244,    -0.401720,    -0.002223,
  1617.850,    -0.134535,    -0.380863,    -0.006258,
  1617.900,    -0.138855,    -0.371745,    -0.002661,
  1617.950,    -0.133055,    -0.338327,    -0.002599,
  1618.000,    -0.137466,    -0.281234,    -0.006555,
  1618.050,    -0.143060,    -0.232384,    -0.008440,
  1618.100,    -0.161119,    -0.193871,    -0.003007,
  1618.150,    -0.151483,    -0.161821,    -0.006539,
  1618.200,    -0.164564,    -0.119875,    -0.011015,
  1618.250,    -0.169023,    -0.077524,    -0.008211,
  1618.300,    -0.152754,    -0.071774,    -0.009423,
  1618.350,    -0.154770,    -0.087374,    -0.008886,
  1618.400,    -0.161473,    -0.196099,    -0.007012,
  1618.450,    -0.154294,    -0.348139,    -0.005588,
  1618.500,    -0.161305,    -0.610612,    -0.003389,
  1618.550,    -0.155614,    -0.952923,    -0.001961,
  1618.600,    -0.160362,    -1.333053,    -0.003095,
  1618.650,    -0.145124,    -1.743931,     0.001177,
  1618.700,    -0.151024,    -2.126887,     0.003741,
  1618.750,    -0.137815,    -2.394161,     0.008428,
  1618.800,    -0.140734,    -2.457728,     0.007175,
  1618.850,    -0.128617,    -2.309845,     0.004479,
  1618.900,    -0.138936,    -1.995652,     0.005635,
  1618.950,    -0.137828,    -1.602009,     0.009710,
  1619.000,    -0.145588,    -1.184876,     0.003415,
  1619.050,    -0.150997,    -0.797805,     0.003868,
  1619.100,    -0.146777,    -0.520714,     0.006372,
  1619.150,    -0.162904,    -0.297820,     0.007709,
  1619.200,    -0.171588,    -0.164513,     0.007658,
  1619.250,    -0.167153,    -0.133796,     0.002347,
  1619.300,    -0.194353,    -0.141140,     0.002684,
  1619.350,    -0.203961,    -0.189173,     0.007073,
  1619.400,    -0.170722,    -0.272831,     0.006170,
  1619.450,    -0.181015,    -0.366149,     0.005114,
  1619.500,    -0.195282,    -0.414662,     0.005089,
  1619.550,    -0.201953,    -0.486669,     0.001279,
  1619.600,    -0.177282,    -0.532702,    -0.002591,
  1619.650,    -0.200254,    -0.559336,    -0.002693,
  1619.700,    -0.202401,    -0.580338,    -0.003389,
  1619.750,    -0.182638,    -0.589772,    -0.000769,
  1619.800,    -0.194214,    -0.591029,     0.000062,
  1619.850,    -0.206514,    -0.607447,    -0.004785,
  1619.900,    -0.213407,    -0.624791,    -0.005579,
  1619.950,    -0.222286,    -0.651564,    -0.003551,
  1620.000,    -0.223185,    -0.699427,    -0.002772,
  1620.050,    -0.213636,    -0.712156,    -0.008886,
  1620.100,    -0.225684,    -0.740053,    -0.009208,
  1620.150,    -0.217933,    -0.779035,    -0.005969,
  1620.200,    -0.206620,    -0.777557,    -0.009570,
  1620.250,    -0.212398,    -0.783301,    -0.004832,
  1620.300,    -0.234723,    -0.795376,     0.000162,
  1620.350,    -0.250771,    -0.762885,     0.002746,
  1620.400,    -0.225998,    -0.756703,    -0.001105,
  1620.450,    -0.234885,    -0.755122,    -0.001813,
  1620.500,    -0.217764,    -0.759587,     0.002232,
  1620.550,    -0.215522,    -0.770126,    -0.001362,
  1620.600,    -0.221696,    -0.762379,     0.003701,
  1620.650,    -0.199057,    -0.799293,     0.006385,
  1620.700,    -0.209819,    -0.826538,     0.005152,
  1620.750,    -0.222649,    -0.825007,     0.005443,
  1620.800,    -0.201246,    -0.836559,     0.004246,
  1620.850,    -0.218930,    -0.864981,     0.002745,
  1620.900,    -0.236832,    -0.872562,     0.002352,
  1620.950,    -0.207304,    -0.863349,     0.005238,
  1621.000,    -0.207284,    -0.892779,    -0.000611,
  1621.050,    -0.188217,    -0.900679,     0.001461,
  1621.100,    -0.195629,    -0.903279,     0.006868,
  1621.150,    -0.195686,    -0.929399,     0.003315,
  1621.200,    -0.195722,    -0.946151,     0.003529,
  1621.250,    -0.208334,    -0.973433,     0.004816,
  1621.300,    -0.184849,    -1.002156,     0.003748,
  1621.350,    -0.202998,    -1.031033,     0.003028,
  1621.400,    -0.191236,    -1.055723,     0.000918,
  1621.450,    -0.189449,    -1.082439,     0.000072,
  1621.500,    -0.197945,    -1.040745,    -0.001276,
  1621.550,    -0.175538,    -1.007067,    -0.000567,
  1621.600,    -0.174129,    -0.969472,    -0.000852,
  1621.650,    -0.179313,    -0.923275,    -0.000757,
  1621.700,    -0.171988,    -0.868363,    -0.000462,
  1621.750,    -0.168979,    -0.839668,    -0.004028,
  1621.800,    -0.156777,    -0.839075,    -0.002632,
  1621.850,    -0.150273,    -0.835832,    -0.000235,
  1621.900,    -0.127941,    -0.868083,    -0.000005,
  1621.950,    -0.129505,    -0.905803,    -0.002906,
  1622.000,    -0.122059,    -0.925178,    -0.000776,
  1622.050,    -0.091669,    -0.925425,     0.003253,
  1622.100,    -0.070773,    -0.933014,     0.000624,
  1622.150,    -0.047145,    -0.943333,     0.002954,
  1622.200,    -0.014774,    -0.946160,    -0.004470,
  1622.250,     0.037778,    -0.947706,    -0.000615,
  1622.300,     0.064512,    -0.936598,    -0.003967,
  1622.350,     0.041002,    -0.911204,    -0.005697,
  1622.400,     0.012122,    -0.902913,    -0.003073,
  1622.450,    -0.053720,    -0.885350,    -0.007738,
  1622.500,    -0.167243,    -0.852988,    -0.002366,
  1622.550,    -0.325387,    -0.809969,     0.002898,
  1622.600,    -0.551231,    -0.785377,    -0.000790,
  1622.650,    -0.818170,    -0.742969,    -0.002097,
  1622.700,    -1.051110,    -0.686576,    -0.003761,
  1622.750,    -1.233833,    -0.613374,    -0.004991,
  1622.800,    -1.335051,    -0.510101,    -0.003159,
  1622.850,    -1.298340,    -0.403846,    -0.003017,
  1622.900,    -1.163411,    -0.275957,     0.000700,
  1622.950,    -0.930745,    -0.136301,    -0.001426,
  1623.000,    -0.644785,    -0.013895,    -0.001827,
  1623.050,    -0.405331,     0.097326,    -0.002580,
  1623.100,    -0.177444,     0.115637,    -0.007052,
  1623.150,     0.003639,     0.008123,    -0.001807,
  1623.200,     0.088659,    -0.326249,     0.003396,
  1623.250,     0.124623,    -1.001347,    -0.001926,
  1623.300,     0.118664,    -2.122518,    -0.000017,
  1623.350,     0.071149,    -3.843026,     0.004606,
  1623.400,     0.033582,    -6.190226,     0.000327,
  1623.450,    -0.044007,    -9.079033,     0.003971,
  1623.500,    -0.100296,   -12.222148,     0.007661,
  1623.550,    -0.138747,   -15.132563,     0.007659,
  1623.600,    -0.177871,   -17.125555,     0.005166,
  1623.650,    -0.225793,   -17.493563,     0.001145,
  1623.700,    -0.263736,   -15.827166,     0.001418,
  1623.750,    -0.261199,   -12.123533,     0.001093,
  1623.800,    -0.262851,    -6.997025,     0.004412,
  1623.850,    -0.254648,    -1.427215,    -0.000431,
  1623.900,    -0.248732,     3.484423,    -0.003619,
  1623.950,    -0.270919,     6.934489,     0.002182,
  1624.000,    -0.295049,     8.513791,     0.001995,
  1624.050,    -0.327488,     8.337132,    -0.003348,
  1624.100,    -0.324124,     6.748450,     0.004904,
  1624.150,    -0.323221,     4.178412,     0.003143,
  1624.200,    -0.336948,     1.205607,    -0.002356,
  1624.250,    -0.348445,    -1.618595,    -0.000159,
  1624.300,    -0.335183,    -3.847212,    -0.003462,
  1624.350,    -0.323818,    -5.274983,    -0.006926,
  1624.400,    -0.353816,    -5.999073,    -0.002033,
  1624.450,    -0.322638,    -6.210488,    -0.003158,
  1624.500,    -0.304646,    -6.037645,     0.000582,
  1624.550,    -0.305227,    -5.448199,    -0.005369,
  1624.600,    -0.310117,    -4.513717,    -0.008561,
  1624.650,    -0.321218,    -3.507028,    -0.007084,
  1624.700,    -0.351164,    -2.713990,    -0.006470,
  1624.750,    -0.340114,    -2.169706,    -0.002954,
  1624.800,    -0.339697,    -1.805950,    -0.006125,
  1624.850,    -0.346484,    -1.469886,    -0.008619,
  1624.900,    -0.355115,    -1.140785,    -0.004435,
  1624.950,    -0.359530,    -0.812284,    -0.002438,
  1625.000,    -0.348161,    -0.407357,    -0.003026,
  1625.050,    -0.351966,     0.132472,    -0.003190,
  1625.100,    -0.369167,     0.838794,    -0.004731,
  1625.150,    -0.359414,     1.727241,    -0.003839,
  1625.200,    -0.361585,     2.765705,    -0.002906,
  1625.250,    -0.375820,     3.889177,     0.001044,
  1625.300,    -0.394076,     5.077292,    -0.000031,
  1625.350,    -0.427534,     6.273234,    -0.003236,
  1625.400,    -0.460627,     7.478472,    -0.000270,
  1625.450,    -0.444787,     8.746009,     0.000634,
  1625.500,    -0.439056,    10.060120,     0.002360,
  1625.550,    -0.434420,    11.467869,     0.004054,
  1625.600,    -0.403452,    13.071246,     0.004225,
  1625.650,    -0.363352,    14.898890,     0.006101,
  1625.700,    -0.342802,    17.010325,     0.006755,
  1625.750,    -0.310281,    19.501218,     0.004009,
  1625.800,    -0.288580,    22.428147,     0.003519,
  1625.850,    -0.302141,    25.822997,    -0.003947,
  1625.900,    -0.315795,    29.700968,    -0.001663,
  1625.950,    -0.334342,    34.164119,    -0.001170,
  1626.000,    -0.352890,    39.328189,    -0.005003,
  1626.050,    -0.379873,    45.320874,     0.002256,
  1626.100,    -0.390473,    52.213222,     0.008671,
  1626.150,    -0.376547,    60.173804,     0.004044,
  1626.200,    -0.380120,    69.234329,    -0.001150,
  1626.250,    -0.376402,    79.317423,    -0.003353,
  1626.300,    -0.361818,    90.147328,    -0.003488,
  1626.350,    -0.351630,   101.149397,    -0.001242,
  1626.400,    -0.345680,   111.240914,    -0.004783,
  1626.450,    -0.310435,   118.577158,    -0.002804,
  1626.500,    -0.302572,   120.330037,    -0.005450,
  1626.550,    -0.299712,   112.301036,    -0.001615,
  1626.600,    -0.271634,    88.936240,    -0.004437,
  1626.650,    -0.260802,    43.654300,    -0.003841,
  1626.700,    -0.249213,   -30.080523,    -0.001642,
  1626.750,    -0.206636,  -136.599317,    -0.004105,
  1626.800,    -0.165586,  -275.383844,    -0.002559,
  1626.850,    -0.103776,  -438.202199,    -0.001599,
  1626.900,    -0.022576,  -607.466873,    -0.003849,
  1626.950,     0.061855,  -756.832510,    -0.001808,
  1627.000,     0.115581,  -853.304042,    -0.000391,
  1627.050,     0.183583,  -863.652525,    -0.002667,
  1627.100,     0.217037,  -767.964910,     0.001635,
  1627.150,     0.228804,  -573.556554,     0.001577,
  1627.200,     0.136381,  -314.836492,    -0.000203,
  1627.250,    -0.100109,   -38.717001,     0.000130,
  1627.300,    -0.586683,   213.204124,     0.003593,
  1627.350,    -1.359047,   414.370761,     0.000197,
  1627.400,    -2.439353,   551.418659,    -0.001249,
  1627.450,    -3.906200,   618.154752,     0.000907,
  1627.500,    -5.638579,   615.650001,    -0.003294,
  1627.550,    -7.439991,   555.920794,    -0.000688,
  1627.600,    -8.943016,   461.606808,     0.005063,
  1627.650,    -9.712752,   358.092630,     0.006229,
  1627.700,    -9.368501,   262.795631,     0.004829,
  1627.750,    -7.713215,   181.288099,     0.010312,
  1627.800,    -4.928621,   113.143369,     0.007468,
  1627.850,    -1.507131,    59.884677,     0.004034,
  1627.900,     1.893050,    26.164406,     0.003145,
  1627.950,     4.608977,    13.388737,     0.001795,
  1628.000,     6.169439,    14.807836,    -0.001226,
  1628.050,     6.514743,    19.605023,    -0.001366,
  1628.100,     5.802766,    20.976186,     0.001605,
  1628.150,     4.306490,    18.573325,     0.000051,
  1628.200,     2.361832,    13.737354,    -0.001474,
  1628.250,     0.336592,     6.294082,    -0.001901,
  1628.300,    -1.419675,    -3.942722,    -0.003096,
  1628.350,    -2.643870,   -15.291041,    -0.001214,
  1628.400,    -3.309470,   -25.115936,     0.001837,
  1628.450,    -3.504665,   -31.509963,     0.006329,
  1628.500,    -3.399599,   -33.304194,     0.003058,
  1628.550,    -3.070011,   -29.992888,    -0.003401,
  1628.600,    -2.534223,   -22.742302,     0.002787,
  1628.650,    -1.844301,   -14.414926,    -0.004290,
  1628.700,    -1.160799,    -7.483234,    -0.004376,
  1628.750,    -0.674291,    -2.984859,    -0.000465,
  1628.800,    -0.368571,    -1.164252,    -0.002243,
  1628.850,    -0.169484,    -2.118112,    -0.007748,
  1628.900,    -0.009940,    -5.174189,    -0.003195,
  1628.950,     0.150789,    -9.286403,    -0.001858,
  1629.000,     0.306984,   -13.634145,    -0.005230,
  1629.050,     0.535787,   -17.083424,    -0.006784,
  1629.100,     0.829733,   -18.429742,    -0.003278,
  1629.150,     1.253915,   -17.405915,    -0.002614,
  1629.200,     1.767984,   -14.983355,     0.007232,
  1629.250,     2.353062,   -11.998510,     0.005860,
  1629.300,     2.989128,    -8.593464,     0.003127,
  1629.350,     3.619552,    -5.354663,    -0.001986,
  1629.400,     4.221221,    -3.324842,    -0.001160,
  1629.450,     4.828506,    -2.418323,     0.000213,
  1629.500,     5.446797,    -1.744800,     0.001819,
  1629.550,     6.074505,    -1.435813,     0.002400,
  1629.600,     6.763773,    -2.146204,     0.005986,
  1629.650,     7.561904,    -3.579164,     0.004935,
  1629.700,     8.455285,    -5.007354,    -0.000577,
  1629.750,     9.560054,    -6.289650,     0.001193,
  1629.800,    10.893633,    -7.321848,     0.000036,
  1629.850,    12.455941,    -7.916487,     0.001395,
  1629.900,    14.264653,    -8.401538,     0.000536,
  1629.950,    16.395423,    -9.063405,     0.002363,
  1630.000,    18.820069,    -9.528301,    -0.000587,
  1630.050,    21.610553,    -9.995554,    -0.001781,
  1630.100,    24.876859,   -11.552468,    -0.003096,
  1630.150,    28.674642,   -14.581446,    -0.008450,
  1630.200,    33.062344,   -18.110098,    -0.003929,
  1630.250,    38.043134,   -21.159664,    -0.005172,
  1630.300,    43.558769,   -23.552278,    -0.004570,
  1630.350,    49.444629,   -25.200944,    -0.002717,
  1630.400,    55.248286,   -25.526302,    -0.003655,
  1630.450,    60.266153,   -23.619052,    -0.002655,
  1630.500,    63.284401,   -18.819349,    -0.002030,
  1630.550,    62.494267,   -11.499617,    -0.005966,
  1630.600,    55.234264,    -3.149112,     0.004098,
  1630.650,    38.109852,     4.452853,     0.011974,
  1630.700,     7.178174,    10.046533,     0.009983,
  1630.750,   -41.206031,    13.060233,     0.017571,
  1630.800,  -109.038129,    13.620158,     0.018197,
  1630.850,  -194.929553,    12.157680,     0.016320,
  1630.900,  -292.158700,     9.274574,     0.018822,
  1630.950,  -387.560066,     5.856123,     0.017083,
  1631.000,  -462.511673,     2.993944,     0.011896,
  1631.050,  -495.999237,     1.406954,     0.010174,
  1631.100,  -470.855373,     1.309775,     0.010058,
  1631.150,  -381.899737,     2.395546,     0.012691,
  1631.200,  -240.682757,     3.763499,     0.013641,
  1631.250,   -72.300212,     4.322650,     0.014370,
  1631.300,    94.424445,     3.926636,     0.014304,
  1631.350,   235.971188,     3.166550,     0.008665,
  1631.400,   337.993589,     2.265575,    -0.001214,
  1631.450,   393.928178,     1.160862,    -0.005686,
  1631.500,   403.397682,     0.170592,    -0.010315,
  1631.550,   371.985597,    -0.376537,    -0.014752,
  1631.600,   311.308017,    -0.448203,    -0.014441,
  1631.650,   237.358396,    -0.184167,    -0.010983,
  1631.700,   165.295145,     0.207198,    -0.012659,
  1631.750,   103.910611,     0.439720,    -0.018756,
  1631.800,    54.476486,     0.576219,    -0.014567,
  1631.850,    15.760471,     0.828175,    -0.008605,
  1631.900,   -11.406214,     1.151283,    -0.009014,
  1631.950,   -24.592475,     1.302174,    -0.008958,
  1632.000,   -24.523215,     1.393799,    -0.007263,
  1632.050,   -17.176693,     1.363982,    -0.004964,
  1632.100,    -9.895464,     0.892051,     0.003067,
  1632.150,    -6.100059,    -0.002850,     0.003777,
  1632.200,    -5.335840,    -0.749953,     0.005093,
  1632.250,    -6.579513,    -0.775002,     0.001880,
  1632.300,    -9.928158,    -0.086435,     0.003023,
  1632.350,   -15.134143,     0.719788,    -0.001628,
  1632.400,   -20.683852,     0.976297,    -0.005104,
  1632.450,   -24.874087,     0.479779,    -0.000419,
  1632.500,   -26.608534,    -0.447088,     0.002059,
  1632.550,   -25.254733,    -1.509570,    -0.004513,
  1632.600,   -20.649583,    -2.620741,    -0.001027,
  1632.650,   -14.035590,    -3.634282,     0.005022,
  1632.700,    -7.476841,    -4.182021,    -0.000117,
  1632.750,    -2.481283,    -3.906807,    -0.000243,
  1632.800,     0.456126,    -2.793900,     0.002646,
  1632.850,     1.255746,    -1.227206,     0.002898,
  1632.900,     0.025158,     0.409447,     0.001372,
  1632.950,    -2.607608,     1.757836,    -0.000164,
  1633.000,    -5.866423,     2.638111,    -0.004338,
  1633.050,    -9.142234,     3.037544,    -0.003441,
  1633.100,   -11.547523,     2.807701,    -0.002278,
  1633.150,   -12.169931,     1.846147,     0.000264,
  1633.200,   -10.976226,     0.418482,    -0.000409,
  1633.250,    -8.815135,    -0.781082,    -0.001433,
  1633.300,    -6.256964,    -1.114038,    -0.002944,
  1633.350,    -3.508465,    -0.548134,    -0.001952,
  1633.400,    -1.191271,     0.372960,    -0.001229,
  1633.450,     0.086037,     1.093779,    -0.003935,
  1633.500,     0.599955,     1.532629,    -0.006168,
  1633.550,     0.936911,     1.931117,    -0.006625,
  1633.600,     0.817985,     2.205702,    -0.002605,
  1633.650,    -0.046180,     2.028786,    -0.002880,
  1633.700,    -1.281677,     1.294591,    -0.004546,
  1633.750,    -2.390172,     0.509281,    -0.004049,
  1633.800,    -3.291694,     0.259539,    -0.001933,
  1633.850,    -3.879030,     0.637703,     0.000803,
  1633.900,    -4.176568,     1.288410,     0.001299,
  1633.950,    -4.429390,     1.735328,     0.002598,
  1634.000,    -4.781160,     2.004661,     0.002198,
  1634.050,    -4.937416,     2.524687,     0.000512,
  1634.100,    -5.207870,     3.538086,     0.005991,
  1634.150,    -6.448270,     4.817174,     0.010040,
  1634.200,    -8.599038,     5.771806,     0.004793,
  1634.250,   -10.788760,     5.894634,     0.002132,
  1634.300,   -12.434808,     5.019867,     0.006966,
  1634.350,   -13.482371,     3.374413,     0.003265,
  1634.400,   -13.834350,     1.468931,     0.003912,
  1634.450,   -13.084930,    -0.234864,     0.004915,
  1634.500,   -10.797291,    -1.331142,     0.005751,
  1634.550,    -6.875506,    -1.620024,     0.007325,
  1634.600,    -1.860390,    -1.193751,     0.004931,
  1634.650,     3.206294,    -0.221375,     0.002404,
  1634.700,     7.235130,     0.944310,     0.000774,
  1634.750,     9.628270,     1.802740,     0.004627,
  1634.800,    10.120062,     2.103127,     0.002564,
  1634.850,     8.938849,     1.980898,     0.001703,
  1634.900,     6.660605,     1.834150,    -0.003832,
  1634.950,     3.944277,     1.554471,     0.002427,
  1635.000,     1.448781,     0.849765,     0.003441,
  1635.050,    -0.179931,    -0.364628,    -0.003004,
  1635.100,    -0.599945,    -1.647068,    -0.004907,
  1635.150,     0.107448,    -2.463542,    -0.008795,
  1635.200,     1.500102,    -2.393592,    -0.009693,
  1635.250,     2.737593,    -1.539666,    -0.003807,
  1635.300,     3.071881,    -0.367061,    -0.008603,
  1635.350,     2.550132,     0.786164,    -0.005724,
  1635.400,     1.690725,     1.800347,     0.002397,
  1635.450,     0.752940,     2.567745,     0.002860,
  1635.500,    -0.264281,     2.857418,    -0.000945,
  1635.550,    -1.086180,     2.729597,    -0.001781,
  1635.600,    -1.464741,     2.507415,    -0.007442,
  1635.650,    -1.406901,     2.725166,    -0.003885,
  1635.700,    -1.049184,     3.536522,    -0.000379,
  1635.750,    -0.624788,     4.719953,    -0.002097,
  1635.800,    -0.341413,     5.978758,     0.001705,
  1635.850,    -0.057964,     7.139484,     0.003445,
  1635.900,     0.303201,     8.018270,     0.003085,
  1635.950,     0.615248,     8.408722,     0.002306,
  1636.000,     0.755809,     8.099335,     0.006075,
  1636.050,     0.848919,     6.992960,     0.011887,
  1636.100,     0.740855,     5.083596,     0.006635,
  1636.150,     0.270575,     2.715300,     0.006370,
  1636.200,    -0.404010,     0.553834,     0.006665,
  1636.250,    -0.734954,    -0.974464,    -0.000349,
  1636.300,    -0.445260,    -1.866223,     0.002727,
  1636.350,     0.319411,    -2.360050,     0.001169,
  1636.400,     1.031439,    -2.625182,    -0.002848,
  1636.450,     1.095823,    -2.683920,    -0.001723,
  1636.500,     0.505212,    -2.569406,    -0.004209,
  1636.550,    -0.406301,    -2.462354,     0.000615,
  1636.600,    -1.333683,    -2.381856,    -0.003735,
  1636.650,    -2.189869,    -2.249739,     0.000615,
  1636.700,    -2.861756,    -1.943175,     0.000481,
  1636.750,    -3.113806,    -1.563875,    -0.008828,
  1636.800,    -2.676816,    -1.173989,    -0.002147,
  1636.850,    -1.719516,    -0.740138,    -0.003265,
  1636.900,    -0.493916,    -0.124872,    -0.009387,
  1636.950,     0.625393,     0.609759,    -0.003783,
  1637.000,     1.421489,     1.406203,    -0.002525,
  1637.050,     1.844879,     2.317221,    -0.001176,
  1637.100,     1.901463,     3.254949,    -0.002491,
  1637.150,     1.512497,     4.003688,    -0.003210,
  1637.200,     0.629548,     4.135708,    -0.004281,
  1637.250,    -0.473386,     3.405202,    -0.005718,
  1637.300,    -1.155670,     1.985505,     0.001353,
  1637.350,    -1.045828,     0.434592,     0.002944,
  1637.400,    -0.322715,    -0.822254,    -0.004372,
  1637.450,     0.454391,    -1.575648,     0.000424,
  1637.500,     0.905322,    -1.729813,    -0.000108,
  1637.550,     1.109142,    -1.255113,     0.002660,
  1637.600,     1.289753,    -0.338612,     0.001305,
  1637.650,     1.321239,     0.763632,     0.004483,
  1637.700,     0.926754,     1.740224,     0.001757,
  1637.750,     0.165493,     2.460679,    -0.000156,
  1637.800,    -0.430009,     2.958997,    -0.003406,
  1637.850,    -0.506902,     3.299934,     0.001756,
  1637.900,    -0.047110,     3.385711,     0.006561,
  1637.950,     0.546322,     3.162409,     0.003844,
  1638.000,     0.897202,     2.824086,     0.005160,
  1638.050,     1.103577,     2.523193,     0.002050,
  1638.100,     1.558876,     2.167881,     0.001489,
  1638.150,     2.377699,     1.673464,     0.000727,
  1638.200,     3.255475,     1.097867,    -0.001073,
  1638.250,     3.747531,     0.595649,    -0.004769,
  1638.300,     3.493872,     0.267708,    -0.004462,
  1638.350,     2.494491,     0.215812,     0.000181,
  1638.400,     1.030298,     0.300757,    -0.000186,
  1638.450,    -0.444240,     0.210374,    -0.002256,
  1638.500,    -1.559761,    -0.234144,    -0.005142,
  1638.550,    -2.099599,    -0.859218,    -0.004920,
  1638.600,    -1.994800,    -1.345800,    -0.005268,
  1638.650,    -1.378461,    -1.384178,    -0.007748,
  1638.700,    -0.417506,    -1.020408,    -0.008031,
  1638.750,     0.547139,    -0.342018,    -0.002737,
  1638.800,     1.164303,     0.725234,    -0.001634,
  1638.850,     1.313099,     2.078701,    -0.005934,
  1638.900,     1.198820,     3.398893,    -0.009794,
  1638.950,     1.065225,     4.392974,    -0.004584,
  1639.000,     0.739417,     4.958612,    -0.000443,
  1639.050,    -0.008261,     5.103479,    -0.004199,
  1639.100,    -1.153061,     4.824185,    -0.000540,
  1639.150,    -2.311065,     3.945542,     0.001379,
  1639.200,    -3.021956,     2.410317,     0.003304,
  1639.250,    -3.040316,     0.343592,     0.001468,
  1639.300,    -2.497770,    -1.854028,     0.002675,
  1639.350,    -1.738011,    -3.661547,     0.003658,
  1639.400,    -0.902615,    -4.850082,     0.004584,
  1639.450,    -0.028921,    -5.255514,     0.004868,
  1639.500,     0.892621,    -4.758078,     0.009733,
  1639.550,     1.597625,    -3.317165,     0.007650,
  1639.600,     2.039224,    -1.240698,     0.005092,
  1639.650,     2.403525,     1.045305,     0.000977,
  1639.700,     2.899220,     2.943423,     0.003192,
  1639.750,     3.529145,     4.244858,     0.001717,
  1639.800,     4.087978,     5.100088,    -0.003230,
  1639.850,     4.436233,     5.546860,    -0.003206,
  1639.900,     4.597715,     5.334418,    -0.001721,
  1639.950,     4.519470,     4.304736,    -0.000092,
  1640.000,     4.192417,     2.511987,    -0.003783,
  1640.050,     3.570815,     0.352506,    -0.005454,
  1640.100,     2.594558,    -1.575325,    -0.000818,
  1640.150,     1.242975,    -2.746470,     0.000282,
  1640.200,    -0.174655,    -3.031769,    -0.001359,
  1640.250,    -1.288912,    -2.697153,    -0.002807,
  1640.300,    -1.922921,    -2.044046,    -0.001448,
  1640.350,    -2.150458,    -1.309203,    -0.000821,
  1640.400,    -2.204580,    -0.531349,     0.000843,
  1640.450,    -2.197516,     0.062713,     0.001672,
  1640.500,    -2.118580,     0.293488,     0.004841,
  1640.550,    -1.994761,     0.269254,     0.002304,
  1640.600,    -1.896110,     0.404838,    -0.000592,
  1640.650,    -1.790136,     1.032106,     0.002960,
  1640.700,    -1.591360,     2.062719,    -0.000614,
  1640.750,    -1.238619,     3.106748,     0.003932,
  1640.800,    -0.808085,     3.840306,     0.000093,
  1640.850,    -0.362356,     4.170689,     0.001804,
  1640.900,     0.143124,     4.128747,     0.007604,
  1640.950,     0.721519,     3.825790,     0.002722,
  1641.000,     1.363755,     3.105605,    -0.003302,
  1641.050,     2.021606,     1.919317,     0.000533,
  1641.100,     2.710870,     0.499471,     0.003772,
  1641.150,     3.409745,    -0.655401,     0.001445,
  1641.200,     3.903570,    -1.180790,     0.005736,
  1641.250,     3.818661,    -0.932680,    -0.001088,
  1641.300,     3.116547,     0.065962,    -0.005347,
  1641.350,     2.026459,     1.640657,    -0.003774,
  1641.400,     1.064790,     3.587384,    -0.003768,
  1641.450,     0.461113,     5.627009,    -0.004824,
  1641.500,     0.341504,     7.283995,    -0.002345,
  1641.550,     0.761705,     7.929273,    -0.004347,
  1641.600,     1.656875,     7.229707,    -0.005268,
  1641.650,     2.820949,     5.437746,    -0.000938,
  1641.700,     4.066775,     3.255428,    -0.001543,
  1641.750,     5.210208,     1.287893,    -0.004803,
  1641.800,     6.138793,    -0.430065,    -0.004987,
  1641.850,     6.999762,    -1.912394,    -0.002344,
  1641.900,     7.845245,    -2.921142,    -0.000764,
  1641.950,     8.589388,    -3.164518,    -0.002018,
  1642.000,     9.261463,    -2.711609,     0.002317,
  1642.050,     9.967006,    -2.023525,     0.000080,
  1642.100,    10.753783,    -1.612473,    -0.002061,
  1642.150,    11.419495,    -1.626222,     0.000636,
  1642.200,    11.728798,    -1.895577,    -0.000272,
  1642.250,    11.399577,    -2.231396,     0.000063,
  1642.300,    10.158910,    -2.317654,    -0.001390,
  1642.350,     7.451437,    -1.902629,     0.001974,
  1642.400,     2.537343,    -0.786280,     0.003541,
  1642.450,    -5.489076,     1.129492,     0.002807,
  1642.500,   -17.508366,     3.499094,     0.006973,
  1642.550,   -33.656849,     5.749574,     0.010230,
  1642.600,   -52.897799,     7.199591,     0.009296,
  1642.650,   -72.655054,     7.364164,     0.007112,
  1642.700,   -89.199356,     6.108811,     0.007317,
  1642.750,   -98.102542,     3.760737,     0.004317,
  1642.800,   -95.245337,     1.035424,     0.005964,
  1642.850,   -78.190580,    -1.500944,     0.006356,
  1642.900,   -47.880289,    -3.580921,     0.005828,
  1642.950,    -9.073919,    -5.075783,     0.001415,
  1643.000,    31.259693,    -5.654107,     0.001823,
  1643.050,    66.082424,    -4.892246,     0.006968,
  1643.100,    90.299005,    -2.572867,    -0.000205,
  1643.150,   101.731890,     0.931624,    -0.007675,
  1643.200,   100.520437,     4.734468,    -0.005171,
  1643.250,    88.483628,     7.863014,    -0.003745,
  1643.300,    68.752271,     9.581584,    -0.007122,
  1643.350,    45.397268,     9.571676,    -0.009885,
  1643.400,    22.780274,     7.899424,    -0.010335,
  1643.450,     4.314919,     4.949290,    -0.014814,
  1643.500,    -8.559807,     1.389123,    -0.014861,
  1643.550,   -16.377617,    -1.934049,    -0.003371,
  1643.600,   -20.129286,    -4.311451,     0.000183,
  1643.650,   -20.251516,    -5.354010,    -0.003201,
  1643.700,   -17.121253,    -5.268690,    -0.003824,
  1643.750,   -11.889915,    -4.557273,     0.000958,
  1643.800,    -6.450447,    -3.695180,     0.003853,
  1643.850,    -2.456937,    -2.738433,    -0.001144,
  1643.900,    -0.414352,    -1.598857,     0.001238,
  1643.950,    -0.037725,    -0.426964,     0.006782,
  1644.000,    -1.030295,     0.606600,     0.004688,
  1644.050,    -3.090462,     1.409146,     0.008187,
  1644.100,    -5.680175,     2.057791,     0.001450,
  1644.150,    -7.808083,     2.602047,     0.003347,
  1644.200,    -8.743911,     3.052287,     0.003672,
  1644.250,    -8.327896,     3.248419,    -0.000925,
  1644.300,    -6.766219,     3.271796,     0.001290,
  1644.350,    -4.446738,     3.133470,     0.003663,
  1644.400,    -1.901942,     2.880073,     0.004249,
  1644.450,     0.278325,     2.369453,     0.002919,
  1644.500,     1.625330,     1.468208,     0.001942,
  1644.550,     1.998471,     0.140516,    -0.000399,
  1644.600,     1.656160,    -1.456805,     0.002220,
  1644.650,     1.090876,    -3.080571,     0.002271,
  1644.700,     0.684939,    -4.479910,    -0.001696,
  1644.750,     0.517326,    -5.262017,     0.002547,
  1644.800,     0.429275,    -5.094079,    -0.003122,
  1644.850,     0.415800,    -3.856473,    -0.001120,
  1644.900,     0.544241,    -1.698483,    -0.004260,
  1644.950,     0.844692,     0.847717,     0.001384,
  1645.000,     1.101697,     3.351845,     0.005440,
  1645.050,     1.019706,     5.478878,    -0.004688,
  1645.100,     0.560749,     6.879348,    -0.006900,
  1645.150,    -0.155226,     7.193092,    -0.002915,
  1645.200,    -0.809704,     6.209300,    -0.002257,
  1645.250,    -1.045971,     4.192611,    -0.002540,
  1645.300,    -0.662258,     1.729110,    -0.000137,
  1645.350,     0.150101,    -0.502945,    -0.003431,
  1645.400,     1.214709,    -2.066343,     0.000608,
  1645.450,     2.446888,    -2.800311,    -0.003486,
  1645.500,     3.686742,    -2.672023,    -0.002187,
  1645.550,     4.556978,    -1.756019,     0.006197,
  1645.600,     4.571736,    -0.414681,     0.005947,
  1645.650,     3.577401,     0.885057,    -0.001578,
  1645.700,     1.923321,     1.681047,     0.001542,
  1645.750,     0.188053,     1.914041,     0.001105,
  1645.800,    -1.236874,     1.801556,     0.001595,
  1645.850,    -2.472139,     1.604196,     0.000801,
  1645.900,    -3.722250,     1.597945,     0.002617,
  1645.950,    -4.678560,     1.796716,    -0.005725,
  1646.000,    -4.929523,     2.086455,    -0.000843,
  1646.050,    -4.537235,     2.404416,     0.001094,
  1646.100,    -3.982792,     2.883028,    -0.000370,
  1646.150,    -3.531578,     3.470125,    -0.002498,
  1646.200,    -3.137903,     3.800494,    -0.000754,
  1646.250,    -2.631747,     3.519708,    -0.003397,
  1646.300,    -1.796162,     2.324408,    -0.006288,
  1646.350,    -0.614197,     0.377733,    -0.008056,
  1646.400,     0.825438,    -1.639211,    -0.006211,
  1646.450,     2.482067,    -3.273408,    -0.002314,
  1646.500,     4.205594,    -4.368732,    -0.000431,
  1646.550,     5.639278,    -4.902630,    -0.000141,
  1646.600,     6.443218,    -4.539004,     0.002857,
  1646.650,     6.315641,    -2.895854,     0.007426,
  1646.700,     5.163683,    -0.051166,     0.004107,
  1646.750,     3.125821,     3.371334,     0.004954,
  1646.800,     0.775028,     6.374152,    -0.003299,
  1646.850,    -1.308035,     8.159886,    -0.001243,
  1646.900,    -2.794756,     8.407146,     0.003529,
  1646.950,    -3.713592,     7.260378,     0.000193,
  1647.000,    -4.237978,     5.100806,     0.003880,
  1647.050,    -4.235187,     2.369490,     0.006729,
  1647.100,    -3.302658,    -0.467867,    -0.000485,
  1647.150,    -1.257411,    -2.881076,     0.000630,
  1647.200,     1.473486,    -4.160517,     0.004666,
  1647.250,     4.092958,    -4.009448,     0.008418,
  1647.300,     5.972119,    -2.728079,     0.006655,
  1647.350,     6.692227,    -0.931201,     0.004070,
  1647.400,     6.132903,     0.907262,    -0.000924,
  1647.450,     4.432771,     2.466837,     0.001685,
  1647.500,     1.957518,     3.419829,    -0.000834,
  1647.550,    -0.789951,     3.613173,    -0.000195,
  1647.600,    -3.126782,     2.940241,     0.001995,
  1647.650,    -4.445090,     1.733533,    -0.002858,
  1647.700,    -4.694242,     0.600073,    -0.004106,
  1647.750,    -4.202992,     0.106117,     0.001232,
  1647.800,    -3.359787,     0.398465,    -0.003307,
  1647.850,    -2.576178,     1.138148,    -0.002266,
  1647.900,    -1.816652,     1.833618,    -0.001284,
  1647.950,    -1.004541,     2.254569,    -0.000009,
  1648.000,    -0.119394,     2.366573,    -0.000721,
  1648.050,     0.745880,     2.160168,    -0.004121,
  1648.100,     1.474541,     1.678289,    -0.008492,
  1648.150,     2.039458,     1.088022,    -0.002825,
  1648.200,     2.327614,     0.468325,     0.001531,
  1648.250,     2.340490,    -0.085080,    -0.004663,
  1648.300,     2.108230,    -0.424321,    -0.007551,
  1648.350,     1.737873,    -0.445310,    -0.001247,
  1648.400,     1.352300,    -0.052121,     0.002215,
  1648.450,     0.928774,     0.676347,    -0.001889,
  1648.500,     0.467460,     1.592305,     0.000726,
  1648.550,    -0.117871,     2.568017,     0.011086,
  1648.600,    -0.890442,     3.345554,     0.006271,
  1648.650,    -1.726601,     3.660376,    -0.001398,
  1648.700,    -2.609491,     3.156357,     0.005923,
  1648.750,    -3.313537,     1.812877,     0.006185,
  1648.800,    -3.565326,     0.100915,     0.000437,
  1648.850,    -3.144701,    -1.311793,     0.005985,
  1648.900,    -2.026291,    -1.930688,     0.000539,
  1648.950,    -0.454393,    -1.794235,    -0.004078,
  1649.000,     1.261150,    -1.199253,     0.006913,
  1649.050,     2.897080,    -0.342031,    -0.001031,
  1649.100,     4.344158,     0.771827,    -0.000828,
  1649.150,     5.220733,     1.928787,     0.007531,
  1649.200,     5.168047,     2.813558,    -0.002181,
  1649.250,     4.034270,     3.133130,    -0.002912,
  1649.300,     2.196182,     2.861016,     0.002597,
  1649.350,     0.225506,     2.236333,    -0.002097,
  1649.400,    -1.411318,     1.521251,    -0.002423,
  1649.450,    -2.535944,     0.906289,    -0.003200,
  1649.500,    -3.008152,     0.542241,    -0.003180,
  1649.550,    -2.687656,     0.529363,     0.000731,
  1649.600,    -1.714718,     0.919639,    -0.005893,
  1649.650,    -0.427804,     1.593277,    -0.001495,
  1649.700,     0.680934,     2.286626,    -0.003595,
  1649.750,     1.268048,     2.769640,    -0.008179,
  1649.800,     1.351486,     2.829136,    -0.003664,
  1649.850,     1.278531,     2.390700,    -0.000768,
  1649.900,     1.307488,     1.623867,     0.000881,
  1649.950,     1.484984,     0.734181,    -0.004235,
  1650.000,     1.664479,     0.053056,    -0.010040,
  1650.050,     1.706695,    -0.300182,     0.003505,
  1650.100,     1.647921,    -0.330311,    -0.002096,
  1650.150,     1.676110,     0.160527,     0.000624,
  1650.200,     1.746201,     1.115636,     0.000022,
  1650.250,     1.716689,     2.248310,     0.004709,
  1650.300,     1.294807,     3.317872,     0.001473,
  1650.350,     0.294661,     4.218050,     0.003099,
  1650.400,    -1.010213,     4.802698,     0.002363,
  1650.450,    -2.198614,     4.799560,     0.006180,
  1650.500,    -3.010387,     3.937437,     0.005792,
  1650.550,    -3.473018,     2.234988,     0.006719,
  1650.600,    -3.576619,     0.093360,     0.004052,
  1650.650,    -2.992468,    -1.962899,     0.005216,
  1650.700,    -1.439528,    -3.475688,    -0.003049,
  1650.750,     0.880439,    -4.036231,    -0.002377,
  1650.800,     3.269899,    -3.473809,     0.004555,
  1650.850,     4.970018,    -1.886582,    -0.001942,
  1650.900,     5.592534,     0.126319,    -0.002135,
  1650.950,     5.118150,     1.818449,    -0.005531,
  1651.000,     3.791111,     2.693813,    -0.002956,
  1651.050,     1.996651,     2.733047,    -0.002374,
  1651.100,    -0.050765,     2.152289,    -0.003015,
  1651.150,    -1.979257,     1.258361,    -0.002713,
  1651.200,    -3.338722,     0.158188,    -0.001694,
  1651.250,    -3.659770,    -0.942973,     0.000455,
  1651.300,    -2.975828,    -1.804075,    -0.002575,
  1651.350,    -1.623997,    -2.231281,    -0.002870,
  1651.400,    -0.047666,    -2.134919,    -0.000693,
  1651.450,     1.491967,    -1.592647,    -0.004116,
  1651.500,     2.627396,    -0.586536,     0.000074,
  1651.550,     3.201519,     0.569924,     0.001536,
  1651.600,     3.095051,     1.485851,    -0.003929,
  1651.650,     2.346246,     1.863712,     0.003100,
  1651.700,     1.246083,     1.731539,     0.002912,
  1651.750,     0.326673,     1.275343,     0.001454,
  1651.800,    -0.049552,     0.735871,    -0.001010,
  1651.850,     0.078805,     0.323951,     0.000007,
  1651.900,     0.364593,     0.344839,     0.003055,
  1651.950,     0.542808,     0.881324,     0.003474,
  1652.000,     0.608832,     1.640736,     0.004930,
  1652.050,     0.561373,     2.277143,    -0.000969,
  1652.100,     0.401164,     2.580827,     0.001589,
  1652.150,     0.109499,     2.568938,     0.003722,
  1652.200,    -0.251182,     2.170394,    -0.002373,
  1652.250,    -0.599165,     1.352140,     0.000157,
  1652.300,    -0.868509,     0.204674,     0.001344,
  1652.350,    -0.965714,    -0.882404,    -0.000773,
  1652.400,    -0.816892,    -1.414204,    -0.000790,
  1652.450,    -0.331945,    -1.075575,     0.000014,
  1652.500,     0.367716,     0.051595,     0.000714,
  1652.550,     1.189755,     1.459865,    -0.001552,
  1652.600,     1.964368,     2.605237,    -0.001973,
  1652.650,     2.527062,     3.283422,    -0.001467,
  1652.700,     2.654144,     3.466495,    -0.002978,
  1652.750,     2.130299,     3.142623,    -0.003441,
  1652.800,     1.057575,     2.283277,    -0.002322,
  1652.850,    -0.162415,     0.979266,    -0.000700,
  1652.900,    -0.967826,    -0.404800,     0.001740,
  1652.950,    -1.170672,    -1.550247,     0.002487,
  1653.000,    -0.971128,    -2.182721,     0.006784,
  1653.050,    -0.642941,    -2.153554,     0.006580,
  1653.100,    -0.183311,    -1.634214,     0.004642,
  1653.150,     0.435907,    -0.797085,     0.007384,
  1653.200,     1.183858,     0.248118,     0.006323,
  1653.250,     1.780528,     1.459119,     0.004480,
  1653.300,     1.954912,     2.663853,     0.002633,
  1653.350,     1.847178,     3.522087,     0.003204,
  1653.400,     1.562568,     3.822955,     0.005341,
  1653.450,     1.276838,     3.637938,    -0.003746,
  1653.500,     1.080070,     3.161850,    -0.007952,
  1653.550,     1.068437,     2.520111,    -0.003701,
  1653.600,     1.335938,     1.814874,    -0.002804,
  1653.650,     1.887026,     1.234400,    -0.008086,
  1653.700,     2.543530,     0.964248,    -0.007740,
  1653.750,     3.118312,     1.153447,    -0.007108,
  1653.800,     3.456836,     1.694563,    -0.003715,
  1653.850,     3.426221,     2.303654,    -0.006730,
  1653.900,     3.011960,     2.495366,    -0.009464,
  1653.950,     2.297889,     2.154924,    -0.007378,
  1654.000,     1.424762,     1.370564,    -0.001281,
  1654.050,     0.518596,     0.382061,    -0.008319,
  1654.100,    -0.479823,    -0.531363,    -0.005878,
  1654.150,    -1.703303,    -1.062805,     0.002409,
  1654.200,    -3.265814,    -1.035515,    -0.000060,
  1654.250,    -5.330669,    -0.385731,     0.003423,
  1654.300,    -8.104519,     0.691815,     0.000525,
  1654.350,   -11.337726,     1.933382,     0.004502,
  1654.400,   -14.359322,     3.167818,     0.008487,
  1654.450,   -16.360528,     4.040509,     0.009700,
  1654.500,   -16.550747,     4.375167,     0.008287,
  1654.550,   -14.387126,     4.107046,     0.005285,
  1654.600,    -9.610012,     3.441271,     0.002407,
  1654.650,    -2.626303,     2.591825,     0.008398,
  1654.700,     5.450400,     1.536290,     0.002722,
  1654.750,    13.125818,     0.339489,     0.003447,
  1654.800,    19.107168,    -0.839023,     0.006694,
  1654.850,    22.571340,    -1.675263,    -0.002019,
  1654.900,    23.280752,    -1.996982,    -0.000497,
  1654.950,    21.342623,    -1.820432,    -0.000367,
  1655.000,    16.941214,    -1.270407,    -0.004225,
  1655.050,    10.884893,    -0.493290,    -0.003436,
  1655.100,     4.384915,     0.607018,    -0.003774,
  1655.150,    -1.370773,     1.841395,    -0.007900,
  1655.200,    -5.544018,     2.976855,    -0.004356,
  1655.250,    -8.086392,     3.762788,    -0.009003,
  1655.300,    -9.237434,     4.141734,    -0.007192,
  1655.350,    -9.218610,     4.145293,    -0.006481,
  1655.400,    -8.081447,     3.864822,    -0.008316,
  1655.450,    -6.060808,     3.244388,    -0.008264,
  1655.500,    -3.541643,     2.195073,    -0.007355,
  1655.550,    -1.079408,     0.900733,    -0.005392,
  1655.600,     0.763410,    -0.429988,     0.001453,
  1655.650,     1.645372,    -1.408666,    -0.004402,
  1655.700,     1.657556,    -1.807847,    -0.001388,
  1655.750,     0.994447,    -1.769096,     0.006185,
  1655.800,    -0.055939,    -1.473016,     0.002040,
  1655.850,    -1.133456,    -1.085380,     0.000991,
  1655.900,    -1.770985,    -0.577102,     0.002477,
  1655.950,    -1.680005,     0.080463,     0.004099,
  1656.000,    -0.878898,     0.942668,     0.008687,
  1656.050,     0.228699,     1.876642,     0.009179,
  1656.100,     1.279191,     2.847501,     0.002417,
  1656.150,     1.995761,     3.721898,     0.006747,
  1656.200,     2.263021,     4.248206,     0.006735,
  1656.250,     1.940731,     4.202214,     0.005200,
  1656.300,     1.103105,     3.353246,     0.001123,
  1656.350,    -0.076250,     1.916903,     0.004290,
  1656.400,    -1.050183,     0.319465,     0.003225,
  1656.450,    -1.359874,    -1.015867,    -0.002357,
  1656.500,    -0.916484,    -1.926385,     0.003991,
  1656.550,     0.105000,    -2.433142,    -0.002163,
  1656.600,     1.187703,    -2.618615,    -0.002862,
  1656.650,     1.992461,    -2.587156,     0.003349,
  1656.700,     2.386816,    -2.401076,    -0.005074,
  1656.750,     2.328523,    -2.161640,    -0.004683,
  1656.800,     1.795190,    -1.677688,    -0.005168,
  1656.850,     0.816898,    -0.860168,    -0.005355,
  1656.900,    -0.417505,     0.249309,    -0.009090,
  1656.950,    -1.571074,     1.487038,    -0.011967,
  1657.000,    -2.293228,     2.530050,    -0.010189,
  1657.050,    -2.367690,     3.091155,    -0.011369,
  1657.100,    -1.866289,     3.094993,    -0.007739,
  1657.150,    -0.988142,     2.552871,    -0.004768,
  1657.200,     0.074336,     1.766720,     0.000200,
  1657.250,     1.169584,     0.884781,    -0.001046,
  1657.300,     2.186127,     0.133546,    -0.002440,
  1657.350,     2.848294,    -0.366438,    -0.004730,
  1657.400,     2.961193,    -0.600281,     0.001820,
  1657.450,     2.503451,    -0.555912,    -0.004056,
  1657.500,     1.796785,    -0.281646,     0.007238,
  1657.550,     1.032875,     0.095342,     0.007959,
  1657.600,     0.244890,     0.421960,     0.009218,
  1657.650,    -0.489608,     0.527875,     0.007053,
  1657.700,    -0.967938,     0.364514,     0.001722,
  1657.750,    -0.964216,     0.217246,     0.002527,
  1657.800,    -0.484988,     0.330583,     0.006620,
  1657.850,     0.214299,     0.759865,     0.001426,
  1657.900,     0.749016,     1.271932,     0.000063,
  1657.950,     0.893881,     1.754661,     0.006925,
  1658.000,     0.618321,     2.053071,     0.003240,
  1658.050,     0.146997,     2.051475,     0.002476,
  1658.100,    -0.332135,     1.749968,     0.003203,
  1658.150,    -0.622754,     1.257728,     0.006948,
  1658.200,    -0.515025,     0.738166,     0.002595,
  1658.250,     0.005551,     0.284834,    -0.002376,
  1658.300,     0.874585,    -0.112484,    -0.002817,
  1658.350,     1.784602,    -0.434638,    -0.004962,
  1658.400,     2.539941,    -0.599247,    -0.010755,
  1658.450,     2.936329,    -0.513607,    -0.004105,
  1658.500,     2.832512,    -0.238587,    -0.000214,
  1658.550,     2.296369,     0.133237,    -0.001379,
  1658.600,     1.479268,     0.732043,    -0.003231,
  1658.650,     0.617620,     1.685146,    -0.004660,
  1658.700,    -0.211156,     3.120261,    -0.006209,
  1658.750,    -0.996258,     4.878546,    -0.007625,
  1658.800,    -1.681233,     6.469332,    -0.005594,
  1658.850,    -2.055639,     7.482532,    -0.006882,
  1658.900,    -1.913565,     7.620730,    -0.007399,
  1658.950,    -1.275462,     6.938656,    -0.001852,
  1659.000,    -0.392054,     5.741972,    -0.002991,
  1659.050,     0.435142,     4.359323,    -0.000130,
  1659.100,     1.121968,     2.981788,     0.004130,
  1659.150,     1.628079,     1.775527,    -0.000402,
  1659.200,     1.996813,     0.980509,     0.000810,
  1659.250,     2.089876,     0.699717,     0.004643,
  1659.300,     1.903822,     0.885243,     0.004350,
  1659.350,     1.594684,     1.351445,     0.006627,
  1659.400,     1.332365,     1.931611,     0.005235,
  1659.450,     1.110477,     2.507167,     0.011338,
  1659.500,     0.748333,     3.134061,     0.011408,
  1659.550,     0.187073,     3.689834,     0.008220,
  1659.600,    -0.631035,     3.875714,     0.004738,
  1659.650,    -1.387552,     3.622396,     0.003481,
  1659.700,    -1.765340,     3.076737,    -0.000289,
  1659.750,    -1.672776,     2.395314,     0.001105,
  1659.800,    -1.322689,     1.571273,     0.000528,
  1659.850,    -0.869253,     0.503013,    -0.004042,
  1659.900,    -0.387293,    -0.738879,    -0.000467,
  1659.950,     0.061184,    -1.913048,     0.001390,
  1660.000,     0.577854,    -2.798245,    -0.004998,
  1660.050,     1.179516,    -3.224781,    -0.008287,
  1660.100,     1.758778,    -3.221053,    -0.007235,
  1660.150,     2.320850,    -2.804620,    -0.005023,
  1660.200,     2.729077,    -2.148245,    -0.004410,
  1660.250,     2.802878,    -1.410656,    -0.002456,
  1660.300,     2.369878,    -0.797256,    -0.004116,
  1660.350,     1.319530,    -0.388298,    -0.007251,
  1660.400,    -0.074036,    -0.171309,    -0.003657,
  1660.450,    -1.446378,    -0.143347,    -0.001080,
  1660.500,    -2.416946,    -0.234229,     0.000376,
  1660.550,    -2.852825,    -0.228577,    -0.000231,
  1660.600,    -2.830351,     0.068801,    -0.002166,
  1660.650,    -2.430303,     0.701912,    -0.004432,
  1660.700,    -1.839350,     1.453997,     0.002673,
  1660.750,    -1.193010,     1.984452,     0.001543,
  1660.800,    -0.521629,     2.009002,     0.002284,
  1660.850,     0.160985,     1.682645,     0.002456,
  1660.900,     0.906432,     1.189318,     0.004167,
  1660.950,     1.596907,     0.793602,     0.000267,
  1661.000,     2.075966,     0.557561,     0.005927,
  1661.050,     2.205402,     0.544060,     0.005896,
  1661.100,     1.970600,     0.916237,     0.008322,
  1661.150,     1.418802,     1.670847,     0.001553,
  1661.200,     0.710874,     2.608497,     0.000159,
  1661.250,     0.017304,     3.331257,     0.000317,
  1661.300,    -0.447662,     3.644647,    -0.003899,
  1661.350,    -0.656322,     3.527449,     0.003067,
  1661.400,    -0.606385,     3.179844,     0.000487,
  1661.450,    -0.436320,     2.787319,     0.001308,
  1661.500,    -0.227897,     2.367567,    -0.002810,
  1661.550,     0.023423,     1.812792,    -0.003523,
  1661.600,     0.283449,     1.181724,    -0.000576,
  1661.650,     0.478194,     0.711117,    -0.012194,
  1661.700,     0.499904,     0.530947,    -0.012557,
  1661.750,     0.345305,     0.488361,    -0.004119,
  1661.800,     0.220476,     0.321276,    -0.003618,
  1661.850,     0.357999,    -0.099044,    -0.003999,
  1661.900,     0.720707,    -0.638216,    -0.003551,
  1661.950,     1.127778,    -1.168492,    -0.006662,
  1662.000,     1.388571,    -1.642323,    -0.005891,
  1662.050,     1.374979,    -2.128541,    -0.006802,
  1662.100,     0.984662,    -2.609287,    -0.003215,
  1662.150,     0.338915,    -2.854005,    -0.010339,
  1662.200,    -0.331547,    -2.758244,    -0.003193,
  1662.250,    -0.838623,    -2.142191,     0.001311,
  1662.300,    -1.163408,    -1.104436,     0.004163,
  1662.350,    -1.368923,     0.149055,     0.002434,
  1662.400,    -1.276262,     1.298726,     0.008412,
  1662.450,    -0.904386,     2.152069,     0.006228,
  1662.500,    -0.189277,     2.652522,     0.001843,
  1662.550,     0.560984,     2.712479,     0.002050,
  1662.600,     1.133018,     2.335582,     0.005410,
  1662.650,     1.583000,     1.505367,    -0.003641,
  1662.700,     2.040801,     0.331977,     0.004935,
  1662.750,     2.716120,    -0.850503,     0.004607,
  1662.800,     3.432617,    -1.663087,     0.005174,
  1662.850,     3.960459,    -1.851653,     0.004429,
  1662.900,     3.995009,    -1.462013,     0.002472,
  1662.950,     3.590531,    -0.657694,     0.004316,
  1663.000,     2.893631,     0.470056,     0.001033,
  1663.050,     2.126052,     1.611680,    -0.001726,
  1663.100,     1.415530,     2.417804,     0.000737,
  1663.150,     0.817594,     2.618604,     0.001048,
  1663.200,     0.339208,     2.236875,    -0.000526,
  1663.250,     0.108660,     1.566728,    -0.003043,
  1663.300,     0.136704,     0.909070,    -0.001093,
  1663.350,     0.301910,     0.335290,    -0.004823,
  1663.400,     0.516761,    -0.128584,    -0.002968,
  1663.450,     0.713779,    -0.489109,    -0.003739,
  1663.500,     1.025718,    -0.683536,    -0.007752,
  1663.550,     1.499352,    -0.652590,    -0.000957,
  1663.600,     1.951634,    -0.385626,    -0.005641,
  1663.650,     2.130329,    -0.017839,    -0.006355,
  1663.700,     1.912743,     0.444444,    -0.004197,
  1663.750,     1.500857,     0.892524,     0.000391,
  1663.800,     1.002280,     1.193859,     0.002714,
  1663.850,     0.338220,     1.264822,    -0.005405,
  1663.900,    -0.523025,     1.118718,    -0.002490,
  1663.950,    -1.473172,     0.847465,     0.004573,
  1664.000,    -2.290005,     0.643507,     0.004250,
  1664.050,    -2.766282,     0.751317,     0.001007,
  1664.100,    -2.815859,     1.032894,     0.005395,
  1664.150,    -2.483282,     1.532328,     0.003862,
  1664.200,    -1.829462,     2.102100,     0.001279,
  1664.250,    -1.025881,     2.741598,     0.005102,
  1664.300,    -0.233548,     3.404021,     0.001378,
  1664.350,     0.362532,     3.894127,    -0.001123,
  1664.400,     0.671896,     4.234944,     0.007931,
  1664.450,     0.695903,     4.445565,     0.002192,
  1664.500,     0.404533,     4.695064,     0.001337,
  1664.550,    -0.065209,     4.922722,    -0.001697,
  1664.600,    -0.356009,     5.032285,     0.006074,
  1664.650,    -0.266552,     5.117767,     0.004353,
  1664.700,     0.250636,     5.328032,    -0.005288,
  1664.750,     0.888760,     5.959065,     0.000429,
  1664.800,     1.261564,     6.803674,    -0.003981,
  1664.850,     1.282867,     7.490072,    -0.005170,
  1664.900,     1.061005,     7.701104,    -0.007098,
  1664.950,     0.774461,     7.466733,    -0.001217,
  1665.000,     0.534848,     7.052562,    -0.004972,
  1665.050,     0.343949,     6.525639,    -0.000623,
  1665.100,     0.285384,     5.904659,    -0.002509,
  1665.150,     0.518159,     5.249139,    -0.001247,
  1665.200,     1.077426,     4.756499,    -0.005674,
  1665.250,     1.692016,     4.576828,    -0.004660,
  1665.300,     2.156627,     4.564673,    -0.002038,
  1665.350,     2.354926,     4.464241,    -0.005028,
  1665.400,     2.269192,     4.136214,    -0.005052,
  1665.450,     2.125190,     3.484737,    -0.000703,
  1665.500,     1.918853,     2.536612,     0.000203,
  1665.550,     1.628073,     1.379757,     0.003389,
  1665.600,     1.149579,     0.066283,     0.000353,
  1665.650,     0.576353,    -1.190168,     0.005008,
  1665.700,     0.134460,    -2.290469,     0.003357,
  1665.750,    -0.117113,    -3.057807,     0.003911,
  1665.800,    -0.304275,    -3.343942,     0.000146,
  1665.850,    -0.622880,    -3.233995,     0.004496,
  1665.900,    -1.187328,    -2.801798,     0.002140,
  1665.950,    -1.867804,    -2.240085,     0.003663,
  1666.000,    -2.645331,    -1.840208,     0.003444,
  1666.050,    -3.526590,    -1.816641,     0.002996,
  1666.100,    -4.418256,    -2.159055,     0.004207,
  1666.150,    -5.149787,    -2.810039,     0.000980,
  1666.200,    -5.395186,    -3.625061,    -0.002213,
  1666.250,    -4.842995,    -4.496968,    -0.001525,
  1666.300,    -3.372854,    -5.200080,     0.002422,
  1666.350,    -1.051556,    -5.598534,     0.003655,
  1666.400,     1.705250,    -5.491304,    -0.001037,
  1666.450,     4.300847,    -4.919563,    -0.004584,
  1666.500,     6.302733,    -4.049773,    -0.008145,
  1666.550,     7.347452,    -3.068452,    -0.010867,
  1666.600,     7.378756,    -2.156278,    -0.003601,
  1666.650,     6.399143,    -1.446474,    -0.005727,
  1666.700,     4.526762,    -1.194588,    -0.004486,
  1666.750,     2.075272,    -1.559614,    -0.003472,
  1666.800,    -0.475308,    -2.610727,    -0.007322,
  1666.850,    -2.514094,    -4.017934,     0.000225,
  1666.900,    -3.636329,    -5.278189,    -0.000311,
  1666.950,    -3.808951,    -5.879807,    -0.004029,
  1667.000,    -3.233224,    -5.673035,    -0.002725,
  1667.050,    -2.211340,    -4.734952,     0.001013,
  1667.100,    -0.995582,    -3.323569,     0.004856,
  1667.150,     0.064339,    -1.801270,    -0.000857,
  1667.200,     0.750091,    -0.609589,     0.003675,
  1667.250,     1.055743,     0.036913,     0.003255,
  1667.300,     1.081534,     0.033841,     0.003128,
  1667.350,     0.892383,    -0.348014,     0.004329,
  1667.400,     0.543182,    -0.789643,     0.010154,
  1667.450,     0.041260,    -0.890134,     0.003845,
  1667.500,    -0.461279,    -0.600818,     0.001271,
  1667.550,    -0.880662,    -0.031359,     0.010208,
  1667.600,    -1.081268,     0.591116,     0.003623,
  1667.650,    -0.949998,     1.222721,     0.007507,
  1667.700,    -0.548381,     1.755580,     0.001058,
  1667.750,     0.061013,     2.199291,    -0.001371,
  1667.800,     0.647206,     2.543486,     0.004525,
  1667.850,     1.051863,     2.887557,     0.005592,
  1667.900,     1.164793,     3.308350,    -0.000755,
  1667.950,     0.966601,     3.920214,     0.001005,
  1668.000,     0.601587,     4.728247,     0.000726,
  1668.050,     0.207191,     5.719417,    -0.005678,
  1668.100,     0.013288,     6.709065,    -0.005222,
  1668.150,     0.043051,     7.467423,    -0.000668,
  1668.200,     0.381498,     7.970446,    -0.002436,
  1668.250,     0.995248,     8.313012,    -0.004498,
  1668.300,     1.718544,     8.562235,    -0.005995,
  1668.350,     2.396004,     8.631434,    -0.003091,
  1668.400,     2.820182,     8.193162,    -0.004534,
  1668.450,     2.954355,     7.142518,    -0.005412,
  1668.500,     2.897485,     5.719724,    -0.002677,
  1668.550,     2.741418,     4.280513,    -0.007247,
  1668.600,     2.474358,     3.139489,    -0.000578,
  1668.650,     2.086916,     2.404705,     0.001359,
  1668.700,     1.782810,     2.141270,    -0.006110,
  1668.750,     1.805790,     2.421571,     0.004795,
  1668.800,     2.293870,     3.134096,     0.005075,
  1668.850,     3.038666,     4.018293,     0.003405,
  1668.900,     3.642636,     4.675298,     0.008951,
  1668.950,     3.906409,     4.926007,     0.005400,
  1669.000,     3.862390,     4.776860,     0.005758,
  1669.050,     3.706632,     4.290919,     0.005268,
  1669.100,     3.377212,     3.477075,     0.003762,
  1669.150,     2.874741,     2.435359,     0.004616,
  1669.200,     2.274281,     1.399322,    -0.000057,
  1669.250,     1.845877,     0.704683,    -0.000287,
  1669.300,     1.637339,     0.384288,     0.005858,
  1669.350,     1.539735,     0.402077,     0.000827,
  1669.400,     1.411535,     0.480567,    -0.002486,
  1669.450,     1.177371,     0.503144,     0.006545,
  1669.500,     0.833157,     0.467499,    -0.000421,
  1669.550,     0.370865,     0.427364,    -0.002082,
  1669.600,    -0.214020,     0.342480,    -0.003613,
  1669.650,    -0.948816,     0.136505,    -0.003109,
  1669.700,    -1.724160,    -0.118072,    -0.003531,
  1669.750,    -2.390492,    -0.314044,    -0.010372,
  1669.800,    -2.787870,    -0.345427,    -0.004297,
  1669.850,    -2.797546,    -0.283695,    -0.001649,
  1669.900,    -2.494184,    -0.104249,    -0.007801,
  1669.950,    -1.903405,     0.193024,    -0.011946,
  1670.000,    -1.215020,     0.620873,    -0.002129,
  1670.050,    -0.667613,     1.022045,    -0.000043,
  1670.100,    -0.456573,     1.255514,    -0.003693,
  1670.150,    -0.630617,     1.085880,    -0.009146,
  1670.200,    -1.106554,     0.484390,     0.001229,
  1670.250,    -1.794724,    -0.519557,    -0.004210,
  1670.300,    -2.549856,    -1.744034,     0.002273,
  1670.350,    -3.216438,    -3.052837,     0.003561,
  1670.400,    -3.549200,    -4.192625,     0.007880,
  1670.450,    -3.490393,    -4.871893,    -0.001143,
  1670.500,    -3.060225,    -4.825682,     0.003479,
  1670.550,    -2.437743,    -4.000582,     0.005556,
  1670.600,    -1.692488,    -2.658568,     0.008750,
  1670.650,    -0.909553,    -1.071755,     0.001523,
  1670.700,    -0.292682,     0.485978,     0.003466,
  1670.750,    -0.036321,     1.894552,     0.006001,
  1670.800,    -0.347933,     2.933516,     0.008048,
  1670.850,    -1.183418,     3.411537,     0.007930,
  1670.900,    -2.233316,     3.192661,     0.000040,
  1670.950,    -3.031483,     2.448630,     0.001150,
  1671.000,    -3.319342,     1.430026,     0.000913,
  1671.050,    -3.026446,     0.408478,    -0.005525,
  1671.100,    -2.251248,    -0.451436,    -0.001385,
  1671.150,    -1.167789,    -0.960817,    -0.002954,
  1671.200,    -0.133089,    -1.060193,    -0.002421,
  1671.250,     0.483621,    -0.663694,    -0.001888,
  1671.300,     0.552454,     0.062822,    -0.001172,
  1671.350,     0.138853,     0.883004,    -0.005053,
  1671.400,    -0.423675,     1.683465,    -0.003489,
  1671.450,    -0.794433,     2.433776,    -0.006577,
  1671.500,    -0.752183,     3.137004,    -0.008891,
  1671.550,    -0.364251,     3.789860,    -0.004040,
  1671.600,     0.157927,     4.497620,     0.000066,
  1671.650,     0.708510,     5.222535,    -0.003446,
  1671.700,     1.201076,     5.901816,    -0.002465,
  1671.750,     1.604844,     6.195639,     0.002400,
  1671.800,     1.868443,     5.981187,     0.001982,
  1671.850,     2.110574,     5.335014,     0.005852,
  1671.900,     2.346590,     4.410735,     0.006593,
  1671.950,     2.630853,     3.321650,    -0.000741,
  1672.000,     2.962414,     2.132569,     0.006060,
  1672.050,     3.359735,     0.935982,     0.005279,
  1672.100,     3.742169,    -0.097018,     0.003587,
  1672.150,     4.005683,    -0.778452,     0.007508,
  1672.200,     4.141124,    -1.038260,     0.009027,
  1672.250,     4.204868,    -0.783239,     0.004931,
  1672.300,     4.301803,     0.004783,     0.006265,
  1672.350,     4.456307,     1.387401,     0.004798,
  1672.400,     4.502863,     3.077046,    -0.000768,
  1672.450,     4.203116,     4.595813,    -0.003272,
  1672.500,     3.437929,     5.531017,    -0.000039,
  1672.550,     2.504369,     5.600975,     0.000536,
  1672.600,     1.668623,     4.902975,    -0.002488,
  1672.650,     1.152190,     3.582044,    -0.002907,
  1672.700,     0.984391,     1.961807,    -0.004066,
  1672.750,     1.120055,     0.388899,    -0.003763,
  1672.800,     1.542583,    -0.792903,    -0.000202,
  1672.850,     2.160243,    -1.559035,    -0.005775,
  1672.900,     2.693900,    -1.835454,    -0.006176,
  1672.950,     2.931887,    -1.664866,    -0.005286,
  1673.000,     2.870175,    -1.176190,    -0.007895,
  1673.050,     2.576302,    -0.496011,    -0.005007,
  1673.100,     2.114232,     0.210725,    -0.006627,
  1673.150,     1.446289,     0.794993,    -0.000624,
  1673.200,     0.732436,     1.214705,    -0.001849,
  1673.250,     0.140954,     1.474065,     0.000648,
  1673.300,    -0.193627,     1.639771,     0.002972,
  1673.350,    -0.182324,     1.766697,     0.001320,
  1673.400,    -0.035309,     1.904042,     0.003561,
  1673.450,     0.008883,     2.052326,     0.004611,
  1673.500,    -0.030022,     2.186667,     0.004326,
  1673.550,    -0.076475,     2.189667,     0.001772,
  1673.600,    -0.084114,     2.027777,     0.004690,
  1673.650,    -0.093751,     1.665004,     0.005158,
  1673.700,    -0.215809,     1.127236,     0.006309,
  1673.750,    -0.398357,     0.401514,     0.006405,
  1673.800,    -0.568806,    -0.456556,     0.002406,
  1673.850,    -0.770628,    -1.329903,     0.005319,
  1673.900,    -0.924820,    -2.109243,     0.006417,
  1673.950,    -0.987599,    -2.672158,     0.006571,
  1674.000,    -0.922088,    -2.853025,     0.000778,
  1674.050,    -0.774595,    -2.533091,    -0.002385,
  1674.100,    -0.633812,    -1.651755,     0.002712,
  1674.150,    -0.655946,    -0.453523,    -0.000685,
  1674.200,    -0.895185,     0.815121,    -0.005064,
  1674.250,    -1.398997,     1.977493,    -0.003917,
  1674.300,    -2.165723,     2.902698,    -0.002233,
  1674.350,    -3.109448,     3.339133,    -0.004692,
  1674.400,    -4.042519,     3.147577,    -0.007506,
  1674.450,    -4.722663,     2.474950,    -0.004115,
  1674.500,    -4.963330,     1.639727,    -0.013551,
  1674.550,    -4.565447,     0.968594,    -0.007588,
  1674.600,    -3.716222,     0.576112,     0.001086,
  1674.650,    -2.681517,     0.331323,    -0.000063,
  1674.700,    -1.642391,     0.255601,    -0.007052,
  1674.750,    -0.701361,     0.251998,    -0.002746,
  1674.800,     0.077092,     0.431632,    -0.002960,
  1674.850,     0.548634,     0.652575,     0.002720,
  1674.900,     0.576891,     0.917843,     0.000259,
  1674.950,     0.196181,     1.179706,     0.004001,
  1675.000,    -0.436842,     1.596654,     0.005471,
  1675.050,    -1.155441,     2.116539,     0.005817,
  1675.100,    -1.740443,     2.621316,     0.008916,
  1675.150,    -2.125918,     2.884645,     0.003427,
  1675.200,    -2.229261,     2.842668,     0.002415,
  1675.250,    -2.011210,     2.499815,     0.005241,
  1675.300,    -1.432912,     1.903486,     0.005563,
  1675.350,    -0.707245,     1.192339,     0.005890,
  1675.400,    -0.097487,     0.383384,     0.005037,
  1675.450,     0.384748,    -0.486416,     0.003528,
  1675.500,     0.749401,    -1.358856,     0.001246,
  1675.550,     1.058508,    -2.050295,    -0.000580,
  1675.600,     1.334088,    -2.544545,    -0.003968,
  1675.650,     1.604825,    -2.818688,    -0.004505,
  1675.700,     1.967247,    -2.911071,    -0.000908,
  1675.750,     2.333933,    -2.789953,    -0.004669,
  1675.800,     2.543271,    -2.338151,    -0.005984,
  1675.850,     2.572748,    -1.632665,    -0.005735,
  1675.900,     2.503922,    -0.815731,     0.002298,
  1675.950,     2.400389,    -0.039722,    -0.004443,
  1676.000,     2.304194,     0.452451,    -0.004948,
  1676.050,     2.166570,     0.631833,    -0.001548,
  1676.100,     2.097501,     0.429057,    -0.002926,
  1676.150,     2.099007,     0.003875,     0.003538,
  1676.200,     2.312573,    -0.524078,     0.000600,
  1676.250,     2.734992,    -0.917231,    -0.004077,
  1676.300,     3.439592,    -1.026849,     0.000093,
  1676.350,     4.494174,    -0.739511,     0.000641,
  1676.400,     5.868565,     0.061564,     0.001442,
  1676.450,     7.293813,     1.136488,     0.007819,
  1676.500,     8.252973,     2.296843,     0.007931,
  1676.550,     8.451622,     3.266982,    -0.002360,
  1676.600,     7.763678,     3.877250,    -0.000521,
  1676.650,     6.343797,     4.110587,     0.003547,
  1676.700,     4.496377,     4.057056,    -0.000404,
  1676.750,     2.490460,     3.970703,     0.004282,
  1676.800,     0.676999,     3.885809,     0.006592,
  1676.850,    -0.739160,     3.751709,     0.006545,
  1676.900,    -1.674038,     3.606453,     0.003058,
  1676.950,    -2.055814,     3.419206,    -0.002734,
  1677.000,    -2.082481,     3.220927,     0.002941,
  1677.050,    -1.858212,     2.897958,     0.001134,
  1677.100,    -1.510036,     2.428987,    -0.001381,
  1677.150,    -1.172482,     1.723588,     0.001736,
  1677.200,    -0.866992,     0.860726,    -0.003994,
  1677.250,    -0.599025,    -0.001927,    -0.002629,
  1677.300,    -0.426943,    -0.804428,    -0.008935,
  1677.350,    -0.264526,    -1.520904,     0.001547,
  1677.400,    -0.089729,    -2.226664,    -0.000837,
  1677.450,     0.175830,    -2.926704,    -0.006450,
  1677.500,     0.427077,    -3.610735,    -0.006823,
  1677.550,     0.693453,    -4.025894,    -0.000539,
  1677.600,     0.724956,    -4.085726,    -0.004268,
  1677.650,     0.579440,    -3.749417,     0.000969,
  1677.700,     0.240706,    -3.089105,     0.002046,
  1677.750,    -0.274944,    -2.255187,     0.001099,
  1677.800,    -0.934439,    -1.326156,     0.000935,
  1677.850,    -1.684819,    -0.414525,     0.005816,
  1677.900,    -2.349888,     0.452047,    -0.002807,
  1677.950,    -2.813492,     1.215503,     0.005367,
  1678.000,    -2.872011,     1.867822,     0.002307,
  1678.050,    -2.428247,     2.447132,     0.003494,
  1678.100,    -1.410463,     2.946269,     0.003643,
  1678.150,    -0.051666,     3.329762,     0.007256,
  1678.200,     1.321863,     3.461490,     0.002132,
  1678.250,     2.448255,     3.286942,     0.003021,
  1678.300,     3.138905,     2.820437,     0.009290,
  1678.350,     3.329058,     2.110837,     0.001119,
  1678.400,     2.857325,     1.350681,     0.002434,
  1678.450,     1.799380,     0.545600,     0.003780,
  1678.500,     0.411101,    -0.254601,    -0.001542,
  1678.550,    -0.893537,    -0.950069,    -0.000346,
  1678.600,    -1.777897,    -1.446930,     0.002349,
  1678.650,    -2.154692,    -1.623106,    -0.000580,
  1678.700,    -2.148823,    -1.444168,    -0.005390,
  1678.750,    -1.893320,    -1.059323,    -0.008414,
  1678.800,    -1.489447,    -0.542013,    -0.002604,
  1678.850,    -0.994665,    -0.018378,    -0.006710,
  1678.900,    -0.535741,     0.425745,    -0.003140,
  1678.950,    -0.214267,     0.790540,    -0.007054,
  1679.000,     0.014703,     0.984693,     0.001305,
  1679.050,     0.330028,     1.013227,     0.003619,
  1679.100,     0.672917,     0.944345,     0.000020,
  1679.150,     0.933928,     0.879909,    -0.000363,
  1679.200,     0.982663,     0.987428,     0.001615,
  1679.250,     0.833957,     1.153498,    -0.003678,
  1679.300,     0.518357,     1.336168,    -0.002699,
  1679.350,     0.107979,     1.444655,    -0.000760,
  1679.400,    -0.274325,     1.384619,     0.003151,
  1679.450,    -0.649464,     1.276190,     0.001293,
  1679.500,    -1.023846,     1.151998,     0.001920,
  1679.550,    -1.348193,     1.036389,     0.005763,
  1679.600,    -1.573260,     0.822260,     0.003403,
  1679.650,    -1.727411,     0.489344,     0.004622,
  1679.700,    -1.823946,     0.111605,     0.003473,
  1679.750,    -1.799707,    -0.136383,     0.006974,
  1679.800,    -1.627899,    -0.183329,    -0.000732,
  1679.850,    -1.215333,     0.089244,     0.007243,
  1679.900,    -0.563474,     0.565430,     0.000942,
  1679.950,     0.181015,     1.250601,    -0.002089,
  1680.000,     0.814705,     2.055370,    -0.000073,
  1680.050,     1.169625,     2.926242,    -0.001394,
  1680.100,     1.182044,     3.609281,    -0.002716,
  1680.150,     0.891419,     3.957772,    -0.005775,
  1680.200,     0.375838,     3.925172,    -0.007343,
  1680.250,    -0.187023,     3.677354,    -0.004145,
  1680.300,    -0.667043,     3.490739,    -0.000521,
  1680.350,    -0.885975,     3.503816,    -0.006365,
  1680.400,    -0.722949,     3.660714,    -0.008082,
  1680.450,    -0.183091,     3.784592,    -0.007249,
  1680.500,     0.649116,     3.824643,    -0.002269,
  1680.550,     1.553073,     3.731541,    -0.001841,
  1680.600,     2.308050,     3.510038,    -0.002395,
  1680.650,     2.674397,     2.993122,    -0.000854,
  1680.700,     2.641878,     2.112110,    -0.003906,
  1680.750,     2.447822,     1.024903,     0.000605,
  1680.800,     2.232581,    -0.076396,    -0.000171,
  1680.850,     2.028313,    -0.928485,     0.002011,
  1680.900,     1.802815,    -1.375108,     0.006587,
  1680.950,     1.593432,    -1.509035,     0.005288,
  1681.000,     1.443114,    -1.330337,    -0.000861,
  1681.050,     1.344318,    -0.869043,     0.001068,
  1681.100,     1.200010,    -0.272924,     0.007471,
  1681.150,     0.877999,     0.316817,     0.004508,
  1681.200,     0.398595,     0.762311,     0.001971,
  1681.250,    -0.200303,     1.087771,     0.008976,
  1681.300,    -0.776351,     1.309974,     0.003042,
  1681.350,    -1.332002,     1.551823,     0.001492,
  1681.400,    -1.799699,     1.865516,     0.004888,
  1681.450,    -2.305010,     2.190166,    -0.002171,
  1681.500,    -2.779408,     2.495474,    -0.001425,
  1681.550,    -3.116822,     2.731245,    -0.001138,
  1681.600,    -3.188230,     2.832177,    -0.005353,
  1681.650,    -2.924028,     2.826116,    -0.002374,
  1681.700,    -2.349408,     2.733490,    -0.008664,
  1681.750,    -1.656314,     2.577436,    -0.007413,
  1681.800,    -0.949340,     2.285596,    -0.003076,
  1681.850,    -0.354509,     1.884823,    -0.002690,
  1681.900,     0.098150,     1.385372,    -0.005764,
  1681.950,     0.418853,     0.872870,    -0.003404,
  1682.000,     0.645998,     0.476956,    -0.006639,
  1682.050,     0.795075,     0.241674,    -0.002874,
  1682.100,     0.960039,     0.182498,    -0.001600,
  1682.150,     1.165381,     0.282745,     0.003587,
  1682.200,     1.364799,     0.487860,    -0.000560,
  1682.250,     1.495049,     0.765049,    -0.000034,
  1682.300,     1.465799,     1.076061,     0.002557,
  1682.350,     1.251459,     1.345877,     0.002677,
  1682.400,     0.909520,     1.614656,     0.009869,
  1682.450,     0.479005,     1.934996,     0.005861,
  1682.500,    -0.056357,     2.317847,     0.001313,
  1682.550,    -0.664591,     2.571037,     0.007704,
  1682.600,    -1.301080,     2.715450,     0.005648,
  1682.650,    -1.730574,     2.695597,     0.008291,
  1682.700,    -1.791015,     2.511846,     0.006410,
  1682.750,    -1.480050,     2.259730,     0.003530,
  1682.800,    -0.953012,     1.937984,     0.004299,
  1682.850,    -0.278654,     1.593883,     0.007012,
  1682.900,     0.351941,     1.197974,    -0.001305,
  1682.950,     0.845200,     0.856578,    -0.002511,
  1683.000,     1.097581,     0.591795,    -0.001780,
  1683.050,     1.018066,     0.388310,    -0.004847,
  1683.100,     0.699977,     0.239085,    -0.003809,
  1683.150,     0.370940,     0.154335,    -0.003803,
  1683.200,     0.215396,     0.169285,    -0.005543,
  1683.250,     0.265870,     0.348151,    -0.008312,
  1683.300,     0.487907,     0.705455,    -0.006782,
  1683.350,     0.733208,     1.189040,    -0.002908,
  1683.400,     0.895346,     1.704080,    -0.003115,
  1683.450,     0.929788,     2.117921,    -0.002786,
  1683.500,     0.930311,     2.352159,    -0.006049,
  1683.550,     0.869902,     2.378809,    -0.002150,
  1683.600,     0.772724,     2.300817,     0.001772,
  1683.650,     0.630535,     2.207273,     0.002718,
  1683.700,     0.375233,     2.084502,     0.003673,
  1683.750,     0.191999,     1.861927,     0.009086,
  1683.800,     0.118461,     1.496297,     0.004689,
  1683.850,     0.226566,     0.958744,     0.004288,
  1683.900,     0.493730,     0.295860,     0.007848,
  1683.950,     0.880974,    -0.417423,     0.001082,
  1684.000,     1.367080,    -1.076099,     0.004127,
  1684.050,     1.921644,    -1.664791,     0.008506,
  1684.100,     2.421659,    -1.881292,     0.011206,
  1684.150,     2.686327,    -1.641991,     0.008010,
  1684.200,     2.581940,    -0.908922,     0.005718,
  1684.250,     2.105237,     0.057908,     0.007983,
  1684.300,     1.520130,     1.052434,     0.005718,
  1684.350,     1.106406,     1.909970,     0.001095,
  1684.400,     0.954978,     2.528583,     0.003234,
  1684.450,     1.029355,     2.910504,    -0.004710,
  1684.500,     1.193259,     3.039462,    -0.004900,
  1684.550,     1.392592,     2.959035,     0.000218,
  1684.600,     1.541515,     2.770499,    -0.003006,
  1684.650,     1.567468,     2.537622,    -0.007918,
  1684.700,     1.283881,     2.230924,    -0.008162,
  1684.750,     0.694278,     1.831384,    -0.005164,
  1684.800,    -0.095140,     1.285302,    -0.009520,
  1684.850,    -0.821934,     0.667263,    -0.006837,
  1684.900,    -1.377952,     0.041377,    -0.006163,
  1684.950,    -1.673859,    -0.428136,    -0.010457,
  1685.000,    -1.707628,    -0.708761,    -0.001579,
  1685.050,    -1.483351,    -0.672982,    -0.004009,
  1685.100,    -1.046178,    -0.345578,    -0.004663,
  1685.150,    -0.562983,     0.219219,    -0.003720,
  1685.200,    -0.157617,     0.930121,     0.003938,
  1685.250,     0.110206,     1.662913,     0.002552,
  1685.300,     0.281853,     2.336706,     0.006153,
  1685.350,     0.450793,     2.790813,     0.004575,
  1685.400,     0.674454,     2.837893,     0.001182,
  1685.450,     0.899368,     2.526431,     0.000630,
  1685.500,     1.150130,     1.958973,     0.005770,
  1685.550,     1.347575,     1.391149,     0.009108,
  1685.600,     1.502599,     0.930255,     0.011731,
  1685.650,     1.564221,     0.562372,     0.006521,
  1685.700,     1.567807,     0.322827,     0.001648,
  1685.750,     1.530604,     0.155830,     0.012768,
  1685.800,     1.456834,     0.091455,     0.007438,
  1685.850,     1.309076,     0.074935,     0.005360,
  1685.900,     1.011399,     0.001193,    -0.000454,
  1685.950,     0.572410,    -0.119799,     0.000134,
  1686.000,     0.160379,    -0.162694,    -0.002070,
  1686.050,    -0.214492,    -0.039735,    -0.002075,
  1686.100,    -0.439734,     0.280877,     0.000320,
  1686.150,    -0.541606,     0.692554,    -0.004303,
  1686.200,    -0.438948,     1.156741,    -0.014681,
  1686.250,    -0.130564,     1.552242,    -0.015199,
  1686.300,     0.314332,     1.866623,    -0.009451,
  1686.350,     0.796462,     2.019688,    -0.012528,
  1686.400,     1.231394,     1.916365,    -0.008428,
  1686.450,     1.636232,     1.485783,    -0.010443,
  1686.500,     1.997217,     0.797933,    -0.011808,
  1686.550,     2.265161,     0.052865,    -0.010463,
  1686.600,     2.353137,    -0.647351,    -0.008091,
  1686.650,     2.211415,    -1.141138,    -0.006516,
  1686.700,     1.855953,    -1.368795,    -0.002156,
  1686.750,     1.380785,    -1.369090,    -0.005289,
  1686.800,     0.893108,    -1.112459,     0.001864,
  1686.850,     0.475961,    -0.498849,     0.001154,
  1686.900,     0.100804,     0.373076,     0.006523,
  1686.950,    -0.149743,     1.343611,     0.003587,
  1687.000,    -0.308176,     2.220433,     0.000745,
  1687.050,    -0.312054,     2.790095,     0.007795,
  1687.100,    -0.234761,     3.106945,     0.010729,
  1687.150,    -0.140528,     3.106982,     0.013140,
  1687.200,    -0.023636,     2.837052,     0.003553,
  1687.250,     0.141769,     2.304517,     0.010271,
  1687.300,     0.377182,     1.643385,     0.006855,
  1687.350,     0.679645,     0.972145,     0.007800,
  1687.400,     1.088831,     0.364439,     0.005845,
  1687.450,     1.447193,    -0.127680,     0.008975,
  1687.500,     1.651900,    -0.449573,     0.002346,
  1687.550,     1.646249,    -0.711068,     0.000525,
  1687.600,     1.413946,    -0.992829,    -0.000019,
  1687.650,     1.078785,    -1.319799,    -0.000221,
  1687.700,     0.737665,    -1.571145,    -0.004786,
  1687.750,     0.350459,    -1.542420,    -0.006709,
  1687.800,    -0.107447,    -1.101569,    -0.011070,
  1687.850,    -0.680460,    -0.308003,    -0.010053,
  1687.900,    -1.308993,     0.731242,    -0.010511,
  1687.950,    -1.908158,     1.850057,    -0.010354,
  1688.000,    -2.412792,     2.753399,    -0.006926,
  1688.050,    -2.731333,     3.277598,    -0.007927,
  1688.100,    -2.780874,     3.297298,    -0.006237,
  1688.150,    -2.430205,     2.876221,    -0.002953,
  1688.200,    -1.660402,     2.170375,    -0.001968,
  1688.250,    -0.683878,     1.313024,    -0.000738,
  1688.300,     0.233593,     0.451004,    -0.000560,
  1688.350,     0.959667,    -0.335147,    -0.002989,
  1688.400,     1.405057,    -0.889231,     0.005221,
  1688.450,     1.569353,    -1.064746,     0.000113,
  1688.500,     1.557920,    -0.932000,     0.003009,
  1688.550,     1.452384,    -0.535668,     0.005508,
  1688.600,     1.324099,     0.061993,     0.008798,
  1688.650,     1.214782,     0.744836,     0.006755,
  1688.700,     1.187077,     1.357723,     0.008368,
  1688.750,     1.164775,     1.764261,     0.003518,
  1688.800,     1.040886,     1.791242,     0.005846,
  1688.850,     0.796062,     1.478882,     0.004791,
  1688.900,     0.453390,     0.900863,     0.003194,
  1688.950,     0.091101,     0.198671,     0.003400,
  1689.000,    -0.184925,    -0.468450,     0.002152,
  1689.050,    -0.355380,    -0.949988,     0.005285,
  1689.100,    -0.304005,    -1.127342,     0.002705,
  1689.150,    -0.072361,    -0.955192,     0.000633,
  1689.200,     0.326045,    -0.573804,     0.000373,
  1689.250,     0.803850,    -0.082558,    -0.000717,
  1689.300,     1.225865,     0.400849,    -0.002695,
  1689.350,     1.539229,     0.783911,     0.000314,
  1689.400,     1.591941,     0.997937,    -0.006309,
  1689.450,     1.335225,     1.060174,    -0.004967,
  1689.500,     0.834430,     1.013047,    -0.002302,
  1689.550,     0.245575,     0.894100,    -0.005583,
  1689.600,    -0.305768,     0.862166,    -0.002868,
  1689.650,    -0.708463,     1.000874,     0.000216,
  1689.700,    -0.925166,     1.370165,    -0.006545,
  1689.750,    -0.941468,     1.888734,    -0.001706,
  1689.800,    -0.750162,     2.335326,    -0.008514,
  1689.850,    -0.421948,     2.624466,    -0.004865,
  1689.900,    -0.020435,     2.627302,    -0.001863,
  1689.950,     0.291317,     2.330004,     0.001743,
  1690.000,     0.441165,     1.838481,    -0.001891,
  1690.050,     0.546591,     1.136360,    -0.002920,
  1690.100,     0.636653,     0.332646,     0.005124,
  1690.150,     0.713942,    -0.448915,     0.002600,
  1690.200,     0.730063,    -1.072448,     0.005588,
  1690.250,     0.748409,    -1.405867,     0.006443,
  1690.300,     0.762997,    -1.384308,     0.004582,
  1690.350,     0.873846,    -1.002613,     0.006420,
  1690.400,     0.907691,    -0.369327,     0.006514,
  1690.450,     0.807169,     0.414418,     0.003595,
  1690.500,     0.543327,     1.264879,     0.008817,
  1690.550,     0.142743,     2.078002,     0.003686,
  1690.600,    -0.287848,     2.690379,     0.002135,
  1690.650,    -0.657542,     3.037519,     0.000099,
  1690.700,    -0.913514,     3.023940,     0.001392,
  1690.750,    -0.976534,     2.709839,     0.000971,
  1690.800,    -0.848472,     2.242089,    -0.004348,
  1690.850,    -0.526440,     1.670260,    -0.004191,
  1690.900,    -0.024224,     1.163267,    -0.002056,
  1690.950,     0.576459,     0.768299,     0.000020,
  1691.000,     1.164640,     0.473777,    -0.000528,
  1691.050,     1.578388,     0.285832,    -0.007445,
  1691.100,     1.766668,     0.203289,    -0.004617,
  1691.150,     1.732351,     0.125032,     0.000513,
  1691.200,     1.465606,     0.156049,    -0.003062,
  1691.250,     1.014428,     0.241990,    -0.003212,
  1691.300,     0.458826,     0.509349,    -0.005510,
  1691.350,    -0.089070,     0.941554,    -0.006758,
  1691.400,    -0.592148,     1.529320,    -0.006407,
  1691.450,    -0.983379,     2.191168,     0.000106,
  1691.500,    -1.243918,     2.827658,     0.001021,
  1691.550,    -1.344288,     3.378861,    -0.001409,
  1691.600,    -1.340597,     3.692797,     0.002430,
  1691.650,    -1.293260,     3.624742,    -0.000627,
  1691.700,    -1.270664,     3.149624,     0.006986,
  1691.750,    -1.178282,     2.228937,     0.005578,
  1691.800,    -0.928573,     1.063858,     0.003118,
  1691.850,    -0.473301,    -0.152253,    -0.000466,
  1691.900,     0.125297,    -1.174209,     0.000023,
  1691.950,     0.818708,    -1.791788,    -0.001975,
  1692.000,     1.445979,    -1.923481,     0.007208,
  1692.050,     1.904917,    -1.494760,     0.005820,
  1692.100,     2.094357,    -0.672926,     0.000884,
  1692.150,     1.995120,     0.363339,     0.004949,
  1692.200,     1.691806,     1.363359,     0.003134,
  1692.250,     1.241272,     2.160327,     0.000480,
  1692.300,     0.718689,     2.568445,     0.000443,
  1692.350,     0.131440,     2.533085,     0.005316,
  1692.400,    -0.429593,     2.142730,     0.002929,
  1692.450,    -0.803786,     1.538134,     0.004434,
  1692.500,    -0.918968,     0.980385,     0.001284,
  1692.550,    -0.770811,     0.587184,    -0.000298,
  1692.600,    -0.430505,     0.442132,    -0.002080,
  1692.650,     0.009019,     0.574560,    -0.005120,
  1692.700,     0.526578,     0.747681,    -0.003164,
  1692.750,     0.954572,     0.841796,    -0.003628,
  1692.800,     1.141979,     0.932781,    -0.001031,
  1692.850,     1.100056,     0.984177,    -0.000732,
  1692.900,     0.741479,     1.003946,    -0.002924,
  1692.950,     0.160531,     0.929122,    -0.003231,
  1693.000,    -0.478570,     0.783914,    -0.007851,
  1693.050,    -1.052031,     0.672512,     0.001100,
  1693.100,    -1.421657,     0.662233,     0.000030,
  1693.150,    -1.552248,     0.801518,    -0.003930,
  1693.200,    -1.442566,     1.125919,    -0.001569,
  1693.250,    -1.227829,     1.556513,     0.004046,
  1693.300,    -0.888217,     1.945138,    -0.002386,
  1693.350,    -0.521905,     2.242532,     0.000542,
  1693.400,    -0.190372,     2.400666,     0.001925,
  1693.450,     0.076721,     2.426737,    -0.000680,
  1693.500,     0.289778,     2.266734,     0.000337,
  1693.550,     0.385997,     1.909553,     0.000073,
  1693.600,     0.455016,     1.422311,    -0.002056,
  1693.650,     0.538138,     0.873087,     0.002981,
  1693.700,     0.733487,     0.341281,    -0.000188,
  1693.750,     1.081153,    -0.081404,     0.001730,
  1693.800,     1.449448,    -0.283392,     0.003756,
  1693.850,     1.727383,    -0.165438,     0.003769,
  1693.900,     1.846969,     0.235648,    -0.001066,
  1693.950,     1.740972,     0.712439,    -0.001609,
  1694.000,     1.399553,     1.100583,     0.002527,
  1694.050,     0.860318,     1.220353,     0.008537,
  1694.100,     0.199493,     1.020043,     0.003145,
  1694.150,    -0.482964,     0.663621,     0.001082,
  1694.200,    -1.145147,     0.307127,     0.001270,
  1694.250,    -1.646052,     0.061134,     0.003672,
  1694.300,    -1.880090,     0.025835,     0.005919,
  1694.350,    -1.815838,     0.154167,     0.004337,
  1694.400,    -1.457364,     0.422037,     0.003085,
  1694.450,    -0.821595,     0.740911,     0.004474,
  1694.500,    -0.043503,     1.024193,     0.000418,
  1694.550,     0.738030,     1.136833,    -0.000863,
  1694.600,     1.431123,     1.020943,    -0.000552,
  1694.650,     1.934569,     0.736161,    -0.000636,
  1694.700,     2.140087,     0.438248,     0.004273,
  1694.750,     2.006822,     0.248550,    -0.004310,
  1694.800,     1.591239,     0.179645,     0.001469,
  1694.850,     1.063042,     0.195447,     0.001254,
  1694.900,     0.538095,     0.282804,    -0.000890,
  1694.950,     0.124955,     0.461654,    -0.001018,
  1695.000,    -0.112136,     0.742957,    -0.001770,
  1695.050,    -0.230922,     1.025701,    -0.006593,
  1695.100,    -0.270412,     1.259097,    -0.006171,
  1695.150,    -0.295274,     1.238673,    -0.006181,
  1695.200,    -0.268684,     0.976320,    -0.005139,
  1695.250,    -0.241822,     0.506294,    -0.006112,
  1695.300,    -0.142003,    -0.005801,    -0.002030,
  1695.350,     0.078503,    -0.496504,    -0.002993,
  1695.400,     0.393718,    -0.819703,    -0.002881,
  1695.450,     0.796600,    -0.989628,     0.000394,
  1695.500,     1.224182,    -0.954995,    -0.001795,
  1695.550,     1.651477,    -0.679936,    -0.003286,
  1695.600,     2.014140,    -0.241350,    -0.003820,
  1695.650,     2.192780,     0.298546,    -0.001764,
  1695.700,     2.104044,     0.761163,     0.000353,
  1695.750,     1.737930,     1.142690,     0.000312,
  1695.800,     1.109380,     1.287671,     0.003431,
  1695.850,     0.299599,     1.216640,     0.000916,
  1695.900,    -0.537047,     0.942684,     0.002877,
  1695.950,    -1.233812,     0.518857,     0.003216,
  1696.000,    -1.637389,     0.016242,     0.001365,
  1696.050,    -1.619201,    -0.420836,     0.005510,
  1696.100,    -1.187595,    -0.652076,     0.000963,
  1696.150,    -0.481138,    -0.530327,     0.009441,
  1696.200,     0.371034,    -0.100584,     0.007536,
  1696.250,     1.149366,     0.537141,     0.000408,
  1696.300,     1.676549,     1.170117,     0.000656,
  1696.350,     1.844321,     1.612779,     0.002925,
  1696.400,     1.608650,     1.746676,     0.005189,
  1696.450,     1.096783,     1.612897,     0.000335,
  1696.500,     0.442048,     1.228865,    -0.001822,
  1696.550,    -0.114554,     0.726397,    -0.000568,
  1696.600,    -0.462884,     0.259011,     0.000117,
  1696.650,    -0.506682,    -0.063428,    -0.002646,
  1696.700,    -0.376676,    -0.152744,    -0.004621,
  1696.750,    -0.177480,    -0.072411,    -0.002268,
  1696.800,     0.043074,     0.120159,    -0.005862,
  1696.850,     0.232325,     0.423928,    -0.010077,
  1696.900,     0.381352,     0.709750,    -0.011328,
  1696.950,     0.465843,     1.026023,    -0.004809,
  1697.000,     0.401254,     1.315422,    -0.005106,
  1697.050,     0.303103,     1.543624,    -0.009128,
  1697.100,     0.284730,     1.707006,    -0.001626,
  1697.150,     0.351200,     1.788889,     0.002298,
  1697.200,     0.553874,     1.776160,    -0.006954,
  1697.250,     0.865891,     1.690371,    -0.002819,
  1697.300,     1.178013,     1.527791,    -0.000142,
  1697.350,     1.404845,     1.330025,     0.003117,
  1697.400,     1.549510,     1.178847,     0.002179,
  1697.450,     1.607283,     1.114457,     0.002439,
  1697.500,     1.517585,     1.147654,     0.005253,
  1697.550,     1.295769,     1.260431,     0.003929,
  1697.600,     0.929111,     1.396614,     0.008137,
  1697.650,     0.437685,     1.472952,     0.003459,
  1697.700,    -0.030391,     1.368465,     0.007140,
  1697.750,    -0.488600,     1.130898,     0.011341,
  1697.800,    -0.771378,     0.844827,     0.006232,
  1697.850,    -0.834021,     0.674545,     0.003659,
  1697.900,    -0.620172,     0.771067,     0.003994,
  1697.950,    -0.165344,     1.108862,     0.005994,
  1698.000,     0.299751,     1.613853,    -0.000274,
  1698.050,     0.635289,     2.130295,    -0.002328,
  1698.100,     0.743501,     2.564848,     0.001979,
  1698.150,     0.664748,     2.775530,     0.005484,
  1698.200,     0.465420,     2.623393,    -0.004696,
  1698.250,     0.292452,     2.157658,    -0.008988,
  1698.300,     0.222942,     1.523636,    -0.007600,
  1698.350,     0.218372,     0.982200,    -0.009853,
  1698.400,     0.301928,     0.644066,    -0.007932,
  1698.450,     0.421566,     0.527354,    -0.007273,
  1698.500,     0.514796,     0.545730,    -0.008254,
  1698.550,     0.574574,     0.742787,    -0.004978,
  1698.600,     0.501186,     0.995847,    -0.005175,
  1698.650,     0.284331,     1.265533,    -0.005347,
  1698.700,     0.005349,     1.474968,    -0.003850,
  1698.750,    -0.245629,     1.525778,    -0.000934,
  1698.800,    -0.329041,     1.514488,    -0.003815,
  1698.850,    -0.302404,     1.456610,    -0.001863,
  1698.900,    -0.201980,     1.369822,     0.000168,
  1698.950,    -0.029290,     1.291055,     0.002798,
  1699.000,     0.204502,     1.147038,    -0.004542,
  1699.050,     0.499835,     0.943440,    -0.000402,
  1699.100,     0.801256,     0.729823,     0.004607,
  1699.150,     0.954339,     0.651807,     0.008846,
  1699.200,     0.900955,     0.766728,     0.009815,
  1699.250,     0.632897,     0.959094,     0.002190,
  1699.300,     0.152172,     1.079285,     0.001230,
  1699.350,    -0.338133,     1.017662,    -0.005901,
  1699.400,    -0.777532,     0.750040,     0.002073,
  1699.450,    -1.097408,     0.296059,     0.007988,
  1699.500,    -1.268101,    -0.227596,     0.008029,
  1699.550,    -1.307870,    -0.738272,     0.003744,
  1699.600,    -1.191525,    -1.066399,     0.004642,
  1699.650,    -0.941415,    -1.086662,     0.005144,
  1699.700,    -0.656288,    -0.732967,     0.003814,
  1699.750,    -0.403454,    -0.047674,     0.002277,
  1699.800,    -0.210325,     0.839081,    -0.000869,
  1699.850,    -0.110234,     1.752978,    -0.000314,
  1699.900,    -0.050222,     2.450384,    -0.002834,
  1699.950,    -0.085710,     2.840175,    -0.009369,
  1700.000,    -0.149254,     2.866925,    -0.005683,
  1700.050,    -0.254170,     2.536581,    -0.000355,
  1700.100,    -0.337225,     1.955277,     0.001498,
  1700.150,    -0.278581,     1.258269,    -0.000697,
  1700.200,    -0.080569,     0.631063,    -0.003858,
  1700.250,     0.326211,     0.214407,    -0.007793,
  1700.300,     0.803836,     0.035360,    -0.005396,
  1700.350,     1.225999,     0.106097,    -0.000237,
  1700.400,     1.488281,     0.356125,    -0.000385,
  1700.450,     1.478795,     0.698159,     0.002542,
  1700.500,     1.256594,     1.100381,     0.005154,
  1700.550,     0.829955,     1.486258,     0.001670,
  1700.600,     0.342145,     1.795552,    -0.002256,
  1700.650,    -0.117155,     1.998714,    -0.005405,
  1700.700,    -0.403159,     2.124292,    -0.002714,
  1700.750,    -0.506138,     2.223595,    -0.006381,
  1700.800,    -0.434720,     2.279434,    -0.002898,
  1700.850,    -0.210695,     2.212552,    -0.000037,
  1700.900,     0.069669,     1.975957,    -0.001688,
  1700.950,     0.401827,     1.574126,     0.002200,
  1701.000,     0.706844,     1.078355,     0.002208,
  1701.050,     0.963179,     0.565921,    -0.002149,
  1701.100,     1.147109,     0.105276,     0.001642,
  1701.150,     1.206061,    -0.195628,    -0.000796,
  1701.200,     1.125756,    -0.379004,     0.003770,
  1701.250,     0.911117,    -0.398505,     0.003824,
  1701.300,     0.662947,    -0.296935,     0.002111,
  1701.350,     0.406196,    -0.112662,     0.006062,
  1701.400,     0.200981,     0.193048,    -0.001748,
  1701.450,     0.075605,     0.542926,    -0.002950,
  1701.500,     0.094801,     0.940374,    -0.000235,
  1701.550,     0.234096,     1.319942,     0.004221,
  1701.600,     0.437428,     1.636360,    -0.001438,
  1701.650,     0.634960,     1.862691,    -0.006074,
  1701.700,     0.725621,     1.914803,     0.001564,
  1701.750,     0.655424,     1.812830,     0.004624,
  1701.800,     0.473179,     1.497084,    -0.001772,
  1701.850,     0.286928,     1.093463,    -0.000060,
  1701.900,     0.237811,     0.715838,     0.001431,
  1701.950,     0.374796,     0.412858,    -0.001592,
  1702.000,     0.674028,     0.207046,    -0.003012,
  1702.050,     1.064363,    -0.002225,    -0.001948,
  1702.100,     1.435650,    -0.152308,    -0.001211,
  1702.150,     1.706643,    -0.196308,    -0.003716,
  1702.200,     1.687166,    -0.144487,    -0.003668,
  1702.250,     1.363800,    -0.024069,    -0.003894,
  1702.300,     0.865053,     0.188871,    -0.004724,
  1702.350,     0.296373,     0.432309,    -0.001760,
  1702.400,    -0.109824,     0.746406,    -0.005659,
  1702.450,    -0.318639,     1.113395,    -0.001393,
  1702.500,    -0.312493,     1.465388,    -0.001251,
  1702.550,    -0.121061,     1.738564,    -0.002011,
  1702.600,     0.158973,     1.847772,    -0.003236,
  1702.650,     0.503942,     1.741479,    -0.002037,
  1702.700,     0.854840,     1.477008,    -0.000279,
  1702.750,     1.106379,     1.112401,    -0.003013,
  1702.800,     1.199810,     0.725569,    -0.003493,
  1702.850,     1.144617,     0.264683,    -0.001212,
  1702.900,     1.005139,    -0.083359,    -0.000753,
  1702.950,     0.847332,    -0.329628,     0.002202,
  1703.000,     0.612496,    -0.467160,     0.003775,
  1703.050,     0.338953,    -0.516775,     0.003226,
  1703.100,     0.068542,    -0.552785,     0.003460,
  1703.150,    -0.138330,    -0.531802,     0.002213,
  1703.200,    -0.203380,    -0.392810,     0.001241,
  1703.250,    -0.120461,    -0.156744,     0.000925,
  1703.300,     0.037831,     0.229008,     0.000329,
  1703.350,     0.143476,     0.770950,     0.002065,
  1703.400,     0.093444,     1.354544,     0.002810,
  1703.450,    -0.095595,     1.873694,     0.000465,
  1703.500,    -0.390723,     2.146879,     0.005671,
  1703.550,    -0.696019,     2.142156,     0.003236,
  1703.600,    -0.881248,     1.924068,     0.002407,
  1703.650,    -0.892421,     1.563748,    -0.001547,
  1703.700,    -0.613410,     1.072622,     0.003774,
  1703.750,    -0.122655,     0.518133,     0.002371,
  1703.800,     0.547735,     0.011478,     0.001323,
  1703.850,     1.218977,    -0.299374,     0.002351,
  1703.900,     1.763152,    -0.382060,    -0.002341,
  1703.950,     2.051844,    -0.316831,    -0.002499,
  1704.000,     2.049529,    -0.070874,    -0.003595,
  1704.050,     1.768369,     0.321376,    -0.003068,
  1704.100,     1.231204,     0.846238,    -0.000262,
  1704.150,     0.562933,     1.416767,    -0.004926,
  1704.200,    -0.062826,     1.969961,    -0.003131,
  1704.250,    -0.521405,     2.376415,    -0.004280,
  1704.300,    -0.713058,     2.539956,    -0.001043,
  1704.350,    -0.656037,     2.443849,    -0.003130,
  1704.400,    -0.424108,     2.187560,    -0.002825,
  1704.450,    -0.088377,     1.799463,    -0.005491,
  1704.500,     0.287758,     1.304165,    -0.002985,
  1704.550,     0.618129,     0.827102,     0.002294,
  1704.600,     0.819821,     0.365469,     0.002608,
  1704.650,     0.921406,     0.092568,     0.001001,
  1704.700,     0.885174,     0.001743,    -0.003853,
  1704.750,     0.816621,     0.116562,     0.002597,
  1704.800,     0.776893,     0.365459,     0.000617,
  1704.850,     0.754569,     0.687396,    -0.000203,
  1704.900,     0.637349,     1.080751,     0.002736,
  1704.950,     0.495111,     1.547032,     0.003025,
  1705.000,     0.246581,     2.028004,     0.000535,
  1705.050,    -0.023175,     2.429532,     0.005663,
  1705.100,    -0.264068,     2.701087,     0.005896,
  1705.150,    -0.473689,     2.786637,     0.008328,
  1705.200,    -0.589644,     2.728654,     0.002830,
  1705.250,    -0.597204,     2.588807,     0.001743,
  1705.300,    -0.534335,     2.410819,     0.002620,
  1705.350,    -0.399103,     2.126121,     0.007581,
  1705.400,    -0.189210,     1.815159,     0.003543,
  1705.450,     0.105059,     1.533803,     0.005933,
  1705.500,     0.495436,     1.343352,     0.006326,
  1705.550,     0.861919,     1.294895,    -0.000174,
  1705.600,     1.132314,     1.230120,    -0.000857,
  1705.650,     1.333604,     1.093479,     0.002985,
  1705.700,     1.387294,     0.922447,     0.001839,
  1705.750,     1.254349,     0.741133,     0.002795,
  1705.800,     0.960577,     0.618669,    -0.004531,
  1705.850,     0.545100,     0.557503,    -0.000667,
  1705.900,     0.066667,     0.585135,    -0.003728,
  1705.950,    -0.318034,     0.704118,    -0.002532,
  1706.000,    -0.574322,     0.924126,     0.001572,
  1706.050,    -0.693158,     1.228105,    -0.003822,
  1706.100,    -0.722322,     1.440186,    -0.005044,
  1706.150,    -0.607689,     1.537056,    -0.007237,
  1706.200,    -0.415214,     1.431115,    -0.006181,
  1706.250,    -0.123388,     1.193729,    -0.004853,
  1706.300,     0.177555,     0.862866,    -0.002720,
  1706.350,     0.506709,     0.475642,    -0.002787,
  1706.400,     0.760765,     0.149753,    -0.005694,
  1706.450,     0.993598,    -0.050592,    -0.001991,
  1706.500,     1.176123,    -0.147607,    -0.007989,
  1706.550,     1.261099,    -0.136650,    -0.002794,
  1706.600,     1.240484,    -0.023186,    -0.000878,
  1706.650,     1.119953,     0.111666,     0.002600,
  1706.700,     0.885962,     0.334724,     0.002421,
  1706.750,     0.583190,     0.646764,     0.002445,
  1706.800,     0.278356,     0.982969,    -0.000977,
  1706.850,    -0.017320,     1.270086,     0.005420,
  1706.900,    -0.301230,     1.533274,     0.004450,
  1706.950,    -0.504115,     1.732812,     0.004209,
  1707.000,    -0.605324,     1.885977,     0.010653,
  1707.050,    -0.605116,     1.991964,     0.008950,
  1707.100,    -0.543623,     2.012803,     0.007709,
  1707.150,    -0.447639,     1.977728,     0.008666,
  1707.200,    -0.281143,     1.943583,     0.008322,
  1707.250,    -0.052344,     1.878060,     0.007331,
  1707.300,     0.260282,     1.716188,     0.000530,
  1707.350,     0.645235,     1.452515,    -0.000214,
  1707.400,     1.047443,     1.139832,     0.002036,
  1707.450,     1.388905,     0.851223,     0.001964,
  1707.500,     1.555121,     0.639538,    -0.001640,
  1707.550,     1.495281,     0.604060,    -0.006250,
  1707.600,     1.191822,     0.813209,    -0.006432,
  1707.650,     0.735438,     1.263659,    -0.002014,
  1707.700,     0.280452,     1.836553,    -0.014692,
  1707.750,    -0.137621,     2.379872,    -0.003410,
  1707.800,    -0.485619,     2.806634,     0.001111,
  1707.850,    -0.663442,     3.011721,    -0.007265,
  1707.900,    -0.611626,     2.980675,    -0.009156,
  1707.950,    -0.402434,     2.724464,    -0.012730,
  1708.000,    -0.089804,     2.294835,    -0.007547,
  1708.050,     0.220134,     1.783803,     0.000099,
  1708.100,     0.564918,     1.269205,     0.000565,
  1708.150,     0.831243,     0.851650,    -0.002055,
  1708.200,     1.086219,     0.570834,    -0.004495,
  1708.250,     1.273087,     0.472253,     0.005718,
  1708.300,     1.323528,     0.513279,    -0.000351,
  1708.350,     1.277455,     0.688256,    -0.000688,
  1708.400,     1.176577,     0.913415,    -0.001373,
  1708.450,     0.971863,     1.097041,     0.000266,
  1708.500,     0.648623,     1.167100,    -0.002207,
  1708.550,     0.323245,     1.094580,    -0.002018,
  1708.600,    -0.002324,     0.988459,     0.004717,
  1708.650,    -0.266366,     0.890508,    -0.000275,
  1708.700,    -0.419873,     0.825239,     0.006025,
  1708.750,    -0.425911,     0.834482,     0.006866,
  1708.800,    -0.310067,     0.937989,     0.006922,
  1708.850,    -0.050880,     1.132657,     0.008897,
  1708.900,     0.254143,     1.381238,     0.004144,
  1708.950,     0.609920,     1.550118,     0.001883,
  1709.000,     1.024000,     1.592862,     0.006378,
  1709.050,     1.427516,     1.496985,     0.006700,
  1709.100,     1.705680,     1.364264,     0.006436,
  1709.150,     1.860825,     1.220443,     0.001730,
  1709.200,     1.811753,     1.113766,     0.003584,
  1709.250,     1.683224,     1.030876,    -0.000770,
  1709.300,     1.431007,     0.993686,     0.002623,
  1709.350,     1.152077,     1.015238,    -0.004289,
  1709.400,     0.806125,     1.048356,    -0.000871,
  1709.450,     0.467826,     1.140385,    -0.001749,
  1709.500,     0.185378,     1.279681,    -0.002994,
  1709.550,     0.073465,     1.419368,     0.001095,
  1709.600,     0.093914,     1.520826,    -0.002962,
  1709.650,     0.178480,     1.610550,    -0.002934,
  1709.700,     0.257956,     1.662439,    -0.008304,
  1709.750,     0.267414,     1.703517,    -0.007853,
  1709.800,     0.244995,     1.703155,    -0.007548,
  1709.850,     0.176070,     1.587031,    -0.005948,
  1709.900,     0.122949,     1.316544,    -0.006381,
  1709.950,     0.123606,     0.990432,    -0.002714,
  1710.000,     0.196017,     0.662223,     0.000423,
  1710.050,     0.360203,     0.439506,    -0.004517,
  1710.100,     0.564904,     0.304805,    -0.001537,
  1710.150,     0.723905,     0.298283,    -0.000914,
  1710.200,     0.782785,     0.349277,    -0.004017,
  1710.250,     0.665077,     0.399695,    -0.003538,
  1710.300,     0.440177,     0.466908,    -0.001503,
  1710.350,     0.134933,     0.427609,    -0.000848,
  1710.400,    -0.197020,     0.349779,     0.008958,
  1710.450,    -0.451594,     0.249391,     0.004826,
  1710.500,    -0.596474,     0.267603,     0.009301,
  1710.550,    -0.622332,     0.425202,     0.004044,
  1710.600,    -0.555833,     0.670064,     0.008631,
  1710.650,    -0.439871,     0.961431,     0.005592,
  1710.700,    -0.243762,     1.192651,     0.003242,
  1710.750,     0.004547,     1.314931,     0.006411,
  1710.800,     0.299962,     1.339182,     0.003676,
  1710.850,     0.600946,     1.279172,    -0.000268,
  1710.900,     0.797005,     1.094842,    -0.002271,
  1710.950,     0.877090,     0.915425,     0.001835,
  1711.000,     0.904093,     0.741791,    -0.001619,
  1711.050,     0.869148,     0.671570,    -0.001917,
  1711.100,     0.776692,     0.663055,    -0.002617,
  1711.150,     0.664454,     0.693004,    -0.003824,
  1711.200,     0.577926,     0.829999,    -0.001428,
  1711.250,     0.477307,     1.120037,    -0.006116,
  1711.300,     0.427017,     1.462619,     0.002113,
  1711.350,     0.311048,     1.783571,     0.000311,
  1711.400,     0.181625,     1.975077,    -0.006232,
  1711.450,     0.021657,     1.983953,    -0.006305,
  1711.500,    -0.091739,     1.791444,    -0.002456,
  1711.550,    -0.137027,     1.416287,    -0.007049,
  1711.600,    -0.041356,     0.902035,    -0.000475,
  1711.650,     0.212076,     0.412966,     0.000059,
  1711.700,     0.586273,     0.053998,    -0.004359,
  1711.750,     1.023679,    -0.022020,    -0.001702,
  1711.800,     1.388010,     0.139481,     0.002050,
  1711.850,     1.640807,     0.468412,     0.001968,
  1711.900,     1.731817,     0.870126,     0.001027,
  1711.950,     1.671309,     1.249804,     0.001176,
  1712.000,     1.520527,     1.590034,     0.000208,
  1712.050,     1.270844,     1.757380,    -0.003172,
  1712.100,     0.952193,     1.704202,     0.000632,
  1712.150,     0.639993,     1.456662,    -0.002883,
  1712.200,     0.331098,     1.053388,     0.004841,
  1712.250,     0.102924,     0.622955,     0.005919,
  1712.300,    -0.014068,     0.310986,     0.002582,
  1712.350,    -0.050329,     0.108602,     0.008262,
  1712.400,     0.038694,     0.160012,     0.006359,
  1712.450,     0.186026,     0.437557,     0.006816,
  1712.500,     0.322269,     0.908591,     0.002279,
  1712.550,     0.400012,     1.471358,    -0.004674,
  1712.600,     0.390207,     1.942300,     0.000182,
  1712.650,     0.405788,     2.241039,    -0.004759,
  1712.700,     0.413926,     2.315176,    -0.002332,
  1712.750,     0.480426,     2.166940,    -0.008935,
  1712.800,     0.538992,     1.869105,     0.000416,
  1712.850,     0.680461,     1.530207,    -0.005252,
  1712.900,     0.843082,     1.262102,     0.001258,
  1712.950,     0.964806,     1.160561,    -0.003047,
  1713.000,     1.015196,     1.214127,    -0.000131,
  1713.050,     0.949982,     1.422144,    -0.003451,
  1713.100,     0.781076,     1.647660,     0.001866,
  1713.150,     0.615514,     1.855765,    -0.006797,
  1713.200,     0.502355,     1.931107,     0.001264,
  1713.250,     0.432890,     1.816466,    -0.000214,
  1713.300,     0.476316,     1.621859,    -0.000050,
  1713.350,     0.534006,     1.351444,     0.004807,
  1713.400,     0.623637,     1.063327,    -0.001250,
  1713.450,     0.680006,     0.848513,     0.003050,
  1713.500,     0.716316,     0.704341,    -0.004533,
  1713.550,     0.708773,     0.688907,     0.008333,
  1713.600,     0.725867,     0.819090,    -0.002269,
  1713.650,     0.747915,     1.103136,     0.000169,
  1713.700,     0.817788,     1.409114,     0.009962,
  1713.750,     0.949184,     1.692225,     0.005562,
  1713.800,     1.062028,     1.811971,     0.007401,
  1713.850,     1.100317,     1.754821,     0.001184,
  1713.900,     1.002124,     1.591743,    -0.003044,
  1713.950,     0.743617,     1.231281,     0.003561,
  1714.000,     0.391869,     0.797407,    -0.003807,
  1714.050,     0.019981,     0.365158,     0.001966,
  1714.100,    -0.259994,     0.034516,     0.004514,
  1714.150,    -0.388197,    -0.026658,    -0.004058,
  1714.200,    -0.391209,     0.184675,    -0.001346,
  1714.250,    -0.302444,     0.606210,     0.005458,
  1714.300,    -0.177387,     1.089649,    -0.006538,
  1714.350,    -0.069552,     1.490815,    -0.007276,
  1714.400,     0.015770,     1.707233,     0.003976,
  1714.450,     0.020460,     1.719465,     0.000869,
  1714.500,     0.013119,     1.513489,     0.000021,
  1714.550,     0.048729,     1.197705,    -0.003409,
  1714.600,     0.129934,     0.856871,    -0.001742,
  1714.650,     0.281883,     0.634544,    -0.002781,
  1714.700,     0.417150,     0.617475,    -0.000560,
  1714.750,     0.445782,     0.725275,    -0.005385,
  1714.800,     0.409975,     0.924123,    -0.000849,
  1714.850,     0.312449,     1.106387,     0.004430,
  1714.900,     0.176534,     1.103005,    -0.001255,
  1714.950,     0.025566,     0.913411,    -0.005659,
  1715.000,    -0.101899,     0.530180,     0.000997,
  1715.050,    -0.175365,     0.134683,    -0.001088,
  1715.100,    -0.189498,    -0.269910,     0.005498,
  1715.150,    -0.197500,    -0.557224,     0.000408,
  1715.200,    -0.200762,    -0.683033,     0.001500,
  1715.250,    -0.125912,    -0.571705,    -0.000855,
  1715.300,     0.073576,    -0.304670,    -0.002070,
  1715.350,     0.309589,     0.078485,    -0.001466,
  1715.400,     0.542112,     0.538393,     0.001096,
  1715.450,     0.731103,     1.028427,    -0.000721,
  1715.500,     0.847538,     1.502242,     0.000448,
  1715.550,     0.807506,     1.844738,     0.000288,
  1715.600,     0.652535,     1.933996,    -0.002410,
  1715.650,     0.363239,     1.728565,     0.000373,
  1715.700,     0.086404,     1.229859,    -0.006530,
  1715.750,    -0.127898,     0.540926,     0.002245,
  1715.800,    -0.206284,    -0.165826,     0.003237,
  1715.850,    -0.127786,    -0.740224,    -0.003440,
  1715.900,     0.033619,    -1.057480,    -0.001442,
  1715.950,     0.259572,    -1.035766,    -0.000703,
  1716.000,     0.526909,    -0.629646,    -0.003196,
  1716.050,     0.786014,     0.073212,    -0.001038,
  1716.100,     0.913030,     0.854730,    -0.001823,
  1716.150,     0.937991,     1.581930,    -0.003685,
  1716.200,     0.838485,     2.064901,    -0.004070,
  1716.250,     0.628561,     2.253151,    -0.004388,
  1716.300,     0.453927,     2.119534,    -0.004559,
  1716.350,     0.250517,     1.736978,    -0.007549,
  1716.400,     0.173069,     1.250300,    -0.003514,
  1716.450,     0.231782,     0.746373,    -0.004773,
  1716.500,     0.422156,     0.391037,    -0.001121,
  1716.550,     0.785165,     0.223613,    -0.000488,
  1716.600,     1.133951,     0.227837,    -0.001595,
  1716.650,     1.386229,     0.283777,     0.002383,
  1716.700,     1.466685,     0.363875,    -0.003073,
  1716.750,     1.339750,     0.414411,     0.007152,
  1716.800,     1.095573,     0.382238,     0.001263,
  1716.850,     0.732124,     0.386000,     0.005986,
  1716.900,     0.419086,     0.413724,     0.007723,
  1716.950,     0.195376,     0.532464,     0.007035,
  1717.000,     0.156680,     0.767610,     0.007064,
  1717.050,     0.263692,     1.103108,     0.002932,
  1717.100,     0.433286,     1.447134,    -0.002553,
  1717.150,     0.643572,     1.758704,     0.003360,
  1717.200,     0.821530,     1.913312,    -0.001551,
  1717.250,     0.865061,     1.989301,    -0.001367,
  1717.300,     0.795886,     1.956454,    -0.001007,
  1717.350,     0.623486,     1.767766,     0.001849,
  1717.400,     0.435729,     1.530295,    -0.000341,
  1717.450,     0.199866,     1.168417,    -0.002126,
  1717.500,     0.028767,     0.812636,    -0.000767,
  1717.550,    -0.136877,     0.407275,    -0.003149,
  1717.600,    -0.185553,     0.038021,    -0.002833,
  1717.650,    -0.136434,    -0.290806,    -0.001173,
  1717.700,     0.016384,    -0.475594,    -0.001365,
  1717.750,     0.236876,    -0.410213,    -0.002352,
  1717.800,     0.400832,    -0.052088,    -0.000621,
  1717.850,     0.480263,     0.457475,    -0.001294,
  1717.900,     0.449115,     0.988306,     0.004061,
  1717.950,     0.347136,     1.415740,     0.002640,
  1718.000,     0.137100,     1.668179,     0.003578,
  1718.050,    -0.142984,     1.705765,     0.001127,
  1718.100,    -0.377187,     1.583977,    -0.000696,
  1718.150,    -0.547427,     1.329943,     0.008097,
  1718.200,    -0.466010,     1.036802,     0.008569,
  1718.250,    -0.251498,     0.768220,    -0.005440,
  1718.300,     0.070920,     0.553401,     0.004148,
  1718.350,     0.369992,     0.472896,    -0.000334,
  1718.400,     0.580055,     0.491900,     0.002976,
  1718.450,     0.630964,     0.624468,     0.001486,
  1718.500,     0.501029,     0.761028,    -0.001780,
  1718.550,     0.243265,     0.885877,    -0.007448,
  1718.600,    -0.015796,     0.965360,     0.003134,
  1718.650,    -0.217930,     1.019752,    -0.000984,
  1718.700,    -0.252216,     1.055398,    -0.000522,
  1718.750,    -0.068914,     1.122704,    -0.002019,
  1718.800,     0.204544,     1.344286,     0.004099,
  1718.850,     0.580622,     1.613377,     0.003876,
  1718.900,     0.913772,     1.994283,     0.003705,
  1718.950,     1.115904,     2.344918,     0.000150,
  1719.000,     1.144518,     2.580013,     0.001702,
  1719.050,     1.140213,     2.720220,     0.004226,
  1719.100,     1.049117,     2.634843,     0.003057,
  1719.150,     0.997516,     2.351094,     0.001998,
  1719.200,     0.998804,     1.910511,     0.000101,
  1719.250,     1.072725,     1.332618,     0.002770,
  1719.300,     1.222856,     0.717710,    -0.003383,
  1719.350,     1.368670,     0.149211,    -0.000919,
  1719.400,     1.562232,    -0.231224,     0.001422,
  1719.450,     1.757352,    -0.365955,    -0.005127,
  1719.500,     1.923436,    -0.252983,    -0.001723,
  1719.550,     2.058918,     0.065889,    -0.006732,
  1719.600,     2.084487,     0.584058,    -0.006989,
  1719.650,     1.961326,     1.177586,    -0.001512,
  1719.700,     1.612162,     1.803306,    -0.002468,
  1719.750,     1.095654,     2.287425,    -0.003825,
  1719.800,     0.470400,     2.540220,    -0.000004,
  1719.850,    -0.129529,     2.506058,     0.001698,
  1719.900,    -0.604928,     2.308830,     0.002330,
  1719.950,    -0.869268,     1.970036,    -0.003821,
  1720.000,    -0.848171,     1.608460,     0.004032,

