Time_abs/ps, Signal 1/nA, Ref.signal 1/nA, Signal 2/nA, Ref.signal 2/nA
  1600.000,     0.012174,     0.007615,     0.001828,
  1600.050,     0.008086,    -0.004646,     0.004717,
  1600.100,    -0.014741,     0.011497,    -0.001306,
  1600.150,     0.005134,    -0.005388,    -0.000679,
  1600.200,    -0.010653,    -0.009079,    -0.004560,
  1600.250,    -0.024272,    -0.022884,    -0.001560,
  1600.300,    -0.018927,    -0.011605,    -0.001519,
  1600.350,    -0.017302,     0.000561,    -0.001891,
  1600.400,    -0.017745,     0.010459,    -0.001930,
  1600.450,    -0.012056,     0.008771,     0.004167,
  1600.500,    -0.014725,    -0.000034,    -0.002560,
  1600.550,    -0.006557,    -0.009125,     0.006799,
  1600.600,    -0.005951,    -0.021215,     0.005400,
  1600.650,    -0.023973,    -0.028924,     0.006345,
  1600.700,    -0.005516,    -0.024922,     0.005428,
  1600.750,     0.005914,    -0.033412,     0.004419,
  1600.800,    -0.002047,    -0.027306,     0.006410,
  1600.850,    -0.004598,    -0.001638,     0.014271,
  1600.900,    -0.000453,    -0.017430,     0.011953,
  1600.950,    -0.012378,    -0.006954,     0.013725,
  1601.000,    -0.004536,    -0.025601,     0.008611,
  1601.050,    -0.026099,    -0.025349,     0.015417,
  1601.100,    -0.021633,    -0.009534,     0.005468,
  1601.150,    -0.035018,    -0.028449,     0.005411,
  1601.200,    -0.044842,    -0.018410,     0.002718,
  1601.250,    -0.035752,    -0.022588,     0.000258,
  1601.300,    -0.021814,    -0.037640,    -0.002393,
  1601.350,    -0.050577,    -0.024145,     0.000895,
  1601.400,    -0.043056,    -0.019708,    -0.001744,
  1601.450,    -0.042193,    -0.036830,     0.000784,
  1601.500,    -0.042997,    -0.020360,    -0.001946,
  1601.550,    -0.045265,    -0.021295,     0.004247,
  1601.600,    -0.024463,    -0.019094,    -0.007525,
  1601.650,    -0.003949,    -0.038961,    -0.000445,
  1601.700,    -0.024654,    -0.039712,     0.002102,
  1601.750,    -0.007389,    -0.046448,     0.004713,
  1601.800,     0.012709,    -0.049859,     0.003158,
  1601.850,     0.027926,    -0.056273,     0.007762,
  1601.900,     0.007618,    -0.066449,     0.010226,
  1601.950,     0.018950,    -0.072077,     0.012076,
  1602.000,     0.009094,    -0.063971,     0.013487,
  1602.050,     0.035291,    -0.049452,     0.013678,
  1602.100,     0.024011,    -0.059367,     0.012917,
  1602.150,     0.028693,    -0.063293,     0.007657,
  1602.200,     0.008644,    -0.057947,     0.014418,
  1602.250,     0.024337,    -0.047525,     0.007091,
  1602.300,     0.005704,    -0.066134,     0.007228,
  1602.350,     0.020187,    -0.074133,     0.006465,
  1602.400,    -0.000822,    -0.077379,     0.006732,
  1602.450,     0.006104,    -0.060169,    -0.003485,
  1602.500,    -0.013558,    -0.080268,    -0.005032,
  1602.550,    -0.003540,    -0.067907,    -0.004887,
  1602.600,    -0.011047,    -0.099132,    -0.008831,
  1602.650,    -0.015718,    -0.079462,    -0.003395,
  1602.700,    -0.019315,    -0.061615,    -0.007826,
  1602.750,    -0.011436,    -0.055587,     0.000544,
  1602.800,    -0.037398,    -0.049285,    -0.006851,
  1602.850,    -0.012587,    -0.061351,    -0.002793,
  1602.900,    -0.010296,    -0.051576,    -0.001650,
  1602.950,    -0.020235,    -0.030425,     0.000865,
  1603.000,    -0.022258,    -0.045516,    -0.000005,
  1603.050,    -0.026002,    -0.046597,     0.002069,
  1603.100,    -0.004291,    -0.041525,     0.011476,
  1603.150,    -0.008157,    -0.058770,     0.002117,
  1603.200,    -0.031205,    -0.067038,     0.007867,
  1603.250,    -0.000845,    -0.060943,     0.011510,
  1603.300,    -0.006926,    -0.046130,     0.010440,
  1603.350,     0.002172,    -0.044856,     0.013825,
  1603.400,     0.003902,    -0.048941,     0.011322,
  1603.450,    -0.005275,    -0.057768,     0.012837,
  1603.500,    -0.017991,    -0.061647,     0.012446,
  1603.550,    -0.007465,    -0.072860,     0.017249,
  1603.600,     0.000055,    -0.050958,     0.011667,
  1603.650,    -0.024181,    -0.058043,     0.009625,
  1603.700,    -0.025385,    -0.046480,     0.008487,
  1603.750,    -0.029783,    -0.039911,     0.005010,
  1603.800,    -0.026069,    -0.055079,     0.001156,
  1603.850,    -0.027373,    -0.055890,     0.007860,
  1603.900,    -0.024776,    -0.060794,    -0.000860,
  1603.950,    -0.004014,    -0.056321,    -0.001617,
  1604.000,    -0.026902,    -0.053461,    -0.001866,
  1604.050,    -0.014578,    -0.061511,    -0.004356,
  1604.100,    -0.038230,    -0.073083,     0.000231,
  1604.150,    -0.038481,    -0.058812,     0.004650,
  1604.200,    -0.039425,    -0.056921,    -0.006089,
  1604.250,    -0.041234,    -0.052816,    -0.004810,
  1604.300,    -0.020540,    -0.051204,    -0.001891,
  1604.350,    -0.017872,    -0.050098,    -0.000859,
  1604.400,    -0.024317,    -0.051308,    -0.002133,
  1604.450,    -0.019118,    -0.055452,    -0.001952,
  1604.500,    -0.021493,    -0.068069,     0.000591,
  1604.550,    -0.026926,    -0.050001,     0.005299,
  1604.600,    -0.005708,    -0.060544,     0.005263,
  1604.650,     0.005317,    -0.066102,     0.006516,
  1604.700,     0.002082,    -0.067510,     0.012686,
  1604.750,    -0.014929,    -0.069713,     0.013742,
  1604.800,    -0.015562,    -0.075049,     0.012184,
  1604.850,    -0.012000,    -0.068252,     0.018797,
  1604.900,     0.003483,    -0.068048,     0.012897,
  1604.950,     0.001577,    -0.057182,     0.007287,
  1605.000,     0.006646,    -0.074073,     0.006285,
  1605.050,     0.000695,    -0.073767,     0.009031,
  1605.100,     0.008954,    -0.058804,     0.008540,
  1605.150,    -0.007899,    -0.074817,     0.003877,
  1605.200,    -0.005326,    -0.054424,     0.005646,
  1605.250,    -0.004443,    -0.059604,    -0.000906,
  1605.300,    -0.015443,    -0.073760,    -0.001365,
  1605.350,    -0.008049,    -0.080658,     0.003055,
  1605.400,     0.000616,    -0.064059,     0.000292,
  1605.450,    -0.010089,    -0.066206,    -0.002252,
  1605.500,    -0.009128,    -0.061892,     0.000451,
  1605.550,    -0.001686,    -0.056416,    -0.002189,
  1605.600,    -0.020518,    -0.060449,    -0.005415,
  1605.650,    -0.007252,    -0.062375,    -0.004560,
  1605.700,    -0.032175,    -0.064690,    -0.001666,
  1605.750,    -0.026018,    -0.067201,    -0.003455,
  1605.800,    -0.018623,    -0.053317,    -0.004888,
  1605.850,    -0.022270,    -0.075328,    -0.002922,
  1605.900,    -0.032091,    -0.081720,     0.001930,
  1605.950,    -0.019830,    -0.084957,     0.008195,
  1606.000,    -0.028425,    -0.063255,     0.002007,
  1606.050,    -0.024046,    -0.061329,    -0.000332,
  1606.100,    -0.008596,    -0.043735,     0.007096,
  1606.150,     0.014416,    -0.050841,     0.003045,
  1606.200,     0.000534,    -0.062682,     0.006310,
  1606.250,    -0.009068,    -0.048538,     0.008933,
  1606.300,     0.000132,    -0.051206,     0.009262,
  1606.350,     0.008911,    -0.056931,     0.005307,
  1606.400,    -0.003474,    -0.061721,     0.004986,
  1606.450,    -0.009294,    -0.077838,     0.006002,
  1606.500,     0.000691,    -0.075351,     0.006855,
  1606.550,     0.021844,    -0.045355,     0.005008,
  1606.600,     0.009240,    -0.075436,     0.010676,
  1606.650,    -0.003639,    -0.075216,     0.004493,
  1606.700,    -0.003304,    -0.067222,     0.003335,
  1606.750,    -0.000704,    -0.063340,     0.005342,
  1606.800,    -0.005182,    -0.069187,     0.001261,
  1606.850,    -0.013371,    -0.065506,     0.004361,
  1606.900,     0.000239,    -0.051772,     0.005454,
  1606.950,    -0.007008,    -0.049198,     0.005426,
  1607.000,    -0.006398,    -0.044549,     0.003697,
  1607.050,    -0.002491,    -0.057717,     0.000123,
  1607.100,    -0.004577,    -0.057853,     0.003534,
  1607.150,    -0.001698,    -0.075347,    -0.005201,
  1607.200,     0.014345,    -0.075670,    -0.007236,
  1607.250,     0.006309,    -0.067853,    -0.004208,
  1607.300,     0.022666,    -0.065862,     0.003314,
  1607.350,     0.010490,    -0.091792,     0.000637,
  1607.400,     0.012539,    -0.095613,    -0.000581,
  1607.450,     0.009467,    -0.089350,     0.001710,
  1607.500,    -0.003567,    -0.075400,     0.002125,
  1607.550,     0.016061,    -0.104859,     0.006868,
  1607.600,     0.027358,    -0.098777,     0.006890,
  1607.650,     0.021823,    -0.092790,     0.008579,
  1607.700,     0.015554,    -0.102410,     0.006090,
  1607.750,     0.017813,    -0.103796,     0.002756,
  1607.800,     0.029481,    -0.101278,     0.007002,
  1607.850,     0.035502,    -0.124529,     0.011429,
  1607.900,     0.022288,    -0.136633,     0.005628,
  1607.950,     0.023831,    -0.124998,     0.006935,
  1608.000,     0.028502,    -0.137278,     0.002178,
  1608.050,    -0.002044,    -0.131250,     0.011964,
  1608.100,     0.023967,    -0.141260,     0.004752,
  1608.150,     0.019451,    -0.161652,     0.003422,
  1608.200,     0.016677,    -0.162870,     0.003507,
  1608.250,     0.018133,    -0.156415,    -0.000948,
  1608.300,     0.025738,    -0.147483,     0.002780,
  1608.350,     0.038340,    -0.147606,     0.003088,
  1608.400,     0.009819,    -0.157783,     0.003064,
  1608.450,     0.009051,    -0.149063,    -0.000870,
  1608.500,     0.014788,    -0.130967,    -0.001794,
  1608.550,     0.032868,    -0.132564,     0.003645,
  1608.600,     0.039987,    -0.131408,     0.001682,
  1608.650,     0.035235,    -0.119437,     0.000786,
  1608.700,     0.022923,    -0.132012,     0.001568,
  1608.750,     0.023712,    -0.130531,    -0.006534,
  1608.800,     0.009772,    -0.127366,    -0.001037,
  1608.850,     0.027432,    -0.114349,     0.004951,
  1608.900,     0.013805,    -0.118084,     0.000968,
  1608.950,    -0.011544,    -0.108535,     0.002607,
  1609.000,    -0.000627,    -0.122791,     0.001130,
  1609.050,     0.016482,    -0.112637,     0.006453,
  1609.100,     0.020014,    -0.100752,     0.005821,
  1609.150,     0.004257,    -0.101737,     0.008365,
  1609.200,    -0.011927,    -0.083625,     0.008496,
  1609.250,    -0.000702,    -0.090299,     0.011748,
  1609.300,     0.005357,    -0.092264,     0.011453,
  1609.350,     0.005583,    -0.063074,     0.006865,
  1609.400,     0.032174,    -0.072413,     0.003629,
  1609.450,     0.022742,    -0.097468,     0.006953,
  1609.500,     0.021785,    -0.062004,     0.006068,
  1609.550,     0.037816,    -0.074665,     0.005490,
  1609.600,     0.034827,    -0.082541,     0.007122,
  1609.650,     0.037623,    -0.095405,     0.001709,
  1609.700,     0.031099,    -0.072481,     0.003999,
  1609.750,     0.035893,    -0.073364,     0.008858,
  1609.800,     0.034270,    -0.048757,     0.004428,
  1609.850,     0.034769,    -0.050317,     0.002844,
  1609.900,     0.032932,    -0.050132,     0.005480,
  1609.950,     0.011091,    -0.052159,     0.003639,
  1610.000,     0.027566,    -0.076507,    -0.000672,
  1610.050,     0.015453,    -0.090168,    -0.006903,
  1610.100,     0.032982,    -0.092489,     0.001289,
  1610.150,     0.035568,    -0.092585,     0.000848,
  1610.200,     0.029179,    -0.087222,     0.005638,
  1610.250,     0.028936,    -0.102442,     0.006175,
  1610.300,     0.038584,    -0.110517,     0.003438,
  1610.350,     0.036787,    -0.117500,     0.008198,
  1610.400,     0.037239,    -0.123959,     0.006602,
  1610.450,     0.033488,    -0.132789,     0.001485,
  1610.500,     0.016517,    -0.137259,     0.006295,
  1610.550,     0.020230,    -0.141640,     0.005901,
  1610.600,     0.026933,    -0.131035,     0.002295,
  1610.650,     0.035974,    -0.137492,     0.008110,
  1610.700,     0.026053,    -0.131505,     0.013265,
  1610.750,     0.030391,    -0.161033,     0.020188,
  1610.800,     0.030472,    -0.172221,     0.020052,
  1610.850,     0.018691,    -0.194941,     0.013004,
  1610.900,     0.022738,    -0.172747,     0.006921,
  1610.950,     0.026266,    -0.179672,     0.006842,
  1611.000,     0.019915,    -0.196484,     0.009656,
  1611.050,     0.034093,    -0.217035,     0.010273,
  1611.100,     0.039628,    -0.213329,     0.012982,
  1611.150,     0.011540,    -0.239635,     0.008323,
  1611.200,     0.028312,    -0.240099,     0.001345,
  1611.250,     0.018843,    -0.215287,    -0.000691,
  1611.300,     0.029364,    -0.217257,     0.004169,
  1611.350,     0.016141,    -0.223915,     0.002020,
  1611.400,    -0.003157,    -0.225158,    -0.002811,
  1611.450,    -0.009094,    -0.227445,    -0.003788,
  1611.500,     0.006004,    -0.219021,    -0.004689,
  1611.550,     0.010839,    -0.196926,    -0.007592,
  1611.600,    -0.014505,    -0.221091,    -0.004275,
  1611.650,    -0.006618,    -0.212736,     0.001627,
  1611.700,     0.000778,    -0.199161,    -0.000249,
  1611.750,    -0.010333,    -0.192209,    -0.005455,
  1611.800,     0.000036,    -0.199529,    -0.003738,
  1611.850,    -0.010658,    -0.174264,    -0.007429,
  1611.900,    -0.026280,    -0.168421,    -0.003334,
  1611.950,    -0.025989,    -0.185613,    -0.001452,
  1612.000,    -0.036771,    -0.193127,     0.001415,
  1612.050,    -0.028195,    -0.202004,     0.006491,
  1612.100,    -0.042588,    -0.203686,     0.006785,
  1612.150,    -0.025155,    -0.192196,     0.007131,
  1612.200,    -0.024447,    -0.228909,     0.006291,
  1612.250,    -0.041436,    -0.217702,     0.010384,
  1612.300,    -0.016923,    -0.218946,     0.011083,
  1612.350,    -0.017708,    -0.226065,     0.014421,
  1612.400,    -0.022830,    -0.209106,     0.012581,
  1612.450,    -0.030479,    -0.219318,     0.008524,
  1612.500,    -0.026689,    -0.206316,     0.011381,
  1612.550,    -0.019063,    -0.213026,     0.014893,
  1612.600,    -0.017318,    -0.230964,     0.012377,
  1612.650,    -0.022754,    -0.237960,     0.008496,
  1612.700,    -0.003916,    -0.240506,     0.008366,
  1612.750,     0.010761,    -0.236160,     0.006208,
  1612.800,    -0.002606,    -0.233167,     0.003244,
  1612.850,    -0.009119,    -0.256656,    -0.001561,
  1612.900,    -0.002539,    -0.239617,    -0.000821,
  1612.950,    -0.009378,    -0.245471,     0.000313,
  1613.000,     0.007270,    -0.262886,    -0.005067,
  1613.050,    -0.006467,    -0.251333,    -0.002346,
  1613.100,    -0.013216,    -0.256567,     0.000186,
  1613.150,    -0.004180,    -0.244889,    -0.001917,
  1613.200,     0.001705,    -0.267568,    -0.003639,
  1613.250,     0.003702,    -0.263436,    -0.003057,
  1613.300,     0.021332,    -0.261406,    -0.000285,
  1613.350,     0.029691,    -0.262316,    -0.001687,
  1613.400,     0.008310,    -0.263597,    -0.002657,
  1613.450,     0.011891,    -0.263895,    -0.004759,
  1613.500,     0.029167,    -0.253962,    -0.001537,
  1613.550,     0.034838,    -0.267384,    -0.001128,
  1613.600,     0.021614,    -0.282852,    -0.002534,
  1613.650,     0.019497,    -0.294390,    -0.000406,
  1613.700,     0.026806,    -0.269291,     0.007217,
  1613.750,     0.018925,    -0.296063,     0.008258,
  1613.800,     0.011836,    -0.295676,     0.012046,
  1613.850,     0.007836,    -0.290447,     0.011017,
  1613.900,     0.019241,    -0.308364,     0.008654,
  1613.950,     0.029705,    -0.311033,     0.015913,
  1614.000,     0.021047,    -0.298176,     0.020331,
  1614.050,     0.012488,    -0.320096,     0.016547,
  1614.100,     0.021572,    -0.327092,     0.013170,
  1614.150,     0.013463,    -0.336267,     0.011113,
  1614.200,     0.021977,    -0.347295,     0.018766,
  1614.250,     0.013364,    -0.345886,     0.017601,
  1614.300,    -0.012137,    -0.330335,     0.013411,
  1614.350,    -0.021574,    -0.335595,     0.009399,
  1614.400,    -0.007804,    -0.326397,     0.007969,
  1614.450,    -0.021916,    -0.335081,     0.007115,
  1614.500,    -0.029684,    -0.341281,     0.006352,
  1614.550,    -0.049766,    -0.341916,     0.004303,
  1614.600,    -0.057711,    -0.342900,     0.001054,
  1614.650,    -0.031816,    -0.342125,    -0.000249,
  1614.700,    -0.048168,    -0.318097,    -0.002176,
  1614.750,    -0.053188,    -0.315540,    -0.001012,
  1614.800,    -0.056700,    -0.298863,    -0.004907,
  1614.850,    -0.055512,    -0.298416,    -0.003862,
  1614.900,    -0.061130,    -0.312369,    -0.000583,
  1614.950,    -0.081725,    -0.298750,    -0.004889,
  1615.000,    -0.085294,    -0.299329,    -0.003182,
  1615.050,    -0.090656,    -0.316875,    -0.008029,
  1615.100,    -0.071896,    -0.339941,    -0.006900,
  1615.150,    -0.068340,    -0.354372,    -0.007317,
  1615.200,    -0.090900,    -0.349586,    -0.003117,
  1615.250,    -0.090436,    -0.375272,     0.001335,
  1615.300,    -0.074866,    -0.391255,    -0.000724,
  1615.350,    -0.059944,    -0.412063,    -0.001115,
  1615.400,    -0.082500,    -0.422098,     0.002481,
  1615.450,    -0.088944,    -0.408363,    -0.000752,
  1615.500,    -0.077560,    -0.404922,     0.008279,
  1615.550,    -0.076637,    -0.411461,     0.012399,
  1615.600,    -0.083241,    -0.401083,     0.010971,
  1615.650,    -0.065927,    -0.408784,     0.013897,
  1615.700,    -0.080930,    -0.415894,     0.006991,
  1615.750,    -0.074281,    -0.406058,     0.008787,
  1615.800,    -0.065602,    -0.429032,     0.012731,
  1615.850,    -0.075030,    -0.454615,     0.016983,
  1615.900,    -0.069012,    -0.455064,     0.017749,
  1615.950,    -0.069322,    -0.455368,     0.015054,
  1616.000,    -0.062559,    -0.466990,     0.011321,
  1616.050,    -0.070545,    -0.474880,     0.007389,
  1616.100,    -0.058903,    -0.480263,     0.011606,
  1616.150,    -0.078627,    -0.480738,     0.009764,
  1616.200,    -0.078123,    -0.476577,     0.005153,
  1616.250,    -0.083138,    -0.483261,     0.009940,
  1616.300,    -0.093559,    -0.490949,     0.005138,
  1616.350,    -0.107016,    -0.490765,     0.002231,
  1616.400,    -0.104680,    -0.495713,    -0.001503,
  1616.450,    -0.105628,    -0.492477,    -0.001733,
  1616.500,    -0.106957,    -0.503176,     0.000517,
  1616.550,    -0.092158,    -0.526755,    -0.005435,
  1616.600,    -0.108509,    -0.506274,    -0.004082,
  1616.650,    -0.097090,    -0.492097,    -0.002148,
  1616.700,    -0.094500,    -0.494707,    -0.002963,
  1616.750,    -0.126901,    -0.491688,    -0.003375,
  1616.800,    -0.134434,    -0.491173,    -0.001903,
  1616.850,    -0.110925,    -0.493725,    -0.001368,
  1616.900,    -0.095885,    -0.487156,    -0.000339,
  1616.950,    -0.110279,    -0.489569,     0.002087,
  1617.000,    -0.108940,    -0.506868,    -0.002053,
  1617.050,    -0.091494,    -0.487291,     0.002382,
  1617.100,    -0.098151,    -0.474220,     0.002529,
  1617.150,    -0.111380,    -0.483483,     0.005746,
  1617.200,    -0.118785,    -0.473541,     0.006886,
  1617.250,    -0.127799,    -0.474562,     0.005585,
  1617.300,    -0.108403,    -0.456456,     0.007482,
  1617.350,    -0.103081,    -0.446705,     0.008921,
  1617.400,    -0.098379,    -0.459078,     0.010062,
  1617.450,    -0.118551,    -0.445847,     0.008927,
  1617.500,    -0.127037,    -0.438835,     0.006363,
  1617.550,    -0.119818,    -0.433537,     0.007647,
  1617.600,    -0.119692,    -0.436497,     0.007771,
  1617.650,    -0.134058,    -0.418269,     0.005532,
  1617.700,    -0.148403,    -0.416141,     0.008769,
  1617.750,    -0.134740,    -0.407228,     0.009071,
  1617.800,    -0.151585,    -0.401720,     0.004792,
  1617.850,    -0.177398,    -0.380863,     0.001597,
  1617.900,    -0.164540,    -0.371745,     0.005892,
  1617.950,    -0.142778,    -0.338327,     0.007157,
  1618.000,    -0.144289,    -0.281234,     0.004430,
  1618.050,    -0.162157,    -0.232384,     0.004620,
  1618.100,    -0.161867,    -0.193871,    -0.001762,
  1618.150,    -0.165272,    -0.161821,     0.001011,
  1618.200,    -0.171858,    -0.119875,     0.001953,
  1618.250,    -0.170842,    -0.077524,     0.003139,
  1618.300,    -0.176389,    -0.071774,     0.001130,
  1618.350,    -0.175323,    -0.087374,     0.003991,
  1618.400,    -0.169704,    -0.196099,     0.001093,
  1618.450,    -0.169910,    -0.348139,    -0.002891,
  1618.500,    -0.170947,    -0.610612,     0.000959,
  1618.550,    -0.176766,    -0.952923,     0.001675,
  1618.600,    -0.179636,    -1.333053,    -0.000533,
  1618.650,    -0.175623,    -1.743931,     0.004089,
  1618.700,    -0.179998,    -2.126887,     0.004378,
  1618.750,    -0.174872,    -2.394161,     0.001691,
  1618.800,    -0.181582,    -2.457728,     0.004747,
  1618.850,    -0.176957,    -2.309845,     0.007458,
  1618.900,    -0.161961,    -1.995652,     0.006552,
  1618.950,    -0.158670,    -1.602009,     0.006382,
  1619.000,    -0.161747,    -1.184876,     0.007099,
  1619.050,    -0.167211,    -0.797805,     0.002420,
  1619.100,    -0.167999,    -0.520714,     0.004124,
  1619.150,    -0.177278,    -0.297820,     0.007245,
  1619.200,    -0.198794,    -0.164513,     0.004556,
  1619.250,    -0.199799,    -0.133796,     0.006074,
  1619.300,    -0.208609,    -0.141140,     0.001952,
  1619.350,    -0.215866,    -0.189173,     0.001155,
  1619.400,    -0.224290,    -0.272831,     0.000959,
  1619.450,    -0.214995,    -0.366149,     0.001951,
  1619.500,    -0.212429,    -0.414662,     0.002200,
  1619.550,    -0.217204,    -0.486669,    -0.004930,
  1619.600,    -0.203785,    -0.532702,    -0.001075,
  1619.650,    -0.216654,    -0.559336,     0.005433,
  1619.700,    -0.218033,    -0.580338,     0.005199,
  1619.750,    -0.234947,    -0.589772,     0.006675,
  1619.800,    -0.236028,    -0.591029,     0.006639,
  1619.850,    -0.215250,    -0.607447,     0.004233,
  1619.900,    -0.241084,    -0.624791,    -0.002360,
  1619.950,    -0.248632,    -0.651564,     0.003256,
  1620.000,    -0.244732,    -0.699427,     0.008565,
  1620.050,    -0.242600,    -0.712156,     0.003656,
  1620.100,    -0.232754,    -0.740053,     0.005190,
  1620.150,    -0.243191,    -0.779035,     0.008674,
  1620.200,    -0.245593,    -0.777557,     0.000351,
  1620.250,    -0.238903,    -0.783301,     0.004304,
  1620.300,    -0.252634,    -0.795376,     0.010515,
  1620.350,    -0.244437,    -0.762885,     0.010095,
  1620.400,    -0.233254,    -0.756703,     0.010381,
  1620.450,    -0.241364,    -0.755122,     0.009875,
  1620.500,    -0.223834,    -0.759587,     0.012194,
  1620.550,    -0.249653,    -0.770126,     0.011161,
  1620.600,    -0.242599,    -0.762379,     0.007020,
  1620.650,    -0.234260,    -0.799293,     0.005985,
  1620.700,    -0.245996,    -0.826538,     0.006259,
  1620.750,    -0.237764,    -0.825007,     0.005037,
  1620.800,    -0.229133,    -0.836559,     0.002920,
  1620.850,    -0.252975,    -0.864981,     0.000699,
  1620.900,    -0.249449,    -0.872562,     0.005606,
  1620.950,    -0.237764,    -0.863349,     0.004480,
  1621.000,    -0.230092,    -0.892779,     0.001340,
  1621.050,    -0.233179,    -0.900679,     0.001231,
  1621.100,    -0.235391,    -0.903279,     0.000019,
  1621.150,    -0.242508,    -0.929399,     0.003045,
  1621.200,    -0.238128,    -0.946151,    -0.001786,
  1621.250,    -0.241843,    -0.973433,    -0.003147,
  1621.300,    -0.256788,    -1.002156,     0.000091,
  1621.350,    -0.232134,    -1.031033,    -0.004216,
  1621.400,    -0.223002,    -1.055723,    -0.008729,
  1621.450,    -0.223399,    -1.082439,    -0.003323,
  1621.500,    -0.211885,    -1.040745,    -0.003988,
  1621.550,    -0.196416,    -1.007067,    -0.003854,
  1621.600,    -0.182921,    -0.969472,    -0.006086,
  1621.650,    -0.177141,    -0.923275,     0.000971,
  1621.700,    -0.186657,    -0.868363,     0.004365,
  1621.750,    -0.168475,    -0.839668,    -0.000042,
  1621.800,    -0.152630,    -0.839075,     0.002727,
  1621.850,    -0.144881,    -0.835832,     0.013967,
  1621.900,    -0.131866,    -0.868083,     0.009876,
  1621.950,    -0.109150,    -0.905803,     0.008619,
  1622.000,    -0.061937,    -0.925178,     0.010539,
  1622.050,    -0.025578,    -0.925425,     0.005352,
  1622.100,     0.005080,    -0.933014,     0.009456,
  1622.150,     0.046742,    -0.943333,     0.018704,
  1622.200,     0.068471,    -0.946160,     0.016178,
  1622.250,     0.076298,    -0.947706,     0.010783,
  1622.300,     0.042085,    -0.936598,     0.008149,
  1622.350,    -0.022265,    -0.911204,     0.012636,
  1622.400,    -0.120468,    -0.902913,     0.010734,
  1622.450,    -0.286369,    -0.885350,     0.008549,
  1622.500,    -0.521175,    -0.852988,     0.004802,
  1622.550,    -0.769604,    -0.809969,     0.009114,
  1622.600,    -1.034382,    -0.785377,     0.002309,
  1622.650,    -1.239329,    -0.742969,     0.003948,
  1622.700,    -1.391752,    -0.686576,     0.005977,
  1622.750,    -1.432238,    -0.613374,     0.002166,
  1622.800,    -1.301968,    -0.510101,     0.001048,
  1622.850,    -1.115766,    -0.403846,     0.003347,
  1622.900,    -0.856377,    -0.275957,     0.004713,
  1622.950,    -0.559887,    -0.136301,     0.000143,
  1623.000,    -0.321406,    -0.013895,     0.000288,
  1623.050,    -0.166394,     0.097326,     0.000740,
  1623.100,    -0.041500,     0.115637,    -0.004167,
  1623.150,     0.021217,     0.008123,    -0.003743,
  1623.200,     0.023717,    -0.326249,    -0.007250,
  1623.250,    -0.003759,    -1.001347,    -0.006450,
  1623.300,    -0.043675,    -2.122518,    -0.002523,
  1623.350,    -0.103869,    -3.843026,    -0.006616,
  1623.400,    -0.146255,    -6.190226,     0.000166,
  1623.450,    -0.194546,    -9.079033,     0.001715,
  1623.500,    -0.251971,   -12.222148,    -0.001630,
  1623.550,    -0.271498,   -15.132563,    -0.005081,
  1623.600,    -0.294631,   -17.125555,     0.001025,
  1623.650,    -0.277469,   -17.493563,     0.003961,
  1623.700,    -0.270302,   -15.827166,     0.005156,
  1623.750,    -0.296279,   -12.123533,     0.004691,
  1623.800,    -0.289041,    -6.997025,     0.003320,
  1623.850,    -0.290329,    -1.427215,     0.008797,
  1623.900,    -0.319221,     3.484423,     0.004133,
  1623.950,    -0.320330,     6.934489,     0.005435,
  1624.000,    -0.324503,     8.513791,     0.009693,
  1624.050,    -0.341279,     8.337132,     0.013832,
  1624.100,    -0.361852,     6.748450,     0.009485,
  1624.150,    -0.379740,     4.178412,     0.009796,
  1624.200,    -0.368819,     1.205607,     0.011338,
  1624.250,    -0.361574,    -1.618595,     0.008435,
  1624.300,    -0.360249,    -3.847212,     0.008160,
  1624.350,    -0.350223,    -5.274983,     0.012265,
  1624.400,    -0.337697,    -5.999073,     0.005577,
  1624.450,    -0.366189,    -6.210488,     0.003791,
  1624.500,    -0.369464,    -6.037645,     0.006149,
  1624.550,    -0.331832,    -5.448199,     0.006403,
  1624.600,    -0.355582,    -4.513717,     0.003225,
  1624.650,    -0.379176,    -3.507028,     0.002028,
  1624.700,    -0.388233,    -2.713990,     0.002744,
  1624.750,    -0.375055,    -2.169706,     0.003966,
  1624.800,    -0.390400,    -1.805950,     0.000434,
  1624.850,    -0.411904,    -1.469886,     0.001303,
  1624.900,    -0.404043,    -1.140785,     0.003458,
  1624.950,    -0.403368,    -0.812284,     0.000092,
  1625.000,    -0.392838,    -0.407357,    -0.001348,
  1625.050,    -0.387450,     0.132472,     0.004299,
  1625.100,    -0.417338,     0.838794,     0.002432,
  1625.150,    -0.440592,     1.727241,    -0.003020,
  1625.200,    -0.472452,     2.765705,    -0.010540,
  1625.250,    -0.472747,     3.889177,    -0.008966,
  1625.300,    -0.484449,     5.077292,     0.000825,
  1625.350,    -0.512697,     6.273234,     0.004562,
  1625.400,    -0.487944,     7.478472,    -0.000625,
  1625.450,    -0.477920,     8.746009,    -0.004921,
  1625.500,    -0.457327,    10.060120,     0.001165,
  1625.550,    -0.414885,    11.467869,    -0.003769,
  1625.600,    -0.390757,    13.071246,    -0.001534,
  1625.650,    -0.363025,    14.898890,     0.004664,
  1625.700,    -0.334303,    17.010325,     0.007888,
  1625.750,    -0.332527,    19.501218,     0.011164,
  1625.800,    -0.333550,    22.428147,     0.007664,
  1625.850,    -0.355317,    25.822997,     0.001238,
  1625.900,    -0.387858,    29.700968,     0.004427,
  1625.950,    -0.400729,    34.164119,     0.007856,
  1626.000,    -0.411386,    39.328189,     0.006019,
  1626.050,    -0.418487,    45.320874,     0.007637,
  1626.100,    -0.427878,    52.213222,     0.006415,
  1626.150,    -0.433995,    60.173804,     0.005476,
  1626.200,    -0.409275,    69.234329,     0.007454,
  1626.250,    -0.404946,    79.317423,     0.008558,
  1626.300,    -0.384464,    90.147328,     0.008591,
  1626.350,    -0.353630,   101.149397,     0.006494,
  1626.400,    -0.341016,   111.240914,     0.010246,
  1626.450,    -0.323882,   118.577158,     0.006462,
  1626.500,    -0.302777,   120.330037,     0.004087,
  1626.550,    -0.291934,   112.301036,     0.009721,
  1626.600,    -0.260275,    88.936240,     0.006120,
  1626.650,    -0.215173,    43.654300,     0.006117,
  1626.700,    -0.155981,   -30.080523,     0.009183,
  1626.750,    -0.104593,  -136.599317,     0.009972,
  1626.800,    -0.021709,  -275.383844,     0.008210,
  1626.850,     0.069657,  -438.202199,     0.006527,
  1626.900,     0.138728,  -607.466873,     0.007248,
  1626.950,     0.219380,  -756.832510,    -0.000084,
  1627.000,     0.284407,  -853.304042,    -0.000879,
  1627.050,     0.297449,  -863.652525,     0.007651,
  1627.100,     0.226221,  -767.964910,     0.002293,
  1627.150,    -0.002316,  -573.556554,    -0.000515,
  1627.200,    -0.442999,  -314.836492,     0.001123,
  1627.250,    -1.176430,   -38.717001,     0.000512,
  1627.300,    -2.275542,   213.204124,    -0.001613,
  1627.350,    -3.794686,   414.370761,     0.002681,
  1627.400,    -5.633499,   551.418659,     0.000903,
  1627.450,    -7.579704,   618.154752,     0.000793,
  1627.500,    -9.350517,   615.650001,    -0.001386,
  1627.550,   -10.467920,   555.920794,    -0.004815,
  1627.600,   -10.476614,   461.606808,     0.000195,
  1627.650,    -9.108933,   358.092630,     0.001916,
  1627.700,    -6.493657,   262.795631,     0.004117,
  1627.750,    -3.052795,   181.288099,     0.005372,
  1627.800,     0.542316,   113.143369,     0.002195,
  1627.850,     3.552677,    59.884677,     0.005030,
  1627.900,     5.484085,    26.164406,     0.003688,
  1627.950,     6.186380,    13.388737,     0.005655,
  1628.000,     5.770271,    14.807836,     0.005919,
  1628.050,     4.484753,    19.605023,     0.004732,
  1628.100,     2.694436,    20.976186,     0.008548,
  1628.150,     0.708730,    18.573325,     0.008661,
  1628.200,    -1.110117,    13.737354,     0.005709,
  1628.250,    -2.456190,     6.294082,     0.004737,
  1628.300,    -3.235724,    -3.942722,     0.007903,
  1628.350,    -3.541040,   -15.291041,     0.012643,
  1628.400,    -3.540552,   -25.115936,     0.011459,
  1628.450,    -3.325022,   -31.509963,     0.006421,
  1628.500,    -2.832511,   -33.304194,     0.008187,
  1628.550,    -2.142680,   -29.992888,     0.003404,
  1628.600,    -1.484287,   -22.742302,     0.002250,
  1628.650,    -0.972965,   -14.414926,     0.007545,
  1628.700,    -0.628997,    -7.483234,    -0.001134,
  1628.750,    -0.433646,    -2.984859,     0.000822,
  1628.800,    -0.229584,    -1.164252,     0.004789,
  1628.850,    -0.036939,    -2.118112,     0.005638,
  1628.900,     0.159753,    -5.174189,     0.005237,
  1628.950,     0.420166,    -9.286403,     0.002145,
  1629.000,     0.735451,   -13.634145,     0.002185,
  1629.050,     1.177763,   -17.083424,     0.003995,
  1629.100,     1.752784,   -18.429742,    -0.000607,
  1629.150,     2.396468,   -17.405915,    -0.001141,
  1629.200,     3.071642,   -14.983355,    -0.005438,
  1629.250,     3.791504,   -11.998510,    -0.003201,
  1629.300,     4.501784,    -8.593464,    -0.004579,
  1629.350,     5.200680,    -5.354663,    -0.000654,
  1629.400,     5.920284,    -3.324842,    -0.001938,
  1629.450,     6.705780,    -2.418323,     0.000859,
  1629.500,     7.516935,    -1.744800,     0.003965,
  1629.550,     8.447278,    -1.435813,    -0.001803,
  1629.600,     9.532968,    -2.146204,     0.001301,
  1629.650,    10.804768,    -3.579164,     0.004188,
  1629.700,    12.290676,    -5.007354,    -0.002380,
  1629.750,    14.012775,    -6.289650,    -0.003483,
  1629.800,    16.035663,    -7.321848,    -0.001004,
  1629.850,    18.353775,    -7.916487,     0.001400,
  1629.900,    21.011280,    -8.401538,    -0.000753,
  1629.950,    24.131675,    -9.063405,    -0.000552,
  1630.000,    27.733296,    -9.528301,    -0.001524,
  1630.050,    31.921774,    -9.995554,     0.003762,
  1630.100,    36.777429,   -11.552468,     0.000198,
  1630.150,    42.318320,   -14.581446,    -0.003290,
  1630.200,    48.497251,   -18.110098,    -0.002383,
  1630.250,    55.152361,   -21.159664,    -0.004509,
  1630.300,    61.876117,   -23.552278,    -0.004777,
  1630.350,    68.008702,   -25.200944,     0.000222,
  1630.400,    72.358138,   -25.526302,     0.004987,
  1630.450,    73.100997,   -23.619052,     0.012881,
  1630.500,    67.596256,   -18.819349,     0.009837,
  1630.550,    52.333906,   -11.499617,     0.011411,
  1630.600,    23.045828,    -3.149112,     0.019990,
  1630.650,   -24.439512,     4.452853,     0.023750,
  1630.700,   -92.893556,    10.046533,     0.025212,
  1630.750,  -181.849341,    13.060233,     0.035674,
  1630.800,  -285.548524,    13.620158,     0.035499,
  1630.850,  -391.745640,    12.157680,     0.029275,
  1630.900,  -481.934507,     9.274574,     0.020523,
  1630.950,  -533.688054,     5.856123,     0.017048,
  1631.000,  -527.047698,     2.993944,     0.020905,
  1631.050,  -452.934498,     1.406954,     0.021127,
  1631.100,  -319.379211,     1.309775,     0.024064,
  1631.150,  -149.991910,     2.395546,     0.026460,
  1631.200,    24.980840,     3.763499,     0.020451,
  1631.250,   179.654111,     4.322650,     0.013282,
  1631.300,   297.721610,     3.926636,     0.014043,
  1631.350,   371.217324,     3.166550,     0.006889,
  1631.400,   398.242840,     2.265575,    -0.005207,
  1631.450,   382.282542,     1.160862,    -0.011535,
  1631.500,   333.070918,     0.170592,    -0.012423,
  1631.550,   265.894618,    -0.376537,    -0.012267,
  1631.600,   196.824993,    -0.448203,    -0.014392,
  1631.650,   136.199756,    -0.184167,    -0.014525,
  1631.700,    86.389663,     0.207198,    -0.012978,
  1631.750,    45.951046,     0.439720,    -0.015159,
  1631.800,    15.540230,     0.576219,    -0.008321,
  1631.850,    -1.626923,     0.828175,    -0.010636,
  1631.900,    -5.034654,     1.151283,    -0.008004,
  1631.950,     0.041255,     1.302174,    -0.003361,
  1632.000,     5.840568,     1.393799,    -0.001841,
  1632.050,     8.120728,     1.363982,    -0.006947,
  1632.100,     7.254061,     0.892051,    -0.001899,
  1632.150,     4.634637,    -0.002850,    -0.002946,
  1632.200,     0.295382,    -0.749953,    -0.000459,
  1632.250,    -5.951357,    -0.775002,     0.005955,
  1632.300,   -12.838656,    -0.086435,     0.002417,
  1632.350,   -18.461617,     0.719788,     0.005059,
  1632.400,   -21.696611,     0.976297,     0.003979,
  1632.450,   -21.939507,     0.479779,     0.000566,
  1632.500,   -18.942377,    -0.447088,     0.003782,
  1632.550,   -13.656652,    -1.509570,     0.002146,
  1632.600,    -8.085582,    -2.620741,     0.006938,
  1632.650,    -3.872689,    -3.634282,     0.010094,
  1632.700,    -1.410034,    -4.182021,     0.007418,
  1632.750,    -0.702435,    -3.906807,     0.007754,
  1632.800,    -1.705514,    -2.793900,     0.005521,
  1632.850,    -3.893175,    -1.227206,     0.008499,
  1632.900,    -6.522719,     0.409447,     0.009520,
  1632.950,    -9.085832,     1.757836,     0.008952,
  1633.000,   -10.943194,     2.638111,     0.009846,
  1633.050,   -11.351585,     3.037544,     0.008889,
  1633.100,   -10.281058,     2.807701,     0.007832,
  1633.150,    -8.514125,     1.846147,     0.005067,
  1633.200,    -6.582250,     0.418482,     0.005990,
  1633.250,    -4.479386,    -0.781082,     0.006211,
  1633.300,    -2.572258,    -1.114038,     0.001409,
  1633.350,    -1.563788,    -0.548134,    -0.001624,
  1633.400,    -1.276971,     0.372960,     0.000965,
  1633.450,    -0.997075,     1.093779,     0.004474,
  1633.500,    -0.879074,     1.532629,    -0.002710,
  1633.550,    -1.445072,     1.931117,    -0.002639,
  1633.600,    -2.441818,     2.205702,     0.000313,
  1633.650,    -3.345479,     2.028786,    -0.002490,
  1633.700,    -4.073642,     1.294591,    -0.001442,
  1633.750,    -4.619043,     0.509281,     0.000451,
  1633.800,    -4.934398,     0.259539,     0.003186,
  1633.850,    -5.170622,     0.637703,    -0.001026,
  1633.900,    -5.583640,     1.288410,    -0.001554,
  1633.950,    -5.896894,     1.735328,     0.004871,
  1634.000,    -6.165355,     2.004661,     0.002354,
  1634.050,    -7.173460,     2.524687,     0.004498,
  1634.100,    -9.155905,     3.538086,     0.004883,
  1634.150,   -11.403796,     4.817174,     0.003318,
  1634.200,   -13.225560,     5.771806,     0.006632,
  1634.250,   -14.596040,     5.894634,     0.010405,
  1634.300,   -15.473626,     5.019867,     0.015280,
  1634.350,   -15.421817,     3.374413,     0.006977,
  1634.400,   -13.963836,     1.468931,     0.009072,
  1634.450,   -10.737948,    -0.234864,     0.010852,
  1634.500,    -6.040786,    -1.331142,     0.009959,
  1634.550,    -0.869041,    -1.620024,     0.013710,
  1634.600,     3.716192,    -1.193751,     0.006831,
  1634.650,     7.032862,    -0.221375,     0.005329,
  1634.700,     8.691143,     0.944310,    -0.000599,
  1634.750,     8.734197,     1.802740,     0.002351,
  1634.800,     7.546286,     2.103127,     0.003196,
  1634.850,     5.524551,     1.980898,    -0.000026,
  1634.900,     3.242731,     1.834150,    -0.000583,
  1634.950,     1.380379,     1.554471,    -0.001009,
  1635.000,     0.372285,     0.849765,    -0.003581,
  1635.050,     0.335299,    -0.364628,    -0.001950,
  1635.100,     1.023063,    -1.647068,     0.000293,
  1635.150,     1.825524,    -2.463542,    -0.001475,
  1635.200,     2.075585,    -2.393592,    -0.002738,
  1635.250,     1.771543,    -1.539666,    -0.002905,
  1635.300,     1.324829,    -0.367061,    -0.006434,
  1635.350,     0.823080,     0.786164,    -0.006997,
  1635.400,     0.242748,     1.800347,    -0.005999,
  1635.450,    -0.267748,     2.567745,    -0.007288,
  1635.500,    -0.487065,     2.857418,    -0.001531,
  1635.550,    -0.424509,     2.729597,     0.004274,
  1635.600,    -0.228935,     2.507415,     0.003094,
  1635.650,     0.000951,     2.725166,     0.000675,
  1635.700,     0.117874,     3.536522,     0.003405,
  1635.750,     0.135238,     4.719953,     0.008232,
  1635.800,     0.256324,     5.978758,     0.010065,
  1635.850,     0.431461,     7.139484,     0.013321,
  1635.900,     0.510436,     8.018270,     0.011584,
  1635.950,     0.550934,     8.408722,     0.009752,
  1636.000,     0.527474,     8.099335,     0.009484,
  1636.050,     0.183388,     6.992960,     0.006559,
  1636.100,    -0.447605,     5.083596,     0.009630,
  1636.150,    -0.901278,     2.715300,     0.007631,
  1636.200,    -0.863393,     0.553834,     0.002844,
  1636.250,    -0.408201,    -0.974464,     0.009226,
  1636.300,     0.108549,    -1.866223,     0.008095,
  1636.350,     0.228286,    -2.360050,     0.002572,
  1636.400,    -0.135300,    -2.625182,     0.003420,
  1636.450,    -0.714579,    -2.683920,     0.003579,
  1636.500,    -1.300644,    -2.569406,    -0.002146,
  1636.550,    -1.897129,    -2.462354,     0.003944,
  1636.600,    -2.418396,    -2.381856,    -0.001192,
  1636.650,    -2.652246,    -2.249739,    -0.000726,
  1636.700,    -2.399997,    -1.943175,    -0.001132,
  1636.750,    -1.646579,    -1.563875,    -0.001595,
  1636.800,    -0.639037,    -1.173989,    -0.000473,
  1636.850,     0.371868,    -0.740138,     0.002501,
  1636.900,     1.157793,    -0.124872,     0.004708,
  1636.950,     1.622874,     0.609759,     0.002067,
  1637.000,     1.784839,     1.406203,     0.003788,
  1637.050,     1.553123,     2.317221,     0.011725,
  1637.100,     0.844944,     3.254949,     0.006552,
  1637.150,    -0.133923,     4.003688,     0.004857,
  1637.200,    -0.868977,     4.135708,     0.001320,
  1637.250,    -1.002122,     3.405202,     0.002496,
  1637.300,    -0.589505,     1.985505,     0.005755,
  1637.350,     0.027657,     0.434592,     0.004903,
  1637.400,     0.452785,    -0.822254,     0.006078,
  1637.450,     0.675059,    -1.575648,     0.012152,
  1637.500,     0.900525,    -1.729813,     0.007337,
  1637.550,     1.116216,    -1.255113,     0.004457,
  1637.600,     1.002003,    -0.338612,     0.005651,
  1637.650,     0.534655,     0.763632,     0.009593,
  1637.700,     0.081268,     1.740224,     0.008125,
  1637.750,    -0.015727,     2.460679,     0.007104,
  1637.800,     0.267978,     2.958997,     0.005518,
  1637.850,     0.682594,     3.299934,     0.002482,
  1637.900,     0.944089,     3.385711,    -0.000437,
  1637.950,     1.050909,     3.162409,     0.002092,
  1638.000,     1.336789,     2.824086,    -0.000035,
  1638.050,     1.951217,     2.523193,     0.001219,
  1638.100,     2.736180,     2.167881,     0.002711,
  1638.150,     3.318261,     1.673464,    -0.002841,
  1638.200,     3.344646,     1.097867,    -0.002589,
  1638.250,     2.714992,     0.595649,     0.000040,
  1638.300,     1.675237,     0.267708,     0.000880,
  1638.350,     0.502725,     0.215812,     0.001008,
  1638.400,    -0.484215,     0.300757,     0.001208,
  1638.450,    -1.031263,     0.210374,    -0.000041,
  1638.500,    -1.105873,    -0.234144,     0.000494,
  1638.550,    -0.798430,    -0.859218,     0.005829,
  1638.600,    -0.238032,    -1.345800,     0.005772,
  1638.650,     0.343070,    -1.384178,     0.002287,
  1638.700,     0.601151,    -1.020408,     0.006719,
  1638.750,     0.391814,    -0.342018,     0.008063,
  1638.800,    -0.133028,     0.725234,     0.006266,
  1638.850,    -0.703116,     2.078701,     0.010241,
  1638.900,    -1.307530,     3.398893,     0.010111,
  1638.950,    -2.035379,     4.392974,     0.012250,
  1639.000,    -2.834024,     4.958612,     0.012779,
  1639.050,    -3.370075,     5.103479,     0.012953,
  1639.100,    -3.251697,     4.824185,     0.007026,
  1639.150,    -2.342627,     3.945542,     0.008125,
  1639.200,    -0.864898,     2.410317,     0.011653,
  1639.250,     0.685154,     0.343592,     0.008509,
  1639.300,     1.877961,    -1.854028,    -0.002886,
  1639.350,     2.691510,    -3.661547,    -0.000524,
  1639.400,     3.033482,    -4.850082,     0.004688,
  1639.450,     2.895420,    -5.255514,    -0.002469,
  1639.500,     2.371320,    -4.758078,     0.000123,
  1639.550,     1.747516,    -3.317165,    -0.002587,
  1639.600,     1.465326,    -1.240698,    -0.001505,
  1639.650,     1.670901,     1.045305,    -0.000910,
  1639.700,     2.214548,     2.943423,    -0.002288,
  1639.750,     2.911703,     4.244858,    -0.004863,
  1639.800,     3.566759,     5.100088,    -0.005357,
  1639.850,     4.079677,     5.546860,    -0.003542,
  1639.900,     4.299817,     5.334418,     0.001656,
  1639.950,     4.134044,     4.304736,    -0.004115,
  1640.000,     3.462877,     2.511987,    -0.005074,
  1640.050,     2.266126,     0.352506,    -0.000592,
  1640.100,     0.831995,    -1.575325,     0.000540,
  1640.150,    -0.420676,    -2.746470,     0.004028,
  1640.200,    -1.189354,    -3.031769,    -0.000242,
  1640.250,    -1.530173,    -2.697153,     0.001471,
  1640.300,    -1.610267,    -2.044046,     0.004612,
  1640.350,    -1.562277,    -1.309203,     0.009007,
  1640.400,    -1.414331,    -0.531349,     0.015928,
  1640.450,    -1.160867,     0.062713,     0.010207,
  1640.500,    -0.880111,     0.293488,     0.009756,
  1640.550,    -0.651255,     0.269254,     0.010649,
  1640.600,    -0.367080,     0.404838,     0.017783,
  1640.650,     0.019241,     1.032106,     0.018272,
  1640.700,     0.395623,     2.062719,     0.015174,
  1640.750,     0.793377,     3.106748,     0.013853,
  1640.800,     1.229235,     3.840306,     0.018793,
  1640.850,     1.764330,     4.170689,     0.010450,
  1640.900,     2.420799,     4.128747,     0.002405,
  1640.950,     3.128812,     3.825790,     0.005977,
  1641.000,     3.904458,     3.105605,     0.000815,
  1641.050,     4.759672,     1.919317,     0.000539,
  1641.100,     5.506635,     0.499471,     0.002872,
  1641.150,     5.894463,    -0.655401,    -0.002624,
  1641.200,     5.806688,    -1.180790,    -0.004790,
  1641.250,     5.384749,    -0.932680,    -0.002580,
  1641.300,     5.009137,     0.065962,    -0.001890,
  1641.350,     4.957625,     1.640657,    -0.007561,
  1641.400,     5.356585,     3.587384,    -0.013291,
  1641.450,     6.290866,     5.627009,    -0.013980,
  1641.500,     7.739504,     7.283995,    -0.007111,
  1641.550,     9.565067,     7.929273,    -0.010990,
  1641.600,    11.646578,     7.229707,    -0.007464,
  1641.650,    13.729506,     5.437746,    -0.004344,
  1641.700,    15.687613,     3.255428,    -0.007139,
  1641.750,    17.372705,     1.287893,    -0.003731,
  1641.800,    18.641330,    -0.430065,    -0.001384,
  1641.850,    18.994576,    -1.912394,     0.003342,
  1641.900,    17.890136,    -2.921142,     0.007276,
  1641.950,    14.675576,    -3.164518,     0.010135,
  1642.000,     8.565524,    -2.711609,     0.006104,
  1642.050,    -1.442535,    -2.023525,     0.011880,
  1642.100,   -16.068892,    -1.612473,     0.017132,
  1642.150,   -35.436241,    -1.626222,     0.018815,
  1642.200,   -58.390280,    -1.895577,     0.019785,
  1642.250,   -82.351710,    -2.231396,     0.014298,
  1642.300,  -103.316121,    -2.317654,     0.016574,
  1642.350,  -116.498980,    -1.902629,     0.018037,
  1642.400,  -117.643177,    -0.786280,     0.014081,
  1642.450,  -104.217151,     1.129492,     0.012380,
  1642.500,   -76.795043,     3.499094,     0.014998,
  1642.550,   -39.253753,     5.749574,     0.015266,
  1642.600,     2.111716,     7.199591,     0.014586,
  1642.650,    40.409520,     7.364164,     0.012447,
  1642.700,    70.307610,     6.108811,     0.008052,
  1642.750,    89.142143,     3.760737,    -0.001442,
  1642.800,    96.437843,     1.035424,    -0.000493,
  1642.850,    93.115889,    -1.500944,     0.001543,
  1642.900,    81.426617,    -3.580921,    -0.003701,
  1642.950,    64.668459,    -5.075783,    -0.013702,
  1643.000,    46.604247,    -5.654107,    -0.010493,
  1643.050,    30.192210,    -4.892246,    -0.009311,
  1643.100,    16.745314,    -2.572867,    -0.007367,
  1643.150,     6.127059,     0.931624,    -0.006068,
  1643.200,    -1.928675,     4.734468,    -0.012775,
  1643.250,    -6.982120,     7.863014,    -0.009299,
  1643.300,    -8.638068,     9.581584,    -0.004556,
  1643.350,    -7.497821,     9.571676,    -0.000906,
  1643.400,    -5.105939,     7.899424,     0.000634,
  1643.450,    -2.877399,     4.949290,    -0.003255,
  1643.500,    -1.254927,     1.389123,     0.001850,
  1643.550,    -0.114951,    -1.934049,     0.007523,
  1643.600,     0.493406,    -4.311451,     0.010759,
  1643.650,     0.356127,    -5.354010,     0.011609,
  1643.700,    -0.425647,    -5.268690,     0.014122,
  1643.750,    -1.367014,    -4.557273,     0.015101,
  1643.800,    -2.010473,    -3.695180,     0.013818,
  1643.850,    -2.346995,    -2.738433,     0.012804,
  1643.900,    -2.451642,    -1.598857,     0.010826,
  1643.950,    -2.395443,    -0.426964,     0.017154,
  1644.000,    -2.280767,     0.606600,     0.014445,
  1644.050,    -2.185050,     1.409146,     0.011269,
  1644.100,    -2.027802,     2.057791,     0.013523,
  1644.150,    -1.793578,     2.602047,     0.012169,
  1644.200,    -1.694193,     3.052287,     0.015955,
  1644.250,    -1.790069,     3.248419,     0.003261,
  1644.300,    -2.009299,     3.271796,     0.000404,
  1644.350,    -2.213903,     3.133470,     0.000382,
  1644.400,    -2.378484,     2.880073,     0.002137,
  1644.450,    -2.504755,     2.369453,     0.002572,
  1644.500,    -2.392181,     1.468208,     0.001321,
  1644.550,    -1.887479,     0.140516,     0.001231,
  1644.600,    -0.962334,    -1.456805,     0.004776,
  1644.650,     0.211047,    -3.080571,     0.007108,
  1644.700,     1.286315,    -4.479910,     0.005464,
  1644.750,     1.990714,    -5.262017,     0.010979,
  1644.800,     2.203832,    -5.094079,     0.004517,
  1644.850,     2.138996,    -3.856473,     0.001927,
  1644.900,     1.901036,    -1.698483,    -0.001944,
  1644.950,     1.325990,     0.847717,    -0.000191,
  1645.000,     0.349379,     3.351845,     0.002201,
  1645.050,    -0.733933,     5.478878,     0.002343,
  1645.100,    -1.589482,     6.879348,     0.000705,
  1645.150,    -1.974249,     7.193092,     0.002091,
  1645.200,    -1.801025,     6.209300,     0.003472,
  1645.250,    -1.157344,     4.192611,     0.002499,
  1645.300,    -0.204643,     1.729110,     0.006021,
  1645.350,     0.913659,    -0.502945,     0.004286,
  1645.400,     2.028953,    -2.066343,     0.001985,
  1645.450,     2.756342,    -2.800311,     0.005038,
  1645.500,     2.653052,    -2.672023,     0.004257,
  1645.550,     1.542834,    -1.756019,     0.006777,
  1645.600,    -0.178230,    -0.414681,     0.004911,
  1645.650,    -1.895723,     0.885057,     0.006133,
  1645.700,    -3.224119,     1.681047,     0.005441,
  1645.750,    -4.147708,     1.914041,     0.003215,
  1645.800,    -4.640187,     1.801556,     0.010684,
  1645.850,    -4.486874,     1.604196,     0.006243,
  1645.900,    -3.534222,     1.597945,     0.007069,
  1645.950,    -2.021278,     1.796716,     0.004720,
  1646.000,    -0.446714,     2.086455,    -0.001297,
  1646.050,     0.646819,     2.404416,     0.000884,
  1646.100,     1.063794,     2.883028,    -0.002538,
  1646.150,     0.907097,     3.470125,     0.001690,
  1646.200,     0.391520,     3.800494,    -0.004333,
  1646.250,    -0.143058,     3.519708,    -0.004376,
  1646.300,    -0.426162,     2.324408,     0.001982,
  1646.350,    -0.200792,     0.377733,     0.003895,
  1646.400,     0.664700,    -1.639211,     0.001594,
  1646.450,     2.031458,    -3.273408,     0.004050,
  1646.500,     3.466605,    -4.368732,     0.010446,
  1646.550,     4.392224,    -4.902630,     0.009992,
  1646.600,     4.446975,    -4.539004,     0.006941,
  1646.650,     3.500216,    -2.895854,     0.014433,
  1646.700,     1.841320,    -0.051166,     0.008791,
  1646.750,     0.067813,     3.371334,     0.006652,
  1646.800,    -1.509096,     6.374152,     0.005056,
  1646.850,    -2.743865,     8.159886,     0.005409,
  1646.900,    -3.564480,     8.407146,     0.008330,
  1646.950,    -3.796912,     7.260378,     0.006575,
  1647.000,    -3.117718,     5.100806,     0.007806,
  1647.050,    -1.470657,     2.369490,    -0.000836,
  1647.100,     0.796046,    -0.467867,     0.002376,
  1647.150,     3.093419,    -2.881076,     0.000595,
  1647.200,     4.840697,    -4.160517,    -0.005770,
  1647.250,     5.647344,    -4.009448,    -0.001562,
  1647.300,     5.402044,    -2.728079,     0.003843,
  1647.350,     4.136338,    -0.931201,    -0.001588,
  1647.400,     2.216486,     0.907262,    -0.004580,
  1647.450,    -0.015173,     2.466837,    -0.001618,
  1647.500,    -2.031296,     3.419829,     0.000211,
  1647.550,    -3.406545,     3.613173,    -0.000469,
  1647.600,    -3.876882,     2.940241,     0.004934,
  1647.650,    -3.537112,     1.733533,     0.003848,
  1647.700,    -2.824212,     0.600073,     0.005473,
  1647.750,    -2.152775,     0.106117,     0.004505,
  1647.800,    -1.599731,     0.398465,     0.005223,
  1647.850,    -1.040239,     1.138148,     0.007742,
  1647.900,    -0.471916,     1.833618,     0.008409,
  1647.950,    -0.049295,     2.254569,     0.007912,
  1648.000,     0.228211,     2.366573,     0.004600,
  1648.050,     0.480176,     2.160168,     0.008744,
  1648.100,     0.821658,     1.678289,     0.011363,
  1648.150,     1.170271,     1.088022,     0.012616,
  1648.200,     1.461420,     0.468325,     0.008093,
  1648.250,     1.674216,    -0.085080,     0.008142,
  1648.300,     1.757665,    -0.424321,     0.009515,
  1648.350,     1.722670,    -0.445310,     0.007067,
  1648.400,     1.452574,    -0.052121,     0.008060,
  1648.450,     0.820217,     0.676347,     0.005548,
  1648.500,    -0.140998,     1.592305,    -0.001199,
  1648.550,    -1.297434,     2.568017,     0.001376,
  1648.600,    -2.437912,     3.345554,     0.001902,
  1648.650,    -3.306301,     3.660376,    -0.002057,
  1648.700,    -3.606496,     3.156357,    -0.002643,
  1648.750,    -3.231570,     1.812877,    -0.003641,
  1648.800,    -2.190377,     0.100915,    -0.003386,
  1648.850,    -0.726485,    -1.311793,    -0.002276,
  1648.900,     0.884218,    -1.930688,     0.003306,
  1648.950,     2.368842,    -1.794235,    -0.000507,
  1649.000,     3.534849,    -1.199253,     0.002586,
  1649.050,     4.175731,    -0.342031,    -0.000301,
  1649.100,     4.058155,     0.771827,    -0.001717,
  1649.150,     3.224358,     1.928787,     0.002795,
  1649.200,     1.906943,     2.813558,     0.004286,
  1649.250,     0.467720,     3.133130,     0.004570,
  1649.300,    -0.725490,     2.861016,     0.004518,
  1649.350,    -1.489804,     2.236333,     0.007236,
  1649.400,    -1.716632,     1.521251,     0.006069,
  1649.450,    -1.374153,     0.906289,     0.007590,
  1649.500,    -0.547404,     0.542241,     0.007881,
  1649.550,     0.498534,     0.529363,     0.011709,
  1649.600,     1.296431,     0.919639,     0.011851,
  1649.650,     1.605060,     1.593277,     0.008094,
  1649.700,     1.454842,     2.286626,     0.013084,
  1649.750,     1.019711,     2.769640,     0.009624,
  1649.800,     0.606591,     2.829136,     0.010742,
  1649.850,     0.449932,     2.390700,     0.007783,
  1649.900,     0.518935,     1.623867,     0.007861,
  1649.950,     0.758621,     0.734181,     0.013008,
  1650.000,     1.079539,     0.053056,     0.004279,
  1650.050,     1.487758,    -0.300182,     0.002777,
  1650.100,     1.899999,    -0.330311,     0.000816,
  1650.150,     2.079821,     0.160527,    -0.000016,
  1650.200,     1.735927,     1.115636,    -0.002408,
  1650.250,     0.770784,     2.248310,    -0.004500,
  1650.300,    -0.599196,     3.317872,    -0.006584,
  1650.350,    -1.970328,     4.218050,    -0.003472,
  1650.400,    -3.054821,     4.802698,    -0.008578,
  1650.450,    -3.737980,     4.799560,    -0.002069,
  1650.500,    -3.905008,     3.937437,    -0.000911,
  1650.550,    -3.414923,     2.234988,    -0.002694,
  1650.600,    -1.994802,     0.093360,     0.002181,
  1650.650,     0.224245,    -1.962899,    -0.000819,
  1650.700,     2.623993,    -3.475688,     0.002679,
  1650.750,     4.536481,    -4.036231,    -0.002187,
  1650.800,     5.532710,    -3.473809,     0.001843,
  1650.850,     5.426951,    -1.886582,     0.005655,
  1650.900,     4.399303,     0.126319,     0.009974,
  1650.950,     2.825646,     1.818449,     0.012004,
  1651.000,     1.033554,     2.693813,     0.011064,
  1651.050,    -0.649555,     2.733047,     0.006046,
  1651.100,    -1.883875,     2.152289,     0.008931,
  1651.150,    -2.306304,     1.258361,     0.013891,
  1651.200,    -1.842882,     0.158188,     0.013663,
  1651.250,    -0.756340,    -0.942973,     0.013421,
  1651.300,     0.484521,    -1.804075,     0.010328,
  1651.350,     1.565989,    -2.231281,     0.013136,
  1651.400,     2.306654,    -2.134919,     0.009034,
  1651.450,     2.548749,    -1.592647,     0.006024,
  1651.500,     2.201977,    -0.586536,     0.003527,
  1651.550,     1.361358,     0.569924,     0.005606,
  1651.600,     0.311415,     1.485851,     0.004629,
  1651.650,    -0.497937,     1.863712,    -0.005367,
  1651.700,    -0.730662,     1.731539,    -0.003421,
  1651.750,    -0.404578,     1.275343,    -0.003228,
  1651.800,     0.153729,     0.735871,    -0.003212,
  1651.850,     0.642039,     0.323951,    -0.004266,
  1651.900,     0.951909,     0.344839,    -0.010956,
  1651.950,     1.031286,     0.881324,    -0.005267,
  1652.000,     0.954791,     1.640736,    -0.004612,
  1652.050,     0.710108,     2.277143,    -0.002580,
  1652.100,     0.397093,     2.580827,    -0.002540,
  1652.150,     0.135148,     2.568938,     0.001040,
  1652.200,    -0.107869,     2.170394,     0.003797,
  1652.250,    -0.185750,     1.352140,     0.003394,
  1652.300,    -0.003900,     0.204674,     0.004138,
  1652.350,     0.435370,    -0.882404,     0.006105,
  1652.400,     1.090570,    -1.414204,     0.004607,
  1652.450,     1.850360,    -1.075575,     0.007678,
  1652.500,     2.611955,     0.051595,     0.011291,
  1652.550,     3.163009,     1.459865,     0.013895,
  1652.600,     3.298076,     2.605237,     0.009970,
  1652.650,     2.835182,     3.283422,     0.014963,
  1652.700,     1.831071,     3.466495,     0.011459,
  1652.750,     0.707360,     3.142623,     0.015963,
  1652.800,    -0.035892,     2.283277,     0.014162,
  1652.850,    -0.106525,     0.979266,     0.012967,
  1652.900,     0.404699,    -0.404800,     0.007965,
  1652.950,     1.255093,    -1.550247,     0.009712,
  1653.000,     2.283449,    -2.182721,     0.004475,
  1653.050,     3.454829,    -2.153554,     0.006231,
  1653.100,     4.586545,    -1.634214,     0.002408,
  1653.150,     5.482111,    -0.797085,     0.004800,
  1653.200,     5.861647,     0.248118,     0.005748,
  1653.250,     5.694373,     1.459119,    -0.001245,
  1653.300,     5.036199,     2.663853,    -0.002237,
  1653.350,     3.876590,     3.522087,    -0.002332,
  1653.400,     2.182885,     3.822955,    -0.005921,
  1653.450,    -0.186089,     3.637938,    -0.004912,
  1653.500,    -3.315285,     3.161850,    -0.003872,
  1653.550,    -7.279742,     2.520111,     0.003303,
  1653.600,   -11.924682,     1.814874,    -0.000218,
  1653.650,   -16.833288,     1.234400,    -0.001452,
  1653.700,   -21.365752,     0.964248,    -0.002580,
  1653.750,   -24.587952,     1.153447,     0.003043,
  1653.800,   -25.474641,     1.694563,     0.006193,
  1653.850,   -23.315208,     2.303654,     0.007388,
  1653.900,   -17.814290,     2.495366,     0.006378,
  1653.950,    -9.628410,     2.154924,     0.009715,
  1654.000,    -0.067870,     1.370564,     0.010154,
  1654.050,     9.265460,     0.382061,     0.013662,
  1654.100,    17.009544,    -0.531363,     0.015963,
  1654.150,    22.259755,    -1.062805,     0.011246,
  1654.200,    24.660341,    -1.035515,     0.011352,
  1654.250,    24.294982,    -0.385731,     0.006816,
  1654.300,    21.730852,     0.691815,     0.007662,
  1654.350,    17.715024,     1.933382,     0.006383,
  1654.400,    12.929820,     3.167818,     0.008162,
  1654.450,     8.033556,     4.040509,     0.004169,
  1654.500,     3.456753,     4.375167,     0.005500,
  1654.550,    -0.436430,     4.107046,     0.002692,
  1654.600,    -3.402358,     3.441271,     0.004549,
  1654.650,    -5.255823,     2.591825,     0.001769,
  1654.700,    -5.733822,     1.536290,     0.001722,
  1654.750,    -4.867375,     0.339489,     0.003466,
  1654.800,    -3.026827,    -0.839023,     0.000101,
  1654.850,    -0.960401,    -1.675263,    -0.001960,
  1654.900,     0.631897,    -1.996982,     0.004727,
  1654.950,     1.450132,    -1.820432,     0.001713,
  1655.000,     1.564234,    -1.270407,     0.002799,
  1655.050,     1.164490,    -0.493290,     0.002351,
  1655.100,     0.425026,     0.607018,    -0.000802,
  1655.150,    -0.458148,     1.841395,     0.002142,
  1655.200,    -1.320921,     2.976855,    -0.000362,
  1655.250,    -1.925715,     3.762788,    -0.002268,
  1655.300,    -2.149729,     4.141734,     0.003007,
  1655.350,    -2.006031,     4.145293,     0.003063,
  1655.400,    -1.567428,     3.864822,     0.005065,
  1655.450,    -0.879514,     3.244388,     0.005795,
  1655.500,    -0.134782,     2.195073,     0.008204,
  1655.550,     0.447945,     0.900733,     0.005789,
  1655.600,     0.624319,    -0.429988,     0.001467,
  1655.650,     0.478666,    -1.408666,     0.006009,
  1655.700,     0.100476,    -1.807847,     0.006220,
  1655.750,    -0.319298,    -1.769096,     0.005010,
  1655.800,    -0.602131,    -1.473016,     0.008123,
  1655.850,    -0.610655,    -1.085380,     0.000152,
  1655.900,    -0.226562,    -0.577102,     0.000222,
  1655.950,     0.353967,     0.080463,     0.007348,
  1656.000,     0.872326,     0.942668,     0.004366,
  1656.050,     1.281052,     1.876642,     0.009378,
  1656.100,     1.503184,     2.847501,     0.000678,
  1656.150,     1.399082,     3.721898,     0.006242,
  1656.200,     0.982946,     4.248206,     0.001540,
  1656.250,     0.246464,     4.202214,     0.005813,
  1656.300,    -0.488964,     3.353246,     0.006177,
  1656.350,    -0.875527,     1.916903,     0.006341,
  1656.400,    -0.788442,     0.319465,     0.005687,
  1656.450,    -0.266521,    -1.015867,     0.003291,
  1656.500,     0.378829,    -1.926385,     0.002666,
  1656.550,     0.928746,    -2.433142,     0.007275,
  1656.600,     1.292586,    -2.618615,     0.007821,
  1656.650,     1.463808,    -2.587156,     0.005432,
  1656.700,     1.438263,    -2.401076,     0.005600,
  1656.750,     1.125568,    -2.161640,     0.002064,
  1656.800,     0.600398,    -1.677688,     0.004579,
  1656.850,    -0.043738,    -0.860168,     0.002274,
  1656.900,    -0.673255,     0.249309,     0.009091,
  1656.950,    -1.175839,     1.487038,     0.005912,
  1657.000,    -1.466687,     2.530050,     0.001470,
  1657.050,    -1.488162,     3.091155,     0.002306,
  1657.100,    -1.317780,     3.094993,     0.002364,
  1657.150,    -0.934354,     2.552871,    -0.000407,
  1657.200,    -0.302847,     1.766720,    -0.001809,
  1657.250,     0.422049,     0.884781,     0.002992,
  1657.300,     1.064792,     0.133546,    -0.001765,
  1657.350,     1.484639,    -0.366438,    -0.000485,
  1657.400,     1.682859,    -0.600281,    -0.002027,
  1657.450,     1.665807,    -0.555912,    -0.002935,
  1657.500,     1.400908,    -0.281646,    -0.000930,
  1657.550,     0.959555,     0.095342,    -0.005176,
  1657.600,     0.487954,     0.421960,    -0.002156,
  1657.650,     0.215539,     0.527875,     0.003752,
  1657.700,     0.250301,     0.364514,     0.003881,
  1657.750,     0.649169,     0.217246,     0.003314,
  1657.800,     1.191745,     0.330583,     0.006097,
  1657.850,     1.586064,     0.759865,     0.010678,
  1657.900,     1.655890,     1.271932,     0.008818,
  1657.950,     1.420006,     1.754661,     0.011054,
  1658.000,     0.877501,     2.053071,     0.013445,
  1658.050,     0.202242,     2.051475,     0.007495,
  1658.100,    -0.435842,     1.749968,     0.011462,
  1658.150,    -0.776458,     1.257728,     0.010635,
  1658.200,    -0.755496,     0.738166,     0.016853,
  1658.250,    -0.417324,     0.284834,     0.008626,
  1658.300,     0.173783,    -0.112484,     0.013752,
  1658.350,     0.836167,    -0.434638,     0.017047,
  1658.400,     1.453484,    -0.599247,     0.007052,
  1658.450,     1.914515,    -0.513607,     0.005448,
  1658.500,     2.182801,    -0.238587,     0.008414,
  1658.550,     2.281581,     0.133237,    -0.000390,
  1658.600,     2.191683,     0.732043,     0.000182,
  1658.650,     1.802193,     1.685146,     0.001096,
  1658.700,     1.064556,     3.120261,    -0.003654,
  1658.750,     0.129056,     4.878546,    -0.008241,
  1658.800,    -0.800587,     6.469332,    -0.005783,
  1658.850,    -1.438096,     7.482532,    -0.001447,
  1658.900,    -1.750726,     7.620730,    -0.007642,
  1658.950,    -1.761694,     6.938656,    -0.008177,
  1659.000,    -1.414279,     5.741972,    -0.007055,
  1659.050,    -0.665932,     4.359323,    -0.007298,
  1659.100,     0.254095,     2.981788,    -0.000888,
  1659.150,     1.126082,     1.775527,     0.001434,
  1659.200,     1.681226,     0.980509,     0.007743,
  1659.250,     1.958887,     0.699717,     0.008391,
  1659.300,     2.034728,     0.885243,     0.010072,
  1659.350,     1.916071,     1.351445,     0.006421,
  1659.400,     1.557399,     1.931611,     0.010382,
  1659.450,     0.976118,     2.507167,     0.017269,
  1659.500,     0.222988,     3.134061,     0.013701,
  1659.550,    -0.472712,     3.689834,     0.013699,
  1659.600,    -0.929396,     3.875714,     0.014317,
  1659.650,    -1.016167,     3.622396,     0.020069,
  1659.700,    -0.879702,     3.076737,     0.020011,
  1659.750,    -0.679396,     2.395314,     0.016440,
  1659.800,    -0.478400,     1.571273,     0.011478,
  1659.850,    -0.302521,     0.503013,     0.009770,
  1659.900,    -0.079951,    -0.738879,     0.010456,
  1659.950,     0.150439,    -1.913048,     0.002771,
  1660.000,     0.433859,    -2.798245,     0.000082,
  1660.050,     0.761655,    -3.224781,    -0.003850,
  1660.100,     1.133163,    -3.221053,    -0.004369,
  1660.150,     1.470243,    -2.804620,    -0.004956,
  1660.200,     1.564399,    -2.148245,    -0.006817,
  1660.250,     1.284697,    -1.410656,    -0.006977,
  1660.300,     0.766591,    -0.797256,    -0.009477,
  1660.350,     0.184073,    -0.388298,    -0.013302,
  1660.400,    -0.306276,    -0.171309,    -0.007090,
  1660.450,    -0.588441,    -0.143347,    -0.007444,
  1660.500,    -0.799410,    -0.234229,    -0.006118,
  1660.550,    -1.003762,    -0.228577,    -0.002368,
  1660.600,    -1.225903,     0.068801,     0.005039,
  1660.650,    -1.438774,     0.701912,    -0.004141,
  1660.700,    -1.560169,     1.453997,     0.004792,
  1660.750,    -1.481794,     1.984452,     0.006938,
  1660.800,    -1.036301,     2.009002,     0.007641,
  1660.850,    -0.277169,     1.682645,     0.007558,
  1660.900,     0.641075,     1.189318,     0.016089,
  1660.950,     1.447544,     0.793602,     0.016594,
  1661.000,     1.935046,     0.557561,     0.016589,
  1661.050,     1.970439,     0.544060,     0.016302,
  1661.100,     1.571078,     0.916237,     0.020201,
  1661.150,     0.953099,     1.670847,     0.017480,
  1661.200,     0.302290,     2.608497,     0.011178,
  1661.250,    -0.202810,     3.331257,     0.015288,
  1661.300,    -0.483436,     3.644647,     0.013537,
  1661.350,    -0.531778,     3.527449,     0.008550,
  1661.400,    -0.400365,     3.179844,     0.001282,
  1661.450,    -0.086610,     2.787319,    -0.002866,
  1661.500,     0.272829,     2.367567,    -0.001566,
  1661.550,     0.523241,     1.812792,     0.001396,
  1661.600,     0.508683,     1.181724,    -0.005085,
  1661.650,     0.178086,     0.711117,    -0.000464,
  1661.700,    -0.184182,     0.530947,    -0.002235,
  1661.750,    -0.449572,     0.488361,    -0.000454,
  1661.800,    -0.444494,     0.321276,    -0.005155,
  1661.850,    -0.301196,    -0.099044,    -0.009623,
  1661.900,    -0.067531,    -0.638216,    -0.004545,
  1661.950,     0.201366,    -1.168492,    -0.003574,
  1662.000,     0.444710,    -1.642323,    -0.000123,
  1662.050,     0.685155,    -2.128541,     0.001995,
  1662.100,     0.932732,    -2.609287,    -0.003499,
  1662.150,     1.125948,    -2.854005,    -0.001279,
  1662.200,     1.172637,    -2.758244,     0.003379,
  1662.250,     1.009819,    -2.142191,     0.008976,
  1662.300,     0.613778,    -1.104436,     0.010346,
  1662.350,     0.182626,     0.149055,     0.007427,
  1662.400,    -0.182977,     1.298726,     0.010913,
  1662.450,    -0.406181,     2.152069,     0.008391,
  1662.500,    -0.472648,     2.652522,     0.009415,
  1662.550,    -0.255442,     2.712479,     0.011618,
  1662.600,     0.426144,     2.335582,     0.011533,
  1662.650,     1.565902,     1.505367,     0.004222,
  1662.700,     2.893852,     0.331977,     0.010333,
  1662.750,     4.128897,    -0.850503,     0.008674,
  1662.800,     4.838019,    -1.663087,     0.003731,
  1662.850,     4.853991,    -1.851653,     0.004073,
  1662.900,     4.263583,    -1.462013,     0.005432,
  1662.950,     3.289072,    -0.657694,     0.000792,
  1663.000,     2.178210,     0.470056,     0.001285,
  1663.050,     1.141140,     1.611680,    -0.001621,
  1663.100,     0.359496,     2.417804,     0.003130,
  1663.150,    -0.004980,     2.618604,    -0.003594,
  1663.200,     0.049937,     2.236875,    -0.000597,
  1663.250,     0.360773,     1.566728,     0.000091,
  1663.300,     0.797094,     0.909070,    -0.005588,
  1663.350,     1.190660,     0.335290,     0.000352,
  1663.400,     1.528597,    -0.128584,     0.004263,
  1663.450,     1.856339,    -0.489109,     0.003487,
  1663.500,     2.057292,    -0.683536,    -0.000013,
  1663.550,     2.041468,    -0.652590,     0.002041,
  1663.600,     1.759233,    -0.385626,     0.007552,
  1663.650,     1.338034,    -0.017839,     0.004759,
  1663.700,     0.937973,     0.444444,     0.004931,
  1663.750,     0.539086,     0.892524,     0.004373,
  1663.800,     0.016687,     1.193859,     0.001825,
  1663.850,    -0.543883,     1.264822,     0.003956,
  1663.900,    -1.062118,     1.118718,     0.007685,
  1663.950,    -1.371790,     0.847465,     0.007982,
  1664.000,    -1.514003,     0.643507,     0.001528,
  1664.050,    -1.504793,     0.751317,     0.004662,
  1664.100,    -1.381695,     1.032894,     0.004860,
  1664.150,    -1.226289,     1.532328,    -0.000295,
  1664.200,    -1.001888,     2.102100,     0.001575,
  1664.250,    -0.716410,     2.741598,    -0.000069,
  1664.300,    -0.430363,     3.404021,     0.003344,
  1664.350,    -0.110540,     3.894127,     0.004646,
  1664.400,     0.144185,     4.234944,     0.005854,
  1664.450,     0.355945,     4.445565,     0.003303,
  1664.500,     0.632440,     4.695064,     0.005883,
  1664.550,     1.053660,     4.922722,     0.001704,
  1664.600,     1.598603,     5.032285,     0.005420,
  1664.650,     2.058558,     5.117767,     0.009677,
  1664.700,     2.193133,     5.328032,     0.003060,
  1664.750,     1.919517,     5.959065,     0.001106,
  1664.800,     1.278187,     6.803674,     0.000110,
  1664.850,     0.438029,     7.490072,     0.004986,
  1664.900,    -0.496791,     7.701104,     0.004779,
  1664.950,    -1.468915,     7.466733,     0.005325,
  1665.000,    -2.462395,     7.052562,     0.005528,
  1665.050,    -3.305426,     6.525639,     0.009422,
  1665.100,    -3.836485,     5.904659,     0.000461,
  1665.150,    -4.033100,     5.249139,    -0.000559,
  1665.200,    -3.886567,     4.756499,     0.005924,
  1665.250,    -3.398169,     4.576828,     0.001405,
  1665.300,    -2.402172,     4.564673,     0.002467,
  1665.350,    -0.837078,     4.464241,     0.003394,
  1665.400,     1.156752,     4.136214,    -0.000625,
  1665.450,     3.132484,     3.484737,    -0.007391,
  1665.500,     4.704059,     2.536612,    -0.000710,
  1665.550,     5.637054,     1.379757,     0.005009,
  1665.600,     5.948153,     0.066283,     0.001974,
  1665.650,     5.788709,    -1.190168,     0.003580,
  1665.700,     5.124026,    -2.290469,     0.005842,
  1665.750,     4.008258,    -3.057807,     0.006475,
  1665.800,     2.557936,    -3.343942,     0.006440,
  1665.850,     0.969955,    -3.233995,     0.004440,
  1665.900,    -0.453816,    -2.801798,     0.004681,
  1665.950,    -1.639195,    -2.240085,     0.002336,
  1666.000,    -2.621072,    -1.840208,     0.001495,
  1666.050,    -3.310418,    -1.816641,     0.007405,
  1666.100,    -3.550232,    -2.159055,     0.007033,
  1666.150,    -3.240775,    -2.810039,     0.003206,
  1666.200,    -2.372465,    -3.625061,     0.004424,
  1666.250,    -1.154523,    -4.496968,     0.009142,
  1666.300,     0.107425,    -5.200080,     0.005318,
  1666.350,     1.039714,    -5.598534,     0.001918,
  1666.400,     1.593888,    -5.491304,     0.004957,
  1666.450,     1.717847,    -4.919563,     0.009705,
  1666.500,     1.529104,    -4.049773,     0.002531,
  1666.550,     1.027927,    -3.068452,    -0.001317,
  1666.600,     0.250816,    -2.156278,     0.000841,
  1666.650,    -0.652612,    -1.446474,    -0.002698,
  1666.700,    -1.422839,    -1.194588,     0.003197,
  1666.750,    -1.864891,    -1.559614,    -0.001665,
  1666.800,    -1.794671,    -2.610727,    -0.002016,
  1666.850,    -1.299590,    -4.017934,     0.000343,
  1666.900,    -0.581691,    -5.278189,     0.003247,
  1666.950,     0.271855,    -5.879807,     0.003963,
  1667.000,     1.016566,    -5.673035,     0.001719,
  1667.050,     1.456844,    -4.734952,    -0.000941,
  1667.100,     1.422388,    -3.323569,     0.003560,
  1667.150,     1.004456,    -1.801270,     0.000455,
  1667.200,     0.415556,    -0.609589,     0.005804,
  1667.250,     0.003352,     0.036913,     0.006667,
  1667.300,    -0.249379,     0.033841,     0.005998,
  1667.350,    -0.408973,    -0.348014,     0.006924,
  1667.400,    -0.453269,    -0.789643,     0.005512,
  1667.450,    -0.439293,    -0.890134,     0.009448,
  1667.500,    -0.335611,    -0.600818,     0.008754,
  1667.550,    -0.147372,    -0.031359,     0.001963,
  1667.600,     0.029695,     0.591116,     0.006593,
  1667.650,     0.171620,     1.222721,     0.003066,
  1667.700,     0.259353,     1.755580,     0.003184,
  1667.750,     0.325641,     2.199291,     0.010867,
  1667.800,     0.303249,     2.543486,     0.004902,
  1667.850,     0.284619,     2.887557,     0.005200,
  1667.900,     0.256678,     3.308350,     0.005745,
  1667.950,     0.305824,     3.920214,     0.003294,
  1668.000,     0.471302,     4.728247,     0.000493,
  1668.050,     0.723177,     5.719417,     0.002745,
  1668.100,     1.039647,     6.709065,     0.003705,
  1668.150,     1.312716,     7.467423,    -0.003383,
  1668.200,     1.585110,     7.970446,    -0.006976,
  1668.250,     1.803292,     8.313012,    -0.002352,
  1668.300,     1.907177,     8.562235,    -0.003968,
  1668.350,     1.956137,     8.631434,     0.000449,
  1668.400,     2.008285,     8.193162,    -0.000740,
  1668.450,     2.145303,     7.142518,     0.003118,
  1668.500,     2.327112,     5.719724,     0.000775,
  1668.550,     2.493189,     4.280513,     0.002008,
  1668.600,     2.666006,     3.139489,     0.006541,
  1668.650,     3.006942,     2.404705,     0.006050,
  1668.700,     3.580088,     2.141270,     0.007987,
  1668.750,     4.223007,     2.421571,     0.004834,
  1668.800,     4.680915,     3.134096,     0.007329,
  1668.850,     4.743898,     4.018293,     0.005711,
  1668.900,     4.452386,     4.675298,     0.006584,
  1668.950,     4.017856,     4.926007,     0.006108,
  1669.000,     3.521937,     4.776860,     0.008917,
  1669.050,     3.029867,     4.290919,     0.006510,
  1669.100,     2.632756,     3.477075,     0.007304,
  1669.150,     2.394638,     2.435359,     0.001981,
  1669.200,     2.426157,     1.399322,     0.001693,
  1669.250,     2.540544,     0.704683,     0.003674,
  1669.300,     2.535452,     0.384288,     0.008681,
  1669.350,     2.261672,     0.402077,     0.003400,
  1669.400,     1.724821,     0.480567,     0.001035,
  1669.450,     0.979836,     0.503144,     0.003487,
  1669.500,     0.117410,     0.467499,    -0.004850,
  1669.550,    -0.802298,     0.427364,    -0.003046,
  1669.600,    -1.557696,     0.342480,     0.000911,
  1669.650,    -2.099488,     0.136505,     0.000405,
  1669.700,    -2.362447,    -0.118072,    -0.000771,
  1669.750,    -2.300191,    -0.314044,    -0.000108,
  1669.800,    -1.989191,    -0.345427,    -0.004600,
  1669.850,    -1.569779,    -0.283695,    -0.001336,
  1669.900,    -1.118670,    -0.104249,     0.001087,
  1669.950,    -0.859904,     0.193024,     0.002155,
  1670.000,    -0.897701,     0.620873,     0.002151,
  1670.050,    -1.239312,     1.022045,     0.007015,
  1670.100,    -1.829488,     1.255514,     0.005299,
  1670.150,    -2.549966,     1.085880,     0.005065,
  1670.200,    -3.284383,     0.484390,     0.007350,
  1670.250,    -3.890270,    -0.519557,     0.008768,
  1670.300,    -4.181919,    -1.744034,     0.011231,
  1670.350,    -4.068322,    -3.052837,     0.012998,
  1670.400,    -3.579938,    -4.192625,     0.012693,
  1670.450,    -2.861839,    -4.871893,     0.006608,
  1670.500,    -2.057238,    -4.825682,     0.003911,
  1670.550,    -1.280007,    -4.000582,     0.003255,
  1670.600,    -0.734695,    -2.658568,    -0.000333,
  1670.650,    -0.534291,    -1.071755,     0.001353,
  1670.700,    -0.824445,     0.485978,    -0.001715,
  1670.750,    -1.565814,     1.894552,     0.002300,
  1670.800,    -2.547425,     2.933516,     0.002423,
  1670.850,    -3.410563,     3.411537,    -0.002847,
  1670.900,    -3.848012,     3.192661,    -0.000540,
  1670.950,    -3.778414,     2.448630,    -0.001832,
  1671.000,    -3.246071,     1.430026,    -0.003214,
  1671.050,    -2.349406,     0.408478,    -0.002082,
  1671.100,    -1.388752,    -0.451436,     0.000488,
  1671.150,    -0.624275,    -0.960817,     0.001664,
  1671.200,    -0.255712,    -1.060193,    -0.001143,
  1671.250,    -0.256541,    -0.663694,     0.001577,
  1671.300,    -0.479836,     0.062822,     0.001772,
  1671.350,    -0.680674,     0.883004,    -0.003823,
  1671.400,    -0.597647,     1.683465,     0.007359,
  1671.450,    -0.279081,     2.433776,     0.008366,
  1671.500,     0.194512,     3.137004,     0.008043,
  1671.550,     0.661796,     3.789860,     0.011275,
  1671.600,     1.099515,     4.497620,     0.008204,
  1671.650,     1.420728,     5.222535,     0.010083,
  1671.700,     1.580043,     5.901816,     0.008718,
  1671.750,     1.683793,     6.195639,     0.007161,
  1671.800,     1.759106,     5.981187,     0.003596,
  1671.850,     1.970112,     5.335014,     0.006765,
  1671.900,     2.309270,     4.410735,     0.007824,
  1671.950,     2.805093,     3.321650,     0.005191,
  1672.000,     3.378311,     2.132569,     0.004063,
  1672.050,     3.902900,     0.935982,     0.007446,
  1672.100,     4.301942,    -0.097018,     0.000374,
  1672.150,     4.555279,    -0.778452,    -0.001531,
  1672.200,     4.794903,    -1.038260,     0.001617,
  1672.250,     5.099240,    -0.783239,    -0.001506,
  1672.300,     5.346061,     0.004783,    -0.003768,
  1672.350,     5.269208,     1.387401,    -0.001495,
  1672.400,     4.745940,     3.077046,    -0.003177,
  1672.450,     3.893428,     4.595813,    -0.000664,
  1672.500,     2.978901,     5.531017,    -0.003754,
  1672.550,     2.250386,     5.600975,     0.003233,
  1672.600,     1.755826,     4.902975,     0.001485,
  1672.650,     1.553750,     3.582044,     0.002146,
  1672.700,     1.732475,     1.961807,     0.006438,
  1672.750,     2.228695,     0.388899,     0.003589,
  1672.800,     2.819517,    -0.792903,     0.004433,
  1672.850,     3.225216,    -1.559035,     0.004494,
  1672.900,     3.411792,    -1.835454,     0.003036,
  1672.950,     3.298308,    -1.664866,     0.011224,
  1673.000,     2.978961,    -1.176190,     0.004810,
  1673.050,     2.359036,    -0.496011,     0.003932,
  1673.100,     1.551514,     0.210725,     0.005986,
  1673.150,     0.796492,     0.794993,     0.007713,
  1673.200,     0.314804,     1.214705,     0.009764,
  1673.250,     0.180805,     1.474065,     0.007550,
  1673.300,     0.240876,     1.639771,     0.006528,
  1673.350,     0.324406,     1.766697,     0.008046,
  1673.400,     0.362637,     1.904042,     0.002893,
  1673.450,     0.328533,     2.052326,     0.004417,
  1673.500,     0.308042,     2.186667,     0.002267,
  1673.550,     0.223480,     2.189667,    -0.000803,
  1673.600,     0.034317,     2.027777,    -0.002486,
  1673.650,    -0.230703,     1.665004,     0.003619,
  1673.700,    -0.503614,     1.127236,     0.001275,
  1673.750,    -0.726734,     0.401514,    -0.002467,
  1673.800,    -0.878604,    -0.456556,    -0.001112,
  1673.850,    -0.966679,    -1.329903,    -0.000022,
  1673.900,    -0.918234,    -2.109243,     0.004104,
  1673.950,    -0.762713,    -2.672158,    -0.000416,
  1674.000,    -0.541660,    -2.853025,     0.004966,
  1674.050,    -0.345893,    -2.533091,     0.000749,
  1674.100,    -0.364292,    -1.651755,     0.005655,
  1674.150,    -0.643950,    -0.453523,     0.006799,
  1674.200,    -1.230734,     0.815121,     0.001057,
  1674.250,    -2.101539,     1.977493,     0.000938,
  1674.300,    -3.161307,     2.902698,     0.005824,
  1674.350,    -4.174570,     3.339133,     0.010310,
  1674.400,    -4.917490,     3.147577,     0.011027,
  1674.450,    -5.157291,     2.474950,     0.008475,
  1674.500,    -4.880200,     1.639727,     0.004918,
  1674.550,    -4.192486,     0.968594,     0.012171,
  1674.600,    -3.287988,     0.576112,     0.007277,
  1674.650,    -2.317040,     0.331323,     0.006052,
  1674.700,    -1.395059,     0.255601,     0.004099,
  1674.750,    -0.681367,     0.251998,     0.003437,
  1674.800,    -0.308495,     0.431632,     0.001435,
  1674.850,    -0.373084,     0.652575,     0.005904,
  1674.900,    -0.721098,     0.917843,     0.002620,
  1674.950,    -1.229840,     1.179706,    -0.003828,
  1675.000,    -1.751597,     1.596654,     0.003170,
  1675.050,    -2.150699,     2.116539,     0.005335,
  1675.100,    -2.352794,     2.621316,     0.000196,
  1675.150,    -2.314003,     2.884645,    -0.001100,
  1675.200,    -1.980131,     2.842668,     0.009316,
  1675.250,    -1.503706,     2.499815,     0.002937,
  1675.300,    -1.016866,     1.903486,     0.001030,
  1675.350,    -0.597717,     1.192339,     0.001888,
  1675.400,    -0.164083,     0.383384,     0.006307,
  1675.450,     0.174225,    -0.486416,     0.004311,
  1675.500,     0.551713,    -1.358856,     0.003262,
  1675.550,     0.968796,    -2.050295,     0.005147,
  1675.600,     1.480247,    -2.544545,     0.001860,
  1675.650,     1.982528,    -2.818688,     0.003083,
  1675.700,     2.313413,    -2.911071,     0.007235,
  1675.750,     2.419984,    -2.789953,     0.002543,
  1675.800,     2.385270,    -2.338151,     0.006717,
  1675.850,     2.262402,    -1.632665,     0.005471,
  1675.900,     2.158143,    -0.815731,     0.003653,
  1675.950,     2.130494,    -0.039722,     0.006692,
  1676.000,     2.222491,     0.452451,     0.002867,
  1676.050,     2.477777,     0.631833,     0.005115,
  1676.100,     2.873181,     0.429057,     0.001813,
  1676.150,     3.391316,     0.003875,     0.009027,
  1676.200,     4.052743,    -0.524078,     0.006565,
  1676.250,     4.918539,    -0.917231,     0.000432,
  1676.300,     5.978940,    -1.026849,     0.005328,
  1676.350,     7.029297,    -0.739511,    -0.000698,
  1676.400,     7.809807,     0.061564,     0.002730,
  1676.450,     8.023290,     1.136488,    -0.000763,
  1676.500,     7.604546,     2.296843,     0.002514,
  1676.550,     6.656622,     3.266982,     0.003737,
  1676.600,     5.340992,     3.877250,     0.005448,
  1676.650,     3.864458,     4.110587,     0.000396,
  1676.700,     2.506611,     4.057056,     0.000965,
  1676.750,     1.470255,     3.970703,     0.004869,
  1676.800,     0.805311,     3.885809,     0.002291,
  1676.850,     0.470295,     3.751709,     0.003071,
  1676.900,     0.367642,     3.606453,     0.007625,
  1676.950,     0.375832,     3.419206,     0.007516,
  1677.000,     0.423781,     3.220927,     0.006400,
  1677.050,     0.402056,     2.897958,     0.005460,
  1677.100,     0.281894,     2.428987,     0.003587,
  1677.150,     0.094063,     1.723588,     0.006093,
  1677.200,    -0.207763,     0.860726,     0.001077,
  1677.250,    -0.496477,    -0.001927,     0.004914,
  1677.300,    -0.698369,    -0.804428,     0.007889,
  1677.350,    -0.776356,    -1.520904,    -0.000477,
  1677.400,    -0.760256,    -2.226664,     0.000670,
  1677.450,    -0.617607,    -2.926704,    -0.000790,
  1677.500,    -0.460520,    -3.610735,     0.002953,
  1677.550,    -0.313832,    -4.025894,     0.004981,
  1677.600,    -0.166276,    -4.085726,     0.001955,
  1677.650,    -0.022628,    -3.749417,     0.002403,
  1677.700,    -0.047445,    -3.089105,     0.001998,
  1677.750,    -0.233966,    -2.255187,     0.001838,
  1677.800,    -0.548963,    -1.326156,     0.001805,
  1677.850,    -0.911612,    -0.414525,     0.003394,
  1677.900,    -1.293034,     0.452047,     0.006110,
  1677.950,    -1.519929,     1.215503,     0.007613,
  1678.000,    -1.467546,     1.867822,     0.003667,
  1678.050,    -1.192865,     2.447132,     0.003670,
  1678.100,    -0.701585,     2.946269,     0.005577,
  1678.150,    -0.152740,     3.329762,     0.002553,
  1678.200,     0.416726,     3.461490,     0.009393,
  1678.250,     0.915642,     3.286942,     0.013734,
  1678.300,     1.197911,     2.820437,     0.006434,
  1678.350,     1.124774,     2.110837,     0.002771,
  1678.400,     0.732527,     1.350681,     0.001844,
  1678.450,     0.239669,     0.545600,     0.006799,
  1678.500,    -0.200567,    -0.254601,     0.002331,
  1678.550,    -0.535158,    -0.950069,     0.003115,
  1678.600,    -0.830763,    -1.446930,     0.000594,
  1678.650,    -1.019013,    -1.623106,    -0.000239,
  1678.700,    -1.091780,    -1.444168,     0.002264,
  1678.750,    -1.014484,    -1.059323,     0.005547,
  1678.800,    -0.872350,    -0.542013,     0.002110,
  1678.850,    -0.718754,    -0.018378,    -0.001813,
  1678.900,    -0.543451,     0.425745,     0.004394,
  1678.950,    -0.269253,     0.790540,     0.004187,
  1679.000,     0.095571,     0.984693,    -0.001224,
  1679.050,     0.437793,     1.013227,     0.005603,
  1679.100,     0.611871,     0.944345,     0.004487,
  1679.150,     0.578520,     0.879909,     0.005082,
  1679.200,     0.354122,     0.987428,     0.003837,
  1679.250,     0.057938,     1.153498,     0.005484,
  1679.300,    -0.317049,     1.336168,     0.005886,
  1679.350,    -0.709109,     1.444655,     0.011684,
  1679.400,    -1.080557,     1.384619,     0.007180,
  1679.450,    -1.397113,     1.276190,     0.001333,
  1679.500,    -1.601198,     1.151998,     0.004868,
  1679.550,    -1.687854,     1.036389,     0.007317,
  1679.600,    -1.657540,     0.822260,     0.005403,
  1679.650,    -1.540310,     0.489344,     0.006345,
  1679.700,    -1.338362,     0.111605,     0.004124,
  1679.750,    -1.018730,    -0.136383,     0.006807,
  1679.800,    -0.533662,    -0.183329,    -0.000261,
  1679.850,     0.011868,     0.089244,     0.004480,
  1679.900,     0.465631,     0.565430,     0.003215,
  1679.950,     0.738859,     1.250601,     0.004288,
  1680.000,     0.789287,     2.055370,     0.007814,
  1680.050,     0.659501,     2.926242,     0.003007,
  1680.100,     0.434210,     3.609281,     0.007519,
  1680.150,     0.199860,     3.957772,     0.005545,
  1680.200,     0.021436,     3.925172,     0.004442,
  1680.250,     0.009102,     3.677354,     0.005436,
  1680.300,     0.143488,     3.490739,     0.005437,
  1680.350,     0.491689,     3.503816,     0.002788,
  1680.400,     1.037519,     3.660714,     0.003823,
  1680.450,     1.596715,     3.784592,    -0.001655,
  1680.500,     2.031941,     3.824643,     0.003377,
  1680.550,     2.285950,     3.731541,     0.002270,
  1680.600,     2.359063,     3.510038,     0.003913,
  1680.650,     2.342612,     2.993122,     0.003676,
  1680.700,     2.318930,     2.112110,     0.002577,
  1680.750,     2.205168,     1.024903,     0.004746,
  1680.800,     2.052003,    -0.076396,     0.007318,
  1680.850,     1.779578,    -0.928485,     0.009384,
  1680.900,     1.497162,    -1.375108,     0.003367,
  1680.950,     1.193477,    -1.509035,     0.000458,
  1681.000,     0.817544,    -1.330337,     0.006830,
  1681.050,     0.400293,    -0.869043,     0.004688,
  1681.100,    -0.087087,    -0.272924,     0.007061,
  1681.150,    -0.613610,     0.316817,     0.003695,
  1681.200,    -1.058319,     0.762311,     0.000485,
  1681.250,    -1.397802,     1.087771,     0.006883,
  1681.300,    -1.684348,     1.309974,     0.006351,
  1681.350,    -1.992787,     1.551823,     0.007201,
  1681.400,    -2.366072,     1.865516,     0.003455,
  1681.450,    -2.803323,     2.190166,     0.008715,
  1681.500,    -3.123876,     2.495474,     0.006602,
  1681.550,    -3.266257,     2.731245,     0.004201,
  1681.600,    -3.161935,     2.832177,     0.003636,
  1681.650,    -2.804202,     2.826116,     0.004891,
  1681.700,    -2.307962,     2.733490,     0.007708,
  1681.750,    -1.694975,     2.577436,     0.007704,
  1681.800,    -1.036610,     2.285596,     0.004447,
  1681.850,    -0.345743,     1.884823,     0.001073,
  1681.900,     0.330332,     1.385372,     0.003176,
  1681.950,     0.899063,     0.872870,     0.001438,
  1682.000,     1.345957,     0.476956,     0.001315,
  1682.050,     1.687294,     0.241674,     0.005683,
  1682.100,     1.851684,     0.182498,     0.007523,
  1682.150,     1.711423,     0.282745,     0.004176,
  1682.200,     1.306541,     0.487860,     0.006369,
  1682.250,     0.722066,     0.765049,     0.011751,
  1682.300,     0.108143,     1.076061,     0.004720,
  1682.350,    -0.396416,     1.345877,     0.003725,
  1682.400,    -0.777195,     1.614656,     0.002273,
  1682.450,    -1.065565,     1.934996,    -0.001657,
  1682.500,    -1.275149,     2.317847,     0.003444,
  1682.550,    -1.338485,     2.571037,     0.002737,
  1682.600,    -1.268258,     2.715450,     0.004393,
  1682.650,    -1.107071,     2.695597,     0.005030,
  1682.700,    -0.862311,     2.511846,     0.007389,
  1682.750,    -0.601075,     2.259730,     0.007282,
  1682.800,    -0.291034,     1.937984,     0.009456,
  1682.850,     0.047046,     1.593883,     0.004164,
  1682.900,     0.370485,     1.197974,     0.006893,
  1682.950,     0.617957,     0.856578,     0.010840,
  1683.000,     0.729832,     0.591795,     0.008365,
  1683.050,     0.747495,     0.388310,     0.008437,
  1683.100,     0.776463,     0.239085,     0.006472,
  1683.150,     0.840894,     0.154335,     0.005179,
  1683.200,     0.957098,     0.169285,     0.002236,
  1683.250,     1.064600,     0.348151,     0.006491,
  1683.300,     1.139049,     0.705455,     0.002791,
  1683.350,     1.178824,     1.189040,     0.000587,
  1683.400,     1.187803,     1.704080,    -0.000701,
  1683.450,     1.228761,     2.117921,     0.005579,
  1683.500,     1.232271,     2.352159,     0.003162,
  1683.550,     1.156107,     2.378809,    -0.000526,
  1683.600,     1.003106,     2.300817,     0.010466,
  1683.650,     0.806884,     2.207273,     0.005494,
  1683.700,     0.689753,     2.084502,     0.002660,
  1683.750,     0.678525,     1.861927,     0.002882,
  1683.800,     0.730823,     1.496297,     0.006146,
  1683.850,     0.829309,     0.958744,     0.003542,
  1683.900,     1.051907,     0.295860,     0.003349,
  1683.950,     1.318862,    -0.417423,     0.005410,
  1684.000,     1.646426,    -1.076099,     0.003795,
  1684.050,     1.985093,    -1.664791,     0.003191,
  1684.100,     2.140668,    -1.881292,     0.007887,
  1684.150,     2.136459,    -1.641991,     0.005570,
  1684.200,     2.088611,    -0.908922,     0.002636,
  1684.250,     2.045622,     0.057908,     0.005749,
  1684.300,     2.141719,     1.052434,     0.006346,
  1684.350,     2.220480,     1.909970,     0.004323,
  1684.400,     2.219384,     2.528583,     0.004904,
  1684.450,     2.057989,     2.910504,     0.001990,
  1684.500,     1.765456,     3.039462,     0.005956,
  1684.550,     1.416299,     2.959035,     0.002790,
  1684.600,     0.926739,     2.770499,     0.003710,
  1684.650,     0.318889,     2.537622,     0.005003,
  1684.700,    -0.395748,     2.230924,     0.003201,
  1684.750,    -0.990204,     1.831384,    -0.000227,
  1684.800,    -1.402156,     1.285302,     0.000483,
  1684.850,    -1.564316,     0.667263,     0.003795,
  1684.900,    -1.502587,     0.041377,     0.002210,
  1684.950,    -1.283167,    -0.428136,    -0.000026,
  1685.000,    -0.885416,    -0.708761,     0.001252,
  1685.050,    -0.462995,    -0.672982,     0.005819,
  1685.100,    -0.081661,    -0.345578,     0.004315,
  1685.150,     0.230318,     0.219219,     0.006184,
  1685.200,     0.430049,     0.930121,     0.001897,
  1685.250,     0.591387,     1.662913,     0.000632,
  1685.300,     0.798120,     2.336706,     0.010422,
  1685.350,     1.080296,     2.790813,     0.008677,
  1685.400,     1.343387,     2.837893,     0.007945,
  1685.450,     1.651275,     2.526431,     0.002153,
  1685.500,     1.851232,     1.958973,     0.005790,
  1685.550,     1.903556,     1.391149,     0.006249,
  1685.600,     1.814213,     0.930255,     0.003443,
  1685.650,     1.647034,     0.562372,     0.006362,
  1685.700,     1.398263,     0.322827,     0.008074,
  1685.750,     1.057416,     0.155830,     0.001827,
  1685.800,     0.719810,     0.091455,     0.004051,
  1685.850,     0.410886,     0.074935,     0.005593,
  1685.900,     0.236104,     0.001193,     0.005097,
  1685.950,     0.239676,    -0.119799,     0.002775,
  1686.000,     0.402218,    -0.162694,     0.005170,
  1686.050,     0.651541,    -0.039735,    -0.004879,
  1686.100,     0.954341,     0.280877,     0.004433,
  1686.150,     1.270008,     0.692554,     0.003835,
  1686.200,     1.530812,     1.156741,     0.000868,
  1686.250,     1.630590,     1.552242,     0.004835,
  1686.300,     1.639236,     1.866623,     0.001307,
  1686.350,     1.578467,     2.019688,     0.003835,
  1686.400,     1.522868,     1.916365,     0.006790,
  1686.450,     1.518269,     1.485783,     0.002006,
  1686.500,     1.539314,     0.797933,     0.002156,
  1686.550,     1.485569,     0.052865,     0.001462,
  1686.600,     1.398558,    -0.647351,     0.005184,
  1686.650,     1.323705,    -1.141138,     0.005085,
  1686.700,     1.235498,    -1.368795,     0.007907,
  1686.750,     1.142632,    -1.369090,     0.009164,
  1686.800,     0.990769,    -1.112459,     0.005333,
  1686.850,     0.867294,    -0.498849,     0.009221,
  1686.900,     0.782854,     0.373076,     0.012079,
  1686.950,     0.717890,     1.343611,     0.007030,
  1687.000,     0.746189,     2.220433,     0.001467,
  1687.050,     0.768241,     2.790095,     0.005296,
  1687.100,     0.753892,     3.106945,     0.009435,
  1687.150,     0.719763,     3.106982,     0.004989,
  1687.200,     0.673226,     2.837052,     0.006815,
  1687.250,     0.678205,     2.304517,     0.010234,
  1687.300,     0.694468,     1.643385,     0.002395,
  1687.350,     0.676568,     0.972145,     0.004377,
  1687.400,     0.596588,     0.364439,     0.003686,
  1687.450,     0.371509,    -0.127680,     0.001888,
  1687.500,     0.066809,    -0.449573,     0.001362,
  1687.550,    -0.239370,    -0.711068,     0.002174,
  1687.600,    -0.498278,    -0.992829,     0.002120,
  1687.650,    -0.674698,    -1.319799,    -0.001267,
  1687.700,    -0.781429,    -1.571145,     0.000140,
  1687.750,    -0.942026,    -1.542420,     0.000841,
  1687.800,    -1.142444,    -1.101569,     0.000103,
  1687.850,    -1.412280,    -0.308003,    -0.000778,
  1687.900,    -1.772613,     0.731242,     0.003151,
  1687.950,    -2.154800,     1.850057,     0.005343,
  1688.000,    -2.480668,     2.753399,     0.001651,
  1688.050,    -2.598005,     3.277598,     0.004764,
  1688.100,    -2.336714,     3.297298,     0.004469,
  1688.150,    -1.711199,     2.876221,    -0.000183,
  1688.200,    -0.888739,     2.170375,     0.008572,
  1688.250,     0.051542,     1.313024,     0.012517,
  1688.300,     0.876375,     0.451004,     0.011599,
  1688.350,     1.541718,    -0.335147,     0.010636,
  1688.400,     2.012679,    -0.889231,     0.009490,
  1688.450,     2.267239,    -1.064746,     0.010052,
  1688.500,     2.330075,    -0.932000,     0.012468,
  1688.550,     2.258554,    -0.535668,     0.009557,
  1688.600,     2.051527,     0.061993,     0.009315,
  1688.650,     1.772214,     0.744836,     0.011971,
  1688.700,     1.381525,     1.357723,     0.010820,
  1688.750,     0.879722,     1.764261,    -0.000927,
  1688.800,     0.354304,     1.791242,     0.004334,
  1688.850,    -0.090032,     1.478882,     0.004171,
  1688.900,    -0.472263,     0.900863,     0.005728,
  1688.950,    -0.680324,     0.198671,     0.008643,
  1689.000,    -0.687193,    -0.468450,     0.005761,
  1689.050,    -0.507016,    -0.949988,    -0.000501,
  1689.100,    -0.190773,    -1.127342,     0.000938,
  1689.150,     0.182339,    -0.955192,     0.003236,
  1689.200,     0.595072,    -0.573804,    -0.001052,
  1689.250,     0.910323,    -0.082558,    -0.001016,
  1689.300,     1.092804,     0.400849,    -0.003825,
  1689.350,     1.029520,     0.783911,     0.000766,
  1689.400,     0.816839,     0.997937,    -0.001263,
  1689.450,     0.542483,     1.060174,    -0.001036,
  1689.500,     0.328221,     1.013047,     0.002311,
  1689.550,     0.240206,     0.894100,    -0.000245,
  1689.600,     0.234379,     0.862166,     0.007043,
  1689.650,     0.237813,     1.000874,     0.009241,
  1689.700,     0.290605,     1.370165,     0.001295,
  1689.750,     0.316810,     1.888734,     0.003129,
  1689.800,     0.271835,     2.335326,     0.002014,
  1689.850,     0.154116,     2.624466,     0.004854,
  1689.900,     0.003399,     2.627302,     0.003819,
  1689.950,    -0.083342,     2.330004,     0.002496,
  1690.000,    -0.031125,     1.838481,     0.005782,
  1690.050,     0.149435,     1.136360,     0.003767,
  1690.100,     0.398561,     0.332646,     0.010124,
  1690.150,     0.691925,    -0.448915,     0.010597,
  1690.200,     0.942503,    -1.072448,     0.010246,
  1690.250,     1.143640,    -1.405867,     0.010277,
  1690.300,     1.258927,    -1.384308,     0.014227,
  1690.350,     1.202450,    -1.002613,     0.009273,
  1690.400,     0.986596,    -0.369327,     0.011430,
  1690.450,     0.627189,     0.414418,     0.004784,
  1690.500,     0.196979,     1.264879,     0.007596,
  1690.550,    -0.222067,     2.078002,     0.002400,
  1690.600,    -0.540332,     2.690379,     0.004129,
  1690.650,    -0.746004,     3.037519,     0.002359,
  1690.700,    -0.829699,     3.023940,    -0.003305,
  1690.750,    -0.755845,     2.709839,     0.003789,
  1690.800,    -0.515589,     2.242089,     0.002163,
  1690.850,    -0.083971,     1.670260,     0.003289,
  1690.900,     0.407835,     1.163267,    -0.001151,
  1690.950,     0.827520,     0.768299,    -0.003178,
  1691.000,     1.102631,     0.473777,    -0.006046,
  1691.050,     1.171590,     0.285832,    -0.002743,
  1691.100,     1.132798,     0.203289,    -0.002460,
  1691.150,     0.936345,     0.125032,    -0.001808,
  1691.200,     0.673171,     0.156049,    -0.004100,
  1691.250,     0.393979,     0.241990,     0.000080,
  1691.300,     0.095693,     0.509349,     0.000816,
  1691.350,    -0.169652,     0.941554,     0.001435,
  1691.400,    -0.388279,     1.529320,     0.001722,
  1691.450,    -0.559490,     2.191168,     0.005331,
  1691.500,    -0.699594,     2.827658,     0.010906,
  1691.550,    -0.881539,     3.378861,     0.005294,
  1691.600,    -1.090751,     3.692797,     0.007138,
  1691.650,    -1.218984,     3.624742,     0.011368,
  1691.700,    -1.108797,     3.149624,     0.003688,
  1691.750,    -0.719601,     2.228937,     0.008489,
  1691.800,    -0.066875,     1.063858,     0.008122,
  1691.850,     0.703032,    -0.152253,     0.012523,
  1691.900,     1.486518,    -1.174209,     0.016934,
  1691.950,     2.092651,    -1.791788,     0.011244,
  1692.000,     2.358402,    -1.923481,     0.009718,
  1692.050,     2.265011,    -1.494760,     0.011463,
  1692.100,     1.936260,    -0.672926,     0.008145,
  1692.150,     1.461420,     0.363339,     0.007651,
  1692.200,     0.859673,     1.363359,     0.003349,
  1692.250,     0.272378,     2.160327,     0.007339,
  1692.300,    -0.212220,     2.568445,     0.002944,
  1692.350,    -0.593825,     2.533085,     0.002980,
  1692.400,    -0.751808,     2.142730,     0.000532,
  1692.450,    -0.714997,     1.538134,    -0.002671,
  1692.500,    -0.545406,     0.980385,    -0.001855,
  1692.550,    -0.296748,     0.587184,    -0.002138,
  1692.600,    -0.001404,     0.442132,    -0.004791,
  1692.650,     0.241053,     0.574560,    -0.005585,
  1692.700,     0.374857,     0.747681,    -0.003059,
  1692.750,     0.274173,     0.841796,     0.000017,
  1692.800,    -0.063725,     0.932781,    -0.000154,
  1692.850,    -0.539392,     0.984177,    -0.000897,
  1692.900,    -1.042192,     1.003946,     0.000462,
  1692.950,    -1.468746,     0.929122,     0.005990,
  1693.000,    -1.688760,     0.783914,     0.001387,
  1693.050,    -1.644640,     0.672512,    -0.000824,
  1693.100,    -1.364462,     0.662233,     0.003671,
  1693.150,    -0.943184,     0.801518,     0.007159,
  1693.200,    -0.438505,     1.125919,     0.004858,
  1693.250,     0.034025,     1.556513,     0.005577,
  1693.300,     0.395958,     1.945138,     0.015115,
  1693.350,     0.629730,     2.242532,     0.009235,
  1693.400,     0.759027,     2.400666,     0.000882,
  1693.450,     0.753597,     2.426737,     0.011958,
  1693.500,     0.680218,     2.266734,     0.012361,
  1693.550,     0.626446,     1.909553,     0.011043,
  1693.600,     0.615683,     1.422311,     0.005874,
  1693.650,     0.697135,     0.873087,     0.009966,
  1693.700,     0.850639,     0.341281,     0.007691,
  1693.750,     0.988410,    -0.081404,     0.003759,
  1693.800,     1.029256,    -0.283392,     0.000171,
  1693.850,     0.911008,    -0.165438,     0.004611,
  1693.900,     0.666553,     0.235648,     0.003658,
  1693.950,     0.322177,     0.712439,     0.004871,
  1694.000,    -0.089993,     1.100583,     0.005477,
  1694.050,    -0.540564,     1.220353,     0.002433,
  1694.100,    -0.952867,     1.020043,    -0.000049,
  1694.150,    -1.238265,     0.663621,    -0.002487,
  1694.200,    -1.322732,     0.307127,    -0.002317,
  1694.250,    -1.153013,     0.061134,     0.001322,
  1694.300,    -0.785875,     0.025835,     0.001538,
  1694.350,    -0.322425,     0.154167,    -0.001616,
  1694.400,     0.224228,     0.422037,    -0.001549,
  1694.450,     0.721872,     0.740911,     0.001218,
  1694.500,     1.162449,     1.024193,     0.002999,
  1694.550,     1.486874,     1.136833,     0.001868,
  1694.600,     1.638917,     1.020943,     0.001581,
  1694.650,     1.615226,     0.736161,     0.003557,
  1694.700,     1.411051,     0.438248,     0.000468,
  1694.750,     1.102612,     0.248550,     0.003436,
  1694.800,     0.727293,     0.179645,     0.000438,
  1694.850,     0.445415,     0.195447,     0.001033,
  1694.900,     0.237508,     0.282804,     0.002744,
  1694.950,     0.108270,     0.461654,     0.001550,
  1695.000,     0.005939,     0.742957,     0.002427,
  1695.050,    -0.085512,     1.025701,     0.005818,
  1695.100,    -0.157285,     1.259097,     0.009028,
  1695.150,    -0.126948,     1.238673,     0.009604,
  1695.200,    -0.046389,     0.976320,     0.004560,
  1695.250,     0.158743,     0.506294,     0.007284,
  1695.300,     0.463953,    -0.005801,     0.001608,
  1695.350,     0.899038,    -0.496504,     0.009728,
  1695.400,     1.367033,    -0.819703,     0.006544,
  1695.450,     1.794224,    -0.989628,     0.008702,
  1695.500,     2.165789,    -0.954995,     0.008165,
  1695.550,     2.290183,    -0.679936,     0.006739,
  1695.600,     2.200075,    -0.241350,     0.012366,
  1695.650,     1.864463,     0.298546,     0.009104,
  1695.700,     1.278182,     0.761163,     0.008453,
  1695.750,     0.567661,     1.142690,     0.013485,
  1695.800,    -0.185650,     1.287671,     0.008603,
  1695.850,    -0.763655,     1.216640,     0.003837,
  1695.900,    -1.127687,     0.942684,     0.008240,
  1695.950,    -1.204640,     0.518857,     0.002531,
  1696.000,    -0.971847,     0.016242,     0.004817,
  1696.050,    -0.554649,    -0.420836,     0.008326,
  1696.100,    -0.015999,    -0.652076,    -0.000900,
  1696.150,     0.470146,    -0.530327,    -0.003144,
  1696.200,     0.812994,    -0.100584,    -0.006017,
  1696.250,     0.975976,     0.537141,    -0.002292,
  1696.300,     0.911340,     1.170117,    -0.005748,
  1696.350,     0.712815,     1.612779,    -0.005257,
  1696.400,     0.425270,     1.746676,    -0.006319,
  1696.450,     0.174769,     1.612897,    -0.005189,
  1696.500,     0.073496,     1.228865,    -0.005041,
  1696.550,     0.124057,     0.726397,    -0.002095,
  1696.600,     0.293198,     0.259011,    -0.008107,
  1696.650,     0.469601,    -0.063428,    -0.006514,
  1696.700,     0.588589,    -0.152744,    -0.001461,
  1696.750,     0.684795,    -0.072411,     0.000297,
  1696.800,     0.804759,     0.120159,     0.001111,
  1696.850,     0.905246,     0.423928,     0.002236,
  1696.900,     0.919136,     0.709750,     0.008738,
  1696.950,     0.870804,     1.026023,     0.010213,
  1697.000,     0.797007,     1.315422,     0.016108,
  1697.050,     0.759129,     1.543624,     0.018885,
  1697.100,     0.791729,     1.707006,     0.013211,
  1697.150,     0.950135,     1.788889,     0.009436,
  1697.200,     1.121372,     1.776160,     0.019643,
  1697.250,     1.272071,     1.690371,     0.016259,
  1697.300,     1.359150,     1.527791,     0.012697,
  1697.350,     1.412548,     1.330025,     0.013539,
  1697.400,     1.433765,     1.178847,     0.019926,
  1697.450,     1.329901,     1.114457,     0.012219,
  1697.500,     1.162280,     1.147654,     0.008281,
  1697.550,     0.932072,     1.260431,     0.007583,
  1697.600,     0.621988,     1.396614,     0.004228,
  1697.650,     0.335492,     1.472952,     0.002428,
  1697.700,     0.084522,     1.368465,    -0.009771,
  1697.750,    -0.021234,     1.130898,    -0.003250,
  1697.800,     0.080523,     0.844827,    -0.002375,
  1697.850,     0.315195,     0.674545,    -0.003679,
  1697.900,     0.644324,     0.771067,    -0.006640,
  1697.950,     0.840349,     1.108862,    -0.007788,
  1698.000,     0.884824,     1.613853,    -0.006285,
  1698.050,     0.719367,     2.130295,    -0.004007,
  1698.100,     0.441660,     2.564848,    -0.006827,
  1698.150,     0.206011,     2.775530,    -0.012423,
  1698.200,     0.067627,     2.623393,    -0.004163,
  1698.250,     0.043167,     2.157658,     0.001254,
  1698.300,     0.122379,     1.523636,    -0.004454,
  1698.350,     0.297294,     0.982200,    -0.002516,
  1698.400,     0.482481,     0.644066,    -0.001363,
  1698.450,     0.655434,     0.527354,     0.005987,
  1698.500,     0.705779,     0.545730,     0.007535,
  1698.550,     0.595804,     0.742787,     0.012336,
  1698.600,     0.362320,     0.995847,     0.007677,
  1698.650,     0.112283,     1.265533,     0.008820,
  1698.700,    -0.054255,     1.474968,     0.019453,
  1698.750,    -0.193573,     1.525778,     0.016986,
  1698.800,    -0.284827,     1.514488,     0.015038,
  1698.850,    -0.374128,     1.456610,     0.012595,
  1698.900,    -0.422013,     1.369822,     0.009949,
  1698.950,    -0.413962,     1.291055,     0.011317,
  1699.000,    -0.372860,     1.147038,     0.014396,
  1699.050,    -0.351070,     0.943440,     0.012285,
  1699.100,    -0.449543,     0.729823,     0.007959,
  1699.150,    -0.683731,     0.651807,     0.007328,
  1699.200,    -0.995853,     0.766728,     0.005022,
  1699.250,    -1.364242,     0.959094,     0.007033,
  1699.300,    -1.660932,     1.079285,     0.003014,
  1699.350,    -1.880416,     1.017662,     0.002020,
  1699.400,    -1.937394,     0.750040,    -0.002547,
  1699.450,    -1.834615,     0.296059,    -0.002671,
  1699.500,    -1.528334,    -0.227596,     0.000557,
  1699.550,    -1.009503,    -0.738272,    -0.005829,
  1699.600,    -0.386383,    -1.066399,    -0.003036,
  1699.650,     0.226652,    -1.086662,    -0.004998,
  1699.700,     0.709573,    -0.732967,    -0.003369,
  1699.750,     0.961926,    -0.047674,    -0.003350,
  1699.800,     1.085082,     0.839081,    -0.007022,
  1699.850,     0.996125,     1.752978,    -0.003963,
  1699.900,     0.718538,     2.450384,     0.003762,
  1699.950,     0.399446,     2.840175,    -0.000470,
  1700.000,     0.063981,     2.866925,     0.004609,
  1700.050,    -0.140385,     2.536581,     0.006715,
  1700.100,    -0.143476,     1.955277,     0.007805,
  1700.150,     0.020757,     1.258269,     0.007285,
  1700.200,     0.295274,     0.631063,     0.005034,
  1700.250,     0.518230,     0.214407,     0.010177,
  1700.300,     0.661265,     0.035360,     0.010179,
  1700.350,     0.631526,     0.106097,     0.008179,
  1700.400,     0.450765,     0.356125,     0.007613,
  1700.450,     0.218388,     0.698159,     0.008370,
  1700.500,    -0.043699,     1.100381,     0.014780,
  1700.550,    -0.221515,     1.486258,     0.008164,
  1700.600,    -0.271420,     1.795552,     0.012039,
  1700.650,    -0.219862,     1.998714,     0.010057,
  1700.700,    -0.090715,     2.124292,     0.003452,
  1700.750,     0.076885,     2.223595,     0.002768,
  1700.800,     0.230020,     2.279434,     0.000219,
  1700.850,     0.348750,     2.212552,    -0.000236,
  1700.900,     0.473753,     1.975957,    -0.001213,
  1700.950,     0.628910,     1.574126,    -0.000945,
  1701.000,     0.757206,     1.078355,     0.004062,
  1701.050,     0.858860,     0.565921,     0.001238,
  1701.100,     0.933910,     0.105276,    -0.002347,
  1701.150,     0.946570,    -0.195628,     0.001362,
  1701.200,     0.880020,    -0.379004,    -0.000184,
  1701.250,     0.778660,    -0.398505,     0.003631,
  1701.300,     0.626902,    -0.296935,     0.005702,
  1701.350,     0.552257,    -0.112662,    -0.000527,
  1701.400,     0.544065,     0.193048,     0.006032,
  1701.450,     0.581639,     0.542926,     0.006409,
  1701.500,     0.716165,     0.940374,     0.002245,
  1701.550,     0.884912,     1.319942,    -0.001327,
  1701.600,     0.984216,     1.636360,     0.001181,
  1701.650,     0.970750,     1.862691,     0.001501,
  1701.700,     0.841703,     1.914803,     0.001929,
  1701.750,     0.630729,     1.812830,     0.005243,
  1701.800,     0.500760,     1.497084,     0.005631,
  1701.850,     0.517907,     1.093463,     0.001500,
  1701.900,     0.670867,     0.715838,     0.003559,
  1701.950,     0.840289,     0.412858,    -0.002381,
  1702.000,     1.084459,     0.207046,    -0.000796,
  1702.050,     1.270469,    -0.002225,     0.002274,
  1702.100,     1.320690,    -0.152308,     0.004864,
  1702.150,     1.191240,    -0.196308,     0.004261,
  1702.200,     0.890241,    -0.144487,     0.005098,
  1702.250,     0.596614,    -0.024069,     0.005564,
  1702.300,     0.403158,     0.188871,     0.001219,
  1702.350,     0.327816,     0.432309,     0.007485,
  1702.400,     0.344101,     0.746406,     0.000962,
  1702.450,     0.446598,     1.113395,     0.003603,
  1702.500,     0.538036,     1.465388,     0.007275,
  1702.550,     0.651512,     1.738564,     0.008878,
  1702.600,     0.766583,     1.847772,     0.009272,
  1702.650,     0.799994,     1.741479,     0.008139,
  1702.700,     0.768514,     1.477008,     0.011995,
  1702.750,     0.676577,     1.112401,     0.008283,
  1702.800,     0.541797,     0.725569,     0.007891,
  1702.850,     0.468423,     0.264683,     0.006735,
  1702.900,     0.388092,    -0.083359,     0.003893,
  1702.950,     0.250907,    -0.329628,     0.012340,
  1703.000,     0.109101,    -0.467160,     0.007957,
  1703.050,    -0.023858,    -0.516775,     0.001513,
  1703.100,    -0.005639,    -0.552785,     0.003951,
  1703.150,     0.155220,    -0.531802,     0.002879,
  1703.200,     0.453383,    -0.392810,    -0.003647,
  1703.250,     0.693745,    -0.156744,    -0.000962,
  1703.300,     0.821052,     0.229008,    -0.001943,
  1703.350,     0.784568,     0.770950,    -0.004924,
  1703.400,     0.555664,     1.354544,     0.001406,
  1703.450,     0.222679,     1.873694,    -0.006219,
  1703.500,    -0.151670,     2.146879,    -0.002897,
  1703.550,    -0.470829,     2.142156,     0.000358,
  1703.600,    -0.594400,     1.924068,    -0.001812,
  1703.650,    -0.474888,     1.563748,    -0.000249,
  1703.700,    -0.175144,     1.072622,     0.004430,
  1703.750,     0.258076,     0.518133,    -0.000527,
  1703.800,     0.748209,     0.011478,     0.000003,
  1703.850,     1.154421,    -0.299374,    -0.000107,
  1703.900,     1.357595,    -0.382060,     0.006109,
  1703.950,     1.386962,    -0.316831,     0.007537,
  1704.000,     1.222052,    -0.070874,     0.011988,
  1704.050,     0.873143,     0.321376,     0.009426,
  1704.100,     0.482168,     0.846238,     0.005466,
  1704.150,     0.075682,     1.416767,     0.013290,
  1704.200,    -0.217663,     1.969961,     0.014695,
  1704.250,    -0.398634,     2.376415,     0.011059,
  1704.300,    -0.460421,     2.539956,     0.008151,
  1704.350,    -0.412201,     2.443849,     0.011754,
  1704.400,    -0.271239,     2.187560,     0.006424,
  1704.450,    -0.016817,     1.799463,     0.002303,
  1704.500,     0.252341,     1.304165,     0.007704,
  1704.550,     0.528100,     0.827102,     0.005997,
  1704.600,     0.756945,     0.365469,     0.005443,
  1704.650,     0.892915,     0.092568,     0.010065,
  1704.700,     1.038437,     0.001743,     0.006799,
  1704.750,     1.119787,     0.116562,     0.003290,
  1704.800,     1.099980,     0.365459,     0.006506,
  1704.850,     0.950702,     0.687396,     0.000110,
  1704.900,     0.663451,     1.080751,     0.006039,
  1704.950,     0.339219,     1.547032,    -0.000227,
  1705.000,     0.029355,     2.028004,    -0.003103,
  1705.050,    -0.187801,     2.429532,    -0.005535,
  1705.100,    -0.312426,     2.701087,    -0.004079,
  1705.150,    -0.351198,     2.786637,     0.005706,
  1705.200,    -0.328992,     2.728654,    -0.000280,
  1705.250,    -0.232470,     2.588807,    -0.000834,
  1705.300,    -0.174428,     2.410819,    -0.000573,
  1705.350,    -0.065316,     2.126121,    -0.000707,
  1705.400,     0.085270,     1.815159,    -0.002820,
  1705.450,     0.214660,     1.533803,     0.005801,
  1705.500,     0.357657,     1.343352,     0.002365,
  1705.550,     0.447904,     1.294895,     0.006233,
  1705.600,     0.535845,     1.230120,     0.007342,
  1705.650,     0.596130,     1.093479,     0.007143,
  1705.700,     0.582486,     0.922447,     0.007094,
  1705.750,     0.492831,     0.741133,     0.007689,
  1705.800,     0.350903,     0.618669,     0.009181,
  1705.850,     0.279452,     0.557503,     0.009383,
  1705.900,     0.258964,     0.585135,     0.009175,
  1705.950,     0.232879,     0.704118,     0.011963,
  1706.000,     0.156008,     0.924126,     0.011699,
  1706.050,     0.096075,     1.228105,     0.009609,
  1706.100,     0.046720,     1.440186,     0.011294,
  1706.150,     0.028730,     1.537056,     0.015527,
  1706.200,     0.045191,     1.431115,     0.007882,
  1706.250,     0.083967,     1.193729,     0.004828,
  1706.300,     0.193337,     0.862866,     0.001137,
  1706.350,     0.344644,     0.475642,     0.005515,
  1706.400,     0.526650,     0.149753,     0.008524,
  1706.450,     0.693774,    -0.050592,     0.001332,
  1706.500,     0.835122,    -0.147607,     0.002965,
  1706.550,     0.853238,    -0.136650,     0.004531,
  1706.600,     0.795258,    -0.023186,    -0.000032,
  1706.650,     0.686050,     0.111666,     0.006330,
  1706.700,     0.517697,     0.334724,     0.003344,
  1706.750,     0.376642,     0.646764,     0.001763,
  1706.800,     0.228029,     0.982969,    -0.001510,
  1706.850,     0.130658,     1.270086,    -0.002863,
  1706.900,     0.116372,     1.533274,    -0.000666,
  1706.950,     0.108911,     1.732812,    -0.000381,
  1707.000,     0.080317,     1.885977,     0.003523,
  1707.050,    -0.000034,     1.991964,     0.002568,
  1707.100,    -0.080714,     2.012803,     0.004720,
  1707.150,    -0.156276,     1.977728,     0.006368,
  1707.200,    -0.179825,     1.943583,     0.004530,
  1707.250,    -0.094027,     1.878060,    -0.002201,
  1707.300,     0.133497,     1.716188,     0.000217,
  1707.350,     0.482855,     1.452515,     0.006330,
  1707.400,     0.815062,     1.139832,     0.002697,
  1707.450,     1.045918,     0.851223,     0.006994,
  1707.500,     1.135865,     0.639538,     0.004965,
  1707.550,     1.077837,     0.604060,     0.004252,
  1707.600,     0.934214,     0.813209,     0.006788,
  1707.650,     0.681219,     1.263659,     0.004432,
  1707.700,     0.320479,     1.836553,     0.008551,
  1707.750,    -0.016643,     2.379872,     0.004239,
  1707.800,    -0.254116,     2.806634,     0.008261,
  1707.850,    -0.372786,     3.011721,     0.008321,
  1707.900,    -0.355011,     2.980675,     0.008724,
  1707.950,    -0.197090,     2.724464,     0.012226,
  1708.000,     0.096872,     2.294835,     0.012919,
  1708.050,     0.454860,     1.783803,     0.011825,
  1708.100,     0.828629,     1.269205,     0.008821,
  1708.150,     1.175171,     0.851650,     0.006744,
  1708.200,     1.408555,     0.570834,     0.009878,
  1708.250,     1.489915,     0.472253,     0.005571,
  1708.300,     1.419053,     0.513279,     0.008239,
  1708.350,     1.237019,     0.688256,     0.005686,
  1708.400,     0.987017,     0.913415,     0.004837,
  1708.450,     0.652350,     1.097041,     0.004186,
  1708.500,     0.361473,     1.167100,    -0.001979,
  1708.550,     0.145604,     1.094580,    -0.002528,
  1708.600,     0.064331,     0.988459,    -0.001996,
  1708.650,     0.069272,     0.890508,    -0.005298,
  1708.700,     0.205153,     0.825239,    -0.002823,
  1708.750,     0.392550,     0.834482,    -0.001572,
  1708.800,     0.621423,     0.937989,     0.000415,
  1708.850,     0.812217,     1.132657,    -0.004267,
  1708.900,     1.078177,     1.381238,    -0.009133,
  1708.950,     1.305769,     1.550118,    -0.005186,
  1709.000,     1.495597,     1.592862,    -0.001242,
  1709.050,     1.539432,     1.496985,    -0.004433,
  1709.100,     1.464193,     1.364264,    -0.002577,
  1709.150,     1.383820,     1.220443,     0.003910,
  1709.200,     1.316475,     1.113766,     0.001159,
  1709.250,     1.237243,     1.030876,     0.007041,
  1709.300,     1.122526,     0.993686,     0.003528,
  1709.350,     0.994669,     1.015238,     0.009679,
  1709.400,     0.848089,     1.048356,     0.012261,
  1709.450,     0.729702,     1.140385,     0.010123,
  1709.500,     0.640939,     1.279681,     0.015501,
  1709.550,     0.562568,     1.419368,     0.018395,
  1709.600,     0.454738,     1.520826,     0.014047,
  1709.650,     0.306231,     1.610550,     0.013194,
  1709.700,     0.196102,     1.662439,     0.012843,
  1709.750,     0.170030,     1.703517,     0.010156,
  1709.800,     0.175174,     1.703155,     0.011196,
  1709.850,     0.241105,     1.587031,     0.008191,
  1709.900,     0.324766,     1.316544,     0.010791,
  1709.950,     0.419527,     0.990432,     0.006737,
  1710.000,     0.547717,     0.662223,     0.003065,
  1710.050,     0.600786,     0.439506,     0.000991,
  1710.100,     0.572036,     0.304805,     0.000232,
  1710.150,     0.440449,     0.298283,     0.000351,
  1710.200,     0.208034,     0.349277,    -0.000510,
  1710.250,    -0.048779,     0.399695,    -0.008543,
  1710.300,    -0.319660,     0.466908,    -0.012034,
  1710.350,    -0.529781,     0.427609,    -0.008276,
  1710.400,    -0.647844,     0.349779,    -0.006660,
  1710.450,    -0.696793,     0.249391,    -0.008209,
  1710.500,    -0.672550,     0.267603,    -0.007725,
  1710.550,    -0.658654,     0.425202,    -0.005529,
  1710.600,    -0.622449,     0.670064,    -0.002372,
  1710.650,    -0.529399,     0.961431,    -0.005816,
  1710.700,    -0.399857,     1.192651,     0.004186,
  1710.750,    -0.209112,     1.314931,     0.003887,
  1710.800,    -0.050587,     1.339182,    -0.000313,
  1710.850,     0.096568,     1.279172,     0.003080,
  1710.900,     0.332587,     1.094842,     0.006305,
  1710.950,     0.563298,     0.915425,     0.010945,
  1711.000,     0.765249,     0.741791,     0.018318,
  1711.050,     0.933214,     0.671570,     0.018912,
  1711.100,     1.067174,     0.663055,     0.015827,
  1711.150,     1.135320,     0.693004,     0.017383,
  1711.200,     1.138811,     0.829999,     0.014548,
  1711.250,     1.028265,     1.120037,     0.018236,
  1711.300,     0.807478,     1.462619,     0.014635,
  1711.350,     0.542061,     1.783571,     0.010978,
  1711.400,     0.291598,     1.975077,     0.011593,
  1711.450,     0.124381,     1.983953,     0.004711,
  1711.500,     0.102693,     1.791444,     0.004976,
  1711.550,     0.272324,     1.416287,     0.003160,
  1711.600,     0.622580,     0.902035,     0.001062,
  1711.650,     1.017331,     0.412966,     0.003051,
  1711.700,     1.384285,     0.053998,    -0.001659,
  1711.750,     1.629505,    -0.022020,     0.002775,
  1711.800,     1.693127,     0.139481,    -0.005371,
  1711.850,     1.576010,     0.468412,    -0.000369,
  1711.900,     1.349859,     0.870126,    -0.003027,
  1711.950,     1.038474,     1.249804,    -0.002250,
  1712.000,     0.667437,     1.590034,    -0.002477,
  1712.050,     0.357478,     1.757380,    -0.000456,
  1712.100,     0.185301,     1.704202,     0.000938,
  1712.150,     0.087724,     1.456662,     0.002294,
  1712.200,     0.115562,     1.053388,    -0.001289,
  1712.250,     0.225941,     0.622955,     0.005687,
  1712.300,     0.388988,     0.310986,     0.003974,
  1712.350,     0.599870,     0.108602,     0.008429,
  1712.400,     0.745928,     0.160012,     0.007135,
  1712.450,     0.827357,     0.437557,     0.009884,
  1712.500,     0.795580,     0.908591,     0.009028,
  1712.550,     0.729879,     1.471358,     0.007554,
  1712.600,     0.639687,     1.942300,     0.011584,
  1712.650,     0.608440,     2.241039,     0.007979,
  1712.700,     0.595172,     2.315176,     0.012520,
  1712.750,     0.656992,     2.166940,     0.009568,
  1712.800,     0.749801,     1.869105,     0.014519,
  1712.850,     0.925158,     1.530207,     0.006409,
  1712.900,     1.048594,     1.262102,     0.007129,
  1712.950,     1.105568,     1.160561,     0.004114,
  1713.000,     1.039042,     1.214127,     0.009028,
  1713.050,     1.001999,     1.422144,     0.003510,
  1713.100,     0.879753,     1.647660,     0.012012,
  1713.150,     0.782716,     1.855765,     0.006523,
  1713.200,     0.674933,     1.931107,     0.003089,
  1713.250,     0.632157,     1.816466,    -0.003100,
  1713.300,     0.650825,     1.621859,     0.003437,
  1713.350,     0.718399,     1.351444,    -0.001088,
  1713.400,     0.832065,     1.063327,     0.002502,
  1713.450,     0.935963,     0.848513,     0.002135,
  1713.500,     1.030471,     0.704341,     0.000643,
  1713.550,     1.065710,     0.688907,     0.004697,
  1713.600,     1.034884,     0.819090,    -0.000804,
  1713.650,     0.974248,     1.103136,     0.003121,
  1713.700,     0.919616,     1.409114,     0.000869,
  1713.750,     0.849395,     1.692225,     0.002058,
  1713.800,     0.748056,     1.811971,     0.005089,
  1713.850,     0.583957,     1.754821,     0.000903,
  1713.900,     0.403749,     1.591743,     0.003922,
  1713.950,     0.222843,     1.231281,     0.003976,
  1714.000,     0.105594,     0.797407,     0.000328,
  1714.050,     0.049273,     0.365158,     0.007509,
  1714.100,     0.045750,     0.034516,     0.007386,
  1714.150,     0.078495,    -0.026658,     0.005255,
  1714.200,     0.062669,     0.184675,     0.007581,
  1714.250,     0.073254,     0.606210,     0.007851,
  1714.300,     0.022431,     1.089649,     0.008071,
  1714.350,    -0.073930,     1.490815,     0.004990,
  1714.400,    -0.173936,     1.707233,     0.008619,
  1714.450,    -0.199205,     1.719465,     0.001798,
  1714.500,    -0.147229,     1.513489,     0.004928,
  1714.550,     0.041949,     1.197705,     0.012834,
  1714.600,     0.228483,     0.856871,     0.012650,
  1714.650,     0.409467,     0.634544,     0.007225,
  1714.700,     0.498264,     0.617475,     0.005171,
  1714.750,     0.498072,     0.725275,     0.002882,
  1714.800,     0.380794,     0.924123,     0.001941,
  1714.850,     0.199190,     1.106387,     0.004592,
  1714.900,    -0.055543,     1.103005,     0.003727,
  1714.950,    -0.227355,     0.913411,    -0.002151,
  1715.000,    -0.326827,     0.530180,     0.001953,
  1715.050,    -0.337300,     0.134683,     0.003440,
  1715.100,    -0.252573,    -0.269910,    -0.005980,
  1715.150,    -0.068411,    -0.557224,    -0.004877,
  1715.200,     0.218233,    -0.683033,    -0.009713,
  1715.250,     0.569657,    -0.571705,    -0.003803,
  1715.300,     0.830732,    -0.304670,    -0.004835,
  1715.350,     0.939043,     0.078485,    -0.008972,
  1715.400,     0.921712,     0.538393,    -0.006020,
  1715.450,     0.736885,     1.028427,    -0.002165,
  1715.500,     0.427887,     1.502242,    -0.000097,
  1715.550,     0.023141,     1.844738,     0.003703,
  1715.600,    -0.304721,     1.933996,     0.004919,
  1715.650,    -0.524228,     1.728565,     0.007308,
  1715.700,    -0.535554,     1.229859,     0.009674,
  1715.750,    -0.363178,     0.540926,     0.008617,
  1715.800,    -0.044004,    -0.165826,     0.010583,
  1715.850,     0.290650,    -0.740224,     0.007817,
  1715.900,     0.635804,    -1.057480,     0.009640,
  1715.950,     0.920615,    -1.035766,     0.011809,
  1716.000,     1.108202,    -0.629646,     0.013588,
  1716.050,     1.121141,     0.073212,     0.012593,
  1716.100,     1.028878,     0.854730,     0.010149,
  1716.150,     0.809239,     1.581930,     0.006383,
  1716.200,     0.604075,     2.064901,     0.004729,
  1716.250,     0.411309,     2.253151,     0.001859,
  1716.300,     0.279339,     2.119534,    -0.003197,
  1716.350,     0.278382,     1.736978,    -0.000346,
  1716.400,     0.439284,     1.250300,    -0.003989,
  1716.450,     0.667149,     0.746373,    -0.007430,
  1716.500,     1.006059,     0.391037,    -0.002396,
  1716.550,     1.265577,     0.223613,    -0.002750,
  1716.600,     1.420823,     0.227837,    -0.004967,
  1716.650,     1.410594,     0.283777,    -0.008754,
  1716.700,     1.289600,     0.363875,    -0.000711,
  1716.750,     1.052024,     0.414411,     0.000572,
  1716.800,     0.801257,     0.382238,     0.001443,
  1716.850,     0.645285,     0.386000,    -0.003035,
  1716.900,     0.570878,     0.413724,     0.001182,
  1716.950,     0.593501,     0.532464,     0.006427,
  1717.000,     0.695821,     0.767610,     0.010033,
  1717.050,     0.848796,     1.103108,     0.012225,
  1717.100,     0.913628,     1.447134,     0.012677,
  1717.150,     0.872790,     1.758704,     0.012407,
  1717.200,     0.723544,     1.913312,     0.017772,
  1717.250,     0.484782,     1.989301,     0.010558,
  1717.300,     0.265919,     1.956454,     0.008959,
  1717.350,     0.080910,     1.767766,     0.008194,
  1717.400,    -0.095005,     1.530295,     0.006306,
  1717.450,    -0.191645,     1.168417,     0.009460,
  1717.500,    -0.211725,     0.812636,     0.005918,
  1717.550,    -0.117466,     0.407275,     0.003928,
  1717.600,     0.054285,     0.038021,    -0.001423,
  1717.650,     0.266768,    -0.290806,    -0.001134,
  1717.700,     0.456329,    -0.475594,    -0.004976,
  1717.750,     0.571834,    -0.410213,    -0.005260,
  1717.800,     0.561763,    -0.052088,    -0.004838,
  1717.850,     0.449307,     0.457475,    -0.003276,
  1717.900,     0.273334,     0.988306,    -0.000885,
  1717.950,     0.014804,     1.415740,    -0.003939,
  1718.000,    -0.277597,     1.668179,     0.000965,
  1718.050,    -0.504564,     1.705765,    -0.000555,
  1718.100,    -0.550898,     1.583977,     0.006324,
  1718.150,    -0.454439,     1.329943,     0.001798,
  1718.200,    -0.226481,     1.036802,     0.008763,
  1718.250,     0.004606,     0.768220,     0.014319,
  1718.300,     0.194834,     0.553401,     0.010328,
  1718.350,     0.286728,     0.472896,     0.010640,
  1718.400,     0.248719,     0.491900,     0.006805,
  1718.450,     0.060582,     0.624468,     0.013774,
  1718.500,    -0.133999,     0.761028,     0.008610,
  1718.550,    -0.357183,     0.885877,     0.008800,
  1718.600,    -0.457031,     0.965360,     0.002967,
  1718.650,    -0.353408,     1.019752,     0.003946,
  1718.700,    -0.141837,     1.055398,     0.003580,
  1718.750,     0.188796,     1.122704,     0.000684,
  1718.800,     0.538975,     1.344286,    -0.003390,
  1718.850,     0.781013,     1.613377,    -0.002015,
  1718.900,     0.868959,     1.994283,    -0.003405,
  1718.950,     0.830240,     2.344918,     0.001735,
  1719.000,     0.754310,     2.580013,    -0.001041,
  1719.050,     0.664720,     2.720220,     0.001321,
  1719.100,     0.606525,     2.634843,    -0.000503,
  1719.150,     0.668970,     2.351094,     0.007657,
  1719.200,     0.861595,     1.910511,     0.005263,
  1719.250,     1.147825,     1.332618,     0.002883,
  1719.300,     1.489506,     0.717710,     0.007615,
  1719.350,     1.865098,     0.149211,     0.010131,
  1719.400,     2.261084,    -0.231224,     0.012944,
  1719.450,     2.598871,    -0.365955,     0.013402,
  1719.500,     2.817708,    -0.252983,     0.007356,
  1719.550,     2.875496,     0.065889,     0.008742,
  1719.600,     2.644215,     0.584058,     0.009044,
  1719.650,     2.193619,     1.177586,     0.000784,
  1719.700,     1.570090,     1.803306,     0.002462,
  1719.750,     0.915872,     2.287425,     0.001047,
  1719.800,     0.341247,     2.540220,    -0.003560,
  1719.850,    -0.091807,     2.506058,     0.000810,
  1719.900,    -0.290481,     2.308830,    -0.005709,
  1719.950,    -0.234476,     1.970036,    -0.004285,
  1720.000,     0.017915,     1.608460,    -0.002719,

