Time_abs/ps, Signal 1/nA, Ref.signal 1/nA, Signal 2/nA, Ref.signal 2/nA
  1600.000,     0.002107,     0.007615,    -0.003071,
  1600.050,    -0.021092,    -0.004646,     0.002448,
  1600.100,     0.012593,     0.011497,    -0.002650,
  1600.150,     0.000602,    -0.005388,     0.000637,
  1600.200,     0.005790,    -0.009079,     0.002636,
  1600.250,     0.016514,    -0.022884,     0.002447,
  1600.300,     0.009812,    -0.011605,     0.003823,
  1600.350,     0.020016,     0.000561,     0.005430,
  1600.400,     0.023948,     0.010459,     0.005234,
  1600.450,     0.004530,     0.008771,     0.005784,
  1600.500,     0.026188,    -0.000034,     0.004155,
  1600.550,    -0.010171,    -0.009125,     0.006490,
  1600.600,     0.001610,    -0.021215,    -0.002727,
  1600.650,    -0.006661,    -0.028924,     0.003536,
  1600.700,     0.011720,    -0.024922,    -0.001667,
  1600.750,    -0.003575,    -0.033412,    -0.003148,
  1600.800,     0.000138,    -0.027306,    -0.003156,
  1600.850,    -0.004236,    -0.001638,    -0.007437,
  1600.900,     0.009088,    -0.017430,    -0.001633,
  1600.950,     0.013250,    -0.006954,    -0.001063,
  1601.000,    -0.012192,    -0.025601,    -0.002661,
  1601.050,    -0.010935,    -0.025349,     0.002755,
  1601.100,     0.002894,    -0.009534,     0.000152,
  1601.150,     0.002335,    -0.028449,    -0.005236,
  1601.200,     0.005133,    -0.018410,    -0.001412,
  1601.250,    -0.001551,    -0.022588,     0.004557,
  1601.300,    -0.022041,    -0.037640,     0.012341,
  1601.350,    -0.013753,    -0.024145,     0.011374,
  1601.400,    -0.002400,    -0.019708,     0.014183,
  1601.450,    -0.012364,    -0.036830,     0.012667,
  1601.500,    -0.022825,    -0.020360,     0.006808,
  1601.550,    -0.010062,    -0.021295,     0.011905,
  1601.600,    -0.009679,    -0.019094,     0.006797,
  1601.650,    -0.012634,    -0.038961,    -0.004683,
  1601.700,    -0.016900,    -0.039712,    -0.001002,
  1601.750,     0.000443,    -0.046448,     0.005369,
  1601.800,    -0.034860,    -0.049859,    -0.002136,
  1601.850,    -0.028636,    -0.056273,    -0.006298,
  1601.900,    -0.028463,    -0.066449,     0.006201,
  1601.950,    -0.020963,    -0.072077,    -0.002493,
  1602.000,    -0.015465,    -0.063971,    -0.004981,
  1602.050,    -0.032780,    -0.049452,    -0.003278,
  1602.100,    -0.021930,    -0.059367,     0.000382,
  1602.150,    -0.014481,    -0.063293,    -0.002488,
  1602.200,    -0.028088,    -0.057947,     0.007195,
  1602.250,     0.005129,    -0.047525,     0.004199,
  1602.300,    -0.015914,    -0.066134,     0.000805,
  1602.350,    -0.001967,    -0.074133,     0.005580,
  1602.400,    -0.027071,    -0.077379,     0.004731,
  1602.450,    -0.008471,    -0.060169,     0.002440,
  1602.500,    -0.004539,    -0.080268,     0.007424,
  1602.550,    -0.016450,    -0.067907,     0.003940,
  1602.600,    -0.009116,    -0.099132,     0.002546,
  1602.650,    -0.021060,    -0.079462,     0.005964,
  1602.700,     0.000768,    -0.061615,    -0.000079,
  1602.750,     0.007616,    -0.055587,     0.003954,
  1602.800,    -0.018849,    -0.049285,     0.000355,
  1602.850,    -0.015581,    -0.061351,    -0.001611,
  1602.900,    -0.014817,    -0.051576,    -0.004248,
  1602.950,     0.007342,    -0.030425,     0.002689,
  1603.000,    -0.013954,    -0.045516,     0.001009,
  1603.050,    -0.032092,    -0.046597,    -0.005147,
  1603.100,    -0.026270,    -0.041525,    -0.005269,
  1603.150,    -0.014599,    -0.058770,    -0.002789,
  1603.200,     0.000255,    -0.067038,    -0.002798,
  1603.250,    -0.016809,    -0.060943,    -0.002136,
  1603.300,    -0.007889,    -0.046130,    -0.006291,
  1603.350,    -0.011979,    -0.044856,    -0.005585,
  1603.400,    -0.005285,    -0.048941,     0.007162,
  1603.450,    -0.016061,    -0.057768,     0.001652,
  1603.500,    -0.015147,    -0.061647,     0.005710,
  1603.550,     0.007170,    -0.072860,     0.001662,
  1603.600,     0.011596,    -0.050958,     0.000213,
  1603.650,    -0.018590,    -0.058043,     0.004934,
  1603.700,    -0.002777,    -0.046480,     0.006319,
  1603.750,    -0.009915,    -0.039911,     0.005393,
  1603.800,     0.007885,    -0.055079,     0.006927,
  1603.850,    -0.000848,    -0.055890,     0.005243,
  1603.900,    -0.003275,    -0.060794,     0.005523,
  1603.950,     0.001396,    -0.056321,     0.006145,
  1604.000,    -0.018296,    -0.053461,     0.006450,
  1604.050,    -0.013292,    -0.061511,     0.003421,
  1604.100,    -0.013689,    -0.073083,     0.000754,
  1604.150,    -0.026157,    -0.058812,    -0.002077,
  1604.200,    -0.012193,    -0.056921,    -0.003533,
  1604.250,    -0.007898,    -0.052816,    -0.007456,
  1604.300,    -0.008641,    -0.051204,    -0.004535,
  1604.350,    -0.011007,    -0.050098,    -0.007669,
  1604.400,    -0.020971,    -0.051308,    -0.001560,
  1604.450,    -0.010903,    -0.055452,    -0.001646,
  1604.500,    -0.013765,    -0.068069,    -0.007652,
  1604.550,    -0.030764,    -0.050001,    -0.001676,
  1604.600,    -0.035777,    -0.060544,    -0.005296,
  1604.650,    -0.016629,    -0.066102,    -0.005356,
  1604.700,    -0.010663,    -0.067510,    -0.000357,
  1604.750,    -0.009137,    -0.069713,     0.000938,
  1604.800,    -0.003353,    -0.075049,     0.001695,
  1604.850,    -0.009156,    -0.068252,     0.003845,
  1604.900,    -0.004808,    -0.068048,    -0.000822,
  1604.950,    -0.006290,    -0.057182,     0.003511,
  1605.000,    -0.012508,    -0.074073,     0.005120,
  1605.050,    -0.002157,    -0.073767,     0.004398,
  1605.100,    -0.011076,    -0.058804,     0.006965,
  1605.150,    -0.025563,    -0.074817,     0.007354,
  1605.200,    -0.011616,    -0.054424,     0.004407,
  1605.250,    -0.014032,    -0.059604,     0.009405,
  1605.300,    -0.016422,    -0.073760,     0.005602,
  1605.350,    -0.022833,    -0.080658,     0.003587,
  1605.400,    -0.012572,    -0.064059,     0.002446,
  1605.450,    -0.007046,    -0.066206,     0.001181,
  1605.500,    -0.001140,    -0.061892,     0.005900,
  1605.550,    -0.014852,    -0.056416,     0.001654,
  1605.600,    -0.003025,    -0.060449,     0.005216,
  1605.650,    -0.002266,    -0.062375,    -0.002461,
  1605.700,    -0.008028,    -0.064690,     0.000198,
  1605.750,    -0.000921,    -0.067201,    -0.001353,
  1605.800,    -0.008366,    -0.053317,    -0.005787,
  1605.850,    -0.007128,    -0.075328,    -0.009092,
  1605.900,     0.006090,    -0.081720,    -0.004626,
  1605.950,    -0.005781,    -0.084957,    -0.003978,
  1606.000,     0.009392,    -0.063255,    -0.004419,
  1606.050,    -0.019194,    -0.061329,    -0.002212,
  1606.100,    -0.013352,    -0.043735,    -0.004451,
  1606.150,    -0.001561,    -0.050841,    -0.004650,
  1606.200,     0.009797,    -0.062682,    -0.001630,
  1606.250,     0.001960,    -0.048538,    -0.003008,
  1606.300,     0.006591,    -0.051206,     0.001076,
  1606.350,     0.013285,    -0.056931,     0.003540,
  1606.400,     0.025408,    -0.061721,     0.004788,
  1606.450,     0.013937,    -0.077838,     0.006262,
  1606.500,     0.022939,    -0.075351,     0.006759,
  1606.550,     0.021935,    -0.045355,     0.008785,
  1606.600,     0.018808,    -0.075436,     0.009021,
  1606.650,     0.012113,    -0.075216,     0.003643,
  1606.700,     0.033370,    -0.067222,     0.010729,
  1606.750,     0.041064,    -0.063340,     0.006137,
  1606.800,     0.017373,    -0.069187,     0.009791,
  1606.850,     0.043195,    -0.065506,     0.008892,
  1606.900,     0.035717,    -0.051772,     0.001220,
  1606.950,     0.045014,    -0.049198,     0.000408,
  1607.000,     0.032989,    -0.044549,    -0.004555,
  1607.050,     0.022107,    -0.057717,    -0.004002,
  1607.100,     0.023882,    -0.057853,    -0.001175,
  1607.150,     0.029807,    -0.075347,    -0.004362,
  1607.200,     0.033071,    -0.075670,    -0.004943,
  1607.250,     0.039468,    -0.067853,    -0.006818,
  1607.300,     0.052242,    -0.065862,    -0.004699,
  1607.350,     0.037498,    -0.091792,    -0.000904,
  1607.400,     0.029914,    -0.095613,     0.002034,
  1607.450,     0.032191,    -0.089350,    -0.000699,
  1607.500,     0.025550,    -0.075400,    -0.003493,
  1607.550,     0.043064,    -0.104859,    -0.001151,
  1607.600,     0.053605,    -0.098777,    -0.001888,
  1607.650,     0.031875,    -0.092790,     0.000087,
  1607.700,     0.036686,    -0.102410,    -0.000032,
  1607.750,     0.047433,    -0.103796,     0.003720,
  1607.800,     0.031767,    -0.101278,     0.001620,
  1607.850,     0.039625,    -0.124529,     0.001118,
  1607.900,     0.052142,    -0.136633,     0.006845,
  1607.950,     0.049095,    -0.124998,     0.009220,
  1608.000,     0.042310,    -0.137278,     0.011145,
  1608.050,     0.048039,    -0.131250,     0.006680,
  1608.100,     0.051876,    -0.141260,     0.004280,
  1608.150,     0.037342,    -0.161652,     0.007852,
  1608.200,     0.047263,    -0.162870,     0.011543,
  1608.250,     0.046406,    -0.156415,     0.009705,
  1608.300,     0.074997,    -0.147483,     0.014535,
  1608.350,     0.060283,    -0.147606,     0.008914,
  1608.400,     0.048619,    -0.157783,     0.002712,
  1608.450,     0.059278,    -0.149063,     0.004892,
  1608.500,     0.059223,    -0.130967,    -0.001016,
  1608.550,     0.067888,    -0.132564,    -0.001813,
  1608.600,     0.066971,    -0.131408,    -0.002507,
  1608.650,     0.055006,    -0.119437,    -0.003598,
  1608.700,     0.032451,    -0.132012,    -0.004624,
  1608.750,     0.044855,    -0.130531,    -0.002752,
  1608.800,     0.043240,    -0.127366,    -0.002449,
  1608.850,     0.067288,    -0.114349,    -0.002639,
  1608.900,     0.038372,    -0.118084,    -0.004580,
  1608.950,     0.015322,    -0.108535,    -0.006555,
  1609.000,     0.047226,    -0.122791,    -0.007418,
  1609.050,     0.039421,    -0.112637,    -0.007002,
  1609.100,     0.040753,    -0.100752,    -0.001690,
  1609.150,     0.042833,    -0.101737,    -0.003134,
  1609.200,     0.035641,    -0.083625,    -0.009446,
  1609.250,     0.025908,    -0.090299,    -0.007806,
  1609.300,     0.023180,    -0.092264,     0.004407,
  1609.350,     0.039381,    -0.063074,     0.001923,
  1609.400,     0.049477,    -0.072413,     0.002390,
  1609.450,     0.059674,    -0.097468,     0.005532,
  1609.500,     0.053294,    -0.062004,     0.008443,
  1609.550,     0.042975,    -0.074665,     0.001841,
  1609.600,     0.040017,    -0.082541,     0.002455,
  1609.650,     0.042045,    -0.095405,     0.004384,
  1609.700,     0.045926,    -0.072481,     0.006824,
  1609.750,     0.056415,    -0.073364,     0.006506,
  1609.800,     0.065238,    -0.048757,    -0.000224,
  1609.850,     0.071882,    -0.050317,     0.003683,
  1609.900,     0.052355,    -0.050132,     0.003781,
  1609.950,     0.072071,    -0.052159,     0.004793,
  1610.000,     0.071164,    -0.076507,     0.008242,
  1610.050,     0.052434,    -0.090168,     0.005625,
  1610.100,     0.048983,    -0.092489,     0.001431,
  1610.150,     0.053304,    -0.092585,     0.001223,
  1610.200,     0.051633,    -0.087222,    -0.000685,
  1610.250,     0.060610,    -0.102442,    -0.002805,
  1610.300,     0.071393,    -0.110517,    -0.004294,
  1610.350,     0.054489,    -0.117500,    -0.009574,
  1610.400,     0.053987,    -0.123959,    -0.010179,
  1610.450,     0.056165,    -0.132789,    -0.004754,
  1610.500,     0.046800,    -0.137259,    -0.004019,
  1610.550,     0.040102,    -0.141640,    -0.003693,
  1610.600,     0.030698,    -0.131035,    -0.002913,
  1610.650,     0.066080,    -0.137492,    -0.002902,
  1610.700,     0.062110,    -0.131505,    -0.006927,
  1610.750,     0.033394,    -0.161033,    -0.000108,
  1610.800,     0.071311,    -0.172221,    -0.004642,
  1610.850,     0.062187,    -0.194941,    -0.001518,
  1610.900,     0.056044,    -0.172747,     0.005360,
  1610.950,     0.064594,    -0.179672,     0.006230,
  1611.000,     0.049916,    -0.196484,     0.011012,
  1611.050,     0.058551,    -0.217035,     0.005507,
  1611.100,     0.061763,    -0.213329,     0.003594,
  1611.150,     0.057409,    -0.239635,     0.008201,
  1611.200,     0.053997,    -0.240099,     0.006129,
  1611.250,     0.069108,    -0.215287,     0.009329,
  1611.300,     0.077889,    -0.217257,     0.002455,
  1611.350,     0.060311,    -0.223915,    -0.001739,
  1611.400,     0.059665,    -0.225158,     0.003843,
  1611.450,     0.060492,    -0.227445,     0.009392,
  1611.500,     0.064446,    -0.219021,     0.006402,
  1611.550,     0.061769,    -0.196926,     0.006581,
  1611.600,     0.069595,    -0.221091,     0.007526,
  1611.650,     0.059709,    -0.212736,     0.001657,
  1611.700,     0.069781,    -0.199161,     0.001927,
  1611.750,     0.064463,    -0.192209,     0.002145,
  1611.800,     0.051031,    -0.199529,    -0.001631,
  1611.850,     0.058037,    -0.174264,    -0.003370,
  1611.900,     0.055259,    -0.168421,    -0.007360,
  1611.950,     0.049074,    -0.185613,    -0.007658,
  1612.000,     0.043463,    -0.193127,    -0.004779,
  1612.050,     0.034692,    -0.202004,     0.002727,
  1612.100,     0.014780,    -0.203686,    -0.002059,
  1612.150,     0.030306,    -0.192196,    -0.003037,
  1612.200,     0.033114,    -0.228909,    -0.000619,
  1612.250,     0.028662,    -0.217702,     0.001158,
  1612.300,     0.046185,    -0.218946,    -0.001331,
  1612.350,     0.051879,    -0.226065,     0.002966,
  1612.400,     0.041474,    -0.209106,     0.005149,
  1612.450,     0.028604,    -0.219318,     0.004477,
  1612.500,     0.047525,    -0.206316,     0.004068,
  1612.550,     0.056054,    -0.213026,     0.004342,
  1612.600,     0.037405,    -0.230964,     0.006675,
  1612.650,     0.036449,    -0.237960,     0.007798,
  1612.700,     0.049770,    -0.240506,     0.006549,
  1612.750,     0.047636,    -0.236160,     0.001698,
  1612.800,     0.043859,    -0.233167,     0.004365,
  1612.850,     0.036886,    -0.256656,     0.002660,
  1612.900,     0.039635,    -0.239617,     0.002642,
  1612.950,     0.055795,    -0.245471,     0.002658,
  1613.000,     0.055681,    -0.262886,     0.003662,
  1613.050,     0.064545,    -0.251333,     0.004388,
  1613.100,     0.045800,    -0.256567,     0.005845,
  1613.150,     0.037790,    -0.244889,     0.001973,
  1613.200,     0.042841,    -0.267568,     0.002020,
  1613.250,     0.056038,    -0.263436,    -0.002500,
  1613.300,     0.037471,    -0.261406,     0.000532,
  1613.350,     0.033991,    -0.262316,    -0.001286,
  1613.400,     0.039975,    -0.263597,    -0.002100,
  1613.450,     0.016208,    -0.263895,     0.002298,
  1613.500,     0.020901,    -0.253962,    -0.001955,
  1613.550,     0.046175,    -0.267384,     0.000424,
  1613.600,     0.042271,    -0.282852,     0.001391,
  1613.650,     0.037103,    -0.294390,     0.001523,
  1613.700,     0.033174,    -0.269291,     0.001125,
  1613.750,     0.047528,    -0.296063,     0.000087,
  1613.800,     0.048668,    -0.295676,    -0.001249,
  1613.850,     0.036648,    -0.290447,     0.000070,
  1613.900,     0.046172,    -0.308364,     0.009556,
  1613.950,     0.050263,    -0.311033,     0.003311,
  1614.000,     0.036256,    -0.298176,    -0.003104,
  1614.050,     0.034523,    -0.320096,    -0.000483,
  1614.100,     0.046665,    -0.327092,     0.001693,
  1614.150,     0.043800,    -0.336267,     0.003217,
  1614.200,     0.057014,    -0.347295,     0.003357,
  1614.250,     0.046374,    -0.345886,     0.001080,
  1614.300,     0.054806,    -0.330335,     0.003103,
  1614.350,     0.047791,    -0.335595,     0.002624,
  1614.400,     0.036641,    -0.326397,    -0.002163,
  1614.450,     0.030913,    -0.335081,    -0.002224,
  1614.500,     0.029921,    -0.341281,     0.002220,
  1614.550,     0.013625,    -0.341916,    -0.001473,
  1614.600,     0.026258,    -0.342900,    -0.002321,
  1614.650,     0.018195,    -0.342125,    -0.006479,
  1614.700,     0.025534,    -0.318097,    -0.001950,
  1614.750,     0.034174,    -0.315540,    -0.002411,
  1614.800,     0.007706,    -0.298863,    -0.005581,
  1614.850,     0.029010,    -0.298416,    -0.002158,
  1614.900,    -0.014822,    -0.312369,    -0.004186,
  1614.950,    -0.008785,    -0.298750,    -0.003684,
  1615.000,     0.008539,    -0.299329,     0.001309,
  1615.050,     0.022579,    -0.316875,     0.000848,
  1615.100,     0.021263,    -0.339941,    -0.000904,
  1615.150,     0.026319,    -0.354372,     0.000075,
  1615.200,     0.031186,    -0.349586,    -0.000070,
  1615.250,     0.032653,    -0.375272,     0.002554,
  1615.300,     0.023073,    -0.391255,     0.006068,
  1615.350,     0.028040,    -0.412063,     0.002046,
  1615.400,     0.021308,    -0.422098,     0.006690,
  1615.450,     0.019672,    -0.408363,     0.007142,
  1615.500,     0.016371,    -0.404922,     0.003320,
  1615.550,     0.030104,    -0.411461,     0.001663,
  1615.600,     0.020521,    -0.401083,     0.003645,
  1615.650,     0.017819,    -0.408784,     0.007285,
  1615.700,     0.020334,    -0.415894,     0.006531,
  1615.750,     0.012424,    -0.406058,     0.004895,
  1615.800,     0.028455,    -0.429032,     0.006429,
  1615.850,     0.009119,    -0.454615,     0.002875,
  1615.900,     0.016085,    -0.455064,    -0.000210,
  1615.950,     0.015164,    -0.455368,    -0.003397,
  1616.000,     0.004924,    -0.466990,    -0.001733,
  1616.050,     0.014678,    -0.474880,    -0.001932,
  1616.100,     0.024019,    -0.480263,    -0.000532,
  1616.150,     0.011882,    -0.480738,    -0.000520,
  1616.200,     0.025303,    -0.476577,    -0.003969,
  1616.250,     0.010944,    -0.483261,    -0.008624,
  1616.300,     0.008507,    -0.490949,    -0.005489,
  1616.350,     0.003684,    -0.490765,    -0.001522,
  1616.400,     0.012964,    -0.495713,    -0.004198,
  1616.450,     0.020241,    -0.492477,    -0.002235,
  1616.500,     0.006385,    -0.503176,    -0.002482,
  1616.550,    -0.005866,    -0.526755,    -0.001450,
  1616.600,    -0.019458,    -0.506274,     0.000021,
  1616.650,    -0.005457,    -0.492097,     0.004489,
  1616.700,     0.001698,    -0.494707,     0.004987,
  1616.750,     0.003098,    -0.491688,     0.008133,
  1616.800,     0.004234,    -0.491173,     0.009337,
  1616.850,    -0.012483,    -0.493725,     0.002184,
  1616.900,    -0.005500,    -0.487156,     0.000651,
  1616.950,    -0.004217,    -0.489569,     0.005010,
  1617.000,    -0.001580,    -0.506868,     0.005838,
  1617.050,    -0.027155,    -0.487291,     0.007799,
  1617.100,    -0.024197,    -0.474220,     0.006894,
  1617.150,    -0.009200,    -0.483483,     0.006274,
  1617.200,    -0.012093,    -0.473541,     0.002669,
  1617.250,    -0.000491,    -0.474562,     0.002440,
  1617.300,    -0.007667,    -0.456456,     0.007144,
  1617.350,    -0.005825,    -0.446705,     0.002593,
  1617.400,    -0.025880,    -0.459078,    -0.002332,
  1617.450,    -0.025369,    -0.445847,    -0.000335,
  1617.500,    -0.029340,    -0.438835,    -0.000778,
  1617.550,    -0.041602,    -0.433537,    -0.003292,
  1617.600,    -0.023611,    -0.436497,    -0.003138,
  1617.650,    -0.024646,    -0.418269,    -0.000510,
  1617.700,    -0.040792,    -0.416141,    -0.001397,
  1617.750,    -0.029633,    -0.407228,    -0.002111,
  1617.800,    -0.032713,    -0.401720,    -0.000760,
  1617.850,    -0.040449,    -0.380863,    -0.003901,
  1617.900,    -0.013848,    -0.371745,     0.000696,
  1617.950,    -0.035098,    -0.338327,     0.002116,
  1618.000,    -0.051173,    -0.281234,     0.000573,
  1618.050,    -0.046237,    -0.232384,    -0.001456,
  1618.100,    -0.057165,    -0.193871,    -0.001505,
  1618.150,    -0.054539,    -0.161821,     0.003239,
  1618.200,    -0.048799,    -0.119875,     0.000030,
  1618.250,    -0.056613,    -0.077524,    -0.001376,
  1618.300,    -0.054171,    -0.071774,     0.003255,
  1618.350,    -0.051193,    -0.087374,     0.002878,
  1618.400,    -0.041074,    -0.196099,     0.006293,
  1618.450,    -0.041174,    -0.348139,     0.004748,
  1618.500,    -0.048265,    -0.610612,    -0.003306,
  1618.550,    -0.027684,    -0.952923,    -0.001659,
  1618.600,    -0.038266,    -1.333053,     0.005012,
  1618.650,    -0.047219,    -1.743931,     0.006070,
  1618.700,    -0.054598,    -2.126887,     0.004038,
  1618.750,    -0.035307,    -2.394161,     0.004577,
  1618.800,    -0.038179,    -2.457728,     0.005202,
  1618.850,    -0.045193,    -2.309845,     0.001754,
  1618.900,    -0.043210,    -1.995652,     0.004103,
  1618.950,    -0.030163,    -1.602009,     0.002642,
  1619.000,    -0.028141,    -1.184876,    -0.001074,
  1619.050,    -0.046993,    -0.797805,     0.001177,
  1619.100,    -0.055222,    -0.520714,     0.004065,
  1619.150,    -0.050743,    -0.297820,     0.008181,
  1619.200,    -0.065934,    -0.164513,     0.003854,
  1619.250,    -0.055971,    -0.133796,     0.001735,
  1619.300,    -0.063647,    -0.141140,     0.001943,
  1619.350,    -0.075147,    -0.189173,    -0.000979,
  1619.400,    -0.073423,    -0.272831,     0.000473,
  1619.450,    -0.073203,    -0.366149,    -0.001049,
  1619.500,    -0.079251,    -0.414662,     0.005107,
  1619.550,    -0.075687,    -0.486669,     0.005862,
  1619.600,    -0.065978,    -0.532702,     0.002219,
  1619.650,    -0.064920,    -0.559336,     0.002543,
  1619.700,    -0.071716,    -0.580338,     0.003982,
  1619.750,    -0.075350,    -0.589772,     0.000913,
  1619.800,    -0.081887,    -0.591029,     0.002072,
  1619.850,    -0.062646,    -0.607447,    -0.002243,
  1619.900,    -0.075641,    -0.624791,     0.002245,
  1619.950,    -0.094694,    -0.651564,     0.000752,
  1620.000,    -0.070983,    -0.699427,    -0.000989,
  1620.050,    -0.079257,    -0.712156,     0.002992,
  1620.100,    -0.080622,    -0.740053,     0.001400,
  1620.150,    -0.083642,    -0.779035,    -0.002559,
  1620.200,    -0.101527,    -0.777557,    -0.000588,
  1620.250,    -0.101766,    -0.783301,    -0.003274,
  1620.300,    -0.091038,    -0.795376,    -0.002015,
  1620.350,    -0.087339,    -0.762885,    -0.002651,
  1620.400,    -0.089775,    -0.756703,     0.001150,
  1620.450,    -0.096500,    -0.755122,     0.005913,
  1620.500,    -0.095062,    -0.759587,    -0.001107,
  1620.550,    -0.087434,    -0.770126,     0.001616,
  1620.600,    -0.073471,    -0.762379,     0.004129,
  1620.650,    -0.084974,    -0.799293,    -0.002864,
  1620.700,    -0.112737,    -0.826538,    -0.002817,
  1620.750,    -0.104882,    -0.825007,     0.004553,
  1620.800,    -0.109660,    -0.836559,     0.006669,
  1620.850,    -0.088026,    -0.864981,     0.002853,
  1620.900,    -0.080562,    -0.872562,     0.004262,
  1620.950,    -0.099750,    -0.863349,     0.000836,
  1621.000,    -0.093735,    -0.892779,    -0.000266,
  1621.050,    -0.079088,    -0.900679,     0.001197,
  1621.100,    -0.080321,    -0.903279,     0.000362,
  1621.150,    -0.071057,    -0.929399,     0.004135,
  1621.200,    -0.089593,    -0.946151,     0.003126,
  1621.250,    -0.080991,    -0.973433,     0.002627,
  1621.300,    -0.080622,    -1.002156,    -0.004095,
  1621.350,    -0.077949,    -1.031033,    -0.000158,
  1621.400,    -0.078062,    -1.055723,     0.001242,
  1621.450,    -0.081692,    -1.082439,     0.000021,
  1621.500,    -0.078111,    -1.040745,     0.004594,
  1621.550,    -0.081075,    -1.007067,     0.002612,
  1621.600,    -0.076679,    -0.969472,    -0.002750,
  1621.650,    -0.083118,    -0.923275,     0.000088,
  1621.700,    -0.080125,    -0.868363,     0.000985,
  1621.750,    -0.079760,    -0.839668,     0.000802,
  1621.800,    -0.067150,    -0.839075,     0.003808,
  1621.850,    -0.076558,    -0.835832,     0.001296,
  1621.900,    -0.070294,    -0.868083,     0.001826,
  1621.950,    -0.065331,    -0.905803,     0.001181,
  1622.000,    -0.060634,    -0.925178,    -0.003357,
  1622.050,    -0.054200,    -0.925425,    -0.000821,
  1622.100,    -0.045462,    -0.933014,    -0.002024,
  1622.150,    -0.023669,    -0.943333,     0.000164,
  1622.200,    -0.011975,    -0.946160,    -0.001866,
  1622.250,    -0.001705,    -0.947706,    -0.001529,
  1622.300,    -0.002651,    -0.936598,     0.003179,
  1622.350,     0.023071,    -0.911204,     0.002010,
  1622.400,     0.032025,    -0.902913,    -0.005079,
  1622.450,     0.031417,    -0.885350,    -0.004515,
  1622.500,    -0.001590,    -0.852988,    -0.002129,
  1622.550,    -0.049422,    -0.809969,     0.001566,
  1622.600,    -0.145890,    -0.785377,    -0.001087,
  1622.650,    -0.266929,    -0.742969,     0.007568,
  1622.700,    -0.410586,    -0.686576,     0.004082,
  1622.750,    -0.576635,    -0.613374,     0.006316,
  1622.800,    -0.713761,    -0.510101,     0.005328,
  1622.850,    -0.785756,    -0.403846,     0.003541,
  1622.900,    -0.789802,    -0.275957,     0.002293,
  1622.950,    -0.675017,    -0.136301,     0.002960,
  1623.000,    -0.491656,    -0.013895,     0.003013,
  1623.050,    -0.268725,     0.097326,     0.002697,
  1623.100,    -0.078312,     0.115637,     0.005906,
  1623.150,     0.099364,     0.008123,    -0.001063,
  1623.200,     0.207479,    -0.326249,     0.002548,
  1623.250,     0.263402,    -1.001347,     0.004203,
  1623.300,     0.258749,    -2.122518,    -0.001207,
  1623.350,     0.212476,    -3.843026,    -0.000915,
  1623.400,     0.146648,    -6.190226,     0.002205,
  1623.450,     0.084040,    -9.079033,     0.000146,
  1623.500,    -0.006185,   -12.222148,    -0.003299,
  1623.550,    -0.057821,   -15.132563,    -0.001143,
  1623.600,    -0.121471,   -17.125555,    -0.002431,
  1623.650,    -0.160630,   -17.493563,    -0.002385,
  1623.700,    -0.180273,   -15.827166,    -0.005892,
  1623.750,    -0.188142,   -12.123533,    -0.005160,
  1623.800,    -0.177752,    -6.997025,     0.001415,
  1623.850,    -0.177732,    -1.427215,    -0.001485,
  1623.900,    -0.147263,     3.484423,    -0.005047,
  1623.950,    -0.149261,     6.934489,    -0.004989,
  1624.000,    -0.154231,     8.513791,    -0.003808,
  1624.050,    -0.168423,     8.337132,     0.005021,
  1624.100,    -0.169497,     6.748450,     0.000248,
  1624.150,    -0.174880,     4.178412,    -0.003440,
  1624.200,    -0.200209,     1.205607,    -0.000240,
  1624.250,    -0.183581,    -1.618595,     0.004284,
  1624.300,    -0.180918,    -3.847212,     0.010976,
  1624.350,    -0.172700,    -5.274983,     0.013033,
  1624.400,    -0.162121,    -5.999073,     0.007376,
  1624.450,    -0.153980,    -6.210488,     0.004199,
  1624.500,    -0.157886,    -6.037645,     0.006445,
  1624.550,    -0.140804,    -5.448199,     0.003815,
  1624.600,    -0.132417,    -4.513717,     0.005430,
  1624.650,    -0.159650,    -3.507028,     0.003260,
  1624.700,    -0.163444,    -2.713990,     0.003349,
  1624.750,    -0.161356,    -2.169706,    -0.000158,
  1624.800,    -0.172963,    -1.805950,    -0.001994,
  1624.850,    -0.162109,    -1.469886,    -0.003817,
  1624.900,    -0.196522,    -1.140785,    -0.003814,
  1624.950,    -0.183464,    -0.812284,    -0.006491,
  1625.000,    -0.183971,    -0.407357,    -0.002438,
  1625.050,    -0.185367,     0.132472,    -0.003992,
  1625.100,    -0.180648,     0.838794,    -0.001777,
  1625.150,    -0.171854,     1.727241,    -0.000542,
  1625.200,    -0.175017,     2.765705,    -0.003941,
  1625.250,    -0.179439,     3.889177,    -0.004276,
  1625.300,    -0.198851,     5.077292,    -0.000251,
  1625.350,    -0.205007,     6.273234,    -0.002631,
  1625.400,    -0.207251,     7.478472,     0.000072,
  1625.450,    -0.220512,     8.746009,    -0.000479,
  1625.500,    -0.208847,    10.060120,    -0.004300,
  1625.550,    -0.210800,    11.467869,    -0.001409,
  1625.600,    -0.191379,    13.071246,    -0.005074,
  1625.650,    -0.166969,    14.898890,    -0.000596,
  1625.700,    -0.149688,    17.010325,     0.000810,
  1625.750,    -0.143309,    19.501218,     0.000949,
  1625.800,    -0.120831,    22.428147,    -0.005264,
  1625.850,    -0.094800,    25.822997,     0.001733,
  1625.900,    -0.081831,    29.700968,     0.002432,
  1625.950,    -0.087499,    34.164119,     0.000400,
  1626.000,    -0.108938,    39.328189,     0.005244,
  1626.050,    -0.149556,    45.320874,     0.000928,
  1626.100,    -0.172377,    52.213222,     0.002663,
  1626.150,    -0.179948,    60.173804,     0.007294,
  1626.200,    -0.179828,    69.234329,     0.002183,
  1626.250,    -0.162521,    79.317423,     0.001352,
  1626.300,    -0.162367,    90.147328,     0.002849,
  1626.350,    -0.179255,   101.149397,     0.004083,
  1626.400,    -0.178798,   111.240914,     0.001673,
  1626.450,    -0.142656,   118.577158,     0.004642,
  1626.500,    -0.136782,   120.330037,     0.002772,
  1626.550,    -0.144061,   112.301036,    -0.002849,
  1626.600,    -0.133458,    88.936240,    -0.005716,
  1626.650,    -0.126805,    43.654300,    -0.000621,
  1626.700,    -0.111519,   -30.080523,     0.000863,
  1626.750,    -0.104087,  -136.599317,    -0.002443,
  1626.800,    -0.089785,  -275.383844,    -0.002236,
  1626.850,    -0.076152,  -438.202199,    -0.001727,
  1626.900,    -0.022861,  -607.466873,    -0.000163,
  1626.950,     0.029655,  -756.832510,     0.000404,
  1627.000,     0.031022,  -853.304042,    -0.001255,
  1627.050,     0.055061,  -863.652525,     0.002367,
  1627.100,     0.099135,  -767.964910,    -0.004776,
  1627.150,     0.121110,  -573.556554,     0.002812,
  1627.200,     0.140104,  -314.836492,     0.000620,
  1627.250,     0.121795,   -38.717001,    -0.000893,
  1627.300,     0.000785,   213.204124,     0.000765,
  1627.350,    -0.219251,   414.370761,     0.003520,
  1627.400,    -0.583142,   551.418659,    -0.000723,
  1627.450,    -1.147979,   618.154752,     0.001105,
  1627.500,    -1.954376,   615.650001,     0.003963,
  1627.550,    -2.969976,   555.920794,     0.003929,
  1627.600,    -4.075417,   461.606808,     0.003109,
  1627.650,    -5.081813,   358.092630,     0.001513,
  1627.700,    -5.715702,   262.795631,    -0.002698,
  1627.750,    -5.662907,   181.288099,    -0.001041,
  1627.800,    -4.749705,   113.143369,    -0.002886,
  1627.850,    -2.891863,    59.884677,    -0.007221,
  1627.900,    -0.375562,    26.164406,    -0.001377,
  1627.950,     2.293065,    13.388737,     0.003793,
  1628.000,     4.510015,    14.807836,    -0.000181,
  1628.050,     5.799746,    19.605023,    -0.004928,
  1628.100,     5.992642,    20.976186,    -0.001182,
  1628.150,     5.196625,    18.573325,    -0.002569,
  1628.200,     3.728442,    13.737354,    -0.000807,
  1628.250,     1.899837,     6.294082,     0.000039,
  1628.300,     0.068105,    -3.942722,    -0.001882,
  1628.350,    -1.526741,   -15.291041,     0.002902,
  1628.400,    -2.634033,   -25.115936,     0.006579,
  1628.450,    -3.128772,   -31.509963,     0.007569,
  1628.500,    -3.106840,   -33.304194,     0.008135,
  1628.550,    -2.750554,   -29.992888,     0.005444,
  1628.600,    -2.265856,   -22.742302,     0.005320,
  1628.650,    -1.704873,   -14.414926,     0.007988,
  1628.700,    -1.049646,    -7.483234,     0.002156,
  1628.750,    -0.403044,    -2.984859,     0.000397,
  1628.800,     0.107467,    -1.164252,     0.000036,
  1628.850,     0.394238,    -2.118112,     0.004320,
  1628.900,     0.464215,    -5.174189,     0.000073,
  1628.950,     0.442393,    -9.286403,     0.000822,
  1629.000,     0.438503,   -13.634145,     0.004721,
  1629.050,     0.461728,   -17.083424,     0.004312,
  1629.100,     0.471311,   -18.429742,     0.001101,
  1629.150,     0.544810,   -17.405915,    -0.001523,
  1629.200,     0.697158,   -14.983355,     0.001117,
  1629.250,     0.931339,   -11.998510,    -0.005176,
  1629.300,     1.230632,    -8.593464,    -0.003072,
  1629.350,     1.554063,    -5.354663,    -0.000621,
  1629.400,     1.864270,    -3.324842,    -0.002613,
  1629.450,     2.158578,    -2.418323,    -0.004082,
  1629.500,     2.412664,    -1.744800,    -0.008172,
  1629.550,     2.648389,    -1.435813,    -0.005638,
  1629.600,     2.895246,    -2.146204,    -0.004784,
  1629.650,     3.131686,    -3.579164,    -0.003244,
  1629.700,     3.428552,    -5.007354,    -0.006641,
  1629.750,     3.821869,    -6.289650,    -0.005398,
  1629.800,     4.270564,    -7.321848,     0.004047,
  1629.850,     4.862028,    -7.916487,     0.007221,
  1629.900,     5.559930,    -8.401538,    -0.003911,
  1629.950,     6.395117,    -9.063405,    -0.004136,
  1630.000,     7.370166,    -9.528301,    -0.001568,
  1630.050,     8.502378,    -9.995554,     0.003413,
  1630.100,     9.817393,   -11.552468,     0.008419,
  1630.150,    11.327544,   -14.581446,     0.006093,
  1630.200,    13.114622,   -18.110098,     0.006620,
  1630.250,    15.163511,   -21.159664,     0.006447,
  1630.300,    17.552713,   -23.552278,     0.004010,
  1630.350,    20.272351,   -25.200944,     0.003498,
  1630.400,    23.188678,   -25.526302,     0.005923,
  1630.450,    26.172461,   -23.619052,     0.002677,
  1630.500,    28.875979,   -18.819349,    -0.000544,
  1630.550,    30.758023,   -11.499617,     0.002642,
  1630.600,    30.939432,    -3.149112,     0.003859,
  1630.650,    28.092359,     4.452853,     0.004276,
  1630.700,    20.411539,    10.046533,     0.004281,
  1630.750,     5.629444,    13.060233,     0.003141,
  1630.800,   -18.655424,    13.620158,     0.007364,
  1630.850,   -54.374391,    12.157680,     0.006990,
  1630.900,  -101.894363,     9.274574,     0.005874,
  1630.950,  -158.663793,     5.856123,     0.009856,
  1631.000,  -217.937860,     2.993944,     0.003662,
  1631.050,  -268.536100,     1.406954,     0.002285,
  1631.100,  -296.065599,     1.309775,     0.003881,
  1631.150,  -286.541584,     2.395546,     0.000417,
  1631.200,  -232.018258,     3.763499,     0.000573,
  1631.250,  -135.666699,     4.322650,    -0.000708,
  1631.300,   -12.794399,     3.926636,    -0.001665,
  1631.350,   113.783576,     3.166550,     0.001192,
  1631.400,   221.424073,     2.265575,    -0.006253,
  1631.450,   293.984563,     1.160862,    -0.005652,
  1631.500,   324.765998,     0.170592,    -0.006529,
  1631.550,   315.557244,    -0.376537,    -0.004905,
  1631.600,   273.566875,    -0.448203,    -0.003515,
  1631.650,   208.942315,    -0.184167,    -0.010420,
  1631.700,   134.113633,     0.207198,    -0.010072,
  1631.750,    62.487927,     0.439720,    -0.000904,
  1631.800,     4.767653,     0.576219,    -0.001996,
  1631.850,   -35.024748,     0.828175,    -0.003905,
  1631.900,   -59.395253,     1.151283,     0.003063,
  1631.950,   -72.529414,     1.302174,     0.002124,
  1632.000,   -75.652970,     1.393799,     0.003173,
  1632.050,   -68.159251,     1.363982,     0.006732,
  1632.100,   -52.149962,     0.892051,     0.007899,
  1632.150,   -34.078984,    -0.002850,     0.009113,
  1632.200,   -20.361150,    -0.749953,     0.003944,
  1632.250,   -12.830971,    -0.775002,     0.001364,
  1632.300,    -9.564606,    -0.086435,     0.003562,
  1632.350,    -8.679051,     0.719788,     0.001309,
  1632.400,    -9.766622,     0.976297,     0.002949,
  1632.450,   -12.393488,     0.479779,     0.003804,
  1632.500,   -15.002992,    -0.447088,     0.003667,
  1632.550,   -16.174220,    -1.509570,     0.001858,
  1632.600,   -15.289401,    -2.620741,     0.001101,
  1632.650,   -12.166001,    -3.634282,     0.003058,
  1632.700,    -7.142937,    -4.182021,    -0.003304,
  1632.750,    -1.485066,    -3.906807,    -0.004670,
  1632.800,     3.050448,    -2.793900,    -0.002997,
  1632.850,     5.536060,    -1.227206,    -0.003223,
  1632.900,     6.085491,     0.409447,     0.000234,
  1632.950,     5.085972,     1.757836,     0.003238,
  1633.000,     2.896642,     2.638111,     0.004337,
  1633.050,     0.221510,     3.037544,     0.001575,
  1633.100,    -2.277910,     2.807701,     0.002706,
  1633.150,    -4.221239,     1.846147,     0.008808,
  1633.200,    -5.140350,     0.418482,     0.005523,
  1633.250,    -4.654361,    -0.781082,    -0.000898,
  1633.300,    -3.072291,    -1.114038,    -0.000678,
  1633.350,    -1.301408,    -0.548134,    -0.000392,
  1633.400,     0.268883,     0.372960,     0.002142,
  1633.450,     1.717698,     1.093779,     0.000095,
  1633.500,     2.601823,     1.532629,     0.000201,
  1633.550,     2.567949,     1.931117,     0.000266,
  1633.600,     2.073498,     2.205702,    -0.003455,
  1633.650,     1.695739,     2.028786,    -0.001979,
  1633.700,     1.182285,     1.294591,    -0.000261,
  1633.750,     0.223325,     0.509281,    -0.006695,
  1633.800,    -0.814109,     0.259539,    -0.003865,
  1633.850,    -1.558189,     0.637703,     0.001420,
  1633.900,    -1.999322,     1.288410,     0.000599,
  1633.950,    -2.163726,     1.735328,    -0.001563,
  1634.000,    -2.077532,     2.004661,     0.006385,
  1634.050,    -2.018139,     2.524687,     0.004272,
  1634.100,    -2.062738,     3.538086,    -0.002455,
  1634.150,    -2.001120,     4.817174,    -0.004895,
  1634.200,    -2.048612,     5.771806,     0.004687,
  1634.250,    -2.810529,     5.894634,     0.007410,
  1634.300,    -4.263207,     5.019867,     0.002684,
  1634.350,    -5.637636,     3.374413,     0.004061,
  1634.400,    -6.466061,     1.468931,     0.003901,
  1634.450,    -6.834487,    -0.234864,     0.003630,
  1634.500,    -6.703508,    -1.331142,     0.006339,
  1634.550,    -5.769782,    -1.620024,     0.006184,
  1634.600,    -3.800448,    -1.193751,     0.002939,
  1634.650,    -0.818101,    -0.221375,     0.005925,
  1634.700,     2.679834,     0.944310,     0.003530,
  1634.750,     5.861259,     1.802740,    -0.000071,
  1634.800,     7.999207,     2.103127,    -0.000047,
  1634.850,     8.785527,     1.980898,    -0.001742,
  1634.900,     8.165691,     1.834150,     0.000215,
  1634.950,     6.426152,     1.554471,     0.000656,
  1635.000,     4.125154,     0.849765,    -0.002595,
  1635.050,     1.700867,    -0.364628,    -0.001188,
  1635.100,    -0.326573,    -1.647068,     0.002965,
  1635.150,    -1.521835,    -2.463542,    -0.002696,
  1635.200,    -1.708796,    -2.393592,    -0.006994,
  1635.250,    -1.098504,    -1.539666,    -0.004793,
  1635.300,    -0.098554,    -0.367061,    -0.006505,
  1635.350,     0.681641,     0.786164,    -0.008119,
  1635.400,     0.766258,     1.800347,    -0.004243,
  1635.450,     0.338599,     2.567745,    -0.006286,
  1635.500,    -0.099075,     2.857418,    -0.005301,
  1635.550,    -0.541760,     2.729597,     0.005225,
  1635.600,    -0.950687,     2.507415,    -0.000247,
  1635.650,    -1.188799,     2.725166,    -0.004904,
  1635.700,    -1.100282,     3.536522,    -0.001990,
  1635.750,    -0.814062,     4.719953,    -0.002616,
  1635.800,    -0.431410,     5.978758,    -0.002441,
  1635.850,    -0.150170,     7.139484,    -0.002997,
  1635.900,    -0.004076,     8.018270,     0.005039,
  1635.950,     0.095953,     8.408722,     0.005886,
  1636.000,     0.261153,     8.099335,     0.002367,
  1636.050,     0.376027,     6.992960,     0.004715,
  1636.100,     0.406623,     5.083596,     0.005804,
  1636.150,     0.422036,     2.715300,     0.000317,
  1636.200,     0.315842,     0.553834,     0.005690,
  1636.250,    -0.046824,    -0.974464,     0.007258,
  1636.300,    -0.531479,    -1.866223,    -0.000251,
  1636.350,    -0.752999,    -2.360050,    -0.003448,
  1636.400,    -0.506817,    -2.625182,     0.003696,
  1636.450,     0.059397,    -2.683920,     0.007358,
  1636.500,     0.470665,    -2.569406,     0.002593,
  1636.550,     0.395814,    -2.462354,     0.001941,
  1636.600,    -0.049887,    -2.381856,     0.007497,
  1636.650,    -0.587503,    -2.249739,     0.003751,
  1636.700,    -1.025827,    -1.943175,    -0.000250,
  1636.750,    -1.397405,    -1.563875,     0.005544,
  1636.800,    -1.634436,    -1.173989,     0.004161,
  1636.850,    -1.554290,    -0.740138,     0.000669,
  1636.900,    -1.054519,    -0.124872,    -0.001421,
  1636.950,    -0.236664,     0.609759,     0.001154,
  1637.000,     0.607026,     1.406203,     0.001630,
  1637.050,     1.247891,     2.317221,    -0.001017,
  1637.100,     1.588227,     3.254949,    -0.000503,
  1637.150,     1.623053,     4.003688,     0.000055,
  1637.200,     1.383557,     4.135708,     0.000663,
  1637.250,     0.863024,     3.405202,     0.002218,
  1637.300,     0.050332,     1.985505,     0.000176,
  1637.350,    -0.761363,     0.434592,    -0.002762,
  1637.400,    -1.163645,    -0.822254,    -0.002270,
  1637.450,    -0.910482,    -1.575648,    -0.000264,
  1637.500,    -0.310104,    -1.729813,     0.001739,
  1637.550,     0.256717,    -1.255113,     0.002370,
  1637.600,     0.540422,    -0.338612,     0.004310,
  1637.650,     0.632271,     0.763632,     0.002115,
  1637.700,     0.700794,     1.740224,     0.001986,
  1637.750,     0.700123,     2.460679,     0.001426,
  1637.800,     0.398536,     2.958997,     0.002225,
  1637.850,    -0.096055,     3.299934,     0.003557,
  1637.900,    -0.444857,     3.385711,    -0.000034,
  1637.950,    -0.367240,     3.162409,    -0.002932,
  1638.000,    -0.018184,     2.824086,    -0.003580,
  1638.050,     0.349142,     2.523193,    -0.000059,
  1638.100,     0.526489,     2.167881,     0.005789,
  1638.150,     0.548096,     1.673464,     0.001498,
  1638.200,     0.747750,     1.097867,    -0.001528,
  1638.250,     1.245658,     0.595649,     0.001799,
  1638.300,     1.733130,     0.267708,    -0.001332,
  1638.350,     1.866849,     0.215812,     0.004348,
  1638.400,     1.506972,     0.300757,     0.002624,
  1638.450,     0.686546,     0.210374,     0.003424,
  1638.500,    -0.318315,    -0.234144,     0.003038,
  1638.550,    -1.175595,    -0.859218,     0.006578,
  1638.600,    -1.667105,    -1.345800,     0.001392,
  1638.650,    -1.696202,    -1.384178,     0.002557,
  1638.700,    -1.318137,    -1.020408,     0.005324,
  1638.750,    -0.656668,    -0.342018,     0.009893,
  1638.800,     0.121575,     0.725234,     0.004895,
  1638.850,     0.748552,     2.078701,     0.002122,
  1638.900,     1.015798,     3.398893,    -0.000375,
  1638.950,     0.905847,     4.392974,    -0.000205,
  1639.000,     0.642690,     4.958612,     0.003477,
  1639.050,     0.420537,     5.103479,     0.002522,
  1639.100,     0.147041,     4.824185,     0.000708,
  1639.150,    -0.369347,     3.945542,    -0.000047,
  1639.200,    -1.039791,     2.410317,    -0.003098,
  1639.250,    -1.578326,     0.343592,    -0.004531,
  1639.300,    -1.724339,    -1.854028,     0.000292,
  1639.350,    -1.351262,    -3.661547,     0.001433,
  1639.400,    -0.687069,    -4.850082,     0.001873,
  1639.450,    -0.084243,    -5.255514,    -0.001626,
  1639.500,     0.401727,    -4.758078,    -0.001198,
  1639.550,     0.780932,    -3.317165,     0.001511,
  1639.600,     1.051364,    -1.240698,     0.003543,
  1639.650,     1.213674,     1.045305,     0.001595,
  1639.700,     1.267392,     2.943423,     0.003375,
  1639.750,     1.364229,     4.244858,     0.003682,
  1639.800,     1.725548,     5.100088,    -0.003770,
  1639.850,     2.180134,     5.546860,    -0.000097,
  1639.900,     2.501596,     5.334418,    -0.002747,
  1639.950,     2.558670,     4.304736,    -0.000199,
  1640.000,     2.398118,     2.511987,     0.002074,
  1640.050,     2.057403,     0.352506,     0.000180,
  1640.100,     1.548018,    -1.575325,     0.003117,
  1640.150,     0.825719,    -2.746470,     0.003960,
  1640.200,    -0.108336,    -3.031769,    -0.004457,
  1640.250,    -1.146979,    -2.697153,    -0.002430,
  1640.300,    -2.009982,    -2.044046,     0.005925,
  1640.350,    -2.410328,    -1.309203,     0.004478,
  1640.400,    -2.355512,    -0.531349,     0.010073,
  1640.450,    -2.004680,     0.062713,     0.001280,
  1640.500,    -1.616927,     0.293488,    -0.001136,
  1640.550,    -1.238785,     0.269254,     0.003325,
  1640.600,    -0.861462,     0.404838,     0.003610,
  1640.650,    -0.559081,     1.032106,     0.003232,
  1640.700,    -0.402388,     2.062719,     0.001634,
  1640.750,    -0.323360,     3.106748,     0.001140,
  1640.800,    -0.231410,     3.840306,     0.000648,
  1640.850,    -0.090812,     4.170689,    -0.000430,
  1640.900,     0.061918,     4.128747,    -0.003391,
  1640.950,     0.166201,     3.825790,    -0.004019,
  1641.000,     0.327698,     3.105605,     0.001258,
  1641.050,     0.567638,     1.919317,    -0.000567,
  1641.100,     0.830874,     0.499471,    -0.005379,
  1641.150,     1.087532,    -0.655401,    -0.006249,
  1641.200,     1.362950,    -1.180790,    -0.002383,
  1641.250,     1.609052,    -0.932680,    -0.003414,
  1641.300,     1.656451,     0.065962,    -0.003703,
  1641.350,     1.315716,     1.640657,    -0.001758,
  1641.400,     0.580361,     3.587384,    -0.001596,
  1641.450,    -0.302099,     5.627009,     0.000047,
  1641.500,    -0.971261,     7.283995,    -0.003467,
  1641.550,    -1.301435,     7.929273,     0.001581,
  1641.600,    -1.251289,     7.229707,     0.000945,
  1641.650,    -0.869197,     5.437746,     0.002249,
  1641.700,    -0.257051,     3.255428,    -0.001509,
  1641.750,     0.434644,     1.287893,     0.002124,
  1641.800,     1.080590,    -0.430065,     0.005002,
  1641.850,     1.477246,    -1.912394,     0.000677,
  1641.900,     1.664193,    -2.921142,     0.002999,
  1641.950,     1.719718,    -3.164518,     0.002142,
  1642.000,     1.734113,    -2.711609,     0.002214,
  1642.050,     1.632496,    -2.023525,     0.002561,
  1642.100,     1.455117,    -1.612473,     0.003611,
  1642.150,     1.334192,    -1.626222,     0.006604,
  1642.200,     1.313004,    -1.895577,    -0.002160,
  1642.250,     1.301586,    -2.231396,     0.000786,
  1642.300,     1.213203,    -2.317654,     0.004325,
  1642.350,     1.038926,    -1.902629,    -0.000677,
  1642.400,     0.787071,    -0.786280,    -0.000355,
  1642.450,     0.483878,     1.129492,    -0.000507,
  1642.500,    -0.103664,     3.499094,     0.000239,
  1642.550,    -1.264366,     5.749574,    -0.002733,
  1642.600,    -3.291165,     7.199591,     0.002504,
  1642.650,    -6.398240,     7.364164,    -0.002423,
  1642.700,   -10.475608,     6.108811,    -0.000465,
  1642.750,   -14.964364,     3.760737,     0.001014,
  1642.800,   -19.068580,     1.035424,    -0.002496,
  1642.850,   -21.750331,    -1.500944,    -0.000431,
  1642.900,   -21.564970,    -3.580921,     0.003983,
  1642.950,   -17.044684,    -5.075783,    -0.002996,
  1643.000,    -7.516986,    -5.654107,    -0.002283,
  1643.050,     6.275959,    -4.892246,    -0.001943,
  1643.100,    21.831096,    -2.572867,     0.001893,
  1643.150,    35.627625,     0.931624,     0.000755,
  1643.200,    44.022821,     4.734468,     0.002439,
  1643.250,    44.592639,     7.863014,     0.005979,
  1643.300,    37.291651,     9.581584,     0.003111,
  1643.350,    24.264890,     9.571676,    -0.002817,
  1643.400,     8.709546,     7.899424,     0.000397,
  1643.450,    -6.276705,     4.949290,     0.006250,
  1643.500,   -18.572500,     1.389123,     0.004658,
  1643.550,   -26.688194,    -1.934049,    -0.000340,
  1643.600,   -29.655467,    -4.311451,    -0.001386,
  1643.650,   -27.429578,    -5.354010,    -0.000557,
  1643.700,   -21.345553,    -5.268690,     0.005699,
  1643.750,   -13.840479,    -4.557273,     0.005817,
  1643.800,    -6.965108,    -3.695180,     0.003098,
  1643.850,    -1.365173,    -2.738433,     0.002083,
  1643.900,     3.397931,    -1.598857,    -0.003770,
  1643.950,     7.313113,    -0.426964,     0.002675,
  1644.000,     9.519782,     0.606600,     0.004717,
  1644.050,     9.164778,     1.409146,    -0.003541,
  1644.100,     6.777452,     2.057791,     0.000464,
  1644.150,     3.679152,     2.602047,     0.005301,
  1644.200,     0.927902,     3.052287,     0.000963,
  1644.250,    -1.107493,     3.248419,     0.003782,
  1644.300,    -2.268205,     3.271796,     0.006723,
  1644.350,    -2.519279,     3.133470,    -0.000818,
  1644.400,    -1.992590,     2.880073,     0.006667,
  1644.450,    -1.026825,     2.369453,     0.002830,
  1644.500,     0.100244,     1.468208,     0.004754,
  1644.550,     1.257831,     0.140516,     0.008408,
  1644.600,     2.000041,    -1.456805,    -0.001003,
  1644.650,     2.064668,    -3.080571,     0.003109,
  1644.700,     1.552673,    -4.479910,     0.005344,
  1644.750,     0.994703,    -5.262017,     0.008272,
  1644.800,     0.689026,    -5.094079,     0.012307,
  1644.850,     0.545579,    -3.856473,     0.003336,
  1644.900,     0.475376,    -1.698483,     0.006211,
  1644.950,     0.365370,     0.847717,     0.004376,
  1645.000,     0.266314,     3.351845,    -0.001441,
  1645.050,     0.233019,     5.478878,     0.000314,
  1645.100,     0.308323,     6.879348,    -0.000516,
  1645.150,     0.277105,     7.193092,    -0.001529,
  1645.200,    -0.045275,     6.209300,    -0.000696,
  1645.250,    -0.541943,     4.192611,    -0.001919,
  1645.300,    -0.781043,     1.729110,    -0.002780,
  1645.350,    -0.685689,    -0.502945,    -0.008281,
  1645.400,    -0.409036,    -2.066343,    -0.007044,
  1645.450,     0.122903,    -2.800311,    -0.001813,
  1645.500,     0.930348,    -2.672023,    -0.002394,
  1645.550,     1.754988,    -1.756019,    -0.004501,
  1645.600,     2.356749,    -0.414681,    -0.004276,
  1645.650,     2.569315,     0.885057,     0.000429,
  1645.700,     2.224449,     1.681047,     0.000155,
  1645.750,     1.305065,     1.914041,     0.000633,
  1645.800,     0.094722,     1.801556,     0.001673,
  1645.850,    -0.885434,     1.604196,     0.000372,
  1645.900,    -1.499589,     1.597945,     0.003840,
  1645.950,    -1.917357,     1.796716,     0.004772,
  1646.000,    -2.140943,     2.086455,    -0.000032,
  1646.050,    -2.083060,     2.404416,     0.002015,
  1646.100,    -1.730462,     2.883028,     0.009156,
  1646.150,    -1.290384,     3.470125,     0.006406,
  1646.200,    -0.916528,     3.800494,     0.006814,
  1646.250,    -0.647203,     3.519708,     0.007849,
  1646.300,    -0.565875,     2.324408,     0.007238,
  1646.350,    -0.594171,     0.377733,     0.010556,
  1646.400,    -0.491678,    -1.639211,    -0.001315,
  1646.450,    -0.129625,    -3.273408,    -0.000337,
  1646.500,     0.590065,    -4.368732,     0.001040,
  1646.550,     1.581963,    -4.902630,     0.001040,
  1646.600,     2.685318,    -4.539004,     0.000840,
  1646.650,     3.538042,    -2.895854,    -0.001847,
  1646.700,     3.775003,    -0.051166,     0.000637,
  1646.750,     3.314749,     3.371334,    -0.001941,
  1646.800,     2.131170,     6.374152,    -0.003727,
  1646.850,     0.453469,     8.159886,    -0.005070,
  1646.900,    -1.249228,     8.407146,    -0.005281,
  1646.950,    -2.539795,     7.260378,    -0.005411,
  1647.000,    -3.205878,     5.100806,    -0.001426,
  1647.050,    -3.302435,     2.369490,     0.002614,
  1647.100,    -3.008492,    -0.467867,     0.001408,
  1647.150,    -2.278895,    -2.881076,    -0.003801,
  1647.200,    -1.081918,    -4.160517,    -0.002519,
  1647.250,     0.549578,    -4.009448,     0.000651,
  1647.300,     2.290245,    -2.728079,     0.001858,
  1647.350,     3.637624,    -0.931201,     0.000760,
  1647.400,     4.307074,     0.907262,     0.001620,
  1647.450,     4.057722,     2.466837,    -0.000275,
  1647.500,     2.978713,     3.419829,    -0.000071,
  1647.550,     1.402996,     3.613173,     0.006923,
  1647.600,    -0.378189,     2.940241,     0.006755,
  1647.650,    -1.995538,     1.733533,     0.000719,
  1647.700,    -3.096052,     0.600073,     0.001634,
  1647.750,    -3.405242,     0.106117,     0.004267,
  1647.800,    -2.982058,     0.398465,     0.005521,
  1647.850,    -2.128906,     1.138148,     0.004974,
  1647.900,    -1.264000,     1.833618,     0.001867,
  1647.950,    -0.575657,     2.254569,     0.001258,
  1648.000,    -0.001558,     2.366573,     0.005108,
  1648.050,     0.506947,     2.160168,    -0.001304,
  1648.100,     0.913488,     1.678289,    -0.005296,
  1648.150,     1.092451,     1.088022,    -0.006317,
  1648.200,     1.169060,     0.468325,     0.001078,
  1648.250,     1.288200,    -0.085080,    -0.002034,
  1648.300,     1.422855,    -0.424321,    -0.006898,
  1648.350,     1.401265,    -0.445310,    -0.003487,
  1648.400,     1.197397,    -0.052121,    -0.001533,
  1648.450,     0.863327,     0.676347,    -0.009514,
  1648.500,     0.542607,     1.592305,    -0.005918,
  1648.550,     0.263743,     2.568017,    -0.002073,
  1648.600,    -0.049092,     3.345554,    -0.000509,
  1648.650,    -0.530603,     3.660376,    -0.002213,
  1648.700,    -1.055417,     3.156357,     0.002466,
  1648.750,    -1.544267,     1.812877,     0.001468,
  1648.800,    -1.916454,     0.100915,     0.000076,
  1648.850,    -2.056702,    -1.311793,     0.003475,
  1648.900,    -1.875038,    -1.930688,     0.002703,
  1648.950,    -1.309973,    -1.794235,     0.002450,
  1649.000,    -0.313244,    -1.199253,     0.003469,
  1649.050,     0.835117,    -0.342031,    -0.001013,
  1649.100,     1.892820,     0.771827,    -0.000891,
  1649.150,     2.624446,     1.928787,     0.003112,
  1649.200,     2.959834,     2.813558,     0.005216,
  1649.250,     2.954597,     3.133130,     0.004823,
  1649.300,     2.463878,     2.861016,     0.008005,
  1649.350,     1.483173,     2.236333,     0.008820,
  1649.400,     0.201094,     1.521251,     0.005731,
  1649.450,    -1.039939,     0.906289,     0.002107,
  1649.500,    -1.842322,     0.542241,     0.001400,
  1649.550,    -2.086368,     0.529363,     0.003203,
  1649.600,    -1.859551,     0.919639,    -0.000148,
  1649.650,    -1.280612,     1.593277,     0.003303,
  1649.700,    -0.507439,     2.286626,    -0.000354,
  1649.750,     0.286918,     2.769640,    -0.006902,
  1649.800,     0.910056,     2.829136,     0.001208,
  1649.850,     1.142924,     2.390700,    -0.002772,
  1649.900,     1.044254,     1.623867,    -0.000134,
  1649.950,     0.750453,     0.734181,     0.001860,
  1650.000,     0.475531,     0.053056,     0.001771,
  1650.050,     0.493458,    -0.300182,     0.000787,
  1650.100,     0.617196,    -0.330311,    -0.005523,
  1650.150,     0.756346,     0.160527,     0.003565,
  1650.200,     0.860220,     1.115636,    -0.000179,
  1650.250,     0.929227,     2.248310,    -0.000756,
  1650.300,     0.916741,     3.317872,     0.001908,
  1650.350,     0.774796,     4.218050,     0.002194,
  1650.400,     0.342088,     4.802698,     0.003788,
  1650.450,    -0.430929,     4.799560,     0.007671,
  1650.500,    -1.332491,     3.937437,     0.000046,
  1650.550,    -1.915486,     2.234988,     0.001701,
  1650.600,    -2.106190,     0.093360,     0.003308,
  1650.650,    -2.022249,    -1.962899,     0.002936,
  1650.700,    -1.693327,    -3.475688,     0.001843,
  1650.750,    -1.042213,    -4.036231,    -0.000334,
  1650.800,     0.093764,    -3.473809,     0.000531,
  1650.850,     1.585976,    -1.886582,     0.005786,
  1650.900,     3.000921,     0.126319,     0.002393,
  1650.950,     3.805681,     1.818449,    -0.001456,
  1651.000,     3.689110,     2.693813,    -0.003642,
  1651.050,     2.765054,     2.733047,     0.003277,
  1651.100,     1.425255,     2.152289,    -0.000123,
  1651.150,    -0.008402,     1.258361,     0.005056,
  1651.200,    -1.245842,     0.158188,    -0.001719,
  1651.250,    -2.229698,    -0.942973,    -0.003230,
  1651.300,    -2.711864,    -1.804075,     0.003478,
  1651.350,    -2.514323,    -2.231281,    -0.001197,
  1651.400,    -1.635237,    -2.134919,    -0.002333,
  1651.450,    -0.450667,    -1.592647,    -0.002349,
  1651.500,     0.635358,    -0.586536,     0.001470,
  1651.550,     1.431909,     0.569924,     0.003216,
  1651.600,     1.859609,     1.485851,     0.001329,
  1651.650,     1.952105,     1.863712,     0.004047,
  1651.700,     1.599458,     1.731539,     0.001031,
  1651.750,     0.890374,     1.275343,    -0.003054,
  1651.800,     0.025432,     0.735871,     0.001008,
  1651.850,    -0.552216,     0.323951,    -0.002136,
  1651.900,    -0.598605,     0.344839,     0.001022,
  1651.950,    -0.234750,     0.881324,    -0.004438,
  1652.000,     0.185351,     1.640736,    -0.004870,
  1652.050,     0.425336,     2.277143,    -0.002484,
  1652.100,     0.459801,     2.580827,    -0.005769,
  1652.150,     0.348420,     2.568938,    -0.000032,
  1652.200,     0.193408,     2.170394,    -0.000511,
  1652.250,     0.025451,     1.352140,    -0.000514,
  1652.300,    -0.132558,     0.204674,     0.003686,
  1652.350,    -0.280724,    -0.882404,     0.000491,
  1652.400,    -0.390942,    -1.414204,    -0.001789,
  1652.450,    -0.382369,    -1.075575,     0.004252,
  1652.500,    -0.197401,     0.051595,     0.006991,
  1652.550,     0.134502,     1.459865,     0.001572,
  1652.600,     0.538498,     2.605237,    -0.000301,
  1652.650,     0.952429,     3.283422,     0.002633,
  1652.700,     1.306659,     3.466495,     0.006964,
  1652.750,     1.485783,     3.142623,     0.002927,
  1652.800,     1.277957,     2.283277,     0.002520,
  1652.850,     0.687920,     0.979266,     0.004836,
  1652.900,    -0.158581,    -0.404800,     0.010794,
  1652.950,    -1.014907,    -1.550247,     0.002995,
  1653.000,    -1.360863,    -2.182721,     0.002309,
  1653.050,    -1.198814,    -2.153554,     0.005205,
  1653.100,    -0.708730,    -1.634214,     0.008383,
  1653.150,    -0.205686,    -0.797085,    -0.000307,
  1653.200,     0.262904,     0.248118,    -0.000073,
  1653.250,     0.686986,     1.459119,     0.000412,
  1653.300,     1.037546,     2.663853,     0.003080,
  1653.350,     1.191092,     3.522087,     0.000886,
  1653.400,     1.030179,     3.822955,    -0.004834,
  1653.450,     0.709560,     3.637938,    -0.008153,
  1653.500,     0.345777,     3.161850,    -0.009820,
  1653.550,     0.048456,     2.520111,    -0.003127,
  1653.600,    -0.094185,     1.814874,    -0.008483,
  1653.650,    -0.106708,     1.234400,    -0.001798,
  1653.700,     0.026963,     0.964248,    -0.001107,
  1653.750,     0.302375,     1.153447,    -0.002898,
  1653.800,     0.639635,     1.694563,    -0.003388,
  1653.850,     0.897055,     2.303654,    -0.001241,
  1653.900,     0.932708,     2.495366,    -0.000626,
  1653.950,     0.727625,     2.154924,     0.005761,
  1654.000,     0.334338,     1.370564,     0.007784,
  1654.050,    -0.116912,     0.382061,     0.007098,
  1654.100,    -0.454153,    -0.531363,     0.008993,
  1654.150,    -0.614389,    -1.062805,    -0.000371,
  1654.200,    -0.616020,    -1.035515,     0.005164,
  1654.250,    -0.404428,    -0.385731,     0.006681,
  1654.300,     0.001097,     0.691815,     0.006858,
  1654.350,     0.503646,     1.933382,     0.008352,
  1654.400,     0.892131,     3.167818,     0.004908,
  1654.450,     0.980736,     4.040509,     0.007213,
  1654.500,     0.820343,     4.375167,     0.003816,
  1654.550,     0.409558,     4.107046,     0.003606,
  1654.600,    -0.241275,     3.441271,     0.006613,
  1654.650,    -1.117762,     2.591825,    -0.000296,
  1654.700,    -1.918338,     1.536290,     0.000850,
  1654.750,    -2.280128,     0.339489,     0.000719,
  1654.800,    -1.785283,    -0.839023,    -0.002624,
  1654.850,    -0.360197,    -1.675263,    -0.006588,
  1654.900,     1.719538,    -1.996982,     0.000059,
  1654.950,     3.963716,    -1.820432,    -0.004612,
  1655.000,     5.558303,    -1.270407,    -0.003314,
  1655.050,     5.766394,    -0.493290,    -0.006969,
  1655.100,     4.312681,     0.607018,    -0.004089,
  1655.150,     1.586718,     1.841395,     0.002431,
  1655.200,    -1.489836,     2.976855,     0.004409,
  1655.250,    -4.043637,     3.762788,    -0.000784,
  1655.300,    -5.542256,     4.141734,     0.001661,
  1655.350,    -5.956482,     4.145293,    -0.001362,
  1655.400,    -5.390831,     3.864822,    -0.000784,
  1655.450,    -3.965522,     3.244388,    -0.002113,
  1655.500,    -1.922378,     2.195073,     0.001332,
  1655.550,     0.224208,     0.900733,     0.009909,
  1655.600,     2.021258,    -0.429988,     0.006306,
  1655.650,     3.129060,    -1.408666,     0.007446,
  1655.700,     3.566502,    -1.807847,     0.007174,
  1655.750,     3.485274,    -1.769096,     0.006831,
  1655.800,     2.986775,    -1.473016,     0.000917,
  1655.850,     2.106127,    -1.085380,     0.004592,
  1655.900,     0.895610,    -0.577102,     0.001475,
  1655.950,    -0.345521,     0.080463,     0.000998,
  1656.000,    -1.098220,     0.942668,    -0.006400,
  1656.050,    -1.190093,     1.876642,     0.000356,
  1656.100,    -0.771321,     2.847501,    -0.004849,
  1656.150,    -0.174512,     3.721898,     0.000818,
  1656.200,     0.344958,     4.248206,    -0.003084,
  1656.250,     0.678977,     4.202214,    -0.004288,
  1656.300,     0.788942,     3.353246,    -0.006499,
  1656.350,     0.642673,     1.916903,    -0.005602,
  1656.400,     0.240194,     0.319465,    -0.003470,
  1656.450,    -0.318508,    -1.015867,    -0.001241,
  1656.500,    -0.865093,    -1.926385,     0.000412,
  1656.550,    -0.993476,    -2.433142,     0.005016,
  1656.600,    -0.594537,    -2.618615,     0.005895,
  1656.650,     0.196915,    -2.587156,     0.005056,
  1656.700,     0.930593,    -2.401076,     0.006175,
  1656.750,     1.319754,    -2.161640,     0.003178,
  1656.800,     1.367412,    -1.677688,     0.002768,
  1656.850,     1.137038,    -0.860168,     0.004857,
  1656.900,     0.702268,     0.249309,     0.008847,
  1656.950,     0.108241,     1.487038,     0.003194,
  1657.000,    -0.557255,     2.530050,     0.000380,
  1657.050,    -1.175611,     3.091155,     0.002772,
  1657.100,    -1.546707,     3.094993,     0.000437,
  1657.150,    -1.467520,     2.552871,    -0.004105,
  1657.200,    -0.999868,     1.766720,    -0.007423,
  1657.250,    -0.354209,     0.884781,     0.001572,
  1657.300,     0.271806,     0.133546,     0.004687,
  1657.350,     0.905669,    -0.366438,     0.001312,
  1657.400,     1.472305,    -0.600281,    -0.003709,
  1657.450,     1.851487,    -0.555912,     0.003831,
  1657.500,     1.833367,    -0.281646,    -0.003382,
  1657.550,     1.472271,     0.095342,    -0.004726,
  1657.600,     0.868697,     0.421960,    -0.002710,
  1657.650,     0.224085,     0.527875,     0.001210,
  1657.700,    -0.227726,     0.364514,     0.000836,
  1657.750,    -0.531092,     0.217246,    -0.003854,
  1657.800,    -0.609118,     0.330583,     0.006230,
  1657.850,    -0.481713,     0.759865,     0.002025,
  1657.900,    -0.098290,     1.271932,     0.005274,
  1657.950,     0.422486,     1.754661,     0.014635,
  1658.000,     0.795954,     2.053071,     0.005181,
  1658.050,     0.783169,     2.051475,     0.004650,
  1658.100,     0.439261,     1.749968,     0.005705,
  1658.150,    -0.085278,     1.257728,     0.004175,
  1658.200,    -0.584972,     0.738166,     0.009587,
  1658.250,    -0.849659,     0.284834,     0.002780,
  1658.300,    -0.795380,    -0.112484,    -0.002824,
  1658.350,    -0.404530,    -0.434638,    -0.002941,
  1658.400,     0.241784,    -0.599247,    -0.001393,
  1658.450,     0.962954,    -0.513607,    -0.002876,
  1658.500,     1.550127,    -0.238587,    -0.003379,
  1658.550,     1.870663,     0.133237,    -0.004092,
  1658.600,     1.770058,     0.732043,    -0.001316,
  1658.650,     1.294192,     1.685146,     0.001071,
  1658.700,     0.589001,     3.120261,     0.000424,
  1658.750,    -0.064408,     4.878546,     0.003876,
  1658.800,    -0.588783,     6.469332,    -0.004420,
  1658.850,    -0.941200,     7.482532,     0.002855,
  1658.900,    -1.196222,     7.620730,    -0.000406,
  1658.950,    -1.325614,     6.938656,    -0.003932,
  1659.000,    -1.244532,     5.741972,     0.003362,
  1659.050,    -0.810761,     4.359323,     0.003740,
  1659.100,    -0.226512,     2.981788,    -0.000766,
  1659.150,     0.370433,     1.775527,     0.003375,
  1659.200,     0.877280,     0.980509,     0.001349,
  1659.250,     1.289078,     0.699717,     0.003806,
  1659.300,     1.539240,     0.885243,     0.007499,
  1659.350,     1.515914,     1.351445,     0.003522,
  1659.400,     1.285895,     1.931611,     0.008039,
  1659.450,     0.923775,     2.507167,    -0.000774,
  1659.500,     0.535834,     3.134061,     0.002127,
  1659.550,     0.255596,     3.689834,    -0.000918,
  1659.600,    -0.003671,     3.875714,    -0.001098,
  1659.650,    -0.314700,     3.622396,    -0.002554,
  1659.700,    -0.672777,     3.076737,    -0.000537,
  1659.750,    -0.983507,     2.395314,    -0.005112,
  1659.800,    -1.065618,     1.571273,    -0.007144,
  1659.850,    -0.898570,     0.503013,    -0.002934,
  1659.900,    -0.583791,    -0.738879,    -0.004873,
  1659.950,    -0.267217,    -1.913048,    -0.005073,
  1660.000,    -0.003298,    -2.798245,    -0.007277,
  1660.050,     0.256538,    -3.224781,     0.001280,
  1660.100,     0.569351,    -3.221053,     0.000029,
  1660.150,     0.908709,    -2.804620,     0.000048,
  1660.200,     1.238097,    -2.148245,    -0.005299,
  1660.250,     1.435276,    -1.410656,     0.001066,
  1660.300,     1.549030,    -0.797256,     0.000576,
  1660.350,     1.453219,    -0.388298,     0.004085,
  1660.400,     1.060487,    -0.171309,     0.002437,
  1660.450,     0.322676,    -0.143347,     0.003562,
  1660.500,    -0.539853,    -0.234229,     0.001037,
  1660.550,    -1.242815,    -0.228577,     0.003714,
  1660.600,    -1.613059,     0.068801,     0.002399,
  1660.650,    -1.654270,     0.701912,     0.003069,
  1660.700,    -1.443379,     1.453997,     0.007364,
  1660.750,    -1.135391,     1.984452,     0.003308,
  1660.800,    -0.736465,     2.009002,     0.001615,
  1660.850,    -0.301046,     1.682645,    -0.003376,
  1660.900,     0.031141,     1.189318,     0.000056,
  1660.950,     0.404538,     0.793602,    -0.002560,
  1661.000,     0.816001,     0.557561,    -0.002924,
  1661.050,     1.233739,     0.544060,     0.000643,
  1661.100,     1.544713,     0.916237,     0.003013,
  1661.150,     1.580199,     1.670847,     0.000333,
  1661.200,     1.295761,     2.608497,    -0.001393,
  1661.250,     0.749420,     3.331257,    -0.000149,
  1661.300,     0.128942,     3.644647,    -0.003059,
  1661.350,    -0.357013,     3.527449,    -0.001786,
  1661.400,    -0.614527,     3.179844,     0.001505,
  1661.450,    -0.701727,     2.787319,     0.000558,
  1661.500,    -0.586801,     2.367567,    -0.004136,
  1661.550,    -0.354103,     1.812792,     0.001628,
  1661.600,    -0.055056,     1.181724,     0.000647,
  1661.650,     0.201213,     0.711117,     0.000273,
  1661.700,     0.380417,     0.530947,     0.002068,
  1661.750,     0.407322,     0.488361,     0.004705,
  1661.800,     0.246269,     0.321276,     0.004179,
  1661.850,     0.046983,    -0.099044,     0.003528,
  1661.900,    -0.017649,    -0.638216,     0.002133,
  1661.950,     0.149895,    -1.168492,     0.002070,
  1662.000,     0.432349,    -1.642323,     0.003731,
  1662.050,     0.664161,    -2.128541,     0.004250,
  1662.100,     0.805498,    -2.609287,    -0.000406,
  1662.150,     0.807061,    -2.854005,     0.004388,
  1662.200,     0.587382,    -2.758244,    -0.001533,
  1662.250,     0.239282,    -2.142191,    -0.003648,
  1662.300,    -0.176129,    -1.104436,    -0.002008,
  1662.350,    -0.477101,     0.149055,     0.000244,
  1662.400,    -0.616166,     1.298726,    -0.004059,
  1662.450,    -0.623336,     2.152069,    -0.000624,
  1662.500,    -0.545473,     2.652522,    -0.004115,
  1662.550,    -0.364472,     2.712479,    -0.007450,
  1662.600,    -0.095575,     2.335582,    -0.006806,
  1662.650,     0.293651,     1.505367,    -0.000712,
  1662.700,     0.722099,     0.331977,    -0.001780,
  1662.750,     1.113554,    -0.850503,    -0.001459,
  1662.800,     1.494273,    -1.663087,    -0.003741,
  1662.850,     1.906828,    -1.851653,    -0.005623,
  1662.900,     2.273346,    -1.462013,    -0.002170,
  1662.950,     2.401024,    -0.657694,     0.001170,
  1663.000,     2.207233,     0.470056,     0.001002,
  1663.050,     1.662652,     1.611680,     0.001205,
  1663.100,     0.910387,     2.417804,     0.003872,
  1663.150,     0.191995,     2.618604,     0.006234,
  1663.200,    -0.293207,     2.236875,    -0.000848,
  1663.250,    -0.568182,     1.566728,     0.005300,
  1663.300,    -0.653915,     0.909070,     0.007367,
  1663.350,    -0.571570,     0.335290,     0.009065,
  1663.400,    -0.342887,    -0.128584,     0.005395,
  1663.450,     0.000010,    -0.489109,     0.008285,
  1663.500,     0.298060,    -0.683536,     0.003733,
  1663.550,     0.511073,    -0.652590,     0.003660,
  1663.600,     0.641763,    -0.385626,     0.005563,
  1663.650,     0.761710,    -0.017839,    -0.003348,
  1663.700,     0.869836,     0.444444,     0.003264,
  1663.750,     0.885313,     0.892524,    -0.003130,
  1663.800,     0.715014,     1.193859,     0.001581,
  1663.850,     0.453717,     1.264822,     0.001373,
  1663.900,     0.117567,     1.118718,    -0.002798,
  1663.950,    -0.280618,     0.847465,    -0.000540,
  1664.000,    -0.764990,     0.643507,     0.000890,
  1664.050,    -1.236712,     0.751317,    -0.000696,
  1664.100,    -1.567539,     1.032894,     0.000654,
  1664.150,    -1.621522,     1.532328,    -0.002303,
  1664.200,    -1.432672,     2.102100,     0.005625,
  1664.250,    -1.075249,     2.741598,     0.001824,
  1664.300,    -0.572241,     3.404021,     0.006790,
  1664.350,    -0.056419,     3.894127,     0.010230,
  1664.400,     0.338465,     4.234944,     0.007319,
  1664.450,     0.611575,     4.445565,     0.005532,
  1664.500,     0.693215,     4.695064,     0.003004,
  1664.550,     0.654617,     4.922722,     0.003204,
  1664.600,     0.492507,     5.032285,     0.001670,
  1664.650,     0.278021,     5.117767,     0.001275,
  1664.700,     0.114695,     5.328032,     0.001171,
  1664.750,     0.144711,     5.959065,    -0.003451,
  1664.800,     0.400368,     6.803674,     0.000295,
  1664.850,     0.729200,     7.490072,    -0.000407,
  1664.900,     0.903628,     7.701104,    -0.001985,
  1664.950,     0.827020,     7.466733,    -0.003040,
  1665.000,     0.565870,     7.052562,    -0.001281,
  1665.050,     0.300100,     6.525639,    -0.004390,
  1665.100,     0.120823,     5.904659,    -0.002408,
  1665.150,     0.065572,     5.249139,    -0.001440,
  1665.200,     0.120570,     4.756499,    -0.002501,
  1665.250,     0.341340,     4.576828,    -0.001602,
  1665.300,     0.691495,     4.564673,    -0.003023,
  1665.350,     1.040174,     4.464241,    -0.001584,
  1665.400,     1.214489,     4.136214,     0.001106,
  1665.450,     1.111450,     3.484737,     0.001175,
  1665.500,     0.860592,     2.536612,     0.008095,
  1665.550,     0.608673,     1.379757,     0.002048,
  1665.600,     0.423584,     0.066283,     0.003254,
  1665.650,     0.246840,    -1.190168,     0.006755,
  1665.700,     0.015389,    -2.290469,     0.000901,
  1665.750,    -0.250483,    -3.057807,     0.004730,
  1665.800,    -0.391096,    -3.343942,     0.004960,
  1665.850,    -0.359674,    -3.233995,     0.004833,
  1665.900,    -0.300114,    -2.801798,    -0.000168,
  1665.950,    -0.335526,    -2.240085,     0.003802,
  1666.000,    -0.474877,    -1.840208,    -0.000895,
  1666.050,    -0.604614,    -1.816641,    -0.003019,
  1666.100,    -0.668316,    -2.159055,    -0.000699,
  1666.150,    -0.686943,    -2.810039,     0.001378,
  1666.200,    -0.703282,    -3.625061,    -0.002733,
  1666.250,    -0.753427,    -4.496968,    -0.005042,
  1666.300,    -0.742486,    -5.200080,    -0.005293,
  1666.350,    -0.553532,    -5.598534,    -0.005225,
  1666.400,    -0.163025,    -5.491304,    -0.000401,
  1666.450,     0.324241,    -4.919563,    -0.000879,
  1666.500,     0.763392,    -4.049773,    -0.005491,
  1666.550,     1.075444,    -3.068452,    -0.001383,
  1666.600,     1.230875,    -2.156278,    -0.002972,
  1666.650,     1.320825,    -1.446474,     0.002639,
  1666.700,     1.316841,    -1.194588,     0.003612,
  1666.750,     1.174609,    -1.559614,     0.004007,
  1666.800,     0.802236,    -2.610727,     0.001926,
  1666.850,     0.181431,    -4.017934,     0.004327,
  1666.900,    -0.522441,    -5.278189,     0.007500,
  1666.950,    -1.122325,    -5.879807,     0.007011,
  1667.000,    -1.406657,    -5.673035,     0.004360,
  1667.050,    -1.335428,    -4.734952,     0.001904,
  1667.100,    -0.838989,    -3.323569,    -0.000435,
  1667.150,    -0.125374,    -1.801270,     0.003648,
  1667.200,     0.644657,    -0.609589,     0.004863,
  1667.250,     1.164352,     0.036913,     0.002475,
  1667.300,     1.304153,     0.033841,     0.002572,
  1667.350,     1.141525,    -0.348014,     0.000026,
  1667.400,     0.869878,    -0.789643,    -0.001306,
  1667.450,     0.573810,    -0.890134,     0.001557,
  1667.500,     0.227794,    -0.600818,     0.000007,
  1667.550,    -0.100491,    -0.031359,    -0.000214,
  1667.600,    -0.352286,     0.591116,    -0.001479,
  1667.650,    -0.491392,     1.222721,    -0.007598,
  1667.700,    -0.536944,     1.755580,    -0.004498,
  1667.750,    -0.452800,     2.199291,     0.001761,
  1667.800,    -0.288560,     2.543486,    -0.004678,
  1667.850,    -0.045577,     2.887557,    -0.004692,
  1667.900,     0.291361,     3.308350,     0.002206,
  1667.950,     0.542448,     3.920214,     0.002209,
  1668.000,     0.609127,     4.728247,     0.004928,
  1668.050,     0.505283,     5.719417,     0.004398,
  1668.100,     0.311371,     6.709065,     0.006213,
  1668.150,     0.188938,     7.467423,     0.005458,
  1668.200,     0.198613,     7.970446,     0.006639,
  1668.250,     0.300616,     8.313012,     0.003808,
  1668.300,     0.442663,     8.562235,    -0.002233,
  1668.350,     0.630972,     8.631434,    -0.004003,
  1668.400,     0.895664,     8.193162,     0.006113,
  1668.450,     1.209465,     7.142518,     0.002187,
  1668.500,     1.424051,     5.719724,    -0.003440,
  1668.550,     1.502648,     4.280513,    -0.004227,
  1668.600,     1.405301,     3.139489,    -0.001098,
  1668.650,     1.301620,     2.404705,    -0.000585,
  1668.700,     1.199974,     2.141270,     0.001175,
  1668.750,     1.025328,     2.421571,    -0.005859,
  1668.800,     0.863587,     3.134096,    -0.002094,
  1668.850,     0.927406,     4.018293,    -0.004203,
  1668.900,     1.192276,     4.675298,    -0.003271,
  1668.950,     1.581376,     4.926007,    -0.007221,
  1669.000,     1.804545,     4.776860,    -0.001050,
  1669.050,     1.771672,     4.290919,     0.001469,
  1669.100,     1.537619,     3.477075,    -0.004235,
  1669.150,     1.254750,     2.435359,    -0.003051,
  1669.200,     0.984012,     1.399322,     0.000209,
  1669.250,     0.703948,     0.704683,    -0.001526,
  1669.300,     0.419950,     0.384288,     0.002226,
  1669.350,     0.251989,     0.402077,     0.002178,
  1669.400,     0.204426,     0.480567,     0.005215,
  1669.450,     0.233041,     0.503144,     0.004239,
  1669.500,     0.185412,     0.467499,     0.003374,
  1669.550,     0.060076,     0.427364,     0.006052,
  1669.600,    -0.169391,     0.342480,     0.007236,
  1669.650,    -0.503914,     0.136505,    -0.000211,
  1669.700,    -0.871608,    -0.118072,    -0.001365,
  1669.750,    -1.194170,    -0.314044,     0.001239,
  1669.800,    -1.424125,    -0.345427,    -0.000728,
  1669.850,    -1.550262,    -0.283695,    -0.005980,
  1669.900,    -1.574038,    -0.104249,     0.000384,
  1669.950,    -1.419118,     0.193024,     0.000196,
  1670.000,    -1.096304,     0.620873,    -0.000277,
  1670.050,    -0.695757,     1.022045,     0.001961,
  1670.100,    -0.311289,     1.255514,    -0.007695,
  1670.150,    -0.056230,     1.085880,     0.000940,
  1670.200,    -0.047882,     0.484390,    -0.003376,
  1670.250,    -0.213854,    -0.519557,     0.003884,
  1670.300,    -0.511981,    -1.744034,     0.004655,
  1670.350,    -0.878712,    -3.052837,    -0.001900,
  1670.400,    -1.226531,    -4.192625,     0.000286,
  1670.450,    -1.496889,    -4.871893,     0.002023,
  1670.500,    -1.546038,    -4.825682,     0.000914,
  1670.550,    -1.349548,    -4.000582,     0.006520,
  1670.600,    -0.943616,    -2.658568,    -0.001409,
  1670.650,    -0.418906,    -1.071755,    -0.000935,
  1670.700,     0.064239,     0.485978,    -0.000880,
  1670.750,     0.405792,     1.894552,     0.002878,
  1670.800,     0.532594,     2.933516,     0.003388,
  1670.850,     0.426014,     3.411537,     0.004572,
  1670.900,     0.068481,     3.192661,     0.002396,
  1670.950,    -0.582285,     2.448630,     0.000171,
  1671.000,    -1.259383,     1.430026,     0.000408,
  1671.050,    -1.662241,     0.408478,     0.005973,
  1671.100,    -1.603032,    -0.451436,    -0.002289,
  1671.150,    -1.153070,    -0.960817,     0.004410,
  1671.200,    -0.470995,    -1.060193,     0.003141,
  1671.250,     0.243608,    -0.663694,    -0.002920,
  1671.300,     0.775411,     0.062822,    -0.003381,
  1671.350,     1.043156,     0.883004,     0.000702,
  1671.400,     0.935327,     1.683465,    -0.003041,
  1671.450,     0.591887,     2.433776,    -0.002117,
  1671.500,     0.114399,     3.137004,    -0.001047,
  1671.550,    -0.145200,     3.789860,    -0.000416,
  1671.600,    -0.148681,     4.497620,     0.002749,
  1671.650,     0.113815,     5.222535,     0.002268,
  1671.700,     0.469327,     5.901816,     0.001595,
  1671.750,     0.795992,     6.195639,     0.005906,
  1671.800,     1.016047,     5.981187,     0.005428,
  1671.850,     1.158456,     5.335014,     0.008149,
  1671.900,     1.187548,     4.410735,     0.008233,
  1671.950,     1.216636,     3.321650,     0.004865,
  1672.000,     1.254843,     2.132569,    -0.000567,
  1672.050,     1.355028,     0.935982,     0.001026,
  1672.100,     1.519734,    -0.097018,    -0.002884,
  1672.150,     1.797639,    -0.778452,     0.003033,
  1672.200,     2.036268,    -1.038260,    -0.000207,
  1672.250,     2.199465,    -0.783239,     0.002685,
  1672.300,     2.147129,     0.004783,    -0.000295,
  1672.350,     1.986912,     1.387401,    -0.003041,
  1672.400,     1.862188,     3.077046,     0.001701,
  1672.450,     1.848936,     4.595813,    -0.000669,
  1672.500,     1.781772,     5.531017,     0.002893,
  1672.550,     1.466872,     5.600975,    -0.002540,
  1672.600,     0.888377,     4.902975,    -0.001568,
  1672.650,     0.255212,     3.582044,    -0.001687,
  1672.700,    -0.211813,     1.961807,     0.003320,
  1672.750,    -0.409459,     0.388899,    -0.000378,
  1672.800,    -0.354016,    -0.792903,    -0.000577,
  1672.850,    -0.095059,    -1.559035,     0.001721,
  1672.900,     0.386387,    -1.835454,    -0.000092,
  1672.950,     0.939439,    -1.664866,    -0.000347,
  1673.000,     1.352918,    -1.176190,     0.005313,
  1673.050,     1.439297,    -0.496011,     0.004669,
  1673.100,     1.242287,     0.210725,     0.006155,
  1673.150,     0.898341,     0.794993,     0.002933,
  1673.200,     0.490589,     1.214705,    -0.000661,
  1673.250,     0.043958,     1.474065,     0.007674,
  1673.300,    -0.369813,     1.639771,     0.004599,
  1673.350,    -0.677941,     1.766697,    -0.002385,
  1673.400,    -0.712704,     1.904042,     0.002072,
  1673.450,    -0.513258,     2.052326,     0.002662,
  1673.500,    -0.269438,     2.186667,    -0.000065,
  1673.550,    -0.103406,     2.189667,    -0.005024,
  1673.600,    -0.064087,     2.027777,    -0.004062,
  1673.650,    -0.094989,     1.665004,    -0.005801,
  1673.700,    -0.158091,     1.127236,    -0.001134,
  1673.750,    -0.187307,     0.401514,    -0.000068,
  1673.800,    -0.281855,    -0.456556,    -0.004691,
  1673.850,    -0.337076,    -1.329903,    -0.003706,
  1673.900,    -0.383037,    -2.109243,     0.001761,
  1673.950,    -0.388686,    -2.672158,     0.000295,
  1674.000,    -0.399111,    -2.853025,    -0.000062,
  1674.050,    -0.363330,    -2.533091,     0.007847,
  1674.100,    -0.326188,    -1.651755,     0.006184,
  1674.150,    -0.240975,    -0.453523,    -0.000976,
  1674.200,    -0.189810,     0.815121,     0.002905,
  1674.250,    -0.235501,     1.977493,     0.003239,
  1674.300,    -0.481845,     2.902698,    -0.002704,
  1674.350,    -0.924834,     3.339133,    -0.000337,
  1674.400,    -1.465166,     3.147577,     0.003174,
  1674.450,    -1.986529,     2.474950,     0.004766,
  1674.500,    -2.422242,     1.639727,     0.001745,
  1674.550,    -2.642975,     0.968594,     0.004151,
  1674.600,    -2.589011,     0.576112,     0.003445,
  1674.650,    -2.124788,     0.331323,    -0.001839,
  1674.700,    -1.341881,     0.255601,    -0.002148,
  1674.750,    -0.483575,     0.251998,    -0.001658,
  1674.800,     0.229845,     0.431632,    -0.003136,
  1674.850,     0.776898,     0.652575,    -0.002395,
  1674.900,     1.075062,     0.917843,    -0.001110,
  1674.950,     1.088452,     1.179706,     0.000771,
  1675.000,     0.846076,     1.596654,     0.000909,
  1675.050,     0.422105,     2.116539,    -0.007698,
  1675.100,    -0.105616,     2.621316,     0.001765,
  1675.150,    -0.581882,     2.884645,    -0.000594,
  1675.200,    -0.912235,     2.842668,    -0.001910,
  1675.250,    -1.036233,     2.499815,    -0.002727,
  1675.300,    -0.956094,     1.903486,    -0.002718,
  1675.350,    -0.691736,     1.192339,    -0.000005,
  1675.400,    -0.303639,     0.383384,     0.001357,
  1675.450,     0.128039,    -0.486416,    -0.001096,
  1675.500,     0.477856,    -1.358856,     0.004689,
  1675.550,     0.698064,    -2.050295,     0.003168,
  1675.600,     0.845750,    -2.544545,     0.005926,
  1675.650,     0.896307,    -2.818688,     0.002607,
  1675.700,     0.974946,    -2.911071,     0.006362,
  1675.750,     1.103337,    -2.789953,     0.002013,
  1675.800,     1.340165,    -2.338151,    -0.001642,
  1675.850,     1.532749,    -1.632665,     0.003068,
  1675.900,     1.545722,    -0.815731,    -0.002283,
  1675.950,     1.420441,    -0.039722,    -0.002581,
  1676.000,     1.254963,     0.452451,    -0.000589,
  1676.050,     1.137591,     0.631833,     0.000590,
  1676.100,     1.098319,     0.429057,     0.001921,
  1676.150,     1.026143,     0.003875,     0.000148,
  1676.200,     1.045116,    -0.524078,    -0.001240,
  1676.250,     1.100176,    -0.917231,    -0.005119,
  1676.300,     1.286395,    -1.026849,    -0.004025,
  1676.350,     1.578591,    -0.739511,    -0.003249,
  1676.400,     1.977019,     0.061564,    -0.004744,
  1676.450,     2.486694,     1.136488,    -0.000935,
  1676.500,     3.108913,     2.296843,    -0.000702,
  1676.550,     3.592978,     3.266982,     0.007703,
  1676.600,     3.771288,     3.877250,     0.004381,
  1676.650,     3.471443,     4.110587,     0.003849,
  1676.700,     2.709664,     4.057056,     0.001512,
  1676.750,     1.561728,     3.970703,    -0.003034,
  1676.800,     0.232170,     3.885809,     0.000919,
  1676.850,    -0.982418,     3.751709,     0.001339,
  1676.900,    -1.920775,     3.606453,     0.000336,
  1676.950,    -2.450047,     3.419206,     0.006242,
  1677.000,    -2.593880,     3.220927,     0.008985,
  1677.050,    -2.413760,     2.897958,     0.002019,
  1677.100,    -2.034204,     2.428987,     0.001551,
  1677.150,    -1.458427,     1.723588,     0.003451,
  1677.200,    -0.894441,     0.860726,    -0.001418,
  1677.250,    -0.469711,    -0.001927,    -0.000079,
  1677.300,    -0.179006,    -0.804428,     0.001607,
  1677.350,     0.000007,    -1.520904,    -0.000115,
  1677.400,     0.138908,    -2.226664,     0.003528,
  1677.450,     0.266580,    -2.926704,     0.002061,
  1677.500,     0.417966,    -3.610735,     0.000091,
  1677.550,     0.533872,    -4.025894,    -0.002526,
  1677.600,     0.675468,    -4.085726,    -0.002647,
  1677.650,     0.747872,    -3.749417,     0.002221,
  1677.700,     0.778823,    -3.089105,     0.001164,
  1677.750,     0.688076,    -2.255187,     0.002140,
  1677.800,     0.474251,    -1.326156,     0.004676,
  1677.850,     0.174944,    -0.414525,     0.001434,
  1677.900,    -0.192818,     0.452047,     0.002043,
  1677.950,    -0.567368,     1.215503,     0.005216,
  1678.000,    -0.861945,     1.867822,     0.005711,
  1678.050,    -1.059890,     2.447132,    -0.003445,
  1678.100,    -1.163319,     2.946269,    -0.000357,
  1678.150,    -1.005799,     3.329762,    -0.000084,
  1678.200,    -0.584048,     3.461490,    -0.001388,
  1678.250,     0.047543,     3.286942,    -0.001390,
  1678.300,     0.661844,     2.820437,     0.000903,
  1678.350,     1.119210,     2.110837,    -0.000503,
  1678.400,     1.392965,     1.350681,    -0.000287,
  1678.450,     1.447439,     0.545600,    -0.001017,
  1678.500,     1.185330,    -0.254601,     0.001221,
  1678.550,     0.688228,    -0.950069,    -0.000090,
  1678.600,     0.037841,    -1.446930,     0.002886,
  1678.650,    -0.520805,    -1.623106,    -0.002393,
  1678.700,    -0.861682,    -1.444168,     0.004164,
  1678.750,    -0.987695,    -1.059323,     0.000889,
  1678.800,    -0.922036,    -0.542013,    -0.005302,
  1678.850,    -0.810785,    -0.018378,     0.002495,
  1678.900,    -0.549856,     0.425745,    -0.001859,
  1678.950,    -0.234129,     0.790540,    -0.002568,
  1679.000,     0.055269,     0.984693,    -0.000371,
  1679.050,     0.268748,     1.013227,    -0.001172,
  1679.100,     0.391253,     0.944345,    -0.001192,
  1679.150,     0.501775,     0.879909,     0.005081,
  1679.200,     0.625263,     0.987428,     0.005438,
  1679.250,     0.677134,     1.153498,     0.003992,
  1679.300,     0.594687,     1.336168,     0.001703,
  1679.350,     0.436107,     1.444655,    -0.001035,
  1679.400,     0.170839,     1.384619,    -0.002004,
  1679.450,    -0.126208,     1.276190,     0.002243,
  1679.500,    -0.378980,     1.151998,    -0.000515,
  1679.550,    -0.595803,     1.036389,    -0.002312,
  1679.600,    -0.794585,     0.822260,     0.000565,
  1679.650,    -0.962398,     0.489344,     0.006694,
  1679.700,    -0.977467,     0.111605,     0.005047,
  1679.750,    -0.896017,    -0.136383,     0.000131,
  1679.800,    -0.763751,    -0.183329,     0.006807,
  1679.850,    -0.660500,     0.089244,     0.000508,
  1679.900,    -0.486286,     0.565430,    -0.003212,
  1679.950,    -0.217213,     1.250601,    -0.000561,
  1680.000,     0.138693,     2.055370,    -0.002163,
  1680.050,     0.509771,     2.926242,    -0.003731,
  1680.100,     0.708229,     3.609281,     0.006561,
  1680.150,     0.740414,     3.957772,     0.000967,
  1680.200,     0.566607,     3.925172,     0.000809,
  1680.250,     0.253275,     3.677354,     0.001615,
  1680.300,    -0.073076,     3.490739,    -0.000389,
  1680.350,    -0.370977,     3.503816,    -0.000664,
  1680.400,    -0.556206,     3.660714,    -0.001697,
  1680.450,    -0.537989,     3.784592,     0.001777,
  1680.500,    -0.292464,     3.824643,    -0.001113,
  1680.550,     0.190758,     3.731541,     0.004347,
  1680.600,     0.694753,     3.510038,     0.006783,
  1680.650,     1.135042,     2.993122,     0.002924,
  1680.700,     1.385051,     2.112110,     0.003502,
  1680.750,     1.465270,     1.024903,     0.002097,
  1680.800,     1.338364,    -0.076396,    -0.002613,
  1680.850,     1.117353,    -0.928485,    -0.002517,
  1680.900,     0.894997,    -1.375108,     0.002601,
  1680.950,     0.680369,    -1.509035,     0.004141,
  1681.000,     0.526910,    -1.330337,    -0.001756,
  1681.050,     0.400959,    -0.869043,     0.003971,
  1681.100,     0.295102,    -0.272924,     0.000066,
  1681.150,     0.200371,     0.316817,    -0.002353,
  1681.200,     0.111951,     0.762311,    -0.003645,
  1681.250,    -0.069584,     1.087771,    -0.007654,
  1681.300,    -0.359290,     1.309974,     0.000110,
  1681.350,    -0.651601,     1.551823,    -0.002763,
  1681.400,    -0.916143,     1.865516,     0.004050,
  1681.450,    -1.119040,     2.190166,     0.004544,
  1681.500,    -1.271647,     2.495474,    -0.004489,
  1681.550,    -1.414035,     2.731245,     0.002408,
  1681.600,    -1.519397,     2.832177,    -0.000065,
  1681.650,    -1.560784,     2.826116,     0.001234,
  1681.700,    -1.479501,     2.733490,     0.001300,
  1681.750,    -1.172276,     2.577436,    -0.000254,
  1681.800,    -0.708180,     2.285596,    -0.001666,
  1681.850,    -0.179393,     1.884823,    -0.000789,
  1681.900,     0.319946,     1.385372,     0.006394,
  1681.950,     0.710731,     0.872870,     0.001177,
  1682.000,     0.981711,     0.476956,     0.003920,
  1682.050,     1.157285,     0.241674,     0.001675,
  1682.100,     1.208549,     0.182498,     0.001143,
  1682.150,     1.194425,     0.282745,     0.002303,
  1682.200,     1.168231,     0.487860,     0.002463,
  1682.250,     1.144044,     0.765049,     0.003941,
  1682.300,     1.068691,     1.076061,     0.006027,
  1682.350,     0.940419,     1.345877,     0.003966,
  1682.400,     0.690408,     1.614656,     0.001477,
  1682.450,     0.385103,     1.934996,    -0.000120,
  1682.500,     0.057745,     2.317847,     0.000543,
  1682.550,    -0.251164,     2.571037,    -0.004391,
  1682.600,    -0.514892,     2.715450,    -0.002002,
  1682.650,    -0.786069,     2.695597,    -0.005182,
  1682.700,    -0.985302,     2.511846,    -0.003975,
  1682.750,    -1.067751,     2.259730,    -0.009936,
  1682.800,    -0.966101,     1.937984,    -0.002755,
  1682.850,    -0.738307,     1.593883,     0.000742,
  1682.900,    -0.360290,     1.197974,     0.001657,
  1682.950,     0.027775,     0.856578,     0.003192,
  1683.000,     0.419904,     0.591795,     0.002320,
  1683.050,     0.714820,     0.388310,    -0.003445,
  1683.100,     0.845669,     0.239085,    -0.001428,
  1683.150,     0.802633,     0.154335,    -0.001216,
  1683.200,     0.642752,     0.169285,    -0.000251,
  1683.250,     0.411699,     0.348151,     0.005441,
  1683.300,     0.236576,     0.705455,     0.005623,
  1683.350,     0.196126,     1.189040,     0.002149,
  1683.400,     0.239057,     1.704080,     0.005678,
  1683.450,     0.351820,     2.117921,     0.003505,
  1683.500,     0.407469,     2.352159,     0.004474,
  1683.550,     0.393357,     2.378809,     0.006806,
  1683.600,     0.330688,     2.300817,     0.005192,
  1683.650,     0.247371,     2.207273,     0.001381,
  1683.700,     0.159547,     2.084502,     0.009471,
  1683.750,     0.047956,     1.861927,     0.003352,
  1683.800,    -0.125999,     1.496297,     0.000663,
  1683.850,    -0.280530,     0.958744,    -0.005125,
  1683.900,    -0.292135,     0.295860,    -0.001803,
  1683.950,    -0.173618,    -0.417423,    -0.000133,
  1684.000,     0.084359,    -1.076099,    -0.003074,
  1684.050,     0.402643,    -1.664791,     0.002332,
  1684.100,     0.740270,    -1.881292,    -0.002514,
  1684.150,     1.015359,    -1.641991,     0.000149,
  1684.200,     1.225184,    -0.908922,    -0.001809,
  1684.250,     1.313778,     0.057908,    -0.001740,
  1684.300,     1.204562,     1.052434,     0.004637,
  1684.350,     0.921730,     1.909970,    -0.002315,
  1684.400,     0.618661,     2.528583,     0.000993,
  1684.450,     0.380399,     2.910504,    -0.001684,
  1684.500,     0.329949,     3.039462,    -0.001116,
  1684.550,     0.371249,     2.959035,    -0.001605,
  1684.600,     0.442621,     2.770499,     0.004906,
  1684.650,     0.493108,     2.537622,     0.003349,
  1684.700,     0.474848,     2.230924,     0.005130,
  1684.750,     0.383886,     1.831384,     0.006952,
  1684.800,     0.152470,     1.285302,     0.005696,
  1684.850,    -0.232574,     0.667263,     0.002286,
  1684.900,    -0.766537,     0.041377,     0.005282,
  1684.950,    -1.183019,    -0.428136,     0.000146,
  1685.000,    -1.345931,    -0.708761,    -0.001176,
  1685.050,    -1.265526,    -0.672982,     0.001724,
  1685.100,    -1.040034,    -0.345578,     0.001117,
  1685.150,    -0.694996,     0.219219,    -0.000511,
  1685.200,    -0.271042,     0.930121,    -0.001563,
  1685.250,     0.151894,     1.662913,    -0.003732,
  1685.300,     0.504171,     2.336706,     0.002762,
  1685.350,     0.669907,     2.790813,    -0.002423,
  1685.400,     0.702174,     2.837893,    -0.000344,
  1685.450,     0.678018,     2.526431,    -0.000430,
  1685.500,     0.682751,     1.958973,     0.000796,
  1685.550,     0.686764,     1.391149,     0.000032,
  1685.600,     0.713709,     0.930255,     0.000622,
  1685.650,     0.743487,     0.562372,    -0.001258,
  1685.700,     0.744862,     0.322827,     0.005810,
  1685.750,     0.662009,     0.155830,     0.004472,
  1685.800,     0.588749,     0.091455,     0.002580,
  1685.850,     0.504987,     0.074935,     0.002972,
  1685.900,     0.400617,     0.001193,    -0.000720,
  1685.950,     0.260882,    -0.119799,    -0.002607,
  1686.000,     0.068268,    -0.162694,     0.003865,
  1686.050,    -0.109005,    -0.039735,     0.001721,
  1686.100,    -0.272689,     0.280877,     0.005020,
  1686.150,    -0.388704,     0.692554,     0.002285,
  1686.200,    -0.397501,     1.156741,     0.001115,
  1686.250,    -0.347054,     1.552242,     0.005926,
  1686.300,    -0.235802,     1.866623,     0.003974,
  1686.350,    -0.035204,     2.019688,     0.004959,
  1686.400,     0.148320,     1.916365,     0.004597,
  1686.450,     0.331579,     1.485783,     0.002274,
  1686.500,     0.523296,     0.797933,     0.003715,
  1686.550,     0.714340,     0.052865,    -0.006131,
  1686.600,     0.905870,    -0.647351,     0.006964,
  1686.650,     0.993545,    -1.141138,     0.006007,
  1686.700,     0.974734,    -1.368795,     0.004088,
  1686.750,     0.833839,    -1.369090,     0.004869,
  1686.800,     0.604178,    -1.112459,     0.001551,
  1686.850,     0.312703,    -0.498849,    -0.006705,
  1686.900,     0.033493,     0.373076,     0.000996,
  1686.950,    -0.178129,     1.343611,     0.000825,
  1687.000,    -0.317691,     2.220433,     0.005418,
  1687.050,    -0.424403,     2.790095,     0.001017,
  1687.100,    -0.426338,     3.106945,    -0.004440,
  1687.150,    -0.341250,     3.106982,     0.000431,
  1687.200,    -0.256022,     2.837052,     0.002624,
  1687.250,    -0.110446,     2.304517,     0.001334,
  1687.300,     0.026397,     1.643385,    -0.000561,
  1687.350,     0.145364,     0.972145,     0.000190,
  1687.400,     0.303201,     0.364439,     0.004436,
  1687.450,     0.465536,    -0.127680,     0.007249,
  1687.500,     0.686936,    -0.449573,    -0.001379,
  1687.550,     0.852571,    -0.711068,    -0.004797,
  1687.600,     0.903341,    -0.992829,    -0.001022,
  1687.650,     0.832276,    -1.319799,    -0.000358,
  1687.700,     0.681326,    -1.571145,     0.000365,
  1687.750,     0.455875,    -1.542420,     0.002297,
  1687.800,     0.272413,    -1.101569,     0.003270,
  1687.850,     0.074301,    -0.308003,     0.000345,
  1687.900,    -0.124971,     0.731242,     0.004947,
  1687.950,    -0.352880,     1.850057,     0.001837,
  1688.000,    -0.584469,     2.753399,     0.001326,
  1688.050,    -0.821376,     3.277598,     0.001300,
  1688.100,    -0.990365,     3.297298,     0.004688,
  1688.150,    -1.103209,     2.876221,     0.000381,
  1688.200,    -1.055409,     2.170375,    -0.001712,
  1688.250,    -0.796080,     1.313024,     0.000727,
  1688.300,    -0.305064,     0.451004,    -0.001634,
  1688.350,     0.302476,    -0.335147,    -0.003437,
  1688.400,     0.925117,    -0.889231,     0.003226,
  1688.450,     1.315129,    -1.064746,     0.000886,
  1688.500,     1.466667,    -0.932000,    -0.005421,
  1688.550,     1.393178,    -0.535668,     0.000794,
  1688.600,     1.176489,     0.061993,    -0.004019,
  1688.650,     0.894328,     0.744836,    -0.003392,
  1688.700,     0.618181,     1.357723,    -0.001019,
  1688.750,     0.416127,     1.764261,     0.002475,
  1688.800,     0.302026,     1.791242,     0.003137,
  1688.850,     0.209920,     1.478882,     0.000640,
  1688.900,     0.084728,     0.900863,     0.004171,
  1688.950,    -0.115279,     0.198671,     0.002709,
  1689.000,    -0.335385,    -0.468450,    -0.000039,
  1689.050,    -0.525492,    -0.949988,    -0.001480,
  1689.100,    -0.635504,    -1.127342,    -0.001968,
  1689.150,    -0.629051,    -0.955192,     0.000201,
  1689.200,    -0.506859,    -0.573804,     0.003883,
  1689.250,    -0.221308,    -0.082558,     0.003133,
  1689.300,     0.100842,     0.400849,     0.007349,
  1689.350,     0.448828,     0.783911,     0.001395,
  1689.400,     0.765246,     0.997937,     0.005137,
  1689.450,     0.974196,     1.060174,     0.005304,
  1689.500,     1.002703,     1.013047,     0.002374,
  1689.550,     0.801567,     0.894100,     0.000762,
  1689.600,     0.433214,     0.862166,     0.004074,
  1689.650,     0.039117,     1.000874,     0.000388,
  1689.700,    -0.244781,     1.370165,     0.002177,
  1689.750,    -0.414521,     1.888734,    -0.002480,
  1689.800,    -0.489165,     2.335326,    -0.004767,
  1689.850,    -0.441852,     2.624466,    -0.003048,
  1689.900,    -0.413690,     2.627302,    -0.003645,
  1689.950,    -0.302842,     2.330004,     0.000008,
  1690.000,    -0.192474,     1.838481,    -0.004191,
  1690.050,    -0.094623,     1.136360,    -0.005422,
  1690.100,    -0.011341,     0.332646,    -0.008490,
  1690.150,     0.073902,    -0.448915,     0.002197,
  1690.200,     0.195339,    -1.072448,    -0.002525,
  1690.250,     0.349960,    -1.405867,    -0.001942,
  1690.300,     0.481864,    -1.384308,    -0.000043,
  1690.350,     0.564798,    -1.002613,    -0.000428,
  1690.400,     0.522203,    -0.369327,     0.002958,
  1690.450,     0.482414,     0.414418,     0.004132,
  1690.500,     0.362303,     1.264879,    -0.000899,
  1690.550,     0.211256,     2.078002,     0.000660,
  1690.600,    -0.051012,     2.690379,    -0.000162,
  1690.650,    -0.331946,     3.037519,    -0.001515,
  1690.700,    -0.627733,     3.023940,    -0.003744,
  1690.750,    -0.756458,     2.709839,     0.000637,
  1690.800,    -0.756476,     2.242089,     0.002116,
  1690.850,    -0.650920,     1.670260,     0.000120,
  1690.900,    -0.470856,     1.163267,     0.001885,
  1690.950,    -0.195985,     0.768299,     0.002322,
  1691.000,     0.175237,     0.473777,     0.006754,
  1691.050,     0.613608,     0.285832,     0.002785,
  1691.100,     0.953806,     0.203289,    -0.001341,
  1691.150,     1.161953,     0.125032,    -0.003231,
  1691.200,     1.119263,     0.156049,    -0.001298,
  1691.250,     0.938502,     0.241990,    -0.001526,
  1691.300,     0.679569,     0.509349,    -0.003183,
  1691.350,     0.319536,     0.941554,    -0.002277,
  1691.400,    -0.044346,     1.529320,     0.002628,
  1691.450,    -0.365915,     2.191168,    -0.001183,
  1691.500,    -0.626711,     2.827658,     0.002212,
  1691.550,    -0.756009,     3.378861,     0.002019,
  1691.600,    -0.759771,     3.692797,    -0.002555,
  1691.650,    -0.714407,     3.624742,     0.000050,
  1691.700,    -0.659997,     3.149624,     0.006455,
  1691.750,    -0.639277,     2.228937,     0.001611,
  1691.800,    -0.664567,     1.063858,     0.002837,
  1691.850,    -0.598286,    -0.152253,     0.008242,
  1691.900,    -0.406012,    -1.174209,     0.007872,
  1691.950,    -0.052764,    -1.791788,     0.006119,
  1692.000,     0.378587,    -1.923481,     0.004921,
  1692.050,     0.801993,    -1.494760,     0.005237,
  1692.100,     1.145034,    -0.672926,     0.000887,
  1692.150,     1.252692,     0.363339,     0.004985,
  1692.200,     1.185578,     1.363359,     0.001092,
  1692.250,     0.883059,     2.160327,    -0.001904,
  1692.300,     0.477799,     2.568445,    -0.002043,
  1692.350,     0.084634,     2.533085,    -0.001369,
  1692.400,    -0.265274,     2.142730,    -0.002360,
  1692.450,    -0.558813,     1.538134,     0.001093,
  1692.500,    -0.745744,     0.980385,    -0.002804,
  1692.550,    -0.798702,     0.587184,     0.003482,
  1692.600,    -0.689007,     0.442132,    -0.001347,
  1692.650,    -0.479265,     0.574560,    -0.001917,
  1692.700,    -0.191643,     0.747681,    -0.000743,
  1692.750,     0.115238,     0.841796,    -0.001304,
  1692.800,     0.428742,     0.932781,    -0.000601,
  1692.850,     0.640351,     0.984177,    -0.000415,
  1692.900,     0.643447,     1.003946,     0.002382,
  1692.950,     0.504084,     0.929122,     0.000625,
  1693.000,     0.179567,     0.783914,     0.002916,
  1693.050,    -0.167862,     0.672512,     0.005439,
  1693.100,    -0.521686,     0.662233,     0.004159,
  1693.150,    -0.791603,     0.801518,    -0.002490,
  1693.200,    -0.865716,     1.125919,     0.007469,
  1693.250,    -0.711176,     1.556513,     0.003667,
  1693.300,    -0.472443,     1.945138,     0.003205,
  1693.350,    -0.150117,     2.242532,     0.002586,
  1693.400,     0.125677,     2.400666,     0.000190,
  1693.450,     0.320138,     2.426737,     0.003591,
  1693.500,     0.434859,     2.266734,    -0.006029,
  1693.550,     0.442022,     1.909553,    -0.002790,
  1693.600,     0.421325,     1.422311,     0.003642,
  1693.650,     0.335037,     0.873087,    -0.001904,
  1693.700,     0.278209,     0.341281,     0.001142,
  1693.750,     0.263220,    -0.081404,     0.004022,
  1693.800,     0.364355,    -0.283392,     0.004570,
  1693.850,     0.528932,    -0.165438,    -0.001910,
  1693.900,     0.707768,     0.235648,    -0.002212,
  1693.950,     0.788032,     0.712439,    -0.000845,
  1694.000,     0.734864,     1.100583,    -0.005065,
  1694.050,     0.556881,     1.220353,    -0.004738,
  1694.100,     0.289854,     1.020043,    -0.005808,
  1694.150,    -0.052625,     0.663621,     0.003457,
  1694.200,    -0.405453,     0.307127,    -0.000145,
  1694.250,    -0.737258,     0.061134,     0.000751,
  1694.300,    -0.991773,     0.025835,     0.001491,
  1694.350,    -1.095004,     0.154167,     0.000667,
  1694.400,    -1.021570,     0.422037,    -0.001106,
  1694.450,    -0.748165,     0.740911,     0.002709,
  1694.500,    -0.366862,     1.024193,     0.005359,
  1694.550,     0.036156,     1.136833,     0.002556,
  1694.600,     0.480631,     1.020943,     0.001176,
  1694.650,     0.874767,     0.736161,     0.003489,
  1694.700,     1.141351,     0.438248,     0.002335,
  1694.750,     1.255279,     0.248550,     0.003176,
  1694.800,     1.211254,     0.179645,     0.004261,
  1694.850,     0.962407,     0.195447,     0.002650,
  1694.900,     0.626079,     0.282804,    -0.000661,
  1694.950,     0.267764,     0.461654,     0.003328,
  1695.000,    -0.074912,     0.742957,    -0.004997,
  1695.050,    -0.303708,     1.025701,    -0.003040,
  1695.100,    -0.432868,     1.259097,    -0.000959,
  1695.150,    -0.445110,     1.238673,    -0.002906,
  1695.200,    -0.380443,     0.976320,     0.000136,
  1695.250,    -0.299880,     0.506294,     0.000783,
  1695.300,    -0.201858,    -0.005801,     0.002919,
  1695.350,    -0.135854,    -0.496504,     0.000205,
  1695.400,    -0.022891,    -0.819703,    -0.003465,
  1695.450,     0.142743,    -0.989628,     0.009451,
  1695.500,     0.374040,    -0.954995,     0.003177,
  1695.550,     0.633373,    -0.679936,     0.006701,
  1695.600,     0.836043,    -0.241350,     0.004433,
  1695.650,     0.979838,     0.298546,    -0.001777,
  1695.700,     1.072675,     0.761163,    -0.003516,
  1695.750,     1.037924,     1.142690,     0.006164,
  1695.800,     0.818165,     1.287671,     0.007992,
  1695.850,     0.427976,     1.216640,     0.007277,
  1695.900,    -0.065184,     0.942684,     0.004848,
  1695.950,    -0.595870,     0.518857,     0.006786,
  1696.000,    -1.032898,     0.016242,     0.004318,
  1696.050,    -1.256571,    -0.420836,     0.000766,
  1696.100,    -1.240653,    -0.652076,    -0.000085,
  1696.150,    -0.989058,    -0.530327,     0.007975,
  1696.200,    -0.549923,    -0.100584,    -0.001284,
  1696.250,    -0.014164,     0.537141,     0.002397,
  1696.300,     0.513811,     1.170117,     0.001775,
  1696.350,     0.936785,     1.612779,    -0.000292,
  1696.400,     1.156105,     1.746676,    -0.004460,
  1696.450,     1.084920,     1.612897,    -0.002670,
  1696.500,     0.829156,     1.228865,     0.003824,
  1696.550,     0.439410,     0.726397,    -0.003041,
  1696.600,     0.053746,     0.259011,    -0.001212,
  1696.650,    -0.244542,    -0.063428,     0.001568,
  1696.700,    -0.405777,    -0.152744,     0.003276,
  1696.750,    -0.349962,    -0.072411,    -0.001446,
  1696.800,    -0.202782,     0.120159,    -0.001344,
  1696.850,    -0.065301,     0.423928,    -0.001003,
  1696.900,     0.054307,     0.709750,    -0.001570,
  1696.950,     0.173275,     1.026023,    -0.002437,
  1697.000,     0.250060,     1.315422,     0.004259,
  1697.050,     0.277320,     1.543624,     0.003105,
  1697.100,     0.248593,     1.707006,    -0.001973,
  1697.150,     0.141818,     1.788889,     0.005582,
  1697.200,     0.043764,     1.776160,     0.002787,
  1697.250,     0.034205,     1.690371,    -0.003528,
  1697.300,     0.111610,     1.527791,    -0.001996,
  1697.350,     0.272350,     1.330025,     0.003440,
  1697.400,     0.467094,     1.178847,     0.001654,
  1697.450,     0.590406,     1.114457,     0.001583,
  1697.500,     0.645113,     1.147654,    -0.000772,
  1697.550,     0.604587,     1.260431,     0.003095,
  1697.600,     0.494954,     1.396614,     0.006142,
  1697.650,     0.290492,     1.472952,     0.000084,
  1697.700,     0.049372,     1.368465,     0.001812,
  1697.750,    -0.183060,     1.130898,    -0.000760,
  1697.800,    -0.418312,     0.844827,     0.004816,
  1697.850,    -0.596711,     0.674545,    -0.003832,
  1697.900,    -0.637859,     0.771067,     0.000019,
  1697.950,    -0.538504,     1.108862,     0.000557,
  1698.000,    -0.320829,     1.613853,    -0.000120,
  1698.050,     0.008635,     2.130295,     0.000038,
  1698.100,     0.321164,     2.564848,     0.003483,
  1698.150,     0.472236,     2.775530,    -0.000316,
  1698.200,     0.426826,     2.623393,     0.005809,
  1698.250,     0.260516,     2.157658,     0.003160,
  1698.300,     0.040488,     1.523636,    -0.003786,
  1698.350,    -0.106588,     0.982200,    -0.005608,
  1698.400,    -0.163322,     0.644066,    -0.005969,
  1698.450,    -0.089239,     0.527354,     0.000290,
  1698.500,     0.053670,     0.545730,    -0.000123,
  1698.550,     0.164508,     0.742787,    -0.004730,
  1698.600,     0.290402,     0.995847,    -0.005500,
  1698.650,     0.340778,     1.265533,     0.004465,
  1698.700,     0.253306,     1.474968,     0.001239,
  1698.750,     0.109411,     1.525778,     0.000788,
  1698.800,    -0.068965,     1.514488,     0.000712,
  1698.850,    -0.201485,     1.456610,    -0.002994,
  1698.900,    -0.247174,     1.369822,    -0.001387,
  1698.950,    -0.197807,     1.291055,     0.004021,
  1699.000,    -0.098496,     1.147038,     0.000312,
  1699.050,     0.001483,     0.943440,    -0.000558,
  1699.100,     0.166957,     0.729823,     0.003782,
  1699.150,     0.299305,     0.651807,     0.004543,
  1699.200,     0.404980,     0.766728,    -0.000260,
  1699.250,     0.429480,     0.959094,     0.006296,
  1699.300,     0.355289,     1.079285,     0.008019,
  1699.350,     0.157988,     1.017662,     0.005687,
  1699.400,    -0.111645,     0.750040,     0.002054,
  1699.450,    -0.373803,     0.296059,     0.003792,
  1699.500,    -0.542486,    -0.227596,     0.000221,
  1699.550,    -0.625850,    -0.738272,     0.001847,
  1699.600,    -0.595101,    -1.066399,    -0.001696,
  1699.650,    -0.449048,    -1.086662,     0.001748,
  1699.700,    -0.211711,    -0.732967,     0.002334,
  1699.750,     0.059758,    -0.047674,    -0.004520,
  1699.800,     0.312446,     0.839081,    -0.006313,
  1699.850,     0.452225,     1.752978,     0.001828,
  1699.900,     0.517363,     2.450384,     0.001026,
  1699.950,     0.452127,     2.840175,    -0.000612,
  1700.000,     0.308272,     2.866925,    -0.000586,
  1700.050,     0.119827,     2.536581,     0.001563,
  1700.100,    -0.081585,     1.955277,    -0.003347,
  1700.150,    -0.219302,     1.258269,    -0.005700,
  1700.200,    -0.269821,     0.631063,    -0.001742,
  1700.250,    -0.189332,     0.214407,    -0.002776,
  1700.300,    -0.014594,     0.035360,    -0.004648,
  1700.350,     0.243147,     0.106097,     0.001154,
  1700.400,     0.525584,     0.356125,    -0.000637,
  1700.450,     0.679213,     0.698159,     0.002520,
  1700.500,     0.670673,     1.100381,     0.001224,
  1700.550,     0.546362,     1.486258,     0.000653,
  1700.600,     0.315843,     1.795552,     0.002875,
  1700.650,     0.051522,     1.998714,     0.003112,
  1700.700,    -0.191411,     2.124292,     0.006897,
  1700.750,    -0.379573,     2.223595,     0.007727,
  1700.800,    -0.439535,     2.279434,     0.006476,
  1700.850,    -0.341452,     2.212552,     0.000459,
  1700.900,    -0.206060,     1.975957,     0.001142,
  1700.950,    -0.036312,     1.574126,     0.000411,
  1701.000,     0.148295,     1.078355,     0.002996,
  1701.050,     0.335249,     0.565921,     0.005472,
  1701.100,     0.507496,     0.105276,     0.003489,
  1701.150,     0.631093,    -0.195628,     0.004629,
  1701.200,     0.698499,    -0.379004,     0.003873,
  1701.250,     0.684635,    -0.398505,     0.005580,
  1701.300,     0.619474,    -0.296935,     0.002735,
  1701.350,     0.483740,    -0.112662,    -0.002762,
  1701.400,     0.331219,     0.193048,     0.004536,
  1701.450,     0.134236,     0.542926,     0.002295,
  1701.500,    -0.013772,     0.940374,     0.003639,
  1701.550,    -0.048683,     1.319942,     0.001058,
  1701.600,    -0.011269,     1.636360,    -0.001786,
  1701.650,     0.072501,     1.862691,    -0.002481,
  1701.700,     0.180823,     1.914803,    -0.004922,
  1701.750,     0.283237,     1.812830,    -0.004743,
  1701.800,     0.337014,     1.497084,    -0.000097,
  1701.850,     0.252847,     1.093463,    -0.004688,
  1701.900,     0.106019,     0.715838,    -0.002967,
  1701.950,    -0.011532,     0.412858,     0.001901,
  1702.000,    -0.004606,     0.207046,    -0.004338,
  1702.050,     0.144963,    -0.002225,    -0.004236,
  1702.100,     0.397054,    -0.152308,    -0.000417,
  1702.150,     0.646290,    -0.196308,    -0.001740,
  1702.200,     0.823258,    -0.144487,    -0.001095,
  1702.250,     0.929680,    -0.024069,     0.006707,
  1702.300,     0.829274,     0.188871,     0.011155,
  1702.350,     0.583542,     0.432309,     0.006136,
  1702.400,     0.210910,     0.746406,     0.003492,
  1702.450,    -0.131497,     1.113395,     0.005057,
  1702.500,    -0.322007,     1.465388,     0.006582,
  1702.550,    -0.335888,     1.738564,     0.003071,
  1702.600,    -0.244034,     1.847772,     0.004164,
  1702.650,    -0.076250,     1.741479,     0.002677,
  1702.700,     0.141193,     1.477008,     0.003182,
  1702.750,     0.311616,     1.112401,     0.001855,
  1702.800,     0.486608,     0.725569,    -0.000297,
  1702.850,     0.587493,     0.264683,     0.002747,
  1702.900,     0.577716,    -0.083359,     0.004349,
  1702.950,     0.517366,    -0.329628,     0.002044,
  1703.000,     0.425347,    -0.467160,     0.006136,
  1703.050,     0.319518,    -0.516775,     0.003719,
  1703.100,     0.193145,    -0.552785,    -0.002571,
  1703.150,     0.047781,    -0.531802,     0.001819,
  1703.200,    -0.083334,    -0.392810,    -0.005666,
  1703.250,    -0.142099,    -0.156744,    -0.008346,
  1703.300,    -0.125060,     0.229008,    -0.007390,
  1703.350,     0.007950,     0.770950,    -0.002726,
  1703.400,     0.187262,     1.354544,    -0.001194,
  1703.450,     0.279907,     1.873694,     0.001754,
  1703.500,     0.228782,     2.146879,     0.000745,
  1703.550,     0.064434,     2.142156,     0.000955,
  1703.600,    -0.180325,     1.924068,    -0.000722,
  1703.650,    -0.392563,     1.563748,    -0.002593,
  1703.700,    -0.545519,     1.072622,    -0.000170,
  1703.750,    -0.533931,     0.518133,    -0.000082,
  1703.800,    -0.288981,     0.011478,     0.003500,
  1703.850,     0.084937,    -0.299374,     0.007381,
  1703.900,     0.515242,    -0.382060,     0.003322,
  1703.950,     0.904444,    -0.316831,     0.002434,
  1704.000,     1.222447,    -0.070874,     0.004510,
  1704.050,     1.265730,     0.321376,     0.001514,
  1704.100,     1.102659,     0.846238,     0.007392,
  1704.150,     0.785495,     1.416767,     0.001794,
  1704.200,     0.393834,     1.969961,    -0.000076,
  1704.250,     0.005803,     2.376415,     0.000990,
  1704.300,    -0.355619,     2.539956,     0.003961,
  1704.350,    -0.541836,     2.443849,     0.001799,
  1704.400,    -0.540831,     2.187560,     0.002726,
  1704.450,    -0.375353,     1.799463,     0.002738,
  1704.500,    -0.161913,     1.304165,     0.005018,
  1704.550,     0.094450,     0.827102,    -0.000049,
  1704.600,     0.340260,     0.365469,    -0.000867,
  1704.650,     0.557317,     0.092568,     0.003273,
  1704.700,     0.707777,     0.001743,     0.000813,
  1704.750,     0.715138,     0.116562,    -0.000243,
  1704.800,     0.641676,     0.365459,     0.000184,
  1704.850,     0.522795,     0.687396,    -0.001348,
  1704.900,     0.451064,     1.080751,     0.005367,
  1704.950,     0.384505,     1.547032,     0.002152,
  1705.000,     0.321985,     2.028004,     0.003875,
  1705.050,     0.174155,     2.429532,     0.000481,
  1705.100,    -0.001488,     2.701087,    -0.003893,
  1705.150,    -0.152649,     2.786637,    -0.000237,
  1705.200,    -0.250312,     2.728654,     0.001488,
  1705.250,    -0.334008,     2.588807,    -0.002538,
  1705.300,    -0.342884,     2.410819,    -0.001746,
  1705.350,    -0.307765,     2.126121,     0.003306,
  1705.400,    -0.229547,     1.815159,     0.001616,
  1705.450,    -0.090280,     1.533803,    -0.006380,
  1705.500,     0.057967,     1.343352,    -0.006590,
  1705.550,     0.188306,     1.294895,     0.003338,
  1705.600,     0.376258,     1.230120,     0.004211,
  1705.650,     0.556654,     1.093479,    -0.001044,
  1705.700,     0.712943,     0.922447,     0.003042,
  1705.750,     0.768698,     0.741133,     0.004756,
  1705.800,     0.772415,     0.618669,     0.011637,
  1705.850,     0.656353,     0.557503,     0.002301,
  1705.900,     0.434190,     0.585135,     0.003396,
  1705.950,     0.175662,     0.704118,     0.010959,
  1706.000,    -0.070300,     0.924126,     0.010097,
  1706.050,    -0.235614,     1.228105,     0.009951,
  1706.100,    -0.297190,     1.440186,     0.007126,
  1706.150,    -0.309226,     1.537056,     0.002379,
  1706.200,    -0.277165,     1.431115,    -0.001508,
  1706.250,    -0.215843,     1.193729,    -0.001894,
  1706.300,    -0.077133,     0.862866,     0.000798,
  1706.350,     0.076826,     0.475642,     0.002894,
  1706.400,     0.244071,     0.149753,     0.000326,
  1706.450,     0.378019,    -0.050592,     0.002823,
  1706.500,     0.506031,    -0.147607,    -0.005294,
  1706.550,     0.605419,    -0.136650,    -0.007490,
  1706.600,     0.693731,    -0.023186,     0.001454,
  1706.650,     0.748533,     0.111666,     0.001182,
  1706.700,     0.681261,     0.334724,    -0.001398,
  1706.750,     0.534386,     0.646764,    -0.006522,
  1706.800,     0.345961,     0.982969,    -0.004268,
  1706.850,     0.131000,     1.270086,    -0.004754,
  1706.900,    -0.066147,     1.533274,    -0.004758,
  1706.950,    -0.208180,     1.732812,     0.002922,
  1707.000,    -0.294507,     1.885977,    -0.001628,
  1707.050,    -0.323745,     1.991964,    -0.001417,
  1707.100,    -0.301055,     2.012803,     0.005535,
  1707.150,    -0.241847,     1.977728,     0.000562,
  1707.200,    -0.172052,     1.943583,     0.000289,
  1707.250,    -0.092020,     1.878060,     0.005832,
  1707.300,    -0.006556,     1.716188,     0.003378,
  1707.350,     0.127478,     1.452515,     0.005135,
  1707.400,     0.290064,     1.139832,    -0.000053,
  1707.450,     0.484822,     0.851223,     0.009828,
  1707.500,     0.717131,     0.639538,     0.012997,
  1707.550,     0.917698,     0.604060,     0.008383,
  1707.600,     1.014031,     0.813209,     0.004942,
  1707.650,     0.887853,     1.263659,     0.007943,
  1707.700,     0.621935,     1.836553,     0.003433,
  1707.750,     0.318916,     2.379872,     0.000643,
  1707.800,     0.031296,     2.806634,     0.000782,
  1707.850,    -0.236311,     3.011721,     0.002336,
  1707.900,    -0.442872,     2.980675,    -0.001621,
  1707.950,    -0.502215,     2.724464,     0.000893,
  1708.000,    -0.420095,     2.294835,    -0.003481,
  1708.050,    -0.241341,     1.783803,    -0.001076,
  1708.100,    -0.018522,     1.269205,    -0.004887,
  1708.150,     0.228448,     0.851650,    -0.005684,
  1708.200,     0.456149,     0.570834,    -0.003250,
  1708.250,     0.678823,     0.472253,    -0.002459,
  1708.300,     0.828095,     0.513279,    -0.006429,
  1708.350,     0.886610,     0.688256,    -0.002234,
  1708.400,     0.831754,     0.913415,     0.001622,
  1708.450,     0.709399,     1.097041,    -0.001778,
  1708.500,     0.502798,     1.167100,    -0.000943,
  1708.550,     0.322252,     1.094580,     0.004418,
  1708.600,     0.103856,     0.988459,     0.000279,
  1708.650,    -0.066893,     0.890508,    -0.001080,
  1708.700,    -0.204249,     0.825239,     0.005219,
  1708.750,    -0.271781,     0.834482,     0.008144,
  1708.800,    -0.295259,     0.937989,     0.005246,
  1708.850,    -0.191075,     1.132657,     0.008791,
  1708.900,    -0.026674,     1.381238,     0.005847,
  1708.950,     0.143130,     1.550118,     0.007677,
  1709.000,     0.313951,     1.592862,     0.008786,
  1709.050,     0.501748,     1.496985,     0.003768,
  1709.100,     0.691488,     1.364264,     0.002642,
  1709.150,     0.863719,     1.220443,     0.003434,
  1709.200,     0.965326,     1.113766,     0.000527,
  1709.250,     0.958477,     1.030876,     0.003096,
  1709.300,     0.853958,     0.993686,     0.002818,
  1709.350,     0.698004,     1.015238,    -0.000699,
  1709.400,     0.529301,     1.048356,    -0.002175,
  1709.450,     0.355706,     1.140385,     0.002189,
  1709.500,     0.160839,     1.279681,     0.001341,
  1709.550,     0.006024,     1.419368,     0.000465,
  1709.600,    -0.094051,     1.520826,     0.002955,
  1709.650,    -0.089798,     1.610550,     0.000841,
  1709.700,    -0.048514,     1.662439,     0.001145,
  1709.750,     0.024329,     1.703517,     0.005694,
  1709.800,     0.025428,     1.703155,    -0.000214,
  1709.850,     0.030641,     1.587031,     0.001088,
  1709.900,     0.042898,     1.316544,     0.002169,
  1709.950,     0.083040,     0.990432,     0.001648,
  1710.000,     0.078813,     0.662223,     0.001927,
  1710.050,     0.097734,     0.439506,     0.002604,
  1710.100,     0.147509,     0.304805,    -0.001303,
  1710.150,     0.230307,     0.298283,    -0.006160,
  1710.200,     0.354363,     0.349277,    -0.000397,
  1710.250,     0.434617,     0.399695,    -0.000432,
  1710.300,     0.452086,     0.466908,     0.003366,
  1710.350,     0.315941,     0.427609,     0.003134,
  1710.400,     0.157237,     0.349779,     0.003017,
  1710.450,    -0.026474,     0.249391,     0.003831,
  1710.500,    -0.169434,     0.267603,     0.001715,
  1710.550,    -0.271011,     0.425202,    -0.000575,
  1710.600,    -0.314221,     0.670064,     0.004820,
  1710.650,    -0.299757,     0.961431,    -0.000792,
  1710.700,    -0.191986,     1.192651,     0.003353,
  1710.750,    -0.070198,     1.314931,     0.006217,
  1710.800,     0.084859,     1.339182,     0.004069,
  1710.850,     0.234057,     1.279172,     0.004132,
  1710.900,     0.368651,     1.094842,     0.005752,
  1710.950,     0.530243,     0.915425,     0.002990,
  1711.000,     0.605224,     0.741791,     0.004630,
  1711.050,     0.645375,     0.671570,     0.004894,
  1711.100,     0.621001,     0.663055,     0.005503,
  1711.150,     0.579209,     0.693004,    -0.006273,
  1711.200,     0.520806,     0.829999,     0.003152,
  1711.250,     0.423592,     1.120037,    -0.000467,
  1711.300,     0.353872,     1.462619,    -0.005628,
  1711.350,     0.315342,     1.783571,    -0.000997,
  1711.400,     0.257428,     1.975077,    -0.006447,
  1711.450,     0.201718,     1.983953,    -0.004674,
  1711.500,     0.103482,     1.791444,    -0.000337,
  1711.550,     0.029264,     1.416287,    -0.002564,
  1711.600,    -0.019309,     0.902035,    -0.002487,
  1711.650,    -0.007745,     0.412966,    -0.004188,
  1711.700,     0.075770,     0.053998,     0.001288,
  1711.750,     0.239786,    -0.022020,     0.002465,
  1711.800,     0.489137,     0.139481,    -0.004720,
  1711.850,     0.711576,     0.468412,     0.010114,
  1711.900,     0.896322,     0.870126,     0.001615,
  1711.950,     0.942461,     1.249804,     0.004353,
  1712.000,     0.876358,     1.590034,     0.003997,
  1712.050,     0.721985,     1.757380,    -0.001487,
  1712.100,     0.527405,     1.704202,     0.002007,
  1712.150,     0.314912,     1.456662,     0.000218,
  1712.200,     0.067865,     1.053388,     0.005064,
  1712.250,    -0.075698,     0.622955,     0.001357,
  1712.300,    -0.168052,     0.310986,     0.004337,
  1712.350,    -0.196873,     0.108602,     0.008434,
  1712.400,    -0.118845,     0.160012,    -0.000262,
  1712.450,    -0.037246,     0.437557,     0.004272,
  1712.500,     0.093145,     0.908591,    -0.001601,
  1712.550,     0.224594,     1.471358,     0.003159,
  1712.600,     0.314372,     1.942300,     0.000982,
  1712.650,     0.342693,     2.241039,    -0.000231,
  1712.700,     0.309614,     2.315176,     0.004756,
  1712.750,     0.260663,     2.166940,    -0.003925,
  1712.800,     0.237624,     1.869105,     0.001289,
  1712.850,     0.252646,     1.530207,     0.000511,
  1712.900,     0.299601,     1.262102,     0.000689,
  1712.950,     0.379882,     1.160561,     0.001455,
  1713.000,     0.490417,     1.214127,    -0.003805,
  1713.050,     0.558799,     1.422144,     0.005769,
  1713.100,     0.577803,     1.647660,    -0.003419,
  1713.150,     0.497035,     1.855765,    -0.002306,
  1713.200,     0.394751,     1.931107,    -0.002362,
  1713.250,     0.268692,     1.816466,    -0.001940,
  1713.300,     0.175164,     1.621859,    -0.006679,
  1713.350,     0.135774,     1.351444,     0.002399,
  1713.400,     0.145524,     1.063327,     0.002314,
  1713.450,     0.174226,     0.848513,     0.000462,
  1713.500,     0.248593,     0.704341,     0.001409,
  1713.550,     0.310069,     0.688907,     0.002092,
  1713.600,     0.373498,     0.819090,     0.003925,
  1713.650,     0.431501,     1.103136,    -0.000393,
  1713.700,     0.451394,     1.409114,     0.005075,
  1713.750,     0.433345,     1.692225,     0.000234,
  1713.800,     0.408441,     1.811971,     0.004889,
  1713.850,     0.430113,     1.754821,     0.006745,
  1713.900,     0.448103,     1.591743,     0.006861,
  1713.950,     0.442267,     1.231281,     0.005554,
  1714.000,     0.365590,     0.797407,     0.003682,
  1714.050,     0.228796,     0.365158,     0.001229,
  1714.100,     0.055157,     0.034516,     0.001624,
  1714.150,    -0.111187,    -0.026658,     0.000210,
  1714.200,    -0.195578,     0.184675,     0.001513,
  1714.250,    -0.230518,     0.606210,     0.001509,
  1714.300,    -0.165035,     1.089649,    -0.000047,
  1714.350,    -0.070452,     1.490815,    -0.002163,
  1714.400,     0.003317,     1.707233,    -0.003266,
  1714.450,     0.095144,     1.719465,    -0.004317,
  1714.500,     0.115869,     1.513489,     0.001645,
  1714.550,     0.118406,     1.197705,    -0.006764,
  1714.600,     0.095004,     0.856871,    -0.006400,
  1714.650,     0.131744,     0.634544,     0.001767,
  1714.700,     0.196159,     0.617475,    -0.001593,
  1714.750,     0.296157,     0.725275,     0.002227,
  1714.800,     0.380140,     0.924123,    -0.000221,
  1714.850,     0.391876,     1.106387,    -0.000863,
  1714.900,     0.382499,     1.103005,    -0.000287,
  1714.950,     0.311924,     0.913411,     0.006444,
  1715.000,     0.205747,     0.530180,     0.009666,
  1715.050,     0.077641,     0.134683,     0.006303,
  1715.100,     0.000635,    -0.269910,     0.004131,
  1715.150,    -0.022392,    -0.557224,     0.007128,
  1715.200,     0.023982,    -0.683033,     0.003507,
  1715.250,     0.090131,    -0.571705,     0.004161,
  1715.300,     0.142122,    -0.304670,     0.005140,
  1715.350,     0.201376,     0.078485,    -0.001342,
  1715.400,     0.355166,     0.538393,    -0.004536,
  1715.450,     0.480763,     1.028427,     0.004860,
  1715.500,     0.548722,     1.502242,    -0.000325,
  1715.550,     0.575318,     1.844738,     0.000722,
  1715.600,     0.518553,     1.933996,    -0.004270,
  1715.650,     0.403045,     1.728565,    -0.002323,
  1715.700,     0.224783,     1.229859,    -0.003680,
  1715.750,     0.033678,     0.540926,     0.000965,
  1715.800,    -0.102871,    -0.165826,    -0.003577,
  1715.850,    -0.134598,    -0.740224,    -0.000289,
  1715.900,    -0.074967,    -1.057480,     0.000630,
  1715.950,     0.074028,    -1.035766,    -0.002066,
  1716.000,     0.277203,    -0.629646,     0.001040,
  1716.050,     0.430537,     0.073212,     0.002664,
  1716.100,     0.572542,     0.854730,     0.005250,
  1716.150,     0.628133,     1.581930,     0.003053,
  1716.200,     0.633510,     2.064901,    -0.005351,
  1716.250,     0.568825,     2.253151,    -0.003223,
  1716.300,     0.415522,     2.119534,     0.004626,
  1716.350,     0.245478,     1.736978,     0.007627,
  1716.400,     0.106383,     1.250300,     0.004038,
  1716.450,     0.031791,     0.746373,    -0.005646,
  1716.500,     0.028132,     0.391037,     0.000525,
  1716.550,     0.124813,     0.223613,     0.001263,
  1716.600,     0.333429,     0.227837,    -0.003811,
  1716.650,     0.547027,     0.283777,     0.007381,
  1716.700,     0.766259,     0.363875,    -0.002016,
  1716.750,     0.875290,     0.414411,    -0.005868,
  1716.800,     0.861342,     0.382238,    -0.003516,
  1716.850,     0.710006,     0.386000,    -0.002055,
  1716.900,     0.487229,     0.413724,    -0.004691,
  1716.950,     0.217659,     0.532464,     0.000209,
  1717.000,     0.032632,     0.767610,    -0.003902,
  1717.050,    -0.096980,     1.103108,     0.003283,
  1717.100,    -0.043546,     1.447134,    -0.003346,
  1717.150,     0.055550,     1.758704,     0.007335,
  1717.200,     0.216857,     1.913312,     0.007415,
  1717.250,     0.355127,     1.989301,     0.004882,
  1717.300,     0.437153,     1.956454,     0.006309,
  1717.350,     0.433737,     1.767766,     0.000524,
  1717.400,     0.321281,     1.530295,     0.006786,
  1717.450,     0.202353,     1.168417,    -0.000505,
  1717.500,     0.078902,     0.812636,     0.007008,
  1717.550,    -0.025775,     0.407275,     0.006269,
  1717.600,    -0.054041,     0.038021,    -0.006593,
  1717.650,    -0.062631,    -0.290806,     0.001549,
  1717.700,    -0.010898,    -0.475594,    -0.003569,
  1717.750,     0.082174,    -0.410213,    -0.004691,
  1717.800,     0.226709,    -0.052088,    -0.003402,
  1717.850,     0.372572,     0.457475,    -0.007131,
  1717.900,     0.468125,     0.988306,    -0.001470,
  1717.950,     0.453035,     1.415740,    -0.000532,
  1718.000,     0.376331,     1.668179,    -0.004379,
  1718.050,     0.226032,     1.705765,    -0.001153,
  1718.100,     0.043703,     1.583977,    -0.000588,
  1718.150,    -0.156371,     1.329943,     0.001201,
  1718.200,    -0.310982,     1.036802,     0.004961,
  1718.250,    -0.358385,     0.768220,     0.004107,
  1718.300,    -0.269881,     0.553401,     0.006121,
  1718.350,    -0.057072,     0.472896,     0.006554,
  1718.400,     0.193286,     0.491900,     0.002650,
  1718.450,     0.440524,     0.624468,     0.005373,
  1718.500,     0.567353,     0.761028,     0.004812,
  1718.550,     0.572802,     0.885877,     0.005815,
  1718.600,     0.443972,     0.965360,     0.003197,
  1718.650,     0.276479,     1.019752,     0.003729,
  1718.700,     0.083190,     1.055398,     0.001793,
  1718.750,     0.011225,     1.122704,    -0.000430,
  1718.800,     0.055655,     1.344286,     0.001687,
  1718.850,     0.208882,     1.613377,    -0.006549,
  1718.900,     0.456935,     1.994283,    -0.005977,
  1718.950,     0.742094,     2.344918,    -0.003802,
  1719.000,     0.902129,     2.580013,    -0.002828,
  1719.050,     0.937490,     2.720220,     0.003273,
  1719.100,     0.868291,     2.634843,    -0.009383,
  1719.150,     0.737297,     2.351094,     0.001553,
  1719.200,     0.602494,     1.910511,     0.004506,
  1719.250,     0.517718,     1.332618,    -0.001123,
  1719.300,     0.473153,     0.717710,     0.003048,
  1719.350,     0.540483,     0.149211,     0.008771,
  1719.400,     0.678653,    -0.231224,     0.009994,
  1719.450,     0.796715,    -0.365955,     0.003944,
  1719.500,     0.900515,    -0.252983,     0.001360,
  1719.550,     0.948138,     0.065889,     0.006875,
  1719.600,     1.013587,     0.584058,     0.003279,
  1719.650,     1.016639,     1.177586,    -0.002708,
  1719.700,     0.919423,     1.803306,     0.000996,
  1719.750,     0.737158,     2.287425,    -0.004889,
  1719.800,     0.393097,     2.540220,    -0.001383,
  1719.850,     0.032986,     2.506058,     0.002012,
  1719.900,    -0.352772,     2.308830,    -0.003184,
  1719.950,    -0.637264,     1.970036,    -0.000419,
  1720.000,    -0.784868,     1.608460,    -0.001505,

