Time_abs/ps, Signal 1/nA, Ref.signal 1/nA, Signal 2/nA, Ref.signal 2/nA
  1600.000,     0.007615,     0.007615,     0.005816,
  1600.050,    -0.004646,    -0.004646,     0.003438,
  1600.100,     0.011497,     0.011497,    -0.004813,
  1600.150,    -0.005388,    -0.005388,    -0.003181,
  1600.200,    -0.009079,    -0.009079,    -0.001259,
  1600.250,    -0.022884,    -0.022884,    -0.000239,
  1600.300,    -0.011605,    -0.011605,     0.002638,
  1600.350,     0.000561,     0.000561,     0.002950,
  1600.400,     0.010459,     0.010459,     0.010237,
  1600.450,     0.008771,     0.008771,     0.007150,
  1600.500,    -0.000034,    -0.000034,     0.003372,
  1600.550,    -0.009125,    -0.009125,     0.004580,
  1600.600,    -0.021215,    -0.021215,     0.002743,
  1600.650,    -0.028924,    -0.028924,    -0.009191,
  1600.700,    -0.024922,    -0.024922,    -0.004015,
  1600.750,    -0.033412,    -0.033412,    -0.009657,
  1600.800,    -0.027306,    -0.027306,    -0.000683,
  1600.850,    -0.001638,    -0.001638,    -0.009239,
  1600.900,    -0.017430,    -0.017430,     0.005743,
  1600.950,    -0.006954,    -0.006954,     0.005614,
  1601.000,    -0.025601,    -0.025601,     0.009609,
  1601.050,    -0.025349,    -0.025349,     0.003043,
  1601.100,    -0.009534,    -0.009534,     0.008678,
  1601.150,    -0.028449,    -0.028449,     0.006041,
  1601.200,    -0.018410,    -0.018410,    -0.002707,
  1601.250,    -0.022588,    -0.022588,     0.001544,
  1601.300,    -0.037640,    -0.037640,    -0.002691,
  1601.350,    -0.024145,    -0.024145,    -0.007037,
  1601.400,    -0.019708,    -0.019708,    -0.004817,
  1601.450,    -0.036830,    -0.036830,    -0.001304,
  1601.500,    -0.020360,    -0.020360,    -0.002241,
  1601.550,    -0.021295,    -0.021295,     0.007524,
  1601.600,    -0.019094,    -0.019094,     0.007697,
  1601.650,    -0.038961,    -0.038961,     0.006693,
  1601.700,    -0.039712,    -0.039712,     0.004580,
  1601.750,    -0.046448,    -0.046448,    -0.002001,
  1601.800,    -0.049859,    -0.049859,     0.003697,
  1601.850,    -0.056273,    -0.056273,    -0.002781,
  1601.900,    -0.066449,    -0.066449,     0.004009,
  1601.950,    -0.072077,    -0.072077,    -0.005914,
  1602.000,    -0.063971,    -0.063971,    -0.003600,
  1602.050,    -0.049452,    -0.049452,     0.001351,
  1602.100,    -0.059367,    -0.059367,     0.004689,
  1602.150,    -0.063293,    -0.063293,     0.000781,
  1602.200,    -0.057947,    -0.057947,     0.005414,
  1602.250,    -0.047525,    -0.047525,     0.007111,
  1602.300,    -0.066134,    -0.066134,     0.001622,
  1602.350,    -0.074133,    -0.074133,     0.006487,
  1602.400,    -0.077379,    -0.077379,     0.003433,
  1602.450,    -0.060169,    -0.060169,    -0.004446,
  1602.500,    -0.080268,    -0.080268,     0.000566,
  1602.550,    -0.067907,    -0.067907,    -0.000765,
  1602.600,    -0.099132,    -0.099132,    -0.006170,
  1602.650,    -0.079462,    -0.079462,    -0.007513,
  1602.700,    -0.061615,    -0.061615,    -0.002680,
  1602.750,    -0.055587,    -0.055587,     0.002708,
  1602.800,    -0.049285,    -0.049285,     0.003259,
  1602.850,    -0.061351,    -0.061351,     0.005503,
  1602.900,    -0.051576,    -0.051576,     0.004673,
  1602.950,    -0.030425,    -0.030425,     0.010226,
  1603.000,    -0.045516,    -0.045516,     0.000765,
  1603.050,    -0.046597,    -0.046597,     0.002099,
  1603.100,    -0.041525,    -0.041525,    -0.000196,
  1603.150,    -0.058770,    -0.058770,    -0.000461,
  1603.200,    -0.067038,    -0.067038,     0.000059,
  1603.250,    -0.060943,    -0.060943,    -0.001200,
  1603.300,    -0.046130,    -0.046130,    -0.006396,
  1603.350,    -0.044856,    -0.044856,    -0.002124,
  1603.400,    -0.048941,    -0.048941,    -0.001889,
  1603.450,    -0.057768,    -0.057768,    -0.002639,
  1603.500,    -0.061647,    -0.061647,     0.001783,
  1603.550,    -0.072860,    -0.072860,     0.006135,
  1603.600,    -0.050958,    -0.050958,     0.006796,
  1603.650,    -0.058043,    -0.058043,     0.004326,
  1603.700,    -0.046480,    -0.046480,     0.007153,
  1603.750,    -0.039911,    -0.039911,     0.006148,
  1603.800,    -0.055079,    -0.055079,     0.006652,
  1603.850,    -0.055890,    -0.055890,     0.001855,
  1603.900,    -0.060794,    -0.060794,    -0.002503,
  1603.950,    -0.056321,    -0.056321,     0.003108,
  1604.000,    -0.053461,    -0.053461,    -0.000514,
  1604.050,    -0.061511,    -0.061511,    -0.006127,
  1604.100,    -0.073083,    -0.073083,    -0.003460,
  1604.150,    -0.058812,    -0.058812,    -0.001136,
  1604.200,    -0.056921,    -0.056921,     0.002716,
  1604.250,    -0.052816,    -0.052816,    -0.000878,
  1604.300,    -0.051204,    -0.051204,     0.005580,
  1604.350,    -0.050098,    -0.050098,     0.006403,
  1604.400,    -0.051308,    -0.051308,     0.000459,
  1604.450,    -0.055452,    -0.055452,     0.003055,
  1604.500,    -0.068069,    -0.068069,     0.003569,
  1604.550,    -0.050001,    -0.050001,     0.008624,
  1604.600,    -0.060544,    -0.060544,    -0.002218,
  1604.650,    -0.066102,    -0.066102,     0.003998,
  1604.700,    -0.067510,    -0.067510,    -0.002398,
  1604.750,    -0.069713,    -0.069713,     0.004618,
  1604.800,    -0.075049,    -0.075049,     0.002680,
  1604.850,    -0.068252,    -0.068252,    -0.002173,
  1604.900,    -0.068048,    -0.068048,    -0.000885,
  1604.950,    -0.057182,    -0.057182,     0.000534,
  1605.000,    -0.074073,    -0.074073,     0.001854,
  1605.050,    -0.073767,    -0.073767,     0.004922,
  1605.100,    -0.058804,    -0.058804,     0.005877,
  1605.150,    -0.074817,    -0.074817,     0.002772,
  1605.200,    -0.054424,    -0.054424,     0.000493,
  1605.250,    -0.059604,    -0.059604,     0.000235,
  1605.300,    -0.073760,    -0.073760,     0.002375,
  1605.350,    -0.080658,    -0.080658,     0.003230,
  1605.400,    -0.064059,    -0.064059,    -0.002051,
  1605.450,    -0.066206,    -0.066206,     0.007616,
  1605.500,    -0.061892,    -0.061892,     0.007247,
  1605.550,    -0.056416,    -0.056416,     0.004225,
  1605.600,    -0.060449,    -0.060449,    -0.002564,
  1605.650,    -0.062375,    -0.062375,    -0.002148,
  1605.700,    -0.064690,    -0.064690,    -0.001608,
  1605.750,    -0.067201,    -0.067201,    -0.002134,
  1605.800,    -0.053317,    -0.053317,    -0.002219,
  1605.850,    -0.075328,    -0.075328,    -0.002872,
  1605.900,    -0.081720,    -0.081720,     0.000897,
  1605.950,    -0.084957,    -0.084957,     0.002615,
  1606.000,    -0.063255,    -0.063255,    -0.000692,
  1606.050,    -0.061329,    -0.061329,     0.007159,
  1606.100,    -0.043735,    -0.043735,     0.002187,
  1606.150,    -0.050841,    -0.050841,     0.003867,
  1606.200,    -0.062682,    -0.062682,     0.002492,
  1606.250,    -0.048538,    -0.048538,     0.005396,
  1606.300,    -0.051206,    -0.051206,     0.002581,
  1606.350,    -0.056931,    -0.056931,    -0.001999,
  1606.400,    -0.061721,    -0.061721,     0.000853,
  1606.450,    -0.077838,    -0.077838,    -0.002019,
  1606.500,    -0.075351,    -0.075351,     0.001655,
  1606.550,    -0.045355,    -0.045355,     0.001419,
  1606.600,    -0.075436,    -0.075436,     0.000490,
  1606.650,    -0.075216,    -0.075216,    -0.003264,
  1606.700,    -0.067222,    -0.067222,     0.004779,
  1606.750,    -0.063340,    -0.063340,     0.003756,
  1606.800,    -0.069187,    -0.069187,    -0.000474,
  1606.850,    -0.065506,    -0.065506,     0.001466,
  1606.900,    -0.051772,    -0.051772,     0.008686,
  1606.950,    -0.049198,    -0.049198,     0.006915,
  1607.000,    -0.044549,    -0.044549,     0.003344,
  1607.050,    -0.057717,    -0.057717,     0.006508,
  1607.100,    -0.057853,    -0.057853,     0.008923,
  1607.150,    -0.075347,    -0.075347,     0.000377,
  1607.200,    -0.075670,    -0.075670,     0.002259,
  1607.250,    -0.067853,    -0.067853,     0.004417,
  1607.300,    -0.065862,    -0.065862,    -0.001633,
  1607.350,    -0.091792,    -0.091792,    -0.003527,
  1607.400,    -0.095613,    -0.095613,    -0.000397,
  1607.450,    -0.089350,    -0.089350,    -0.000271,
  1607.500,    -0.075400,    -0.075400,    -0.000305,
  1607.550,    -0.104859,    -0.104859,    -0.002308,
  1607.600,    -0.098777,    -0.098777,     0.002049,
  1607.650,    -0.092790,    -0.092790,     0.003037,
  1607.700,    -0.102410,    -0.102410,    -0.001608,
  1607.750,    -0.103796,    -0.103796,    -0.001757,
  1607.800,    -0.101278,    -0.101278,     0.001023,
  1607.850,    -0.124529,    -0.124529,     0.002993,
  1607.900,    -0.136633,    -0.136633,     0.006433,
  1607.950,    -0.124998,    -0.124998,     0.004720,
  1608.000,    -0.137278,    -0.137278,     0.003736,
  1608.050,    -0.131250,    -0.131250,     0.003834,
  1608.100,    -0.141260,    -0.141260,     0.004213,
  1608.150,    -0.161652,    -0.161652,     0.002349,
  1608.200,    -0.162870,    -0.162870,    -0.004322,
  1608.250,    -0.156415,    -0.156415,    -0.005070,
  1608.300,    -0.147483,    -0.147483,     0.001189,
  1608.350,    -0.147606,    -0.147606,    -0.002478,
  1608.400,    -0.157783,    -0.157783,     0.006257,
  1608.450,    -0.149063,    -0.149063,    -0.000504,
  1608.500,    -0.130967,    -0.130967,     0.000256,
  1608.550,    -0.132564,    -0.132564,     0.006236,
  1608.600,    -0.131408,    -0.131408,     0.002369,
  1608.650,    -0.119437,    -0.119437,     0.006112,
  1608.700,    -0.132012,    -0.132012,     0.007719,
  1608.750,    -0.130531,    -0.130531,     0.002916,
  1608.800,    -0.127366,    -0.127366,    -0.001616,
  1608.850,    -0.114349,    -0.114349,     0.007096,
  1608.900,    -0.118084,    -0.118084,     0.009113,
  1608.950,    -0.108535,    -0.108535,    -0.006000,
  1609.000,    -0.122791,    -0.122791,    -0.000821,
  1609.050,    -0.112637,    -0.112637,     0.008089,
  1609.100,    -0.100752,    -0.100752,     0.004413,
  1609.150,    -0.101737,    -0.101737,    -0.001781,
  1609.200,    -0.083625,    -0.083625,    -0.005380,
  1609.250,    -0.090299,    -0.090299,    -0.004091,
  1609.300,    -0.092264,    -0.092264,    -0.000689,
  1609.350,    -0.063074,    -0.063074,     0.003215,
  1609.400,    -0.072413,    -0.072413,     0.000306,
  1609.450,    -0.097468,    -0.097468,     0.000775,
  1609.500,    -0.062004,    -0.062004,     0.005107,
  1609.550,    -0.074665,    -0.074665,    -0.002562,
  1609.600,    -0.082541,    -0.082541,     0.000778,
  1609.650,    -0.095405,    -0.095405,     0.001403,
  1609.700,    -0.072481,    -0.072481,     0.001912,
  1609.750,    -0.073364,    -0.073364,     0.000303,
  1609.800,    -0.048757,    -0.048757,     0.001593,
  1609.850,    -0.050317,    -0.050317,     0.001754,
  1609.900,    -0.050132,    -0.050132,     0.007630,
  1609.950,    -0.052159,    -0.052159,     0.006513,
  1610.000,    -0.076507,    -0.076507,     0.005661,
  1610.050,    -0.090168,    -0.090168,     0.004866,
  1610.100,    -0.092489,    -0.092489,    -0.000853,
  1610.150,    -0.092585,    -0.092585,     0.002064,
  1610.200,    -0.087222,    -0.087222,     0.006927,
  1610.250,    -0.102442,    -0.102442,     0.004799,
  1610.300,    -0.110517,    -0.110517,     0.003744,
  1610.350,    -0.117500,    -0.117500,    -0.001050,
  1610.400,    -0.123959,    -0.123959,    -0.002977,
  1610.450,    -0.132789,    -0.132789,    -0.002174,
  1610.500,    -0.137259,    -0.137259,    -0.005530,
  1610.550,    -0.141640,    -0.141640,    -0.003469,
  1610.600,    -0.131035,    -0.131035,     0.001900,
  1610.650,    -0.137492,    -0.137492,     0.006154,
  1610.700,    -0.131505,    -0.131505,     0.002276,
  1610.750,    -0.161033,    -0.161033,     0.003719,
  1610.800,    -0.172221,    -0.172221,     0.004919,
  1610.850,    -0.194941,    -0.194941,     0.005797,
  1610.900,    -0.172747,    -0.172747,     0.003197,
  1610.950,    -0.179672,    -0.179672,     0.005471,
  1611.000,    -0.196484,    -0.196484,     0.009854,
  1611.050,    -0.217035,    -0.217035,     0.003538,
  1611.100,    -0.213329,    -0.213329,    -0.003495,
  1611.150,    -0.239635,    -0.239635,     0.001997,
  1611.200,    -0.240099,    -0.240099,     0.001770,
  1611.250,    -0.215287,    -0.215287,     0.003102,
  1611.300,    -0.217257,    -0.217257,    -0.002598,
  1611.350,    -0.223915,    -0.223915,    -0.005079,
  1611.400,    -0.225158,    -0.225158,    -0.007069,
  1611.450,    -0.227445,    -0.227445,    -0.000164,
  1611.500,    -0.219021,    -0.219021,    -0.003330,
  1611.550,    -0.196926,    -0.196926,    -0.007763,
  1611.600,    -0.221091,    -0.221091,    -0.002158,
  1611.650,    -0.212736,    -0.212736,     0.005788,
  1611.700,    -0.199161,    -0.199161,    -0.001575,
  1611.750,    -0.192209,    -0.192209,     0.000177,
  1611.800,    -0.199529,    -0.199529,     0.007180,
  1611.850,    -0.174264,    -0.174264,     0.003031,
  1611.900,    -0.168421,    -0.168421,     0.001101,
  1611.950,    -0.185613,    -0.185613,     0.002247,
  1612.000,    -0.193127,    -0.193127,    -0.001741,
  1612.050,    -0.202004,    -0.202004,     0.003686,
  1612.100,    -0.203686,    -0.203686,     0.002331,
  1612.150,    -0.192196,    -0.192196,    -0.000487,
  1612.200,    -0.228909,    -0.228909,    -0.001592,
  1612.250,    -0.217702,    -0.217702,     0.000523,
  1612.300,    -0.218946,    -0.218946,    -0.001400,
  1612.350,    -0.226065,    -0.226065,    -0.004443,
  1612.400,    -0.209106,    -0.209106,     0.004619,
  1612.450,    -0.219318,    -0.219318,     0.004691,
  1612.500,    -0.206316,    -0.206316,     0.000150,
  1612.550,    -0.213026,    -0.213026,     0.000117,
  1612.600,    -0.230964,    -0.230964,     0.004203,
  1612.650,    -0.237960,    -0.237960,     0.003087,
  1612.700,    -0.240506,    -0.240506,    -0.000170,
  1612.750,    -0.236160,    -0.236160,    -0.003071,
  1612.800,    -0.233167,    -0.233167,    -0.003229,
  1612.850,    -0.256656,    -0.256656,     0.001173,
  1612.900,    -0.239617,    -0.239617,     0.000877,
  1612.950,    -0.245471,    -0.245471,     0.000754,
  1613.000,    -0.262886,    -0.262886,     0.000641,
  1613.050,    -0.251333,    -0.251333,     0.001853,
  1613.100,    -0.256567,    -0.256567,    -0.001289,
  1613.150,    -0.244889,    -0.244889,     0.000934,
  1613.200,    -0.267568,    -0.267568,     0.000047,
  1613.250,    -0.263436,    -0.263436,     0.002148,
  1613.300,    -0.261406,    -0.261406,     0.001967,
  1613.350,    -0.262316,    -0.262316,    -0.000296,
  1613.400,    -0.263597,    -0.263597,    -0.002832,
  1613.450,    -0.263895,    -0.263895,     0.001797,
  1613.500,    -0.253962,    -0.253962,     0.004147,
  1613.550,    -0.267384,    -0.267384,     0.001082,
  1613.600,    -0.282852,    -0.282852,     0.001790,
  1613.650,    -0.294390,    -0.294390,     0.001239,
  1613.700,    -0.269291,    -0.269291,    -0.001384,
  1613.750,    -0.296063,    -0.296063,     0.000601,
  1613.800,    -0.295676,    -0.295676,    -0.001299,
  1613.850,    -0.290447,    -0.290447,     0.000319,
  1613.900,    -0.308364,    -0.308364,     0.000739,
  1613.950,    -0.311033,    -0.311033,    -0.002761,
  1614.000,    -0.298176,    -0.298176,     0.006909,
  1614.050,    -0.320096,    -0.320096,     0.006190,
  1614.100,    -0.327092,    -0.327092,     0.007194,
  1614.150,    -0.336267,    -0.336267,     0.006599,
  1614.200,    -0.347295,    -0.347295,     0.005289,
  1614.250,    -0.345886,    -0.345886,     0.002615,
  1614.300,    -0.330335,    -0.330335,     0.001243,
  1614.350,    -0.335595,    -0.335595,    -0.001253,
  1614.400,    -0.326397,    -0.326397,    -0.000119,
  1614.450,    -0.335081,    -0.335081,     0.002870,
  1614.500,    -0.341281,    -0.341281,    -0.005878,
  1614.550,    -0.341916,    -0.341916,    -0.007773,
  1614.600,    -0.342900,    -0.342900,     0.000335,
  1614.650,    -0.342125,    -0.342125,    -0.001076,
  1614.700,    -0.318097,    -0.318097,    -0.003027,
  1614.750,    -0.315540,    -0.315540,     0.003562,
  1614.800,    -0.298863,    -0.298863,     0.007131,
  1614.850,    -0.298416,    -0.298416,     0.010345,
  1614.900,    -0.312369,    -0.312369,     0.005245,
  1614.950,    -0.298750,    -0.298750,     0.005692,
  1615.000,    -0.299329,    -0.299329,     0.006447,
  1615.050,    -0.316875,    -0.316875,     0.003715,
  1615.100,    -0.339941,    -0.339941,     0.002221,
  1615.150,    -0.354372,    -0.354372,    -0.000388,
  1615.200,    -0.349586,    -0.349586,    -0.000594,
  1615.250,    -0.375272,    -0.375272,     0.000202,
  1615.300,    -0.391255,    -0.391255,    -0.004731,
  1615.350,    -0.412063,    -0.412063,    -0.005494,
  1615.400,    -0.422098,    -0.422098,    -0.006137,
  1615.450,    -0.408363,    -0.408363,    -0.001871,
  1615.500,    -0.404922,    -0.404922,     0.001732,
  1615.550,    -0.411461,    -0.411461,     0.006821,
  1615.600,    -0.401083,    -0.401083,    -0.000854,
  1615.650,    -0.408784,    -0.408784,    -0.000913,
  1615.700,    -0.415894,    -0.415894,     0.002549,
  1615.750,    -0.406058,    -0.406058,     0.007464,
  1615.800,    -0.429032,    -0.429032,     0.000903,
  1615.850,    -0.454615,    -0.454615,    -0.001180,
  1615.900,    -0.455064,    -0.455064,     0.001509,
  1615.950,    -0.455368,    -0.455368,     0.000746,
  1616.000,    -0.466990,    -0.466990,     0.007894,
  1616.050,    -0.474880,    -0.474880,     0.001106,
  1616.100,    -0.480263,    -0.480263,    -0.003685,
  1616.150,    -0.480738,    -0.480738,     0.000003,
  1616.200,    -0.476577,    -0.476577,    -0.003192,
  1616.250,    -0.483261,    -0.483261,     0.000813,
  1616.300,    -0.490949,    -0.490949,     0.003186,
  1616.350,    -0.490765,    -0.490765,    -0.000195,
  1616.400,    -0.495713,    -0.495713,    -0.000299,
  1616.450,    -0.492477,    -0.492477,     0.001394,
  1616.500,    -0.503176,    -0.503176,    -0.000030,
  1616.550,    -0.526755,    -0.526755,     0.003753,
  1616.600,    -0.506274,    -0.506274,     0.002264,
  1616.650,    -0.492097,    -0.492097,     0.004419,
  1616.700,    -0.494707,    -0.494707,     0.005568,
  1616.750,    -0.491688,    -0.491688,     0.001469,
  1616.800,    -0.491173,    -0.491173,     0.001549,
  1616.850,    -0.493725,    -0.493725,     0.000729,
  1616.900,    -0.487156,    -0.487156,    -0.000202,
  1616.950,    -0.489569,    -0.489569,     0.001102,
  1617.000,    -0.506868,    -0.506868,    -0.001680,
  1617.050,    -0.487291,    -0.487291,    -0.004256,
  1617.100,    -0.474220,    -0.474220,    -0.001879,
  1617.150,    -0.483483,    -0.483483,    -0.001259,
  1617.200,    -0.473541,    -0.473541,    -0.000300,
  1617.250,    -0.474562,    -0.474562,     0.004478,
  1617.300,    -0.456456,    -0.456456,     0.002154,
  1617.350,    -0.446705,    -0.446705,     0.000183,
  1617.400,    -0.459078,    -0.459078,     0.004092,
  1617.450,    -0.445847,    -0.445847,     0.004214,
  1617.500,    -0.438835,    -0.438835,     0.002812,
  1617.550,    -0.433537,    -0.433537,     0.004334,
  1617.600,    -0.436497,    -0.436497,    -0.000353,
  1617.650,    -0.418269,    -0.418269,     0.002782,
  1617.700,    -0.416141,    -0.416141,     0.003334,
  1617.750,    -0.407228,    -0.407228,    -0.002305,
  1617.800,    -0.401720,    -0.401720,     0.001573,
  1617.850,    -0.380863,    -0.380863,    -0.002855,
  1617.900,    -0.371745,    -0.371745,     0.001768,
  1617.950,    -0.338327,    -0.338327,     0.006825,
  1618.000,    -0.281234,    -0.281234,     0.002082,
  1618.050,    -0.232384,    -0.232384,     0.006289,
  1618.100,    -0.193871,    -0.193871,     0.008169,
  1618.150,    -0.161821,    -0.161821,     0.003551,
  1618.200,    -0.119875,    -0.119875,     0.006373,
  1618.250,    -0.077524,    -0.077524,     0.006362,
  1618.300,    -0.071774,    -0.071774,     0.003585,
  1618.350,    -0.087374,    -0.087374,    -0.000745,
  1618.400,    -0.196099,    -0.196099,    -0.000627,
  1618.450,    -0.348139,    -0.348139,    -0.002759,
  1618.500,    -0.610612,    -0.610612,    -0.000947,
  1618.550,    -0.952923,    -0.952923,    -0.001642,
  1618.600,    -1.333053,    -1.333053,    -0.009818,
  1618.650,    -1.743931,    -1.743931,    -0.003684,
  1618.700,    -2.126887,    -2.126887,    -0.001036,
  1618.750,    -2.394161,    -2.394161,    -0.001562,
  1618.800,    -2.457728,    -2.457728,    -0.001651,
  1618.850,    -2.309845,    -2.309845,     0.001709,
  1618.900,    -1.995652,    -1.995652,     0.001453,
  1618.950,    -1.602009,    -1.602009,     0.007605,
  1619.000,    -1.184876,    -1.184876,     0.008715,
  1619.050,    -0.797805,    -0.797805,     0.008841,
  1619.100,    -0.520714,    -0.520714,     0.008195,
  1619.150,    -0.297820,    -0.297820,     0.001178,
  1619.200,    -0.164513,    -0.164513,    -0.001797,
  1619.250,    -0.133796,    -0.133796,     0.006291,
  1619.300,    -0.141140,    -0.141140,    -0.000821,
  1619.350,    -0.189173,    -0.189173,    -0.002215,
  1619.400,    -0.272831,    -0.272831,    -0.003070,
  1619.450,    -0.366149,    -0.366149,    -0.002853,
  1619.500,    -0.414662,    -0.414662,    -0.004344,
  1619.550,    -0.486669,    -0.486669,     0.001098,
  1619.600,    -0.532702,    -0.532702,     0.002268,
  1619.650,    -0.559336,    -0.559336,     0.005488,
  1619.700,    -0.580338,    -0.580338,     0.002207,
  1619.750,    -0.589772,    -0.589772,     0.003521,
  1619.800,    -0.591029,    -0.591029,     0.003832,
  1619.850,    -0.607447,    -0.607447,     0.008511,
  1619.900,    -0.624791,    -0.624791,     0.006145,
  1619.950,    -0.651564,    -0.651564,     0.006755,
  1620.000,    -0.699427,    -0.699427,     0.002932,
  1620.050,    -0.712156,    -0.712156,     0.000542,
  1620.100,    -0.740053,    -0.740053,     0.000231,
  1620.150,    -0.779035,    -0.779035,    -0.000882,
  1620.200,    -0.777557,    -0.777557,    -0.005716,
  1620.250,    -0.783301,    -0.783301,    -0.002548,
  1620.300,    -0.795376,    -0.795376,    -0.000315,
  1620.350,    -0.762885,    -0.762885,    -0.003945,
  1620.400,    -0.756703,    -0.756703,     0.002498,
  1620.450,    -0.755122,    -0.755122,     0.001904,
  1620.500,    -0.759587,    -0.759587,    -0.001899,
  1620.550,    -0.770126,    -0.770126,    -0.002005,
  1620.600,    -0.762379,    -0.762379,    -0.000084,
  1620.650,    -0.799293,    -0.799293,     0.001187,
  1620.700,    -0.826538,    -0.826538,     0.002417,
  1620.750,    -0.825007,    -0.825007,     0.004723,
  1620.800,    -0.836559,    -0.836559,     0.002710,
  1620.850,    -0.864981,    -0.864981,     0.002561,
  1620.900,    -0.872562,    -0.872562,     0.005340,
  1620.950,    -0.863349,    -0.863349,     0.003145,
  1621.000,    -0.892779,    -0.892779,     0.000393,
  1621.050,    -0.900679,    -0.900679,    -0.003626,
  1621.100,    -0.903279,    -0.903279,     0.001555,
  1621.150,    -0.929399,    -0.929399,    -0.001057,
  1621.200,    -0.946151,    -0.946151,     0.004362,
  1621.250,    -0.973433,    -0.973433,     0.002645,
  1621.300,    -1.002156,    -1.002156,     0.000710,
  1621.350,    -1.031033,    -1.031033,     0.000134,
  1621.400,    -1.055723,    -1.055723,     0.006457,
  1621.450,    -1.082439,    -1.082439,     0.003241,
  1621.500,    -1.040745,    -1.040745,     0.001068,
  1621.550,    -1.007067,    -1.007067,    -0.000376,
  1621.600,    -0.969472,    -0.969472,    -0.004651,
  1621.650,    -0.923275,    -0.923275,    -0.004122,
  1621.700,    -0.868363,    -0.868363,    -0.003036,
  1621.750,    -0.839668,    -0.839668,    -0.005520,
  1621.800,    -0.839075,    -0.839075,    -0.001343,
  1621.850,    -0.835832,    -0.835832,     0.006190,
  1621.900,    -0.868083,    -0.868083,     0.001535,
  1621.950,    -0.905803,    -0.905803,    -0.000545,
  1622.000,    -0.925178,    -0.925178,     0.004371,
  1622.050,    -0.925425,    -0.925425,     0.004336,
  1622.100,    -0.933014,    -0.933014,     0.004495,
  1622.150,    -0.943333,    -0.943333,     0.008225,
  1622.200,    -0.946160,    -0.946160,     0.013555,
  1622.250,    -0.947706,    -0.947706,     0.006856,
  1622.300,    -0.936598,    -0.936598,    -0.003586,
  1622.350,    -0.911204,    -0.911204,    -0.001914,
  1622.400,    -0.902913,    -0.902913,    -0.003781,
  1622.450,    -0.885350,    -0.885350,    -0.009616,
  1622.500,    -0.852988,    -0.852988,    -0.006359,
  1622.550,    -0.809969,    -0.809969,    -0.006537,
  1622.600,    -0.785377,    -0.785377,    -0.008290,
  1622.650,    -0.742969,    -0.742969,    -0.005213,
  1622.700,    -0.686576,    -0.686576,     0.002182,
  1622.750,    -0.613374,    -0.613374,     0.003628,
  1622.800,    -0.510101,    -0.510101,     0.002745,
  1622.850,    -0.403846,    -0.403846,     0.010007,
  1622.900,    -0.275957,    -0.275957,     0.014034,
  1622.950,    -0.136301,    -0.136301,     0.010200,
  1623.000,    -0.013895,    -0.013895,     0.010801,
  1623.050,     0.097326,     0.097326,     0.012335,
  1623.100,     0.115637,     0.115637,     0.006979,
  1623.150,     0.008123,     0.008123,     0.003416,
  1623.200,    -0.326249,    -0.326249,     0.001230,
  1623.250,    -1.001347,    -1.001347,     0.000364,
  1623.300,    -2.122518,    -2.122518,    -0.004704,
  1623.350,    -3.843026,    -3.843026,    -0.005267,
  1623.400,    -6.190226,    -6.190226,    -0.007388,
  1623.450,    -9.079033,    -9.079033,    -0.004794,
  1623.500,   -12.222148,   -12.222148,    -0.003781,
  1623.550,   -15.132563,   -15.132563,    -0.004252,
  1623.600,   -17.125555,   -17.125555,    -0.000026,
  1623.650,   -17.493563,   -17.493563,    -0.000249,
  1623.700,   -15.827166,   -15.827166,     0.002607,
  1623.750,   -12.123533,   -12.123533,     0.004909,
  1623.800,    -6.997025,    -6.997025,     0.005849,
  1623.850,    -1.427215,    -1.427215,     0.007260,
  1623.900,     3.484423,     3.484423,     0.006792,
  1623.950,     6.934489,     6.934489,     0.008517,
  1624.000,     8.513791,     8.513791,     0.002138,
  1624.050,     8.337132,     8.337132,     0.003057,
  1624.100,     6.748450,     6.748450,     0.000433,
  1624.150,     4.178412,     4.178412,    -0.002314,
  1624.200,     1.205607,     1.205607,    -0.001110,
  1624.250,    -1.618595,    -1.618595,    -0.000860,
  1624.300,    -3.847212,    -3.847212,    -0.001327,
  1624.350,    -5.274983,    -5.274983,     0.002283,
  1624.400,    -5.999073,    -5.999073,     0.005056,
  1624.450,    -6.210488,    -6.210488,     0.004263,
  1624.500,    -6.037645,    -6.037645,     0.004425,
  1624.550,    -5.448199,    -5.448199,     0.002618,
  1624.600,    -4.513717,    -4.513717,    -0.000534,
  1624.650,    -3.507028,    -3.507028,     0.001265,
  1624.700,    -2.713990,    -2.713990,     0.005131,
  1624.750,    -2.169706,    -2.169706,    -0.001132,
  1624.800,    -1.805950,    -1.805950,     0.003194,
  1624.850,    -1.469886,    -1.469886,     0.000101,
  1624.900,    -1.140785,    -1.140785,     0.003562,
  1624.950,    -0.812284,    -0.812284,     0.001087,
  1625.000,    -0.407357,    -0.407357,     0.000281,
  1625.050,     0.132472,     0.132472,     0.002908,
  1625.100,     0.838794,     0.838794,     0.001900,
  1625.150,     1.727241,     1.727241,     0.009837,
  1625.200,     2.765705,     2.765705,     0.017804,
  1625.250,     3.889177,     3.889177,     0.009288,
  1625.300,     5.077292,     5.077292,     0.000118,
  1625.350,     6.273234,     6.273234,     0.002474,
  1625.400,     7.478472,     7.478472,     0.003356,
  1625.450,     8.746009,     8.746009,     0.004134,
  1625.500,    10.060120,    10.060120,    -0.002246,
  1625.550,    11.467869,    11.467869,    -0.006850,
  1625.600,    13.071246,    13.071246,    -0.004385,
  1625.650,    14.898890,    14.898890,    -0.003466,
  1625.700,    17.010325,    17.010325,    -0.005802,
  1625.750,    19.501218,    19.501218,    -0.009115,
  1625.800,    22.428147,    22.428147,    -0.004851,
  1625.850,    25.822997,    25.822997,    -0.001610,
  1625.900,    29.700968,    29.700968,     0.003254,
  1625.950,    34.164119,    34.164119,     0.003786,
  1626.000,    39.328189,    39.328189,    -0.001218,
  1626.050,    45.320874,    45.320874,    -0.000235,
  1626.100,    52.213222,    52.213222,     0.002578,
  1626.150,    60.173804,    60.173804,     0.002528,
  1626.200,    69.234329,    69.234329,    -0.007372,
  1626.250,    79.317423,    79.317423,    -0.008381,
  1626.300,    90.147328,    90.147328,    -0.004251,
  1626.350,   101.149397,   101.149397,    -0.008563,
  1626.400,   111.240914,   111.240914,    -0.006559,
  1626.450,   118.577158,   118.577158,    -0.010440,
  1626.500,   120.330037,   120.330037,    -0.011692,
  1626.550,   112.301036,   112.301036,     0.004240,
  1626.600,    88.936240,    88.936240,     0.013833,
  1626.650,    43.654300,    43.654300,     0.018082,
  1626.700,   -30.080523,   -30.080523,     0.031842,
  1626.750,  -136.599317,  -136.599317,     0.038282,
  1626.800,  -275.383844,  -275.383844,     0.045875,
  1626.850,  -438.202199,  -438.202199,     0.047736,
  1626.900,  -607.466873,  -607.466873,     0.044307,
  1626.950,  -756.832510,  -756.832510,     0.035865,
  1627.000,  -853.304042,  -853.304042,     0.023846,
  1627.050,  -863.652525,  -863.652525,     0.016945,
  1627.100,  -767.964910,  -767.964910,     0.015618,
  1627.150,  -573.556554,  -573.556554,     0.027079,
  1627.200,  -314.836492,  -314.836492,     0.040813,
  1627.250,   -38.717001,   -38.717001,     0.042511,
  1627.300,   213.204124,   213.204124,     0.035955,
  1627.350,   414.370761,   414.370761,     0.023500,
  1627.400,   551.418659,   551.418659,     0.009585,
  1627.450,   618.154752,   618.154752,     0.003836,
  1627.500,   615.650001,   615.650001,    -0.005937,
  1627.550,   555.920794,   555.920794,    -0.012137,
  1627.600,   461.606808,   461.606808,    -0.010495,
  1627.650,   358.092630,   358.092630,    -0.016336,
  1627.700,   262.795631,   262.795631,    -0.021731,
  1627.750,   181.288099,   181.288099,    -0.020631,
  1627.800,   113.143369,   113.143369,    -0.021424,
  1627.850,    59.884677,    59.884677,    -0.016449,
  1627.900,    26.164406,    26.164406,    -0.010912,
  1627.950,    13.388737,    13.388737,    -0.012703,
  1628.000,    14.807836,    14.807836,    -0.011772,
  1628.050,    19.605023,    19.605023,    -0.008488,
  1628.100,    20.976186,    20.976186,    -0.009429,
  1628.150,    18.573325,    18.573325,    -0.003716,
  1628.200,    13.737354,    13.737354,    -0.002270,
  1628.250,     6.294082,     6.294082,    -0.000689,
  1628.300,    -3.942722,    -3.942722,     0.000394,
  1628.350,   -15.291041,   -15.291041,    -0.000451,
  1628.400,   -25.115936,   -25.115936,     0.000088,
  1628.450,   -31.509963,   -31.509963,     0.004686,
  1628.500,   -33.304194,   -33.304194,     0.003836,
  1628.550,   -29.992888,   -29.992888,     0.006770,
  1628.600,   -22.742302,   -22.742302,     0.006142,
  1628.650,   -14.414926,   -14.414926,    -0.001692,
  1628.700,    -7.483234,    -7.483234,     0.000583,
  1628.750,    -2.984859,    -2.984859,     0.002295,
  1628.800,    -1.164252,    -1.164252,    -0.000507,
  1628.850,    -2.118112,    -2.118112,     0.002796,
  1628.900,    -5.174189,    -5.174189,    -0.002900,
  1628.950,    -9.286403,    -9.286403,    -0.005707,
  1629.000,   -13.634145,   -13.634145,    -0.001194,
  1629.050,   -17.083424,   -17.083424,    -0.007391,
  1629.100,   -18.429742,   -18.429742,    -0.007248,
  1629.150,   -17.405915,   -17.405915,     0.002774,
  1629.200,   -14.983355,   -14.983355,     0.004057,
  1629.250,   -11.998510,   -11.998510,     0.002149,
  1629.300,    -8.593464,    -8.593464,     0.009386,
  1629.350,    -5.354663,    -5.354663,     0.009174,
  1629.400,    -3.324842,    -3.324842,     0.010912,
  1629.450,    -2.418323,    -2.418323,     0.005665,
  1629.500,    -1.744800,    -1.744800,     0.001296,
  1629.550,    -1.435813,    -1.435813,     0.005379,
  1629.600,    -2.146204,    -2.146204,     0.003423,
  1629.650,    -3.579164,    -3.579164,    -0.001716,
  1629.700,    -5.007354,    -5.007354,    -0.001247,
  1629.750,    -6.289650,    -6.289650,    -0.004375,
  1629.800,    -7.321848,    -7.321848,    -0.004454,
  1629.850,    -7.916487,    -7.916487,    -0.001781,
  1629.900,    -8.401538,    -8.401538,    -0.004988,
  1629.950,    -9.063405,    -9.063405,     0.004376,
  1630.000,    -9.528301,    -9.528301,     0.004819,
  1630.050,    -9.995554,    -9.995554,     0.001114,
  1630.100,   -11.552468,   -11.552468,     0.000497,
  1630.150,   -14.581446,   -14.581446,     0.005904,
  1630.200,   -18.110098,   -18.110098,     0.008693,
  1630.250,   -21.159664,   -21.159664,     0.004522,
  1630.300,   -23.552278,   -23.552278,     0.007663,
  1630.350,   -25.200944,   -25.200944,     0.002113,
  1630.400,   -25.526302,   -25.526302,     0.000608,
  1630.450,   -23.619052,   -23.619052,     0.004144,
  1630.500,   -18.819349,   -18.819349,     0.004686,
  1630.550,   -11.499617,   -11.499617,     0.004155,
  1630.600,    -3.149112,    -3.149112,    -0.000276,
  1630.650,     4.452853,     4.452853,    -0.000075,
  1630.700,    10.046533,    10.046533,     0.003272,
  1630.750,    13.060233,    13.060233,     0.001364,
  1630.800,    13.620158,    13.620158,     0.000557,
  1630.850,    12.157680,    12.157680,     0.002450,
  1630.900,     9.274574,     9.274574,     0.005923,
  1630.950,     5.856123,     5.856123,     0.008649,
  1631.000,     2.993944,     2.993944,     0.004994,
  1631.050,     1.406954,     1.406954,    -0.002446,
  1631.100,     1.309775,     1.309775,    -0.004035,
  1631.150,     2.395546,     2.395546,    -0.001823,
  1631.200,     3.763499,     3.763499,     0.007481,
  1631.250,     4.322650,     4.322650,     0.003964,
  1631.300,     3.926636,     3.926636,     0.001622,
  1631.350,     3.166550,     3.166550,    -0.002235,
  1631.400,     2.265575,     2.265575,    -0.000602,
  1631.450,     1.160862,     1.160862,     0.007658,
  1631.500,     0.170592,     0.170592,     0.005417,
  1631.550,    -0.376537,    -0.376537,     0.005631,
  1631.600,    -0.448203,    -0.448203,     0.004819,
  1631.650,    -0.184167,    -0.184167,     0.004797,
  1631.700,     0.207198,     0.207198,     0.003492,
  1631.750,     0.439720,     0.439720,     0.003260,
  1631.800,     0.576219,     0.576219,     0.004408,
  1631.850,     0.828175,     0.828175,    -0.002355,
  1631.900,     1.151283,     1.151283,    -0.007962,
  1631.950,     1.302174,     1.302174,    -0.005152,
  1632.000,     1.393799,     1.393799,    -0.001581,
  1632.050,     1.363982,     1.363982,    -0.006068,
  1632.100,     0.892051,     0.892051,    -0.007069,
  1632.150,    -0.002850,    -0.002850,    -0.006710,
  1632.200,    -0.749953,    -0.749953,    -0.003903,
  1632.250,    -0.775002,    -0.775002,     0.002263,
  1632.300,    -0.086435,    -0.086435,     0.001161,
  1632.350,     0.719788,     0.719788,     0.006159,
  1632.400,     0.976297,     0.976297,     0.009890,
  1632.450,     0.479779,     0.479779,     0.007241,
  1632.500,    -0.447088,    -0.447088,     0.011129,
  1632.550,    -1.509570,    -1.509570,     0.011802,
  1632.600,    -2.620741,    -2.620741,     0.005262,
  1632.650,    -3.634282,    -3.634282,     0.002426,
  1632.700,    -4.182021,    -4.182021,    -0.001118,
  1632.750,    -3.906807,    -3.906807,    -0.000707,
  1632.800,    -2.793900,    -2.793900,    -0.005665,
  1632.850,    -1.227206,    -1.227206,    -0.002373,
  1632.900,     0.409447,     0.409447,    -0.009360,
  1632.950,     1.757836,     1.757836,    -0.008295,
  1633.000,     2.638111,     2.638111,    -0.003679,
  1633.050,     3.037544,     3.037544,     0.002145,
  1633.100,     2.807701,     2.807701,     0.000094,
  1633.150,     1.846147,     1.846147,     0.001941,
  1633.200,     0.418482,     0.418482,     0.008557,
  1633.250,    -0.781082,    -0.781082,     0.009946,
  1633.300,    -1.114038,    -1.114038,     0.005813,
  1633.350,    -0.548134,    -0.548134,     0.006842,
  1633.400,     0.372960,     0.372960,     0.006841,
  1633.450,     1.093779,     1.093779,     0.003664,
  1633.500,     1.532629,     1.532629,    -0.002034,
  1633.550,     1.931117,     1.931117,    -0.001967,
  1633.600,     2.205702,     2.205702,     0.002487,
  1633.650,     2.028786,     2.028786,    -0.003361,
  1633.700,     1.294591,     1.294591,    -0.005067,
  1633.750,     0.509281,     0.509281,    -0.000868,
  1633.800,     0.259539,     0.259539,    -0.000852,
  1633.850,     0.637703,     0.637703,    -0.003289,
  1633.900,     1.288410,     1.288410,    -0.005261,
  1633.950,     1.735328,     1.735328,     0.001567,
  1634.000,     2.004661,     2.004661,     0.002780,
  1634.050,     2.524687,     2.524687,     0.007230,
  1634.100,     3.538086,     3.538086,     0.004787,
  1634.150,     4.817174,     4.817174,     0.003324,
  1634.200,     5.771806,     5.771806,     0.002367,
  1634.250,     5.894634,     5.894634,     0.001821,
  1634.300,     5.019867,     5.019867,     0.003718,
  1634.350,     3.374413,     3.374413,     0.006497,
  1634.400,     1.468931,     1.468931,     0.002811,
  1634.450,    -0.234864,    -0.234864,     0.002979,
  1634.500,    -1.331142,    -1.331142,    -0.000605,
  1634.550,    -1.620024,    -1.620024,    -0.002132,
  1634.600,    -1.193751,    -1.193751,     0.001712,
  1634.650,    -0.221375,    -0.221375,     0.000729,
  1634.700,     0.944310,     0.944310,    -0.006758,
  1634.750,     1.802740,     1.802740,    -0.003606,
  1634.800,     2.103127,     2.103127,    -0.000215,
  1634.850,     1.980898,     1.980898,    -0.000143,
  1634.900,     1.834150,     1.834150,    -0.001543,
  1634.950,     1.554471,     1.554471,     0.001667,
  1635.000,     0.849765,     0.849765,     0.001354,
  1635.050,    -0.364628,    -0.364628,     0.001028,
  1635.100,    -1.647068,    -1.647068,     0.003316,
  1635.150,    -2.463542,    -2.463542,     0.002084,
  1635.200,    -2.393592,    -2.393592,     0.001591,
  1635.250,    -1.539666,    -1.539666,     0.002298,
  1635.300,    -0.367061,    -0.367061,     0.003434,
  1635.350,     0.786164,     0.786164,     0.007500,
  1635.400,     1.800347,     1.800347,     0.009165,
  1635.450,     2.567745,     2.567745,     0.005475,
  1635.500,     2.857418,     2.857418,     0.008941,
  1635.550,     2.729597,     2.729597,     0.005539,
  1635.600,     2.507415,     2.507415,     0.001825,
  1635.650,     2.725166,     2.725166,     0.000275,
  1635.700,     3.536522,     3.536522,     0.001898,
  1635.750,     4.719953,     4.719953,    -0.000675,
  1635.800,     5.978758,     5.978758,    -0.003121,
  1635.850,     7.139484,     7.139484,    -0.002676,
  1635.900,     8.018270,     8.018270,    -0.002624,
  1635.950,     8.408722,     8.408722,    -0.001958,
  1636.000,     8.099335,     8.099335,    -0.005082,
  1636.050,     6.992960,     6.992960,    -0.001917,
  1636.100,     5.083596,     5.083596,     0.001861,
  1636.150,     2.715300,     2.715300,    -0.003018,
  1636.200,     0.553834,     0.553834,    -0.004234,
  1636.250,    -0.974464,    -0.974464,    -0.000533,
  1636.300,    -1.866223,    -1.866223,     0.003562,
  1636.350,    -2.360050,    -2.360050,    -0.002136,
  1636.400,    -2.625182,    -2.625182,     0.007292,
  1636.450,    -2.683920,    -2.683920,     0.005142,
  1636.500,    -2.569406,    -2.569406,     0.005092,
  1636.550,    -2.462354,    -2.462354,     0.004796,
  1636.600,    -2.381856,    -2.381856,     0.000672,
  1636.650,    -2.249739,    -2.249739,    -0.003684,
  1636.700,    -1.943175,    -1.943175,    -0.001550,
  1636.750,    -1.563875,    -1.563875,    -0.002618,
  1636.800,    -1.173989,    -1.173989,    -0.003604,
  1636.850,    -0.740138,    -0.740138,    -0.004016,
  1636.900,    -0.124872,    -0.124872,    -0.004389,
  1636.950,     0.609759,     0.609759,    -0.002357,
  1637.000,     1.406203,     1.406203,    -0.002528,
  1637.050,     2.317221,     2.317221,     0.003801,
  1637.100,     3.254949,     3.254949,    -0.003901,
  1637.150,     4.003688,     4.003688,     0.002193,
  1637.200,     4.135708,     4.135708,     0.007401,
  1637.250,     3.405202,     3.405202,     0.009048,
  1637.300,     1.985505,     1.985505,     0.013616,
  1637.350,     0.434592,     0.434592,     0.008607,
  1637.400,    -0.822254,    -0.822254,     0.007192,
  1637.450,    -1.575648,    -1.575648,     0.006406,
  1637.500,    -1.729813,    -1.729813,     0.004019,
  1637.550,    -1.255113,    -1.255113,    -0.000879,
  1637.600,    -0.338612,    -0.338612,    -0.002958,
  1637.650,     0.763632,     0.763632,    -0.000052,
  1637.700,     1.740224,     1.740224,    -0.006172,
  1637.750,     2.460679,     2.460679,    -0.005944,
  1637.800,     2.958997,     2.958997,    -0.003571,
  1637.850,     3.299934,     3.299934,    -0.005963,
  1637.900,     3.385711,     3.385711,    -0.006156,
  1637.950,     3.162409,     3.162409,    -0.004156,
  1638.000,     2.824086,     2.824086,     0.004645,
  1638.050,     2.523193,     2.523193,     0.005895,
  1638.100,     2.167881,     2.167881,    -0.003286,
  1638.150,     1.673464,     1.673464,     0.002837,
  1638.200,     1.097867,     1.097867,     0.006223,
  1638.250,     0.595649,     0.595649,     0.008922,
  1638.300,     0.267708,     0.267708,     0.008023,
  1638.350,     0.215812,     0.215812,     0.005319,
  1638.400,     0.300757,     0.300757,     0.010061,
  1638.450,     0.210374,     0.210374,     0.002668,
  1638.500,    -0.234144,    -0.234144,    -0.000479,
  1638.550,    -0.859218,    -0.859218,     0.006246,
  1638.600,    -1.345800,    -1.345800,     0.001818,
  1638.650,    -1.384178,    -1.384178,    -0.004614,
  1638.700,    -1.020408,    -1.020408,    -0.001037,
  1638.750,    -0.342018,    -0.342018,    -0.003343,
  1638.800,     0.725234,     0.725234,    -0.006388,
  1638.850,     2.078701,     2.078701,    -0.000049,
  1638.900,     3.398893,     3.398893,    -0.005255,
  1638.950,     4.392974,     4.392974,    -0.004232,
  1639.000,     4.958612,     4.958612,    -0.004433,
  1639.050,     5.103479,     5.103479,    -0.000683,
  1639.100,     4.824185,     4.824185,     0.005535,
  1639.150,     3.945542,     3.945542,     0.002245,
  1639.200,     2.410317,     2.410317,     0.003148,
  1639.250,     0.343592,     0.343592,     0.003010,
  1639.300,    -1.854028,    -1.854028,     0.005176,
  1639.350,    -3.661547,    -3.661547,     0.006310,
  1639.400,    -4.850082,    -4.850082,     0.003189,
  1639.450,    -5.255514,    -5.255514,     0.007642,
  1639.500,    -4.758078,    -4.758078,    -0.003729,
  1639.550,    -3.317165,    -3.317165,     0.003472,
  1639.600,    -1.240698,    -1.240698,     0.003821,
  1639.650,     1.045305,     1.045305,     0.003735,
  1639.700,     2.943423,     2.943423,    -0.002216,
  1639.750,     4.244858,     4.244858,    -0.006339,
  1639.800,     5.100088,     5.100088,    -0.003956,
  1639.850,     5.546860,     5.546860,    -0.001985,
  1639.900,     5.334418,     5.334418,    -0.008438,
  1639.950,     4.304736,     4.304736,    -0.005469,
  1640.000,     2.511987,     2.511987,    -0.001399,
  1640.050,     0.352506,     0.352506,     0.002274,
  1640.100,    -1.575325,    -1.575325,     0.009223,
  1640.150,    -2.746470,    -2.746470,     0.003126,
  1640.200,    -3.031769,    -3.031769,     0.002616,
  1640.250,    -2.697153,    -2.697153,    -0.000802,
  1640.300,    -2.044046,    -2.044046,     0.005375,
  1640.350,    -1.309203,    -1.309203,     0.009431,
  1640.400,    -0.531349,    -0.531349,     0.006694,
  1640.450,     0.062713,     0.062713,     0.010726,
  1640.500,     0.293488,     0.293488,     0.003417,
  1640.550,     0.269254,     0.269254,     0.000583,
  1640.600,     0.404838,     0.404838,     0.003778,
  1640.650,     1.032106,     1.032106,    -0.002498,
  1640.700,     2.062719,     2.062719,    -0.003850,
  1640.750,     3.106748,     3.106748,    -0.006726,
  1640.800,     3.840306,     3.840306,    -0.004027,
  1640.850,     4.170689,     4.170689,    -0.001603,
  1640.900,     4.128747,     4.128747,    -0.007795,
  1640.950,     3.825790,     3.825790,     0.002295,
  1641.000,     3.105605,     3.105605,     0.006192,
  1641.050,     1.919317,     1.919317,     0.007464,
  1641.100,     0.499471,     0.499471,     0.010781,
  1641.150,    -0.655401,    -0.655401,     0.007227,
  1641.200,    -1.180790,    -1.180790,     0.007681,
  1641.250,    -0.932680,    -0.932680,     0.012005,
  1641.300,     0.065962,     0.065962,     0.005926,
  1641.350,     1.640657,     1.640657,     0.006501,
  1641.400,     3.587384,     3.587384,     0.005249,
  1641.450,     5.627009,     5.627009,    -0.000684,
  1641.500,     7.283995,     7.283995,     0.001643,
  1641.550,     7.929273,     7.929273,     0.002872,
  1641.600,     7.229707,     7.229707,    -0.002137,
  1641.650,     5.437746,     5.437746,    -0.001276,
  1641.700,     3.255428,     3.255428,    -0.004603,
  1641.750,     1.287893,     1.287893,    -0.007616,
  1641.800,    -0.430065,    -0.430065,    -0.000215,
  1641.850,    -1.912394,    -1.912394,     0.002968,
  1641.900,    -2.921142,    -2.921142,    -0.000989,
  1641.950,    -3.164518,    -3.164518,     0.001540,
  1642.000,    -2.711609,    -2.711609,     0.005865,
  1642.050,    -2.023525,    -2.023525,     0.012387,
  1642.100,    -1.612473,    -1.612473,     0.005836,
  1642.150,    -1.626222,    -1.626222,     0.005220,
  1642.200,    -1.895577,    -1.895577,     0.014651,
  1642.250,    -2.231396,    -2.231396,     0.010382,
  1642.300,    -2.317654,    -2.317654,    -0.001419,
  1642.350,    -1.902629,    -1.902629,     0.002265,
  1642.400,    -0.786280,    -0.786280,     0.002480,
  1642.450,     1.129492,     1.129492,    -0.001495,
  1642.500,     3.499094,     3.499094,    -0.005053,
  1642.550,     5.749574,     5.749574,     0.001117,
  1642.600,     7.199591,     7.199591,    -0.001196,
  1642.650,     7.364164,     7.364164,    -0.002554,
  1642.700,     6.108811,     6.108811,     0.002554,
  1642.750,     3.760737,     3.760737,    -0.001744,
  1642.800,     1.035424,     1.035424,    -0.000510,
  1642.850,    -1.500944,    -1.500944,    -0.001265,
  1642.900,    -3.580921,    -3.580921,     0.001506,
  1642.950,    -5.075783,    -5.075783,     0.002806,
  1643.000,    -5.654107,    -5.654107,     0.003861,
  1643.050,    -4.892246,    -4.892246,     0.002349,
  1643.100,    -2.572867,    -2.572867,     0.004822,
  1643.150,     0.931624,     0.931624,     0.012000,
  1643.200,     4.734468,     4.734468,     0.006921,
  1643.250,     7.863014,     7.863014,     0.003607,
  1643.300,     9.581584,     9.581584,     0.004153,
  1643.350,     9.571676,     9.571676,     0.010236,
  1643.400,     7.899424,     7.899424,     0.003047,
  1643.450,     4.949290,     4.949290,    -0.001172,
  1643.500,     1.389123,     1.389123,    -0.000052,
  1643.550,    -1.934049,    -1.934049,    -0.004878,
  1643.600,    -4.311451,    -4.311451,    -0.004910,
  1643.650,    -5.354010,    -5.354010,    -0.000560,
  1643.700,    -5.268690,    -5.268690,    -0.004791,
  1643.750,    -4.557273,    -4.557273,    -0.004823,
  1643.800,    -3.695180,    -3.695180,    -0.001047,
  1643.850,    -2.738433,    -2.738433,    -0.004312,
  1643.900,    -1.598857,    -1.598857,     0.003738,
  1643.950,    -0.426964,    -0.426964,     0.004890,
  1644.000,     0.606600,     0.606600,     0.006201,
  1644.050,     1.409146,     1.409146,     0.009788,
  1644.100,     2.057791,     2.057791,     0.014638,
  1644.150,     2.602047,     2.602047,     0.014306,
  1644.200,     3.052287,     3.052287,     0.003122,
  1644.250,     3.248419,     3.248419,     0.004456,
  1644.300,     3.271796,     3.271796,     0.001552,
  1644.350,     3.133470,     3.133470,    -0.003275,
  1644.400,     2.880073,     2.880073,    -0.002384,
  1644.450,     2.369453,     2.369453,    -0.004240,
  1644.500,     1.468208,     1.468208,    -0.004335,
  1644.550,     0.140516,     0.140516,    -0.005789,
  1644.600,    -1.456805,    -1.456805,    -0.004519,
  1644.650,    -3.080571,    -3.080571,    -0.003096,
  1644.700,    -4.479910,    -4.479910,    -0.000584,
  1644.750,    -5.262017,    -5.262017,     0.000625,
  1644.800,    -5.094079,    -5.094079,    -0.000479,
  1644.850,    -3.856473,    -3.856473,     0.009106,
  1644.900,    -1.698483,    -1.698483,     0.005833,
  1644.950,     0.847717,     0.847717,     0.008200,
  1645.000,     3.351845,     3.351845,     0.008265,
  1645.050,     5.478878,     5.478878,     0.004986,
  1645.100,     6.879348,     6.879348,     0.005319,
  1645.150,     7.193092,     7.193092,    -0.000181,
  1645.200,     6.209300,     6.209300,    -0.000468,
  1645.250,     4.192611,     4.192611,    -0.004395,
  1645.300,     1.729110,     1.729110,    -0.003065,
  1645.350,    -0.502945,    -0.502945,    -0.002101,
  1645.400,    -2.066343,    -2.066343,    -0.004909,
  1645.450,    -2.800311,    -2.800311,    -0.004472,
  1645.500,    -2.672023,    -2.672023,    -0.000146,
  1645.550,    -1.756019,    -1.756019,     0.002120,
  1645.600,    -0.414681,    -0.414681,     0.001193,
  1645.650,     0.885057,     0.885057,    -0.000777,
  1645.700,     1.681047,     1.681047,     0.005568,
  1645.750,     1.914041,     1.914041,     0.003432,
  1645.800,     1.801556,     1.801556,     0.010471,
  1645.850,     1.604196,     1.604196,     0.006927,
  1645.900,     1.597945,     1.597945,     0.003074,
  1645.950,     1.796716,     1.796716,     0.005942,
  1646.000,     2.086455,     2.086455,     0.003905,
  1646.050,     2.404416,     2.404416,     0.001317,
  1646.100,     2.883028,     2.883028,    -0.001984,
  1646.150,     3.470125,     3.470125,    -0.002645,
  1646.200,     3.800494,     3.800494,     0.002648,
  1646.250,     3.519708,     3.519708,     0.002097,
  1646.300,     2.324408,     2.324408,     0.000801,
  1646.350,     0.377733,     0.377733,     0.000689,
  1646.400,    -1.639211,    -1.639211,    -0.000999,
  1646.450,    -3.273408,    -3.273408,    -0.004365,
  1646.500,    -4.368732,    -4.368732,    -0.003462,
  1646.550,    -4.902630,    -4.902630,    -0.002775,
  1646.600,    -4.539004,    -4.539004,    -0.003029,
  1646.650,    -2.895854,    -2.895854,     0.002731,
  1646.700,    -0.051166,    -0.051166,    -0.002503,
  1646.750,     3.371334,     3.371334,     0.002657,
  1646.800,     6.374152,     6.374152,     0.007852,
  1646.850,     8.159886,     8.159886,     0.005174,
  1646.900,     8.407146,     8.407146,     0.010957,
  1646.950,     7.260378,     7.260378,     0.005190,
  1647.000,     5.100806,     5.100806,    -0.000357,
  1647.050,     2.369490,     2.369490,     0.004185,
  1647.100,    -0.467867,    -0.467867,     0.004627,
  1647.150,    -2.881076,    -2.881076,     0.005266,
  1647.200,    -4.160517,    -4.160517,     0.000138,
  1647.250,    -4.009448,    -4.009448,    -0.009474,
  1647.300,    -2.728079,    -2.728079,    -0.006604,
  1647.350,    -0.931201,    -0.931201,    -0.010074,
  1647.400,     0.907262,     0.907262,    -0.005902,
  1647.450,     2.466837,     2.466837,     0.004275,
  1647.500,     3.419829,     3.419829,     0.005104,
  1647.550,     3.613173,     3.613173,     0.005614,
  1647.600,     2.940241,     2.940241,     0.001111,
  1647.650,     1.733533,     1.733533,     0.002300,
  1647.700,     0.600073,     0.600073,     0.008881,
  1647.750,     0.106117,     0.106117,     0.012121,
  1647.800,     0.398465,     0.398465,     0.006691,
  1647.850,     1.138148,     1.138148,    -0.000669,
  1647.900,     1.833618,     1.833618,     0.006699,
  1647.950,     2.254569,     2.254569,     0.002114,
  1648.000,     2.366573,     2.366573,    -0.002797,
  1648.050,     2.160168,     2.160168,    -0.015325,
  1648.100,     1.678289,     1.678289,    -0.009790,
  1648.150,     1.088022,     1.088022,    -0.003960,
  1648.200,     0.468325,     0.468325,    -0.011122,
  1648.250,    -0.085080,    -0.085080,    -0.007959,
  1648.300,    -0.424321,    -0.424321,     0.004228,
  1648.350,    -0.445310,    -0.445310,     0.006348,
  1648.400,    -0.052121,    -0.052121,     0.003137,
  1648.450,     0.676347,     0.676347,     0.003629,
  1648.500,     1.592305,     1.592305,     0.015838,
  1648.550,     2.568017,     2.568017,     0.012072,
  1648.600,     3.345554,     3.345554,     0.006817,
  1648.650,     3.660376,     3.660376,     0.014764,
  1648.700,     3.156357,     3.156357,     0.008823,
  1648.750,     1.812877,     1.812877,    -0.002281,
  1648.800,     0.100915,     0.100915,     0.000871,
  1648.850,    -1.311793,    -1.311793,    -0.002101,
  1648.900,    -1.930688,    -1.930688,    -0.004331,
  1648.950,    -1.794235,    -1.794235,    -0.003998,
  1649.000,    -1.199253,    -1.199253,    -0.002506,
  1649.050,    -0.342031,    -0.342031,    -0.011577,
  1649.100,     0.771827,     0.771827,    -0.000339,
  1649.150,     1.928787,     1.928787,     0.002669,
  1649.200,     2.813558,     2.813558,    -0.002170,
  1649.250,     3.133130,     3.133130,     0.003564,
  1649.300,     2.861016,     2.861016,     0.006941,
  1649.350,     2.236333,     2.236333,     0.004457,
  1649.400,     1.521251,     1.521251,     0.008395,
  1649.450,     0.906289,     0.906289,     0.001722,
  1649.500,     0.542241,     0.542241,     0.005183,
  1649.550,     0.529363,     0.529363,     0.002819,
  1649.600,     0.919639,     0.919639,    -0.003816,
  1649.650,     1.593277,     1.593277,     0.005603,
  1649.700,     2.286626,     2.286626,     0.000830,
  1649.750,     2.769640,     2.769640,    -0.002812,
  1649.800,     2.829136,     2.829136,    -0.001396,
  1649.850,     2.390700,     2.390700,    -0.002602,
  1649.900,     1.623867,     1.623867,    -0.000118,
  1649.950,     0.734181,     0.734181,    -0.002292,
  1650.000,     0.053056,     0.053056,     0.004857,
  1650.050,    -0.300182,    -0.300182,     0.000979,
  1650.100,    -0.330311,    -0.330311,     0.006374,
  1650.150,     0.160527,     0.160527,     0.003377,
  1650.200,     1.115636,     1.115636,     0.004362,
  1650.250,     2.248310,     2.248310,     0.003592,
  1650.300,     3.317872,     3.317872,    -0.000209,
  1650.350,     4.218050,     4.218050,     0.002992,
  1650.400,     4.802698,     4.802698,     0.002071,
  1650.450,     4.799560,     4.799560,     0.007925,
  1650.500,     3.937437,     3.937437,     0.006637,
  1650.550,     2.234988,     2.234988,    -0.000914,
  1650.600,     0.093360,     0.093360,    -0.002282,
  1650.650,    -1.962899,    -1.962899,     0.003104,
  1650.700,    -3.475688,    -3.475688,     0.002290,
  1650.750,    -4.036231,    -4.036231,    -0.001047,
  1650.800,    -3.473809,    -3.473809,    -0.004696,
  1650.850,    -1.886582,    -1.886582,    -0.003860,
  1650.900,     0.126319,     0.126319,    -0.001138,
  1650.950,     1.818449,     1.818449,    -0.007894,
  1651.000,     2.693813,     2.693813,    -0.002678,
  1651.050,     2.733047,     2.733047,    -0.005435,
  1651.100,     2.152289,     2.152289,     0.005122,
  1651.150,     1.258361,     1.258361,     0.006562,
  1651.200,     0.158188,     0.158188,     0.007029,
  1651.250,    -0.942973,    -0.942973,     0.009907,
  1651.300,    -1.804075,    -1.804075,     0.007578,
  1651.350,    -2.231281,    -2.231281,     0.002774,
  1651.400,    -2.134919,    -2.134919,     0.000103,
  1651.450,    -1.592647,    -1.592647,     0.004913,
  1651.500,    -0.586536,    -0.586536,     0.002923,
  1651.550,     0.569924,     0.569924,    -0.001340,
  1651.600,     1.485851,     1.485851,    -0.006855,
  1651.650,     1.863712,     1.863712,    -0.011134,
  1651.700,     1.731539,     1.731539,    -0.007031,
  1651.750,     1.275343,     1.275343,    -0.004464,
  1651.800,     0.735871,     0.735871,    -0.003490,
  1651.850,     0.323951,     0.323951,    -0.001212,
  1651.900,     0.344839,     0.344839,     0.002006,
  1651.950,     0.881324,     0.881324,     0.001560,
  1652.000,     1.640736,     1.640736,     0.004798,
  1652.050,     2.277143,     2.277143,     0.009574,
  1652.100,     2.580827,     2.580827,     0.009517,
  1652.150,     2.568938,     2.568938,     0.006918,
  1652.200,     2.170394,     2.170394,     0.005060,
  1652.250,     1.352140,     1.352140,     0.007469,
  1652.300,     0.204674,     0.204674,    -0.001923,
  1652.350,    -0.882404,    -0.882404,    -0.002254,
  1652.400,    -1.414204,    -1.414204,    -0.004008,
  1652.450,    -1.075575,    -1.075575,    -0.003960,
  1652.500,     0.051595,     0.051595,    -0.006523,
  1652.550,     1.459865,     1.459865,    -0.008872,
  1652.600,     2.605237,     2.605237,    -0.005526,
  1652.650,     3.283422,     3.283422,    -0.002299,
  1652.700,     3.466495,     3.466495,    -0.000564,
  1652.750,     3.142623,     3.142623,     0.004404,
  1652.800,     2.283277,     2.283277,     0.006170,
  1652.850,     0.979266,     0.979266,     0.007954,
  1652.900,    -0.404800,    -0.404800,     0.015855,
  1652.950,    -1.550247,    -1.550247,     0.009981,
  1653.000,    -2.182721,    -2.182721,     0.002753,
  1653.050,    -2.153554,    -2.153554,     0.002342,
  1653.100,    -1.634214,    -1.634214,    -0.003495,
  1653.150,    -0.797085,    -0.797085,    -0.003960,
  1653.200,     0.248118,     0.248118,    -0.005298,
  1653.250,     1.459119,     1.459119,    -0.004760,
  1653.300,     2.663853,     2.663853,     0.000266,
  1653.350,     3.522087,     3.522087,    -0.005456,
  1653.400,     3.822955,     3.822955,    -0.003556,
  1653.450,     3.637938,     3.637938,    -0.003331,
  1653.500,     3.161850,     3.161850,    -0.001157,
  1653.550,     2.520111,     2.520111,     0.011149,
  1653.600,     1.814874,     1.814874,     0.012377,
  1653.650,     1.234400,     1.234400,     0.007953,
  1653.700,     0.964248,     0.964248,     0.008278,
  1653.750,     1.153447,     1.153447,     0.003603,
  1653.800,     1.694563,     1.694563,     0.002774,
  1653.850,     2.303654,     2.303654,     0.002565,
  1653.900,     2.495366,     2.495366,     0.001444,
  1653.950,     2.154924,     2.154924,    -0.003233,
  1654.000,     1.370564,     1.370564,    -0.007037,
  1654.050,     0.382061,     0.382061,    -0.004560,
  1654.100,    -0.531363,    -0.531363,    -0.000523,
  1654.150,    -1.062805,    -1.062805,     0.004591,
  1654.200,    -1.035515,    -1.035515,     0.004183,
  1654.250,    -0.385731,    -0.385731,     0.002099,
  1654.300,     0.691815,     0.691815,     0.005126,
  1654.350,     1.933382,     1.933382,     0.002509,
  1654.400,     3.167818,     3.167818,     0.003070,
  1654.450,     4.040509,     4.040509,     0.005676,
  1654.500,     4.375167,     4.375167,     0.005431,
  1654.550,     4.107046,     4.107046,     0.002479,
  1654.600,     3.441271,     3.441271,     0.005654,
  1654.650,     2.591825,     2.591825,     0.001342,
  1654.700,     1.536290,     1.536290,    -0.004579,
  1654.750,     0.339489,     0.339489,    -0.002583,
  1654.800,    -0.839023,    -0.839023,     0.004210,
  1654.850,    -1.675263,    -1.675263,     0.002076,
  1654.900,    -1.996982,    -1.996982,    -0.002539,
  1654.950,    -1.820432,    -1.820432,     0.000502,
  1655.000,    -1.270407,    -1.270407,     0.000714,
  1655.050,    -0.493290,    -0.493290,     0.003345,
  1655.100,     0.607018,     0.607018,     0.001277,
  1655.150,     1.841395,     1.841395,     0.000996,
  1655.200,     2.976855,     2.976855,     0.006919,
  1655.250,     3.762788,     3.762788,     0.005156,
  1655.300,     4.141734,     4.141734,    -0.000893,
  1655.350,     4.145293,     4.145293,    -0.005096,
  1655.400,     3.864822,     3.864822,     0.000090,
  1655.450,     3.244388,     3.244388,     0.000865,
  1655.500,     2.195073,     2.195073,     0.002561,
  1655.550,     0.900733,     0.900733,     0.007252,
  1655.600,    -0.429988,    -0.429988,     0.006336,
  1655.650,    -1.408666,    -1.408666,     0.002135,
  1655.700,    -1.807847,    -1.807847,    -0.000288,
  1655.750,    -1.769096,    -1.769096,     0.005373,
  1655.800,    -1.473016,    -1.473016,    -0.000707,
  1655.850,    -1.085380,    -1.085380,    -0.001982,
  1655.900,    -0.577102,    -0.577102,    -0.000029,
  1655.950,     0.080463,     0.080463,    -0.003567,
  1656.000,     0.942668,     0.942668,    -0.001753,
  1656.050,     1.876642,     1.876642,     0.002591,
  1656.100,     2.847501,     2.847501,    -0.001948,
  1656.150,     3.721898,     3.721898,     0.008642,
  1656.200,     4.248206,     4.248206,     0.006418,
  1656.250,     4.202214,     4.202214,     0.004325,
  1656.300,     3.353246,     3.353246,     0.006801,
  1656.350,     1.916903,     1.916903,     0.001425,
  1656.400,     0.319465,     0.319465,     0.006573,
  1656.450,    -1.015867,    -1.015867,     0.006906,
  1656.500,    -1.926385,    -1.926385,    -0.003396,
  1656.550,    -2.433142,    -2.433142,    -0.002245,
  1656.600,    -2.618615,    -2.618615,    -0.001522,
  1656.650,    -2.587156,    -2.587156,    -0.001827,
  1656.700,    -2.401076,    -2.401076,    -0.000775,
  1656.750,    -2.161640,    -2.161640,    -0.002136,
  1656.800,    -1.677688,    -1.677688,    -0.005189,
  1656.850,    -0.860168,    -0.860168,    -0.002883,
  1656.900,     0.249309,     0.249309,     0.002829,
  1656.950,     1.487038,     1.487038,     0.001885,
  1657.000,     2.530050,     2.530050,     0.008043,
  1657.050,     3.091155,     3.091155,     0.008321,
  1657.100,     3.094993,     3.094993,     0.009779,
  1657.150,     2.552871,     2.552871,     0.007803,
  1657.200,     1.766720,     1.766720,     0.007978,
  1657.250,     0.884781,     0.884781,    -0.002914,
  1657.300,     0.133546,     0.133546,    -0.002671,
  1657.350,    -0.366438,    -0.366438,     0.001444,
  1657.400,    -0.600281,    -0.600281,    -0.004985,
  1657.450,    -0.555912,    -0.555912,    -0.006286,
  1657.500,    -0.281646,    -0.281646,    -0.002608,
  1657.550,     0.095342,     0.095342,    -0.002041,
  1657.600,     0.421960,     0.421960,     0.000834,
  1657.650,     0.527875,     0.527875,     0.001013,
  1657.700,     0.364514,     0.364514,     0.004053,
  1657.750,     0.217246,     0.217246,     0.004608,
  1657.800,     0.330583,     0.330583,     0.008627,
  1657.850,     0.759865,     0.759865,     0.007429,
  1657.900,     1.271932,     1.271932,     0.005600,
  1657.950,     1.754661,     1.754661,     0.005454,
  1658.000,     2.053071,     2.053071,     0.004764,
  1658.050,     2.051475,     2.051475,     0.000466,
  1658.100,     1.749968,     1.749968,    -0.003044,
  1658.150,     1.257728,     1.257728,    -0.002177,
  1658.200,     0.738166,     0.738166,    -0.007327,
  1658.250,     0.284834,     0.284834,    -0.002131,
  1658.300,    -0.112484,    -0.112484,    -0.002420,
  1658.350,    -0.434638,    -0.434638,     0.001460,
  1658.400,    -0.599247,    -0.599247,     0.002989,
  1658.450,    -0.513607,    -0.513607,     0.002628,
  1658.500,    -0.238587,    -0.238587,     0.004034,
  1658.550,     0.133237,     0.133237,     0.004667,
  1658.600,     0.732043,     0.732043,     0.003344,
  1658.650,     1.685146,     1.685146,     0.001132,
  1658.700,     3.120261,     3.120261,     0.002857,
  1658.750,     4.878546,     4.878546,     0.006386,
  1658.800,     6.469332,     6.469332,     0.000129,
  1658.850,     7.482532,     7.482532,    -0.006463,
  1658.900,     7.620730,     7.620730,    -0.002808,
  1658.950,     6.938656,     6.938656,    -0.000555,
  1659.000,     5.741972,     5.741972,    -0.000660,
  1659.050,     4.359323,     4.359323,     0.000155,
  1659.100,     2.981788,     2.981788,    -0.000359,
  1659.150,     1.775527,     1.775527,     0.001362,
  1659.200,     0.980509,     0.980509,    -0.003217,
  1659.250,     0.699717,     0.699717,     0.001895,
  1659.300,     0.885243,     0.885243,    -0.004031,
  1659.350,     1.351445,     1.351445,    -0.000193,
  1659.400,     1.931611,     1.931611,    -0.001624,
  1659.450,     2.507167,     2.507167,     0.000581,
  1659.500,     3.134061,     3.134061,     0.006356,
  1659.550,     3.689834,     3.689834,     0.002607,
  1659.600,     3.875714,     3.875714,     0.003309,
  1659.650,     3.622396,     3.622396,     0.007073,
  1659.700,     3.076737,     3.076737,     0.003842,
  1659.750,     2.395314,     2.395314,     0.001596,
  1659.800,     1.571273,     1.571273,     0.003661,
  1659.850,     0.503013,     0.503013,     0.000295,
  1659.900,    -0.738879,    -0.738879,    -0.004445,
  1659.950,    -1.913048,    -1.913048,    -0.002921,
  1660.000,    -2.798245,    -2.798245,    -0.003359,
  1660.050,    -3.224781,    -3.224781,    -0.000660,
  1660.100,    -3.221053,    -3.221053,    -0.001470,
  1660.150,    -2.804620,    -2.804620,     0.001102,
  1660.200,    -2.148245,    -2.148245,    -0.000447,
  1660.250,    -1.410656,    -1.410656,     0.003087,
  1660.300,    -0.797256,    -0.797256,     0.003574,
  1660.350,    -0.388298,    -0.388298,     0.007419,
  1660.400,    -0.171309,    -0.171309,     0.012493,
  1660.450,    -0.143347,    -0.143347,     0.007995,
  1660.500,    -0.234229,    -0.234229,     0.004326,
  1660.550,    -0.228577,    -0.228577,    -0.001307,
  1660.600,     0.068801,     0.068801,    -0.004814,
  1660.650,     0.701912,     0.701912,     0.000342,
  1660.700,     1.453997,     1.453997,    -0.006566,
  1660.750,     1.984452,     1.984452,    -0.003489,
  1660.800,     2.009002,     2.009002,    -0.007058,
  1660.850,     1.682645,     1.682645,    -0.002986,
  1660.900,     1.189318,     1.189318,    -0.006318,
  1660.950,     0.793602,     0.793602,    -0.000582,
  1661.000,     0.557561,     0.557561,     0.003405,
  1661.050,     0.544060,     0.544060,     0.009805,
  1661.100,     0.916237,     0.916237,     0.007543,
  1661.150,     1.670847,     1.670847,     0.009484,
  1661.200,     2.608497,     2.608497,     0.008178,
  1661.250,     3.331257,     3.331257,     0.003340,
  1661.300,     3.644647,     3.644647,    -0.000804,
  1661.350,     3.527449,     3.527449,     0.003908,
  1661.400,     3.179844,     3.179844,    -0.009667,
  1661.450,     2.787319,     2.787319,    -0.006723,
  1661.500,     2.367567,     2.367567,    -0.008363,
  1661.550,     1.812792,     1.812792,    -0.007102,
  1661.600,     1.181724,     1.181724,    -0.000155,
  1661.650,     0.711117,     0.711117,    -0.002291,
  1661.700,     0.530947,     0.530947,     0.000368,
  1661.750,     0.488361,     0.488361,     0.006092,
  1661.800,     0.321276,     0.321276,     0.010208,
  1661.850,    -0.099044,    -0.099044,     0.008502,
  1661.900,    -0.638216,    -0.638216,     0.007012,
  1661.950,    -1.168492,    -1.168492,     0.007005,
  1662.000,    -1.642323,    -1.642323,     0.001206,
  1662.050,    -2.128541,    -2.128541,     0.000464,
  1662.100,    -2.609287,    -2.609287,     0.000833,
  1662.150,    -2.854005,    -2.854005,    -0.002649,
  1662.200,    -2.758244,    -2.758244,    -0.005894,
  1662.250,    -2.142191,    -2.142191,    -0.000266,
  1662.300,    -1.104436,    -1.104436,     0.001701,
  1662.350,     0.149055,     0.149055,     0.002175,
  1662.400,     1.298726,     1.298726,     0.003653,
  1662.450,     2.152069,     2.152069,     0.007366,
  1662.500,     2.652522,     2.652522,     0.001695,
  1662.550,     2.712479,     2.712479,     0.009224,
  1662.600,     2.335582,     2.335582,     0.004957,
  1662.650,     1.505367,     1.505367,     0.004895,
  1662.700,     0.331977,     0.331977,     0.002695,
  1662.750,    -0.850503,    -0.850503,     0.003811,
  1662.800,    -1.663087,    -1.663087,    -0.000364,
  1662.850,    -1.851653,    -1.851653,    -0.003264,
  1662.900,    -1.462013,    -1.462013,    -0.004389,
  1662.950,    -0.657694,    -0.657694,    -0.004547,
  1663.000,     0.470056,     0.470056,    -0.000692,
  1663.050,     1.611680,     1.611680,    -0.003710,
  1663.100,     2.417804,     2.417804,    -0.002679,
  1663.150,     2.618604,     2.618604,     0.005644,
  1663.200,     2.236875,     2.236875,     0.000878,
  1663.250,     1.566728,     1.566728,     0.002742,
  1663.300,     0.909070,     0.909070,     0.003479,
  1663.350,     0.335290,     0.335290,    -0.000996,
  1663.400,    -0.128584,    -0.128584,     0.003614,
  1663.450,    -0.489109,    -0.489109,     0.000342,
  1663.500,    -0.683536,    -0.683536,    -0.000291,
  1663.550,    -0.652590,    -0.652590,     0.006795,
  1663.600,    -0.385626,    -0.385626,     0.007736,
  1663.650,    -0.017839,    -0.017839,     0.004302,
  1663.700,     0.444444,     0.444444,     0.002384,
  1663.750,     0.892524,     0.892524,     0.007030,
  1663.800,     1.193859,     1.193859,     0.001965,
  1663.850,     1.264822,     1.264822,    -0.002154,
  1663.900,     1.118718,     1.118718,    -0.001112,
  1663.950,     0.847465,     0.847465,     0.002921,
  1664.000,     0.643507,     0.643507,    -0.002520,
  1664.050,     0.751317,     0.751317,     0.001758,
  1664.100,     1.032894,     1.032894,    -0.002513,
  1664.150,     1.532328,     1.532328,     0.001235,
  1664.200,     2.102100,     2.102100,    -0.000194,
  1664.250,     2.741598,     2.741598,     0.001176,
  1664.300,     3.404021,     3.404021,     0.003047,
  1664.350,     3.894127,     3.894127,     0.003864,
  1664.400,     4.234944,     4.234944,     0.006059,
  1664.450,     4.445565,     4.445565,     0.005243,
  1664.500,     4.695064,     4.695064,     0.000612,
  1664.550,     4.922722,     4.922722,     0.000779,
  1664.600,     5.032285,     5.032285,    -0.004202,
  1664.650,     5.117767,     5.117767,    -0.003153,
  1664.700,     5.328032,     5.328032,    -0.005819,
  1664.750,     5.959065,     5.959065,    -0.006511,
  1664.800,     6.803674,     6.803674,     0.000278,
  1664.850,     7.490072,     7.490072,     0.001907,
  1664.900,     7.701104,     7.701104,     0.005493,
  1664.950,     7.466733,     7.466733,     0.011356,
  1665.000,     7.052562,     7.052562,     0.004031,
  1665.050,     6.525639,     6.525639,    -0.000340,
  1665.100,     5.904659,     5.904659,     0.003520,
  1665.150,     5.249139,     5.249139,     0.003245,
  1665.200,     4.756499,     4.756499,     0.006091,
  1665.250,     4.576828,     4.576828,    -0.005848,
  1665.300,     4.564673,     4.564673,    -0.013113,
  1665.350,     4.464241,     4.464241,    -0.003145,
  1665.400,     4.136214,     4.136214,    -0.006146,
  1665.450,     3.484737,     3.484737,    -0.002533,
  1665.500,     2.536612,     2.536612,     0.000721,
  1665.550,     1.379757,     1.379757,     0.007201,
  1665.600,     0.066283,     0.066283,     0.001722,
  1665.650,    -1.190168,    -1.190168,     0.007250,
  1665.700,    -2.290469,    -2.290469,     0.007168,
  1665.750,    -3.057807,    -3.057807,     0.006935,
  1665.800,    -3.343942,    -3.343942,     0.002212,
  1665.850,    -3.233995,    -3.233995,     0.007309,
  1665.900,    -2.801798,    -2.801798,    -0.001150,
  1665.950,    -2.240085,    -2.240085,     0.001667,
  1666.000,    -1.840208,    -1.840208,    -0.000225,
  1666.050,    -1.816641,    -1.816641,    -0.007646,
  1666.100,    -2.159055,    -2.159055,    -0.005292,
  1666.150,    -2.810039,    -2.810039,    -0.003203,
  1666.200,    -3.625061,    -3.625061,     0.000281,
  1666.250,    -4.496968,    -4.496968,     0.000508,
  1666.300,    -5.200080,    -5.200080,     0.002648,
  1666.350,    -5.598534,    -5.598534,     0.007932,
  1666.400,    -5.491304,    -5.491304,     0.004238,
  1666.450,    -4.919563,    -4.919563,     0.008803,
  1666.500,    -4.049773,    -4.049773,     0.012149,
  1666.550,    -3.068452,    -3.068452,     0.006514,
  1666.600,    -2.156278,    -2.156278,     0.006772,
  1666.650,    -1.446474,    -1.446474,    -0.001489,
  1666.700,    -1.194588,    -1.194588,    -0.003428,
  1666.750,    -1.559614,    -1.559614,    -0.004876,
  1666.800,    -2.610727,    -2.610727,    -0.005830,
  1666.850,    -4.017934,    -4.017934,    -0.003133,
  1666.900,    -5.278189,    -5.278189,     0.002823,
  1666.950,    -5.879807,    -5.879807,     0.000199,
  1667.000,    -5.673035,    -5.673035,     0.007087,
  1667.050,    -4.734952,    -4.734952,     0.005575,
  1667.100,    -3.323569,    -3.323569,     0.009715,
  1667.150,    -1.801270,    -1.801270,     0.008270,
  1667.200,    -0.609589,    -0.609589,     0.002973,
  1667.250,     0.036913,     0.036913,     0.004486,
  1667.300,     0.033841,     0.033841,     0.007545,
  1667.350,    -0.348014,    -0.348014,     0.006269,
  1667.400,    -0.789643,    -0.789643,    -0.005712,
  1667.450,    -0.890134,    -0.890134,    -0.003802,
  1667.500,    -0.600818,    -0.600818,    -0.004008,
  1667.550,    -0.031359,    -0.031359,    -0.000830,
  1667.600,     0.591116,     0.591116,     0.003496,
  1667.650,     1.222721,     1.222721,    -0.000379,
  1667.700,     1.755580,     1.755580,     0.000307,
  1667.750,     2.199291,     2.199291,     0.003194,
  1667.800,     2.543486,     2.543486,     0.004398,
  1667.850,     2.887557,     2.887557,     0.009843,
  1667.900,     3.308350,     3.308350,     0.003826,
  1667.950,     3.920214,     3.920214,     0.003815,
  1668.000,     4.728247,     4.728247,     0.004615,
  1668.050,     5.719417,     5.719417,    -0.002125,
  1668.100,     6.709065,     6.709065,    -0.000547,
  1668.150,     7.467423,     7.467423,    -0.005520,
  1668.200,     7.970446,     7.970446,    -0.002987,
  1668.250,     8.313012,     8.313012,    -0.005434,
  1668.300,     8.562235,     8.562235,     0.001097,
  1668.350,     8.631434,     8.631434,     0.000819,
  1668.400,     8.193162,     8.193162,    -0.000269,
  1668.450,     7.142518,     7.142518,     0.003598,
  1668.500,     5.719724,     5.719724,     0.006427,
  1668.550,     4.280513,     4.280513,     0.009671,
  1668.600,     3.139489,     3.139489,     0.007553,
  1668.650,     2.404705,     2.404705,     0.004474,
  1668.700,     2.141270,     2.141270,     0.002365,
  1668.750,     2.421571,     2.421571,    -0.001905,
  1668.800,     3.134096,     3.134096,    -0.002060,
  1668.850,     4.018293,     4.018293,    -0.004138,
  1668.900,     4.675298,     4.675298,    -0.001565,
  1668.950,     4.926007,     4.926007,     0.002999,
  1669.000,     4.776860,     4.776860,     0.001475,
  1669.050,     4.290919,     4.290919,     0.000676,
  1669.100,     3.477075,     3.477075,     0.000854,
  1669.150,     2.435359,     2.435359,     0.007683,
  1669.200,     1.399322,     1.399322,     0.003877,
  1669.250,     0.704683,     0.704683,     0.001519,
  1669.300,     0.384288,     0.384288,     0.008546,
  1669.350,     0.402077,     0.402077,     0.001566,
  1669.400,     0.480567,     0.480567,     0.000202,
  1669.450,     0.503144,     0.503144,    -0.000939,
  1669.500,     0.467499,     0.467499,     0.000563,
  1669.550,     0.427364,     0.427364,     0.000276,
  1669.600,     0.342480,     0.342480,    -0.000730,
  1669.650,     0.136505,     0.136505,    -0.000268,
  1669.700,    -0.118072,    -0.118072,     0.004894,
  1669.750,    -0.314044,    -0.314044,     0.004337,
  1669.800,    -0.345427,    -0.345427,     0.001026,
  1669.850,    -0.283695,    -0.283695,     0.003552,
  1669.900,    -0.104249,    -0.104249,    -0.000400,
  1669.950,     0.193024,     0.193024,     0.002252,
  1670.000,     0.620873,     0.620873,     0.002848,
  1670.050,     1.022045,     1.022045,    -0.000784,
  1670.100,     1.255514,     1.255514,    -0.004013,
  1670.150,     1.085880,     1.085880,     0.000111,
  1670.200,     0.484390,     0.484390,    -0.005807,
  1670.250,    -0.519557,    -0.519557,    -0.003153,
  1670.300,    -1.744034,    -1.744034,     0.000927,
  1670.350,    -3.052837,    -3.052837,    -0.002621,
  1670.400,    -4.192625,    -4.192625,     0.001958,
  1670.450,    -4.871893,    -4.871893,     0.011628,
  1670.500,    -4.825682,    -4.825682,     0.006746,
  1670.550,    -4.000582,    -4.000582,     0.007003,
  1670.600,    -2.658568,    -2.658568,     0.008039,
  1670.650,    -1.071755,    -1.071755,     0.002768,
  1670.700,     0.485978,     0.485978,    -0.002220,
  1670.750,     1.894552,     1.894552,    -0.004696,
  1670.800,     2.933516,     2.933516,    -0.000750,
  1670.850,     3.411537,     3.411537,    -0.005494,
  1670.900,     3.192661,     3.192661,    -0.004912,
  1670.950,     2.448630,     2.448630,     0.000463,
  1671.000,     1.430026,     1.430026,    -0.001312,
  1671.050,     0.408478,     0.408478,     0.000813,
  1671.100,    -0.451436,    -0.451436,     0.000979,
  1671.150,    -0.960817,    -0.960817,     0.004971,
  1671.200,    -1.060193,    -1.060193,     0.008553,
  1671.250,    -0.663694,    -0.663694,     0.007219,
  1671.300,     0.062822,     0.062822,     0.003456,
  1671.350,     0.883004,     0.883004,    -0.001268,
  1671.400,     1.683465,     1.683465,     0.003693,
  1671.450,     2.433776,     2.433776,    -0.000815,
  1671.500,     3.137004,     3.137004,    -0.002957,
  1671.550,     3.789860,     3.789860,    -0.002127,
  1671.600,     4.497620,     4.497620,    -0.007133,
  1671.650,     5.222535,     5.222535,    -0.003726,
  1671.700,     5.901816,     5.901816,    -0.006736,
  1671.750,     6.195639,     6.195639,    -0.002659,
  1671.800,     5.981187,     5.981187,     0.002077,
  1671.850,     5.335014,     5.335014,     0.004940,
  1671.900,     4.410735,     4.410735,     0.002897,
  1671.950,     3.321650,     3.321650,     0.002782,
  1672.000,     2.132569,     2.132569,     0.006789,
  1672.050,     0.935982,     0.935982,     0.004400,
  1672.100,    -0.097018,    -0.097018,    -0.000222,
  1672.150,    -0.778452,    -0.778452,    -0.003127,
  1672.200,    -1.038260,    -1.038260,    -0.003223,
  1672.250,    -0.783239,    -0.783239,    -0.003691,
  1672.300,     0.004783,     0.004783,    -0.006074,
  1672.350,     1.387401,     1.387401,    -0.007332,
  1672.400,     3.077046,     3.077046,     0.000851,
  1672.450,     4.595813,     4.595813,     0.003094,
  1672.500,     5.531017,     5.531017,     0.001478,
  1672.550,     5.600975,     5.600975,     0.002648,
  1672.600,     4.902975,     4.902975,     0.003610,
  1672.650,     3.582044,     3.582044,     0.003121,
  1672.700,     1.961807,     1.961807,     0.000921,
  1672.750,     0.388899,     0.388899,    -0.002822,
  1672.800,    -0.792903,    -0.792903,     0.002832,
  1672.850,    -1.559035,    -1.559035,    -0.004474,
  1672.900,    -1.835454,    -1.835454,    -0.002875,
  1672.950,    -1.664866,    -1.664866,     0.004363,
  1673.000,    -1.176190,    -1.176190,     0.001001,
  1673.050,    -0.496011,    -0.496011,    -0.000908,
  1673.100,     0.210725,     0.210725,     0.000369,
  1673.150,     0.794993,     0.794993,     0.000775,
  1673.200,     1.214705,     1.214705,     0.001430,
  1673.250,     1.474065,     1.474065,     0.003994,
  1673.300,     1.639771,     1.639771,     0.003469,
  1673.350,     1.766697,     1.766697,     0.003697,
  1673.400,     1.904042,     1.904042,     0.004605,
  1673.450,     2.052326,     2.052326,    -0.001864,
  1673.500,     2.186667,     2.186667,     0.001169,
  1673.550,     2.189667,     2.189667,    -0.003899,
  1673.600,     2.027777,     2.027777,     0.002263,
  1673.650,     1.665004,     1.665004,     0.005337,
  1673.700,     1.127236,     1.127236,    -0.001934,
  1673.750,     0.401514,     0.401514,     0.003725,
  1673.800,    -0.456556,    -0.456556,     0.002566,
  1673.850,    -1.329903,    -1.329903,     0.000092,
  1673.900,    -2.109243,    -2.109243,     0.002332,
  1673.950,    -2.672158,    -2.672158,     0.002764,
  1674.000,    -2.853025,    -2.853025,     0.005743,
  1674.050,    -2.533091,    -2.533091,     0.001975,
  1674.100,    -1.651755,    -1.651755,     0.001272,
  1674.150,    -0.453523,    -0.453523,     0.003043,
  1674.200,     0.815121,     0.815121,    -0.002630,
  1674.250,     1.977493,     1.977493,     0.002333,
  1674.300,     2.902698,     2.902698,    -0.001049,
  1674.350,     3.339133,     3.339133,     0.004057,
  1674.400,     3.147577,     3.147577,     0.006968,
  1674.450,     2.474950,     2.474950,     0.002477,
  1674.500,     1.639727,     1.639727,     0.003484,
  1674.550,     0.968594,     0.968594,    -0.003023,
  1674.600,     0.576112,     0.576112,     0.000924,
  1674.650,     0.331323,     0.331323,     0.002817,
  1674.700,     0.255601,     0.255601,    -0.001884,
  1674.750,     0.251998,     0.251998,     0.001249,
  1674.800,     0.431632,     0.431632,    -0.002813,
  1674.850,     0.652575,     0.652575,     0.002894,
  1674.900,     0.917843,     0.917843,     0.000850,
  1674.950,     1.179706,     1.179706,     0.000819,
  1675.000,     1.596654,     1.596654,     0.002804,
  1675.050,     2.116539,     2.116539,     0.001756,
  1675.100,     2.621316,     2.621316,     0.004758,
  1675.150,     2.884645,     2.884645,     0.005648,
  1675.200,     2.842668,     2.842668,     0.001559,
  1675.250,     2.499815,     2.499815,     0.001393,
  1675.300,     1.903486,     1.903486,     0.000806,
  1675.350,     1.192339,     1.192339,    -0.002212,
  1675.400,     0.383384,     0.383384,    -0.001642,
  1675.450,    -0.486416,    -0.486416,     0.001310,
  1675.500,    -1.358856,    -1.358856,     0.000155,
  1675.550,    -2.050295,    -2.050295,    -0.000486,
  1675.600,    -2.544545,    -2.544545,     0.000985,
  1675.650,    -2.818688,    -2.818688,     0.002288,
  1675.700,    -2.911071,    -2.911071,     0.005988,
  1675.750,    -2.789953,    -2.789953,     0.007211,
  1675.800,    -2.338151,    -2.338151,     0.006574,
  1675.850,    -1.632665,    -1.632665,     0.006125,
  1675.900,    -0.815731,    -0.815731,     0.002149,
  1675.950,    -0.039722,    -0.039722,     0.001219,
  1676.000,     0.452451,     0.452451,     0.002824,
  1676.050,     0.631833,     0.631833,     0.000439,
  1676.100,     0.429057,     0.429057,     0.001358,
  1676.150,     0.003875,     0.003875,    -0.001923,
  1676.200,    -0.524078,    -0.524078,     0.000983,
  1676.250,    -0.917231,    -0.917231,    -0.000145,
  1676.300,    -1.026849,    -1.026849,     0.003902,
  1676.350,    -0.739511,    -0.739511,     0.005060,
  1676.400,     0.061564,     0.061564,     0.002005,
  1676.450,     1.136488,     1.136488,     0.005784,
  1676.500,     2.296843,     2.296843,     0.004703,
  1676.550,     3.266982,     3.266982,     0.004178,
  1676.600,     3.877250,     3.877250,    -0.004423,
  1676.650,     4.110587,     4.110587,    -0.006210,
  1676.700,     4.057056,     4.057056,    -0.000804,
  1676.750,     3.970703,     3.970703,    -0.001383,
  1676.800,     3.885809,     3.885809,    -0.001945,
  1676.850,     3.751709,     3.751709,     0.001822,
  1676.900,     3.606453,     3.606453,    -0.000158,
  1676.950,     3.419206,     3.419206,    -0.000146,
  1677.000,     3.220927,     3.220927,     0.003522,
  1677.050,     2.897958,     2.897958,     0.007758,
  1677.100,     2.428987,     2.428987,     0.004030,
  1677.150,     1.723588,     1.723588,     0.004790,
  1677.200,     0.860726,     0.860726,     0.003404,
  1677.250,    -0.001927,    -0.001927,     0.005641,
  1677.300,    -0.804428,    -0.804428,     0.000774,
  1677.350,    -1.520904,    -1.520904,    -0.002159,
  1677.400,    -2.226664,    -2.226664,    -0.001128,
  1677.450,    -2.926704,    -2.926704,    -0.002843,
  1677.500,    -3.610735,    -3.610735,     0.001838,
  1677.550,    -4.025894,    -4.025894,    -0.001435,
  1677.600,    -4.085726,    -4.085726,    -0.005832,
  1677.650,    -3.749417,    -3.749417,    -0.000966,
  1677.700,    -3.089105,    -3.089105,     0.002495,
  1677.750,    -2.255187,    -2.255187,     0.001569,
  1677.800,    -1.326156,    -1.326156,     0.011129,
  1677.850,    -0.414525,    -0.414525,     0.005867,
  1677.900,     0.452047,     0.452047,     0.006186,
  1677.950,     1.215503,     1.215503,     0.001166,
  1678.000,     1.867822,     1.867822,    -0.003286,
  1678.050,     2.447132,     2.447132,     0.000456,
  1678.100,     2.946269,     2.946269,     0.000757,
  1678.150,     3.329762,     3.329762,    -0.003454,
  1678.200,     3.461490,     3.461490,     0.002026,
  1678.250,     3.286942,     3.286942,    -0.002167,
  1678.300,     2.820437,     2.820437,     0.000028,
  1678.350,     2.110837,     2.110837,    -0.001055,
  1678.400,     1.350681,     1.350681,    -0.003317,
  1678.450,     0.545600,     0.545600,     0.006473,
  1678.500,    -0.254601,    -0.254601,     0.001168,
  1678.550,    -0.950069,    -0.950069,     0.006421,
  1678.600,    -1.446930,    -1.446930,     0.007812,
  1678.650,    -1.623106,    -1.623106,     0.002293,
  1678.700,    -1.444168,    -1.444168,     0.005918,
  1678.750,    -1.059323,    -1.059323,    -0.000784,
  1678.800,    -0.542013,    -0.542013,     0.000094,
  1678.850,    -0.018378,    -0.018378,    -0.001865,
  1678.900,     0.425745,     0.425745,    -0.001993,
  1678.950,     0.790540,     0.790540,    -0.004319,
  1679.000,     0.984693,     0.984693,    -0.000362,
  1679.050,     1.013227,     1.013227,     0.000359,
  1679.100,     0.944345,     0.944345,     0.000586,
  1679.150,     0.879909,     0.879909,     0.004674,
  1679.200,     0.987428,     0.987428,     0.005447,
  1679.250,     1.153498,     1.153498,     0.005140,
  1679.300,     1.336168,     1.336168,     0.001353,
  1679.350,     1.444655,     1.444655,     0.004487,
  1679.400,     1.384619,     1.384619,    -0.001253,
  1679.450,     1.276190,     1.276190,    -0.003098,
  1679.500,     1.151998,     1.151998,     0.001774,
  1679.550,     1.036389,     1.036389,    -0.001962,
  1679.600,     0.822260,     0.822260,    -0.008695,
  1679.650,     0.489344,     0.489344,     0.002686,
  1679.700,     0.111605,     0.111605,    -0.002342,
  1679.750,    -0.136383,    -0.136383,    -0.003239,
  1679.800,    -0.183329,    -0.183329,     0.002505,
  1679.850,     0.089244,     0.089244,     0.007628,
  1679.900,     0.565430,     0.565430,     0.001857,
  1679.950,     1.250601,     1.250601,     0.005365,
  1680.000,     2.055370,     2.055370,     0.004437,
  1680.050,     2.926242,     2.926242,     0.001109,
  1680.100,     3.609281,     3.609281,     0.000897,
  1680.150,     3.957772,     3.957772,     0.000248,
  1680.200,     3.925172,     3.925172,    -0.002036,
  1680.250,     3.677354,     3.677354,    -0.002121,
  1680.300,     3.490739,     3.490739,     0.001703,
  1680.350,     3.503816,     3.503816,    -0.000856,
  1680.400,     3.660714,     3.660714,    -0.000137,
  1680.450,     3.784592,     3.784592,     0.000842,
  1680.500,     3.824643,     3.824643,    -0.000109,
  1680.550,     3.731541,     3.731541,     0.006646,
  1680.600,     3.510038,     3.510038,     0.006067,
  1680.650,     2.993122,     2.993122,    -0.002650,
  1680.700,     2.112110,     2.112110,     0.005844,
  1680.750,     1.024903,     1.024903,     0.003402,
  1680.800,    -0.076396,    -0.076396,     0.003759,
  1680.850,    -0.928485,    -0.928485,     0.004368,
  1680.900,    -1.375108,    -1.375108,     0.002447,
  1680.950,    -1.509035,    -1.509035,     0.000480,
  1681.000,    -1.330337,    -1.330337,     0.001595,
  1681.050,    -0.869043,    -0.869043,     0.003505,
  1681.100,    -0.272924,    -0.272924,     0.002578,
  1681.150,     0.316817,     0.316817,     0.002670,
  1681.200,     0.762311,     0.762311,    -0.000271,
  1681.250,     1.087771,     1.087771,     0.000035,
  1681.300,     1.309974,     1.309974,     0.000699,
  1681.350,     1.551823,     1.551823,    -0.001057,
  1681.400,     1.865516,     1.865516,     0.006322,
  1681.450,     2.190166,     2.190166,    -0.001262,
  1681.500,     2.495474,     2.495474,     0.002879,
  1681.550,     2.731245,     2.731245,     0.000150,
  1681.600,     2.832177,     2.832177,     0.001097,
  1681.650,     2.826116,     2.826116,     0.003173,
  1681.700,     2.733490,     2.733490,     0.001371,
  1681.750,     2.577436,     2.577436,    -0.003314,
  1681.800,     2.285596,     2.285596,     0.008345,
  1681.850,     1.884823,     1.884823,     0.003056,
  1681.900,     1.385372,     1.385372,    -0.000464,
  1681.950,     0.872870,     0.872870,     0.004583,
  1682.000,     0.476956,     0.476956,     0.001809,
  1682.050,     0.241674,     0.241674,     0.003174,
  1682.100,     0.182498,     0.182498,    -0.000353,
  1682.150,     0.282745,     0.282745,     0.007269,
  1682.200,     0.487860,     0.487860,    -0.000353,
  1682.250,     0.765049,     0.765049,     0.000358,
  1682.300,     1.076061,     1.076061,     0.005648,
  1682.350,     1.345877,     1.345877,     0.010620,
  1682.400,     1.614656,     1.614656,     0.002494,
  1682.450,     1.934996,     1.934996,    -0.007823,
  1682.500,     2.317847,     2.317847,     0.001531,
  1682.550,     2.571037,     2.571037,     0.006339,
  1682.600,     2.715450,     2.715450,    -0.000161,
  1682.650,     2.695597,     2.695597,     0.004435,
  1682.700,     2.511846,     2.511846,     0.005708,
  1682.750,     2.259730,     2.259730,     0.002384,
  1682.800,     1.937984,     1.937984,     0.003921,
  1682.850,     1.593883,     1.593883,    -0.001458,
  1682.900,     1.197974,     1.197974,     0.003383,
  1682.950,     0.856578,     0.856578,     0.002328,
  1683.000,     0.591795,     0.591795,    -0.000704,
  1683.050,     0.388310,     0.388310,     0.000177,
  1683.100,     0.239085,     0.239085,    -0.001078,
  1683.150,     0.154335,     0.154335,    -0.002332,
  1683.200,     0.169285,     0.169285,    -0.000880,
  1683.250,     0.348151,     0.348151,     0.003520,
  1683.300,     0.705455,     0.705455,     0.003310,
  1683.350,     1.189040,     1.189040,     0.005571,
  1683.400,     1.704080,     1.704080,     0.002539,
  1683.450,     2.117921,     2.117921,     0.009176,
  1683.500,     2.352159,     2.352159,     0.004762,
  1683.550,     2.378809,     2.378809,     0.003063,
  1683.600,     2.300817,     2.300817,     0.007682,
  1683.650,     2.207273,     2.207273,    -0.000394,
  1683.700,     2.084502,     2.084502,     0.000225,
  1683.750,     1.861927,     1.861927,    -0.004566,
  1683.800,     1.496297,     1.496297,    -0.004201,
  1683.850,     0.958744,     0.958744,    -0.001901,
  1683.900,     0.295860,     0.295860,    -0.009498,
  1683.950,    -0.417423,    -0.417423,    -0.005506,
  1684.000,    -1.076099,    -1.076099,     0.000881,
  1684.050,    -1.664791,    -1.664791,     0.002960,
  1684.100,    -1.881292,    -1.881292,     0.007952,
  1684.150,    -1.641991,    -1.641991,     0.005492,
  1684.200,    -0.908922,    -0.908922,     0.004955,
  1684.250,     0.057908,     0.057908,     0.008662,
  1684.300,     1.052434,     1.052434,     0.011557,
  1684.350,     1.909970,     1.909970,     0.003811,
  1684.400,     2.528583,     2.528583,     0.002085,
  1684.450,     2.910504,     2.910504,     0.000189,
  1684.500,     3.039462,     3.039462,    -0.001798,
  1684.550,     2.959035,     2.959035,    -0.001066,
  1684.600,     2.770499,     2.770499,    -0.005292,
  1684.650,     2.537622,     2.537622,    -0.002172,
  1684.700,     2.230924,     2.230924,     0.000172,
  1684.750,     1.831384,     1.831384,    -0.001227,
  1684.800,     1.285302,     1.285302,    -0.003017,
  1684.850,     0.667263,     0.667263,     0.003989,
  1684.900,     0.041377,     0.041377,     0.008234,
  1684.950,    -0.428136,    -0.428136,     0.009602,
  1685.000,    -0.708761,    -0.708761,     0.008952,
  1685.050,    -0.672982,    -0.672982,     0.008837,
  1685.100,    -0.345578,    -0.345578,     0.003151,
  1685.150,     0.219219,     0.219219,     0.012137,
  1685.200,     0.930121,     0.930121,     0.000807,
  1685.250,     1.662913,     1.662913,    -0.000196,
  1685.300,     2.336706,     2.336706,     0.000093,
  1685.350,     2.790813,     2.790813,    -0.004660,
  1685.400,     2.837893,     2.837893,    -0.003142,
  1685.450,     2.526431,     2.526431,     0.000347,
  1685.500,     1.958973,     1.958973,    -0.000737,
  1685.550,     1.391149,     1.391149,     0.001998,
  1685.600,     0.930255,     0.930255,     0.006676,
  1685.650,     0.562372,     0.562372,     0.009399,
  1685.700,     0.322827,     0.322827,     0.011640,
  1685.750,     0.155830,     0.155830,     0.013745,
  1685.800,     0.091455,     0.091455,     0.005956,
  1685.850,     0.074935,     0.074935,     0.003560,
  1685.900,     0.001193,     0.001193,     0.007289,
  1685.950,    -0.119799,    -0.119799,    -0.002705,
  1686.000,    -0.162694,    -0.162694,    -0.007232,
  1686.050,    -0.039735,    -0.039735,    -0.006710,
  1686.100,     0.280877,     0.280877,    -0.004632,
  1686.150,     0.692554,     0.692554,    -0.004442,
  1686.200,     1.156741,     1.156741,    -0.000910,
  1686.250,     1.552242,     1.552242,    -0.000008,
  1686.300,     1.866623,     1.866623,     0.007352,
  1686.350,     2.019688,     2.019688,     0.007134,
  1686.400,     1.916365,     1.916365,     0.010430,
  1686.450,     1.485783,     1.485783,     0.005804,
  1686.500,     0.797933,     0.797933,     0.008385,
  1686.550,     0.052865,     0.052865,     0.011595,
  1686.600,    -0.647351,    -0.647351,     0.007794,
  1686.650,    -1.141138,    -1.141138,     0.005023,
  1686.700,    -1.368795,    -1.368795,    -0.005409,
  1686.750,    -1.369090,    -1.369090,    -0.007654,
  1686.800,    -1.112459,    -1.112459,    -0.009063,
  1686.850,    -0.498849,    -0.498849,    -0.005260,
  1686.900,     0.373076,     0.373076,    -0.006781,
  1686.950,     1.343611,     1.343611,    -0.004506,
  1687.000,     2.220433,     2.220433,    -0.003551,
  1687.050,     2.790095,     2.790095,    -0.003063,
  1687.100,     3.106945,     3.106945,     0.007880,
  1687.150,     3.106982,     3.106982,     0.004720,
  1687.200,     2.837052,     2.837052,     0.012468,
  1687.250,     2.304517,     2.304517,     0.007201,
  1687.300,     1.643385,     1.643385,     0.007967,
  1687.350,     0.972145,     0.972145,     0.007246,
  1687.400,     0.364439,     0.364439,     0.002424,
  1687.450,    -0.127680,    -0.127680,     0.000331,
  1687.500,    -0.449573,    -0.449573,    -0.004103,
  1687.550,    -0.711068,    -0.711068,    -0.007662,
  1687.600,    -0.992829,    -0.992829,    -0.012100,
  1687.650,    -1.319799,    -1.319799,    -0.003010,
  1687.700,    -1.571145,    -1.571145,    -0.001552,
  1687.750,    -1.542420,    -1.542420,     0.005576,
  1687.800,    -1.101569,    -1.101569,     0.009553,
  1687.850,    -0.308003,    -0.308003,     0.004168,
  1687.900,     0.731242,     0.731242,     0.014262,
  1687.950,     1.850057,     1.850057,     0.012757,
  1688.000,     2.753399,     2.753399,     0.011699,
  1688.050,     3.277598,     3.277598,     0.009266,
  1688.100,     3.297298,     3.297298,    -0.000506,
  1688.150,     2.876221,     2.876221,     0.002190,
  1688.200,     2.170375,     2.170375,    -0.002737,
  1688.250,     1.313024,     1.313024,    -0.008285,
  1688.300,     0.451004,     0.451004,    -0.014734,
  1688.350,    -0.335147,    -0.335147,    -0.009091,
  1688.400,    -0.889231,    -0.889231,     0.000446,
  1688.450,    -1.064746,    -1.064746,    -0.007099,
  1688.500,    -0.932000,    -0.932000,    -0.001926,
  1688.550,    -0.535668,    -0.535668,     0.002428,
  1688.600,     0.061993,     0.061993,     0.005239,
  1688.650,     0.744836,     0.744836,     0.011430,
  1688.700,     1.357723,     1.357723,     0.011798,
  1688.750,     1.764261,     1.764261,     0.010759,
  1688.800,     1.791242,     1.791242,     0.010924,
  1688.850,     1.478882,     1.478882,     0.006699,
  1688.900,     0.900863,     0.900863,    -0.000938,
  1688.950,     0.198671,     0.198671,    -0.005792,
  1689.000,    -0.468450,    -0.468450,    -0.007426,
  1689.050,    -0.949988,    -0.949988,    -0.007337,
  1689.100,    -1.127342,    -1.127342,    -0.003188,
  1689.150,    -0.955192,    -0.955192,    -0.003702,
  1689.200,    -0.573804,    -0.573804,    -0.003235,
  1689.250,    -0.082558,    -0.082558,     0.001219,
  1689.300,     0.400849,     0.400849,     0.001847,
  1689.350,     0.783911,     0.783911,     0.008018,
  1689.400,     0.997937,     0.997937,     0.009621,
  1689.450,     1.060174,     1.060174,     0.011639,
  1689.500,     1.013047,     1.013047,     0.007195,
  1689.550,     0.894100,     0.894100,     0.007785,
  1689.600,     0.862166,     0.862166,     0.004602,
  1689.650,     1.000874,     1.000874,    -0.002375,
  1689.700,     1.370165,     1.370165,    -0.004323,
  1689.750,     1.888734,     1.888734,    -0.000789,
  1689.800,     2.335326,     2.335326,    -0.001473,
  1689.850,     2.624466,     2.624466,    -0.000393,
  1689.900,     2.627302,     2.627302,    -0.000243,
  1689.950,     2.330004,     2.330004,     0.005817,
  1690.000,     1.838481,     1.838481,    -0.001675,
  1690.050,     1.136360,     1.136360,     0.005773,
  1690.100,     0.332646,     0.332646,     0.002154,
  1690.150,    -0.448915,    -0.448915,     0.006146,
  1690.200,    -1.072448,    -1.072448,     0.006415,
  1690.250,    -1.405867,    -1.405867,     0.005404,
  1690.300,    -1.384308,    -1.384308,    -0.000452,
  1690.350,    -1.002613,    -1.002613,    -0.000291,
  1690.400,    -0.369327,    -0.369327,    -0.002627,
  1690.450,     0.414418,     0.414418,     0.000291,
  1690.500,     1.264879,     1.264879,    -0.000721,
  1690.550,     2.078002,     2.078002,     0.002546,
  1690.600,     2.690379,     2.690379,    -0.002613,
  1690.650,     3.037519,     3.037519,     0.000390,
  1690.700,     3.023940,     3.023940,     0.007613,
  1690.750,     2.709839,     2.709839,     0.003825,
  1690.800,     2.242089,     2.242089,     0.004486,
  1690.850,     1.670260,     1.670260,     0.003008,
  1690.900,     1.163267,     1.163267,     0.000444,
  1690.950,     0.768299,     0.768299,    -0.001352,
  1691.000,     0.473777,     0.473777,    -0.005341,
  1691.050,     0.285832,     0.285832,    -0.000733,
  1691.100,     0.203289,     0.203289,    -0.004813,
  1691.150,     0.125032,     0.125032,    -0.001973,
  1691.200,     0.156049,     0.156049,    -0.001365,
  1691.250,     0.241990,     0.241990,     0.002065,
  1691.300,     0.509349,     0.509349,     0.002555,
  1691.350,     0.941554,     0.941554,     0.006554,
  1691.400,     1.529320,     1.529320,     0.006583,
  1691.450,     2.191168,     2.191168,     0.004361,
  1691.500,     2.827658,     2.827658,     0.007077,
  1691.550,     3.378861,     3.378861,     0.001718,
  1691.600,     3.692797,     3.692797,    -0.002997,
  1691.650,     3.624742,     3.624742,    -0.002645,
  1691.700,     3.149624,     3.149624,    -0.004610,
  1691.750,     2.228937,     2.228937,    -0.002488,
  1691.800,     1.063858,     1.063858,    -0.008264,
  1691.850,    -0.152253,    -0.152253,    -0.001056,
  1691.900,    -1.174209,    -1.174209,     0.002741,
  1691.950,    -1.791788,    -1.791788,     0.001974,
  1692.000,    -1.923481,    -1.923481,     0.004746,
  1692.050,    -1.494760,    -1.494760,     0.005600,
  1692.100,    -0.672926,    -0.672926,     0.010706,
  1692.150,     0.363339,     0.363339,     0.010095,
  1692.200,     1.363359,     1.363359,     0.007558,
  1692.250,     2.160327,     2.160327,     0.009928,
  1692.300,     2.568445,     2.568445,     0.003507,
  1692.350,     2.533085,     2.533085,     0.001730,
  1692.400,     2.142730,     2.142730,    -0.001519,
  1692.450,     1.538134,     1.538134,    -0.002735,
  1692.500,     0.980385,     0.980385,    -0.009916,
  1692.550,     0.587184,     0.587184,    -0.005839,
  1692.600,     0.442132,     0.442132,    -0.004459,
  1692.650,     0.574560,     0.574560,    -0.005968,
  1692.700,     0.747681,     0.747681,    -0.003837,
  1692.750,     0.841796,     0.841796,    -0.001993,
  1692.800,     0.932781,     0.932781,     0.006124,
  1692.850,     0.984177,     0.984177,     0.006539,
  1692.900,     1.003946,     1.003946,     0.006277,
  1692.950,     0.929122,     0.929122,     0.010223,
  1693.000,     0.783914,     0.783914,     0.012178,
  1693.050,     0.672512,     0.672512,     0.002125,
  1693.100,     0.662233,     0.662233,     0.003157,
  1693.150,     0.801518,     0.801518,     0.000073,
  1693.200,     1.125919,     1.125919,    -0.000940,
  1693.250,     1.556513,     1.556513,    -0.007532,
  1693.300,     1.945138,     1.945138,    -0.009789,
  1693.350,     2.242532,     2.242532,    -0.002615,
  1693.400,     2.400666,     2.400666,    -0.002115,
  1693.450,     2.426737,     2.426737,    -0.003198,
  1693.500,     2.266734,     2.266734,     0.001019,
  1693.550,     1.909553,     1.909553,     0.004023,
  1693.600,     1.422311,     1.422311,     0.007386,
  1693.650,     0.873087,     0.873087,     0.001354,
  1693.700,     0.341281,     0.341281,     0.001501,
  1693.750,    -0.081404,    -0.081404,     0.007153,
  1693.800,    -0.283392,    -0.283392,     0.001773,
  1693.850,    -0.165438,    -0.165438,    -0.000097,
  1693.900,     0.235648,     0.235648,    -0.001671,
  1693.950,     0.712439,     0.712439,    -0.000297,
  1694.000,     1.100583,     1.100583,    -0.001828,
  1694.050,     1.220353,     1.220353,    -0.003860,
  1694.100,     1.020043,     1.020043,    -0.001119,
  1694.150,     0.663621,     0.663621,    -0.001225,
  1694.200,     0.307127,     0.307127,     0.004815,
  1694.250,     0.061134,     0.061134,     0.009858,
  1694.300,     0.025835,     0.025835,     0.002723,
  1694.350,     0.154167,     0.154167,     0.002987,
  1694.400,     0.422037,     0.422037,     0.001666,
  1694.450,     0.740911,     0.740911,     0.006063,
  1694.500,     1.024193,     1.024193,    -0.002165,
  1694.550,     1.136833,     1.136833,    -0.003113,
  1694.600,     1.020943,     1.020943,    -0.000741,
  1694.650,     0.736161,     0.736161,     0.002306,
  1694.700,     0.438248,     0.438248,     0.004311,
  1694.750,     0.248550,     0.248550,     0.002455,
  1694.800,     0.179645,     0.179645,     0.002689,
  1694.850,     0.195447,     0.195447,     0.003697,
  1694.900,     0.282804,     0.282804,     0.005658,
  1694.950,     0.461654,     0.461654,     0.000909,
  1695.000,     0.742957,     0.742957,     0.006699,
  1695.050,     1.025701,     1.025701,     0.000341,
  1695.100,     1.259097,     1.259097,     0.002643,
  1695.150,     1.238673,     1.238673,     0.003570,
  1695.200,     0.976320,     0.976320,     0.000177,
  1695.250,     0.506294,     0.506294,    -0.002333,
  1695.300,    -0.005801,    -0.005801,     0.000065,
  1695.350,    -0.496504,    -0.496504,     0.001058,
  1695.400,    -0.819703,    -0.819703,     0.001909,
  1695.450,    -0.989628,    -0.989628,    -0.000197,
  1695.500,    -0.954995,    -0.954995,    -0.002131,
  1695.550,    -0.679936,    -0.679936,     0.002891,
  1695.600,    -0.241350,    -0.241350,     0.000090,
  1695.650,     0.298546,     0.298546,     0.000310,
  1695.700,     0.761163,     0.761163,     0.005173,
  1695.750,     1.142690,     1.142690,     0.002218,
  1695.800,     1.287671,     1.287671,     0.002190,
  1695.850,     1.216640,     1.216640,     0.002688,
  1695.900,     0.942684,     0.942684,    -0.000042,
  1695.950,     0.518857,     0.518857,     0.003808,
  1696.000,     0.016242,     0.016242,     0.005488,
  1696.050,    -0.420836,    -0.420836,     0.000893,
  1696.100,    -0.652076,    -0.652076,     0.003550,
  1696.150,    -0.530327,    -0.530327,     0.000484,
  1696.200,    -0.100584,    -0.100584,    -0.003929,
  1696.250,     0.537141,     0.537141,    -0.002054,
  1696.300,     1.170117,     1.170117,    -0.005186,
  1696.350,     1.612779,     1.612779,    -0.001614,
  1696.400,     1.746676,     1.746676,    -0.001999,
  1696.450,     1.612897,     1.612897,     0.005397,
  1696.500,     1.228865,     1.228865,     0.006284,
  1696.550,     0.726397,     0.726397,     0.005027,
  1696.600,     0.259011,     0.259011,     0.009128,
  1696.650,    -0.063428,    -0.063428,     0.007662,
  1696.700,    -0.152744,    -0.152744,     0.007611,
  1696.750,    -0.072411,    -0.072411,     0.005497,
  1696.800,     0.120159,     0.120159,     0.001456,
  1696.850,     0.423928,     0.423928,    -0.001401,
  1696.900,     0.709750,     0.709750,     0.000705,
  1696.950,     1.026023,     1.026023,    -0.002526,
  1697.000,     1.315422,     1.315422,    -0.007128,
  1697.050,     1.543624,     1.543624,    -0.004250,
  1697.100,     1.707006,     1.707006,     0.000807,
  1697.150,     1.788889,     1.788889,    -0.000912,
  1697.200,     1.776160,     1.776160,     0.004391,
  1697.250,     1.690371,     1.690371,     0.002788,
  1697.300,     1.527791,     1.527791,     0.005087,
  1697.350,     1.330025,     1.330025,     0.005769,
  1697.400,     1.178847,     1.178847,     0.006525,
  1697.450,     1.114457,     1.114457,     0.004615,
  1697.500,     1.147654,     1.147654,     0.000231,
  1697.550,     1.260431,     1.260431,     0.003530,
  1697.600,     1.396614,     1.396614,     0.004991,
  1697.650,     1.472952,     1.472952,     0.000768,
  1697.700,     1.368465,     1.368465,     0.001018,
  1697.750,     1.130898,     1.130898,    -0.001332,
  1697.800,     0.844827,     0.844827,    -0.002574,
  1697.850,     0.674545,     0.674545,    -0.003400,
  1697.900,     0.771067,     0.771067,     0.001022,
  1697.950,     1.108862,     1.108862,     0.002426,
  1698.000,     1.613853,     1.613853,     0.003501,
  1698.050,     2.130295,     2.130295,     0.003930,
  1698.100,     2.564848,     2.564848,     0.004135,
  1698.150,     2.775530,     2.775530,     0.000250,
  1698.200,     2.623393,     2.623393,     0.006927,
  1698.250,     2.157658,     2.157658,     0.002657,
  1698.300,     1.523636,     1.523636,     0.002067,
  1698.350,     0.982200,     0.982200,    -0.001755,
  1698.400,     0.644066,     0.644066,     0.000561,
  1698.450,     0.527354,     0.527354,    -0.001675,
  1698.500,     0.545730,     0.545730,     0.004265,
  1698.550,     0.742787,     0.742787,     0.003506,
  1698.600,     0.995847,     0.995847,     0.002032,
  1698.650,     1.265533,     1.265533,     0.005670,
  1698.700,     1.474968,     1.474968,     0.003878,
  1698.750,     1.525778,     1.525778,     0.003095,
  1698.800,     1.514488,     1.514488,     0.001251,
  1698.850,     1.456610,     1.456610,    -0.004681,
  1698.900,     1.369822,     1.369822,    -0.001118,
  1698.950,     1.291055,     1.291055,    -0.002299,
  1699.000,     1.147038,     1.147038,    -0.004511,
  1699.050,     0.943440,     0.943440,     0.002361,
  1699.100,     0.729823,     0.729823,     0.001933,
  1699.150,     0.651807,     0.651807,     0.000288,
  1699.200,     0.766728,     0.766728,     0.005760,
  1699.250,     0.959094,     0.959094,     0.006928,
  1699.300,     1.079285,     1.079285,     0.004416,
  1699.350,     1.017662,     1.017662,     0.006400,
  1699.400,     0.750040,     0.750040,     0.002633,
  1699.450,     0.296059,     0.296059,     0.000620,
  1699.500,    -0.227596,    -0.227596,     0.002223,
  1699.550,    -0.738272,    -0.738272,     0.001334,
  1699.600,    -1.066399,    -1.066399,     0.000953,
  1699.650,    -1.086662,    -1.086662,    -0.001145,
  1699.700,    -0.732967,    -0.732967,    -0.005893,
  1699.750,    -0.047674,    -0.047674,    -0.005590,
  1699.800,     0.839081,     0.839081,    -0.008714,
  1699.850,     1.752978,     1.752978,    -0.006182,
  1699.900,     2.450384,     2.450384,     0.002001,
  1699.950,     2.840175,     2.840175,     0.009060,
  1700.000,     2.866925,     2.866925,     0.001488,
  1700.050,     2.536581,     2.536581,     0.000226,
  1700.100,     1.955277,     1.955277,     0.003563,
  1700.150,     1.258269,     1.258269,     0.007646,
  1700.200,     0.631063,     0.631063,     0.004081,
  1700.250,     0.214407,     0.214407,     0.001095,
  1700.300,     0.035360,     0.035360,     0.003859,
  1700.350,     0.106097,     0.106097,     0.002252,
  1700.400,     0.356125,     0.356125,    -0.002050,
  1700.450,     0.698159,     0.698159,    -0.007157,
  1700.500,     1.100381,     1.100381,    -0.002468,
  1700.550,     1.486258,     1.486258,    -0.006919,
  1700.600,     1.795552,     1.795552,    -0.006073,
  1700.650,     1.998714,     1.998714,    -0.004357,
  1700.700,     2.124292,     2.124292,     0.000100,
  1700.750,     2.223595,     2.223595,    -0.003486,
  1700.800,     2.279434,     2.279434,     0.001672,
  1700.850,     2.212552,     2.212552,     0.002760,
  1700.900,     1.975957,     1.975957,     0.002634,
  1700.950,     1.574126,     1.574126,     0.001742,
  1701.000,     1.078355,     1.078355,     0.003646,
  1701.050,     0.565921,     0.565921,     0.010103,
  1701.100,     0.105276,     0.105276,     0.008096,
  1701.150,    -0.195628,    -0.195628,     0.003722,
  1701.200,    -0.379004,    -0.379004,     0.000114,
  1701.250,    -0.398505,    -0.398505,     0.001294,
  1701.300,    -0.296935,    -0.296935,    -0.000335,
  1701.350,    -0.112662,    -0.112662,    -0.002195,
  1701.400,     0.193048,     0.193048,     0.002590,
  1701.450,     0.542926,     0.542926,    -0.003159,
  1701.500,     0.940374,     0.940374,    -0.004926,
  1701.550,     1.319942,     1.319942,    -0.005133,
  1701.600,     1.636360,     1.636360,    -0.000675,
  1701.650,     1.862691,     1.862691,     0.001231,
  1701.700,     1.914803,     1.914803,    -0.005447,
  1701.750,     1.812830,     1.812830,     0.003386,
  1701.800,     1.497084,     1.497084,     0.005505,
  1701.850,     1.093463,     1.093463,     0.009712,
  1701.900,     0.715838,     0.715838,     0.012879,
  1701.950,     0.412858,     0.412858,     0.012628,
  1702.000,     0.207046,     0.207046,     0.010965,
  1702.050,    -0.002225,    -0.002225,     0.001989,
  1702.100,    -0.152308,    -0.152308,     0.003417,
  1702.150,    -0.196308,    -0.196308,     0.000507,
  1702.200,    -0.144487,    -0.144487,     0.002173,
  1702.250,    -0.024069,    -0.024069,     0.004155,
  1702.300,     0.188871,     0.188871,    -0.002609,
  1702.350,     0.432309,     0.432309,    -0.006286,
  1702.400,     0.746406,     0.746406,    -0.007955,
  1702.450,     1.113395,     1.113395,    -0.006672,
  1702.500,     1.465388,     1.465388,    -0.004538,
  1702.550,     1.738564,     1.738564,     0.000371,
  1702.600,     1.847772,     1.847772,     0.000179,
  1702.650,     1.741479,     1.741479,     0.002736,
  1702.700,     1.477008,     1.477008,     0.005583,
  1702.750,     1.112401,     1.112401,     0.005915,
  1702.800,     0.725569,     0.725569,     0.008904,
  1702.850,     0.264683,     0.264683,     0.002622,
  1702.900,    -0.083359,    -0.083359,     0.008610,
  1702.950,    -0.329628,    -0.329628,     0.010498,
  1703.000,    -0.467160,    -0.467160,     0.006231,
  1703.050,    -0.516775,    -0.516775,     0.000600,
  1703.100,    -0.552785,    -0.552785,     0.002416,
  1703.150,    -0.531802,    -0.531802,    -0.001569,
  1703.200,    -0.392810,    -0.392810,    -0.001703,
  1703.250,    -0.156744,    -0.156744,     0.000264,
  1703.300,     0.229008,     0.229008,    -0.001628,
  1703.350,     0.770950,     0.770950,    -0.002477,
  1703.400,     1.354544,     1.354544,    -0.002031,
  1703.450,     1.873694,     1.873694,    -0.003826,
  1703.500,     2.146879,     2.146879,    -0.000638,
  1703.550,     2.142156,     2.142156,     0.002595,
  1703.600,     1.924068,     1.924068,     0.002397,
  1703.650,     1.563748,     1.563748,     0.000709,
  1703.700,     1.072622,     1.072622,     0.005616,
  1703.750,     0.518133,     0.518133,     0.001886,
  1703.800,     0.011478,     0.011478,     0.000768,
  1703.850,    -0.299374,    -0.299374,     0.004180,
  1703.900,    -0.382060,    -0.382060,     0.002511,
  1703.950,    -0.316831,    -0.316831,     0.000129,
  1704.000,    -0.070874,    -0.070874,     0.007091,
  1704.050,     0.321376,     0.321376,     0.002701,
  1704.100,     0.846238,     0.846238,     0.004694,
  1704.150,     1.416767,     1.416767,    -0.000777,
  1704.200,     1.969961,     1.969961,    -0.001777,
  1704.250,     2.376415,     2.376415,    -0.001330,
  1704.300,     2.539956,     2.539956,    -0.003130,
  1704.350,     2.443849,     2.443849,    -0.000472,
  1704.400,     2.187560,     2.187560,    -0.003511,
  1704.450,     1.799463,     1.799463,     0.001436,
  1704.500,     1.304165,     1.304165,     0.005164,
  1704.550,     0.827102,     0.827102,     0.003973,
  1704.600,     0.365469,     0.365469,     0.008511,
  1704.650,     0.092568,     0.092568,     0.007679,
  1704.700,     0.001743,     0.001743,     0.011452,
  1704.750,     0.116562,     0.116562,     0.006656,
  1704.800,     0.365459,     0.365459,     0.009712,
  1704.850,     0.687396,     0.687396,     0.006416,
  1704.900,     1.080751,     1.080751,    -0.000143,
  1704.950,     1.547032,     1.547032,    -0.003944,
  1705.000,     2.028004,     2.028004,    -0.005332,
  1705.050,     2.429532,     2.429532,    -0.004871,
  1705.100,     2.701087,     2.701087,    -0.008800,
  1705.150,     2.786637,     2.786637,    -0.008154,
  1705.200,     2.728654,     2.728654,    -0.004619,
  1705.250,     2.588807,     2.588807,    -0.005337,
  1705.300,     2.410819,     2.410819,    -0.000937,
  1705.350,     2.126121,     2.126121,     0.006360,
  1705.400,     1.815159,     1.815159,     0.011177,
  1705.450,     1.533803,     1.533803,     0.009660,
  1705.500,     1.343352,     1.343352,     0.007878,
  1705.550,     1.294895,     1.294895,     0.007260,
  1705.600,     1.230120,     1.230120,     0.005819,
  1705.650,     1.093479,     1.093479,     0.001957,
  1705.700,     0.922447,     0.922447,     0.002223,
  1705.750,     0.741133,     0.741133,    -0.005718,
  1705.800,     0.618669,     0.618669,    -0.001483,
  1705.850,     0.557503,     0.557503,    -0.003527,
  1705.900,     0.585135,     0.585135,    -0.001439,
  1705.950,     0.704118,     0.704118,     0.000740,
  1706.000,     0.924126,     0.924126,     0.001305,
  1706.050,     1.228105,     1.228105,     0.001651,
  1706.100,     1.440186,     1.440186,     0.006462,
  1706.150,     1.537056,     1.537056,     0.002985,
  1706.200,     1.431115,     1.431115,     0.002796,
  1706.250,     1.193729,     1.193729,     0.000495,
  1706.300,     0.862866,     0.862866,    -0.002850,
  1706.350,     0.475642,     0.475642,     0.001719,
  1706.400,     0.149753,     0.149753,    -0.006202,
  1706.450,    -0.050592,    -0.050592,    -0.000711,
  1706.500,    -0.147607,    -0.147607,     0.008461,
  1706.550,    -0.136650,    -0.136650,     0.002087,
  1706.600,    -0.023186,    -0.023186,     0.004597,
  1706.650,     0.111666,     0.111666,     0.003282,
  1706.700,     0.334724,     0.334724,     0.000355,
  1706.750,     0.646764,     0.646764,     0.000709,
  1706.800,     0.982969,     0.982969,     0.006872,
  1706.850,     1.270086,     1.270086,    -0.001160,
  1706.900,     1.533274,     1.533274,    -0.000670,
  1706.950,     1.732812,     1.732812,     0.003829,
  1707.000,     1.885977,     1.885977,     0.001539,
  1707.050,     1.991964,     1.991964,    -0.000768,
  1707.100,     2.012803,     2.012803,    -0.001034,
  1707.150,     1.977728,     1.977728,    -0.000746,
  1707.200,     1.943583,     1.943583,     0.006894,
  1707.250,     1.878060,     1.878060,     0.001923,
  1707.300,     1.716188,     1.716188,     0.003193,
  1707.350,     1.452515,     1.452515,     0.015554,
  1707.400,     1.139832,     1.139832,     0.004797,
  1707.450,     0.851223,     0.851223,     0.008847,
  1707.500,     0.639538,     0.639538,     0.003619,
  1707.550,     0.604060,     0.604060,    -0.000595,
  1707.600,     0.813209,     0.813209,     0.001523,
  1707.650,     1.263659,     1.263659,    -0.004231,
  1707.700,     1.836553,     1.836553,    -0.007369,
  1707.750,     2.379872,     2.379872,    -0.001420,
  1707.800,     2.806634,     2.806634,    -0.001625,
  1707.850,     3.011721,     3.011721,     0.000121,
  1707.900,     2.980675,     2.980675,     0.004266,
  1707.950,     2.724464,     2.724464,     0.009020,
  1708.000,     2.294835,     2.294835,     0.001083,
  1708.050,     1.783803,     1.783803,     0.004719,
  1708.100,     1.269205,     1.269205,     0.009942,
  1708.150,     0.851650,     0.851650,     0.003344,
  1708.200,     0.570834,     0.570834,     0.005784,
  1708.250,     0.472253,     0.472253,     0.000380,
  1708.300,     0.513279,     0.513279,     0.000846,
  1708.350,     0.688256,     0.688256,    -0.003056,
  1708.400,     0.913415,     0.913415,    -0.007696,
  1708.450,     1.097041,     1.097041,    -0.005143,
  1708.500,     1.167100,     1.167100,    -0.006590,
  1708.550,     1.094580,     1.094580,    -0.002486,
  1708.600,     0.988459,     0.988459,    -0.003251,
  1708.650,     0.890508,     0.890508,     0.000498,
  1708.700,     0.825239,     0.825239,     0.002524,
  1708.750,     0.834482,     0.834482,     0.005535,
  1708.800,     0.937989,     0.937989,     0.005015,
  1708.850,     1.132657,     1.132657,    -0.001143,
  1708.900,     1.381238,     1.381238,     0.006170,
  1708.950,     1.550118,     1.550118,     0.004190,
  1709.000,     1.592862,     1.592862,     0.003264,
  1709.050,     1.496985,     1.496985,     0.002365,
  1709.100,     1.364264,     1.364264,    -0.000787,
  1709.150,     1.220443,     1.220443,     0.001463,
  1709.200,     1.113766,     1.113766,     0.000556,
  1709.250,     1.030876,     1.030876,    -0.001431,
  1709.300,     0.993686,     0.993686,    -0.001309,
  1709.350,     1.015238,     1.015238,    -0.007560,
  1709.400,     1.048356,     1.048356,    -0.003767,
  1709.450,     1.140385,     1.140385,    -0.005731,
  1709.500,     1.279681,     1.279681,     0.002350,
  1709.550,     1.419368,     1.419368,     0.005197,
  1709.600,     1.520826,     1.520826,     0.003114,
  1709.650,     1.610550,     1.610550,     0.002917,
  1709.700,     1.662439,     1.662439,     0.003773,
  1709.750,     1.703517,     1.703517,    -0.000793,
  1709.800,     1.703155,     1.703155,     0.005063,
  1709.850,     1.587031,     1.587031,     0.005907,
  1709.900,     1.316544,     1.316544,     0.003919,
  1709.950,     0.990432,     0.990432,     0.001533,
  1710.000,     0.662223,     0.662223,    -0.004962,
  1710.050,     0.439506,     0.439506,     0.000269,
  1710.100,     0.304805,     0.304805,     0.006187,
  1710.150,     0.298283,     0.298283,     0.001447,
  1710.200,     0.349277,     0.349277,    -0.003641,
  1710.250,     0.399695,     0.399695,     0.001914,
  1710.300,     0.466908,     0.466908,     0.002547,
  1710.350,     0.427609,     0.427609,    -0.000936,
  1710.400,     0.349779,     0.349779,    -0.001258,
  1710.450,     0.249391,     0.249391,     0.004504,
  1710.500,     0.267603,     0.267603,     0.001833,
  1710.550,     0.425202,     0.425202,     0.007823,
  1710.600,     0.670064,     0.670064,     0.005623,
  1710.650,     0.961431,     0.961431,     0.003306,
  1710.700,     1.192651,     1.192651,     0.006062,
  1710.750,     1.314931,     1.314931,     0.005836,
  1710.800,     1.339182,     1.339182,     0.011290,
  1710.850,     1.279172,     1.279172,     0.004497,
  1710.900,     1.094842,     1.094842,     0.002277,
  1710.950,     0.915425,     0.915425,    -0.000279,
  1711.000,     0.741791,     0.741791,    -0.003875,
  1711.050,     0.671570,     0.671570,    -0.006312,
  1711.100,     0.663055,     0.663055,    -0.000831,
  1711.150,     0.693004,     0.693004,    -0.000844,
  1711.200,     0.829999,     0.829999,    -0.000953,
  1711.250,     1.120037,     1.120037,    -0.000571,
  1711.300,     1.462619,     1.462619,    -0.002299,
  1711.350,     1.783571,     1.783571,     0.003762,
  1711.400,     1.975077,     1.975077,     0.010105,
  1711.450,     1.983953,     1.983953,     0.006149,
  1711.500,     1.791444,     1.791444,     0.007120,
  1711.550,     1.416287,     1.416287,     0.008288,
  1711.600,     0.902035,     0.902035,     0.001470,
  1711.650,     0.412966,     0.412966,     0.002398,
  1711.700,     0.053998,     0.053998,     0.002937,
  1711.750,    -0.022020,    -0.022020,     0.000277,
  1711.800,     0.139481,     0.139481,    -0.003733,
  1711.850,     0.468412,     0.468412,    -0.005399,
  1711.900,     0.870126,     0.870126,     0.002068,
  1711.950,     1.249804,     1.249804,    -0.000255,
  1712.000,     1.590034,     1.590034,    -0.008700,
  1712.050,     1.757380,     1.757380,     0.000717,
  1712.100,     1.704202,     1.704202,    -0.004238,
  1712.150,     1.456662,     1.456662,     0.003288,
  1712.200,     1.053388,     1.053388,     0.009742,
  1712.250,     0.622955,     0.622955,     0.007825,
  1712.300,     0.310986,     0.310986,     0.005314,
  1712.350,     0.108602,     0.108602,     0.010454,
  1712.400,     0.160012,     0.160012,     0.008751,
  1712.450,     0.437557,     0.437557,     0.004261,
  1712.500,     0.908591,     0.908591,     0.005238,
  1712.550,     1.471358,     1.471358,    -0.002985,
  1712.600,     1.942300,     1.942300,    -0.001271,
  1712.650,     2.241039,     2.241039,    -0.006456,
  1712.700,     2.315176,     2.315176,    -0.001525,
  1712.750,     2.166940,     2.166940,    -0.001156,
  1712.800,     1.869105,     1.869105,     0.001064,
  1712.850,     1.530207,     1.530207,     0.003764,
  1712.900,     1.262102,     1.262102,     0.004274,
  1712.950,     1.160561,     1.160561,     0.003437,
  1713.000,     1.214127,     1.214127,     0.004683,
  1713.050,     1.422144,     1.422144,     0.002989,
  1713.100,     1.647660,     1.647660,     0.005191,
  1713.150,     1.855765,     1.855765,    -0.000452,
  1713.200,     1.931107,     1.931107,    -0.003165,
  1713.250,     1.816466,     1.816466,    -0.000776,
  1713.300,     1.621859,     1.621859,     0.000767,
  1713.350,     1.351444,     1.351444,    -0.001116,
  1713.400,     1.063327,     1.063327,     0.000325,
  1713.450,     0.848513,     0.848513,    -0.002938,
  1713.500,     0.704341,     0.704341,     0.004764,
  1713.550,     0.688907,     0.688907,     0.001964,
  1713.600,     0.819090,     0.819090,    -0.000802,
  1713.650,     1.103136,     1.103136,     0.001917,
  1713.700,     1.409114,     1.409114,    -0.000184,
  1713.750,     1.692225,     1.692225,    -0.001224,
  1713.800,     1.811971,     1.811971,     0.005672,
  1713.850,     1.754821,     1.754821,    -0.002733,
  1713.900,     1.591743,     1.591743,    -0.002399,
  1713.950,     1.231281,     1.231281,     0.002756,
  1714.000,     0.797407,     0.797407,     0.002394,
  1714.050,     0.365158,     0.365158,     0.004032,
  1714.100,     0.034516,     0.034516,     0.006722,
  1714.150,    -0.026658,    -0.026658,     0.005530,
  1714.200,     0.184675,     0.184675,    -0.001376,
  1714.250,     0.606210,     0.606210,     0.005289,
  1714.300,     1.089649,     1.089649,     0.001172,
  1714.350,     1.490815,     1.490815,    -0.007329,
  1714.400,     1.707233,     1.707233,    -0.002592,
  1714.450,     1.719465,     1.719465,     0.000394,
  1714.500,     1.513489,     1.513489,    -0.003146,
  1714.550,     1.197705,     1.197705,    -0.000387,
  1714.600,     0.856871,     0.856871,     0.004797,
  1714.650,     0.634544,     0.634544,     0.005540,
  1714.700,     0.617475,     0.617475,     0.004673,
  1714.750,     0.725275,     0.725275,     0.003391,
  1714.800,     0.924123,     0.924123,     0.007847,
  1714.850,     1.106387,     1.106387,     0.006104,
  1714.900,     1.103005,     1.103005,     0.006425,
  1714.950,     0.913411,     0.913411,    -0.003688,
  1715.000,     0.530180,     0.530180,    -0.003977,
  1715.050,     0.134683,     0.134683,    -0.005567,
  1715.100,    -0.269910,    -0.269910,    -0.007236,
  1715.150,    -0.557224,    -0.557224,    -0.007024,
  1715.200,    -0.683033,    -0.683033,     0.001719,
  1715.250,    -0.571705,    -0.571705,     0.003886,
  1715.300,    -0.304670,    -0.304670,     0.009779,
  1715.350,     0.078485,     0.078485,     0.009782,
  1715.400,     0.538393,     0.538393,     0.011264,
  1715.450,     1.028427,     1.028427,     0.007005,
  1715.500,     1.502242,     1.502242,     0.012100,
  1715.550,     1.844738,     1.844738,     0.000278,
  1715.600,     1.933996,     1.933996,    -0.002706,
  1715.650,     1.728565,     1.728565,    -0.000018,
  1715.700,     1.229859,     1.229859,    -0.006727,
  1715.750,     0.540926,     0.540926,    -0.002364,
  1715.800,    -0.165826,    -0.165826,     0.005094,
  1715.850,    -0.740224,    -0.740224,    -0.002782,
  1715.900,    -1.057480,    -1.057480,     0.000849,
  1715.950,    -1.035766,    -1.035766,     0.009177,
  1716.000,    -0.629646,    -0.629646,     0.007643,
  1716.050,     0.073212,     0.073212,     0.002313,
  1716.100,     0.854730,     0.854730,     0.001643,
  1716.150,     1.581930,     1.581930,     0.001181,
  1716.200,     2.064901,     2.064901,    -0.000458,
  1716.250,     2.253151,     2.253151,    -0.000014,
  1716.300,     2.119534,     2.119534,    -0.004753,
  1716.350,     1.736978,     1.736978,    -0.003089,
  1716.400,     1.250300,     1.250300,     0.000504,
  1716.450,     0.746373,     0.746373,    -0.000003,
  1716.500,     0.391037,     0.391037,    -0.003626,
  1716.550,     0.223613,     0.223613,     0.003101,
  1716.600,     0.227837,     0.227837,     0.009744,
  1716.650,     0.283777,     0.283777,     0.004898,
  1716.700,     0.363875,     0.363875,     0.006082,
  1716.750,     0.414411,     0.414411,     0.007462,
  1716.800,     0.382238,     0.382238,     0.008640,
  1716.850,     0.386000,     0.386000,     0.002041,
  1716.900,     0.413724,     0.413724,     0.007450,
  1716.950,     0.532464,     0.532464,    -0.001191,
  1717.000,     0.767610,     0.767610,    -0.001616,
  1717.050,     1.103108,     1.103108,     0.000531,
  1717.100,     1.447134,     1.447134,     0.001917,
  1717.150,     1.758704,     1.758704,    -0.006514,
  1717.200,     1.913312,     1.913312,     0.001474,
  1717.250,     1.989301,     1.989301,     0.000065,
  1717.300,     1.956454,     1.956454,     0.000257,
  1717.350,     1.767766,     1.767766,     0.009151,
  1717.400,     1.530295,     1.530295,     0.003886,
  1717.450,     1.168417,     1.168417,     0.002639,
  1717.500,     0.812636,     0.812636,     0.001285,
  1717.550,     0.407275,     0.407275,    -0.000896,
  1717.600,     0.038021,     0.038021,     0.004262,
  1717.650,    -0.290806,    -0.290806,    -0.003620,
  1717.700,    -0.475594,    -0.475594,     0.002347,
  1717.750,    -0.410213,    -0.410213,    -0.002414,
  1717.800,    -0.052088,    -0.052088,     0.001199,
  1717.850,     0.457475,     0.457475,     0.003704,
  1717.900,     0.988306,     0.988306,     0.002159,
  1717.950,     1.415740,     1.415740,     0.003957,
  1718.000,     1.668179,     1.668179,     0.002011,
  1718.050,     1.705765,     1.705765,     0.006208,
  1718.100,     1.583977,     1.583977,     0.002536,
  1718.150,     1.329943,     1.329943,     0.007848,
  1718.200,     1.036802,     1.036802,     0.001401,
  1718.250,     0.768220,     0.768220,    -0.004276,
  1718.300,     0.553401,     0.553401,     0.000564,
  1718.350,     0.472896,     0.472896,    -0.003001,
  1718.400,     0.491900,     0.491900,     0.001334,
  1718.450,     0.624468,     0.624468,     0.003369,
  1718.500,     0.761028,     0.761028,     0.010008,
  1718.550,     0.885877,     0.885877,     0.007023,
  1718.600,     0.965360,     0.965360,     0.007045,
  1718.650,     1.019752,     1.019752,     0.007706,
  1718.700,     1.055398,     1.055398,     0.003174,
  1718.750,     1.122704,     1.122704,     0.002662,
  1718.800,     1.344286,     1.344286,     0.001379,
  1718.850,     1.613377,     1.613377,    -0.007604,
  1718.900,     1.994283,     1.994283,    -0.007715,
  1718.950,     2.344918,     2.344918,    -0.002498,
  1719.000,     2.580013,     2.580013,    -0.000868,
  1719.050,     2.720220,     2.720220,     0.005729,
  1719.100,     2.634843,     2.634843,     0.009725,
  1719.150,     2.351094,     2.351094,     0.012921,
  1719.200,     1.910511,     1.910511,     0.001929,
  1719.250,     1.332618,     1.332618,     0.004460,
  1719.300,     0.717710,     0.717710,     0.000616,
  1719.350,     0.149211,     0.149211,    -0.009106,
  1719.400,    -0.231224,    -0.231224,    -0.004891,
  1719.450,    -0.365955,    -0.365955,    -0.006512,
  1719.500,    -0.252983,    -0.252983,     0.001133,
  1719.550,     0.065889,     0.065889,     0.009542,
  1719.600,     0.584058,     0.584058,     0.008389,
  1719.650,     1.177586,     1.177586,     0.010700,
  1719.700,     1.803306,     1.803306,     0.006531,
  1719.750,     2.287425,     2.287425,    -0.000307,
  1719.800,     2.540220,     2.540220,    -0.002620,
  1719.850,     2.506058,     2.506058,    -0.009588,
  1719.900,     2.308830,     2.308830,    -0.009821,
  1719.950,     1.970036,     1.970036,     0.001910,
  1720.000,     1.608460,     1.608460,     0.007204,

