Time_abs/ps, Signal 1/nA, Ref.signal 1/nA, Signal 2/nA, Ref.signal 2/nA
  1600.000,     0.006918,     0.007615,    -0.000459,
  1600.050,     0.001267,    -0.004646,    -0.003391,
  1600.100,    -0.000862,     0.011497,     0.001339,
  1600.150,    -0.009805,    -0.005388,     0.001190,
  1600.200,     0.002482,    -0.009079,     0.001322,
  1600.250,    -0.014769,    -0.022884,     0.003397,
  1600.300,     0.010690,    -0.011605,     0.003488,
  1600.350,    -0.013522,     0.000561,     0.003718,
  1600.400,     0.000634,     0.010459,     0.001742,
  1600.450,    -0.008955,     0.008771,     0.006740,
  1600.500,     0.002649,    -0.000034,     0.002962,
  1600.550,    -0.026246,    -0.009125,    -0.001058,
  1600.600,    -0.014525,    -0.021215,    -0.000090,
  1600.650,    -0.016239,    -0.028924,    -0.001197,
  1600.700,    -0.023639,    -0.024922,    -0.002892,
  1600.750,    -0.023340,    -0.033412,     0.001452,
  1600.800,    -0.013152,    -0.027306,    -0.000513,
  1600.850,    -0.008834,    -0.001638,    -0.001669,
  1600.900,    -0.014841,    -0.017430,    -0.003566,
  1600.950,    -0.025849,    -0.006954,     0.003984,
  1601.000,    -0.026454,    -0.025601,    -0.002094,
  1601.050,    -0.019160,    -0.025349,     0.009315,
  1601.100,    -0.027152,    -0.009534,     0.008623,
  1601.150,    -0.016296,    -0.028449,     0.000990,
  1601.200,    -0.026983,    -0.018410,     0.000183,
  1601.250,    -0.024086,    -0.022588,     0.001079,
  1601.300,    -0.039275,    -0.037640,     0.006395,
  1601.350,    -0.051015,    -0.024145,     0.008405,
  1601.400,    -0.038972,    -0.019708,     0.006098,
  1601.450,    -0.050994,    -0.036830,     0.006854,
  1601.500,    -0.033346,    -0.020360,     0.007797,
  1601.550,    -0.068936,    -0.021295,     0.005330,
  1601.600,    -0.050518,    -0.019094,     0.001104,
  1601.650,    -0.052647,    -0.038961,    -0.000409,
  1601.700,    -0.051160,    -0.039712,    -0.002044,
  1601.750,    -0.067386,    -0.046448,     0.002622,
  1601.800,    -0.062040,    -0.049859,     0.002849,
  1601.850,    -0.051824,    -0.056273,    -0.006581,
  1601.900,    -0.074281,    -0.066449,     0.002065,
  1601.950,    -0.080947,    -0.072077,     0.003200,
  1602.000,    -0.072553,    -0.063971,     0.002507,
  1602.050,    -0.093526,    -0.049452,    -0.000727,
  1602.100,    -0.085579,    -0.059367,     0.009323,
  1602.150,    -0.096192,    -0.063293,     0.002040,
  1602.200,    -0.100822,    -0.057947,     0.003197,
  1602.250,    -0.086315,    -0.047525,    -0.001173,
  1602.300,    -0.090725,    -0.066134,     0.002365,
  1602.350,    -0.087945,    -0.074133,    -0.001869,
  1602.400,    -0.083705,    -0.077379,    -0.002933,
  1602.450,    -0.077147,    -0.060169,     0.001977,
  1602.500,    -0.087159,    -0.080268,    -0.003674,
  1602.550,    -0.078632,    -0.067907,     0.000827,
  1602.600,    -0.070248,    -0.099132,     0.002846,
  1602.650,    -0.071829,    -0.079462,    -0.003286,
  1602.700,    -0.075137,    -0.061615,     0.003521,
  1602.750,    -0.077726,    -0.055587,     0.000523,
  1602.800,    -0.076178,    -0.049285,     0.000086,
  1602.850,    -0.079053,    -0.061351,     0.002669,
  1602.900,    -0.103587,    -0.051576,     0.003411,
  1602.950,    -0.068908,    -0.030425,    -0.000095,
  1603.000,    -0.055650,    -0.045516,     0.003805,
  1603.050,    -0.066501,    -0.046597,     0.001071,
  1603.100,    -0.077519,    -0.041525,    -0.000569,
  1603.150,    -0.094308,    -0.058770,     0.006118,
  1603.200,    -0.063102,    -0.067038,     0.004187,
  1603.250,    -0.066700,    -0.060943,     0.006349,
  1603.300,    -0.064774,    -0.046130,     0.007409,
  1603.350,    -0.069631,    -0.044856,     0.009017,
  1603.400,    -0.078024,    -0.048941,     0.003339,
  1603.450,    -0.066798,    -0.057768,     0.002555,
  1603.500,    -0.071064,    -0.061647,     0.001159,
  1603.550,    -0.084203,    -0.072860,     0.001605,
  1603.600,    -0.075064,    -0.050958,     0.003899,
  1603.650,    -0.085600,    -0.058043,    -0.002527,
  1603.700,    -0.087917,    -0.046480,     0.001329,
  1603.750,    -0.097844,    -0.039911,     0.002961,
  1603.800,    -0.079520,    -0.055079,    -0.000964,
  1603.850,    -0.084696,    -0.055890,    -0.003333,
  1603.900,    -0.078024,    -0.060794,     0.003584,
  1603.950,    -0.067774,    -0.056321,    -0.000740,
  1604.000,    -0.087014,    -0.053461,     0.001110,
  1604.050,    -0.061713,    -0.061511,    -0.002167,
  1604.100,    -0.077061,    -0.073083,     0.005454,
  1604.150,    -0.063471,    -0.058812,     0.002023,
  1604.200,    -0.081433,    -0.056921,     0.002999,
  1604.250,    -0.046131,    -0.052816,    -0.000024,
  1604.300,    -0.069385,    -0.051204,    -0.004324,
  1604.350,    -0.088338,    -0.050098,     0.001576,
  1604.400,    -0.095986,    -0.051308,     0.002563,
  1604.450,    -0.069043,    -0.055452,    -0.003301,
  1604.500,    -0.061118,    -0.068069,    -0.002817,
  1604.550,    -0.052987,    -0.050001,     0.006363,
  1604.600,    -0.078834,    -0.060544,     0.002232,
  1604.650,    -0.063235,    -0.066102,     0.004057,
  1604.700,    -0.054481,    -0.067510,    -0.000817,
  1604.750,    -0.059855,    -0.069713,    -0.000645,
  1604.800,    -0.056749,    -0.075049,     0.000069,
  1604.850,    -0.064938,    -0.068252,    -0.005882,
  1604.900,    -0.070484,    -0.068048,    -0.001861,
  1604.950,    -0.080183,    -0.057182,    -0.002317,
  1605.000,    -0.058873,    -0.074073,    -0.004011,
  1605.050,    -0.055200,    -0.073767,    -0.002507,
  1605.100,    -0.058823,    -0.058804,     0.001722,
  1605.150,    -0.065265,    -0.074817,     0.003269,
  1605.200,    -0.069444,    -0.054424,    -0.000622,
  1605.250,    -0.062831,    -0.059604,     0.000498,
  1605.300,    -0.049978,    -0.073760,     0.002479,
  1605.350,    -0.076800,    -0.080658,     0.001588,
  1605.400,    -0.059824,    -0.064059,     0.002022,
  1605.450,    -0.062754,    -0.066206,     0.002895,
  1605.500,    -0.069330,    -0.061892,     0.002268,
  1605.550,    -0.064848,    -0.056416,     0.004820,
  1605.600,    -0.056743,    -0.060449,     0.001019,
  1605.650,    -0.067301,    -0.062375,     0.007288,
  1605.700,    -0.071834,    -0.064690,     0.005399,
  1605.750,    -0.063777,    -0.067201,     0.001184,
  1605.800,    -0.065133,    -0.053317,     0.003586,
  1605.850,    -0.060983,    -0.075328,     0.000751,
  1605.900,    -0.083572,    -0.081720,     0.001728,
  1605.950,    -0.094682,    -0.084957,     0.001997,
  1606.000,    -0.085496,    -0.063255,     0.002020,
  1606.050,    -0.071720,    -0.061329,    -0.001512,
  1606.100,    -0.084796,    -0.043735,     0.001331,
  1606.150,    -0.099603,    -0.050841,    -0.003400,
  1606.200,    -0.083343,    -0.062682,     0.003683,
  1606.250,    -0.077638,    -0.048538,    -0.001303,
  1606.300,    -0.080922,    -0.051206,     0.000749,
  1606.350,    -0.086385,    -0.056931,     0.008586,
  1606.400,    -0.074222,    -0.061721,     0.002545,
  1606.450,    -0.091580,    -0.077838,    -0.000238,
  1606.500,    -0.082981,    -0.075351,     0.000081,
  1606.550,    -0.085169,    -0.045355,     0.004180,
  1606.600,    -0.088671,    -0.075436,     0.005050,
  1606.650,    -0.059858,    -0.075216,     0.006115,
  1606.700,    -0.073296,    -0.067222,    -0.003141,
  1606.750,    -0.074113,    -0.063340,     0.000350,
  1606.800,    -0.078255,    -0.069187,     0.002602,
  1606.850,    -0.085916,    -0.065506,     0.003565,
  1606.900,    -0.083166,    -0.051772,     0.000556,
  1606.950,    -0.085739,    -0.049198,    -0.000261,
  1607.000,    -0.057658,    -0.044549,    -0.001947,
  1607.050,    -0.076554,    -0.057717,     0.000325,
  1607.100,    -0.075081,    -0.057853,    -0.005104,
  1607.150,    -0.078045,    -0.075347,    -0.000661,
  1607.200,    -0.068864,    -0.075670,     0.003593,
  1607.250,    -0.071386,    -0.067853,     0.002227,
  1607.300,    -0.070642,    -0.065862,     0.001632,
  1607.350,    -0.075824,    -0.091792,     0.004473,
  1607.400,    -0.085363,    -0.095613,     0.003317,
  1607.450,    -0.078780,    -0.089350,     0.000958,
  1607.500,    -0.091161,    -0.075400,    -0.000166,
  1607.550,    -0.079167,    -0.104859,     0.000100,
  1607.600,    -0.097732,    -0.098777,    -0.001969,
  1607.650,    -0.097372,    -0.092790,    -0.001355,
  1607.700,    -0.121232,    -0.102410,     0.000253,
  1607.750,    -0.124371,    -0.103796,    -0.003538,
  1607.800,    -0.127928,    -0.101278,    -0.004971,
  1607.850,    -0.126587,    -0.124529,     0.003319,
  1607.900,    -0.146077,    -0.136633,     0.001754,
  1607.950,    -0.138551,    -0.124998,    -0.001456,
  1608.000,    -0.142263,    -0.137278,    -0.000134,
  1608.050,    -0.136016,    -0.131250,     0.001308,
  1608.100,    -0.134595,    -0.141260,    -0.000915,
  1608.150,    -0.155560,    -0.161652,     0.000969,
  1608.200,    -0.160261,    -0.162870,     0.001440,
  1608.250,    -0.154879,    -0.156415,     0.004584,
  1608.300,    -0.154008,    -0.147483,     0.003527,
  1608.350,    -0.142412,    -0.147606,     0.000079,
  1608.400,    -0.132305,    -0.157783,     0.001084,
  1608.450,    -0.148370,    -0.149063,     0.002248,
  1608.500,    -0.137878,    -0.130967,     0.004477,
  1608.550,    -0.121408,    -0.132564,     0.000680,
  1608.600,    -0.114133,    -0.131408,     0.001347,
  1608.650,    -0.099085,    -0.119437,     0.004010,
  1608.700,    -0.107822,    -0.132012,     0.001097,
  1608.750,    -0.102885,    -0.130531,     0.001755,
  1608.800,    -0.100331,    -0.127366,     0.002547,
  1608.850,    -0.108508,    -0.114349,     0.009347,
  1608.900,    -0.076429,    -0.118084,     0.000945,
  1608.950,    -0.083275,    -0.108535,     0.000372,
  1609.000,    -0.085156,    -0.122791,     0.001052,
  1609.050,    -0.070326,    -0.112637,    -0.001404,
  1609.100,    -0.072398,    -0.100752,    -0.003375,
  1609.150,    -0.073490,    -0.101737,    -0.000903,
  1609.200,    -0.081236,    -0.083625,    -0.000058,
  1609.250,    -0.059307,    -0.090299,    -0.000490,
  1609.300,    -0.067261,    -0.092264,     0.003034,
  1609.350,    -0.059515,    -0.063074,     0.000580,
  1609.400,    -0.059057,    -0.072413,    -0.002261,
  1609.450,    -0.056116,    -0.097468,    -0.002679,
  1609.500,    -0.039652,    -0.062004,     0.001041,
  1609.550,    -0.045354,    -0.074665,     0.002088,
  1609.600,    -0.029684,    -0.082541,     0.003363,
  1609.650,    -0.034004,    -0.095405,    -0.001405,
  1609.700,    -0.042513,    -0.072481,     0.000111,
  1609.750,    -0.047290,    -0.073364,     0.001925,
  1609.800,    -0.065268,    -0.048757,     0.003715,
  1609.850,    -0.064978,    -0.050317,    -0.002746,
  1609.900,    -0.048709,    -0.050132,     0.007218,
  1609.950,    -0.060397,    -0.052159,    -0.000517,
  1610.000,    -0.073026,    -0.076507,    -0.002694,
  1610.050,    -0.089691,    -0.090168,     0.003594,
  1610.100,    -0.081065,    -0.092489,     0.000166,
  1610.150,    -0.087809,    -0.092585,     0.001471,
  1610.200,    -0.091351,    -0.087222,    -0.001100,
  1610.250,    -0.102006,    -0.102442,     0.000211,
  1610.300,    -0.131301,    -0.110517,    -0.002957,
  1610.350,    -0.124664,    -0.117500,     0.001149,
  1610.400,    -0.115505,    -0.123959,    -0.003138,
  1610.450,    -0.113371,    -0.132789,    -0.004120,
  1610.500,    -0.126876,    -0.137259,     0.004060,
  1610.550,    -0.123241,    -0.141640,     0.003625,
  1610.600,    -0.120344,    -0.131035,     0.004729,
  1610.650,    -0.146073,    -0.137492,    -0.000406,
  1610.700,    -0.137670,    -0.131505,     0.001365,
  1610.750,    -0.145529,    -0.161033,     0.002616,
  1610.800,    -0.181444,    -0.172221,     0.003193,
  1610.850,    -0.176378,    -0.194941,     0.001236,
  1610.900,    -0.179960,    -0.172747,     0.003844,
  1610.950,    -0.189971,    -0.179672,     0.005178,
  1611.000,    -0.177954,    -0.196484,    -0.001168,
  1611.050,    -0.194165,    -0.217035,    -0.000645,
  1611.100,    -0.196126,    -0.213329,     0.004081,
  1611.150,    -0.196425,    -0.239635,     0.003816,
  1611.200,    -0.192173,    -0.240099,     0.004490,
  1611.250,    -0.201465,    -0.215287,     0.003742,
  1611.300,    -0.202913,    -0.217257,     0.003594,
  1611.350,    -0.210852,    -0.223915,    -0.000733,
  1611.400,    -0.189720,    -0.225158,    -0.002279,
  1611.450,    -0.182178,    -0.227445,    -0.000189,
  1611.500,    -0.189841,    -0.219021,     0.000784,
  1611.550,    -0.191296,    -0.196926,     0.000844,
  1611.600,    -0.176967,    -0.221091,    -0.004439,
  1611.650,    -0.181882,    -0.212736,    -0.000325,
  1611.700,    -0.193461,    -0.199161,     0.003411,
  1611.750,    -0.176739,    -0.192209,     0.004349,
  1611.800,    -0.174126,    -0.199529,     0.003117,
  1611.850,    -0.198158,    -0.174264,    -0.004755,
  1611.900,    -0.185526,    -0.168421,     0.004618,
  1611.950,    -0.168239,    -0.185613,     0.002246,
  1612.000,    -0.186847,    -0.193127,    -0.004774,
  1612.050,    -0.188148,    -0.202004,     0.001381,
  1612.100,    -0.189379,    -0.203686,     0.008552,
  1612.150,    -0.183281,    -0.192196,     0.006431,
  1612.200,    -0.189820,    -0.228909,     0.001965,
  1612.250,    -0.195440,    -0.217702,     0.003008,
  1612.300,    -0.208823,    -0.218946,     0.002272,
  1612.350,    -0.195674,    -0.226065,     0.001629,
  1612.400,    -0.187455,    -0.209106,     0.002564,
  1612.450,    -0.214640,    -0.219318,     0.005787,
  1612.500,    -0.205873,    -0.206316,     0.001500,
  1612.550,    -0.214705,    -0.213026,     0.004092,
  1612.600,    -0.241130,    -0.230964,    -0.000009,
  1612.650,    -0.220942,    -0.237960,     0.000145,
  1612.700,    -0.225594,    -0.240506,    -0.001728,
  1612.750,    -0.230778,    -0.236160,    -0.001445,
  1612.800,    -0.236369,    -0.233167,    -0.000251,
  1612.850,    -0.228847,    -0.256656,    -0.001083,
  1612.900,    -0.225698,    -0.239617,    -0.002226,
  1612.950,    -0.242097,    -0.245471,    -0.004441,
  1613.000,    -0.250268,    -0.262886,    -0.008735,
  1613.050,    -0.238403,    -0.251333,    -0.004608,
  1613.100,    -0.235233,    -0.256567,    -0.000882,
  1613.150,    -0.236895,    -0.244889,     0.001660,
  1613.200,    -0.240593,    -0.267568,    -0.000957,
  1613.250,    -0.254179,    -0.263436,    -0.003107,
  1613.300,    -0.265778,    -0.261406,    -0.001421,
  1613.350,    -0.262458,    -0.262316,     0.004521,
  1613.400,    -0.261593,    -0.263597,     0.006669,
  1613.450,    -0.256289,    -0.263895,     0.006498,
  1613.500,    -0.265114,    -0.253962,     0.005648,
  1613.550,    -0.274495,    -0.267384,     0.005976,
  1613.600,    -0.270040,    -0.282852,     0.004794,
  1613.650,    -0.278154,    -0.294390,     0.002272,
  1613.700,    -0.304336,    -0.269291,     0.004901,
  1613.750,    -0.304396,    -0.296063,     0.007510,
  1613.800,    -0.297732,    -0.295676,     0.002798,
  1613.850,    -0.298164,    -0.290447,    -0.001194,
  1613.900,    -0.276140,    -0.308364,     0.002004,
  1613.950,    -0.299594,    -0.311033,     0.004050,
  1614.000,    -0.328468,    -0.298176,    -0.000074,
  1614.050,    -0.314152,    -0.320096,    -0.001649,
  1614.100,    -0.329653,    -0.327092,     0.000281,
  1614.150,    -0.322683,    -0.336267,    -0.000217,
  1614.200,    -0.337261,    -0.347295,    -0.002550,
  1614.250,    -0.322044,    -0.345886,    -0.004409,
  1614.300,    -0.350729,    -0.330335,    -0.003611,
  1614.350,    -0.336748,    -0.335595,    -0.008110,
  1614.400,    -0.334006,    -0.326397,    -0.007910,
  1614.450,    -0.352216,    -0.335081,    -0.002210,
  1614.500,    -0.317967,    -0.341281,    -0.004054,
  1614.550,    -0.320618,    -0.341916,    -0.006510,
  1614.600,    -0.346254,    -0.342900,    -0.002235,
  1614.650,    -0.343379,    -0.342125,    -0.005405,
  1614.700,    -0.349657,    -0.318097,    -0.002233,
  1614.750,    -0.330183,    -0.315540,    -0.001875,
  1614.800,    -0.329423,    -0.298863,    -0.001332,
  1614.850,    -0.330029,    -0.298416,     0.004322,
  1614.900,    -0.331615,    -0.312369,     0.004443,
  1614.950,    -0.356174,    -0.298750,     0.005676,
  1615.000,    -0.352182,    -0.299329,     0.007231,
  1615.050,    -0.356792,    -0.316875,     0.009095,
  1615.100,    -0.377521,    -0.339941,     0.004501,
  1615.150,    -0.390310,    -0.354372,     0.004544,
  1615.200,    -0.406917,    -0.349586,     0.007399,
  1615.250,    -0.415826,    -0.375272,     0.005829,
  1615.300,    -0.429453,    -0.391255,     0.003059,
  1615.350,    -0.435437,    -0.412063,     0.003008,
  1615.400,    -0.432807,    -0.422098,     0.005168,
  1615.450,    -0.435801,    -0.408363,     0.005629,
  1615.500,    -0.435038,    -0.404922,     0.000824,
  1615.550,    -0.429952,    -0.411461,    -0.000194,
  1615.600,    -0.443416,    -0.401083,     0.001315,
  1615.650,    -0.447394,    -0.408784,    -0.002391,
  1615.700,    -0.454768,    -0.415894,    -0.003448,
  1615.750,    -0.460441,    -0.406058,     0.000097,
  1615.800,    -0.454145,    -0.429032,     0.001228,
  1615.850,    -0.463500,    -0.454615,     0.000191,
  1615.900,    -0.460379,    -0.455064,    -0.001589,
  1615.950,    -0.477531,    -0.455368,    -0.001830,
  1616.000,    -0.495000,    -0.466990,     0.004305,
  1616.050,    -0.484413,    -0.474880,     0.003875,
  1616.100,    -0.479696,    -0.480263,    -0.002686,
  1616.150,    -0.485362,    -0.480738,    -0.000408,
  1616.200,    -0.475492,    -0.476577,     0.004957,
  1616.250,    -0.498672,    -0.483261,    -0.000605,
  1616.300,    -0.503207,    -0.490949,    -0.000873,
  1616.350,    -0.494045,    -0.490765,     0.002092,
  1616.400,    -0.503751,    -0.495713,    -0.000537,
  1616.450,    -0.514422,    -0.492477,    -0.003405,
  1616.500,    -0.491140,    -0.503176,    -0.002288,
  1616.550,    -0.501632,    -0.526755,    -0.002234,
  1616.600,    -0.509290,    -0.506274,     0.001407,
  1616.650,    -0.514038,    -0.492097,     0.002047,
  1616.700,    -0.521445,    -0.494707,     0.001971,
  1616.750,    -0.520792,    -0.491688,    -0.000283,
  1616.800,    -0.505842,    -0.491173,    -0.004251,
  1616.850,    -0.488207,    -0.493725,    -0.000719,
  1616.900,    -0.498377,    -0.487156,     0.002576,
  1616.950,    -0.494593,    -0.489569,    -0.000756,
  1617.000,    -0.504732,    -0.506868,    -0.000359,
  1617.050,    -0.500035,    -0.487291,    -0.000204,
  1617.100,    -0.473396,    -0.474220,     0.004498,
  1617.150,    -0.466934,    -0.483483,     0.004092,
  1617.200,    -0.478387,    -0.473541,     0.004203,
  1617.250,    -0.466183,    -0.474562,     0.001857,
  1617.300,    -0.467770,    -0.456456,     0.002424,
  1617.350,    -0.456731,    -0.446705,     0.004790,
  1617.400,    -0.446699,    -0.459078,     0.007789,
  1617.450,    -0.440328,    -0.445847,     0.009023,
  1617.500,    -0.428816,    -0.438835,     0.006132,
  1617.550,    -0.413033,    -0.433537,     0.012220,
  1617.600,    -0.418389,    -0.436497,     0.010156,
  1617.650,    -0.413599,    -0.418269,     0.000483,
  1617.700,    -0.393467,    -0.416141,    -0.000050,
  1617.750,    -0.358736,    -0.407228,     0.001073,
  1617.800,    -0.336567,    -0.401720,     0.002976,
  1617.850,    -0.337003,    -0.380863,     0.001101,
  1617.900,    -0.287479,    -0.371745,    -0.004262,
  1617.950,    -0.246451,    -0.338327,    -0.006274,
  1618.000,    -0.223618,    -0.281234,    -0.004939,
  1618.050,    -0.181080,    -0.232384,    -0.006694,
  1618.100,    -0.139755,    -0.193871,    -0.007108,
  1618.150,    -0.108632,    -0.161821,    -0.007142,
  1618.200,    -0.100602,    -0.119875,    -0.002261,
  1618.250,    -0.104303,    -0.077524,    -0.003994,
  1618.300,    -0.181991,    -0.071774,    -0.005113,
  1618.350,    -0.322465,    -0.087374,     0.002123,
  1618.400,    -0.550367,    -0.196099,    -0.000166,
  1618.450,    -0.849069,    -0.348139,    -0.003824,
  1618.500,    -1.235117,    -0.610612,    -0.000500,
  1618.550,    -1.661803,    -0.952923,     0.003986,
  1618.600,    -2.060613,    -1.333053,     0.007074,
  1618.650,    -2.352360,    -1.743931,     0.012039,
  1618.700,    -2.488953,    -2.126887,     0.003183,
  1618.750,    -2.389335,    -2.394161,     0.003961,
  1618.800,    -2.108489,    -2.457728,     0.011977,
  1618.850,    -1.716897,    -2.309845,     0.013906,
  1618.900,    -1.281905,    -1.995652,     0.012603,
  1618.950,    -0.900575,    -1.602009,     0.012717,
  1619.000,    -0.600241,    -1.184876,     0.008248,
  1619.050,    -0.359118,    -0.797805,     0.001027,
  1619.100,    -0.219761,    -0.520714,     0.001792,
  1619.150,    -0.157709,    -0.297820,     0.007292,
  1619.200,    -0.144185,    -0.164513,    -0.000288,
  1619.250,    -0.192392,    -0.133796,    -0.002351,
  1619.300,    -0.255855,    -0.141140,    -0.000746,
  1619.350,    -0.338467,    -0.189173,    -0.001794,
  1619.400,    -0.432183,    -0.272831,    -0.004839,
  1619.450,    -0.487704,    -0.366149,    -0.009041,
  1619.500,    -0.537925,    -0.414662,    -0.003696,
  1619.550,    -0.580054,    -0.486669,    -0.006584,
  1619.600,    -0.602416,    -0.532702,    -0.007858,
  1619.650,    -0.614214,    -0.559336,    -0.003388,
  1619.700,    -0.614967,    -0.580338,    -0.004079,
  1619.750,    -0.624582,    -0.589772,    -0.001189,
  1619.800,    -0.628464,    -0.591029,    -0.001045,
  1619.850,    -0.647645,    -0.607447,     0.004966,
  1619.900,    -0.680938,    -0.624791,     0.004747,
  1619.950,    -0.718616,    -0.651564,     0.004413,
  1620.000,    -0.733743,    -0.699427,     0.003603,
  1620.050,    -0.764046,    -0.712156,     0.006017,
  1620.100,    -0.773230,    -0.740053,     0.010179,
  1620.150,    -0.777151,    -0.779035,     0.012223,
  1620.200,    -0.767101,    -0.777557,     0.009084,
  1620.250,    -0.766875,    -0.783301,     0.006183,
  1620.300,    -0.767766,    -0.795376,     0.007924,
  1620.350,    -0.769262,    -0.762885,     0.012397,
  1620.400,    -0.763676,    -0.756703,     0.008688,
  1620.450,    -0.761287,    -0.755122,     0.000189,
  1620.500,    -0.782889,    -0.759587,     0.004130,
  1620.550,    -0.801657,    -0.770126,     0.008174,
  1620.600,    -0.796601,    -0.762379,    -0.002003,
  1620.650,    -0.826998,    -0.799293,    -0.005841,
  1620.700,    -0.841114,    -0.826538,    -0.004136,
  1620.750,    -0.859689,    -0.825007,    -0.001065,
  1620.800,    -0.840788,    -0.836559,    -0.001419,
  1620.850,    -0.842406,    -0.864981,    -0.003977,
  1620.900,    -0.858584,    -0.872562,    -0.005374,
  1620.950,    -0.871137,    -0.863349,     0.000840,
  1621.000,    -0.876651,    -0.892779,    -0.000933,
  1621.050,    -0.901067,    -0.900679,    -0.006598,
  1621.100,    -0.927172,    -0.903279,    -0.006446,
  1621.150,    -0.961661,    -0.929399,     0.001243,
  1621.200,    -1.000191,    -0.946151,     0.000267,
  1621.250,    -1.018112,    -0.973433,    -0.000034,
  1621.300,    -1.045322,    -1.002156,    -0.001045,
  1621.350,    -1.056230,    -1.031033,    -0.001069,
  1621.400,    -1.010684,    -1.055723,     0.005860,
  1621.450,    -1.000875,    -1.082439,     0.012159,
  1621.500,    -0.978069,    -1.040745,     0.009224,
  1621.550,    -0.909688,    -1.007067,     0.006572,
  1621.600,    -0.851366,    -0.969472,     0.006626,
  1621.650,    -0.820494,    -0.923275,     0.002998,
  1621.700,    -0.818882,    -0.868363,     0.006772,
  1621.750,    -0.809805,    -0.839668,     0.002465,
  1621.800,    -0.820586,    -0.839075,    -0.002842,
  1621.850,    -0.880048,    -0.835832,    -0.003743,
  1621.900,    -0.903991,    -0.868083,     0.002373,
  1621.950,    -0.917394,    -0.905803,    -0.003144,
  1622.000,    -0.945684,    -0.925178,    -0.004729,
  1622.050,    -0.951501,    -0.925425,    -0.004277,
  1622.100,    -0.962728,    -0.933014,    -0.004660,
  1622.150,    -0.944528,    -0.943333,    -0.006115,
  1622.200,    -0.934890,    -0.946160,    -0.005706,
  1622.250,    -0.924864,    -0.947706,    -0.002952,
  1622.300,    -0.890802,    -0.936598,     0.000209,
  1622.350,    -0.862367,    -0.911204,    -0.000640,
  1622.400,    -0.832230,    -0.902913,     0.000241,
  1622.450,    -0.801444,    -0.885350,     0.003383,
  1622.500,    -0.766742,    -0.852988,     0.001878,
  1622.550,    -0.719963,    -0.809969,    -0.000383,
  1622.600,    -0.687874,    -0.785377,     0.004130,
  1622.650,    -0.629389,    -0.742969,     0.007880,
  1622.700,    -0.530079,    -0.686576,     0.002274,
  1622.750,    -0.403771,    -0.613374,     0.004616,
  1622.800,    -0.303782,    -0.510101,     0.010218,
  1622.850,    -0.188626,    -0.403846,     0.012103,
  1622.900,    -0.048849,    -0.275957,     0.006919,
  1622.950,     0.066197,    -0.136301,     0.007593,
  1623.000,     0.134436,    -0.013895,     0.006745,
  1623.050,     0.065336,     0.097326,     0.004471,
  1623.100,    -0.201062,     0.115637,     0.003664,
  1623.150,    -0.762321,     0.008123,     0.001922,
  1623.200,    -1.752459,    -0.326249,    -0.000196,
  1623.250,    -3.321312,    -1.001347,    -0.006720,
  1623.300,    -5.502648,    -2.122518,    -0.007861,
  1623.350,    -8.275477,    -3.843026,    -0.008249,
  1623.400,   -11.391162,    -6.190226,    -0.006230,
  1623.450,   -14.417256,    -9.079033,    -0.006410,
  1623.500,   -16.705973,   -12.222148,    -0.002111,
  1623.550,   -17.545706,   -15.132563,    -0.003188,
  1623.600,   -16.411847,   -17.125555,    -0.000660,
  1623.650,   -13.190092,   -17.493563,    -0.001893,
  1623.700,    -8.347958,   -15.827166,    -0.003724,
  1623.750,    -2.780074,   -12.123533,    -0.004785,
  1623.800,     2.373988,    -6.997025,    -0.003234,
  1623.850,     6.206617,    -1.427215,     0.002287,
  1623.900,     8.272795,     3.484423,     0.002418,
  1623.950,     8.527690,     6.934489,     0.008920,
  1624.000,     7.253231,     8.513791,     0.011906,
  1624.050,     4.899168,     8.337132,     0.010727,
  1624.100,     2.006709,     6.748450,     0.008689,
  1624.150,    -0.903974,     4.178412,     0.010354,
  1624.200,    -3.317707,     1.205607,     0.008708,
  1624.250,    -4.957537,    -1.618595,     0.010756,
  1624.300,    -5.844487,    -3.847212,     0.009659,
  1624.350,    -6.176461,    -5.274983,     0.007978,
  1624.400,    -6.085185,    -5.999073,     0.004519,
  1624.450,    -5.599230,    -6.210488,     0.003983,
  1624.500,    -4.735570,    -6.037645,     0.002216,
  1624.550,    -3.744548,    -5.448199,     0.004689,
  1624.600,    -2.862534,    -4.513717,     0.004516,
  1624.650,    -2.253800,    -3.507028,    -0.001765,
  1624.700,    -1.863306,    -2.713990,    -0.001852,
  1624.750,    -1.532789,    -2.169706,    -0.004686,
  1624.800,    -1.198571,    -1.805950,    -0.001989,
  1624.850,    -0.847922,    -1.469886,    -0.000360,
  1624.900,    -0.465877,    -1.140785,    -0.003179,
  1624.950,     0.002745,    -0.812284,    -0.000369,
  1625.000,     0.658477,    -0.407357,     0.002302,
  1625.050,     1.508302,     0.132472,    -0.002565,
  1625.100,     2.513120,     0.838794,    -0.000856,
  1625.150,     3.634587,     1.727241,     0.001883,
  1625.200,     4.786386,     2.765705,     0.000914,
  1625.250,     5.975354,     3.889177,     0.001021,
  1625.300,     7.188968,     5.077292,     0.001209,
  1625.350,     8.403643,     6.273234,     0.009017,
  1625.400,     9.692574,     7.478472,    -0.000272,
  1625.450,    11.086469,     8.746009,     0.001980,
  1625.500,    12.635141,    10.060120,     0.007771,
  1625.550,    14.400157,    11.467869,    -0.000566,
  1625.600,    16.419479,    13.071246,    -0.004131,
  1625.650,    18.808423,    14.898890,     0.000657,
  1625.700,    21.596530,    17.010325,     0.007102,
  1625.750,    24.846880,    19.501218,     0.001296,
  1625.800,    28.582553,    22.428147,    -0.007656,
  1625.850,    32.856134,    25.822997,    -0.002162,
  1625.900,    37.834944,    29.700968,    -0.001293,
  1625.950,    43.564328,    34.164119,    -0.003775,
  1626.000,    50.194411,    39.328189,    -0.005675,
  1626.050,    57.862406,    45.320874,    -0.007764,
  1626.100,    66.623783,    52.213222,    -0.007811,
  1626.150,    76.461476,    60.173804,    -0.013924,
  1626.200,    87.124426,    69.234329,    -0.014370,
  1626.250,    98.128897,    79.317423,    -0.012470,
  1626.300,   108.573213,    90.147328,    -0.008226,
  1626.350,   116.818679,   101.149397,    -0.001142,
  1626.400,   120.294805,   111.240914,     0.001013,
  1626.450,   115.219172,   118.577158,     0.004375,
  1626.500,    96.388476,   120.330037,     0.010545,
  1626.550,    57.399256,   112.301036,     0.018192,
  1626.600,    -8.491751,    88.936240,     0.028931,
  1626.650,  -106.419398,    43.654300,     0.039354,
  1626.700,  -237.386088,   -30.080523,     0.043554,
  1626.750,  -395.226208,  -136.599317,     0.045264,
  1626.800,  -564.819501,  -275.383844,     0.040510,
  1626.850,  -722.044677,  -438.202199,     0.028261,
  1626.900,  -835.279822,  -607.466873,     0.017534,
  1626.950,  -870.214127,  -756.832510,     0.012114,
  1627.000,  -802.001093,  -853.304042,     0.016763,
  1627.050,  -630.323086,  -863.652525,     0.023533,
  1627.100,  -383.556089,  -767.964910,     0.039755,
  1627.150,  -107.317472,  -573.556554,     0.043313,
  1627.200,   153.806843,  -314.836492,     0.033060,
  1627.250,   369.271702,   -38.717001,     0.016949,
  1627.300,   523.066947,   213.204124,     0.004277,
  1627.350,   607.644203,   414.370761,    -0.003173,
  1627.400,   621.975677,   551.418659,    -0.010321,
  1627.450,   574.994044,   618.154752,    -0.009080,
  1627.500,   487.010013,   615.650001,    -0.015997,
  1627.550,   383.661147,   555.920794,    -0.018088,
  1627.600,   285.312687,   461.606808,    -0.017247,
  1627.650,   200.326846,   358.092630,    -0.017155,
  1627.700,   128.891627,   262.795631,    -0.016270,
  1627.750,    71.482480,   181.288099,    -0.009733,
  1627.800,    32.412779,   113.143369,    -0.011461,
  1627.850,    14.637921,    59.884677,    -0.009332,
  1627.900,    13.466416,    26.164406,    -0.006034,
  1627.950,    18.342590,    13.388737,    -0.007343,
  1628.000,    20.882343,    14.807836,    -0.004668,
  1628.050,    19.288985,    19.605023,    -0.004112,
  1628.100,    15.030732,    20.976186,    -0.004663,
  1628.150,     8.441107,    18.573325,    -0.004599,
  1628.200,    -1.073187,    13.737354,    -0.004556,
  1628.250,   -12.319239,     6.294082,    -0.006130,
  1628.300,   -22.676850,    -3.942722,     0.000433,
  1628.350,   -29.985925,   -15.291041,     0.000126,
  1628.400,   -33.023980,   -25.115936,    -0.001601,
  1628.450,   -31.036061,   -31.509963,    -0.005746,
  1628.500,   -24.643994,   -33.304194,    -0.002836,
  1628.550,   -16.478190,   -29.992888,    -0.003638,
  1628.600,    -9.221706,   -22.742302,     0.002515,
  1628.650,    -4.217442,   -14.414926,     0.000680,
  1628.700,    -1.809422,    -7.483234,     0.001468,
  1628.750,    -2.087294,    -2.984859,    -0.000112,
  1628.800,    -4.628540,    -1.164252,    -0.001576,
  1628.850,    -8.443944,    -2.118112,     0.002651,
  1628.900,   -12.592110,    -5.174189,    -0.002071,
  1628.950,   -16.157777,    -9.286403,    -0.000706,
  1629.000,   -17.941022,   -13.634145,    -0.000480,
  1629.050,   -17.374899,   -17.083424,     0.001176,
  1629.100,   -15.191503,   -18.429742,     0.003888,
  1629.150,   -12.439148,   -17.405915,     0.006679,
  1629.200,    -9.242240,   -14.983355,     0.003398,
  1629.250,    -5.991979,   -11.998510,     0.001675,
  1629.300,    -3.782728,    -8.593464,     0.002723,
  1629.350,    -2.791252,    -5.354663,     0.000477,
  1629.400,    -2.140793,    -3.324842,     0.004937,
  1629.450,    -1.652231,    -2.418323,     0.005305,
  1629.500,    -2.053807,    -1.744800,     0.004936,
  1629.550,    -3.315317,    -1.435813,     0.006112,
  1629.600,    -4.759645,    -2.146204,     0.007476,
  1629.650,    -6.007071,    -3.579164,     0.003322,
  1629.700,    -7.070378,    -5.007354,     0.005717,
  1629.750,    -7.731007,    -6.289650,     0.004400,
  1629.800,    -8.189258,    -7.321848,     0.001602,
  1629.850,    -8.780786,    -7.916487,    -0.001191,
  1629.900,    -9.341349,    -8.401538,     0.003092,
  1629.950,    -9.740955,    -9.063405,     0.002988,
  1630.000,   -10.881670,    -9.528301,     0.000337,
  1630.050,   -13.525506,    -9.995554,     0.002888,
  1630.100,   -17.039624,   -11.552468,     0.002799,
  1630.150,   -20.255992,   -14.581446,    -0.000040,
  1630.200,   -22.815516,   -18.110098,     0.003309,
  1630.250,   -24.778370,   -21.159664,     0.004066,
  1630.300,   -25.636293,   -23.552278,     0.003291,
  1630.350,   -24.514225,   -25.200944,     0.004015,
  1630.400,   -20.599900,   -25.526302,     0.005260,
  1630.450,   -13.916654,   -23.619052,     0.000952,
  1630.500,    -5.722332,   -18.819349,    -0.001213,
  1630.550,     2.219209,   -11.499617,     0.001278,
  1630.600,     8.489265,    -3.149112,    -0.001368,
  1630.650,    12.335577,     4.452853,    -0.004252,
  1630.700,    13.660726,    10.046533,     0.005045,
  1630.750,    12.836834,    13.060233,     0.000930,
  1630.800,    10.413482,    13.620158,     0.000610,
  1630.850,     7.112090,    12.157680,     0.005136,
  1630.900,     3.981540,     9.274574,     0.001442,
  1630.950,     1.945399,     5.856123,     0.003269,
  1631.000,     1.334447,     2.993944,     0.002134,
  1631.050,     1.997305,     1.406954,    -0.001750,
  1631.100,     3.223650,     1.309775,     0.001564,
  1631.150,     3.996888,     2.395546,     0.006851,
  1631.200,     3.795931,     3.763499,     0.000520,
  1631.250,     3.148534,     4.322650,     0.001088,
  1631.300,     2.385727,     3.926636,     0.003708,
  1631.350,     1.449061,     3.166550,     0.001860,
  1631.400,     0.481572,     2.265575,    -0.003401,
  1631.450,    -0.118382,     1.160862,    -0.002566,
  1631.500,    -0.279277,     0.170592,     0.002504,
  1631.550,    -0.090686,    -0.376537,     0.002104,
  1631.600,     0.264421,    -0.448203,     0.002286,
  1631.650,     0.493217,    -0.184167,    -0.004165,
  1631.700,     0.587589,     0.207198,    -0.001535,
  1631.750,     0.778749,     0.439720,     0.006320,
  1631.800,     1.033862,     0.576219,    -0.001703,
  1631.850,     1.203734,     0.828175,    -0.004862,
  1631.900,     1.301869,     1.151283,     0.004037,
  1631.950,     1.351341,     1.302174,     0.003454,
  1632.000,     1.049127,     1.393799,    -0.002250,
  1632.050,     0.217311,     1.363982,     0.000483,
  1632.100,    -0.664437,     0.892051,     0.003561,
  1632.150,    -0.915225,    -0.002850,     0.003302,
  1632.200,    -0.421956,    -0.749953,    -0.001241,
  1632.250,     0.360944,    -0.775002,    -0.002066,
  1632.300,     0.779262,    -0.086435,     0.000208,
  1632.350,     0.498654,     0.719788,    -0.000947,
  1632.400,    -0.314790,     0.976297,     0.001156,
  1632.450,    -1.287237,     0.479779,     0.001789,
  1632.500,    -2.288394,    -0.447088,     0.005787,
  1632.550,    -3.271691,    -1.509570,     0.002667,
  1632.600,    -3.935819,    -2.620741,     0.006356,
  1632.650,    -3.872595,    -3.634282,     0.002275,
  1632.700,    -2.966148,    -4.182021,     0.003052,
  1632.750,    -1.494310,    -3.906807,     0.005049,
  1632.800,     0.085073,    -2.793900,     0.004794,
  1632.850,     1.458820,    -1.227206,     0.004415,
  1632.900,     2.445364,     0.409447,    -0.002837,
  1632.950,     2.950920,     1.757836,    -0.001592,
  1633.000,     2.891095,     2.638111,     0.002909,
  1633.050,     2.140424,     3.037544,     0.002350,
  1633.100,     0.804197,     2.807701,    -0.001996,
  1633.150,    -0.513113,     1.846147,     0.001363,
  1633.200,    -1.082078,     0.418482,     0.008470,
  1633.250,    -0.747562,    -0.781082,     0.000949,
  1633.300,     0.094541,    -1.114038,    -0.002486,
  1633.350,     0.869737,    -0.548134,     0.000245,
  1633.400,     1.350916,     0.372960,    -0.002103,
  1633.450,     1.744475,     1.093779,    -0.003291,
  1633.500,     2.112839,     1.532629,    -0.001945,
  1633.550,     2.077411,     1.931117,    -0.001712,
  1633.600,     1.514090,     2.205702,    -0.000809,
  1633.650,     0.744311,     2.028786,    -0.000423,
  1633.700,     0.347437,     1.294591,    -0.004248,
  1633.750,     0.586722,     0.509281,    -0.005963,
  1633.800,     1.188611,     0.259539,     0.002663,
  1633.850,     1.699058,     0.637703,     0.007704,
  1633.900,     1.944454,     1.288410,     0.004572,
  1633.950,     2.301582,     1.735328,     0.002509,
  1634.000,     3.153427,     2.004661,     0.005832,
  1634.050,     4.353307,     2.524687,     0.001050,
  1634.100,     5.420803,     3.538086,     0.003353,
  1634.150,     5.796966,     4.817174,     0.000461,
  1634.200,     5.202908,     5.771806,     0.002550,
  1634.250,     3.807900,     5.894634,     0.003224,
  1634.300,     1.978807,     5.019867,     0.007481,
  1634.350,     0.255320,     3.374413,     0.005267,
  1634.400,    -0.972704,     1.468931,     0.001890,
  1634.450,    -1.464528,    -0.234864,     0.008665,
  1634.500,    -1.225948,    -1.331142,     0.008774,
  1634.550,    -0.394267,    -1.620024,     0.006042,
  1634.600,     0.702311,    -1.193751,     0.007058,
  1634.650,     1.638878,    -0.221375,     0.003692,
  1634.700,     2.028754,     0.944310,     0.002586,
  1634.750,     1.977055,     1.802740,     0.002816,
  1634.800,     1.834379,     2.103127,     0.003035,
  1634.850,     1.619919,     1.980898,     0.000365,
  1634.900,     1.014760,     1.834150,     0.001337,
  1634.950,    -0.003244,     1.554471,     0.004554,
  1635.000,    -1.299192,     0.849765,     0.000641,
  1635.050,    -2.251282,    -0.364628,    -0.005035,
  1635.100,    -2.418509,    -1.647068,     0.001613,
  1635.150,    -1.761187,    -2.463542,    -0.000169,
  1635.200,    -0.660125,    -2.393592,    -0.002483,
  1635.250,     0.471494,    -1.539666,    -0.004132,
  1635.300,     1.490453,    -0.367061,    -0.001598,
  1635.350,     2.322959,     0.786164,    -0.001625,
  1635.400,     2.777862,     1.800347,     0.000078,
  1635.450,     2.776768,     2.567745,     0.001688,
  1635.500,     2.616128,     2.857418,    -0.000550,
  1635.550,     2.703353,     2.729597,    -0.004175,
  1635.600,     3.385544,     2.507415,    -0.000581,
  1635.650,     4.537085,     2.725166,     0.000747,
  1635.700,     5.793835,     3.536522,     0.000983,
  1635.750,     6.941700,     4.719953,     0.002339,
  1635.800,     7.866784,     5.978758,     0.001832,
  1635.850,     8.358281,     7.139484,     0.000769,
  1635.900,     8.181648,     8.018270,     0.004233,
  1635.950,     7.244751,     8.408722,    -0.000027,
  1636.000,     5.476009,     8.099335,    -0.001218,
  1636.050,     3.163037,     6.992960,     0.001157,
  1636.100,     0.885883,     5.083596,    -0.000277,
  1636.150,    -0.786886,     2.715300,    -0.000215,
  1636.200,    -1.802594,     0.553834,    -0.001605,
  1636.250,    -2.341772,    -0.974464,     0.000725,
  1636.300,    -2.602324,    -1.866223,    -0.000131,
  1636.350,    -2.649031,    -2.360050,     0.004315,
  1636.400,    -2.532369,    -2.625182,     0.003470,
  1636.450,    -2.380847,    -2.683920,     0.002570,
  1636.500,    -2.269787,    -2.569406,     0.002042,
  1636.550,    -2.167462,    -2.462354,     0.006676,
  1636.600,    -1.901447,    -2.381856,     0.003268,
  1636.650,    -1.568325,    -2.249739,     0.002256,
  1636.700,    -1.228524,    -1.943175,     0.003677,
  1636.750,    -0.795357,    -1.563875,    -0.000444,
  1636.800,    -0.242892,    -1.173989,    -0.001565,
  1636.850,     0.435330,    -0.740138,     0.005902,
  1636.900,     1.200547,    -0.124872,     0.000659,
  1636.950,     2.043923,     0.609759,     0.000922,
  1637.000,     2.953820,     1.406203,     0.000322,
  1637.050,     3.770801,     2.317221,    -0.000900,
  1637.100,     4.089635,     3.254949,    -0.002808,
  1637.150,     3.569734,     4.003688,     0.001037,
  1637.200,     2.334528,     4.135708,    -0.003684,
  1637.250,     0.837031,     3.405202,    -0.002463,
  1637.300,    -0.499508,     1.985505,     0.001293,
  1637.350,    -1.359719,     0.434592,    -0.002257,
  1637.400,    -1.657729,    -0.822254,    -0.003238,
  1637.450,    -1.372429,    -1.575648,     0.001853,
  1637.500,    -0.594569,    -1.729813,     0.001950,
  1637.550,     0.461238,    -1.255113,     0.002023,
  1637.600,     1.453362,    -0.338612,     0.005413,
  1637.650,     2.229506,     0.763632,     0.001402,
  1637.700,     2.777940,     1.740224,     0.006607,
  1637.750,     3.158269,     2.460679,     0.008832,
  1637.800,     3.330563,     2.958997,     0.005486,
  1637.850,     3.159294,     3.299934,     0.007418,
  1637.900,     2.854682,     3.385711,     0.003617,
  1637.950,     2.524308,     3.162409,     0.004580,
  1638.000,     2.225247,     2.824086,     0.003558,
  1638.050,     1.804506,     2.523193,     0.000772,
  1638.100,     1.256001,     2.167881,     0.006305,
  1638.150,     0.693039,     1.673464,    -0.000130,
  1638.200,     0.315401,     1.097867,     0.004438,
  1638.250,     0.207165,     0.595649,     0.001069,
  1638.300,     0.285425,     0.267708,    -0.000476,
  1638.350,     0.254637,     0.215812,     0.001153,
  1638.400,    -0.042708,     0.300757,     0.000302,
  1638.450,    -0.644860,     0.210374,     0.003179,
  1638.500,    -1.169415,    -0.234144,    -0.000549,
  1638.550,    -1.299222,    -0.859218,     0.001807,
  1638.600,    -1.024417,    -1.345800,    -0.001342,
  1638.650,    -0.432602,    -1.384178,    -0.001901,
  1638.700,     0.478120,    -1.020408,    -0.001289,
  1638.750,     1.729027,    -0.342018,    -0.004137,
  1638.800,     3.031366,     0.725234,    -0.001142,
  1638.850,     4.068029,     2.078701,    -0.001831,
  1638.900,     4.705893,     3.398893,     0.001117,
  1638.950,     4.912930,     4.392974,     0.003192,
  1639.000,     4.722242,     4.958612,     0.000567,
  1639.050,     4.025805,     5.103479,     0.000929,
  1639.100,     2.702465,     4.824185,     0.000901,
  1639.150,     0.810616,     3.945542,     0.002277,
  1639.200,    -1.280125,     2.410317,     0.002124,
  1639.250,    -3.158506,     0.343592,     0.002013,
  1639.300,    -4.448324,    -1.854028,     0.001751,
  1639.350,    -5.034406,    -3.661547,     0.002683,
  1639.400,    -4.792329,    -4.850082,     0.004083,
  1639.450,    -3.641513,    -5.255514,     0.004162,
  1639.500,    -1.728827,    -4.758078,     0.000546,
  1639.550,     0.467019,    -3.317165,     0.000758,
  1639.600,     2.389961,    -1.240698,    -0.001623,
  1639.650,     3.790086,     1.045305,    -0.001105,
  1639.700,     4.722438,     2.943423,     0.002244,
  1639.750,     5.267769,     4.244858,    -0.005049,
  1639.800,     5.275571,     5.100088,    -0.002320,
  1639.850,     4.493154,     5.546860,    -0.003618,
  1639.900,     2.928627,     5.334418,     0.002555,
  1639.950,     0.887457,     4.304736,    -0.001332,
  1640.000,    -1.062317,     2.511987,    -0.005230,
  1640.050,    -2.395260,     0.352506,    -0.005084,
  1640.100,    -2.883831,    -1.575325,    -0.001403,
  1640.150,    -2.656567,    -2.746470,    -0.006315,
  1640.200,    -2.109521,    -3.031769,    -0.002275,
  1640.250,    -1.442866,    -2.697153,    -0.000104,
  1640.300,    -0.698868,    -2.044046,     0.001132,
  1640.350,    -0.078161,    -1.309203,     0.005157,
  1640.400,     0.224248,    -0.531349,     0.003993,
  1640.450,     0.236381,     0.062713,     0.003229,
  1640.500,     0.325661,     0.293488,    -0.003360,
  1640.550,     0.801353,     0.269254,    -0.000326,
  1640.600,     1.719036,     0.404838,     0.005581,
  1640.650,     2.778800,     1.032106,    -0.001282,
  1640.700,     3.608724,     2.062719,    -0.000302,
  1640.750,     4.000707,     3.106748,     0.002773,
  1640.800,     4.035793,     3.840306,     0.003172,
  1640.850,     3.843081,     4.170689,     0.003311,
  1640.900,     3.278222,     4.128747,    -0.004510,
  1640.950,     2.228793,     3.825790,     0.001105,
  1641.000,     0.893224,     3.105605,     0.005170,
  1641.050,    -0.313160,     1.919317,     0.002756,
  1641.100,    -0.993237,     0.499471,     0.004619,
  1641.150,    -0.920848,    -0.655401,     0.000004,
  1641.200,    -0.140086,    -1.180790,    -0.002990,
  1641.250,     1.208653,    -0.932680,    -0.000101,
  1641.300,     3.006610,     0.065962,     0.000485,
  1641.350,     4.997498,     1.640657,     0.004282,
  1641.400,     6.712777,     3.587384,     0.008577,
  1641.450,     7.624515,     5.627009,     0.003158,
  1641.500,     7.260788,     7.283995,     0.000799,
  1641.550,     5.725318,     7.929273,     0.002175,
  1641.600,     3.643286,     7.229707,     0.001431,
  1641.650,     1.675621,     5.437746,     0.004198,
  1641.700,    -0.001494,     3.255428,     0.009790,
  1641.750,    -1.474043,     1.287893,     0.002202,
  1641.800,    -2.605455,    -0.430065,     0.001743,
  1641.850,    -3.054288,    -1.912394,     0.008375,
  1641.900,    -2.719633,    -2.921142,    -0.000072,
  1641.950,    -2.100497,    -3.164518,    -0.000079,
  1642.000,    -1.616068,    -2.711609,     0.005118,
  1642.050,    -1.525595,    -2.023525,     0.005417,
  1642.100,    -1.770722,    -1.612473,    -0.000174,
  1642.150,    -2.068440,    -1.626222,    -0.001745,
  1642.200,    -2.201083,    -1.895577,     0.006528,
  1642.250,    -1.978303,    -2.231396,     0.001272,
  1642.300,    -1.093104,    -2.317654,    -0.009632,
  1642.350,     0.556647,    -1.902629,     0.000702,
  1642.400,     2.760959,    -0.786280,     0.005040,
  1642.450,     5.000492,     1.129492,    -0.001292,
  1642.500,     6.631349,     3.499094,    -0.002978,
  1642.550,     7.134293,     5.749574,     0.000302,
  1642.600,     6.289573,     7.199591,     0.006866,
  1642.650,     4.245444,     7.364164,    -0.001970,
  1642.700,     1.656787,     6.108811,    -0.001371,
  1642.750,    -0.843351,     3.760737,     0.003876,
  1642.800,    -2.934320,     1.035424,     0.004983,
  1642.850,    -4.494468,    -1.500944,     0.002593,
  1642.900,    -5.334010,    -3.580921,     0.002074,
  1642.950,    -4.978903,    -5.075783,     0.002310,
  1643.000,    -3.116457,    -5.654107,     0.005285,
  1643.050,     0.028690,    -4.892246,     0.006889,
  1643.100,     3.670386,    -2.572867,    -0.000052,
  1643.150,     6.872301,     0.931624,    -0.000638,
  1643.200,     8.907976,     4.734468,     0.000642,
  1643.250,     9.312842,     7.863014,     0.007466,
  1643.300,     8.098297,     9.581584,     0.008534,
  1643.350,     5.541862,     9.571676,     0.001914,
  1643.400,     2.238393,     7.899424,     0.000806,
  1643.450,    -1.102783,     4.949290,     0.002673,
  1643.500,    -3.658165,     1.389123,     0.001775,
  1643.550,    -4.950841,    -1.934049,     0.003357,
  1643.600,    -5.091437,    -4.311451,     0.006801,
  1643.650,    -4.504367,    -5.354010,     0.002906,
  1643.700,    -3.699474,    -5.268690,     0.001590,
  1643.750,    -2.826003,    -4.557273,    -0.001232,
  1643.800,    -1.801493,    -3.695180,    -0.007453,
  1643.850,    -0.669630,    -2.738433,     0.000634,
  1643.900,     0.365233,    -1.598857,     0.006002,
  1643.950,     1.165080,    -0.426964,     0.002239,
  1644.000,     1.804471,     0.606600,     0.006972,
  1644.050,     2.358800,     1.409146,     0.007801,
  1644.100,     2.798309,     2.057791,     0.001289,
  1644.150,     3.064838,     2.602047,    -0.004998,
  1644.200,     3.102181,     3.052287,    -0.001732,
  1644.250,     3.019996,     3.248419,     0.000685,
  1644.300,     2.814269,     3.271796,     0.000269,
  1644.350,     2.435465,     3.133470,     0.005094,
  1644.400,     1.680076,     2.880073,     0.006633,
  1644.450,     0.500976,     2.369453,     0.004125,
  1644.500,    -0.986752,     1.468208,     0.004209,
  1644.550,    -2.538760,     0.140516,     0.001307,
  1644.600,    -3.990778,    -1.456805,     0.004414,
  1644.650,    -4.932176,    -3.080571,    -0.000756,
  1644.700,    -5.029047,    -4.479910,    -0.004661,
  1644.750,    -4.089454,    -5.262017,    -0.002284,
  1644.800,    -2.220156,    -5.094079,    -0.002495,
  1644.850,     0.177144,    -3.856473,    -0.005972,
  1644.900,     2.616576,    -1.698483,    -0.003254,
  1644.950,     4.768271,     0.847717,     0.002637,
  1645.000,     6.345286,     3.351845,     0.000460,
  1645.050,     6.927983,     5.478878,    -0.003544,
  1645.100,     6.331516,     6.879348,    -0.004535,
  1645.150,     4.598494,     7.193092,     0.000438,
  1645.200,     2.297587,     6.209300,     0.006981,
  1645.250,     0.073050,     4.192611,     0.006974,
  1645.300,    -1.609068,     1.729110,     0.003834,
  1645.350,    -2.514858,    -0.502945,     0.006754,
  1645.400,    -2.587045,    -2.066343,     0.000229,
  1645.450,    -1.862178,    -2.800311,    -0.002910,
  1645.500,    -0.646033,    -2.672023,     0.002257,
  1645.550,     0.644701,    -1.756019,     0.001333,
  1645.600,     1.551384,    -0.414681,    -0.003821,
  1645.650,     1.902446,     0.885057,     0.001269,
  1645.700,     1.834399,     1.681047,     0.002847,
  1645.750,     1.619456,     1.914041,    -0.001863,
  1645.800,     1.558356,     1.801556,    -0.000974,
  1645.850,     1.710474,     1.604196,    -0.001949,
  1645.900,     1.959308,     1.597945,    -0.002171,
  1645.950,     2.260616,     1.796716,    -0.007384,
  1646.000,     2.668157,     2.086455,    -0.007509,
  1646.050,     3.192099,     2.404416,    -0.005175,
  1646.100,     3.607614,     2.883028,    -0.003830,
  1646.150,     3.547945,     3.470125,     0.003715,
  1646.200,     2.623003,     3.800494,     0.006071,
  1646.250,     0.908009,     3.519708,     0.009890,
  1646.300,    -1.077974,     2.324408,     0.010937,
  1646.350,    -2.769310,     0.377733,     0.008131,
  1646.400,    -3.946335,    -1.639211,     0.002757,
  1646.450,    -4.595923,    -3.273408,     0.001742,
  1646.500,    -4.531555,    -4.368732,    -0.000387,
  1646.550,    -3.275656,    -4.902630,    -0.001428,
  1646.600,    -0.801633,    -4.539004,     0.000401,
  1646.650,     2.418207,    -2.895854,    -0.001143,
  1646.700,     5.455777,    -0.051166,     0.002924,
  1646.750,     7.509635,     3.371334,     0.004271,
  1646.800,     8.119443,     6.374152,     0.002331,
  1646.850,     7.346174,     8.159886,     0.000674,
  1646.900,     5.518487,     8.407146,    -0.004266,
  1646.950,     3.007102,     7.260378,     0.000141,
  1647.000,     0.302042,     5.100806,     0.000465,
  1647.050,    -2.135054,     2.369490,     0.000397,
  1647.100,    -3.713251,    -0.467867,     0.004107,
  1647.150,    -3.901551,    -2.881076,     0.003049,
  1647.200,    -2.871502,    -4.160517,     0.001455,
  1647.250,    -1.213420,    -4.009448,    -0.000937,
  1647.300,     0.567258,    -2.728079,    -0.000385,
  1647.350,     2.111510,    -0.931201,     0.001463,
  1647.400,     3.198368,     0.907262,     0.005038,
  1647.450,     3.587877,     2.466837,     0.001939,
  1647.500,     3.106261,     3.419829,    -0.001352,
  1647.550,     2.032283,     3.613173,    -0.003360,
  1647.600,     0.827563,     2.940241,     0.002513,
  1647.650,     0.177572,     1.733533,     0.002090,
  1647.700,     0.318603,     0.600073,    -0.000724,
  1647.750,     0.960086,     0.106117,    -0.000025,
  1647.800,     1.668822,     0.398465,     0.000988,
  1647.850,     2.157135,     1.138148,    -0.000599,
  1647.900,     2.336758,     1.833618,     0.004248,
  1647.950,     2.234479,     2.254569,    -0.000337,
  1648.000,     1.841332,     2.366573,    -0.005323,
  1648.050,     1.224912,     2.160168,    -0.001405,
  1648.100,     0.612746,     1.678289,     0.003714,
  1648.150,     0.056690,     1.088022,    -0.002191,
  1648.200,    -0.366807,     0.468325,    -0.004091,
  1648.250,    -0.480584,    -0.085080,     0.002620,
  1648.300,    -0.212183,    -0.424321,     0.001828,
  1648.350,     0.426420,    -0.445310,     0.000080,
  1648.400,     1.262152,    -0.052121,     0.004647,
  1648.450,     2.217426,     0.676347,     0.006848,
  1648.500,     3.065928,     1.592305,     0.002291,
  1648.550,     3.509423,     2.568017,     0.002297,
  1648.600,     3.262198,     3.345554,     0.002707,
  1648.650,     2.169907,     3.660376,     0.006646,
  1648.700,     0.525049,     3.156357,    -0.001232,
  1648.750,    -0.956066,     1.812877,     0.000121,
  1648.800,    -1.735986,     0.100915,     0.006635,
  1648.850,    -1.731239,    -1.311793,     0.004499,
  1648.900,    -1.250272,    -1.930688,     0.004296,
  1648.950,    -0.473683,    -1.794235,     0.004455,
  1649.000,     0.527319,    -1.199253,    -0.006731,
  1649.050,     1.654727,    -0.342031,    -0.003351,
  1649.100,     2.606555,     0.771827,     0.003362,
  1649.150,     3.047321,     1.928787,    -0.010019,
  1649.200,     2.934714,     2.813558,    -0.000726,
  1649.250,     2.380252,     3.133130,     0.004419,
  1649.300,     1.727195,     2.861016,    -0.003284,
  1649.350,     1.094493,     2.236333,     0.000701,
  1649.400,     0.671545,     1.521251,     0.001270,
  1649.450,     0.548816,     0.906289,    -0.001778,
  1649.500,     0.810522,     0.542241,     0.001747,
  1649.550,     1.404707,     0.529363,     0.003221,
  1649.600,     2.088579,     0.919639,    -0.000803,
  1649.650,     2.607759,     1.593277,     0.001879,
  1649.700,     2.766869,     2.286626,    -0.000848,
  1649.750,     2.494610,     2.769640,     0.009867,
  1649.800,     1.801437,     2.829136,     0.008128,
  1649.850,     0.982679,     2.390700,     0.004959,
  1649.900,     0.272289,     1.623867,     0.005378,
  1649.950,    -0.181899,     0.734181,    -0.002537,
  1650.000,    -0.270697,     0.053056,     0.004060,
  1650.050,     0.066384,    -0.300182,     0.001681,
  1650.100,     0.867854,    -0.330311,     0.008062,
  1650.150,     1.936195,     0.160527,     0.004233,
  1650.200,     2.980744,     1.115636,     0.001904,
  1650.250,     3.891146,     2.248310,    -0.001411,
  1650.300,     4.543869,     3.317872,     0.002546,
  1650.350,     4.703114,     4.218050,    -0.002025,
  1650.400,     4.090344,     4.802698,    -0.004470,
  1650.450,     2.642671,     4.799560,     0.000448,
  1650.500,     0.632163,     3.937437,    -0.000350,
  1650.550,    -1.403214,     2.234988,    -0.001989,
  1650.600,    -3.025011,     0.093360,    -0.003765,
  1650.650,    -3.818997,    -1.962899,    -0.002448,
  1650.700,    -3.552394,    -3.475688,    -0.003968,
  1650.750,    -2.255649,    -4.036231,    -0.004497,
  1650.800,    -0.352513,    -3.473809,     0.000737,
  1650.850,     1.396102,    -1.886582,     0.002309,
  1650.900,     2.442282,     0.126319,     0.001946,
  1650.950,     2.661361,     1.818449,     0.001310,
  1651.000,     2.258423,     2.693813,     0.003385,
  1651.050,     1.477684,     2.733047,     0.001164,
  1651.100,     0.463134,     2.152289,     0.003844,
  1651.150,    -0.618737,     1.258361,     0.003685,
  1651.200,    -1.521367,     0.158188,     0.011383,
  1651.250,    -2.030674,    -0.942973,     0.005025,
  1651.300,    -2.087559,    -1.804075,     0.007090,
  1651.350,    -1.661374,    -2.231281,     0.009020,
  1651.400,    -0.795511,    -2.134919,     0.007608,
  1651.450,     0.318847,    -1.592647,     0.000588,
  1651.500,     1.268031,    -0.586536,     0.000933,
  1651.550,     1.778129,     0.569924,     0.004142,
  1651.600,     1.757787,     1.485851,     0.006724,
  1651.650,     1.389166,     1.863712,     0.000458,
  1651.700,     0.851833,     1.731539,    -0.000400,
  1651.750,     0.408787,     1.275343,    -0.001493,
  1651.800,     0.304202,     0.735871,    -0.001279,
  1651.850,     0.701869,     0.323951,    -0.003548,
  1651.900,     1.384078,     0.344839,    -0.005008,
  1651.950,     2.052405,     0.881324,    -0.003244,
  1652.000,     2.417776,     1.640736,    -0.004547,
  1652.050,     2.493412,     2.277143,    -0.006316,
  1652.100,     2.212657,     2.580827,     0.002549,
  1652.150,     1.539452,     2.568938,     0.002041,
  1652.200,     0.519299,     2.170394,     0.003238,
  1652.250,    -0.570477,     1.352140,    -0.000753,
  1652.300,    -1.263948,     0.204674,     0.003513,
  1652.350,    -1.142788,    -0.882404,     0.002377,
  1652.400,    -0.243972,    -1.414204,    -0.001899,
  1652.450,     1.092378,    -1.075575,     0.002628,
  1652.500,     2.313680,     0.051595,     0.002825,
  1652.550,     3.079022,     1.459865,     0.006495,
  1652.600,     3.357236,     2.605237,     0.006022,
  1652.650,     3.181809,     3.283422,     0.000526,
  1652.700,     2.491698,     3.466495,     0.004591,
  1652.750,     1.345144,     3.142623,    -0.000055,
  1652.800,    -0.008718,     2.283277,     0.000768,
  1652.850,    -1.208336,     0.979266,     0.006120,
  1652.900,    -1.941506,    -0.404800,     0.004321,
  1652.950,    -2.074954,    -1.550247,    -0.001770,
  1653.000,    -1.688042,    -2.182721,     0.002523,
  1653.050,    -0.951594,    -2.153554,     0.003434,
  1653.100,    -0.005308,    -1.634214,    -0.002288,
  1653.150,     1.139144,    -0.797085,    -0.001601,
  1653.200,     2.319558,     0.248118,    -0.004314,
  1653.250,     3.238352,     1.459119,    -0.002565,
  1653.300,     3.669511,     2.663853,     0.001293,
  1653.350,     3.580780,     3.522087,    -0.000452,
  1653.400,     3.180556,     3.822955,    -0.003825,
  1653.450,     2.595236,     3.637938,     0.000860,
  1653.500,     1.925232,     3.161850,     0.001690,
  1653.550,     1.320811,     2.520111,    -0.003201,
  1653.600,     0.979893,     1.814874,     0.001373,
  1653.650,     1.012414,     1.234400,     0.002906,
  1653.700,     1.489269,     0.964248,     0.000892,
  1653.750,     2.109150,     1.153447,     0.005095,
  1653.800,     2.436291,     1.694563,    -0.000221,
  1653.850,     2.242996,     2.303654,    -0.000055,
  1653.900,     1.571053,     2.495366,     0.001459,
  1653.950,     0.659391,     2.154924,     0.004902,
  1654.000,    -0.245233,     1.370564,     0.010058,
  1654.050,    -0.891021,     0.382061,     0.004205,
  1654.100,    -0.998228,    -0.531363,     0.001599,
  1654.150,    -0.530854,    -1.062805,     0.002488,
  1654.200,     0.394266,    -1.035515,     0.001138,
  1654.250,     1.569021,    -0.385731,     0.001234,
  1654.300,     2.814375,     0.691815,    -0.001008,
  1654.350,     3.769919,     1.933382,    -0.003840,
  1654.400,     4.188155,     3.167818,    -0.002667,
  1654.450,     4.082641,     4.040509,     0.000425,
  1654.500,     3.519276,     4.375167,     0.000577,
  1654.550,     2.737759,     4.107046,    -0.001475,
  1654.600,     1.802446,     3.441271,     0.002614,
  1654.650,     0.665780,     2.591825,    -0.000667,
  1654.700,    -0.485292,     1.536290,    -0.006801,
  1654.750,    -1.397717,     0.339489,    -0.004639,
  1654.800,    -1.851823,    -0.839023,     0.002053,
  1654.850,    -1.779438,    -1.675263,    -0.001217,
  1654.900,    -1.346808,    -1.996982,     0.001583,
  1654.950,    -0.637370,    -1.820432,    -0.001530,
  1655.000,     0.325775,    -1.270407,     0.000643,
  1655.050,     1.488425,    -0.493290,     0.003573,
  1655.100,     2.627135,     0.607018,    -0.001695,
  1655.150,     3.451591,     1.841395,     0.004534,
  1655.200,     3.898875,     2.976855,     0.002319,
  1655.250,     3.979940,     3.762788,    -0.000510,
  1655.300,     3.792010,     4.141734,     0.001622,
  1655.350,     3.281881,     4.145293,     0.001588,
  1655.400,     2.410846,     3.864822,     0.004113,
  1655.450,     1.200746,     3.244388,    -0.002279,
  1655.500,    -0.111731,     2.195073,    -0.002647,
  1655.550,    -1.153511,     0.900733,    -0.000746,
  1655.600,    -1.671632,    -0.429988,     0.003382,
  1655.650,    -1.695801,    -1.408666,     0.003186,
  1655.700,    -1.481090,    -1.807847,     0.000613,
  1655.750,    -1.137390,    -1.769096,     0.002237,
  1655.800,    -0.669428,    -1.473016,     0.003506,
  1655.850,    -0.105199,    -1.085380,     0.003682,
  1655.900,     0.688230,    -0.577102,     0.005419,
  1655.950,     1.550646,     0.080463,     0.002085,
  1656.000,     2.477013,     0.942668,    -0.001712,
  1656.050,     3.354204,     1.876642,     0.002106,
  1656.100,     3.970135,     2.847501,     0.001531,
  1656.150,     4.086966,     3.721898,     0.005554,
  1656.200,     3.481592,     4.248206,     0.009408,
  1656.250,     2.212936,     4.202214,     0.003149,
  1656.300,     0.670256,     3.353246,     0.002606,
  1656.350,    -0.712102,     1.916903,     0.002315,
  1656.400,    -1.653713,     0.319465,    -0.003262,
  1656.450,    -2.229948,    -1.015867,    -0.002022,
  1656.500,    -2.470092,    -1.926385,    -0.003570,
  1656.550,    -2.470732,    -2.433142,    -0.001565,
  1656.600,    -2.347772,    -2.618615,    -0.001712,
  1656.650,    -2.109573,    -2.587156,    -0.003901,
  1656.700,    -1.724476,    -2.401076,     0.000384,
  1656.750,    -1.053482,    -2.161640,    -0.003617,
  1656.800,    -0.031329,    -1.677688,    -0.001837,
  1656.850,     1.131274,    -0.860168,     0.004624,
  1656.900,     2.212636,     0.249309,     0.000378,
  1656.950,     2.892600,     1.487038,     0.002277,
  1657.000,     3.044898,     2.530050,     0.005608,
  1657.050,     2.641990,     3.091155,    -0.006409,
  1657.100,     1.878625,     3.094993,     0.005699,
  1657.150,     1.039680,     2.552871,     0.004452,
  1657.200,     0.273707,     1.766720,     0.010792,
  1657.250,    -0.282584,     0.884781,     0.008326,
  1657.300,    -0.564915,     0.133546,     0.001345,
  1657.350,    -0.576468,    -0.366438,     0.005142,
  1657.400,    -0.371276,    -0.600281,     0.003015,
  1657.450,    -0.011239,    -0.555912,     0.000115,
  1657.500,     0.325726,    -0.281646,    -0.003680,
  1657.550,     0.486265,     0.095342,    -0.003972,
  1657.600,     0.386551,     0.421960,     0.005208,
  1657.650,     0.216590,     0.527875,     0.000696,
  1657.700,     0.270562,     0.364514,     0.002856,
  1657.750,     0.606420,     0.217246,    -0.002901,
  1657.800,     1.082799,     0.330583,    -0.005062,
  1657.850,     1.553119,     0.759865,    -0.004453,
  1657.900,     1.904931,     1.271932,    -0.002601,
  1657.950,     1.998142,     1.754661,     0.002514,
  1658.000,     1.792798,     2.053071,    -0.003524,
  1658.050,     1.337099,     2.051475,     0.000128,
  1658.100,     0.835777,     1.749968,     0.001848,
  1658.150,     0.395372,     1.257728,     0.003744,
  1658.200,     0.031568,     0.738166,     0.001858,
  1658.250,    -0.296641,     0.284834,    -0.002337,
  1658.300,    -0.488277,    -0.112484,     0.002425,
  1658.350,    -0.484450,    -0.434638,     0.009271,
  1658.400,    -0.216791,    -0.599247,     0.007003,
  1658.450,     0.132825,    -0.513607,     0.008404,
  1658.500,     0.637607,    -0.238587,     0.004220,
  1658.550,     1.456903,     0.133237,     0.003794,
  1658.600,     2.726933,     0.732043,     0.006494,
  1658.650,     4.363220,     1.685146,     0.004531,
  1658.700,     6.003920,     3.120261,    -0.001508,
  1658.750,     7.144091,     4.878546,    -0.004795,
  1658.800,     7.500431,     6.469332,    -0.002465,
  1658.850,     7.033274,     7.482532,    -0.000762,
  1658.900,     5.968761,     7.620730,     0.000959,
  1658.950,     4.647013,     6.938656,     0.000224,
  1659.000,     3.305540,     5.741972,     0.003493,
  1659.050,     2.135580,     4.359323,    -0.002626,
  1659.100,     1.243095,     2.981788,    -0.002521,
  1659.150,     0.849618,     1.775527,     0.000978,
  1659.200,     0.916163,     0.980509,    -0.002271,
  1659.250,     1.326332,     0.699717,    -0.002828,
  1659.300,     1.842895,     0.885243,    -0.000525,
  1659.350,     2.378959,     1.351445,    -0.000674,
  1659.400,     2.950678,     1.931611,     0.004657,
  1659.450,     3.486201,     2.507167,     0.002299,
  1659.500,     3.780750,     3.134061,     0.000060,
  1659.550,     3.630704,     3.689834,     0.006775,
  1659.600,     3.131254,     3.875714,     0.012636,
  1659.650,     2.467484,     3.622396,     0.005133,
  1659.700,     1.731228,     3.076737,     0.005717,
  1659.750,     0.764959,     2.395314,     0.004236,
  1659.800,    -0.408831,     1.571273,     0.001780,
  1659.850,    -1.590270,     0.503013,     0.008766,
  1659.900,    -2.518503,    -0.738879,     0.004359,
  1659.950,    -3.085874,    -1.913048,     0.005213,
  1660.000,    -3.173761,    -2.798245,     0.005227,
  1660.050,    -2.874384,    -3.224781,     0.004226,
  1660.100,    -2.291489,    -3.221053,     0.000194,
  1660.150,    -1.601691,    -2.804620,    -0.000387,
  1660.200,    -1.000308,    -2.148245,    -0.000632,
  1660.250,    -0.547018,    -1.410656,     0.002917,
  1660.300,    -0.264834,    -0.797256,    -0.000891,
  1660.350,    -0.183195,    -0.388298,     0.004314,
  1660.400,    -0.239011,    -0.171309,    -0.007523,
  1660.450,    -0.267116,    -0.143347,    -0.001501,
  1660.500,    -0.083849,    -0.234229,    -0.003978,
  1660.550,     0.516399,    -0.228577,    -0.000516,
  1660.600,     1.262907,     0.068801,     0.001764,
  1660.650,     1.854997,     0.701912,     0.001459,
  1660.700,     2.027624,     1.453997,     0.001167,
  1660.750,     1.765003,     1.984452,    -0.000148,
  1660.800,     1.354410,     2.009002,     0.001099,
  1660.850,     0.934661,     1.682645,     0.000841,
  1660.900,     0.656910,     1.189318,     0.000745,
  1660.950,     0.584743,     0.793602,     0.005954,
  1661.000,     0.840903,     0.557561,     0.002763,
  1661.050,     1.499649,     0.544060,    -0.001004,
  1661.100,     2.384885,     0.916237,     0.006853,
  1661.150,     3.180383,     1.670847,     0.001023,
  1661.200,     3.573313,     2.608497,     0.003443,
  1661.250,     3.519021,     3.331257,     0.002799,
  1661.300,     3.224410,     3.644647,     0.005109,
  1661.350,     2.840897,     3.527449,    -0.000362,
  1661.400,     2.462796,     3.179844,    -0.003132,
  1661.450,     1.948233,     2.787319,     0.000397,
  1661.500,     1.333800,     2.367567,     0.001690,
  1661.550,     0.826308,     1.812792,     0.001475,
  1661.600,     0.560936,     1.181724,     0.003360,
  1661.650,     0.492809,     0.711117,     0.006796,
  1661.700,     0.380716,     0.530947,    -0.000197,
  1661.750,     0.044065,     0.488361,     0.000437,
  1661.800,    -0.473650,     0.321276,    -0.000563,
  1661.850,    -0.992483,    -0.099044,    -0.001040,
  1661.900,    -1.475603,    -0.638216,    -0.002527,
  1661.950,    -1.936789,    -1.168492,    -0.003725,
  1662.000,    -2.396538,    -1.642323,     0.004388,
  1662.050,    -2.729512,    -2.128541,    -0.002709,
  1662.100,    -2.712983,    -2.609287,    -0.002493,
  1662.150,    -2.257377,    -2.854005,    -0.001034,
  1662.200,    -1.350894,    -2.758244,    -0.000928,
  1662.250,    -0.182209,    -2.142191,     0.001495,
  1662.300,     0.971236,    -1.104436,     0.007254,
  1662.350,     1.853498,     0.149055,     0.006116,
  1662.400,     2.418071,     1.298726,     0.004517,
  1662.450,     2.599560,     2.152069,    -0.000341,
  1662.500,     2.338117,     2.652522,     0.003113,
  1662.550,     1.646820,     2.712479,     0.004779,
  1662.600,     0.588385,     2.335582,    -0.000594,
  1662.650,    -0.558208,     1.505367,    -0.000034,
  1662.700,    -1.453126,     0.331977,     0.001836,
  1662.750,    -1.803431,    -0.850503,     0.004382,
  1662.800,    -1.530650,    -1.663087,    -0.003584,
  1662.850,    -0.816881,    -1.851653,    -0.005144,
  1662.900,     0.205072,    -1.462013,    -0.001315,
  1662.950,     1.307999,    -0.657694,    -0.005762,
  1663.000,     2.198800,     0.470056,     0.000598,
  1663.050,     2.545898,     1.611680,     0.000736,
  1663.100,     2.291146,     2.417804,    -0.003678,
  1663.150,     1.675598,     2.618604,    -0.002918,
  1663.200,     1.019488,     2.236875,    -0.003000,
  1663.250,     0.444743,     1.566728,    -0.003255,
  1663.300,    -0.012714,     0.909070,     0.004418,
  1663.350,    -0.384851,     0.335290,     0.003342,
  1663.400,    -0.607204,    -0.128584,     0.002232,
  1663.450,    -0.616958,    -0.489109,     0.002541,
  1663.500,    -0.416942,    -0.683536,     0.000702,
  1663.550,    -0.077207,    -0.652590,     0.003591,
  1663.600,     0.343079,    -0.385626,     0.001931,
  1663.650,     0.796432,    -0.017839,     0.000625,
  1663.700,     1.122252,     0.444444,     0.006605,
  1663.750,     1.267669,     0.892524,     0.007794,
  1663.800,     1.169718,     1.193859,     0.005957,
  1663.850,     0.919368,     1.264822,     0.008456,
  1663.900,     0.705230,     1.118718,     0.002856,
  1663.950,     0.716795,     0.847465,     0.004084,
  1664.000,     0.965474,     0.643507,     0.005601,
  1664.050,     1.402746,     0.751317,     0.005700,
  1664.100,     1.930417,     1.032894,    -0.000758,
  1664.150,     2.543372,     1.532328,    -0.003937,
  1664.200,     3.156496,     2.102100,    -0.006117,
  1664.250,     3.695916,     2.741598,    -0.004196,
  1664.300,     4.031407,     3.404021,    -0.003742,
  1664.350,     4.290050,     3.894127,     0.000961,
  1664.400,     4.544245,     4.234944,    -0.000537,
  1664.450,     4.814189,     4.445565,    -0.000474,
  1664.500,     4.987135,     4.695064,     0.001868,
  1664.550,     5.084247,     4.922722,    -0.002198,
  1664.600,     5.282899,     5.032285,     0.001824,
  1664.650,     5.780258,     5.117767,    -0.002897,
  1664.700,     6.603276,     5.328032,    -0.000727,
  1664.750,     7.339347,     5.959065,    -0.001035,
  1664.800,     7.682979,     6.803674,     0.004059,
  1664.850,     7.551357,     7.490072,     0.003975,
  1664.900,     7.123218,     7.701104,     0.000342,
  1664.950,     6.639768,     7.466733,    -0.001817,
  1665.000,     6.039932,     7.052562,     0.004653,
  1665.050,     5.367431,     6.525639,     0.002133,
  1665.100,     4.824087,     5.904659,     0.006042,
  1665.150,     4.558458,     5.249139,     0.003689,
  1665.200,     4.501206,     4.756499,     0.004664,
  1665.250,     4.426108,     4.576828,    -0.000881,
  1665.300,     4.137448,     4.564673,     0.002550,
  1665.350,     3.563039,     4.464241,     0.002477,
  1665.400,     2.705514,     4.136214,    -0.000245,
  1665.450,     1.613459,     3.484737,    -0.001548,
  1665.500,     0.355650,     2.536612,    -0.000583,
  1665.550,    -0.904987,     1.379757,    -0.000475,
  1665.600,    -2.016473,     0.066283,    -0.000943,
  1665.650,    -2.841242,    -1.190168,    -0.004153,
  1665.700,    -3.231837,    -2.290469,    -0.005007,
  1665.750,    -3.222622,    -3.057807,    -0.001194,
  1665.800,    -2.862928,    -3.343942,     0.003852,
  1665.850,    -2.340375,    -3.233995,    -0.003861,
  1665.900,    -1.878511,    -2.801798,     0.004310,
  1665.950,    -1.768551,    -2.240085,    -0.001087,
  1666.000,    -2.018589,    -1.840208,     0.004945,
  1666.050,    -2.607430,    -1.816641,     0.006400,
  1666.100,    -3.371823,    -2.159055,    -0.000587,
  1666.150,    -4.233122,    -2.810039,     0.001905,
  1666.200,    -5.001197,    -3.625061,     0.009778,
  1666.250,    -5.500988,    -4.496968,     0.001418,
  1666.300,    -5.564484,    -5.200080,     0.000325,
  1666.350,    -5.128387,    -5.598534,     0.008523,
  1666.400,    -4.338459,    -5.491304,     0.003923,
  1666.450,    -3.425277,    -4.919563,    -0.001449,
  1666.500,    -2.467413,    -4.049773,     0.004087,
  1666.550,    -1.711166,    -3.068452,     0.001691,
  1666.600,    -1.297218,    -2.156278,     0.005381,
  1666.650,    -1.479618,    -1.446474,     0.004066,
  1666.700,    -2.314595,    -1.194588,     0.001938,
  1666.750,    -3.639063,    -1.559614,     0.004031,
  1666.800,    -4.910290,    -2.610727,     0.000098,
  1666.850,    -5.701307,    -4.017934,    -0.002264,
  1666.900,    -5.723501,    -5.278189,    -0.002609,
  1666.950,    -4.971108,    -5.879807,    -0.000823,
  1667.000,    -3.741278,    -5.673035,    -0.001812,
  1667.050,    -2.303025,    -4.734952,    -0.000359,
  1667.100,    -1.031016,    -3.323569,    -0.003261,
  1667.150,    -0.239944,    -1.801270,    -0.002659,
  1667.200,    -0.088506,    -0.609589,    -0.001829,
  1667.250,    -0.395837,     0.036913,    -0.001299,
  1667.300,    -0.809567,     0.033841,     0.003706,
  1667.350,    -0.955748,    -0.348014,     0.006687,
  1667.400,    -0.730976,    -0.789643,     0.001425,
  1667.450,    -0.213122,    -0.890134,    -0.002305,
  1667.500,     0.413196,    -0.600818,     0.002346,
  1667.550,     1.042883,    -0.031359,     0.007947,
  1667.600,     1.622956,     0.591116,     0.004428,
  1667.650,     2.108828,     1.222721,     0.004258,
  1667.700,     2.456839,     1.755580,     0.005162,
  1667.750,     2.820727,     2.199291,    -0.000820,
  1667.800,     3.237352,     2.543486,     0.008588,
  1667.850,     3.760323,     2.887557,     0.003029,
  1667.900,     4.513301,     3.308350,     0.002786,
  1667.950,     5.437362,     3.920214,     0.000116,
  1668.000,     6.427674,     4.728247,    -0.003638,
  1668.050,     7.231535,     5.719417,    -0.004567,
  1668.100,     7.771582,     6.709065,     0.003196,
  1668.150,     8.127782,     7.467423,     0.001648,
  1668.200,     8.416775,     7.970446,    -0.005163,
  1668.250,     8.547490,     8.313012,    -0.002375,
  1668.300,     8.310090,     8.562235,    -0.005642,
  1668.350,     7.469861,     8.631434,     0.000900,
  1668.400,     6.143120,     8.193162,    -0.000669,
  1668.450,     4.715509,     7.142518,    -0.000601,
  1668.500,     3.528967,     5.719724,    -0.002593,
  1668.550,     2.719893,     4.280513,    -0.001852,
  1668.600,     2.322264,     3.139489,     0.003254,
  1668.650,     2.428062,     2.404705,     0.003891,
  1668.700,     2.996379,     2.141270,     0.002479,
  1668.750,     3.805512,     2.421571,     0.007247,
  1668.800,     4.475855,     3.134096,     0.006419,
  1668.850,     4.783480,     4.018293,     0.005568,
  1668.900,     4.706303,     4.675298,     0.004635,
  1668.950,     4.324245,     4.926007,     0.002335,
  1669.000,     3.598900,     4.776860,     0.008040,
  1669.050,     2.602863,     4.290919,     0.002007,
  1669.100,     1.549954,     3.477075,    -0.001396,
  1669.150,     0.737159,     2.435359,    -0.001383,
  1669.200,     0.301760,     1.399322,     0.001090,
  1669.250,     0.260955,     0.704683,    -0.001288,
  1669.300,     0.375722,     0.384288,    -0.002916,
  1669.350,     0.438750,     0.402077,     0.002543,
  1669.400,     0.435657,     0.480567,    -0.000201,
  1669.450,     0.400139,     0.503144,    -0.004725,
  1669.500,     0.344211,     0.467499,    -0.001717,
  1669.550,     0.183775,     0.427364,     0.002404,
  1669.600,    -0.034953,     0.342480,    -0.004450,
  1669.650,    -0.254821,     0.136505,    -0.001446,
  1669.700,    -0.346397,    -0.118072,    -0.001514,
  1669.750,    -0.304456,    -0.314044,    -0.000316,
  1669.800,    -0.165225,    -0.345427,    -0.000625,
  1669.850,     0.074075,    -0.283695,     0.000996,
  1669.900,     0.448560,    -0.104249,     0.005486,
  1669.950,     0.843510,     0.193024,     0.006790,
  1670.000,     1.096303,     0.620873,     0.009084,
  1670.050,     1.055318,     1.022045,     0.004788,
  1670.100,     0.603871,     1.255514,     0.003926,
  1670.150,    -0.260362,     1.085880,     0.006692,
  1670.200,    -1.413105,     0.484390,     0.002862,
  1670.250,    -2.669482,    -0.519557,    -0.001726,
  1670.300,    -3.836848,    -1.744034,     0.003698,
  1670.350,    -4.649444,    -3.052837,    -0.000643,
  1670.400,    -4.787867,    -4.192625,    -0.000686,
  1670.450,    -4.166823,    -4.871893,    -0.001657,
  1670.500,    -2.944646,    -4.825682,     0.001398,
  1670.550,    -1.452671,    -4.000582,    -0.001192,
  1670.600,     0.069174,    -2.658568,     0.001348,
  1670.650,     1.498828,    -1.071755,    -0.004711,
  1670.700,     2.625701,     0.485978,    -0.005031,
  1670.750,     3.244507,     1.894552,    -0.001233,
  1670.800,     3.225639,     2.933516,     0.001694,
  1670.850,     2.623063,     3.411537,     0.003782,
  1670.900,     1.700783,     3.192661,     0.002257,
  1670.950,     0.678696,     2.448630,    -0.002409,
  1671.000,    -0.182984,     1.430026,     0.001618,
  1671.050,    -0.755674,     0.408478,     0.000807,
  1671.100,    -0.947487,    -0.451436,     0.004925,
  1671.150,    -0.688730,    -0.960817,     0.006094,
  1671.200,    -0.040572,    -1.060193,     0.005418,
  1671.250,     0.764976,    -0.663694,     0.004230,
  1671.300,     1.577090,     0.062822,     0.003119,
  1671.350,     2.291578,     0.883004,     0.001994,
  1671.400,     2.945312,     1.683465,     0.001007,
  1671.450,     3.578751,     2.433776,     0.000780,
  1671.500,     4.195391,     3.137004,     0.002297,
  1671.550,     4.919268,     3.789860,    -0.003481,
  1671.600,     5.590043,     4.497620,    -0.000075,
  1671.650,     6.003324,     5.222535,    -0.002825,
  1671.700,     5.931168,     5.901816,     0.000432,
  1671.750,     5.419920,     6.195639,    -0.000647,
  1671.800,     4.559471,     5.981187,    -0.001299,
  1671.850,     3.581184,     5.335014,    -0.000989,
  1671.900,     2.456108,     4.410735,    -0.001836,
  1671.950,     1.296768,     3.321650,    -0.002314,
  1672.000,     0.265191,     2.132569,    -0.002140,
  1672.050,    -0.470240,     0.935982,    -0.003454,
  1672.100,    -0.828772,    -0.097018,    -0.002916,
  1672.150,    -0.743974,    -0.778452,     0.000638,
  1672.200,    -0.115021,    -1.038260,     0.002579,
  1672.250,     1.080432,    -0.783239,     0.001772,
  1672.300,     2.630174,     0.004783,    -0.002362,
  1672.350,     4.179313,     1.387401,     0.000682,
  1672.400,     5.232945,     3.077046,    -0.003730,
  1672.450,     5.524224,     4.595813,     0.000814,
  1672.500,     5.017687,     5.531017,     0.002545,
  1672.550,     3.890562,     5.600975,     0.000260,
  1672.600,     2.357956,     4.902975,     0.007465,
  1672.650,     0.828101,     3.582044,     0.002594,
  1672.700,    -0.414254,     1.961807,     0.006020,
  1672.750,    -1.257809,     0.388899,     0.004349,
  1672.800,    -1.667118,    -0.792903,    -0.001457,
  1672.850,    -1.610638,    -1.559035,     0.001707,
  1672.900,    -1.207849,    -1.835454,     0.002886,
  1672.950,    -0.587032,    -1.664866,     0.004011,
  1673.000,     0.074495,    -1.176190,     0.006248,
  1673.050,     0.662390,    -0.496011,     0.001953,
  1673.100,     1.106362,     0.210725,     0.004781,
  1673.150,     1.359412,     0.794993,     0.000371,
  1673.200,     1.549332,     1.214705,    -0.000003,
  1673.250,     1.664205,     1.474065,     0.003221,
  1673.300,     1.748922,     1.639771,     0.008620,
  1673.350,     1.884499,     1.766697,     0.003075,
  1673.400,     2.019668,     1.904042,    -0.001947,
  1673.450,     2.065113,     2.052326,     0.001426,
  1673.500,     1.958349,     2.186667,    -0.007093,
  1673.550,     1.695437,     2.189667,    -0.000294,
  1673.600,     1.219046,     2.027777,     0.000653,
  1673.650,     0.566490,     1.665004,     0.001302,
  1673.700,    -0.217925,     1.127236,    -0.000850,
  1673.750,    -1.062620,     0.401514,    -0.000279,
  1673.800,    -1.831365,    -0.456556,     0.005398,
  1673.850,    -2.460478,    -1.329903,     0.004126,
  1673.900,    -2.757875,    -2.109243,     0.002871,
  1673.950,    -2.558136,    -2.672158,     0.004491,
  1674.000,    -1.840143,    -2.853025,     0.004662,
  1674.050,    -0.748724,    -2.533091,    -0.001656,
  1674.100,     0.492874,    -1.651755,     0.002676,
  1674.150,     1.651439,    -0.453523,     0.005632,
  1674.200,     2.623598,     0.815121,     0.004577,
  1674.250,     3.201832,     1.977493,     0.003123,
  1674.300,     3.179278,     2.902698,    -0.002952,
  1674.350,     2.631244,     3.339133,     0.004490,
  1674.400,     1.816001,     3.147577,     0.001848,
  1674.450,     1.126774,     2.474950,     0.002755,
  1674.500,     0.671647,     1.639727,     0.006629,
  1674.550,     0.440627,     0.968594,     0.003561,
  1674.600,     0.313178,     0.576112,     0.002433,
  1674.650,     0.312214,     0.331323,     0.004411,
  1674.700,     0.429425,     0.255601,     0.001408,
  1674.750,     0.663493,     0.251998,    -0.005549,
  1674.800,     0.899706,     0.431632,     0.000073,
  1674.850,     1.160362,     0.652575,     0.000436,
  1674.900,     1.488021,     0.917843,    -0.000877,
  1674.950,     1.966655,     1.179706,    -0.001441,
  1675.000,     2.488689,     1.596654,     0.001253,
  1675.050,     2.766194,     2.116539,     0.006923,
  1675.100,     2.787969,     2.621316,     0.008018,
  1675.150,     2.523347,     2.884645,     0.002285,
  1675.200,     1.994323,     2.842668,     0.005945,
  1675.250,     1.324562,     2.499815,     0.004894,
  1675.300,     0.562204,     1.903486,     0.008905,
  1675.350,    -0.261696,     1.192339,     0.002114,
  1675.400,    -1.079122,     0.383384,     0.004933,
  1675.450,    -1.818543,    -0.486416,     0.001976,
  1675.500,    -2.340624,    -1.358856,     0.000754,
  1675.550,    -2.659052,    -2.050295,    -0.003384,
  1675.600,    -2.807034,    -2.544545,    -0.002096,
  1675.650,    -2.768932,    -2.818688,    -0.001630,
  1675.700,    -2.440143,    -2.911071,     0.001608,
  1675.750,    -1.815010,    -2.789953,    -0.000464,
  1675.800,    -1.029151,    -2.338151,     0.003068,
  1675.850,    -0.272628,    -1.632665,    -0.000735,
  1675.900,     0.278475,    -0.815731,     0.001018,
  1675.950,     0.499191,    -0.039722,     0.001012,
  1676.000,     0.391338,     0.452451,    -0.003775,
  1676.050,     0.078968,     0.631833,     0.002890,
  1676.100,    -0.391899,     0.429057,    -0.000089,
  1676.150,    -0.819901,     0.003875,     0.003594,
  1676.200,    -0.992135,    -0.524078,     0.008119,
  1676.250,    -0.784186,    -0.917231,     0.004294,
  1676.300,    -0.130937,    -1.026849,     0.000232,
  1676.350,     0.891517,    -0.739511,     0.000939,
  1676.400,     2.006613,     0.061564,    -0.002391,
  1676.450,     3.009229,     1.136488,     0.004666,
  1676.500,     3.745903,     2.296843,    -0.001116,
  1676.550,     4.047865,     3.266982,     0.000042,
  1676.600,     4.062989,     3.877250,     0.003636,
  1676.650,     3.989522,     4.110587,     0.001101,
  1676.700,     3.895105,     4.057056,    -0.000016,
  1676.750,     3.780616,     3.970703,     0.000641,
  1676.800,     3.629206,     3.885809,     0.002666,
  1676.850,     3.440011,     3.751709,    -0.000445,
  1676.900,     3.239620,     3.606453,    -0.000390,
  1676.950,     2.962227,     3.419206,    -0.004815,
  1677.000,     2.547463,     3.220927,    -0.000589,
  1677.050,     1.879330,     2.897958,    -0.001769,
  1677.100,     1.047877,     2.428987,     0.001152,
  1677.150,     0.160597,     1.723588,    -0.002345,
  1677.200,    -0.625371,     0.860726,     0.004788,
  1677.250,    -1.346716,    -0.001927,     0.004993,
  1677.300,    -2.062949,    -0.804428,     0.001733,
  1677.350,    -2.766455,    -1.520904,     0.002301,
  1677.400,    -3.421744,    -2.226664,     0.001569,
  1677.450,    -3.924771,    -2.926704,     0.008591,
  1677.500,    -4.110476,    -3.610735,     0.001026,
  1677.550,    -3.876624,    -4.025894,     0.000328,
  1677.600,    -3.251694,    -4.085726,     0.008479,
  1677.650,    -2.434569,    -3.749417,    -0.000782,
  1677.700,    -1.554091,    -3.089105,     0.004302,
  1677.750,    -0.638165,    -2.255187,     0.004310,
  1677.800,     0.252369,    -1.326156,     0.001716,
  1677.850,     1.058895,    -0.414525,     0.005881,
  1677.900,     1.737754,     0.452047,    -0.001604,
  1677.950,     2.336470,     1.215503,    -0.002212,
  1678.000,     2.828339,     1.867822,    -0.000302,
  1678.050,     3.253559,     2.447132,    -0.001549,
  1678.100,     3.445379,     2.946269,    -0.001268,
  1678.150,     3.344666,     3.329762,    -0.001019,
  1678.200,     2.916147,     3.461490,     0.001915,
  1678.250,     2.287700,     3.286942,     0.001835,
  1678.300,     1.528229,     2.820437,     0.001594,
  1678.350,     0.730336,     2.110837,    -0.002088,
  1678.400,    -0.051779,     1.350681,     0.001827,
  1678.450,    -0.788863,     0.545600,    -0.001440,
  1678.500,    -1.379906,    -0.254601,    -0.000139,
  1678.550,    -1.638715,    -0.950069,    -0.001729,
  1678.600,    -1.546235,    -1.446930,     0.002387,
  1678.650,    -1.211320,    -1.623106,    -0.001974,
  1678.700,    -0.779129,    -1.444168,     0.002017,
  1678.750,    -0.246475,    -1.059323,     0.001885,
  1678.800,     0.244069,    -0.542013,     0.004115,
  1678.850,     0.651519,    -0.018378,     0.006801,
  1678.900,     0.895439,     0.425745,     0.001111,
  1678.950,     0.982265,     0.790540,    -0.000792,
  1679.000,     0.946750,     0.984693,     0.000466,
  1679.050,     0.907444,     1.013227,    -0.000393,
  1679.100,     0.968077,     0.944345,     0.006807,
  1679.150,     1.121937,     0.879909,     0.004572,
  1679.200,     1.319727,     0.987428,    -0.000475,
  1679.250,     1.415341,     1.153498,    -0.000015,
  1679.300,     1.387291,     1.336168,    -0.002763,
  1679.350,     1.285775,     1.444655,     0.000554,
  1679.400,     1.140556,     1.384619,     0.003712,
  1679.450,     1.035613,     1.276190,     0.001059,
  1679.500,     0.854528,     1.151998,     0.003036,
  1679.550,     0.551811,     1.036389,     0.004327,
  1679.600,     0.184854,     0.822260,     0.004391,
  1679.650,    -0.096707,     0.489344,     0.001592,
  1679.700,    -0.192345,     0.111605,     0.002742,
  1679.750,    -0.045764,    -0.136383,     0.000203,
  1679.800,     0.394487,    -0.183329,    -0.002064,
  1679.850,     1.043552,     0.089244,     0.000954,
  1679.900,     1.819254,     0.565430,    -0.000102,
  1679.950,     2.683145,     1.250601,    -0.002749,
  1680.000,     3.424578,     2.055370,     0.001559,
  1680.050,     3.882933,     2.926242,     0.001393,
  1680.100,     3.971008,     3.609281,     0.001471,
  1680.150,     3.770624,     3.957772,     0.003401,
  1680.200,     3.569888,     3.925172,    -0.003272,
  1680.250,     3.547561,     3.677354,    -0.002548,
  1680.300,     3.660991,     3.490739,     0.006556,
  1680.350,     3.788524,     3.503816,    -0.000870,
  1680.400,     3.838911,     3.660714,     0.001447,
  1680.450,     3.758607,     3.784592,     0.004163,
  1680.500,     3.504583,     3.824643,     0.005875,
  1680.550,     3.042721,     3.731541,    -0.002131,
  1680.600,     2.237009,     3.510038,     0.000726,
  1680.650,     1.178667,     2.993122,    -0.001577,
  1680.700,     0.037405,     2.112110,     0.004259,
  1680.750,    -0.879484,     1.024903,     0.001513,
  1680.800,    -1.434403,    -0.076396,     0.002927,
  1680.850,    -1.609204,    -0.928485,    -0.001682,
  1680.900,    -1.471047,    -1.375108,    -0.001964,
  1680.950,    -1.065856,    -1.509035,     0.004790,
  1681.000,    -0.462660,    -1.330337,     0.002035,
  1681.050,     0.186185,    -0.869043,     0.000827,
  1681.100,     0.711347,    -0.272924,     0.000039,
  1681.150,     1.077011,     0.316817,    -0.001406,
  1681.200,     1.337865,     0.762311,     0.003080,
  1681.250,     1.549918,     1.087771,     0.003338,
  1681.300,     1.822160,     1.309974,    -0.000734,
  1681.350,     2.134926,     1.551823,     0.001770,
  1681.400,     2.460379,     1.865516,     0.002578,
  1681.450,     2.676102,     2.190166,     0.005101,
  1681.500,     2.766858,     2.495474,    -0.001032,
  1681.550,     2.788783,     2.731245,     0.002868,
  1681.600,     2.720043,     2.832177,     0.004549,
  1681.650,     2.586977,     2.826116,     0.006057,
  1681.700,     2.361836,     2.733490,     0.001060,
  1681.750,     1.998526,     2.577436,     0.006969,
  1681.800,     1.533849,     2.285596,     0.004440,
  1681.850,     1.028472,     1.884823,     0.005384,
  1681.900,     0.606608,     1.385372,    -0.000412,
  1681.950,     0.332573,     0.872870,    -0.000527,
  1682.000,     0.183441,     0.476956,     0.000931,
  1682.050,     0.255038,     0.241674,     0.001632,
  1682.100,     0.426431,     0.182498,    -0.004093,
  1682.150,     0.689223,     0.282745,    -0.001665,
  1682.200,     0.977654,     0.487860,     0.001037,
  1682.250,     1.238061,     0.765049,     0.001003,
  1682.300,     1.484154,     1.076061,     0.001262,
  1682.350,     1.792538,     1.345877,     0.004110,
  1682.400,     2.153625,     1.614656,    -0.000085,
  1682.450,     2.462936,     1.934996,    -0.005387,
  1682.500,     2.626257,     2.317847,     0.003141,
  1682.550,     2.638020,     2.571037,     0.001717,
  1682.600,     2.496905,     2.715450,     0.002602,
  1682.650,     2.256452,     2.695597,    -0.000327,
  1682.700,     1.977335,     2.511846,     0.005351,
  1682.750,     1.630444,     2.259730,    -0.001935,
  1682.800,     1.287616,     1.937984,     0.002423,
  1682.850,     0.919853,     1.593883,     0.003869,
  1682.900,     0.630031,     1.197974,    -0.004687,
  1682.950,     0.403604,     0.856578,     0.004750,
  1683.000,     0.260720,     0.591795,     0.003014,
  1683.050,     0.168661,     0.388310,    -0.002186,
  1683.100,     0.166094,     0.239085,     0.003702,
  1683.150,     0.288523,     0.154335,    -0.000382,
  1683.200,     0.599286,     0.169285,    -0.003738,
  1683.250,     1.032748,     0.348151,    -0.000273,
  1683.300,     1.543605,     0.705455,    -0.001256,
  1683.350,     1.996720,     1.189040,     0.002024,
  1683.400,     2.272431,     1.704080,    -0.002454,
  1683.450,     2.324386,     2.117921,    -0.001660,
  1683.500,     2.268879,     2.352159,    -0.004450,
  1683.550,     2.184650,     2.378809,     0.000036,
  1683.600,     2.080161,     2.300817,     0.001457,
  1683.650,     1.908496,     2.207273,     0.000739,
  1683.700,     1.600944,     2.084502,     0.002400,
  1683.750,     1.116818,     1.861927,     0.001318,
  1683.800,     0.508669,     1.496297,    -0.002004,
  1683.850,    -0.167187,     0.958744,     0.004017,
  1683.900,    -0.853800,     0.295860,     0.007561,
  1683.950,    -1.441087,    -0.417423,     0.004966,
  1684.000,    -1.779180,    -1.076099,     0.000727,
  1684.050,    -1.680937,    -1.664791,     0.001628,
  1684.100,    -1.119918,    -1.881292,     0.002055,
  1684.150,    -0.236071,    -1.641991,     0.003205,
  1684.200,     0.748967,    -0.908922,     0.002505,
  1684.250,     1.586767,     0.057908,     0.000616,
  1684.300,     2.252932,     1.052434,    -0.001305,
  1684.350,     2.673282,     1.909970,     0.003093,
  1684.400,     2.878880,     2.528583,    -0.001669,
  1684.450,     2.892669,     2.910504,    -0.005005,
  1684.500,     2.766916,     3.039462,     0.001317,
  1684.550,     2.599210,     2.959035,    -0.005923,
  1684.600,     2.321328,     2.770499,     0.000940,
  1684.650,     1.977722,     2.537622,     0.001932,
  1684.700,     1.486479,     2.230924,     0.000040,
  1684.750,     0.870320,     1.831384,    -0.001010,
  1684.800,     0.239640,     1.285302,    -0.001183,
  1684.850,    -0.278336,     0.667263,     0.003890,
  1684.900,    -0.615503,     0.041377,    -0.001136,
  1684.950,    -0.691917,    -0.428136,     0.001758,
  1685.000,    -0.447686,    -0.708761,     0.001708,
  1685.050,     0.020299,    -0.672982,     0.008081,
  1685.100,     0.676232,    -0.345578,     0.001172,
  1685.150,     1.400093,     0.219219,     0.002555,
  1685.200,     2.111125,     0.930121,     0.005509,
  1685.250,     2.604340,     1.662913,     0.007664,
  1685.300,     2.778378,     2.336706,     0.004386,
  1685.350,     2.571457,     2.790813,     0.007199,
  1685.400,     2.061476,     2.837893,     0.012892,
  1685.450,     1.489158,     2.526431,     0.006518,
  1685.500,     1.004047,     1.958973,    -0.000049,
  1685.550,     0.626364,     1.391149,    -0.000060,
  1685.600,     0.353653,     0.930255,    -0.001470,
  1685.650,     0.172039,     0.562372,     0.004937,
  1685.700,     0.106953,     0.322827,     0.003535,
  1685.750,     0.060156,     0.155830,    -0.002036,
  1685.800,    -0.002715,     0.091455,    -0.003456,
  1685.850,    -0.075503,     0.074935,     0.000972,
  1685.900,    -0.156318,     0.001193,    -0.002691,
  1685.950,    -0.085890,    -0.119799,    -0.003966,
  1686.000,     0.195671,    -0.162694,     0.002468,
  1686.050,     0.576856,    -0.039735,    -0.001909,
  1686.100,     1.004238,     0.280877,     0.001448,
  1686.150,     1.398746,     0.692554,     0.001211,
  1686.200,     1.712394,     1.156741,    -0.001688,
  1686.250,     1.897645,     1.552242,     0.004817,
  1686.300,     1.854029,     1.866623,     0.005525,
  1686.350,     1.536172,     2.019688,     0.005118,
  1686.400,     0.924164,     1.916365,     0.008788,
  1686.450,     0.171461,     1.485783,     0.006793,
  1686.500,    -0.480392,     0.797933,     0.007319,
  1686.550,    -1.009692,     0.052865,     0.004783,
  1686.600,    -1.281036,    -0.647351,     0.006933,
  1686.650,    -1.311900,    -1.141138,     0.002842,
  1686.700,    -1.109395,    -1.368795,     0.004295,
  1686.750,    -0.576067,    -1.369090,     0.003870,
  1686.800,     0.225995,    -1.112459,     0.003899,
  1686.850,     1.153796,    -0.498849,     0.003572,
  1686.900,     2.007068,     0.373076,     0.001715,
  1686.950,     2.649498,     1.343611,    -0.001560,
  1687.000,     3.014456,     2.220433,     0.000048,
  1687.050,     3.050877,     2.790095,     0.003999,
  1687.100,     2.836699,     3.106945,    -0.003662,
  1687.150,     2.359985,     3.106982,    -0.000362,
  1687.200,     1.744929,     2.837052,    -0.006430,
  1687.250,     1.089754,     2.304517,    -0.005724,
  1687.300,     0.462958,     1.643385,     0.001179,
  1687.350,    -0.029704,     0.972145,     0.006787,
  1687.400,    -0.388183,     0.364439,     0.003546,
  1687.450,    -0.630025,    -0.127680,     0.000141,
  1687.500,    -0.865252,    -0.449573,     0.003953,
  1687.550,    -1.202961,    -0.711068,     0.006118,
  1687.600,    -1.457688,    -0.992829,    -0.001260,
  1687.650,    -1.518758,    -1.319799,     0.001509,
  1687.700,    -1.201135,    -1.571145,     0.000794,
  1687.750,    -0.525198,    -1.542420,     0.001524,
  1687.800,     0.433285,    -1.101569,     0.002950,
  1687.850,     1.500596,    -0.308003,    -0.003364,
  1687.900,     2.457339,     0.731242,     0.000542,
  1687.950,     3.063570,     1.850057,     0.004957,
  1688.000,     3.185172,     2.753399,     0.001229,
  1688.050,     2.924770,     3.277598,    -0.000617,
  1688.100,     2.306447,     3.297298,    -0.001571,
  1688.150,     1.521767,     2.876221,    -0.002814,
  1688.200,     0.684542,     2.170375,     0.003696,
  1688.250,    -0.121040,     1.313024,     0.002155,
  1688.300,    -0.676833,     0.451004,    -0.003109,
  1688.350,    -0.958144,    -0.335147,    -0.002986,
  1688.400,    -0.906900,    -0.889231,     0.002634,
  1688.450,    -0.551358,    -1.064746,     0.002941,
  1688.500,    -0.050605,    -0.932000,    -0.002702,
  1688.550,     0.555360,    -0.535668,    -0.000829,
  1688.600,     1.178388,     0.061993,    -0.002675,
  1688.650,     1.607037,     0.744836,     0.002494,
  1688.700,     1.718384,     1.357723,     0.001655,
  1688.750,     1.489967,     1.764261,    -0.004546,
  1688.800,     0.968278,     1.791242,    -0.002390,
  1688.850,     0.268615,     1.478882,     0.000815,
  1688.900,    -0.391281,     0.900863,     0.000696,
  1688.950,    -0.902654,     0.198671,    -0.001143,
  1689.000,    -1.122244,    -0.468450,    -0.000226,
  1689.050,    -1.026575,    -0.949988,    -0.000743,
  1689.100,    -0.685642,    -1.127342,    -0.000270,
  1689.150,    -0.212786,    -0.955192,     0.002141,
  1689.200,     0.271476,    -0.573804,     0.003768,
  1689.250,     0.682114,    -0.082558,     0.004566,
  1689.300,     0.946535,     0.400849,     0.003904,
  1689.350,     1.052472,     0.783911,    -0.000411,
  1689.400,     1.023934,     0.997937,     0.003792,
  1689.450,     0.907823,     1.060174,     0.007126,
  1689.500,     0.830977,     1.013047,     0.008213,
  1689.550,     0.937629,     0.894100,     0.005239,
  1689.600,     1.236560,     0.862166,     0.004197,
  1689.650,     1.702080,     1.000874,     0.001240,
  1689.700,     2.169524,     1.370165,    -0.001174,
  1689.750,     2.487160,     1.888734,     0.004744,
  1689.800,     2.565121,     2.335326,     0.001903,
  1689.850,     2.362886,     2.624466,     0.001499,
  1689.900,     1.924842,     2.627302,     0.003134,
  1689.950,     1.279551,     2.330004,    -0.000134,
  1690.000,     0.508759,     1.838481,    -0.004483,
  1690.050,    -0.242933,     1.136360,     0.001223,
  1690.100,    -0.877829,     0.332646,     0.002105,
  1690.150,    -1.288297,    -0.448915,    -0.010359,
  1690.200,    -1.341180,    -1.072448,    -0.002619,
  1690.250,    -1.066090,    -1.405867,     0.000822,
  1690.300,    -0.508631,    -1.384308,     0.002143,
  1690.350,     0.236489,    -1.002613,     0.002191,
  1690.400,     1.067923,    -0.369327,    -0.005273,
  1690.450,     1.840898,     0.414418,     0.001764,
  1690.500,     2.495316,     1.264879,    -0.000408,
  1690.550,     2.870338,     2.078002,     0.003710,
  1690.600,     2.974058,     2.690379,     0.004234,
  1690.650,     2.731565,     3.037519,     0.006594,
  1690.700,     2.273786,     3.023940,     0.007967,
  1690.750,     1.752915,     2.709839,     0.002780,
  1690.800,     1.243235,     2.242089,     0.002128,
  1690.850,     0.848694,     1.670260,     0.003482,
  1690.900,     0.564832,     1.163267,     0.004639,
  1690.950,     0.364983,     0.768299,    -0.000701,
  1691.000,     0.254371,     0.473777,    -0.002656,
  1691.050,     0.213881,     0.285832,    -0.004479,
  1691.100,     0.172943,     0.203289,     0.003182,
  1691.150,     0.233044,     0.125032,    -0.002629,
  1691.200,     0.439412,     0.156049,    -0.004906,
  1691.250,     0.830349,     0.241990,    -0.003687,
  1691.300,     1.352967,     0.509349,     0.000638,
  1691.350,     1.995414,     0.941554,    -0.000490,
  1691.400,     2.583397,     1.529320,    -0.003539,
  1691.450,     3.123956,     2.191168,    -0.000947,
  1691.500,     3.499383,     2.827658,     0.001992,
  1691.550,     3.547839,     3.378861,    -0.001936,
  1691.600,     3.183605,     3.692797,     0.004499,
  1691.650,     2.418406,     3.624742,     0.004902,
  1691.700,     1.346141,     3.149624,     0.002844,
  1691.750,     0.131908,     2.228937,     0.002427,
  1691.800,    -0.909020,     1.063858,     0.003965,
  1691.850,    -1.633264,    -0.152253,     0.003382,
  1691.900,    -1.872850,    -1.174209,     0.005226,
  1691.950,    -1.589365,    -1.791788,     0.004181,
  1692.000,    -0.866942,    -1.923481,     0.003736,
  1692.050,     0.090205,    -1.494760,     0.003124,
  1692.100,     1.131232,    -0.672926,     0.005245,
  1692.150,     1.953584,     0.363339,    -0.000492,
  1692.200,     2.454257,     1.363359,     0.005530,
  1692.250,     2.517310,     2.160327,     0.006351,
  1692.300,     2.222401,     2.568445,     0.009297,
  1692.350,     1.707466,     2.533085,    -0.000541,
  1692.400,     1.123621,     2.142730,     0.001760,
  1692.450,     0.676224,     1.538134,     0.007448,
  1692.500,     0.520086,     0.980385,    -0.000613,
  1692.550,     0.562055,     0.587184,     0.000835,
  1692.600,     0.693684,     0.442132,     0.002616,
  1692.650,     0.826670,     0.574560,     0.003531,
  1692.700,     0.899774,     0.747681,    -0.002113,
  1692.750,     0.966644,     0.841796,    -0.004721,
  1692.800,     0.997741,     0.932781,     0.000431,
  1692.850,     0.950971,     0.984177,    -0.002889,
  1692.900,     0.840087,     1.003946,    -0.004181,
  1692.950,     0.679895,     0.929122,    -0.001317,
  1693.000,     0.629930,     0.783914,     0.001272,
  1693.050,     0.738532,     0.672512,     0.005059,
  1693.100,     1.008253,     0.662233,     0.003251,
  1693.150,     1.409833,     0.801518,     0.006126,
  1693.200,     1.808781,     1.125919,     0.005857,
  1693.250,     2.130845,     1.556513,     0.004604,
  1693.300,     2.316825,     1.945138,     0.001807,
  1693.350,     2.389232,     2.242532,     0.000438,
  1693.400,     2.261494,     2.400666,    -0.000642,
  1693.450,     1.967465,     2.426737,     0.002872,
  1693.500,     1.518759,     2.266734,     0.004459,
  1693.550,     0.992308,     1.909553,     0.005226,
  1693.600,     0.459829,     1.422311,     0.002494,
  1693.650,     0.029759,     0.873087,     0.000307,
  1693.700,    -0.209053,     0.341281,     0.001458,
  1693.750,    -0.176904,    -0.081404,    -0.005243,
  1693.800,     0.139051,    -0.283392,    -0.004374,
  1693.850,     0.587600,    -0.165438,    -0.004566,
  1693.900,     1.018245,     0.235648,    -0.005007,
  1693.950,     1.196108,     0.712439,    -0.002870,
  1694.000,     1.088652,     1.100583,    -0.004742,
  1694.050,     0.784476,     1.220353,    -0.002716,
  1694.100,     0.400512,     1.020043,     0.003469,
  1694.150,     0.124917,     0.663621,     0.001552,
  1694.200,     0.041727,     0.307127,     0.001941,
  1694.250,     0.136016,     0.061134,     0.002068,
  1694.300,     0.380270,     0.025835,     0.004325,
  1694.350,     0.666990,     0.154167,    -0.001541,
  1694.400,     0.958791,     0.422037,     0.001226,
  1694.450,     1.111178,     0.740911,     0.000170,
  1694.500,     1.078633,     1.024193,     0.002670,
  1694.550,     0.835014,     1.136833,     0.001395,
  1694.600,     0.533173,     1.020943,     0.007797,
  1694.650,     0.325566,     0.736161,     0.004475,
  1694.700,     0.214758,     0.438248,     0.000931,
  1694.750,     0.186635,     0.248550,     0.003966,
  1694.800,     0.241876,     0.179645,     0.002173,
  1694.850,     0.383356,     0.195447,     0.004462,
  1694.900,     0.631613,     0.282804,     0.004461,
  1694.950,     0.917197,     0.461654,    -0.001818,
  1695.000,     1.149887,     0.742957,    -0.002908,
  1695.050,     1.200685,     1.025701,    -0.004348,
  1695.100,     1.007685,     1.259097,    -0.000797,
  1695.150,     0.626383,     1.238673,     0.000958,
  1695.200,     0.123992,     0.976320,    -0.001287,
  1695.250,    -0.351166,     0.506294,    -0.001460,
  1695.300,    -0.714701,    -0.005801,    -0.002923,
  1695.350,    -0.928798,    -0.496504,    -0.000720,
  1695.400,    -0.921125,    -0.819703,    -0.003196,
  1695.450,    -0.718472,    -0.989628,    -0.001369,
  1695.500,    -0.337705,    -0.954995,     0.002946,
  1695.550,     0.149595,    -0.679936,    -0.004051,
  1695.600,     0.680043,    -0.241350,    -0.000210,
  1695.650,     1.061887,     0.298546,    -0.000558,
  1695.700,     1.252279,     0.761163,     0.004095,
  1695.750,     1.263152,     1.142690,     0.004725,
  1695.800,     1.042167,     1.287671,     0.005847,
  1695.850,     0.652413,     1.216640,     0.001618,
  1695.900,     0.158807,     0.942684,     0.002076,
  1695.950,    -0.281755,     0.518857,     0.002103,
  1696.000,    -0.564358,     0.016242,     0.002973,
  1696.050,    -0.544450,    -0.420836,     0.005025,
  1696.100,    -0.205222,    -0.652076,     0.000383,
  1696.150,     0.360617,    -0.530327,     0.000992,
  1696.200,     1.005373,    -0.100584,     0.007506,
  1696.250,     1.488193,     0.537141,     0.004210,
  1696.300,     1.707609,     1.170117,    -0.001793,
  1696.350,     1.629097,     1.612779,     0.002432,
  1696.400,     1.312185,     1.746676,    -0.001010,
  1696.450,     0.860579,     1.612897,     0.004829,
  1696.500,     0.367619,     1.228865,     0.003446,
  1696.550,     0.015334,     0.726397,     0.004527,
  1696.600,    -0.123072,     0.259011,     0.000276,
  1696.650,    -0.071186,    -0.063428,    -0.003377,
  1696.700,     0.109886,    -0.152744,    -0.001499,
  1696.750,     0.383906,    -0.072411,    -0.001335,
  1696.800,     0.660423,     0.120159,     0.002937,
  1696.850,     0.959092,     0.423928,     0.001322,
  1696.900,     1.246539,     0.709750,    -0.002515,
  1696.950,     1.492912,     1.026023,    -0.000433,
  1697.000,     1.670085,     1.315422,    -0.004388,
  1697.050,     1.767545,     1.543624,     0.000722,
  1697.100,     1.788312,     1.707006,     0.002375,
  1697.150,     1.694869,     1.788889,     0.002583,
  1697.200,     1.553615,     1.776160,     0.004477,
  1697.250,     1.410242,     1.690371,     0.002982,
  1697.300,     1.251590,     1.527791,     0.001044,
  1697.350,     1.168208,     1.330025,    -0.000178,
  1697.400,     1.168824,     1.178847,    -0.001558,
  1697.450,     1.249647,     1.114457,     0.004136,
  1697.500,     1.367523,     1.147654,    -0.000186,
  1697.550,     1.472868,     1.260431,    -0.005477,
  1697.600,     1.440298,     1.396614,     0.000978,
  1697.650,     1.221526,     1.472952,     0.003067,
  1697.700,     0.936570,     1.368465,    -0.001357,
  1697.750,     0.723125,     1.130898,     0.004567,
  1697.800,     0.773508,     0.844827,     0.004086,
  1697.850,     1.056120,     0.674545,     0.005376,
  1697.900,     1.480211,     0.771067,     0.002209,
  1697.950,     1.991498,     1.108862,     0.006321,
  1698.000,     2.421978,     1.613853,     0.000384,
  1698.050,     2.707949,     2.130295,     0.002881,
  1698.100,     2.656357,     2.564848,     0.002666,
  1698.150,     2.231779,     2.775530,     0.001936,
  1698.200,     1.672034,     2.623393,     0.002365,
  1698.250,     1.125525,     2.157658,     0.002952,
  1698.300,     0.747834,     1.523636,     0.004060,
  1698.350,     0.564233,     0.982200,    -0.001546,
  1698.400,     0.569010,     0.644066,    -0.005797,
  1698.450,     0.716509,     0.527354,     0.000039,
  1698.500,     0.937756,     0.545730,     0.001331,
  1698.550,     1.202703,     0.742787,     0.000148,
  1698.600,     1.410573,     0.995847,    -0.008542,
  1698.650,     1.557590,     1.265533,     0.001085,
  1698.700,     1.515507,     1.474968,     0.002743,
  1698.750,     1.449073,     1.525778,     0.002044,
  1698.800,     1.383441,     1.514488,    -0.000467,
  1698.850,     1.306504,     1.456610,    -0.000486,
  1698.900,     1.181824,     1.369822,     0.000802,
  1698.950,     0.995802,     1.291055,     0.003356,
  1699.000,     0.795973,     1.147038,    -0.005340,
  1699.050,     0.701627,     0.943440,    -0.000580,
  1699.100,     0.739103,     0.729823,     0.001933,
  1699.150,     0.923616,     0.651807,     0.003489,
  1699.200,     1.092299,     0.766728,     0.001780,
  1699.250,     1.074139,     0.959094,     0.007447,
  1699.300,     0.860310,     1.079285,     0.010176,
  1699.350,     0.476338,     1.017662,     0.001912,
  1699.400,    -0.039133,     0.750040,     0.001129,
  1699.450,    -0.534159,     0.296059,     0.003658,
  1699.500,    -0.932129,    -0.227596,     0.003631,
  1699.550,    -1.027365,    -0.738272,     0.004024,
  1699.600,    -0.771704,    -1.066399,     0.000856,
  1699.650,    -0.199954,    -1.086662,     0.000977,
  1699.700,     0.621382,    -0.732967,    -0.001405,
  1699.750,     1.504923,    -0.047674,    -0.007000,
  1699.800,     2.253627,     0.839081,    -0.009799,
  1699.850,     2.680991,     1.752978,    -0.002240,
  1699.900,     2.809190,     2.450384,    -0.001037,
  1699.950,     2.578397,     2.840175,    -0.003547,
  1700.000,     2.087902,     2.866925,    -0.006581,
  1700.050,     1.455479,     2.536581,    -0.000244,
  1700.100,     0.819442,     1.955277,     0.003628,
  1700.150,     0.355532,     1.258269,     0.003230,
  1700.200,     0.127400,     0.631063,     0.006146,
  1700.250,     0.138153,     0.214407,    -0.001203,
  1700.300,     0.315829,     0.035360,     0.002799,
  1700.350,     0.631049,     0.106097,     0.004889,
  1700.400,     1.027073,     0.356125,     0.006505,
  1700.450,     1.433594,     0.698159,     0.003471,
  1700.500,     1.727853,     1.100381,     0.004303,
  1700.550,     1.938524,     1.486258,     0.010522,
  1700.600,     2.066289,     1.795552,     0.006788,
  1700.650,     2.159364,     1.998714,    -0.001881,
  1700.700,     2.222380,     2.124292,     0.002654,
  1700.750,     2.195316,     2.223595,     0.004595,
  1700.800,     2.015342,     2.279434,    -0.001343,
  1700.850,     1.677299,     2.212552,    -0.007048,
  1700.900,     1.208993,     1.975957,    -0.005776,
  1700.950,     0.710710,     1.574126,    -0.000505,
  1701.000,     0.278778,     1.078355,    -0.002957,
  1701.050,    -0.074915,     0.565921,    -0.006034,
  1701.100,    -0.277487,     0.105276,    -0.000528,
  1701.150,    -0.326732,    -0.195628,     0.001620,
  1701.200,    -0.250304,    -0.379004,    -0.001035,
  1701.250,    -0.115254,    -0.398505,     0.000691,
  1701.300,     0.134722,    -0.296935,     0.000898,
  1701.350,     0.478356,    -0.112662,    -0.002816,
  1701.400,     0.877144,     0.193048,    -0.002624,
  1701.450,     1.251272,     0.542926,     0.004009,
  1701.500,     1.542274,     0.940374,    -0.002671,
  1701.550,     1.774857,     1.319942,    -0.001803,
  1701.600,     1.886045,     1.636360,    -0.002992,
  1701.650,     1.819564,     1.862691,     0.000761,
  1701.700,     1.563651,     1.914803,     0.006249,
  1701.750,     1.174954,     1.812830,     0.003479,
  1701.800,     0.792246,     1.497084,     0.004105,
  1701.850,     0.500584,     1.093463,     0.004024,
  1701.900,     0.256599,     0.715838,     0.000098,
  1701.950,     0.068479,     0.412858,     0.002231,
  1702.000,    -0.111542,     0.207046,    -0.000540,
  1702.050,    -0.187606,    -0.002225,    -0.004506,
  1702.100,    -0.153584,    -0.152308,    -0.000012,
  1702.150,    -0.031325,    -0.196308,    -0.007122,
  1702.200,     0.139099,    -0.144487,    -0.005102,
  1702.250,     0.383959,    -0.024069,     0.001559,
  1702.300,     0.686772,     0.188871,    -0.003741,
  1702.350,     0.994023,     0.432309,     0.002757,
  1702.400,     1.330163,     0.746406,     0.006088,
  1702.450,     1.628518,     1.113395,     0.002894,
  1702.500,     1.761216,     1.465388,     0.004922,
  1702.550,     1.726204,     1.738564,     0.005106,
  1702.600,     1.516863,     1.847772,     0.003148,
  1702.650,     1.189455,     1.741479,     0.001380,
  1702.700,     0.784353,     1.477008,     0.005767,
  1702.750,     0.388743,     1.112401,     0.010319,
  1702.800,     0.011556,     0.725569,     0.004318,
  1702.850,    -0.241956,     0.264683,     0.005733,
  1702.900,    -0.400106,    -0.083359,     0.002362,
  1702.950,    -0.476293,    -0.329628,    -0.003480,
  1703.000,    -0.498655,    -0.467160,     0.001651,
  1703.050,    -0.478374,    -0.516775,     0.000255,
  1703.100,    -0.383714,    -0.552785,    -0.002951,
  1703.150,    -0.202495,    -0.531802,    -0.006226,
  1703.200,     0.134623,    -0.392810,    -0.010681,
  1703.250,     0.601535,    -0.156744,    -0.002883,
  1703.300,     1.169271,     0.229008,    -0.005651,
  1703.350,     1.731155,     0.770950,    -0.003853,
  1703.400,     2.048645,     1.354544,    -0.001940,
  1703.450,     2.116128,     1.873694,     0.002055,
  1703.500,     1.940551,     2.146879,     0.000647,
  1703.550,     1.630185,     2.142156,     0.001794,
  1703.600,     1.190343,     1.924068,     0.000232,
  1703.650,     0.674683,     1.563748,    -0.000575,
  1703.700,     0.164227,     1.072622,     0.001404,
  1703.750,    -0.191983,     0.518133,     0.004759,
  1703.800,    -0.336195,     0.011478,     0.008324,
  1703.850,    -0.295261,    -0.299374,     0.005656,
  1703.900,    -0.121674,    -0.382060,     0.001182,
  1703.950,     0.224607,    -0.316831,     0.003054,
  1704.000,     0.701360,    -0.070874,     0.009722,
  1704.050,     1.273923,     0.321376,     0.010718,
  1704.100,     1.811532,     0.846238,     0.008822,
  1704.150,     2.223306,     1.416767,     0.005964,
  1704.200,     2.448531,     1.969961,     0.006359,
  1704.250,     2.451113,     2.376415,    -0.001243,
  1704.300,     2.248349,     2.539956,    -0.002615,
  1704.350,     1.885615,     2.443849,     0.001499,
  1704.400,     1.421154,     2.187560,    -0.004602,
  1704.450,     0.939380,     1.799463,     0.001481,
  1704.500,     0.505947,     1.304165,    -0.006846,
  1704.550,     0.183419,     0.827102,    -0.009930,
  1704.600,     0.075969,     0.365469,    -0.001560,
  1704.650,     0.136072,     0.092568,    -0.002741,
  1704.700,     0.337451,     0.001743,    -0.007135,
  1704.750,     0.640977,     0.116562,    -0.004082,
  1704.800,     1.024632,     0.365459,    -0.005930,
  1704.850,     1.464819,     0.687396,     0.001784,
  1704.900,     1.956564,     1.080751,     0.004232,
  1704.950,     2.359292,     1.547032,     0.004069,
  1705.000,     2.658527,     2.028004,     0.003507,
  1705.050,     2.778904,     2.429532,     0.004730,
  1705.100,     2.746813,     2.701087,     0.004165,
  1705.150,     2.632095,     2.786637,     0.012129,
  1705.200,     2.452612,     2.728654,     0.005343,
  1705.250,     2.221071,     2.588807,     0.003009,
  1705.300,     1.932979,     2.410819,     0.006829,
  1705.350,     1.596027,     2.126121,     0.006802,
  1705.400,     1.399411,     1.815159,     0.006393,
  1705.450,     1.304366,     1.533803,     0.004823,
  1705.500,     1.270150,     1.343352,     0.003294,
  1705.550,     1.161646,     1.294895,     0.001962,
  1705.600,     0.994551,     1.230120,     0.007432,
  1705.650,     0.793594,     1.093479,     0.002628,
  1705.700,     0.651580,     0.922447,     0.004081,
  1705.750,     0.592590,     0.741133,     0.003141,
  1705.800,     0.591314,     0.618669,     0.002239,
  1705.850,     0.645564,     0.557503,     0.000348,
  1705.900,     0.838708,     0.585135,    -0.002051,
  1705.950,     1.097003,     0.704118,    -0.000004,
  1706.000,     1.343990,     0.924126,    -0.000657,
  1706.050,     1.479230,     1.228105,    -0.000458,
  1706.100,     1.457589,     1.440186,    -0.000694,
  1706.150,     1.242769,     1.537056,    -0.004453,
  1706.200,     0.924877,     1.431115,    -0.002715,
  1706.250,     0.538600,     1.193729,    -0.003744,
  1706.300,     0.231310,     0.862866,     0.001813,
  1706.350,    -0.016235,     0.475642,     0.005434,
  1706.400,    -0.117398,     0.149753,    -0.002748,
  1706.450,    -0.105861,    -0.050592,    -0.000870,
  1706.500,    -0.014469,    -0.147607,    -0.000330,
  1706.550,     0.095413,    -0.136650,    -0.003144,
  1706.600,     0.283937,    -0.023186,    -0.004420,
  1706.650,     0.590606,     0.111666,     0.005473,
  1706.700,     0.925483,     0.334724,     0.002073,
  1706.750,     1.206902,     0.646764,     0.006769,
  1706.800,     1.455781,     0.982969,     0.006811,
  1706.850,     1.646635,     1.270086,     0.000016,
  1706.900,     1.829612,     1.533274,     0.003052,
  1706.950,     1.936064,     1.732812,     0.007214,
  1707.000,     1.977092,     1.885977,     0.003975,
  1707.050,     1.941665,     1.991964,     0.006457,
  1707.100,     1.914111,     2.012803,     0.003219,
  1707.150,     1.882568,     1.977728,     0.009360,
  1707.200,     1.768798,     1.943583,    -0.000844,
  1707.250,     1.546728,     1.878060,     0.000701,
  1707.300,     1.252558,     1.716188,     0.002964,
  1707.350,     0.916399,     1.452515,    -0.003121,
  1707.400,     0.709118,     1.139832,    -0.004206,
  1707.450,     0.669517,     0.851223,    -0.002196,
  1707.500,     0.804930,     0.639538,    -0.005540,
  1707.550,     1.161629,     0.604060,    -0.009450,
  1707.600,     1.683690,     0.813209,    -0.008734,
  1707.650,     2.235954,     1.263659,    -0.003154,
  1707.700,     2.671011,     1.836553,    -0.005039,
  1707.750,     2.925673,     2.379872,    -0.002062,
  1707.800,     2.943620,     2.806634,    -0.003442,
  1707.850,     2.762071,     3.011721,    -0.004799,
  1707.900,     2.379983,     2.980675,    -0.006782,
  1707.950,     1.920619,     2.724464,    -0.002469,
  1708.000,     1.414793,     2.294835,     0.000970,
  1708.050,     0.974863,     1.783803,     0.004937,
  1708.100,     0.669064,     1.269205,     0.002584,
  1708.150,     0.536374,     0.851650,     0.005210,
  1708.200,     0.558079,     0.570834,     0.003023,
  1708.250,     0.685733,     0.472253,     0.010854,
  1708.300,     0.888408,     0.513279,     0.007446,
  1708.350,     1.109521,     0.688256,     0.013515,
  1708.400,     1.214183,     0.913415,     0.012764,
  1708.450,     1.168382,     1.097041,     0.005898,
  1708.500,     1.042803,     1.167100,     0.006428,
  1708.550,     0.935488,     1.094580,     0.006547,
  1708.600,     0.847116,     0.988459,     0.006499,
  1708.650,     0.843458,     0.890508,     0.002462,
  1708.700,     0.895815,     0.825239,    -0.000032,
  1708.750,     1.076598,     0.834482,    -0.002347,
  1708.800,     1.304104,     0.937989,    -0.007630,
  1708.850,     1.490286,     1.132657,    -0.004652,
  1708.900,     1.564349,     1.381238,    -0.007721,
  1708.950,     1.520443,     1.550118,    -0.007211,
  1709.000,     1.398626,     1.592862,    -0.010784,
  1709.050,     1.255872,     1.496985,    -0.013265,
  1709.100,     1.147752,     1.364264,    -0.006259,
  1709.150,     1.049741,     1.220443,    -0.006199,
  1709.200,     1.016839,     1.113766,    -0.005349,
  1709.250,     1.003122,     1.030876,    -0.008299,
  1709.300,     1.038678,     0.993686,     0.001212,
  1709.350,     1.125938,     1.015238,     0.001395,
  1709.400,     1.255895,     1.048356,     0.000239,
  1709.450,     1.398514,     1.140385,     0.005554,
  1709.500,     1.521798,     1.279681,    -0.000617,
  1709.550,     1.590287,     1.419368,     0.001193,
  1709.600,     1.669246,     1.520826,     0.005446,
  1709.650,     1.703010,     1.610550,     0.002141,
  1709.700,     1.695741,     1.662439,     0.005985,
  1709.750,     1.617968,     1.703517,     0.005372,
  1709.800,     1.402547,     1.703155,     0.006401,
  1709.850,     1.100421,     1.587031,     0.007795,
  1709.900,     0.764508,     1.316544,     0.001992,
  1709.950,     0.524411,     0.990432,     0.006763,
  1710.000,     0.359676,     0.662223,     0.002923,
  1710.050,     0.324617,     0.439506,     0.002475,
  1710.100,     0.355331,     0.304805,     0.001544,
  1710.150,     0.430581,     0.298283,    -0.002577,
  1710.200,     0.479701,     0.349277,    -0.004424,
  1710.250,     0.459394,     0.399695,    -0.008541,
  1710.300,     0.369557,     0.466908,    -0.004427,
  1710.350,     0.288202,     0.427609,    -0.007345,
  1710.400,     0.253593,     0.349779,    -0.002740,
  1710.450,     0.373819,     0.249391,    -0.005022,
  1710.500,     0.589095,     0.267603,     0.000039,
  1710.550,     0.861770,     0.425202,    -0.002342,
  1710.600,     1.109606,     0.670064,     0.001130,
  1710.650,     1.261882,     0.961431,    -0.003164,
  1710.700,     1.328418,     1.192651,    -0.007028,
  1710.750,     1.267462,     1.314931,     0.001837,
  1710.800,     1.138968,     1.339182,     0.001857,
  1710.850,     0.958818,     1.279172,     0.001411,
  1710.900,     0.804928,     1.094842,    -0.001732,
  1710.950,     0.718149,     0.915425,     0.003002,
  1711.000,     0.694607,     0.741791,     0.006384,
  1711.050,     0.687594,     0.671570,     0.004712,
  1711.100,     0.784789,     0.663055,     0.003048,
  1711.150,     1.041120,     0.693004,     0.006665,
  1711.200,     1.358506,     0.829999,     0.007700,
  1711.250,     1.676517,     1.120037,     0.003810,
  1711.300,     1.907766,     1.462619,     0.005140,
  1711.350,     1.954197,     1.783571,     0.008456,
  1711.400,     1.827650,     1.975077,     0.008570,
  1711.450,     1.495867,     1.983953,     0.008004,
  1711.500,     1.016282,     1.791444,     0.003330,
  1711.550,     0.511721,     1.416287,    -0.000580,
  1711.600,     0.125282,     0.902035,     0.001384,
  1711.650,    -0.042085,     0.412966,     0.003385,
  1711.700,     0.069668,     0.053998,     0.004411,
  1711.750,     0.361180,    -0.022020,     0.004059,
  1711.800,     0.761137,     0.139481,    -0.000668,
  1711.850,     1.136257,     0.468412,    -0.002431,
  1711.900,     1.454801,     0.870126,     0.002099,
  1711.950,     1.662597,     1.249804,     0.003721,
  1712.000,     1.677087,     1.590034,    -0.002033,
  1712.050,     1.477924,     1.757380,    -0.007782,
  1712.100,     1.126756,     1.704202,     0.000760,
  1712.150,     0.729645,     1.456662,    -0.005518,
  1712.200,     0.357820,     1.053388,    -0.005092,
  1712.250,     0.153870,     0.622955,     0.001000,
  1712.300,     0.137690,     0.310986,     0.000962,
  1712.350,     0.357056,     0.108602,     0.005741,
  1712.400,     0.795777,     0.160012,    -0.000497,
  1712.450,     1.327704,     0.437557,     0.004829,
  1712.500,     1.850997,     0.908591,     0.002489,
  1712.550,     2.196718,     1.471358,     0.003484,
  1712.600,     2.310250,     1.942300,     0.007505,
  1712.650,     2.234236,     2.241039,     0.008369,
  1712.700,     1.945823,     2.315176,     0.007036,
  1712.750,     1.600768,     2.166940,     0.007252,
  1712.800,     1.337739,     1.869105,     0.008297,
  1712.850,     1.180680,     1.530207,     0.002651,
  1712.900,     1.183049,     1.262102,    -0.002998,
  1712.950,     1.352686,     1.160561,    -0.003527,
  1713.000,     1.570127,     1.214127,     0.001398,
  1713.050,     1.805590,     1.422144,    -0.000493,
  1713.100,     1.895290,     1.647660,     0.001311,
  1713.150,     1.845995,     1.855765,    -0.007223,
  1713.200,     1.650906,     1.931107,    -0.004609,
  1713.250,     1.381067,     1.816466,    -0.007565,
  1713.300,     1.119861,     1.621859,    -0.001714,
  1713.350,     0.901591,     1.351444,    -0.001830,
  1713.400,     0.741145,     1.063327,    -0.000824,
  1713.450,     0.676738,     0.848513,     0.000734,
  1713.500,     0.773383,     0.704341,    -0.001438,
  1713.550,     0.996687,     0.688907,     0.000647,
  1713.600,     1.312517,     0.819090,    -0.004734,
  1713.650,     1.601755,     1.103136,     0.006319,
  1713.700,     1.773251,     1.409114,     0.003534,
  1713.750,     1.752387,     1.692225,     0.000939,
  1713.800,     1.593918,     1.811971,     0.008110,
  1713.850,     1.314960,     1.754821,     0.010195,
  1713.900,     0.909253,     1.591743,     0.009160,
  1713.950,     0.466994,     1.231281,     0.003991,
  1714.000,     0.110475,     0.797407,     0.003324,
  1714.050,    -0.015860,     0.365158,     0.005680,
  1714.100,     0.135935,     0.034516,     0.000129,
  1714.150,     0.510472,    -0.026658,    -0.005791,
  1714.200,     0.960602,     0.184675,     0.007392,
  1714.250,     1.392562,     0.606210,    -0.000338,
  1714.300,     1.655225,     1.089649,    -0.005154,
  1714.350,     1.708263,     1.490815,    -0.000187,
  1714.400,     1.566126,     1.707233,     0.001263,
  1714.450,     1.271622,     1.719465,    -0.009315,
  1714.500,     0.927673,     1.513489,    -0.004132,
  1714.550,     0.652084,     1.197705,    -0.001752,
  1714.600,     0.582851,     0.856871,     0.000752,
  1714.650,     0.657109,     0.634544,    -0.004587,
  1714.700,     0.842756,     0.617475,    -0.004526,
  1714.750,     1.031537,     0.725275,    -0.004621,
  1714.800,     1.077425,     0.924123,     0.008799,
  1714.850,     0.947953,     1.106387,     0.001477,
  1714.900,     0.639612,     1.103005,     0.003505,
  1714.950,     0.245156,     0.913411,     0.003574,
  1715.000,    -0.150460,     0.530180,     0.006701,
  1715.050,    -0.505124,     0.134683,     0.007679,
  1715.100,    -0.641258,    -0.269910,     0.007570,
  1715.150,    -0.605416,    -0.557224,     0.003598,
  1715.200,    -0.380497,    -0.683033,     0.004444,
  1715.250,    -0.006019,    -0.571705,    -0.002348,
  1715.300,     0.399529,    -0.304670,     0.002113,
  1715.350,     0.901295,     0.078485,    -0.003420,
  1715.400,     1.340535,     0.538393,    -0.005297,
  1715.450,     1.703844,     1.028427,    -0.001528,
  1715.500,     1.868259,     1.502242,    -0.001819,
  1715.550,     1.759156,     1.844738,    -0.002505,
  1715.600,     1.336720,     1.933996,    -0.002633,
  1715.650,     0.729343,     1.728565,    -0.003865,
  1715.700,     0.007154,     1.229859,    -0.004014,
  1715.750,    -0.590925,     0.540926,    -0.001691,
  1715.800,    -0.970103,    -0.165826,    -0.003930,
  1715.850,    -1.036828,    -0.740224,    -0.000990,
  1715.900,    -0.740536,    -1.057480,    -0.004027,
  1715.950,    -0.125934,    -1.035766,     0.005186,
  1716.000,     0.626261,    -0.629646,     0.002186,
  1716.050,     1.365550,     0.073212,     0.007739,
  1716.100,     1.910822,     0.854730,     0.007247,
  1716.150,     2.150813,     1.581930,     0.000408,
  1716.200,     2.108745,     2.064901,     0.002638,
  1716.250,     1.801472,     2.253151,     0.001249,
  1716.300,     1.328988,     2.119534,     0.008167,
  1716.350,     0.825874,     1.736978,     0.006182,
  1716.400,     0.447908,     1.250300,     0.000317,
  1716.450,     0.244246,     0.746373,    -0.002799,
  1716.500,     0.193166,     0.391037,    -0.003526,
  1716.550,     0.266246,     0.223613,    -0.001883,
  1716.600,     0.342292,     0.227837,     0.000582,
  1716.650,     0.394789,     0.283777,    -0.006780,
  1716.700,     0.417602,     0.363875,     0.001749,
  1716.750,     0.399997,     0.414411,    -0.000455,
  1716.800,     0.401267,     0.382238,     0.005399,
  1716.850,     0.503296,     0.386000,     0.000948,
  1716.900,     0.699338,     0.413724,     0.004111,
  1716.950,     0.979589,     0.532464,    -0.002277,
  1717.000,     1.334699,     0.767610,    -0.000387,
  1717.050,     1.624788,     1.103108,    -0.001324,
  1717.100,     1.835142,     1.447134,     0.002330,
  1717.150,     1.920042,     1.758704,    -0.001243,
  1717.200,     1.912677,     1.913312,     0.003751,
  1717.250,     1.775127,     1.989301,     0.002500,
  1717.300,     1.542767,     1.956454,     0.001781,
  1717.350,     1.233147,     1.767766,     0.000457,
  1717.400,     0.888090,     1.530295,     0.006409,
  1717.450,     0.528065,     1.168417,    -0.000236,
  1717.500,     0.142715,     0.812636,    -0.000791,
  1717.550,    -0.200042,     0.407275,    -0.004142,
  1717.600,    -0.402187,     0.038021,     0.001944,
  1717.650,    -0.400639,    -0.290806,     0.000249,
  1717.700,    -0.123673,    -0.475594,    -0.000253,
  1717.750,     0.316303,    -0.410213,     0.001819,
  1717.800,     0.818200,    -0.052088,     0.001268,
  1717.850,     1.273983,     0.457475,    -0.000292,
  1717.900,     1.572067,     0.988306,     0.003607,
  1717.950,     1.651112,     1.415740,    -0.001533,
  1718.000,     1.559281,     1.668179,     0.003709,
  1718.050,     1.346547,     1.705765,     0.005614,
  1718.100,     1.062545,     1.583977,    -0.000841,
  1718.150,     0.787404,     1.329943,    -0.000324,
  1718.200,     0.593300,     1.036802,    -0.006302,
  1718.250,     0.473079,     0.768220,    -0.000280,
  1718.300,     0.496320,     0.553401,     0.003274,
  1718.350,     0.574758,     0.472896,     0.005382,
  1718.400,     0.728666,     0.491900,     0.002789,
  1718.450,     0.867620,     0.624468,     0.001246,
  1718.500,     0.948461,     0.761028,     0.002470,
  1718.550,     1.003428,     0.885877,    -0.003749,
  1718.600,     1.032371,     0.965360,     0.000036,
  1718.650,     1.078501,     1.019752,    -0.000268,
  1718.700,     1.241342,     1.055398,    -0.000052,
  1718.750,     1.493863,     1.122704,     0.002143,
  1718.800,     1.855938,     1.344286,    -0.003602,
  1718.850,     2.205763,     1.613377,    -0.002293,
  1718.900,     2.485517,     1.994283,    -0.002811,
  1718.950,     2.619108,     2.344918,    -0.000475,
  1719.000,     2.596042,     2.580013,     0.002866,
  1719.050,     2.376135,     2.720220,    -0.001511,
  1719.100,     1.998557,     2.634843,     0.000061,
  1719.150,     1.464609,     2.351094,    -0.004524,
  1719.200,     0.887775,     1.910511,     0.006264,
  1719.250,     0.322330,     1.332618,     0.005931,
  1719.300,    -0.097094,     0.717710,     0.002576,
  1719.350,    -0.297267,     0.149211,     0.007012,
  1719.400,    -0.237849,    -0.231224,     0.006731,
  1719.450,     0.007834,    -0.365955,    -0.001045,
  1719.500,     0.424737,    -0.252983,     0.001329,
  1719.550,     0.983413,     0.065889,    -0.003442,
  1719.600,     1.596552,     0.584058,     0.000118,
  1719.650,     2.107674,     1.177586,    -0.010719,
  1719.700,     2.432829,     1.803306,    -0.000876,
  1719.750,     2.441125,     2.287425,    -0.011426,
  1719.800,     2.289620,     2.540220,     0.000729,
  1719.850,     1.988526,     2.506058,    -0.001946,
  1719.900,     1.657147,     2.308830,     0.000421,
  1719.950,     1.312005,     1.970036,     0.000766,
  1720.000,     1.050268,     1.608460,     0.005639,

