Time_abs/ps, Signal 1/nA, Ref.signal 1/nA, Signal 2/nA, Ref.signal 2/nA
  1600.000,     0.017983,     0.007615,     0.000831,
  1600.050,    -0.002305,    -0.004646,     0.003707,
  1600.100,    -0.015036,     0.011497,     0.000514,
  1600.150,    -0.011189,    -0.005388,     0.000252,
  1600.200,     0.010547,    -0.009079,    -0.005305,
  1600.250,    -0.001969,    -0.022884,     0.000294,
  1600.300,     0.006636,    -0.011605,    -0.004614,
  1600.350,    -0.000602,     0.000561,     0.000931,
  1600.400,    -0.014088,     0.010459,    -0.010445,
  1600.450,    -0.011395,     0.008771,    -0.000471,
  1600.500,    -0.010471,    -0.000034,    -0.005474,
  1600.550,    -0.021219,    -0.009125,    -0.014041,
  1600.600,    -0.029190,    -0.021215,    -0.004210,
  1600.650,    -0.001393,    -0.028924,    -0.014106,
  1600.700,    -0.008887,    -0.024922,    -0.010426,
  1600.750,    -0.023245,    -0.033412,    -0.008691,
  1600.800,    -0.009197,    -0.027306,    -0.004920,
  1600.850,    -0.023935,    -0.001638,    -0.015964,
  1600.900,    -0.030217,    -0.017430,    -0.006580,
  1600.950,    -0.037126,    -0.006954,    -0.011895,
  1601.000,    -0.042551,    -0.025601,    -0.006098,
  1601.050,    -0.043521,    -0.025349,    -0.011611,
  1601.100,    -0.024436,    -0.009534,    -0.007290,
  1601.150,    -0.010408,    -0.028449,    -0.009964,
  1601.200,    -0.032621,    -0.018410,    -0.009481,
  1601.250,    -0.033177,    -0.022588,    -0.011358,
  1601.300,    -0.024281,    -0.037640,    -0.004703,
  1601.350,    -0.017202,    -0.024145,    -0.001643,
  1601.400,    -0.020312,    -0.019708,    -0.003061,
  1601.450,    -0.023046,    -0.036830,    -0.003005,
  1601.500,    -0.011273,    -0.020360,     0.000031,
  1601.550,    -0.010521,    -0.021295,    -0.005374,
  1601.600,    -0.026205,    -0.019094,     0.002579,
  1601.650,    -0.008929,    -0.038961,    -0.005196,
  1601.700,    -0.029560,    -0.039712,     0.004067,
  1601.750,    -0.010624,    -0.046448,    -0.000548,
  1601.800,    -0.027681,    -0.049859,    -0.001977,
  1601.850,     0.001329,    -0.056273,    -0.003921,
  1601.900,    -0.004776,    -0.066449,    -0.006849,
  1601.950,    -0.004773,    -0.072077,    -0.003420,
  1602.000,    -0.006521,    -0.063971,    -0.000078,
  1602.050,     0.004050,    -0.049452,     0.002643,
  1602.100,    -0.003711,    -0.059367,     0.003317,
  1602.150,    -0.008271,    -0.063293,     0.001781,
  1602.200,    -0.001449,    -0.057947,    -0.000972,
  1602.250,    -0.010084,    -0.047525,     0.002354,
  1602.300,     0.000835,    -0.066134,    -0.000929,
  1602.350,     0.004142,    -0.074133,    -0.009626,
  1602.400,    -0.013650,    -0.077379,    -0.006849,
  1602.450,    -0.023123,    -0.060169,    -0.006467,
  1602.500,    -0.013633,    -0.080268,    -0.005213,
  1602.550,    -0.018815,    -0.067907,    -0.008026,
  1602.600,    -0.034261,    -0.099132,    -0.004300,
  1602.650,    -0.027506,    -0.079462,    -0.009696,
  1602.700,    -0.038874,    -0.061615,    -0.013234,
  1602.750,    -0.014327,    -0.055587,    -0.012602,
  1602.800,    -0.020368,    -0.049285,    -0.006662,
  1602.850,    -0.026550,    -0.061351,    -0.007219,
  1602.900,    -0.032177,    -0.051576,    -0.006111,
  1602.950,    -0.032355,    -0.030425,    -0.011420,
  1603.000,    -0.016890,    -0.045516,    -0.005884,
  1603.050,    -0.020025,    -0.046597,    -0.011718,
  1603.100,    -0.028013,    -0.041525,    -0.008315,
  1603.150,    -0.017052,    -0.058770,    -0.010279,
  1603.200,    -0.031561,    -0.067038,    -0.009282,
  1603.250,    -0.021905,    -0.060943,    -0.007649,
  1603.300,    -0.019036,    -0.046130,    -0.007404,
  1603.350,    -0.020891,    -0.044856,    -0.010437,
  1603.400,    -0.024441,    -0.048941,    -0.008336,
  1603.450,    -0.025318,    -0.057768,    -0.009681,
  1603.500,    -0.014405,    -0.061647,    -0.002447,
  1603.550,     0.003442,    -0.072860,    -0.003225,
  1603.600,    -0.013284,    -0.050958,    -0.002660,
  1603.650,    -0.000080,    -0.058043,    -0.001433,
  1603.700,    -0.003119,    -0.046480,     0.002655,
  1603.750,    -0.016469,    -0.039911,     0.003890,
  1603.800,    -0.018944,    -0.055079,     0.006682,
  1603.850,     0.006639,    -0.055890,    -0.001702,
  1603.900,    -0.006684,    -0.060794,     0.004949,
  1603.950,    -0.004651,    -0.056321,     0.003685,
  1604.000,    -0.026383,    -0.053461,     0.004014,
  1604.050,     0.015525,    -0.061511,     0.004598,
  1604.100,    -0.021569,    -0.073083,     0.000080,
  1604.150,    -0.039213,    -0.058812,    -0.007888,
  1604.200,    -0.034526,    -0.056921,     0.005997,
  1604.250,    -0.025655,    -0.052816,     0.000954,
  1604.300,    -0.027080,    -0.051204,     0.002686,
  1604.350,    -0.016842,    -0.050098,    -0.000355,
  1604.400,    -0.013243,    -0.051308,    -0.002355,
  1604.450,    -0.018267,    -0.055452,    -0.002907,
  1604.500,    -0.024651,    -0.068069,    -0.005547,
  1604.550,    -0.029328,    -0.050001,    -0.006296,
  1604.600,    -0.010831,    -0.060544,    -0.007808,
  1604.650,    -0.007616,    -0.066102,    -0.009686,
  1604.700,    -0.030008,    -0.067510,    -0.004108,
  1604.750,    -0.015101,    -0.069713,    -0.006855,
  1604.800,    -0.009248,    -0.075049,    -0.008046,
  1604.850,    -0.030956,    -0.068252,    -0.005285,
  1604.900,    -0.019848,    -0.068048,    -0.007636,
  1604.950,    -0.029515,    -0.057182,    -0.010039,
  1605.000,    -0.022936,    -0.074073,    -0.004677,
  1605.050,    -0.027997,    -0.073767,    -0.006332,
  1605.100,    -0.017781,    -0.058804,    -0.018246,
  1605.150,    -0.038449,    -0.074817,    -0.010170,
  1605.200,    -0.027722,    -0.054424,    -0.012296,
  1605.250,    -0.035073,    -0.059604,    -0.018243,
  1605.300,    -0.049500,    -0.073760,    -0.009966,
  1605.350,    -0.028632,    -0.080658,    -0.011623,
  1605.400,    -0.026063,    -0.064059,    -0.009762,
  1605.450,    -0.007554,    -0.066206,    -0.011335,
  1605.500,    -0.019581,    -0.061892,    -0.009178,
  1605.550,    -0.034748,    -0.056416,    -0.010909,
  1605.600,    -0.026052,    -0.060449,    -0.011810,
  1605.650,    -0.029734,    -0.062375,    -0.006783,
  1605.700,    -0.010423,    -0.064690,     0.000209,
  1605.750,    -0.012299,    -0.067201,    -0.007378,
  1605.800,    -0.033466,    -0.053317,    -0.009490,
  1605.850,    -0.024897,    -0.075328,     0.000236,
  1605.900,    -0.004097,    -0.081720,     0.001678,
  1605.950,    -0.006758,    -0.084957,    -0.001431,
  1606.000,    -0.018401,    -0.063255,     0.000168,
  1606.050,    -0.029665,    -0.061329,    -0.002618,
  1606.100,    -0.007457,    -0.043735,    -0.000052,
  1606.150,    -0.010371,    -0.050841,     0.005741,
  1606.200,    -0.006175,    -0.062682,     0.001400,
  1606.250,    -0.009984,    -0.048538,     0.001123,
  1606.300,    -0.012488,    -0.051206,     0.005522,
  1606.350,    -0.018431,    -0.056931,    -0.000066,
  1606.400,    -0.004703,    -0.061721,     0.003867,
  1606.450,    -0.007634,    -0.077838,     0.005710,
  1606.500,     0.009747,    -0.075351,     0.005066,
  1606.550,    -0.014278,    -0.045355,     0.003256,
  1606.600,    -0.019535,    -0.075436,     0.008425,
  1606.650,     0.013530,    -0.075216,     0.005189,
  1606.700,     0.008616,    -0.067222,     0.003930,
  1606.750,    -0.000790,    -0.063340,     0.004574,
  1606.800,     0.002161,    -0.069187,    -0.000230,
  1606.850,     0.016553,    -0.065506,     0.001072,
  1606.900,     0.021274,    -0.051772,    -0.000010,
  1606.950,     0.021499,    -0.049198,    -0.000135,
  1607.000,     0.024995,    -0.044549,    -0.003192,
  1607.050,     0.033030,    -0.057717,    -0.006152,
  1607.100,     0.012919,    -0.057853,    -0.004148,
  1607.150,     0.016878,    -0.075347,    -0.002209,
  1607.200,     0.019192,    -0.075670,    -0.006160,
  1607.250,     0.009120,    -0.067853,    -0.005410,
  1607.300,     0.001898,    -0.065862,    -0.004212,
  1607.350,     0.015287,    -0.091792,    -0.007028,
  1607.400,     0.032453,    -0.095613,    -0.004192,
  1607.450,     0.012681,    -0.089350,    -0.016503,
  1607.500,     0.020971,    -0.075400,    -0.009684,
  1607.550,     0.029306,    -0.104859,    -0.010318,
  1607.600,     0.024997,    -0.098777,    -0.015063,
  1607.650,     0.038547,    -0.092790,    -0.013076,
  1607.700,     0.038134,    -0.102410,    -0.012606,
  1607.750,     0.039239,    -0.103796,    -0.013217,
  1607.800,     0.038082,    -0.101278,    -0.005984,
  1607.850,     0.019116,    -0.124529,    -0.011845,
  1607.900,     0.018822,    -0.136633,    -0.009722,
  1607.950,     0.048334,    -0.124998,    -0.005738,
  1608.000,     0.023168,    -0.137278,    -0.005755,
  1608.050,     0.027653,    -0.131250,    -0.014713,
  1608.100,     0.007529,    -0.141260,    -0.010177,
  1608.150,     0.008245,    -0.161652,    -0.002702,
  1608.200,     0.032030,    -0.162870,     0.000598,
  1608.250,     0.011901,    -0.156415,    -0.009547,
  1608.300,     0.006484,    -0.147483,    -0.009134,
  1608.350,     0.013545,    -0.147606,    -0.003464,
  1608.400,     0.028626,    -0.157783,    -0.008318,
  1608.450,     0.030243,    -0.149063,    -0.002605,
  1608.500,     0.033216,    -0.130967,    -0.005172,
  1608.550,     0.023282,    -0.132564,    -0.003937,
  1608.600,     0.020559,    -0.131408,     0.000512,
  1608.650,     0.019554,    -0.119437,    -0.001232,
  1608.700,     0.030258,    -0.132012,    -0.001403,
  1608.750,     0.027225,    -0.130531,    -0.000326,
  1608.800,    -0.001411,    -0.127366,    -0.005518,
  1608.850,     0.022274,    -0.114349,    -0.002594,
  1608.900,     0.039233,    -0.118084,    -0.004513,
  1608.950,     0.033445,    -0.108535,    -0.001278,
  1609.000,     0.028243,    -0.122791,    -0.002860,
  1609.050,     0.040746,    -0.112637,    -0.002921,
  1609.100,     0.034158,    -0.100752,     0.002950,
  1609.150,     0.027190,    -0.101737,     0.002018,
  1609.200,     0.040881,    -0.083625,    -0.001172,
  1609.250,     0.057936,    -0.090299,    -0.000246,
  1609.300,     0.035670,    -0.092264,    -0.001286,
  1609.350,     0.052806,    -0.063074,    -0.001033,
  1609.400,     0.055026,    -0.072413,     0.000682,
  1609.450,     0.057884,    -0.097468,    -0.003561,
  1609.500,     0.056531,    -0.062004,    -0.004967,
  1609.550,     0.036769,    -0.074665,    -0.005947,
  1609.600,     0.042239,    -0.082541,    -0.006833,
  1609.650,     0.045993,    -0.095405,    -0.006340,
  1609.700,     0.028501,    -0.072481,    -0.006826,
  1609.750,     0.038125,    -0.073364,    -0.006198,
  1609.800,     0.050366,    -0.048757,    -0.006981,
  1609.850,     0.040749,    -0.050317,    -0.009549,
  1609.900,     0.025401,    -0.050132,    -0.005586,
  1609.950,     0.016758,    -0.052159,    -0.004996,
  1610.000,     0.015702,    -0.076507,    -0.006700,
  1610.050,     0.023951,    -0.090168,    -0.005896,
  1610.100,     0.027401,    -0.092489,    -0.004912,
  1610.150,     0.022154,    -0.092585,    -0.004447,
  1610.200,     0.026272,    -0.087222,    -0.010628,
  1610.250,     0.016625,    -0.102442,    -0.004652,
  1610.300,     0.013416,    -0.110517,    -0.002930,
  1610.350,    -0.003718,    -0.117500,    -0.006185,
  1610.400,     0.017823,    -0.123959,    -0.003478,
  1610.450,     0.017170,    -0.132789,    -0.007674,
  1610.500,     0.023187,    -0.137259,    -0.010604,
  1610.550,     0.018228,    -0.141640,    -0.010885,
  1610.600,     0.013291,    -0.131035,    -0.010677,
  1610.650,     0.020804,    -0.137492,    -0.012463,
  1610.700,     0.029992,    -0.131505,    -0.008752,
  1610.750,     0.037634,    -0.161033,    -0.005825,
  1610.800,     0.020526,    -0.172221,    -0.007775,
  1610.850,     0.022548,    -0.194941,    -0.008280,
  1610.900,     0.025692,    -0.172747,    -0.009552,
  1610.950,     0.016398,    -0.179672,    -0.003440,
  1611.000,     0.025484,    -0.196484,     0.005761,
  1611.050,     0.016076,    -0.217035,     0.000796,
  1611.100,     0.032959,    -0.213329,    -0.000409,
  1611.150,     0.048168,    -0.239635,    -0.001025,
  1611.200,     0.047949,    -0.240099,     0.000682,
  1611.250,     0.036699,    -0.215287,    -0.003034,
  1611.300,     0.045633,    -0.217257,     0.000918,
  1611.350,     0.031907,    -0.223915,     0.005052,
  1611.400,     0.019495,    -0.225158,     0.001238,
  1611.450,     0.021555,    -0.227445,    -0.001912,
  1611.500,     0.025578,    -0.219021,    -0.004116,
  1611.550,     0.037289,    -0.196926,     0.001068,
  1611.600,     0.020434,    -0.221091,     0.001463,
  1611.650,     0.001735,    -0.212736,    -0.004122,
  1611.700,     0.011040,    -0.199161,    -0.006211,
  1611.750,     0.004973,    -0.192209,    -0.000880,
  1611.800,    -0.012874,    -0.199529,    -0.002359,
  1611.850,    -0.014826,    -0.174264,     0.000311,
  1611.900,    -0.026576,    -0.168421,    -0.000988,
  1611.950,    -0.016309,    -0.185613,     0.000542,
  1612.000,    -0.018429,    -0.193127,     0.000952,
  1612.050,    -0.039153,    -0.202004,     0.001501,
  1612.100,    -0.018193,    -0.203686,    -0.006042,
  1612.150,    -0.003079,    -0.192196,    -0.006803,
  1612.200,    -0.009253,    -0.228909,    -0.002260,
  1612.250,    -0.026370,    -0.217702,    -0.003571,
  1612.300,    -0.014917,    -0.218946,    -0.007661,
  1612.350,    -0.007622,    -0.226065,    -0.007232,
  1612.400,    -0.007538,    -0.209106,    -0.010980,
  1612.450,    -0.012790,    -0.219318,    -0.011732,
  1612.500,    -0.014116,    -0.206316,    -0.010455,
  1612.550,    -0.001474,    -0.213026,    -0.004915,
  1612.600,    -0.011680,    -0.230964,    -0.005978,
  1612.650,    -0.012743,    -0.237960,    -0.010566,
  1612.700,    -0.016047,    -0.240506,    -0.005890,
  1612.750,    -0.019742,    -0.236160,    -0.007670,
  1612.800,    -0.005106,    -0.233167,    -0.012092,
  1612.850,    -0.012056,    -0.256656,    -0.008998,
  1612.900,     0.003387,    -0.239617,    -0.001556,
  1612.950,     0.016171,    -0.245471,    -0.002608,
  1613.000,     0.018428,    -0.262886,    -0.002805,
  1613.050,    -0.006925,    -0.251333,    -0.005712,
  1613.100,    -0.001530,    -0.256567,    -0.003015,
  1613.150,     0.010376,    -0.244889,    -0.007994,
  1613.200,     0.008779,    -0.267568,    -0.007105,
  1613.250,     0.028947,    -0.263436,    -0.002599,
  1613.300,     0.023090,    -0.261406,    -0.002430,
  1613.350,     0.023905,    -0.262316,     0.000106,
  1613.400,     0.031689,    -0.263597,     0.000235,
  1613.450,     0.042044,    -0.263895,     0.000446,
  1613.500,     0.037798,    -0.253962,     0.002144,
  1613.550,     0.026968,    -0.267384,    -0.002510,
  1613.600,     0.044549,    -0.282852,    -0.000248,
  1613.650,     0.043020,    -0.294390,     0.005777,
  1613.700,     0.040411,    -0.269291,    -0.000061,
  1613.750,     0.047495,    -0.296063,     0.000001,
  1613.800,     0.052721,    -0.295676,     0.000698,
  1613.850,     0.039732,    -0.290447,    -0.002069,
  1613.900,     0.041761,    -0.308364,    -0.000442,
  1613.950,     0.048801,    -0.311033,     0.001974,
  1614.000,     0.051694,    -0.298176,     0.004277,
  1614.050,     0.052171,    -0.320096,     0.002517,
  1614.100,     0.033894,    -0.327092,     0.006076,
  1614.150,     0.023209,    -0.336267,     0.001293,
  1614.200,     0.034152,    -0.347295,     0.001532,
  1614.250,     0.018414,    -0.345886,     0.000934,
  1614.300,     0.022201,    -0.330335,    -0.001227,
  1614.350,     0.009042,    -0.335595,    -0.002624,
  1614.400,    -0.005213,    -0.326397,    -0.005262,
  1614.450,    -0.018920,    -0.335081,    -0.004678,
  1614.500,    -0.021463,    -0.341281,    -0.000259,
  1614.550,    -0.004639,    -0.341916,     0.001048,
  1614.600,    -0.029997,    -0.342900,    -0.001166,
  1614.650,    -0.017860,    -0.342125,    -0.006232,
  1614.700,    -0.007669,    -0.318097,    -0.004461,
  1614.750,    -0.031265,    -0.315540,    -0.005316,
  1614.800,    -0.034642,    -0.298863,    -0.007664,
  1614.850,    -0.032423,    -0.298416,    -0.008248,
  1614.900,    -0.043700,    -0.312369,    -0.012159,
  1614.950,    -0.060335,    -0.298750,    -0.009289,
  1615.000,    -0.059358,    -0.299329,    -0.007528,
  1615.050,    -0.055642,    -0.316875,    -0.010143,
  1615.100,    -0.054692,    -0.339941,    -0.010642,
  1615.150,    -0.055095,    -0.354372,    -0.015301,
  1615.200,    -0.058184,    -0.349586,    -0.015355,
  1615.250,    -0.046127,    -0.375272,    -0.010357,
  1615.300,    -0.049425,    -0.391255,    -0.010071,
  1615.350,    -0.058523,    -0.412063,    -0.007164,
  1615.400,    -0.044557,    -0.422098,    -0.004446,
  1615.450,    -0.067425,    -0.408363,    -0.008354,
  1615.500,    -0.058709,    -0.404922,    -0.011710,
  1615.550,    -0.062849,    -0.411461,    -0.010791,
  1615.600,    -0.059299,    -0.401083,    -0.010582,
  1615.650,    -0.062468,    -0.408784,    -0.007065,
  1615.700,    -0.059658,    -0.415894,    -0.002117,
  1615.750,    -0.070369,    -0.406058,    -0.006998,
  1615.800,    -0.055463,    -0.429032,    -0.007825,
  1615.850,    -0.050530,    -0.454615,    -0.007308,
  1615.900,    -0.057675,    -0.455064,    -0.003565,
  1615.950,    -0.056287,    -0.455368,    -0.000428,
  1616.000,    -0.050820,    -0.466990,    -0.000814,
  1616.050,    -0.054809,    -0.474880,    -0.004068,
  1616.100,    -0.053391,    -0.480263,     0.000075,
  1616.150,    -0.056864,    -0.480738,     0.003625,
  1616.200,    -0.056416,    -0.476577,     0.003584,
  1616.250,    -0.057354,    -0.483261,     0.006517,
  1616.300,    -0.062091,    -0.490949,     0.006463,
  1616.350,    -0.065739,    -0.490765,     0.004245,
  1616.400,    -0.061843,    -0.495713,     0.002901,
  1616.450,    -0.047026,    -0.492477,     0.005269,
  1616.500,    -0.051119,    -0.503176,     0.004435,
  1616.550,    -0.076321,    -0.526755,     0.004838,
  1616.600,    -0.069211,    -0.506274,     0.012776,
  1616.650,    -0.073408,    -0.492097,     0.005311,
  1616.700,    -0.058406,    -0.494707,    -0.005740,
  1616.750,    -0.094857,    -0.491688,     0.001597,
  1616.800,    -0.086836,    -0.491173,     0.002103,
  1616.850,    -0.058988,    -0.493725,     0.001202,
  1616.900,    -0.068723,    -0.487156,     0.002649,
  1616.950,    -0.083248,    -0.489569,     0.001025,
  1617.000,    -0.093996,    -0.506868,    -0.002227,
  1617.050,    -0.075463,    -0.487291,    -0.000846,
  1617.100,    -0.057828,    -0.474220,    -0.005165,
  1617.150,    -0.062968,    -0.483483,    -0.003944,
  1617.200,    -0.074997,    -0.473541,    -0.008674,
  1617.250,    -0.094761,    -0.474562,    -0.013160,
  1617.300,    -0.087929,    -0.456456,    -0.006256,
  1617.350,    -0.082517,    -0.446705,    -0.010604,
  1617.400,    -0.099687,    -0.459078,    -0.011344,
  1617.450,    -0.105669,    -0.445847,    -0.009722,
  1617.500,    -0.097386,    -0.438835,    -0.010836,
  1617.550,    -0.089184,    -0.433537,    -0.011932,
  1617.600,    -0.112238,    -0.436497,    -0.011115,
  1617.650,    -0.095866,    -0.418269,    -0.011980,
  1617.700,    -0.106725,    -0.416141,    -0.011940,
  1617.750,    -0.125743,    -0.407228,    -0.011691,
  1617.800,    -0.118752,    -0.401720,    -0.012709,
  1617.850,    -0.136193,    -0.380863,    -0.016101,
  1617.900,    -0.118478,    -0.371745,    -0.020732,
  1617.950,    -0.116813,    -0.338327,    -0.019263,
  1618.000,    -0.137614,    -0.281234,    -0.015899,
  1618.050,    -0.133600,    -0.232384,    -0.011622,
  1618.100,    -0.127086,    -0.193871,    -0.008641,
  1618.150,    -0.127863,    -0.161821,    -0.009282,
  1618.200,    -0.149090,    -0.119875,    -0.009674,
  1618.250,    -0.131558,    -0.077524,    -0.008341,
  1618.300,    -0.130453,    -0.071774,    -0.010375,
  1618.350,    -0.154050,    -0.087374,    -0.010990,
  1618.400,    -0.148131,    -0.196099,    -0.010185,
  1618.450,    -0.126038,    -0.348139,    -0.003796,
  1618.500,    -0.142755,    -0.610612,    -0.009084,
  1618.550,    -0.150259,    -0.952923,    -0.009746,
  1618.600,    -0.161788,    -1.333053,    -0.000915,
  1618.650,    -0.162797,    -1.743931,     0.003078,
  1618.700,    -0.158372,    -2.126887,     0.002680,
  1618.750,    -0.134234,    -2.394161,     0.000840,
  1618.800,    -0.119302,    -2.457728,     0.004017,
  1618.850,    -0.125397,    -2.309845,     0.002277,
  1618.900,    -0.112347,    -1.995652,    -0.001286,
  1618.950,    -0.117877,    -1.602009,     0.003298,
  1619.000,    -0.141857,    -1.184876,     0.000326,
  1619.050,    -0.126492,    -0.797805,     0.005794,
  1619.100,    -0.106507,    -0.520714,     0.009353,
  1619.150,    -0.118597,    -0.297820,     0.006365,
  1619.200,    -0.137456,    -0.164513,     0.003718,
  1619.250,    -0.140615,    -0.133796,     0.004155,
  1619.300,    -0.153618,    -0.141140,     0.008867,
  1619.350,    -0.167456,    -0.189173,     0.004057,
  1619.400,    -0.182675,    -0.272831,    -0.000881,
  1619.450,    -0.198700,    -0.366149,     0.001190,
  1619.500,    -0.180095,    -0.414662,     0.011664,
  1619.550,    -0.183561,    -0.486669,     0.008570,
  1619.600,    -0.172739,    -0.532702,     0.005028,
  1619.650,    -0.162916,    -0.559336,     0.000231,
  1619.700,    -0.180652,    -0.580338,    -0.002928,
  1619.750,    -0.181294,    -0.589772,     0.002258,
  1619.800,    -0.198457,    -0.591029,     0.000603,
  1619.850,    -0.203229,    -0.607447,    -0.001641,
  1619.900,    -0.195844,    -0.624791,    -0.002570,
  1619.950,    -0.188055,    -0.651564,    -0.004918,
  1620.000,    -0.211715,    -0.699427,    -0.004432,
  1620.050,    -0.224791,    -0.712156,    -0.005832,
  1620.100,    -0.223581,    -0.740053,    -0.008038,
  1620.150,    -0.219591,    -0.779035,    -0.006373,
  1620.200,    -0.233086,    -0.777557,    -0.007387,
  1620.250,    -0.254962,    -0.783301,    -0.011533,
  1620.300,    -0.244316,    -0.795376,    -0.009714,
  1620.350,    -0.232038,    -0.762885,    -0.006919,
  1620.400,    -0.255032,    -0.756703,    -0.010433,
  1620.450,    -0.252140,    -0.755122,    -0.012171,
  1620.500,    -0.234593,    -0.759587,    -0.012855,
  1620.550,    -0.249566,    -0.770126,    -0.011274,
  1620.600,    -0.231828,    -0.762379,    -0.010276,
  1620.650,    -0.244500,    -0.799293,    -0.011756,
  1620.700,    -0.252791,    -0.826538,    -0.016446,
  1620.750,    -0.233291,    -0.825007,    -0.016146,
  1620.800,    -0.240135,    -0.836559,    -0.015794,
  1620.850,    -0.230659,    -0.864981,    -0.015639,
  1620.900,    -0.230463,    -0.872562,    -0.012767,
  1620.950,    -0.227731,    -0.863349,    -0.014237,
  1621.000,    -0.233985,    -0.892779,    -0.012367,
  1621.050,    -0.221117,    -0.900679,    -0.011943,
  1621.100,    -0.204543,    -0.903279,    -0.007623,
  1621.150,    -0.206153,    -0.929399,    -0.006831,
  1621.200,    -0.212918,    -0.946151,    -0.009876,
  1621.250,    -0.211134,    -0.973433,    -0.006504,
  1621.300,    -0.187577,    -1.002156,    -0.005544,
  1621.350,    -0.199251,    -1.031033,    -0.004620,
  1621.400,    -0.209673,    -1.055723,    -0.004508,
  1621.450,    -0.198586,    -1.082439,    -0.001902,
  1621.500,    -0.189090,    -1.040745,     0.000062,
  1621.550,    -0.203191,    -1.007067,     0.001200,
  1621.600,    -0.193903,    -0.969472,     0.001530,
  1621.650,    -0.181646,    -0.923275,     0.001796,
  1621.700,    -0.177098,    -0.868363,     0.004064,
  1621.750,    -0.185811,    -0.839668,     0.006747,
  1621.800,    -0.178443,    -0.839075,     0.003359,
  1621.850,    -0.157967,    -0.835832,    -0.000216,
  1621.900,    -0.158931,    -0.868083,     0.005168,
  1621.950,    -0.143015,    -0.905803,     0.002914,
  1622.000,    -0.122683,    -0.925178,     0.003158,
  1622.050,    -0.089559,    -0.925425,     0.001658,
  1622.100,    -0.079024,    -0.933014,     0.003987,
  1622.150,    -0.049219,    -0.943333,     0.003046,
  1622.200,    -0.022067,    -0.946160,     0.001226,
  1622.250,     0.024156,    -0.947706,     0.000108,
  1622.300,     0.047619,    -0.936598,    -0.002891,
  1622.350,     0.047972,    -0.911204,    -0.004255,
  1622.400,     0.039970,    -0.902913,    -0.002808,
  1622.450,    -0.004529,    -0.885350,    -0.002127,
  1622.500,    -0.081935,    -0.852988,     0.005709,
  1622.550,    -0.233421,    -0.809969,     0.000834,
  1622.600,    -0.446416,    -0.785377,    -0.003288,
  1622.650,    -0.687922,    -0.742969,     0.002194,
  1622.700,    -0.957807,    -0.686576,     0.000823,
  1622.750,    -1.173107,    -0.613374,    -0.002270,
  1622.800,    -1.339836,    -0.510101,    -0.004366,
  1622.850,    -1.397615,    -0.403846,    -0.004436,
  1622.900,    -1.299336,    -0.275957,    -0.005930,
  1622.950,    -1.098252,    -0.136301,    -0.002112,
  1623.000,    -0.836632,    -0.013895,    -0.002529,
  1623.050,    -0.581712,     0.097326,    -0.006481,
  1623.100,    -0.328275,     0.115637,    -0.007797,
  1623.150,    -0.112925,     0.008123,    -0.006460,
  1623.200,     0.023870,    -0.326249,    -0.005020,
  1623.250,     0.097517,    -1.001347,    -0.007835,
  1623.300,     0.116760,    -2.122518,    -0.011496,
  1623.350,     0.099111,    -3.843026,    -0.009992,
  1623.400,     0.044450,    -6.190226,    -0.012508,
  1623.450,    -0.018001,    -9.079033,    -0.008633,
  1623.500,    -0.081967,   -12.222148,    -0.013030,
  1623.550,    -0.129665,   -15.132563,    -0.013344,
  1623.600,    -0.185018,   -17.125555,    -0.006649,
  1623.650,    -0.206941,   -17.493563,    -0.006527,
  1623.700,    -0.240040,   -15.827166,    -0.005868,
  1623.750,    -0.252575,   -12.123533,    -0.008494,
  1623.800,    -0.248665,    -6.997025,    -0.002695,
  1623.850,    -0.258753,    -1.427215,    -0.004342,
  1623.900,    -0.264693,     3.484423,    -0.008629,
  1623.950,    -0.281060,     6.934489,    -0.004815,
  1624.000,    -0.273825,     8.513791,    -0.004192,
  1624.050,    -0.301497,     8.337132,    -0.008836,
  1624.100,    -0.309553,     6.748450,    -0.005240,
  1624.150,    -0.320393,     4.178412,     0.000054,
  1624.200,    -0.335900,     1.205607,    -0.004499,
  1624.250,    -0.345182,    -1.618595,    -0.007464,
  1624.300,    -0.361883,    -3.847212,    -0.012777,
  1624.350,    -0.351782,    -5.274983,    -0.009220,
  1624.400,    -0.349264,    -5.999073,    -0.001102,
  1624.450,    -0.340537,    -6.210488,    -0.006571,
  1624.500,    -0.352675,    -6.037645,    -0.008024,
  1624.550,    -0.354591,    -5.448199,    -0.006404,
  1624.600,    -0.360283,    -4.513717,    -0.008790,
  1624.650,    -0.342468,    -3.507028,    -0.004444,
  1624.700,    -0.345994,    -2.713990,    -0.000597,
  1624.750,    -0.354737,    -2.169706,    -0.000033,
  1624.800,    -0.354422,    -1.805950,    -0.004850,
  1624.850,    -0.367842,    -1.469886,    -0.003844,
  1624.900,    -0.383787,    -1.140785,    -0.006463,
  1624.950,    -0.378457,    -0.812284,     0.003756,
  1625.000,    -0.392005,    -0.407357,     0.000266,
  1625.050,    -0.376835,     0.132472,    -0.008133,
  1625.100,    -0.364785,     0.838794,    -0.001801,
  1625.150,    -0.372188,     1.727241,     0.002879,
  1625.200,    -0.388963,     2.765705,    -0.001536,
  1625.250,    -0.406007,     3.889177,    -0.009881,
  1625.300,    -0.415290,     5.077292,    -0.005168,
  1625.350,    -0.431841,     6.273234,     0.000872,
  1625.400,    -0.434477,     7.478472,    -0.000279,
  1625.450,    -0.443809,     8.746009,    -0.003875,
  1625.500,    -0.462971,    10.060120,    -0.007411,
  1625.550,    -0.434627,    11.467869,    -0.003479,
  1625.600,    -0.414064,    13.071246,    -0.002926,
  1625.650,    -0.388221,    14.898890,    -0.002689,
  1625.700,    -0.350423,    17.010325,    -0.003356,
  1625.750,    -0.311425,    19.501218,    -0.006703,
  1625.800,    -0.292175,    22.428147,    -0.002234,
  1625.850,    -0.288260,    25.822997,    -0.003098,
  1625.900,    -0.291525,    29.700968,     0.000417,
  1625.950,    -0.309634,    34.164119,    -0.000290,
  1626.000,    -0.335322,    39.328189,     0.002258,
  1626.050,    -0.360083,    45.320874,    -0.001176,
  1626.100,    -0.370793,    52.213222,    -0.007262,
  1626.150,    -0.368005,    60.173804,    -0.005326,
  1626.200,    -0.385284,    69.234329,     0.002734,
  1626.250,    -0.390538,    79.317423,     0.001206,
  1626.300,    -0.386036,    90.147328,     0.003480,
  1626.350,    -0.367689,   101.149397,     0.003511,
  1626.400,    -0.351082,   111.240914,    -0.008206,
  1626.450,    -0.339690,   118.577158,    -0.004475,
  1626.500,    -0.330422,   120.330037,     0.000284,
  1626.550,    -0.308088,   112.301036,     0.000514,
  1626.600,    -0.297513,    88.936240,     0.002144,
  1626.650,    -0.269832,    43.654300,     0.002762,
  1626.700,    -0.248803,   -30.080523,     0.003166,
  1626.750,    -0.215149,  -136.599317,     0.002203,
  1626.800,    -0.179895,  -275.383844,    -0.002874,
  1626.850,    -0.108738,  -438.202199,    -0.001192,
  1626.900,    -0.065110,  -607.466873,    -0.000941,
  1626.950,    -0.002970,  -756.832510,    -0.003098,
  1627.000,     0.085560,  -853.304042,    -0.004032,
  1627.050,     0.163521,  -863.652525,    -0.003909,
  1627.100,     0.219429,  -767.964910,    -0.004119,
  1627.150,     0.240608,  -573.556554,    -0.003660,
  1627.200,     0.181516,  -314.836492,    -0.008309,
  1627.250,     0.012330,   -38.717001,    -0.007410,
  1627.300,    -0.345709,   213.204124,     0.000402,
  1627.350,    -0.982237,   414.370761,    -0.005609,
  1627.400,    -1.919944,   551.418659,    -0.004138,
  1627.450,    -3.250271,   618.154752,    -0.007270,
  1627.500,    -4.928725,   615.650001,    -0.007030,
  1627.550,    -6.764229,   555.920794,    -0.006792,
  1627.600,    -8.521186,   461.606808,    -0.008191,
  1627.650,    -9.754035,   358.092630,    -0.006467,
  1627.700,   -10.006867,   262.795631,    -0.007618,
  1627.750,    -9.009532,   181.288099,    -0.011230,
  1627.800,    -6.717694,   113.143369,    -0.016420,
  1627.850,    -3.485880,    59.884677,    -0.009760,
  1627.900,     0.080066,    26.164406,    -0.011906,
  1627.950,     3.271260,    13.388737,    -0.013790,
  1628.000,     5.467811,    14.807836,    -0.009586,
  1628.050,     6.424401,    19.605023,    -0.011940,
  1628.100,     6.234969,    20.976186,    -0.011741,
  1628.150,     5.117875,    18.573325,    -0.008291,
  1628.200,     3.354986,    13.737354,    -0.008350,
  1628.250,     1.315832,     6.294082,    -0.013091,
  1628.300,    -0.613153,    -3.942722,    -0.010310,
  1628.350,    -2.118756,   -15.291041,    -0.009990,
  1628.400,    -3.055529,   -25.115936,    -0.004755,
  1628.450,    -3.467133,   -31.509963,    -0.007327,
  1628.500,    -3.533239,   -33.304194,    -0.011823,
  1628.550,    -3.365832,   -29.992888,    -0.006026,
  1628.600,    -2.918803,   -22.742302,    -0.001723,
  1628.650,    -2.245744,   -14.414926,    -0.006273,
  1628.700,    -1.530174,    -7.483234,    -0.007679,
  1628.750,    -0.957419,    -2.984859,    -0.007050,
  1628.800,    -0.571915,    -1.164252,    -0.001377,
  1628.850,    -0.336818,    -2.118112,    -0.003294,
  1628.900,    -0.167595,    -5.174189,    -0.005595,
  1628.950,     0.009022,    -9.286403,    -0.002761,
  1629.000,     0.199740,   -13.634145,     0.001706,
  1629.050,     0.382190,   -17.083424,     0.001304,
  1629.100,     0.665028,   -18.429742,    -0.001201,
  1629.150,     1.057293,   -17.405915,     0.002148,
  1629.200,     1.528701,   -14.983355,     0.003663,
  1629.250,     2.094218,   -11.998510,     0.006109,
  1629.300,     2.714124,    -8.593464,     0.004005,
  1629.350,     3.362958,    -5.354663,     0.003988,
  1629.400,     4.024276,    -3.324842,     0.001916,
  1629.450,     4.646732,    -2.418323,     0.007341,
  1629.500,     5.276404,    -1.744800,     0.011095,
  1629.550,     5.930595,    -1.435813,     0.004877,
  1629.600,     6.637012,    -2.146204,     0.006692,
  1629.650,     7.435072,    -3.579164,     0.007471,
  1629.700,     8.381589,    -5.007354,     0.009505,
  1629.750,     9.435967,    -6.289650,     0.006182,
  1629.800,    10.703941,    -7.321848,    -0.000532,
  1629.850,    12.212320,    -7.916487,    -0.002006,
  1629.900,    13.985952,    -8.401538,    -0.002494,
  1629.950,    15.998584,    -9.063405,    -0.002860,
  1630.000,    18.333820,    -9.528301,    -0.000759,
  1630.050,    21.039633,    -9.995554,    -0.001214,
  1630.100,    24.198621,   -11.552468,    -0.004462,
  1630.150,    27.864631,   -14.581446,    -0.009853,
  1630.200,    32.132260,   -18.110098,    -0.010508,
  1630.250,    36.996798,   -21.159664,    -0.013518,
  1630.300,    42.486802,   -23.552278,    -0.014040,
  1630.350,    48.444685,   -25.200944,    -0.013995,
  1630.400,    54.564834,   -25.526302,    -0.013320,
  1630.450,    60.278939,   -23.619052,    -0.011986,
  1630.500,    64.599508,   -18.819349,    -0.006686,
  1630.550,    65.982919,   -11.499617,    -0.010320,
  1630.600,    62.183520,    -3.149112,    -0.010050,
  1630.650,    49.996891,     4.452853,    -0.010531,
  1630.700,    25.607938,    10.046533,     0.000376,
  1630.750,   -15.005378,    13.060233,     0.003324,
  1630.800,   -74.952179,    13.620158,     0.002162,
  1630.850,  -154.791945,    12.157680,     0.008751,
  1630.900,  -250.471392,     9.274574,     0.010873,
  1630.950,  -351.794545,     5.856123,     0.005527,
  1631.000,  -442.180133,     2.993944,     0.004271,
  1631.050,  -500.685276,     1.406954,     0.000276,
  1631.100,  -506.693449,     1.309775,    -0.010625,
  1631.150,  -447.982311,     2.395546,    -0.004646,
  1631.200,  -327.919985,     3.763499,    -0.001392,
  1631.250,  -166.309150,     4.322650,     0.000861,
  1631.300,     7.867159,     3.926636,     0.002491,
  1631.350,   167.159187,     3.166550,    -0.000061,
  1631.400,   292.525004,     2.265575,    -0.006698,
  1631.450,   373.779096,     1.160862,    -0.012869,
  1631.500,   407.730086,     0.170592,    -0.021657,
  1631.550,   396.887529,    -0.376537,    -0.027221,
  1631.600,   349.710460,    -0.448203,    -0.029721,
  1631.650,   280.642086,    -0.184167,    -0.031044,
  1631.700,   206.327074,     0.207198,    -0.026303,
  1631.750,   139.231845,     0.439720,    -0.029230,
  1631.800,    83.922943,     0.576219,    -0.024869,
  1631.850,    39.583604,     0.828175,    -0.020184,
  1631.900,     5.836251,     1.151283,    -0.019761,
  1631.950,   -14.940981,     1.302174,    -0.021135,
  1632.000,   -21.300484,     1.393799,    -0.007000,
  1632.050,   -16.950177,     1.363982,    -0.011705,
  1632.100,    -9.432407,     0.892051,    -0.015025,
  1632.150,    -4.498745,    -0.002850,    -0.006992,
  1632.200,    -3.080500,    -0.749953,    -0.004209,
  1632.250,    -3.851449,    -0.775002,    -0.004130,
  1632.300,    -6.444049,    -0.086435,     0.000759,
  1632.350,   -11.091594,     0.719788,     0.001795,
  1632.400,   -16.896961,     0.976297,     0.001147,
  1632.450,   -22.029242,     0.479779,     0.000440,
  1632.500,   -25.114265,    -0.447088,     0.000568,
  1632.550,   -25.474443,    -1.509570,     0.005070,
  1632.600,   -22.665103,    -2.620741,     0.009610,
  1632.650,   -17.236505,    -3.634282,     0.004905,
  1632.700,   -10.993925,    -4.182021,     0.007147,
  1632.750,    -5.778939,    -3.906807,     0.006744,
  1632.800,    -2.386459,    -2.793900,     0.004371,
  1632.850,    -0.866621,    -1.227206,     0.004420,
  1632.900,    -1.201013,     0.409447,     0.004004,
  1632.950,    -2.977700,     1.757836,     0.004514,
  1633.000,    -5.470756,     2.638111,    -0.000802,
  1633.050,    -8.081692,     3.037544,     0.006106,
  1633.100,   -10.215995,     2.807701,     0.006442,
  1633.150,   -11.088006,     1.846147,     0.004560,
  1633.200,   -10.362762,     0.418482,     0.003725,
  1633.250,    -8.634611,    -0.781082,     0.002572,
  1633.300,    -6.604401,    -1.114038,     0.001004,
  1633.350,    -4.421891,    -0.548134,     0.003022,
  1633.400,    -2.310025,     0.372960,     0.000945,
  1633.450,    -0.947741,     1.093779,    -0.001831,
  1633.500,    -0.487836,     1.532629,    -0.000624,
  1633.550,    -0.233145,     1.931117,    -0.003017,
  1633.600,    -0.062577,     2.205702,    -0.004541,
  1633.650,    -0.479091,     2.028786,    -0.000131,
  1633.700,    -1.445374,     1.294591,    -0.004507,
  1633.750,    -2.430603,     0.509281,    -0.007919,
  1633.800,    -3.268698,     0.259539,    -0.009791,
  1633.850,    -3.916648,     0.637703,    -0.011088,
  1633.900,    -4.247863,     1.288410,    -0.009163,
  1633.950,    -4.442051,     1.735328,    -0.006606,
  1634.000,    -4.754210,     2.004661,    -0.009559,
  1634.050,    -5.005459,     2.524687,    -0.014262,
  1634.100,    -5.141404,     3.538086,    -0.011513,
  1634.150,    -5.778173,     4.817174,    -0.011193,
  1634.200,    -7.428948,     5.771806,    -0.008490,
  1634.250,    -9.579913,     5.894634,    -0.010481,
  1634.300,   -11.484762,     5.019867,    -0.010882,
  1634.350,   -12.919827,     3.374413,    -0.012726,
  1634.400,   -13.889838,     1.468931,    -0.009825,
  1634.450,   -14.095646,    -0.234864,    -0.011696,
  1634.500,   -13.038209,    -1.331142,    -0.007580,
  1634.550,   -10.298288,    -1.620024,    -0.007492,
  1634.600,    -6.008449,    -1.193751,    -0.009403,
  1634.650,    -1.000598,    -0.221375,    -0.007281,
  1634.700,     3.678819,     0.944310,     0.000609,
  1634.750,     7.228296,     1.802740,    -0.005180,
  1634.800,     9.190723,     2.103127,    -0.008559,
  1634.850,     9.499456,     1.980898,    -0.007488,
  1634.900,     8.431923,     1.834150,    -0.003260,
  1634.950,     6.459899,     1.554471,    -0.003850,
  1635.000,     4.073740,     0.849765,    -0.001550,
  1635.050,     1.946712,    -0.364628,    -0.006442,
  1635.100,     0.639592,    -1.647068,    -0.004633,
  1635.150,     0.339830,    -2.463542,     0.001159,
  1635.200,     0.870443,    -2.393592,    -0.001021,
  1635.250,     1.702340,    -1.539666,    -0.001652,
  1635.300,     2.167878,    -0.367061,    -0.000878,
  1635.350,     1.971273,     0.786164,    -0.003058,
  1635.400,     1.479273,     1.800347,    -0.000687,
  1635.450,     0.937519,     2.567745,    -0.002977,
  1635.500,     0.295985,     2.857418,    -0.002721,
  1635.550,    -0.305194,     2.729597,    -0.001829,
  1635.600,    -0.643745,     2.507415,    -0.005493,
  1635.650,    -0.668337,     2.725166,    -0.003649,
  1635.700,    -0.458348,     3.536522,     0.002764,
  1635.750,    -0.201166,     4.719953,     0.000112,
  1635.800,    -0.027730,     5.978758,    -0.000300,
  1635.850,     0.048937,     7.139484,     0.000022,
  1635.900,     0.173494,     8.018270,    -0.001267,
  1635.950,     0.355765,     8.408722,    -0.002706,
  1636.000,     0.480351,     8.099335,    -0.004821,
  1636.050,     0.545379,     6.992960,    -0.003865,
  1636.100,     0.559311,     5.083596,    -0.000743,
  1636.150,     0.307933,     2.715300,    -0.002167,
  1636.200,    -0.237820,     0.553834,     0.001013,
  1636.250,    -0.778152,    -0.974464,    -0.002168,
  1636.300,    -0.896773,    -1.866223,    -0.001831,
  1636.350,    -0.496898,    -2.360050,    -0.000484,
  1636.400,     0.082820,    -2.625182,     0.003947,
  1636.450,     0.361625,    -2.683920,     0.003383,
  1636.500,     0.124684,    -2.569406,     0.000199,
  1636.550,    -0.417478,    -2.462354,     0.000437,
  1636.600,    -1.025522,    -2.381856,     0.001996,
  1636.650,    -1.649375,    -2.249739,     0.002181,
  1636.700,    -2.207853,    -1.943175,    -0.003570,
  1636.750,    -2.544899,    -1.563875,    -0.003852,
  1636.800,    -2.432637,    -1.173989,    -0.001632,
  1636.850,    -1.774470,    -0.740138,    -0.002993,
  1636.900,    -0.788010,    -0.124872,    -0.000039,
  1636.950,     0.231416,     0.609759,    -0.002161,
  1637.000,     1.090080,     1.406203,    -0.005930,
  1637.050,     1.642630,     2.317221,    -0.001720,
  1637.100,     1.849264,     3.254949,    -0.001811,
  1637.150,     1.688115,     4.003688,    -0.004160,
  1637.200,     1.077234,     4.135708,    -0.006234,
  1637.250,     0.117399,     3.405202,    -0.005808,
  1637.300,    -0.766173,     1.985505,    -0.008089,
  1637.350,    -1.115981,     0.434592,    -0.003701,
  1637.400,    -0.782897,    -0.822254,     0.001442,
  1637.450,    -0.157120,    -1.575648,    -0.000771,
  1637.500,     0.343628,    -1.729813,    -0.004102,
  1637.550,     0.632327,    -1.255113,    -0.004222,
  1637.600,     0.868760,    -0.338612,    -0.003246,
  1637.650,     1.073040,     0.763632,    -0.003862,
  1637.700,     1.055145,     1.740224,    -0.010295,
  1637.750,     0.657927,     2.460679,    -0.005070,
  1637.800,     0.093126,     2.958997,    -0.005797,
  1637.850,    -0.146721,     3.299934,    -0.009418,
  1637.900,     0.029905,     3.385711,    -0.007470,
  1637.950,     0.438949,     3.162409,    -0.010245,
  1638.000,     0.759069,     2.824086,    -0.017258,
  1638.050,     0.906886,     2.523193,    -0.011656,
  1638.100,     1.097408,     2.167881,    -0.010999,
  1638.150,     1.629155,     1.673464,    -0.015187,
  1638.200,     2.383100,     1.097867,    -0.009469,
  1638.250,     3.000845,     0.595649,    -0.006494,
  1638.300,     3.158451,     0.267708,    -0.012177,
  1638.350,     2.689301,     0.215812,    -0.008251,
  1638.400,     1.670379,     0.300757,    -0.010941,
  1638.450,     0.477492,     0.210374,    -0.006507,
  1638.500,    -0.645863,    -0.234144,    -0.005255,
  1638.550,    -1.324688,    -0.859218,    -0.009127,
  1638.600,    -1.501746,    -1.345800,    -0.007320,
  1638.650,    -1.218502,    -1.384178,    -0.009281,
  1638.700,    -0.586267,    -1.020408,     0.001514,
  1638.750,     0.191279,    -0.342018,    -0.005220,
  1638.800,     0.834602,     0.725234,    -0.009543,
  1638.850,     1.108569,     2.078701,    -0.002331,
  1638.900,     1.066549,     3.398893,    -0.000241,
  1638.950,     0.965460,     4.392974,    -0.004810,
  1639.000,     0.819818,     4.958612,    -0.001972,
  1639.050,     0.433242,     5.103479,    -0.001553,
  1639.100,    -0.267675,     4.824185,    -0.002106,
  1639.150,    -1.130912,     3.945542,    -0.004349,
  1639.200,    -1.804972,     2.410317,     0.005999,
  1639.250,    -1.945475,     0.343592,     0.004410,
  1639.300,    -1.632509,    -1.854028,     0.001429,
  1639.350,    -1.139428,    -3.661547,     0.008984,
  1639.400,    -0.739188,    -4.850082,     0.006979,
  1639.450,    -0.511376,    -5.255514,     0.002984,
  1639.500,    -0.384478,    -4.758078,     0.002303,
  1639.550,    -0.376742,    -3.317165,     0.001851,
  1639.600,    -0.444003,    -1.240698,     0.006517,
  1639.650,    -0.317705,     1.045305,     0.005587,
  1639.700,     0.329724,     2.943423,     0.002194,
  1639.750,     1.538520,     4.244858,     0.006688,
  1639.800,     3.099976,     5.100088,     0.002496,
  1639.850,     4.569630,     5.546860,    -0.001371,
  1639.900,     5.651705,     5.334418,     0.003609,
  1639.950,     6.260163,     4.304736,     0.000266,
  1640.000,     6.253071,     2.511987,     0.002693,
  1640.050,     5.614717,     0.352506,     0.000777,
  1640.100,     4.390540,    -1.575325,    -0.003637,
  1640.150,     2.614479,    -2.746470,     0.000837,
  1640.200,     0.585371,    -3.031769,    -0.003865,
  1640.250,    -1.163855,    -2.697153,    -0.000690,
  1640.300,    -2.304852,    -2.044046,    -0.002734,
  1640.350,    -2.821516,    -1.309203,    -0.008763,
  1640.400,    -2.918076,    -0.531349,    -0.008342,
  1640.450,    -2.817605,     0.062713,    -0.007778,
  1640.500,    -2.578534,     0.293488,    -0.006209,
  1640.550,    -2.197297,     0.269254,    -0.009458,
  1640.600,    -1.806682,     0.404838,    -0.012302,
  1640.650,    -1.510066,     1.032106,    -0.010055,
  1640.700,    -1.301605,     2.062719,    -0.012235,
  1640.750,    -1.041523,     3.106748,    -0.013062,
  1640.800,    -0.754222,     3.840306,    -0.018327,
  1640.850,    -0.517827,     4.170689,    -0.016166,
  1640.900,    -0.215009,     4.128747,    -0.009956,
  1640.950,     0.167482,     3.825790,    -0.013097,
  1641.000,     0.637775,     3.105605,    -0.010790,
  1641.050,     1.190317,     1.919317,    -0.016847,
  1641.100,     1.794911,     0.499471,    -0.021026,
  1641.150,     2.471751,    -0.655401,    -0.011197,
  1641.200,     3.056213,    -1.180790,    -0.010163,
  1641.250,     3.306396,    -0.932680,    -0.014096,
  1641.300,     3.030517,     0.065962,    -0.015981,
  1641.350,     2.263476,     1.640657,    -0.010657,
  1641.400,     1.339193,     3.587384,    -0.005571,
  1641.450,     0.616869,     5.627009,    -0.011206,
  1641.500,     0.256983,     7.283995,    -0.005868,
  1641.550,     0.317296,     7.929273,    -0.002828,
  1641.600,     0.766997,     7.229707,    -0.004398,
  1641.650,     1.556176,     5.437746,    -0.002693,
  1641.700,     2.525185,     3.255428,    -0.005926,
  1641.750,     3.471032,     1.287893,    -0.001998,
  1641.800,     4.296962,    -0.430065,     0.004914,
  1641.850,     4.975392,    -1.912394,    -0.003742,
  1641.900,     5.641765,    -2.921142,    -0.003015,
  1641.950,     6.254018,    -3.164518,     0.001818,
  1642.000,     6.701494,    -2.711609,    -0.001311,
  1642.050,     7.165463,    -2.023525,    -0.001905,
  1642.100,     7.769530,    -1.612473,     0.004315,
  1642.150,     8.504182,    -1.626222,     0.000779,
  1642.200,     9.280631,    -1.895577,     0.000007,
  1642.250,    10.063481,    -2.231396,     0.000548,
  1642.300,    10.873129,    -2.317654,     0.004887,
  1642.350,    11.721987,    -1.902629,     0.004026,
  1642.400,    12.406903,    -0.786280,    -0.000214,
  1642.450,    12.583751,     1.129492,     0.000701,
  1642.500,    11.554465,     3.499094,     0.003519,
  1642.550,     8.503518,     5.749574,     0.008511,
  1642.600,     2.692712,     7.199591,     0.003029,
  1642.650,    -6.513314,     7.364164,     0.011502,
  1642.700,   -19.582889,     6.108811,     0.012341,
  1642.750,   -36.482914,     3.760737,     0.007639,
  1642.800,   -56.388272,     1.035424,    -0.001640,
  1642.850,   -76.867243,    -1.500944,     0.002231,
  1642.900,   -94.018868,    -3.580921,     0.007238,
  1642.950,  -103.276620,    -5.075783,     0.002267,
  1643.000,  -100.376078,    -5.654107,     0.003689,
  1643.050,   -82.992707,    -4.892246,    -0.000443,
  1643.100,   -52.216469,    -2.572867,    -0.002527,
  1643.150,   -12.746918,     0.931624,    -0.003061,
  1643.200,    28.285141,     4.734468,    -0.007805,
  1643.250,    63.578881,     7.863014,    -0.012065,
  1643.300,    88.020497,     9.581584,    -0.013741,
  1643.350,    99.707293,     9.571676,    -0.009028,
  1643.400,    99.252738,     7.899424,    -0.011431,
  1643.450,    88.597544,     4.949290,    -0.011522,
  1643.500,    70.698006,     1.389123,    -0.005446,
  1643.550,    49.406652,    -1.934049,    -0.011762,
  1643.600,    28.879171,    -4.311451,    -0.012372,
  1643.650,    12.270759,    -5.354010,    -0.012846,
  1643.700,     0.462811,    -5.268690,    -0.010965,
  1643.750,    -7.501102,    -4.557273,    -0.009935,
  1643.800,   -12.637561,    -3.695180,    -0.011513,
  1643.850,   -14.729813,    -2.738433,    -0.014767,
  1643.900,   -13.499612,    -1.598857,    -0.013834,
  1643.950,   -10.009713,    -0.426964,    -0.008236,
  1644.000,    -6.390799,     0.606600,    -0.008327,
  1644.050,    -4.394641,     1.409146,    -0.006752,
  1644.100,    -4.140744,     2.057791,    -0.004539,
  1644.150,    -4.772743,     2.602047,    -0.004744,
  1644.200,    -5.503011,     3.052287,    -0.011617,
  1644.250,    -6.258447,     3.248419,    -0.007173,
  1644.300,    -6.978893,     3.271796,    -0.009649,
  1644.350,    -7.401437,     3.133470,    -0.011487,
  1644.400,    -7.268051,     2.880073,    -0.007392,
  1644.450,    -6.441029,     2.369453,    -0.005036,
  1644.500,    -4.973709,     1.468208,     0.000668,
  1644.550,    -3.137277,     0.140516,    -0.003256,
  1644.600,    -1.396692,    -1.456805,    -0.001211,
  1644.650,     0.054564,    -3.080571,     0.000507,
  1644.700,     1.194872,    -4.479910,    -0.000080,
  1644.750,     2.032530,    -5.262017,     0.003626,
  1644.800,     2.442592,    -5.094079,    -0.003089,
  1644.850,     2.279125,    -3.856473,    -0.002111,
  1644.900,     1.723135,    -1.698483,    -0.001603,
  1644.950,     0.963884,     0.847717,    -0.006377,
  1645.000,     0.201779,     3.351845,    -0.011659,
  1645.050,    -0.434193,     5.478878,    -0.012979,
  1645.100,    -0.904066,     6.879348,    -0.013081,
  1645.150,    -1.295522,     7.193092,    -0.006719,
  1645.200,    -1.523560,     6.209300,    -0.013608,
  1645.250,    -1.349091,     4.192611,    -0.015290,
  1645.300,    -0.718459,     1.729110,    -0.006153,
  1645.350,     0.161585,    -0.502945,    -0.009729,
  1645.400,     1.144849,    -2.066343,    -0.011180,
  1645.450,     2.234475,    -2.800311,    -0.007972,
  1645.500,     3.417891,    -2.672023,    -0.007085,
  1645.550,     4.303534,    -1.756019,    -0.007149,
  1645.600,     4.454372,    -0.414681,    -0.004420,
  1645.650,     3.744871,     0.885057,    -0.003723,
  1645.700,     2.398535,     1.681047,    -0.007136,
  1645.750,     0.809004,     1.914041,     0.001075,
  1645.800,    -0.552403,     1.801556,    -0.004725,
  1645.850,    -1.565157,     1.604196,    -0.003595,
  1645.900,    -2.440523,     1.597945,     0.000127,
  1645.950,    -3.094178,     1.796716,     0.000884,
  1646.000,    -3.215299,     2.086455,     0.005352,
  1646.050,    -2.942103,     2.404416,     0.003336,
  1646.100,    -2.729375,     2.883028,     0.003064,
  1646.150,    -2.828312,     3.470125,     0.001696,
  1646.200,    -3.161168,     3.800494,    -0.004574,
  1646.250,    -3.561099,     3.519708,    -0.007146,
  1646.300,    -3.877519,     2.324408,    -0.007468,
  1646.350,    -3.909348,     0.377733,    -0.012325,
  1646.400,    -3.375689,    -1.639211,    -0.010803,
  1646.450,    -2.064997,    -3.273408,    -0.010696,
  1646.500,     0.018558,    -4.368732,    -0.000548,
  1646.550,     2.548686,    -4.902630,     0.002600,
  1646.600,     4.952497,    -4.539004,     0.005238,
  1646.650,     6.607200,    -2.895854,     0.006457,
  1646.700,     7.021485,    -0.051166,     0.000056,
  1646.750,     6.109700,     3.371334,    -0.004276,
  1646.800,     4.145581,     6.374152,    -0.010308,
  1646.850,     1.735740,     8.159886,    -0.003323,
  1646.900,    -0.565188,     8.407146,    -0.000533,
  1646.950,    -2.413457,     7.260378,     0.003418,
  1647.000,    -3.593901,     5.100806,     0.003884,
  1647.050,    -4.028601,     2.369490,    -0.008450,
  1647.100,    -3.462438,    -0.467867,    -0.012334,
  1647.150,    -1.789524,    -2.881076,    -0.006449,
  1647.200,     0.564549,    -4.160517,    -0.008618,
  1647.250,     2.918580,    -4.009448,    -0.005817,
  1647.300,     4.736459,    -2.728079,    -0.003285,
  1647.350,     5.690678,    -0.931201,    -0.008169,
  1647.400,     5.544801,     0.907262,    -0.010019,
  1647.450,     4.362036,     2.466837,    -0.010186,
  1647.500,     2.440241,     3.419829,    -0.005036,
  1647.550,     0.214520,     3.613173,    -0.003319,
  1647.600,    -1.829974,     2.940241,    -0.006010,
  1647.650,    -3.232738,     1.733533,    -0.011223,
  1647.700,    -3.796757,     0.600073,    -0.013799,
  1647.750,    -3.608557,     0.106117,    -0.004710,
  1647.800,    -3.040001,     0.398465,    -0.003851,
  1647.850,    -2.330549,     1.138148,    -0.008547,
  1647.900,    -1.635641,     1.833618,    -0.011926,
  1647.950,    -0.910300,     2.254569,    -0.007677,
  1648.000,    -0.149757,     2.366573,    -0.003193,
  1648.050,     0.470209,     2.160168,    -0.002313,
  1648.100,     0.786553,     1.678289,    -0.011741,
  1648.150,     1.016029,     1.088022,    -0.003742,
  1648.200,     1.253350,     0.468325,     0.002203,
  1648.250,     1.566046,    -0.085080,    -0.003438,
  1648.300,     1.817528,    -0.424321,    -0.006459,
  1648.350,     1.892072,    -0.445310,    -0.000406,
  1648.400,     1.719910,    -0.052121,     0.005360,
  1648.450,     1.381370,     0.676347,    -0.005637,
  1648.500,     0.942791,     1.592305,    -0.002137,
  1648.550,     0.304359,     2.568017,     0.001828,
  1648.600,    -0.606119,     3.345554,     0.002824,
  1648.650,    -1.609937,     3.660376,    -0.000140,
  1648.700,    -2.557020,     3.156357,     0.004216,
  1648.750,    -3.167353,     1.812877,     0.008767,
  1648.800,    -3.404317,     0.100915,    -0.001488,
  1648.850,    -3.053022,    -1.311793,     0.004207,
  1648.900,    -2.077811,    -1.930688,     0.002815,
  1648.950,    -0.645302,    -1.794235,    -0.001764,
  1649.000,     0.952441,    -1.199253,     0.003132,
  1649.050,     2.398753,    -0.342031,     0.004346,
  1649.100,     3.504310,     0.771827,     0.001026,
  1649.150,     4.093034,     1.928787,     0.002695,
  1649.200,     4.056481,     2.813558,    -0.000224,
  1649.250,     3.353914,     3.133130,    -0.004344,
  1649.300,     2.134219,     2.861016,     0.008225,
  1649.350,     0.731392,     2.236333,    -0.001230,
  1649.400,    -0.551022,     1.521251,    -0.004698,
  1649.450,    -1.468695,     0.906289,    -0.000877,
  1649.500,    -1.891808,     0.542241,    -0.005724,
  1649.550,    -1.780511,     0.529363,    -0.006748,
  1649.600,    -1.161165,     0.919639,    -0.006995,
  1649.650,    -0.367503,     1.593277,    -0.006491,
  1649.700,     0.322200,     2.286626,    -0.002652,
  1649.750,     0.813830,     2.769640,    -0.011409,
  1649.800,     1.031800,     2.829136,    -0.010484,
  1649.850,     1.043209,     2.390700,    -0.006167,
  1649.900,     0.953493,     1.623867,    -0.010494,
  1649.950,     0.939262,     0.734181,    -0.015510,
  1650.000,     1.060422,     0.053056,    -0.015478,
  1650.050,     1.328587,    -0.300182,    -0.013045,
  1650.100,     1.651560,    -0.330311,    -0.012730,
  1650.150,     2.040962,     0.160527,    -0.010654,
  1650.200,     2.375563,     1.115636,    -0.013763,
  1650.250,     2.482477,     2.248310,    -0.014832,
  1650.300,     2.105476,     3.317872,    -0.010069,
  1650.350,     1.141411,     4.218050,    -0.010389,
  1650.400,    -0.275843,     4.802698,    -0.014727,
  1650.450,    -1.728907,     4.799560,    -0.012877,
  1650.500,    -2.746761,     3.937437,    -0.008386,
  1650.550,    -3.265283,     2.234988,    -0.015942,
  1650.600,    -3.329208,     0.093360,    -0.013752,
  1650.650,    -2.906850,    -1.962899,    -0.013782,
  1650.700,    -1.822851,    -3.475688,    -0.013999,
  1650.750,    -0.055250,    -4.036231,    -0.005458,
  1650.800,     2.052679,    -3.473809,    -0.000174,
  1650.850,     3.868809,    -1.886582,    -0.008095,
  1650.900,     4.975519,     0.126319,    -0.005556,
  1650.950,     5.060987,     1.818449,    -0.006271,
  1651.000,     4.129343,     2.693813,    -0.000183,
  1651.050,     2.574487,     2.733047,     0.000197,
  1651.100,     0.739332,     2.152289,     0.001056,
  1651.150,    -1.110272,     1.258361,     0.000072,
  1651.200,    -2.517251,     0.158188,    -0.001079,
  1651.250,    -3.194944,    -0.942973,     0.003581,
  1651.300,    -3.002259,    -1.804075,     0.005335,
  1651.350,    -2.105211,    -2.231281,     0.005236,
  1651.400,    -0.878986,    -2.134919,     0.005367,
  1651.450,     0.331845,    -1.592647,     0.002533,
  1651.500,     1.281327,    -0.586536,     0.000665,
  1651.550,     1.936586,     0.569924,    -0.000022,
  1651.600,     2.220708,     1.485851,     0.005349,
  1651.650,     2.087337,     1.863712,     0.002787,
  1651.700,     1.686490,     1.731539,     0.005747,
  1651.750,     1.206875,     1.275343,     0.006110,
  1651.800,     1.016231,     0.735871,     0.002485,
  1651.850,     1.236034,     0.323951,    -0.000300,
  1651.900,     1.649162,     0.344839,     0.002559,
  1651.950,     1.911260,     0.881324,     0.001197,
  1652.000,     1.879318,     1.640736,     0.005560,
  1652.050,     1.497735,     2.277143,    -0.001426,
  1652.100,     0.911264,     2.580827,     0.004023,
  1652.150,     0.223358,     2.568938,    -0.003782,
  1652.200,    -0.396653,     2.170394,    -0.011399,
  1652.250,    -0.848478,     1.352140,    -0.006811,
  1652.300,    -1.135804,     0.204674,    -0.011688,
  1652.350,    -1.248910,    -0.882404,    -0.013568,
  1652.400,    -1.166034,    -1.414204,    -0.011780,
  1652.450,    -0.797504,    -1.075575,    -0.011293,
  1652.500,    -0.224199,     0.051595,    -0.016130,
  1652.550,     0.457829,     1.459865,    -0.017202,
  1652.600,     1.120832,     2.605237,    -0.012452,
  1652.650,     1.661068,     3.283422,    -0.013284,
  1652.700,     1.953522,     3.466495,    -0.019831,
  1652.750,     1.764916,     3.142623,    -0.016426,
  1652.800,     1.040112,     2.283277,    -0.011363,
  1652.850,     0.032841,     0.979266,    -0.019083,
  1652.900,    -0.821203,    -0.404800,    -0.016272,
  1652.950,    -1.158193,    -1.550247,    -0.016537,
  1653.000,    -0.947003,    -2.182721,    -0.019305,
  1653.050,    -0.413231,    -2.153554,    -0.013328,
  1653.100,     0.264382,    -1.634214,    -0.009108,
  1653.150,     0.962696,    -0.797085,    -0.006664,
  1653.200,     1.596658,     0.248118,    -0.008266,
  1653.250,     1.974574,     1.459119,    -0.009073,
  1653.300,     1.967373,     2.663853,    -0.011100,
  1653.350,     1.618350,     3.522087,    -0.008352,
  1653.400,     1.139587,     3.822955,    -0.005362,
  1653.450,     0.668308,     3.637938,    -0.007246,
  1653.500,     0.366149,     3.161850,     0.002445,
  1653.550,     0.306566,     2.520111,     0.001628,
  1653.600,     0.533941,     1.814874,    -0.001220,
  1653.650,     0.969024,     1.234400,    -0.004108,
  1653.700,     1.516583,     0.964248,     0.000180,
  1653.750,     2.097524,     1.153447,     0.002064,
  1653.800,     2.552427,     1.694563,    -0.002298,
  1653.850,     2.714569,     2.303654,     0.004136,
  1653.900,     2.523449,     2.495366,    -0.000343,
  1653.950,     2.119519,     2.154924,     0.004364,
  1654.000,     1.656780,     1.370564,     0.009025,
  1654.050,     1.326016,     0.382061,     0.004704,
  1654.100,     1.231889,    -0.531363,     0.002422,
  1654.150,     1.347900,    -1.062805,     0.007043,
  1654.200,     1.730552,    -1.035515,     0.003920,
  1654.250,     2.423839,    -0.385731,     0.000583,
  1654.300,     3.236850,     0.691815,     0.002816,
  1654.350,     3.876630,     1.933382,     0.004830,
  1654.400,     4.155058,     3.167818,     0.002136,
  1654.450,     3.796710,     4.040509,     0.004752,
  1654.500,     2.484424,     4.375167,    -0.000272,
  1654.550,    -0.052979,     4.107046,    -0.002760,
  1654.600,    -3.917693,     3.441271,    -0.001664,
  1654.650,    -8.893364,     2.591825,    -0.005661,
  1654.700,   -14.430010,     1.536290,    -0.003609,
  1654.750,   -19.606662,     0.339489,    -0.004046,
  1654.800,   -23.317312,    -0.839023,    -0.005820,
  1654.850,   -24.327269,    -1.675263,    -0.007553,
  1654.900,   -21.763343,    -1.996982,    -0.010348,
  1654.950,   -15.495675,    -1.820432,    -0.007936,
  1655.000,    -6.364382,    -1.270407,    -0.010476,
  1655.050,     4.012276,    -0.493290,    -0.011759,
  1655.100,    13.738522,     0.607018,    -0.011386,
  1655.150,    21.110349,     1.841395,    -0.011883,
  1655.200,    25.097946,     2.976855,    -0.011020,
  1655.250,    25.505036,     3.762788,    -0.012705,
  1655.300,    22.813966,     4.141734,    -0.006193,
  1655.350,    17.929665,     4.145293,    -0.012055,
  1655.400,    11.912050,     3.864822,    -0.012604,
  1655.450,     5.844391,     3.244388,    -0.011392,
  1655.500,     0.746601,     2.195073,    -0.009017,
  1655.550,    -2.613874,     0.900733,    -0.013044,
  1655.600,    -4.270866,    -0.429988,    -0.010189,
  1655.650,    -4.863873,    -1.408666,    -0.007507,
  1655.700,    -4.989784,    -1.807847,    -0.007001,
  1655.750,    -4.832380,    -1.769096,    -0.011173,
  1655.800,    -4.172097,    -1.473016,    -0.014107,
  1655.850,    -3.150911,    -1.085380,    -0.005494,
  1655.900,    -2.025086,    -0.577102,    -0.010478,
  1655.950,    -1.207170,     0.080463,    -0.007837,
  1656.000,    -0.697801,     0.942668,    -0.008165,
  1656.050,    -0.308690,     1.876642,    -0.002535,
  1656.100,    -0.056517,     2.847501,     0.001208,
  1656.150,     0.019987,     3.721898,    -0.000305,
  1656.200,    -0.083776,     4.248206,    -0.002772,
  1656.250,    -0.342017,     4.202214,     0.000954,
  1656.300,    -0.731373,     3.353246,    -0.000430,
  1656.350,    -1.168068,     1.916903,     0.003555,
  1656.400,    -1.477889,     0.319465,     0.003438,
  1656.450,    -1.431829,    -1.015867,    -0.000370,
  1656.500,    -0.843371,    -1.926385,    -0.001834,
  1656.550,     0.107908,    -2.433142,     0.001033,
  1656.600,     1.216617,    -2.618615,    -0.002827,
  1656.650,     2.121388,    -2.587156,     0.006886,
  1656.700,     2.582111,    -2.401076,     0.000675,
  1656.750,     2.593585,    -2.161640,     0.001135,
  1656.800,     2.205451,    -1.677688,    -0.003955,
  1656.850,     1.479943,    -0.860168,    -0.005979,
  1656.900,     0.465878,     0.249309,     0.002813,
  1656.950,    -0.562236,     1.487038,    -0.002291,
  1657.000,    -1.413318,     2.530050,    -0.003958,
  1657.050,    -1.938723,     3.091155,    -0.004873,
  1657.100,    -1.953129,     3.094993,    -0.004184,
  1657.150,    -1.557536,     2.552871,    -0.004762,
  1657.200,    -0.867703,     1.766720,    -0.002435,
  1657.250,     0.016745,     0.884781,     0.000767,
  1657.300,     0.993906,     0.133546,    -0.003179,
  1657.350,     1.976602,    -0.366438,    -0.003894,
  1657.400,     2.777969,    -0.600281,    -0.002863,
  1657.450,     3.149903,    -0.555912,    -0.002640,
  1657.500,     3.013215,    -0.281646,    -0.001471,
  1657.550,     2.476709,     0.095342,    -0.006380,
  1657.600,     1.658067,     0.421960,    -0.005686,
  1657.650,     0.765723,     0.527875,    -0.010549,
  1657.700,     0.041209,     0.364514,    -0.000697,
  1657.750,    -0.401923,     0.217246,    -0.005218,
  1657.800,    -0.494452,     0.330583,    -0.006249,
  1657.850,    -0.261310,     0.759865,    -0.007889,
  1657.900,     0.179560,     1.271932,    -0.007054,
  1657.950,     0.527813,     1.754661,    -0.012863,
  1658.000,     0.508871,     2.053071,    -0.004195,
  1658.050,     0.074255,     2.051475,    -0.008187,
  1658.100,    -0.582006,     1.749968,    -0.003786,
  1658.150,    -1.238604,     1.257728,    -0.000082,
  1658.200,    -1.659442,     0.738166,    -0.001779,
  1658.250,    -1.664118,     0.284834,    -0.006363,
  1658.300,    -1.155636,    -0.112484,    -0.003634,
  1658.350,    -0.202224,    -0.434638,    -0.008219,
  1658.400,     1.065740,    -0.599247,    -0.004573,
  1658.450,     2.425110,    -0.513607,    -0.007617,
  1658.500,     3.538726,    -0.238587,    -0.005243,
  1658.550,     4.089193,     0.133237,     0.000057,
  1658.600,     3.974097,     0.732043,    -0.000805,
  1658.650,     3.217092,     1.685146,    -0.000350,
  1658.700,     2.101877,     3.120261,    -0.002598,
  1658.750,     0.786006,     4.878546,     0.000288,
  1658.800,    -0.521505,     6.469332,     0.002258,
  1658.850,    -1.657655,     7.482532,    -0.003941,
  1658.900,    -2.444047,     7.620730,    -0.002902,
  1658.950,    -2.679750,     6.938656,    -0.005050,
  1659.000,    -2.321072,     5.741972,    -0.007952,
  1659.050,    -1.489221,     4.359323,    -0.004908,
  1659.100,    -0.362371,     2.981788,    -0.009082,
  1659.150,     0.887058,     1.775527,    -0.005759,
  1659.200,     2.079437,     0.980509,    -0.003262,
  1659.250,     2.976292,     0.699717,    -0.006995,
  1659.300,     3.360447,     0.885243,    -0.012647,
  1659.350,     3.204051,     1.351445,    -0.011101,
  1659.400,     2.657085,     1.931611,    -0.008411,
  1659.450,     1.854728,     2.507167,    -0.005238,
  1659.500,     0.991152,     3.134061,    -0.005967,
  1659.550,     0.041152,     3.689834,    -0.009100,
  1659.600,    -0.848782,     3.875714,    -0.005011,
  1659.650,    -1.525773,     3.622396,    -0.004768,
  1659.700,    -1.909257,     3.076737,    -0.003740,
  1659.750,    -1.923141,     2.395314,    -0.002051,
  1659.800,    -1.626736,     1.571273,    -0.005607,
  1659.850,    -1.207350,     0.503013,    -0.004861,
  1659.900,    -0.742226,    -0.738879,    -0.002107,
  1659.950,    -0.298659,    -1.913048,    -0.002968,
  1660.000,     0.197539,    -2.798245,    -0.004444,
  1660.050,     0.702401,    -3.224781,    -0.000115,
  1660.100,     1.274540,    -3.221053,     0.000288,
  1660.150,     1.869138,    -2.804620,    -0.001937,
  1660.200,     2.424179,    -2.148245,     0.001507,
  1660.250,     2.762339,    -1.410656,     0.000738,
  1660.300,     2.667353,    -0.797256,    -0.000196,
  1660.350,     2.091587,    -0.388298,    -0.000568,
  1660.400,     1.082225,    -0.171309,     0.006397,
  1660.450,    -0.081406,    -0.143347,     0.001530,
  1660.500,    -1.127066,    -0.234229,     0.000135,
  1660.550,    -1.904782,    -0.228577,     0.000821,
  1660.600,    -2.368127,     0.068801,    -0.003354,
  1660.650,    -2.568611,     0.701912,     0.003251,
  1660.700,    -2.510831,     1.453997,     0.001211,
  1660.750,    -2.199785,     1.984452,    -0.001541,
  1660.800,    -1.755566,     2.009002,    -0.005051,
  1660.850,    -1.075323,     1.682645,    -0.003536,
  1660.900,    -0.209858,     1.189318,    -0.001506,
  1660.950,     0.787906,     0.793602,    -0.007277,
  1661.000,     1.789148,     0.557561,    -0.009212,
  1661.050,     2.528454,     0.544060,    -0.005610,
  1661.100,     2.823362,     0.916237,    -0.006533,
  1661.150,     2.560975,     1.670847,    -0.006440,
  1661.200,     1.874826,     2.608497,    -0.005911,
  1661.250,     0.958369,     3.331257,    -0.008334,
  1661.300,     0.066964,     3.644647,    -0.014842,
  1661.350,    -0.635411,     3.527449,    -0.007562,
  1661.400,    -1.028929,     3.179844,    -0.003557,
  1661.450,    -1.113450,     2.787319,    -0.009099,
  1661.500,    -0.899070,     2.367567,    -0.009434,
  1661.550,    -0.475597,     1.812792,    -0.006707,
  1661.600,    -0.001587,     1.181724,    -0.008538,
  1661.650,     0.365365,     0.711117,    -0.005568,
  1661.700,     0.504204,     0.530947,    -0.005722,
  1661.750,     0.393272,     0.488361,    -0.007133,
  1661.800,     0.224428,     0.321276,    -0.007856,
  1661.850,     0.244936,    -0.099044,    -0.004447,
  1661.900,     0.472961,    -0.638216,    -0.005604,
  1661.950,     0.834835,    -1.168492,    -0.004016,
  1662.000,     1.219618,    -1.642323,    -0.008743,
  1662.050,     1.483115,    -2.128541,    -0.004778,
  1662.100,     1.600947,    -2.609287,    -0.004280,
  1662.150,     1.428290,    -2.854005,     0.000076,
  1662.200,     1.007231,    -2.758244,     0.000750,
  1662.250,     0.432989,    -2.142191,    -0.001518,
  1662.300,    -0.191112,    -1.104436,    -0.002287,
  1662.350,    -0.772532,     0.149055,    -0.004149,
  1662.400,    -1.182987,     1.298726,     0.004311,
  1662.450,    -1.374941,     2.152069,     0.005326,
  1662.500,    -1.271069,     2.652522,    -0.001748,
  1662.550,    -0.928867,     2.712479,     0.000618,
  1662.600,    -0.377264,     2.335582,     0.002289,
  1662.650,     0.399079,     1.505367,    -0.001909,
  1662.700,     1.438111,     0.331977,     0.000845,
  1662.750,     2.665646,    -0.850503,     0.000224,
  1662.800,     3.938475,    -1.663087,    -0.000224,
  1662.850,     4.859883,    -1.851653,    -0.004378,
  1662.900,     5.199639,    -1.462013,    -0.002301,
  1662.950,     4.809605,    -0.657694,     0.000174,
  1663.000,     3.854305,     0.470056,    -0.004264,
  1663.050,     2.603147,     1.611680,    -0.002237,
  1663.100,     1.353482,     2.417804,    -0.008087,
  1663.150,     0.332022,     2.618604,    -0.006035,
  1663.200,    -0.308175,     2.236875,    -0.006193,
  1663.250,    -0.507936,     1.566728,    -0.006936,
  1663.300,    -0.334969,     0.909070,    -0.004960,
  1663.350,     0.142250,     0.335290,    -0.006520,
  1663.400,     0.715731,    -0.128584,    -0.012334,
  1663.450,     1.233404,    -0.489109,    -0.005751,
  1663.500,     1.649839,    -0.683536,    -0.007308,
  1663.550,     1.971242,    -0.652590,    -0.009438,
  1663.600,     2.183701,    -0.385626,    -0.007224,
  1663.650,     2.172078,    -0.017839,    -0.007422,
  1663.700,     1.959472,     0.444444,    -0.009189,
  1663.750,     1.621932,     0.892524,    -0.013360,
  1663.800,     1.298019,     1.193859,    -0.005352,
  1663.850,     0.888865,     1.264822,    -0.005475,
  1663.900,     0.296218,     1.118718,    -0.009432,
  1663.950,    -0.523647,     0.847465,    -0.001819,
  1664.000,    -1.384130,     0.643507,    -0.007086,
  1664.050,    -2.061590,     0.751317,    -0.006235,
  1664.100,    -2.457312,     1.032894,    -0.008018,
  1664.150,    -2.497410,     1.532328,    -0.006883,
  1664.200,    -2.218415,     2.102100,    -0.004137,
  1664.250,    -1.775719,     2.741598,    -0.003347,
  1664.300,    -1.251148,     3.404021,    -0.002517,
  1664.350,    -0.707457,     3.894127,    -0.007376,
  1664.400,    -0.262876,     4.234944,    -0.002049,
  1664.450,     0.082842,     4.445565,     0.000595,
  1664.500,     0.257050,     4.695064,    -0.002334,
  1664.550,     0.335356,     4.922722,    -0.002895,
  1664.600,     0.343067,     5.032285,     0.003731,
  1664.650,     0.418032,     5.117767,     0.002965,
  1664.700,     0.582930,     5.328032,     0.002132,
  1664.750,     0.783955,     5.959065,    -0.001320,
  1664.800,     0.916546,     6.803674,    -0.000422,
  1664.850,     0.857487,     7.490072,     0.002448,
  1664.900,     0.722098,     7.701104,    -0.000083,
  1664.950,     0.555041,     7.466733,     0.002739,
  1665.000,     0.427074,     7.052562,     0.003435,
  1665.050,     0.409008,     6.525639,    -0.001018,
  1665.100,     0.540472,     5.904659,    -0.003245,
  1665.150,     0.784925,     5.249139,    -0.006130,
  1665.200,     1.192311,     4.756499,    -0.005689,
  1665.250,     1.648218,     4.576828,    -0.002427,
  1665.300,     1.995863,     4.564673,    -0.004357,
  1665.350,     2.095249,     4.464241,    -0.004959,
  1665.400,     1.886905,     4.136214,    -0.001526,
  1665.450,     1.620513,     3.484737,    -0.001132,
  1665.500,     1.402664,     2.536612,    -0.008460,
  1665.550,     1.247171,     1.379757,    -0.006090,
  1665.600,     1.041848,     0.066283,    -0.003468,
  1665.650,     0.780537,    -1.190168,    -0.010152,
  1665.700,     0.555482,    -2.290469,    -0.009385,
  1665.750,     0.457618,    -3.057807,    -0.004807,
  1665.800,     0.392258,    -3.343942,    -0.010242,
  1665.850,     0.258918,    -3.233995,    -0.012746,
  1665.900,    -0.097526,    -2.801798,    -0.003446,
  1665.950,    -0.492977,    -2.240085,    -0.010175,
  1666.000,    -0.808407,    -1.840208,    -0.010943,
  1666.050,    -1.055473,    -1.816641,    -0.011609,
  1666.100,    -1.189565,    -2.159055,    -0.012889,
  1666.150,    -1.266100,    -2.810039,    -0.007305,
  1666.200,    -1.230615,    -3.625061,    -0.008129,
  1666.250,    -1.026191,    -4.496968,    -0.006659,
  1666.300,    -0.596567,    -5.200080,    -0.006980,
  1666.350,    -0.051995,    -5.598534,    -0.001680,
  1666.400,     0.407324,    -5.491304,    -0.006856,
  1666.450,     0.530759,    -4.919563,    -0.004584,
  1666.500,     0.184576,    -4.049773,    -0.006717,
  1666.550,    -0.640165,    -3.068452,    -0.006222,
  1666.600,    -1.813891,    -2.156278,    -0.002008,
  1666.650,    -3.147424,    -1.446474,    -0.001411,
  1666.700,    -4.329563,    -1.194588,     0.004503,
  1666.750,    -5.084389,    -1.559614,     0.000840,
  1666.800,    -5.026516,    -2.610727,     0.002783,
  1666.850,    -3.925133,    -4.017934,    -0.000776,
  1666.900,    -1.771141,    -5.278189,    -0.002992,
  1666.950,     0.990112,    -5.879807,     0.006839,
  1667.000,     3.745014,    -5.673035,    -0.001522,
  1667.050,     5.982542,    -4.734952,    -0.003241,
  1667.100,     7.267521,    -3.323569,    -0.003234,
  1667.150,     7.487524,    -1.801270,     0.000504,
  1667.200,     6.582166,    -0.609589,    -0.000354,
  1667.250,     4.772208,     0.036913,    -0.006673,
  1667.300,     2.611744,     0.033841,    -0.000628,
  1667.350,     0.571353,    -0.348014,     0.003983,
  1667.400,    -1.042599,    -0.789643,    -0.001640,
  1667.450,    -2.045597,    -0.890134,    -0.005671,
  1667.500,    -2.483477,    -0.600818,    -0.003235,
  1667.550,    -2.521042,    -0.031359,    -0.004627,
  1667.600,    -2.274018,     0.591116,    -0.008577,
  1667.650,    -1.900376,     1.222721,    -0.009851,
  1667.700,    -1.328264,     1.755580,    -0.001851,
  1667.750,    -0.677423,     2.199291,    -0.001872,
  1667.800,    -0.055691,     2.543486,    -0.008672,
  1667.850,     0.419166,     2.887557,    -0.006253,
  1667.900,     0.611562,     3.308350,    -0.010131,
  1667.950,     0.601956,     3.920214,    -0.010099,
  1668.000,     0.464985,     4.728247,    -0.009540,
  1668.050,     0.332279,     5.719417,    -0.009251,
  1668.100,     0.306814,     6.709065,    -0.007399,
  1668.150,     0.358722,     7.467423,    -0.009374,
  1668.200,     0.539287,     7.970446,    -0.013397,
  1668.250,     0.758912,     8.313012,    -0.008916,
  1668.300,     1.048912,     8.562235,    -0.006777,
  1668.350,     1.449838,     8.631434,    -0.007841,
  1668.400,     1.872292,     8.193162,    -0.003158,
  1668.450,     2.287232,     7.142518,    -0.003438,
  1668.500,     2.665213,     5.719724,    -0.006323,
  1668.550,     2.982962,     4.280513,    -0.003102,
  1668.600,     3.181183,     3.139489,    -0.005502,
  1668.650,     3.220072,     2.404705,    -0.003316,
  1668.700,     3.060424,     2.141270,    -0.004736,
  1668.750,     2.922269,     2.421571,    -0.002020,
  1668.800,     2.976410,     3.134096,    -0.001057,
  1668.850,     3.211518,     4.018293,    -0.004250,
  1668.900,     3.432797,     4.675298,    -0.001672,
  1668.950,     3.476204,     4.926007,     0.003131,
  1669.000,     3.325655,     4.776860,     0.006340,
  1669.050,     3.135746,     4.290919,     0.005644,
  1669.100,     2.943306,     3.477075,     0.007829,
  1669.150,     2.777170,     2.435359,     0.008113,
  1669.200,     2.558546,     1.399322,     0.000263,
  1669.250,     2.456749,     0.704683,     0.001037,
  1669.300,     2.474243,     0.384288,     0.002041,
  1669.350,     2.552290,     0.402077,    -0.001706,
  1669.400,     2.478013,     0.480567,     0.001532,
  1669.450,     2.147620,     0.503144,    -0.005023,
  1669.500,     1.581922,     0.467499,    -0.006732,
  1669.550,     0.838260,     0.427364,    -0.006741,
  1669.600,    -0.014442,     0.342480,    -0.004645,
  1669.650,    -0.861640,     0.136505,    -0.003201,
  1669.700,    -1.616405,    -0.118072,    -0.005164,
  1669.750,    -2.157103,    -0.314044,    -0.003429,
  1669.800,    -2.440160,    -0.345427,    -0.008589,
  1669.850,    -2.469782,    -0.283695,    -0.010973,
  1669.900,    -2.316564,    -0.104249,    -0.010254,
  1669.950,    -2.081287,     0.193024,    -0.008518,
  1670.000,    -1.802172,     0.620873,    -0.015732,
  1670.050,    -1.623310,     1.022045,    -0.007606,
  1670.100,    -1.612185,     1.255514,    -0.016765,
  1670.150,    -1.763215,     1.085880,    -0.014305,
  1670.200,    -1.997783,     0.484390,    -0.010917,
  1670.250,    -2.245264,    -0.519557,    -0.012315,
  1670.300,    -2.427010,    -1.744034,    -0.006925,
  1670.350,    -2.576501,    -3.052837,    -0.009582,
  1670.400,    -2.543684,    -4.192625,    -0.010139,
  1670.450,    -2.391396,    -4.871893,    -0.006214,
  1670.500,    -2.095293,    -4.825682,    -0.004210,
  1670.550,    -1.782849,    -4.000582,    -0.001257,
  1670.600,    -1.458718,    -2.658568,    -0.003721,
  1670.650,    -1.191500,    -1.071755,    -0.007336,
  1670.700,    -1.059847,     0.485978,    -0.002684,
  1670.750,    -1.090766,     1.894552,    -0.001593,
  1670.800,    -1.410320,     2.933516,    -0.004830,
  1670.850,    -1.998965,     3.411537,    -0.006372,
  1670.900,    -2.767330,     3.192661,    -0.001944,
  1670.950,    -3.317296,     2.448630,     0.006741,
  1671.000,    -3.449088,     1.430026,    -0.002597,
  1671.050,    -3.026318,     0.408478,    -0.000251,
  1671.100,    -2.137555,    -0.451436,     0.001601,
  1671.150,    -1.072538,    -0.960817,    -0.002667,
  1671.200,    -0.018342,    -1.060193,     0.004151,
  1671.250,     0.678782,    -0.663694,     0.002856,
  1671.300,     0.947861,     0.062822,     0.004271,
  1671.350,     0.742121,     0.883004,     0.007951,
  1671.400,     0.225314,     1.683465,     0.000234,
  1671.450,    -0.292691,     2.433776,    -0.001235,
  1671.500,    -0.596067,     3.137004,     0.001133,
  1671.550,    -0.587176,     3.789860,    -0.000654,
  1671.600,    -0.309295,     4.497620,    -0.005174,
  1671.650,     0.135530,     5.222535,    -0.003818,
  1671.700,     0.631900,     5.901816,    -0.000145,
  1671.750,     1.105970,     6.195639,    -0.001018,
  1671.800,     1.512527,     5.981187,    -0.000207,
  1671.850,     1.811848,     5.335014,    -0.007491,
  1671.900,     2.109222,     4.410735,    -0.005097,
  1671.950,     2.439387,     3.321650,    -0.008696,
  1672.000,     2.842984,     2.132569,    -0.010505,
  1672.050,     3.426232,     0.935982,    -0.006302,
  1672.100,     4.080971,    -0.097018,    -0.009714,
  1672.150,     4.714295,    -0.778452,    -0.009147,
  1672.200,     5.108664,    -1.038260,    -0.009455,
  1672.250,     5.199885,    -0.783239,    -0.013380,
  1672.300,     5.058877,     0.004783,    -0.012073,
  1672.350,     4.872987,     1.387401,    -0.011453,
  1672.400,     4.636839,     3.077046,    -0.011517,
  1672.450,     4.296103,     4.595813,    -0.014272,
  1672.500,     3.602641,     5.531017,    -0.006495,
  1672.550,     2.718219,     5.600975,    -0.011341,
  1672.600,     1.844841,     4.902975,    -0.014590,
  1672.650,     1.277075,     3.582044,    -0.010272,
  1672.700,     0.973382,     1.961807,    -0.007978,
  1672.750,     0.978504,     0.388899,    -0.003798,
  1672.800,     1.356705,    -0.792903,    -0.005388,
  1672.850,     2.021430,    -1.559035,    -0.008080,
  1672.900,     2.787267,    -1.835454,    -0.006131,
  1672.950,     3.353602,    -1.664866,    -0.002152,
  1673.000,     3.536150,    -1.176190,    -0.006308,
  1673.050,     3.310067,    -0.496011,    -0.001631,
  1673.100,     2.768986,     0.210725,     0.004653,
  1673.150,     1.990298,     0.794993,    -0.000496,
  1673.200,     1.045175,     1.214705,     0.002621,
  1673.250,     0.174151,     1.474065,     0.000873,
  1673.300,    -0.466656,     1.639771,     0.000747,
  1673.350,    -0.682754,     1.766697,     0.004962,
  1673.400,    -0.578547,     1.904042,     0.003581,
  1673.450,    -0.374864,     2.052326,     0.000846,
  1673.500,    -0.218380,     2.186667,    -0.002024,
  1673.550,    -0.174984,     2.189667,     0.004419,
  1673.600,    -0.209268,     2.027777,    -0.001036,
  1673.650,    -0.348105,     1.665004,     0.002674,
  1673.700,    -0.595984,     1.127236,    -0.000294,
  1673.750,    -0.843942,     0.401514,     0.003326,
  1673.800,    -1.027558,    -0.456556,    -0.000580,
  1673.850,    -1.120353,    -1.329903,    -0.001233,
  1673.900,    -1.127785,    -2.109243,     0.001509,
  1673.950,    -1.113103,    -2.672158,     0.001489,
  1674.000,    -1.065696,    -2.853025,    -0.001132,
  1674.050,    -1.008383,    -2.533091,    -0.000741,
  1674.100,    -1.008269,    -1.651755,    -0.005709,
  1674.150,    -1.116169,    -0.453523,    -0.009499,
  1674.200,    -1.473377,     0.815121,    -0.007965,
  1674.250,    -2.066632,     1.977493,    -0.009415,
  1674.300,    -2.849119,     2.902698,    -0.008150,
  1674.350,    -3.692143,     3.339133,    -0.006499,
  1674.400,    -4.474085,     3.147577,    -0.012708,
  1674.450,    -5.118219,     2.474950,    -0.004855,
  1674.500,    -5.399950,     1.639727,    -0.010131,
  1674.550,    -5.194431,     0.968594,    -0.011861,
  1674.600,    -4.396930,     0.576112,    -0.010394,
  1674.650,    -3.218055,     0.331323,    -0.009509,
  1674.700,    -1.856983,     0.255601,    -0.009096,
  1674.750,    -0.560743,     0.251998,    -0.008368,
  1674.800,     0.468938,     0.431632,    -0.009580,
  1674.850,     1.129780,     0.652575,    -0.006883,
  1674.900,     1.244441,     0.917843,    -0.005154,
  1674.950,     0.924810,     1.179706,    -0.011874,
  1675.000,     0.258304,     1.596654,    -0.015409,
  1675.050,    -0.540306,     2.116539,    -0.002465,
  1675.100,    -1.259365,     2.621316,    -0.004235,
  1675.150,    -1.718619,     2.884645,    -0.004659,
  1675.200,    -1.908225,     2.842668,    -0.002438,
  1675.250,    -1.837417,     2.499815,    -0.001320,
  1675.300,    -1.421293,     1.903486,    -0.001301,
  1675.350,    -0.810831,     1.192339,    -0.006550,
  1675.400,    -0.186091,     0.383384,     0.000826,
  1675.450,     0.390266,    -0.486416,     0.001401,
  1675.500,     0.891893,    -1.358856,    -0.000635,
  1675.550,     1.359882,    -2.050295,     0.001107,
  1675.600,     1.800642,    -2.544545,     0.000259,
  1675.650,     2.255926,    -2.818688,     0.001618,
  1675.700,     2.904172,    -2.911071,     0.001239,
  1675.750,     3.609926,    -2.789953,    -0.000735,
  1675.800,     4.119893,    -2.338151,     0.002016,
  1675.850,     4.350795,    -1.632665,     0.002155,
  1675.900,     4.381117,    -0.815731,     0.002147,
  1675.950,     4.237802,    -0.039722,    -0.000102,
  1676.000,     4.150266,     0.452451,    -0.000667,
  1676.050,     4.009081,     0.631833,    -0.000148,
  1676.100,     3.876084,     0.429057,    -0.005229,
  1676.150,     3.821448,     0.003875,     0.000938,
  1676.200,     3.799386,    -0.524078,    -0.000236,
  1676.250,     3.938069,    -0.917231,    -0.006144,
  1676.300,     4.216133,    -1.026849,    -0.002909,
  1676.350,     4.575821,    -0.739511,     0.001248,
  1676.400,     5.102773,     0.061564,     0.000431,
  1676.450,     5.698998,     1.136488,    -0.007086,
  1676.500,     6.104686,     2.296843,    -0.004908,
  1676.550,     6.100472,     3.266982,    -0.007579,
  1676.600,     5.525147,     3.877250,    -0.005779,
  1676.650,     4.417737,     4.110587,    -0.006886,
  1676.700,     2.959109,     4.057056,    -0.007705,
  1676.750,     1.292000,     3.970703,    -0.009190,
  1676.800,    -0.299744,     3.885809,    -0.008716,
  1676.850,    -1.602131,     3.751709,    -0.010963,
  1676.900,    -2.440555,     3.606453,    -0.005552,
  1676.950,    -2.855518,     3.419206,    -0.008979,
  1677.000,    -2.867462,     3.220927,    -0.010464,
  1677.050,    -2.491677,     2.897958,    -0.008371,
  1677.100,    -1.874027,     2.428987,    -0.005832,
  1677.150,    -1.192219,     1.723588,    -0.007817,
  1677.200,    -0.539936,     0.860726,    -0.006574,
  1677.250,    -0.091060,    -0.001927,    -0.006835,
  1677.300,     0.203816,    -0.804428,    -0.001106,
  1677.350,     0.431045,    -1.520904,    -0.002468,
  1677.400,     0.602330,    -2.226664,    -0.008564,
  1677.450,     0.774182,    -2.926704,    -0.003974,
  1677.500,     0.945327,    -3.610735,    -0.004032,
  1677.550,     1.055698,    -4.025894,    -0.004466,
  1677.600,     1.098696,    -4.085726,    -0.003182,
  1677.650,     1.019037,    -3.749417,    -0.007578,
  1677.700,     0.823571,    -3.089105,    -0.003439,
  1677.750,     0.515621,    -2.255187,    -0.002119,
  1677.800,     0.022341,    -1.326156,     0.000967,
  1677.850,    -0.607212,    -0.414525,     0.001229,
  1677.900,    -1.246485,     0.452047,     0.002304,
  1677.950,    -1.793161,     1.215503,     0.001126,
  1678.000,    -2.216300,     1.867822,     0.003212,
  1678.050,    -2.421398,     2.447132,     0.007433,
  1678.100,    -2.269000,     2.946269,     0.004026,
  1678.150,    -1.742071,     3.329762,     0.005308,
  1678.200,    -0.975944,     3.461490,     0.002754,
  1678.250,    -0.137617,     3.286942,    -0.002120,
  1678.300,     0.643060,     2.820437,     0.003644,
  1678.350,     1.179449,     2.110837,     0.002924,
  1678.400,     1.306220,     1.350681,     0.003915,
  1678.450,     0.946929,     0.545600,    -0.001146,
  1678.500,     0.200147,    -0.254601,    -0.001472,
  1678.550,    -0.721218,    -0.950069,    -0.003173,
  1678.600,    -1.488400,    -1.446930,    -0.006796,
  1678.650,    -1.919117,    -1.623106,    -0.005399,
  1678.700,    -2.036512,    -1.444168,    -0.006536,
  1678.750,    -1.752904,    -1.059323,    -0.005891,
  1678.800,    -1.213410,    -0.542013,    -0.006834,
  1678.850,    -0.434103,    -0.018378,    -0.005802,
  1678.900,     0.423281,     0.425745,    -0.007579,
  1678.950,     1.099971,     0.790540,    -0.005503,
  1679.000,     1.503197,     0.984693,    -0.003479,
  1679.050,     1.710366,     1.013227,    -0.007255,
  1679.100,     1.740571,     0.944345,    -0.011305,
  1679.150,     1.599728,     0.879909,    -0.014656,
  1679.200,     1.228184,     0.987428,    -0.013155,
  1679.250,     0.776948,     1.153498,    -0.011609,
  1679.300,     0.265982,     1.336168,    -0.008777,
  1679.350,    -0.204978,     1.444655,    -0.008174,
  1679.400,    -0.567469,     1.384619,    -0.006159,
  1679.450,    -0.867130,     1.276190,    -0.004718,
  1679.500,    -1.161153,     1.151998,    -0.008737,
  1679.550,    -1.458319,     1.036389,    -0.009428,
  1679.600,    -1.634297,     0.822260,    -0.009221,
  1679.650,    -1.704324,     0.489344,    -0.012542,
  1679.700,    -1.676001,     0.111605,    -0.007725,
  1679.750,    -1.563293,    -0.136383,    -0.008183,
  1679.800,    -1.439646,    -0.183329,    -0.004863,
  1679.850,    -1.224818,     0.089244,    -0.003958,
  1679.900,    -0.913042,     0.565430,     0.002272,
  1679.950,    -0.454113,     1.250601,    -0.004230,
  1680.000,    -0.045458,     2.055370,    -0.000592,
  1680.050,     0.231619,     2.926242,     0.003324,
  1680.100,     0.314763,     3.609281,     0.004252,
  1680.150,     0.192830,     3.957772,     0.002979,
  1680.200,    -0.053011,     3.925172,    -0.001322,
  1680.250,    -0.360424,     3.677354,     0.000688,
  1680.300,    -0.585859,     3.490739,     0.001593,
  1680.350,    -0.625511,     3.503816,     0.007106,
  1680.400,    -0.423322,     3.660714,     0.001057,
  1680.450,     0.079537,     3.784592,    -0.000805,
  1680.500,     0.781682,     3.824643,    -0.000136,
  1680.550,     1.496288,     3.731541,     0.004792,
  1680.600,     2.060104,     3.510038,     0.000558,
  1680.650,     2.425140,     2.993122,    -0.000746,
  1680.700,     2.561926,     2.112110,     0.002114,
  1680.750,     2.549265,     1.024903,     0.002772,
  1680.800,     2.533473,    -0.076396,    -0.002366,
  1680.850,     2.440029,    -0.928485,    -0.003092,
  1680.900,     2.306707,    -1.375108,     0.002369,
  1680.950,     2.149959,    -1.509035,     0.001379,
  1681.000,     1.955962,    -1.330337,    -0.004932,
  1681.050,     1.775162,    -0.869043,    -0.003629,
  1681.100,     1.590116,    -0.272924,    -0.003247,
  1681.150,     1.280301,     0.316817,    -0.001922,
  1681.200,     0.842767,     0.762311,    -0.006039,
  1681.250,     0.376018,     1.087771,    -0.011423,
  1681.300,    -0.128503,     1.309974,    -0.010363,
  1681.350,    -0.647039,     1.551823,    -0.008212,
  1681.400,    -1.184795,     1.865516,    -0.007130,
  1681.450,    -1.723750,     2.190166,    -0.008335,
  1681.500,    -2.263857,     2.495474,    -0.007799,
  1681.550,    -2.793291,     2.731245,    -0.007681,
  1681.600,    -3.159888,     2.832177,    -0.008850,
  1681.650,    -3.272592,     2.826116,    -0.007541,
  1681.700,    -3.038309,     2.733490,     0.000478,
  1681.750,    -2.527376,     2.577436,    -0.008297,
  1681.800,    -1.858888,     2.285596,    -0.007495,
  1681.850,    -1.158065,     1.884823,    -0.009385,
  1681.900,    -0.478721,     1.385372,    -0.008171,
  1681.950,     0.135488,     0.872870,    -0.013830,
  1682.000,     0.613423,     0.476956,    -0.013252,
  1682.050,     0.967148,     0.241674,    -0.004084,
  1682.100,     1.212184,     0.182498,    -0.004942,
  1682.150,     1.431142,     0.282745,    -0.004721,
  1682.200,     1.552099,     0.487860,    -0.004381,
  1682.250,     1.594004,     0.765049,    -0.003478,
  1682.300,     1.470738,     1.076061,    -0.000724,
  1682.350,     1.204836,     1.345877,    -0.001246,
  1682.400,     0.816982,     1.614656,    -0.000397,
  1682.450,     0.418374,     1.934996,    -0.003245,
  1682.500,    -0.006075,     2.317847,     0.003067,
  1682.550,    -0.410099,     2.571037,     0.000968,
  1682.600,    -0.802400,     2.715450,    -0.001316,
  1682.650,    -1.144527,     2.695597,    -0.002239,
  1682.700,    -1.312779,     2.511846,     0.007240,
  1682.750,    -1.336931,     2.259730,     0.006919,
  1682.800,    -1.231919,     1.937984,    -0.001774,
  1682.850,    -1.047423,     1.593883,     0.002919,
  1682.900,    -0.697276,     1.197974,    -0.000821,
  1682.950,    -0.290882,     0.856578,     0.000885,
  1683.000,     0.154647,     0.591795,     0.002081,
  1683.050,     0.563108,     0.388310,     0.007464,
  1683.100,     0.846579,     0.239085,     0.002702,
  1683.150,     0.938217,     0.154335,     0.001171,
  1683.200,     0.909478,     0.169285,     0.001698,
  1683.250,     0.829799,     0.348151,    -0.001682,
  1683.300,     0.765077,     0.705455,    -0.000536,
  1683.350,     0.684892,     1.189040,    -0.004053,
  1683.400,     0.645962,     1.704080,    -0.006001,
  1683.450,     0.596433,     2.117921,    -0.003660,
  1683.500,     0.563863,     2.352159,    -0.003320,
  1683.550,     0.551013,     2.378809,    -0.004833,
  1683.600,     0.584610,     2.300817,    -0.007629,
  1683.650,     0.565752,     2.207273,    -0.005504,
  1683.700,     0.420687,     2.084502,    -0.007881,
  1683.750,     0.212299,     1.861927,    -0.011478,
  1683.800,     0.073237,     1.496297,    -0.013702,
  1683.850,     0.052423,     0.958744,    -0.012698,
  1683.900,     0.233817,     0.295860,    -0.011734,
  1683.950,     0.604167,    -0.417423,    -0.014985,
  1684.000,     1.097676,    -1.076099,    -0.014912,
  1684.050,     1.694035,    -1.664791,    -0.011882,
  1684.100,     2.266882,    -1.881292,    -0.013747,
  1684.150,     2.636764,    -1.641991,    -0.009985,
  1684.200,     2.774697,    -0.908922,    -0.013105,
  1684.250,     2.615126,     0.057908,    -0.014077,
  1684.300,     2.317456,     1.052434,    -0.009914,
  1684.350,     2.000814,     1.909970,    -0.002830,
  1684.400,     1.786643,     2.528583,    -0.010742,
  1684.450,     1.608461,     2.910504,    -0.006779,
  1684.500,     1.471736,     3.039462,    -0.005453,
  1684.550,     1.334132,     2.959035,    -0.009900,
  1684.600,     1.205822,     2.770499,    -0.004301,
  1684.650,     1.089416,     2.537622,    -0.003229,
  1684.700,     0.926634,     2.230924,     0.000657,
  1684.750,     0.608193,     1.831384,     0.000697,
  1684.800,     0.181321,     1.285302,    -0.000357,
  1684.850,    -0.311484,     0.667263,     0.000757,
  1684.900,    -0.762029,     0.041377,     0.006440,
  1684.950,    -1.053669,    -0.428136,     0.002301,
  1685.000,    -1.165249,    -0.708761,    -0.003976,
  1685.050,    -1.172706,    -0.672982,     0.006783,
  1685.100,    -1.035523,    -0.345578,     0.004209,
  1685.150,    -0.747279,     0.219219,     0.006159,
  1685.200,    -0.430292,     0.930121,     0.007701,
  1685.250,    -0.092857,     1.662913,    -0.003664,
  1685.300,     0.216308,     2.336706,    -0.002557,
  1685.350,     0.480411,     2.790813,     0.001971,
  1685.400,     0.698757,     2.837893,     0.005712,
  1685.450,     0.873591,     2.526431,     0.002170,
  1685.500,     1.130061,     1.958973,    -0.000511,
  1685.550,     1.318040,     1.391149,    -0.002779,
  1685.600,     1.456053,     0.930255,    -0.004445,
  1685.650,     1.476836,     0.562372,    -0.003311,
  1685.700,     1.484553,     0.322827,     0.004077,
  1685.750,     1.482271,     0.155830,    -0.000712,
  1685.800,     1.437647,     0.091455,    -0.007290,
  1685.850,     1.376444,     0.074935,    -0.007028,
  1685.900,     1.215851,     0.001193,    -0.004595,
  1685.950,     1.002268,    -0.119799,    -0.005614,
  1686.000,     0.765182,    -0.162694,    -0.012041,
  1686.050,     0.544446,    -0.039735,    -0.011068,
  1686.100,     0.395294,     0.280877,    -0.008605,
  1686.150,     0.267441,     0.692554,    -0.015079,
  1686.200,     0.178362,     1.156741,    -0.015768,
  1686.250,     0.151918,     1.552242,    -0.014479,
  1686.300,     0.173943,     1.866623,    -0.013070,
  1686.350,     0.248093,     2.019688,    -0.018491,
  1686.400,     0.328044,     1.916365,    -0.015245,
  1686.450,     0.532495,     1.485783,    -0.018585,
  1686.500,     0.891898,     0.797933,    -0.013293,
  1686.550,     1.346555,     0.052865,    -0.011883,
  1686.600,     1.781970,    -0.647351,    -0.013378,
  1686.650,     2.088851,    -1.141138,    -0.011533,
  1686.700,     2.208656,    -1.368795,    -0.009916,
  1686.750,     2.115418,    -1.369090,    -0.010687,
  1686.800,     1.834776,    -1.112459,    -0.005791,
  1686.850,     1.431842,    -0.498849,    -0.007237,
  1686.900,     0.953845,     0.373076,    -0.003901,
  1686.950,     0.455512,     1.343611,    -0.006688,
  1687.000,     0.023541,     2.220433,    -0.005311,
  1687.050,    -0.300205,     2.790095,    -0.000482,
  1687.100,    -0.406564,     3.106945,     0.001851,
  1687.150,    -0.420039,     3.106982,     0.003210,
  1687.200,    -0.272020,     2.837052,     0.003610,
  1687.250,    -0.062024,     2.304517,     0.006381,
  1687.300,     0.254350,     1.643385,     0.004110,
  1687.350,     0.621439,     0.972145,     0.002699,
  1687.400,     1.010721,     0.364439,     0.005300,
  1687.450,     1.401699,    -0.127680,     0.006419,
  1687.500,     1.664512,    -0.449573,     0.004017,
  1687.550,     1.745355,    -0.711068,     0.009781,
  1687.600,     1.672372,    -0.992829,     0.016098,
  1687.650,     1.502843,    -1.319799,     0.010642,
  1687.700,     1.274918,    -1.571145,     0.006428,
  1687.750,     0.920195,    -1.542420,     0.004429,
  1687.800,     0.443530,    -1.101569,     0.008476,
  1687.850,    -0.131083,    -0.308003,     0.006547,
  1687.900,    -0.800603,     0.731242,     0.005554,
  1687.950,    -1.452172,     1.850057,     0.004402,
  1688.000,    -2.088098,     2.753399,     0.003186,
  1688.050,    -2.633750,     3.277598,     0.004237,
  1688.100,    -2.994789,     3.297298,     0.000364,
  1688.150,    -3.070947,     2.876221,    -0.002040,
  1688.200,    -2.772996,     2.170375,    -0.009323,
  1688.250,    -2.056415,     1.313024,    -0.008328,
  1688.300,    -1.072611,     0.451004,    -0.007787,
  1688.350,    -0.007456,    -0.335147,    -0.009269,
  1688.400,     0.955486,    -0.889231,    -0.012058,
  1688.450,     1.663008,    -1.064746,    -0.009122,
  1688.500,     2.068967,    -0.932000,    -0.013416,
  1688.550,     2.197482,    -0.535668,    -0.015175,
  1688.600,     2.090064,     0.061993,    -0.018701,
  1688.650,     1.850894,     0.744836,    -0.013278,
  1688.700,     1.530749,     1.357723,    -0.018207,
  1688.750,     1.235421,     1.764261,    -0.020203,
  1688.800,     0.974683,     1.791242,    -0.017510,
  1688.850,     0.690950,     1.478882,    -0.019956,
  1688.900,     0.345344,     0.900863,    -0.012418,
  1688.950,     0.082362,     0.198671,    -0.012445,
  1689.000,    -0.159849,    -0.468450,    -0.015593,
  1689.050,    -0.254457,    -0.949988,    -0.017849,
  1689.100,    -0.199827,    -1.127342,    -0.017382,
  1689.150,    -0.023382,    -0.955192,    -0.016049,
  1689.200,     0.233232,    -0.573804,    -0.012628,
  1689.250,     0.567256,    -0.082558,    -0.012826,
  1689.300,     0.947338,     0.400849,    -0.008390,
  1689.350,     1.301125,     0.783911,    -0.015265,
  1689.400,     1.547056,     0.997937,    -0.006761,
  1689.450,     1.579850,     1.060174,    -0.003609,
  1689.500,     1.332953,     1.013047,    -0.004338,
  1689.550,     0.949245,     0.894100,    -0.001977,
  1689.600,     0.511355,     0.862166,     0.000299,
  1689.650,     0.137107,     1.000874,     0.000588,
  1689.700,    -0.180432,     1.370165,     0.002887,
  1689.750,    -0.436141,     1.888734,     0.006570,
  1689.800,    -0.639315,     2.335326,     0.010812,
  1689.850,    -0.764377,     2.624466,     0.008031,
  1689.900,    -0.770994,     2.627302,     0.008502,
  1689.950,    -0.741473,     2.330004,     0.008987,
  1690.000,    -0.684507,     1.838481,     0.013960,
  1690.050,    -0.528473,     1.136360,     0.009520,
  1690.100,    -0.210414,     0.332646,     0.012422,
  1690.150,     0.242806,    -0.448915,     0.005342,
  1690.200,     0.711794,    -1.072448,     0.011633,
  1690.250,     1.114151,    -1.405867,     0.010931,
  1690.300,     1.417076,    -1.384308,     0.010227,
  1690.350,     1.497223,    -1.002613,     0.006374,
  1690.400,     1.376462,    -0.369327,     0.001373,
  1690.450,     1.067211,     0.414418,    -0.000365,
  1690.500,     0.631214,     1.264879,     0.003238,
  1690.550,     0.111454,     2.078002,    -0.003443,
  1690.600,    -0.395664,     2.690379,    -0.001720,
  1690.650,    -0.754319,     3.037519,    -0.001762,
  1690.700,    -0.911517,     3.023940,    -0.003132,
  1690.750,    -0.846067,     2.709839,    -0.003121,
  1690.800,    -0.617599,     2.242089,    -0.006507,
  1690.850,    -0.313816,     1.670260,    -0.007878,
  1690.900,     0.087565,     1.163267,    -0.011974,
  1690.950,     0.601062,     0.768299,    -0.011843,
  1691.000,     1.137816,     0.473777,    -0.016008,
  1691.050,     1.587217,     0.285832,    -0.018846,
  1691.100,     1.763155,     0.203289,    -0.014237,
  1691.150,     1.736291,     0.125032,    -0.016660,
  1691.200,     1.529842,     0.156049,    -0.020034,
  1691.250,     1.162457,     0.241990,    -0.017393,
  1691.300,     0.724001,     0.509349,    -0.017501,
  1691.350,     0.194419,     0.941554,    -0.014589,
  1691.400,    -0.323593,     1.529320,    -0.019756,
  1691.450,    -0.763108,     2.191168,    -0.018473,
  1691.500,    -1.098304,     2.827658,    -0.016889,
  1691.550,    -1.271593,     3.378861,    -0.013248,
  1691.600,    -1.346744,     3.692797,    -0.014304,
  1691.650,    -1.410135,     3.624742,    -0.017848,
  1691.700,    -1.522511,     3.149624,    -0.016525,
  1691.750,    -1.579557,     2.228937,    -0.011654,
  1691.800,    -1.439144,     1.063858,    -0.010373,
  1691.850,    -1.065506,    -0.152253,    -0.001220,
  1691.900,    -0.444225,    -1.174209,    -0.002693,
  1691.950,     0.290337,    -1.791788,    -0.005280,
  1692.000,     1.017884,    -1.923481,    -0.002179,
  1692.050,     1.578642,    -1.494760,    -0.000934,
  1692.100,     1.862313,    -0.672926,    -0.001553,
  1692.150,     1.775400,     0.363339,     0.000930,
  1692.200,     1.479267,     1.363359,     0.002688,
  1692.250,     1.030331,     2.160327,     0.004099,
  1692.300,     0.535747,     2.568445,     0.005811,
  1692.350,     0.118138,     2.533085,     0.003651,
  1692.400,    -0.211572,     2.142730,     0.009339,
  1692.450,    -0.411607,     1.538134,     0.008903,
  1692.500,    -0.408438,     0.980385,     0.008789,
  1692.550,    -0.265488,     0.587184,     0.007088,
  1692.600,    -0.040427,     0.442132,     0.011192,
  1692.650,     0.283403,     0.574560,     0.007098,
  1692.700,     0.630541,     0.747681,     0.007039,
  1692.750,     0.975276,     0.841796,     0.006941,
  1692.800,     1.185588,     0.932781,     0.005522,
  1692.850,     1.151712,     0.984177,     0.003743,
  1692.900,     0.885482,     1.003946,     0.003836,
  1692.950,     0.492635,     0.929122,    -0.000425,
  1693.000,    -0.020350,     0.783914,     0.004368,
  1693.050,    -0.498199,     0.672512,     0.003859,
  1693.100,    -0.880272,     0.662233,    -0.002717,
  1693.150,    -1.076653,     0.801518,    -0.005332,
  1693.200,    -1.075718,     1.125919,    -0.004093,
  1693.250,    -0.932889,     1.556513,    -0.006575,
  1693.300,    -0.689325,     1.945138,    -0.006169,
  1693.350,    -0.451562,     2.242532,    -0.004494,
  1693.400,    -0.286855,     2.400666,    -0.005172,
  1693.450,    -0.237155,     2.426737,    -0.009364,
  1693.500,    -0.246437,     2.266734,    -0.016201,
  1693.550,    -0.314548,     1.909553,    -0.012854,
  1693.600,    -0.314730,     1.422311,    -0.011509,
  1693.650,    -0.227614,     0.873087,    -0.012866,
  1693.700,     0.024860,     0.341281,    -0.021779,
  1693.750,     0.395284,    -0.081404,    -0.011329,
  1693.800,     0.857283,    -0.283392,    -0.011228,
  1693.850,     1.270971,    -0.165438,    -0.014923,
  1693.900,     1.524856,     0.235648,    -0.010037,
  1693.950,     1.622378,     0.712439,    -0.016051,
  1694.000,     1.439150,     1.100583,    -0.012872,
  1694.050,     1.146317,     1.220353,    -0.011796,
  1694.100,     0.699759,     1.020043,    -0.010852,
  1694.150,     0.225332,     0.663621,    -0.013591,
  1694.200,    -0.322085,     0.307127,    -0.010175,
  1694.250,    -0.782035,     0.061134,    -0.007945,
  1694.300,    -1.083802,     0.025835,    -0.007813,
  1694.350,    -1.181725,     0.154167,    -0.004871,
  1694.400,    -1.055129,     0.422037,    -0.010068,
  1694.450,    -0.725686,     0.740911,    -0.009471,
  1694.500,    -0.302225,     1.024193,    -0.005716,
  1694.550,     0.170112,     1.136833,    -0.005614,
  1694.600,     0.638788,     1.020943,     0.001801,
  1694.650,     1.029699,     0.736161,    -0.004255,
  1694.700,     1.285830,     0.438248,    -0.004860,
  1694.750,     1.339786,     0.248550,    -0.000186,
  1694.800,     1.223894,     0.179645,     0.000628,
  1694.850,     0.988107,     0.195447,     0.000371,
  1694.900,     0.731833,     0.282804,     0.003344,
  1694.950,     0.520793,     0.461654,     0.003855,
  1695.000,     0.303805,     0.742957,    -0.003106,
  1695.050,     0.146540,     1.025701,     0.005306,
  1695.100,     0.031379,     1.259097,     0.003466,
  1695.150,    -0.064082,     1.238673,    -0.000073,
  1695.200,    -0.109125,     0.976320,     0.002553,
  1695.250,    -0.144678,     0.506294,     0.002464,
  1695.300,    -0.096141,    -0.005801,    -0.008124,
  1695.350,     0.025381,    -0.496504,    -0.000370,
  1695.400,     0.269254,    -0.819703,     0.001976,
  1695.450,     0.640893,    -0.989628,     0.002600,
  1695.500,     1.031456,    -0.954995,     0.000639,
  1695.550,     1.378911,    -0.679936,    -0.001095,
  1695.600,     1.673376,    -0.241350,     0.002798,
  1695.650,     1.812995,     0.298546,     0.006320,
  1695.700,     1.734659,     0.761163,    -0.004678,
  1695.750,     1.454296,     1.142690,    -0.005361,
  1695.800,     0.965683,     1.287671,    -0.004081,
  1695.850,     0.338914,     1.216640,    -0.006537,
  1695.900,    -0.309752,     0.942684,    -0.002025,
  1695.950,    -0.796035,     0.518857,    -0.003413,
  1696.000,    -1.040024,     0.016242,    -0.003236,
  1696.050,    -1.034153,    -0.420836,    -0.003680,
  1696.100,    -0.740576,    -0.652076,    -0.005593,
  1696.150,    -0.268538,    -0.530327,    -0.009689,
  1696.200,     0.325281,    -0.100584,    -0.006989,
  1696.250,     0.915702,     0.537141,    -0.005838,
  1696.300,     1.361782,     1.170117,    -0.007251,
  1696.350,     1.596681,     1.612779,    -0.006639,
  1696.400,     1.589397,     1.746676,    -0.009963,
  1696.450,     1.314622,     1.612897,    -0.012670,
  1696.500,     0.907704,     1.228865,    -0.009570,
  1696.550,     0.508486,     0.726397,    -0.009520,
  1696.600,     0.201674,     0.259011,    -0.012047,
  1696.650,     0.071462,    -0.063428,    -0.009401,
  1696.700,     0.034987,    -0.152744,    -0.006630,
  1696.750,     0.053532,    -0.072411,    -0.012469,
  1696.800,     0.037683,     0.120159,    -0.009845,
  1696.850,     0.030077,     0.423928,    -0.005305,
  1696.900,     0.074126,     0.709750,    -0.008694,
  1696.950,     0.116560,     1.026023,    -0.008059,
  1697.000,     0.134953,     1.315422,    -0.010284,
  1697.050,     0.119203,     1.543624,    -0.009199,
  1697.100,     0.134945,     1.707006,    -0.002043,
  1697.150,     0.181670,     1.788889,    -0.002231,
  1697.200,     0.324223,     1.776160,    -0.007089,
  1697.250,     0.562667,     1.690371,    -0.007306,
  1697.300,     0.861970,     1.527791,    -0.006747,
  1697.350,     1.145116,     1.330025,    -0.002580,
  1697.400,     1.341204,     1.178847,    -0.001895,
  1697.450,     1.475580,     1.114457,    -0.003459,
  1697.500,     1.500542,     1.147654,    -0.002715,
  1697.550,     1.388421,     1.260431,    -0.007226,
  1697.600,     1.158869,     1.396614,    -0.008631,
  1697.650,     0.840582,     1.472952,    -0.002521,
  1697.700,     0.482617,     1.368465,    -0.006371,
  1697.750,     0.153831,     1.130898,    -0.002398,
  1697.800,    -0.154412,     0.844827,     0.001324,
  1697.850,    -0.309421,     0.674545,     0.001354,
  1697.900,    -0.300483,     0.771067,    -0.003819,
  1697.950,    -0.093102,     1.108862,     0.000363,
  1698.000,     0.244653,     1.613853,     0.003887,
  1698.050,     0.515259,     2.130295,     0.000053,
  1698.100,     0.633965,     2.564848,    -0.001683,
  1698.150,     0.567236,     2.775530,     0.005629,
  1698.200,     0.359251,     2.623393,     0.003991,
  1698.250,     0.163492,     2.157658,    -0.002509,
  1698.300,     0.044342,     1.523636,     0.000038,
  1698.350,     0.043725,     0.982200,    -0.001192,
  1698.400,     0.212376,     0.644066,    -0.002139,
  1698.450,     0.463136,     0.527354,    -0.004399,
  1698.500,     0.738122,     0.545730,    -0.001738,
  1698.550,     0.963514,     0.742787,     0.003541,
  1698.600,     1.065822,     0.995847,    -0.000804,
  1698.650,     0.958056,     1.265533,     0.001372,
  1698.700,     0.675020,     1.474968,    -0.001150,
  1698.750,     0.337655,     1.525778,    -0.004227,
  1698.800,     0.070077,     1.514488,    -0.002330,
  1698.850,    -0.131473,     1.456610,     0.000510,
  1698.900,    -0.227725,     1.369822,     0.000947,
  1698.950,    -0.242083,     1.291055,    -0.004646,
  1699.000,    -0.143770,     1.147038,    -0.008401,
  1699.050,     0.029870,     0.943440,    -0.005868,
  1699.100,     0.267296,     0.729823,    -0.006372,
  1699.150,     0.463635,     0.651807,    -0.006782,
  1699.200,     0.591447,     0.766728,    -0.010648,
  1699.250,     0.535306,     0.959094,    -0.006960,
  1699.300,     0.336615,     1.079285,    -0.004393,
  1699.350,     0.073363,     1.017662,     0.000377,
  1699.400,    -0.170266,     0.750040,    -0.002391,
  1699.450,    -0.406361,     0.296059,    -0.002555,
  1699.500,    -0.577161,    -0.227596,    -0.007925,
  1699.550,    -0.647903,    -0.738272,    -0.009903,
  1699.600,    -0.606051,    -1.066399,    -0.007880,
  1699.650,    -0.461170,    -1.086662,    -0.003412,
  1699.700,    -0.289357,    -0.732967,    -0.010601,
  1699.750,    -0.144470,    -0.047674,    -0.011444,
  1699.800,    -0.099350,     0.839081,    -0.012571,
  1699.850,    -0.151866,     1.752978,    -0.001768,
  1699.900,    -0.333973,     2.450384,    -0.004984,
  1699.950,    -0.598206,     2.840175,    -0.012174,
  1700.000,    -0.897959,     2.866925,    -0.011349,
  1700.050,    -1.159359,     2.536581,    -0.008044,
  1700.100,    -1.315309,     1.955277,    -0.005805,
  1700.150,    -1.190571,     1.258269,    -0.010457,
  1700.200,    -0.821082,     0.631063,    -0.008422,
  1700.250,    -0.241235,     0.214407,    -0.006758,
  1700.300,     0.430247,     0.035360,    -0.007328,
  1700.350,     1.084969,     0.106097,    -0.005370,
  1700.400,     1.492733,     0.356125,    -0.010653,
  1700.450,     1.653212,     0.698159,    -0.010583,
  1700.500,     1.526131,     1.100381,    -0.007997,
  1700.550,     1.228317,     1.486258,    -0.008954,
  1700.600,     0.834260,     1.795552,    -0.006430,
  1700.650,     0.444806,     1.998714,    -0.008722,
  1700.700,     0.149592,     2.124292,    -0.003989,
  1700.750,     0.007825,     2.223595,    -0.007726,
  1700.800,    -0.041450,     2.279434,    -0.004319,
  1700.850,    -0.000015,     2.212552,     0.000096,
  1700.900,     0.095928,     1.975957,    -0.003238,
  1700.950,     0.237443,     1.574126,     0.000599,
  1701.000,     0.418893,     1.078355,     0.001419,
  1701.050,     0.601367,     0.565921,     0.000420,
  1701.100,     0.792559,     0.105276,    -0.004648,
  1701.150,     0.921754,    -0.195628,    -0.006381,
  1701.200,     1.040135,    -0.379004,    -0.007595,
  1701.250,     1.083577,    -0.398505,     0.002090,
  1701.300,     1.071554,    -0.296935,     0.005031,
  1701.350,     0.960113,    -0.112662,     0.001582,
  1701.400,     0.765895,     0.193048,    -0.001987,
  1701.450,     0.559691,     0.542926,     0.000267,
  1701.500,     0.412425,     0.940374,     0.000039,
  1701.550,     0.338700,     1.319942,    -0.005592,
  1701.600,     0.349347,     1.636360,     0.001006,
  1701.650,     0.407119,     1.862691,     0.000483,
  1701.700,     0.479048,     1.914803,     0.002808,
  1701.750,     0.434321,     1.812830,    -0.003256,
  1701.800,     0.322787,     1.497084,     0.006274,
  1701.850,     0.189474,     1.093463,     0.001781,
  1701.900,     0.099464,     0.715838,     0.002028,
  1701.950,     0.177827,     0.412858,    -0.001166,
  1702.000,     0.464098,     0.207046,    -0.002672,
  1702.050,     0.904848,    -0.002225,     0.000516,
  1702.100,     1.336961,    -0.152308,    -0.002388,
  1702.150,     1.694489,    -0.196308,    -0.003709,
  1702.200,     1.878465,    -0.144487,    -0.004304,
  1702.250,     1.798324,    -0.024069,    -0.006869,
  1702.300,     1.466357,     0.188871,    -0.016464,
  1702.350,     0.968203,     0.432309,    -0.013594,
  1702.400,     0.498109,     0.746406,    -0.007064,
  1702.450,     0.117808,     1.113395,    -0.009339,
  1702.500,    -0.077197,     1.465388,    -0.005528,
  1702.550,    -0.119712,     1.738564,    -0.000294,
  1702.600,    -0.024942,     1.847772,    -0.004411,
  1702.650,     0.180340,     1.741479,    -0.010289,
  1702.700,     0.419668,     1.477008,    -0.013136,
  1702.750,     0.647602,     1.112401,    -0.012920,
  1702.800,     0.821233,     0.725569,    -0.013469,
  1702.850,     0.918275,     0.264683,    -0.008214,
  1702.900,     0.991627,    -0.083359,    -0.008471,
  1702.950,     0.998245,    -0.329628,    -0.005078,
  1703.000,     0.976750,    -0.467160,    -0.005974,
  1703.050,     0.847015,    -0.516775,    -0.010008,
  1703.100,     0.622490,    -0.552785,    -0.012095,
  1703.150,     0.381160,    -0.531802,    -0.011997,
  1703.200,     0.219837,    -0.392810,    -0.009394,
  1703.250,     0.130107,    -0.156744,    -0.009629,
  1703.300,     0.123108,     0.229008,    -0.003938,
  1703.350,     0.141710,     0.770950,     0.001149,
  1703.400,     0.071512,     1.354544,    -0.007877,
  1703.450,    -0.065660,     1.873694,    -0.007299,
  1703.500,    -0.305074,     2.146879,    -0.006635,
  1703.550,    -0.582070,     2.142156,    -0.001407,
  1703.600,    -0.884091,     1.924068,    -0.001846,
  1703.650,    -1.080318,     1.563748,     0.001132,
  1703.700,    -1.047075,     1.072622,    -0.002159,
  1703.750,    -0.740791,     0.518133,    -0.002366,
  1703.800,    -0.206842,     0.011478,    -0.002225,
  1703.850,     0.531268,    -0.299374,    -0.002124,
  1703.900,     1.258053,    -0.382060,     0.001737,
  1703.950,     1.796468,    -0.316831,     0.006755,
  1704.000,     2.046785,    -0.070874,    -0.000122,
  1704.050,     1.983422,     0.321376,    -0.005179,
  1704.100,     1.678128,     0.846238,    -0.007288,
  1704.150,     1.155115,     1.416767,     0.001520,
  1704.200,     0.556208,     1.969961,     0.004162,
  1704.250,     0.023145,     2.376415,     0.005585,
  1704.300,    -0.352461,     2.539956,    -0.001094,
  1704.350,    -0.489463,     2.443849,     0.000060,
  1704.400,    -0.448862,     2.187560,     0.002757,
  1704.450,    -0.240761,     1.799463,     0.003168,
  1704.500,     0.036972,     1.304165,     0.001907,
  1704.550,     0.370427,     0.827102,     0.001957,
  1704.600,     0.727399,     0.365469,     0.000824,
  1704.650,     1.002554,     0.092568,    -0.002030,
  1704.700,     1.157773,     0.001743,     0.000747,
  1704.750,     1.175858,     0.116562,     0.003114,
  1704.800,     1.164626,     0.365459,    -0.000792,
  1704.850,     1.094327,     0.687396,    -0.003153,
  1704.900,     0.928068,     1.080751,    -0.003473,
  1704.950,     0.652278,     1.547032,    -0.007430,
  1705.000,     0.366468,     2.028004,    -0.005976,
  1705.050,     0.038553,     2.429532,     0.000947,
  1705.100,    -0.259737,     2.701087,    -0.001479,
  1705.150,    -0.466350,     2.786637,    -0.002496,
  1705.200,    -0.545888,     2.728654,    -0.004307,
  1705.250,    -0.559055,     2.588807,    -0.004578,
  1705.300,    -0.496774,     2.410819,    -0.005211,
  1705.350,    -0.387659,     2.126121,    -0.009714,
  1705.400,    -0.262001,     1.815159,    -0.010499,
  1705.450,    -0.102669,     1.533803,    -0.015841,
  1705.500,     0.126020,     1.343352,    -0.012838,
  1705.550,     0.391035,     1.294895,    -0.004891,
  1705.600,     0.676765,     1.230120,    -0.015508,
  1705.650,     0.964752,     1.093479,    -0.009812,
  1705.700,     1.201309,     0.922447,    -0.008252,
  1705.750,     1.344226,     0.741133,    -0.008395,
  1705.800,     1.341047,     0.618669,    -0.015786,
  1705.850,     1.116482,     0.557503,    -0.013922,
  1705.900,     0.832325,     0.585135,    -0.007614,
  1705.950,     0.480274,     0.704118,    -0.007094,
  1706.000,     0.184754,     0.924126,    -0.006834,
  1706.050,    -0.051993,     1.228105,    -0.004309,
  1706.100,    -0.273243,     1.440186,    -0.001144,
  1706.150,    -0.457752,     1.537056,    -0.010389,
  1706.200,    -0.546726,     1.431115,    -0.010016,
  1706.250,    -0.490488,     1.193729,    -0.010160,
  1706.300,    -0.343501,     0.862866,    -0.005326,
  1706.350,    -0.130126,     0.475642,    -0.005937,
  1706.400,     0.154031,     0.149753,    -0.010687,
  1706.450,     0.447218,    -0.050592,    -0.002196,
  1706.500,     0.740428,    -0.147607,    -0.006202,
  1706.550,     1.047072,    -0.136650,    -0.006371,
  1706.600,     1.271181,    -0.023186,     0.000403,
  1706.650,     1.343296,     0.111666,     0.001065,
  1706.700,     1.230401,     0.334724,    -0.004122,
  1706.750,     0.979807,     0.646764,     0.001176,
  1706.800,     0.684530,     0.982969,     0.000760,
  1706.850,     0.353553,     1.270086,     0.004409,
  1706.900,     0.044581,     1.533274,     0.001501,
  1706.950,    -0.228575,     1.732812,     0.000140,
  1707.000,    -0.366986,     1.885977,     0.004345,
  1707.050,    -0.440959,     1.991964,     0.005041,
  1707.100,    -0.461999,     2.012803,     0.005575,
  1707.150,    -0.452690,     1.977728,     0.007658,
  1707.200,    -0.398738,     1.943583,     0.006047,
  1707.250,    -0.308862,     1.878060,     0.006016,
  1707.300,    -0.085240,     1.716188,     0.003433,
  1707.350,     0.227101,     1.452515,     0.002357,
  1707.400,     0.637994,     1.139832,     0.008130,
  1707.450,     1.088751,     0.851223,     0.002272,
  1707.500,     1.444739,     0.639538,     0.001704,
  1707.550,     1.635657,     0.604060,     0.004872,
  1707.600,     1.594062,     0.813209,     0.001263,
  1707.650,     1.375854,     1.263659,    -0.004349,
  1707.700,     0.997037,     1.836553,     0.000446,
  1707.750,     0.523122,     2.379872,    -0.001531,
  1707.800,     0.015930,     2.806634,     0.003503,
  1707.850,    -0.414720,     3.011721,    -0.001799,
  1707.900,    -0.665209,     2.980675,    -0.004408,
  1707.950,    -0.711237,     2.724464,    -0.006731,
  1708.000,    -0.561799,     2.294835,    -0.010289,
  1708.050,    -0.261576,     1.783803,    -0.013833,
  1708.100,     0.114238,     1.269205,    -0.011147,
  1708.150,     0.567363,     0.851650,    -0.014918,
  1708.200,     1.021792,     0.570834,    -0.012039,
  1708.250,     1.411174,     0.472253,    -0.011103,
  1708.300,     1.624676,     0.513279,    -0.012284,
  1708.350,     1.629080,     0.688256,    -0.018295,
  1708.400,     1.451320,     0.913415,    -0.017303,
  1708.450,     1.155014,     1.097041,    -0.013999,
  1708.500,     0.834541,     1.167100,    -0.012509,
  1708.550,     0.501658,     1.094580,    -0.013111,
  1708.600,     0.176115,     0.988459,    -0.008800,
  1708.650,    -0.083584,     0.890508,    -0.014286,
  1708.700,    -0.246692,     0.825239,    -0.010412,
  1708.750,    -0.300149,     0.834482,    -0.008199,
  1708.800,    -0.197027,     0.937989,    -0.009780,
  1708.850,    -0.011033,     1.132657,    -0.004447,
  1708.900,     0.200851,     1.381238,    -0.009704,
  1708.950,     0.462886,     1.550118,    -0.008622,
  1709.000,     0.757279,     1.592862,    -0.006891,
  1709.050,     1.070752,     1.496985,    -0.013182,
  1709.100,     1.375089,     1.364264,    -0.003918,
  1709.150,     1.586139,     1.220443,    -0.003415,
  1709.200,     1.696733,     1.113766,    -0.001746,
  1709.250,     1.701976,     1.030876,    -0.004562,
  1709.300,     1.640440,     0.993686,    -0.001432,
  1709.350,     1.528308,     1.015238,    -0.001381,
  1709.400,     1.340948,     1.048356,     0.002620,
  1709.450,     1.109027,     1.140385,    -0.001214,
  1709.500,     0.861019,     1.279681,     0.001614,
  1709.550,     0.637075,     1.419368,     0.000903,
  1709.600,     0.497130,     1.520826,    -0.000732,
  1709.650,     0.422096,     1.610550,     0.002880,
  1709.700,     0.293233,     1.662439,    -0.003142,
  1709.750,     0.161579,     1.703517,    -0.004838,
  1709.800,     0.072406,     1.703155,     0.000936,
  1709.850,     0.040721,     1.587031,     0.002190,
  1709.900,     0.107994,     1.316544,     0.008436,
  1709.950,     0.203683,     0.990432,     0.005186,
  1710.000,     0.315024,     0.662223,     0.002933,
  1710.050,     0.417635,     0.439506,    -0.000120,
  1710.100,     0.537316,     0.304805,     0.001442,
  1710.150,     0.621293,     0.298283,     0.004681,
  1710.200,     0.658922,     0.349277,     0.001578,
  1710.250,     0.589512,     0.399695,     0.001831,
  1710.300,     0.485909,     0.466908,    -0.001860,
  1710.350,     0.332769,     0.427609,    -0.004490,
  1710.400,     0.178658,     0.349779,    -0.000674,
  1710.450,     0.035101,     0.249391,    -0.001688,
  1710.500,    -0.102066,     0.267603,    -0.006808,
  1710.550,    -0.165111,     0.425202,    -0.003147,
  1710.600,    -0.218271,     0.670064,    -0.003596,
  1710.650,    -0.240730,     0.961431,    -0.008328,
  1710.700,    -0.219568,     1.192651,    -0.002836,
  1710.750,    -0.105362,     1.314931,    -0.005063,
  1710.800,     0.052897,     1.339182,    -0.006910,
  1710.850,     0.285572,     1.279172,    -0.010435,
  1710.900,     0.507255,     1.094842,    -0.010821,
  1710.950,     0.700793,     0.915425,    -0.007611,
  1711.000,     0.894398,     0.741791,    -0.008029,
  1711.050,     1.040227,     0.671570,    -0.009066,
  1711.100,     1.141173,     0.663055,    -0.012106,
  1711.150,     1.112307,     0.693004,    -0.008738,
  1711.200,     1.035284,     0.829999,    -0.007564,
  1711.250,     0.930159,     1.120037,    -0.008278,
  1711.300,     0.813649,     1.462619,    -0.008694,
  1711.350,     0.656653,     1.783571,    -0.006983,
  1711.400,     0.479890,     1.975077,    -0.011338,
  1711.450,     0.263352,     1.983953,    -0.003429,
  1711.500,     0.095534,     1.791444,    -0.013392,
  1711.550,    -0.002369,     1.416287,    -0.011171,
  1711.600,     0.018592,     0.902035,    -0.004819,
  1711.650,     0.178147,     0.412966,    -0.004303,
  1711.700,     0.433676,     0.053998,    -0.009833,
  1711.750,     0.761176,    -0.022020,    -0.005168,
  1711.800,     1.085134,     0.139481,    -0.002093,
  1711.850,     1.305038,     0.468412,    -0.008027,
  1711.900,     1.339521,     0.870126,    -0.005843,
  1711.950,     1.299093,     1.249804,    -0.003292,
  1712.000,     1.120828,     1.590034,    -0.003595,
  1712.050,     0.933634,     1.757380,    -0.004633,
  1712.100,     0.704039,     1.704202,    -0.004888,
  1712.150,     0.541892,     1.456662,    -0.003590,
  1712.200,     0.462365,     1.053388,    -0.011297,
  1712.250,     0.463118,     0.622955,    -0.003881,
  1712.300,     0.507470,     0.310986,    -0.004282,
  1712.350,     0.612570,     0.108602,    -0.002789,
  1712.400,     0.685444,     0.160012,    -0.000139,
  1712.450,     0.736357,     0.437557,    -0.000415,
  1712.500,     0.767049,     0.908591,    -0.005408,
  1712.550,     0.732196,     1.471358,     0.000501,
  1712.600,     0.617445,     1.942300,     0.001978,
  1712.650,     0.498624,     2.241039,     0.001716,
  1712.700,     0.427458,     2.315176,     0.004075,
  1712.750,     0.419872,     2.166940,     0.002970,
  1712.800,     0.432989,     1.869105,     0.001618,
  1712.850,     0.538537,     1.530207,     0.000431,
  1712.900,     0.669412,     1.262102,     0.001831,
  1712.950,     0.858485,     1.160561,    -0.000082,
  1713.000,     1.021881,     1.214127,     0.002512,
  1713.050,     1.099699,     1.422144,     0.003112,
  1713.100,     1.075766,     1.647660,     0.001917,
  1713.150,     0.971548,     1.855765,     0.004563,
  1713.200,     0.873379,     1.931107,     0.004718,
  1713.250,     0.765735,     1.816466,    -0.000120,
  1713.300,     0.650686,     1.621859,    -0.000621,
  1713.350,     0.569777,     1.351444,    -0.005086,
  1713.400,     0.529096,     1.063327,     0.002645,
  1713.450,     0.535394,     0.848513,    -0.004525,
  1713.500,     0.597988,     0.704341,     0.002342,
  1713.550,     0.674161,     0.688907,    -0.000180,
  1713.600,     0.786012,     0.819090,    -0.003188,
  1713.650,     0.827739,     1.103136,    -0.003445,
  1713.700,     0.844260,     1.409114,    -0.003786,
  1713.750,     0.811263,     1.692225,    -0.004598,
  1713.800,     0.809167,     1.811971,    -0.010816,
  1713.850,     0.804503,     1.754821,    -0.007717,
  1713.900,     0.779409,     1.591743,    -0.004238,
  1713.950,     0.726477,     1.231281,    -0.009063,
  1714.000,     0.593438,     0.797407,    -0.008015,
  1714.050,     0.462621,     0.365158,    -0.008115,
  1714.100,     0.331549,     0.034516,    -0.013545,
  1714.150,     0.213786,    -0.026658,    -0.006939,
  1714.200,     0.103700,     0.184675,    -0.007604,
  1714.250,     0.002018,     0.606210,    -0.014727,
  1714.300,    -0.085903,     1.089649,    -0.009833,
  1714.350,    -0.143962,     1.490815,    -0.012190,
  1714.400,    -0.188228,     1.707233,    -0.014895,
  1714.450,    -0.256061,     1.719465,    -0.014297,
  1714.500,    -0.272455,     1.513489,    -0.008985,
  1714.550,    -0.226745,     1.197705,    -0.007165,
  1714.600,    -0.125605,     0.856871,    -0.010894,
  1714.650,     0.093202,     0.634544,    -0.010426,
  1714.700,     0.293188,     0.617475,    -0.003909,
  1714.750,     0.442888,     0.725275,    -0.008877,
  1714.800,     0.521930,     0.924123,    -0.009032,
  1714.850,     0.548826,     1.106387,    -0.004163,
  1714.900,     0.483186,     1.103005,    -0.002302,
  1714.950,     0.330562,     0.913411,     0.004735,
  1715.000,     0.168927,     0.530180,     0.001106,
  1715.050,     0.010698,     0.134683,    -0.002541,
  1715.100,    -0.079827,    -0.269910,    -0.001318,
  1715.150,    -0.100429,    -0.557224,     0.001962,
  1715.200,    -0.056793,    -0.683033,     0.005682,
  1715.250,     0.044202,    -0.571705,     0.001453,
  1715.300,     0.186723,    -0.304670,     0.013494,
  1715.350,     0.417907,     0.078485,     0.008242,
  1715.400,     0.565650,     0.538393,     0.006821,
  1715.450,     0.660474,     1.028427,     0.004023,
  1715.500,     0.640037,     1.502242,     0.003251,
  1715.550,     0.496625,     1.844738,     0.009294,
  1715.600,     0.299584,     1.933996,     0.004500,
  1715.650,     0.108274,     1.728565,     0.007921,
  1715.700,    -0.063522,     1.229859,     0.007885,
  1715.750,    -0.101632,     0.540926,     0.004232,
  1715.800,     0.040421,    -0.165826,     0.002906,
  1715.850,     0.311888,    -0.740224,     0.000668,
  1715.900,     0.610143,    -1.057480,     0.000506,
  1715.950,     0.824495,    -1.035766,     0.002099,
  1716.000,     1.042436,    -0.629646,    -0.011039,
  1716.050,     1.127410,     0.073212,    -0.013474,
  1716.100,     1.085586,     0.854730,    -0.014446,
  1716.150,     0.922580,     1.581930,    -0.012779,
  1716.200,     0.701308,     2.064901,    -0.008708,
  1716.250,     0.411209,     2.253151,    -0.009251,
  1716.300,     0.174511,     2.119534,    -0.013547,
  1716.350,    -0.001773,     1.736978,    -0.016071,
  1716.400,    -0.069891,     1.250300,    -0.006060,
  1716.450,    -0.001187,     0.746373,    -0.005529,
  1716.500,     0.238037,     0.391037,    -0.019391,
  1716.550,     0.527535,     0.223613,    -0.003423,
  1716.600,     0.902567,     0.227837,    -0.012515,
  1716.650,     1.166669,     0.283777,    -0.015902,
  1716.700,     1.330172,     0.363875,    -0.007474,
  1716.750,     1.298641,     0.414411,    -0.011707,
  1716.800,     1.123801,     0.382238,    -0.013135,
  1716.850,     0.818033,     0.386000,    -0.007250,
  1716.900,     0.507513,     0.413724,    -0.009765,
  1716.950,     0.221319,     0.532464,    -0.005032,
  1717.000,     0.062159,     0.767610,    -0.000918,
  1717.050,     0.024286,     1.103108,    -0.006089,
  1717.100,     0.146604,     1.447134,     0.004735,
  1717.150,     0.324211,     1.758704,    -0.001900,
  1717.200,     0.504833,     1.913312,     0.000619,
  1717.250,     0.640913,     1.989301,     0.000904,
  1717.300,     0.624184,     1.956454,    -0.005342,
  1717.350,     0.552308,     1.767766,     0.012703,
  1717.400,     0.427121,     1.530295,     0.005574,
  1717.450,     0.320976,     1.168417,     0.002240,
  1717.500,     0.271838,     0.812636,     0.004802,
  1717.550,     0.211760,     0.407275,     0.006396,
  1717.600,     0.257787,     0.038021,     0.006925,
  1717.650,     0.333595,    -0.290806,     0.004546,
  1717.700,     0.447057,    -0.475594,     0.011718,
  1717.750,     0.596575,    -0.410213,     0.005640,
  1717.800,     0.640670,    -0.052088,    -0.001945,
  1717.850,     0.645829,     0.457475,    -0.005099,
  1717.900,     0.509425,     0.988306,    -0.000192,
  1717.950,     0.296637,     1.415740,    -0.006311,
  1718.000,     0.027272,     1.668179,    -0.006412,
  1718.050,    -0.305957,     1.705765,    -0.002585,
  1718.100,    -0.599386,     1.583977,    -0.006545,
  1718.150,    -0.781191,     1.329943,    -0.007384,
  1718.200,    -0.752581,     1.036802,    -0.008466,
  1718.250,    -0.530775,     0.768220,    -0.016163,
  1718.300,    -0.119209,     0.553401,    -0.005981,
  1718.350,     0.351559,     0.472896,    -0.019619,
  1718.400,     0.816631,     0.491900,    -0.010568,
  1718.450,     1.161266,     0.624468,    -0.008795,
  1718.500,     1.383956,     0.761028,    -0.013667,
  1718.550,     1.425586,     0.885877,    -0.011858,
  1718.600,     1.321344,     0.965360,    -0.013356,
  1718.650,     1.193191,     1.019752,    -0.008795,
  1718.700,     1.130704,     1.055398,    -0.010644,
  1718.750,     1.172315,     1.122704,    -0.009882,
  1718.800,     1.302646,     1.344286,    -0.003927,
  1718.850,     1.505368,     1.613377,    -0.010583,
  1718.900,     1.700285,     1.994283,    -0.003915,
  1718.950,     1.796249,     2.344918,    -0.009256,
  1719.000,     1.740320,     2.580013,    -0.002374,
  1719.050,     1.556829,     2.720220,    -0.002091,
  1719.100,     1.281673,     2.634843,    -0.002385,
  1719.150,     0.968051,     2.351094,    -0.000431,
  1719.200,     0.720439,     1.910511,     0.002426,
  1719.250,     0.582384,     1.332618,     0.003920,
  1719.300,     0.598250,     0.717710,     0.006475,
  1719.350,     0.672492,     0.149211,     0.001463,
  1719.400,     0.820648,    -0.231224,     0.005080,
  1719.450,     0.957236,    -0.365955,     0.003281,
  1719.500,     1.081748,    -0.252983,     0.000969,
  1719.550,     1.097846,     0.065889,     0.003589,
  1719.600,     1.059564,     0.584058,    -0.000160,
  1719.650,     0.927570,     1.177586,    -0.001023,
  1719.700,     0.591068,     1.803306,    -0.003473,
  1719.750,     0.134970,     2.287425,    -0.011579,
  1719.800,    -0.365966,     2.540220,    -0.003663,
  1719.850,    -0.847021,     2.506058,    -0.005638,
  1719.900,    -1.144287,     2.308830,    -0.006741,
  1719.950,    -1.254014,     1.970036,    -0.008917,
  1720.000,    -1.098787,     1.608460,    -0.009408,

